16:41:54 [main] StartupBreadcrumbs - STARTUP breadcrumb: 1 LOGGING_INITIALIZED +6ms
16:41:54 [main] StartupBreadcrumbs - STARTUP breadcrumb: 2 FIREBASE_INITIALIZED +6ms
16:41:54 [main] WalletApplication - STARTUP WalletApplication.onCreate()
16:41:54 [process-exit-reasons] ProcessExitReasons - PROCESS EXIT REASON: none recorded (fresh install, or the history was cleared)
16:41:54 [main] StartupBreadcrumbs - STARTUP breadcrumb: 3 CONFIG_LOADED +9ms
16:41:54 [main] StartupBreadcrumbs - STARTUP breadcrumb: 11 ONCREATE_COMPLETE +28ms
16:41:54 [main] WalletActivityTracker - activity lifecycle: app started
16:41:54 [main] WalletActivityTracker - activity lifecycle: activity OnboardingActivity created
16:41:54 [main] WalletActivityTracker - activity lifecycle: current: OnboardingActivity, activities: 1 visible: 0 foreground: 0
16:41:54 [main] AppForegroundMonitor - App moved to foreground
16:41:54 [main] WalletActivityTracker - activity lifecycle: current: OnboardingActivity, activities: 1 visible: 1 foreground: 0
16:41:54 [main] WalletActivityTracker - activity lifecycle: current: OnboardingActivity, activities: 1 visible: 1 foreground: 1
16:41:54 [DefaultDispatcher-worker-5] ExploreSyncWorker - sync explore db started
16:41:54 [DefaultDispatcher-worker-5] ExploreDataSyncStatus - sync explore data progress: 0.0
16:41:54 [DefaultDispatcher-worker-5] GCExploreDatabase - preloading explore db from assets /data/user/0/hashengineering.darkcoin.wallet_test/cache/explore.db, test database: true
16:41:54 [DefaultDispatcher-worker-5] GCExploreDatabase - preloading explore db from assets /data/user/0/hashengineering.darkcoin.wallet_test/cache/explore.db, test database: false
16:41:54 [DefaultDispatcher-worker-5] GCExploreDatabase - missing preloaded database explore/explore.db
16:41:54 [DefaultDispatcher-worker-5] ExploreSyncWorker - local data timestamp: 0 (Wed Dec 31 18:00:00 CST 1969)
16:41:54 [DefaultDispatcher-worker-1] GCExploreDatabase - error getting remote data timestamp
com.google.firebase.FirebaseException: An internal error has occurred. [ API key not valid. Please pass a valid API key. ]
	at com.google.android.gms.internal.firebase-auth-api.zzaag.zza(com.google.firebase:firebase-auth@@22.0.0:4)
	at com.google.android.gms.internal.firebase-auth-api.zzabf.zza(com.google.firebase:firebase-auth@@22.0.0:26)
	at com.google.android.gms.internal.firebase-auth-api.zzabg.zzl(com.google.firebase:firebase-auth@@22.0.0:1)
	at com.google.android.gms.internal.firebase-auth-api.zzabd.zzh(com.google.firebase:firebase-auth@@22.0.0:25)
	at com.google.android.gms.internal.firebase-auth-api.zzaae.zzh(com.google.firebase:firebase-auth@@22.0.0:1)
	at com.google.android.gms.internal.firebase-auth-api.zzyb.zza(com.google.firebase:firebase-auth@@22.0.0:2)
	at com.google.android.gms.internal.firebase-auth-api.zzabo.zzc(com.google.firebase:firebase-auth@@22.0.0:10)
	at com.google.android.gms.internal.firebase-auth-api.zzabo.zzb(com.google.firebase:firebase-auth@@22.0.0:14)
	at com.google.android.gms.internal.firebase-auth-api.zzaat.zzn(com.google.firebase:firebase-auth@@22.0.0:4)
	at com.google.android.gms.internal.firebase-auth-api.zzyh.zzz(com.google.firebase:firebase-auth@@22.0.0:2)
	at com.google.android.gms.internal.firebase-auth-api.zzaaf.zzv(com.google.firebase:firebase-auth@@22.0.0:2)
	at com.google.android.gms.internal.firebase-auth-api.zzzk.zzc(com.google.firebase:firebase-auth@@22.0.0:1)
	at com.google.android.gms.internal.firebase-auth-api.zzabh.run(com.google.firebase:firebase-auth@@22.0.0:1)
	at java.util.concurrent.ThreadPoolExecutor.runWorker(ThreadPoolExecutor.java:1145)
	at java.util.concurrent.ThreadPoolExecutor$Worker.run(ThreadPoolExecutor.java:644)
	at com.google.firebase.concurrent.CustomThreadFactory.lambda$newThread$0(CustomThreadFactory.java:47)
	at com.google.firebase.concurrent.CustomThreadFactory.$r8$lambda$XB8AY3Hcio74byWuTzgVEC3Hiek(CustomThreadFactory.java:0)
	at com.google.firebase.concurrent.CustomThreadFactory$$ExternalSyntheticLambda0.run(R8$$SyntheticClass:0)
	at java.lang.Thread.run(Thread.java:1012)
16:41:54 [DefaultDispatcher-worker-1] ExploreSyncWorker - remote data timestamp: -1 (Wed Dec 31 17:59:59 CST 1969)
16:41:54 [DefaultDispatcher-worker-1] ExploreSyncWorker - unable to delete /data/user/0/hashengineering.darkcoin.wallet_test/cache/explore.db
16:41:54 [DefaultDispatcher-worker-1] ExploreSyncWorker - explore db is up to date, nothing to sync
16:41:54 [DefaultDispatcher-worker-1] ExploreDataSyncStatus - sync explore data progress: 100.0
16:41:54 [DefaultDispatcher-worker-1] ExploreDatabase - Open database explore-database
16:41:55 [DefaultDispatcher-worker-1] ExploreSyncWorker - adding PiggyCards test merchants
16:41:55 [DefaultDispatcher-worker-7] ExploreSyncWorker - PiggyCards test merchant added successfully
16:42:13 [main] WalletActivityTracker - activity lifecycle: current: OnboardingActivity, activities: 1 visible: 1 foreground: 0
16:42:13 [main] WalletActivityTracker - activity lifecycle: activity SelectSecurityLevelActivity created
16:42:13 [main] WalletActivityTracker - activity lifecycle: current: SelectSecurityLevelActivity, activities: 2 visible: 1 foreground: 0
16:42:13 [main] WalletActivityTracker - activity lifecycle: current: SelectSecurityLevelActivity, activities: 2 visible: 2 foreground: 0
16:42:13 [main] WalletActivityTracker - activity lifecycle: current: SelectSecurityLevelActivity, activities: 2 visible: 2 foreground: 1
16:42:14 [main] WalletActivityTracker - activity lifecycle: current: OnboardingActivity, activities: 2 visible: 1 foreground: 1
16:42:32 [main] WalletActivityTracker - activity lifecycle: current: SelectSecurityLevelActivity, activities: 2 visible: 1 foreground: 0
16:42:32 [main] WalletActivityTracker - activity lifecycle: current: OnboardingActivity, activities: 2 visible: 2 foreground: 0
16:42:32 [DefaultDispatcher-worker-7] BLSJniLibrary - Initializing BLS JNI Library
16:42:32 [main] WalletActivityTracker - activity lifecycle: current: OnboardingActivity, activities: 2 visible: 2 foreground: 1
16:42:32 [DefaultDispatcher-worker-7] WalletApplication - === starting app using configuration: _testNet3, org.darkcoin.test
16:42:32 [DefaultDispatcher-worker-7] MnemonicCodeExt - BIP39 wordlist loaded from: 'bip39-wordlists/english.txt', took 1.357 ms
16:42:32 [DefaultDispatcher-worker-7] MnemonicCode - PBKDF2 took 7.607 ms
16:42:32 [DefaultDispatcher-worker-7] OnboardingViewModel - successfully created new wallet
16:42:32 [DefaultDispatcher-worker-1] BLSJniLibrary - Initializing BLS JNI Library
16:42:32 [DefaultDispatcher-worker-7] KeyChainGroup - Activating a new HD chain: DeterministicKeyChain{P2PKH, accountPath=[44H, 1H, 0H], lookaheadSize=100, lookaheadThreshold=33}
16:42:32 [DefaultDispatcher-worker-1] TxDisplayCacheService - rebuildWrappedList: 0 raw txs → 0 wrappers → 0 sorted | getTransactions=1ms wrapAll=5ms sort=0ms total=6ms
16:42:32 [DefaultDispatcher-worker-1] TxDisplayCacheService - updateDisplayCache: 0 rows in 4ms
16:42:32 [DefaultDispatcher-worker-1] TxDisplayCacheService - STARTUP rebuildWrappedList DONE (_transactionsLoaded=true) at 1789836152806
16:42:32 [DefaultDispatcher-worker-7] AnyKeyChainGroup - Activating a new HD chain: AuthenticationKeyChain{BLOCKCHAIN_IDENTITY, ECDSA, P2PKH, accountPath=[9H, 1H, 5H, 0H, 0H, 0H], lookaheadSize=0, lookaheadThreshold=0}
16:42:32 [DefaultDispatcher-worker-1] WalletObserver - observing transactions start de.schildbach.wallet.transactions.WalletObserver@e743b80
16:42:32 [DefaultDispatcher-worker-1] BLSJniLibrary - Initializing BLS JNI Library
16:42:32 [dashj user thread] BLSJniLibrary - Initializing BLS JNI Library
16:42:32 [DefaultDispatcher-worker-7] AnyKeyChainGroup - Activating a new HD chain: AuthenticationKeyChain{BLOCKCHAIN_IDENTITY_FUNDING, ECDSA, P2PKH, accountPath=[9H, 1H, 5H, 1H], lookaheadSize=5, lookaheadThreshold=5}
16:42:32 [main] WalletActivityTracker - activity lifecycle: current: SelectSecurityLevelActivity, activities: 2 visible: 1 foreground: 1
16:42:32 [main] WalletActivityTracker - activity lifecycle: activity SelectSecurityLevelActivity destroyed
16:42:32 [main] WalletActivityTracker - activity lifecycle: current: SelectSecurityLevelActivity, activities: 1 visible: 1 foreground: 1
16:42:32 [DefaultDispatcher-worker-7] AnyKeyChainGroup - Activating a new HD chain: AuthenticationKeyChain{MASTERNODE_OWNER, ECDSA, P2PKH, accountPath=[9H, 1H, 3H, 2H], lookaheadSize=5, lookaheadThreshold=5}
16:42:32 [DefaultDispatcher-worker-7] BLSJniLibrary - Initializing BLS JNI Library
16:42:32 [DefaultDispatcher-worker-7] AnyKeyChainGroup - Activating a new HD chain: AuthenticationKeyChain{MASTERNODE_OPERATOR, BLS, P2PKH, accountPath=[9H, 1H, 3H, 3H], lookaheadSize=5, lookaheadThreshold=5}
16:42:32 [DefaultDispatcher-worker-7] AnyKeyChainGroup - Activating a new HD chain: AuthenticationKeyChain{MASTERNODE_VOTING, ECDSA, P2PKH, accountPath=[9H, 1H, 3H, 1H], lookaheadSize=5, lookaheadThreshold=5}
16:42:32 [DefaultDispatcher-worker-7] AnyKeyChainGroup - Activating a new HD chain: AuthenticationKeyChain{BLOCKCHAIN_IDENTITY_TOPUP, ECDSA, P2PKH, accountPath=[9H, 1H, 5H, 2H], lookaheadSize=5, lookaheadThreshold=5}
16:42:32 [DefaultDispatcher-worker-7] AnyKeyChainGroup - Activating a new HD chain: AuthenticationKeyChain{INVITATION_FUNDING, ECDSA, P2PKH, accountPath=[9H, 1H, 5H, 3H], lookaheadSize=5, lookaheadThreshold=5}
16:42:32 [DefaultDispatcher-worker-7] AnyKeyChainGroup - Activating a new HD chain: AuthenticationKeyChain{MASTERNODE_PLATFORM_OPERATOR, EdDSA, P2PKH, accountPath=[9H, 1H, 3H, 4H], lookaheadSize=0, lookaheadThreshold=0}
16:42:32 [DefaultDispatcher-worker-7] AnyKeyChainGroup - Activating a new HD chain: AnyDeterministicKeyChain{ECDSA, P2PKH, accountPath=[9H, 1H, 4H, 0H], lookaheadSize=100, lookaheadThreshold=33}
16:42:32 [DefaultDispatcher-worker-2] CutoverCoordinator - cutover state DUAL_RUNNING -> CUT_OVER (fresh-wallet setup (restore/new))
16:42:32 [main] WalletActivityTracker - activity lifecycle: current: OnboardingActivity, activities: 1 visible: 1 foreground: 0
16:42:32 [main] WalletActivityTracker - activity lifecycle: activity SetPinActivity created
16:42:32 [main] WalletActivityTracker - activity lifecycle: current: SetPinActivity, activities: 2 visible: 1 foreground: 0
16:42:32 [main] SecurityGuard - loading security guard [healthy=true] with keys: [modern_encryption_migration_complete]
16:42:32 [main] SecurityGuard - loading security guard [healthy=true] with keys: [modern_encryption_migration_complete]
16:42:32 [main] WalletActivityTracker - activity lifecycle: current: SetPinActivity, activities: 2 visible: 2 foreground: 0
16:42:32 [main] WalletActivityTracker - activity lifecycle: current: SetPinActivity, activities: 2 visible: 2 foreground: 1
16:42:33 [main] WalletActivityTracker - activity lifecycle: current: OnboardingActivity, activities: 2 visible: 1 foreground: 1
16:43:35 [main] SecurityGuard - removing security keys
16:43:35 [main] ModernEncryptionProvider - deleting ui_pin_key
16:43:35 [main] ModernEncryptionProvider - deleting wallet_password_key
16:43:35 [main] SecurityGuard - Cleared DataStore backups
16:43:35 [main] ModernEncryptionProvider - key store does not have ui_pin_key, but has android.security.keystore2.AndroidKeyStoreSpi$KeyEntriesEnumerator@3a7baa, generating new key. Stack trace:
  at dalvik.system.VMStack.getThreadStackTrace(Native Method)
  at java.lang.Thread.getStackTrace(Thread.java:1841)
  at de.schildbach.wallet.security.ModernEncryptionProvider.getSecretKey(ModernEncryptionProvider.kt:175)
  at de.schildbach.wallet.security.ModernEncryptionProvider.encrypt(ModernEncryptionProvider.kt:79)
  at de.schildbach.wallet.security.DualFallbackEncryptionProvider.encrypt(DualFallbackEncryptionProvider.kt:85)
  at de.schildbach.wallet.security.SecurityGuard.validateKeyIntegrity(SecurityGuard.java:307)
  at de.schildbach.wallet.security.SecurityGuard.savePin(SecurityGuard.java:262)
  at de.schildbach.wallet.livedata.EncryptWalletLiveData.savePin(EncryptWalletLiveData.kt:106)
  at de.schildbach.wallet.ui.SetPinViewModel.savePinAndEncrypt(SetPinViewModel.kt:74)
  at de.schildbach.wallet.ui.SetPinViewModel.savePinAndEncrypt(SetPinViewModel.kt:65)
  at de.schildbach.wallet.ui.SetPinActivity$nextStep$submit$1.run(SetPinActivity.kt:289)
  at android.os.Handler.handleCallback(Handler.java:959)
  at android.os.Handler.dispatchMessage(Handler.java:100)
  at android.os.Looper.loopOnce(Looper.java:232)
  at android.os.Looper.loop(Looper.java:317)
  at android.app.ActivityThread.main(ActivityThread.java:8705)
  at java.lang.reflect.Method.invoke(Native Method)
  at com.android.internal.os.RuntimeInit$MethodAndArgsCaller.run(RuntimeInit.java:580)
  at com.android.internal.os.ZygoteInit.main(ZygoteInit.java:886)
16:43:35 [main] SecurityGuard - Notifying 1 health listeners of status change: HEALTHY
16:43:35 [main] SecurityGuard - Notifying 1 health listeners of status change: HEALTHY
16:43:35 [main] ModernEncryptionProvider - Decrypted data for alias: ui_pin_key
16:43:35 [main] SecurityGuard - Notifying 1 health listeners of status change: HEALTHY
16:43:35 [main] ModernEncryptionProvider - Decrypted data for alias: ui_pin_key
16:43:35 [main] MnemonicBasedKeyProvider - Derived key from mnemonic for alias: ui_pin_key
16:43:35 [main] SecurityGuard - Notifying 1 health listeners of status change: HEALTHY
16:43:35 [main] DualFallbackEncryptionProvider - Added mnemonic-fallback for ui_pin_key
16:43:35 [AsyncTask #1] BLSJniLibrary - Initializing BLS JNI Library
16:43:35 [AsyncTask #1] KeyCrypterScrypt - Deriving key took 136.9 ms for N=65536, r=8, p=1.
16:43:35 [AsyncTask #1] ModernEncryptionProvider - key store does not have wallet_password_key, but has android.security.keystore2.AndroidKeyStoreSpi$KeyEntriesEnumerator@1d6c96b, generating new key. Stack trace:
  at dalvik.system.VMStack.getThreadStackTrace(Native Method)
  at java.lang.Thread.getStackTrace(Thread.java:1841)
  at de.schildbach.wallet.security.ModernEncryptionProvider.getSecretKey(ModernEncryptionProvider.kt:175)
  at de.schildbach.wallet.security.ModernEncryptionProvider.encrypt(ModernEncryptionProvider.kt:79)
  at de.schildbach.wallet.security.DualFallbackEncryptionProvider.encrypt(DualFallbackEncryptionProvider.kt:85)
  at de.schildbach.wallet.security.SecurityGuard.validateKeyIntegrity(SecurityGuard.java:307)
  at de.schildbach.wallet.security.SecurityGuard.savePassword(SecurityGuard.java:204)
  at de.schildbach.wallet.livedata.EncryptWalletLiveData$EncryptWalletTask.doInBackground$lambda$0(EncryptWalletLiveData.kt:188)
  at de.schildbach.wallet.livedata.EncryptWalletLiveData$EncryptWalletTask.$r8$lambda$0CMI4LnZeajmC7OpxOq-bClhh3o(EncryptWalletLiveData.kt:0)
  at de.schildbach.wallet.livedata.EncryptWalletLiveData$EncryptWalletTask$$ExternalSyntheticLambda0.invoke(R8$$SyntheticClass:0)
  at de.schildbach.wallet.livedata.EncryptWalletLiveData$Companion.encryptAndSavePassword$wallet__testNet3Release(EncryptWalletLiveData.kt:58)
  at de.schildbach.wallet.livedata.EncryptWalletLiveData$EncryptWalletTask.doInBackground(EncryptWalletLiveData.kt:188)
  at de.schildbach.wallet.livedata.EncryptWalletLiveData$EncryptWalletTask.doInBackground(EncryptWalletLiveData.kt:172)
  at android.os.AsyncTask$3.call(AsyncTask.java:394)
  at java.util.concurrent.FutureTask.run(FutureTask.java:264)
  at android.os.AsyncTask$SerialExecutor$1.run(AsyncTask.java:305)
  at java.util.concurrent.ThreadPoolExecutor.runWorker(ThreadPoolExecutor.java:1145)
  at java.util.concurrent.ThreadPoolExecutor$Worker.run(ThreadPoolExecutor.java:644)
  at java.lang.Thread.run(Thread.java:1012)
16:43:35 [main] SecurityGuard - Notifying 1 health listeners of status change: HEALTHY
16:43:35 [AsyncTask #1] ModernEncryptionProvider - Decrypted data for alias: wallet_password_key
16:43:35 [AsyncTask #1] EncryptWalletLiveData - wallet successfully encrypted, using key derived by new spending password (65536 scrypt iterations)
16:43:35 [main] SecurityGuard - Notifying 1 health listeners of status change: HEALTHY
16:43:35 [main] CoinJoinExtension - CoinJoinExtension serialization: 0ms total (keys:0ms[8], cache:0ms[0], salt:0ms, io:0ms, size:1431bytes, buffer:64KB)
16:43:35 [main] WalletProtobufSerializer - walletToProto (serial=8) timing: 17ms total, init=0ms, tx=0ms[0], keys=1ms, scripts=0ms[0], metadata=0ms, ext=14ms, friendRecv=0ms, friendSend=0ms, build=0ms
16:43:35 [main] WalletProtobufSerializer - writeWallet timing: 18ms total (17ms/94% serialization, 1ms/5% I/O) buffer=8KB
16:43:35 [main] WalletApplication - wallet saved to: '/data/user/0/hashengineering.darkcoin.wallet_test/files/wallet-protobuf-testnet', took 27.29 ms
16:43:35 [main] CoinJoinExtension - CoinJoinExtension serialization: 0ms total (keys:0ms[8], cache:0ms[0], salt:0ms, io:0ms, size:1431bytes, buffer:64KB)
16:43:35 [main] WalletProtobufSerializer - walletToProto (serial=8) timing: 2ms total, init=0ms, tx=0ms[0], keys=0ms, scripts=0ms[0], metadata=0ms, ext=1ms, friendRecv=0ms, friendSend=0ms, build=0ms
16:43:35 [main] WalletApplication - wallet backed up to: 'key-backup-protobuf-testnet', took 7.861 ms
16:43:35 [main] StartupBreadcrumbs - STARTUP breadcrumb: 7 FINALIZE_INIT_BEGIN +101240ms
16:43:35 [main] SecurityGuard - loading security guard [healthy=true] with keys: [keystore_healthy, modern_encryption_migration_complete, primary_ui_pin_key, primary_wallet_password_key, fallback_mnemonic_ui_pin_key]
16:43:35 [main] SecurityGuard - loading security guard [healthy=true] with keys: [keystore_healthy, modern_encryption_migration_complete, primary_ui_pin_key, primary_wallet_password_key, fallback_mnemonic_ui_pin_key]
16:43:35 [main] ModernEncryptionProvider - Decrypted data for alias: wallet_password_key
16:43:35 [main] KeyCrypterScrypt - Deriving key took 126.0 ms for N=65536, r=8, p=1.
16:43:35 [main] ModernEncryptionProvider - Decrypted data for alias: wallet_password_key
16:43:36 [main] MnemonicBasedKeyProvider - Derived key from mnemonic for alias: wallet_password_key
16:43:36 [main] SecurityGuard - Notifying 1 health listeners of status change: HEALTHY
16:43:36 [main] DualFallbackEncryptionProvider - Added mnemonic-fallback for wallet_password_key
16:43:36 [main] SecurityGuard - Mnemonic-based fallbacks ensured for PIN and wallet password
16:43:36 [main] WalletApplication - Mnemonic-based fallbacks ensured
16:43:36 [main] ModernEncryptionProvider - Decrypted data for alias: ui_pin_key
16:43:36 [main] ModernEncryptionProvider - Decrypted data for alias: wallet_password_key
16:43:36 [main] SecurityGuard - Notifying 1 health listeners of status change: HEALTHY_WITH_FALLBACKS
16:43:36 [main] DualFallbackEncryptionProvider - Added PIN-fallback for wallet_password_key
16:43:36 [main] SecurityGuard - PIN-based fallback ensured for wallet password
16:43:36 [main] WalletApplication - PIN-based fallback added successfully
16:43:36 [main] WalletApplication - STARTUP finalizeInit: securityGuard done in 301ms
16:43:36 [main] WalletApplication - STARTUP finalizeInit: initDash done in 24ms
16:43:36 [main] StartupBreadcrumbs - STARTUP breadcrumb: 8 INIT_DASH_DONE +101565ms
16:43:36 [main] Configuration - detected app upgrade: 0 -> 12000000
16:43:36 [main] WalletApplication - STARTUP finalizeInit: afterLoadWallet done in 2ms
16:43:36 [main] StartupBreadcrumbs - STARTUP breadcrumb: 9 AFTER_LOAD_WALLET_DONE +101567ms
16:43:36 [main] StartupBreadcrumbs - STARTUP breadcrumb: 20 SDK_BIND_KICKED +101569ms
16:43:36 [DefaultDispatcher-worker-5] BlockchainIdentityData - creation: BlockchainIdentityData(NONE, null, null, null, null, null)
16:43:36 [main] PlatformSynchronizationService - Starting the platform sync job
16:43:36 [main] StartupBreadcrumbs - STARTUP breadcrumb: 10 PLATFORM_INIT_KICKED +101570ms
16:43:36 [main] WalletApplication - STARTUP finalizeInit: initPlatform+channels done in 3ms
16:43:36 [DefaultDispatcher-worker-3] SecurityGuard - loading security guard [healthy=true] with keys: [keystore_healthy, fallback_pin_wallet_password_key, primary_ui_pin_key, modern_encryption_migration_complete, fallback_mnemonic_wallet_password_key, primary_wallet_password_key, fallback_mnemonic_ui_pin_key]
16:43:36 [DefaultDispatcher-worker-3] ModernEncryptionProvider - Decrypted data for alias: wallet_password_key
16:43:36 [main] WalletApplication - STARTUP finalizeInit: integrations done in 65ms
16:43:36 [main] WalletActivityTracker - activity lifecycle: current: SetPinActivity, activities: 2 visible: 1 foreground: 0
16:43:36 [main] WalletActivityTracker - activity lifecycle: activity OnboardingActivity destroyed
16:43:36 [main] WalletActivityTracker - activity lifecycle: current: SetPinActivity, activities: 1 visible: 1 foreground: 0
16:43:36 [main] WalletActivityTracker - activity lifecycle: activity VerifySeedActivity created
16:43:36 [main] WalletActivityTracker - activity lifecycle: current: VerifySeedActivity, activities: 2 visible: 1 foreground: 0
16:43:36 [main] SecurityGuard - loading security guard [healthy=true] with keys: [keystore_healthy, fallback_pin_wallet_password_key, primary_ui_pin_key, modern_encryption_migration_complete, fallback_mnemonic_wallet_password_key, primary_wallet_password_key, fallback_mnemonic_ui_pin_key]
16:43:36 [main] SecurityGuard - loading security guard [healthy=true] with keys: [keystore_healthy, fallback_pin_wallet_password_key, primary_ui_pin_key, modern_encryption_migration_complete, fallback_mnemonic_wallet_password_key, primary_wallet_password_key, fallback_mnemonic_ui_pin_key]
16:43:36 [main] WalletActivityTracker - activity lifecycle: current: VerifySeedActivity, activities: 2 visible: 2 foreground: 0
16:43:36 [main] WalletActivityTracker - activity lifecycle: current: VerifySeedActivity, activities: 2 visible: 2 foreground: 1
16:43:36 [DefaultDispatcher-worker-3] KeyCrypterScrypt - Deriving key took 187.2 ms for N=65536, r=8, p=1.
16:43:36 [DefaultDispatcher-worker-3] DashSdkServiceImpl - bootstrapping Dash Platform SDK for network=testnet (flavor=_testNet3)
16:43:36 [DefaultDispatcher-worker-3] DashSdkServiceImpl - SDK tracing file logging (INFO) at /data/user/0/hashengineering.darkcoin.wallet_test/files/sdk-logs/platform_wallet/run.log: NOT installed (subscriber already set or dir unwritable)
16:43:36 [main] WalletActivityTracker - activity lifecycle: current: SetPinActivity, activities: 2 visible: 1 foreground: 1
16:43:36 [main] WalletActivityTracker - activity lifecycle: activity SetPinActivity destroyed
16:43:36 [main] WalletActivityTracker - activity lifecycle: current: SetPinActivity, activities: 1 visible: 1 foreground: 1
16:43:36 [DefaultDispatcher-worker-1] DashSdkServiceImpl - Dash Platform SDK started: version=4.2.0-dev.8, restored 0 wallet(s)
16:43:36 [DefaultDispatcher-worker-1] CheckpointManager - Read 2440 checkpoints up to time 2026-01-20T11:13:46Z, hash is 64631969817a1892a432d246a7c17a63d5c57d76d2ddf0404b48486637fe32a0
16:43:36 [DefaultDispatcher-worker-1] BirthHeightResolver - resolved birth time 1789836152 to SDK birth height 1401408 (checkpoint height 1405440, margin 4032 blocks)
16:43:36 [DefaultDispatcher-worker-1] DashSdkServiceImpl - app wallet bound to new SDK wallet 5dd689f3… (birthHeight=1401408 via checkpoint mapping; 0 = full scan from genesis)
16:43:36 [DefaultDispatcher-worker-1] DashSdkServiceImpl - widenAddressWindows: BIP44 account 0 gap -> 1000 on 5dd689f3…
16:43:36 [DefaultDispatcher-worker-1] DashSdkServiceImpl - widenAddressWindows: BIP32 account 0 gap -> 1000 on 5dd689f3…
16:43:36 [DefaultDispatcher-worker-1] DashSdkServiceImpl - widenAddressWindows: COIN_JOIN account 0 gap -> 1000 on 5dd689f3…
16:43:36 [DefaultDispatcher-worker-1] CheckpointManager - Read 2440 checkpoints up to time 2026-01-20T11:13:46Z, hash is 64631969817a1892a432d246a7c17a63d5c57d76d2ddf0404b48486637fe32a0
16:43:36 [DefaultDispatcher-worker-1] BirthHeightResolver - resolved birth time 1789836152 to SDK birth height 1401408 (checkpoint height 1405440, margin 4032 blocks)
16:43:36 [DefaultDispatcher-worker-6] DashSdkServiceImpl - armSpvRescan: filter watermark rewind to 1401408 armed on 5dd689f3…
16:43:36 [DefaultDispatcher-worker-1] SdkWalletBinder - address-window heal v2 applied on 5dd689f3…: gaps widened, backfill coverage invalidated — next gate pass rewinds with the widened script set
16:43:36 [DefaultDispatcher-worker-1] SdkWalletBinder - SDK wallet bound; identity not yet registered — discovery deferred
16:43:36 [DefaultDispatcher-worker-1] PlatformSynchronizationService - SDK L1 engine not started from Application init — it starts from the foreground blockchain service (resume())
16:43:36 [DefaultDispatcher-worker-3] SdkBindRetryService - SDK bind established — clearing the pending state (no blocker recorded in this process)
16:43:36 [DefaultDispatcher-worker-2] CutoverUiDataService - cutover committed — serving home-screen data from the SDK
16:43:36 [DefaultDispatcher-worker-2] CutoverUiDataService - cutover UI active but the engine wallet-event tap is not running (USE_KOTLIN_SDK_L1_SHADOW off, or L1ShadowSyncService not started) — instant receives degrade to the Room-snapshot/block cadence
16:43:36 [DefaultDispatcher-worker-1] StartupBreadcrumbs - STARTUP breadcrumb: 23 CUTOVER_SERVICES_STARTED +102257ms
16:43:36 [DefaultDispatcher-worker-5] SdkBlockchainStateService - cutover committed — deriving BlockchainState from the SDK SPV feed
16:43:36 [DefaultDispatcher-worker-7] CutoverTxSeamService - cutover committed — priming the SDK seam tx feed
16:43:36 [DefaultDispatcher-worker-5] CutoverUiDataService - SDK balance published: 0 duffs (was none) | l1Synced=false rescanArmedHold=true dashPayBackfill(armed=false,replaying=false) deferredContactBuilds=0 (unchangedReads=1) persistedAsLastKnown=false lastKnown=none
16:43:36 [DefaultDispatcher-worker-8] CutoverTxSeamService - seam tx feed primed (0 recent records, 0 in the priming window); serving seam tx reads from the SDK store
16:43:36 [DefaultDispatcher-worker-8] TxDisplayCacheService - Sync complete (cutoverCommitted=true): SDK=0 records | dashj wallet=0 txs | group cache=0 txs/0 groups | display=0 rows — cache is complete (SDK holds 0 records, display has 0 rows)
16:43:36 [DefaultDispatcher-worker-1] ShieldedBalanceServiceImpl - shielded runtime ready on SDK wallet 5dd689f3… (account 0, sync loop running)
16:43:53 [main] WalletActivityTracker - activity lifecycle: current: VerifySeedActivity, activities: 1 visible: 1 foreground: 0
16:43:53 [main] WalletActivityTracker - activity lifecycle: activity MainActivity created
16:43:53 [main] WalletActivityTracker - activity lifecycle: current: MainActivity, activities: 2 visible: 1 foreground: 0
16:43:53 [main] SecurityGuard - loading security guard [healthy=true] with keys: [keystore_healthy, fallback_pin_wallet_password_key, primary_ui_pin_key, modern_encryption_migration_complete, fallback_mnemonic_wallet_password_key, primary_wallet_password_key, fallback_mnemonic_ui_pin_key]
16:43:53 [main] SecurityGuard - loading security guard [healthy=true] with keys: [keystore_healthy, fallback_pin_wallet_password_key, primary_ui_pin_key, modern_encryption_migration_complete, fallback_mnemonic_wallet_password_key, primary_wallet_password_key, fallback_mnemonic_ui_pin_key]
16:43:53 [main] ModernEncryptionProvider - Decrypted data for alias: wallet_password_key
16:43:53 [main] ModernEncryptionProvider - Decrypted data for alias: ui_pin_key
16:43:53 [main] DashPaymentIntentParser - network parameters = org.darkcoin.test
16:43:53 [main] DashPaymentIntentParser - network parameters = org.darkcoin.test
16:43:53 [main] MainViewModel - STARTUP MainViewModel init at 1789836233938
16:43:53 [DefaultDispatcher-worker-5] MainViewModel - blockchain state update: mnlist=0; chain=0; wallet=0
16:43:53 [main] StartupBreadcrumbs - STARTUP breadcrumb: 12 MAIN_UI_SHOWN +119374ms
16:43:53 [main] Configuration - just being used - last used 29830603 minutes ago
16:43:53 [DefaultDispatcher-worker-1] DapiClient - getDocuments(contractId=GWRSAVFMjXx8HpQFaNJMqBV7MBgMK4br5UESsB4S31Ec, type=domain, {limit=5, where=[]})
16:43:53 [DefaultDispatcher-worker-10] DapiClient - getDocuments(contractId=GWRSAVFMjXx8HpQFaNJMqBV7MBgMK4br5UESsB4S31Ec, type=domain, {limit=5, where=[]})
16:43:53 [main] WalletActivityTracker - activity lifecycle: current: MainActivity, activities: 2 visible: 2 foreground: 0
16:43:53 [DefaultDispatcher-worker-3] DapiClient - getDocuments(contractId=GWRSAVFMjXx8HpQFaNJMqBV7MBgMK4br5UESsB4S31Ec, type=domain, {limit=5, where=[]})
16:43:53 [DefaultDispatcher-worker-6] CrowdNodeApiAggregator - restoring CrowdNode status
16:43:53 [DefaultDispatcher-worker-6] BLSJniLibrary - Initializing BLS JNI Library
16:43:53 [main] WalletTransactionsFragment - STARTUP WalletTransactionsFragment.onViewCreated at 1789836233963
16:43:53 [main] HistoryHeaderAdapter - set invite, synced = false
16:43:53 [DefaultDispatcher-worker-9] BLSJniLibrary - Initializing BLS JNI Library
16:43:53 [main] HistoryHeaderAdapter - set invite = null
16:43:53 [main] HistoryHeaderAdapter - set invite, synced = false
16:43:53 [main] SecurityGuard - loading security guard [healthy=true] with keys: [keystore_healthy, fallback_pin_wallet_password_key, primary_ui_pin_key, modern_encryption_migration_complete, fallback_mnemonic_wallet_password_key, primary_wallet_password_key, fallback_mnemonic_ui_pin_key]
16:43:53 [main] SecurityGuard - loading security guard [healthy=true] with keys: [keystore_healthy, fallback_pin_wallet_password_key, primary_ui_pin_key, modern_encryption_migration_complete, fallback_mnemonic_wallet_password_key, primary_wallet_password_key, fallback_mnemonic_ui_pin_key]
16:43:53 [main] LockScreenActivity - show lock screen false = ![keepUnlocked=false] && autologout=true && (keepUnlockedUntilPenEntered=false || shouldLogout=false) || isHealthy=true
16:43:53 [main] MainActivity - updateTrigger => rateStale: RateRetrievalState(lastAttemptFailed=false, staleRates=false, volatile=false)
16:43:53 [main] WalletActivityTracker - activity lifecycle: current: MainActivity, activities: 2 visible: 2 foreground: 1
16:43:53 [main] BlockchainIdentityData - creation: BlockchainIdentityData(NONE, null, null, null, null, null)
16:43:54 [main] BlockchainIdentityData - creation: BlockchainIdentityData(NONE, null, null, null, null, null)
16:43:54 [main] BlockchainServiceImpl - .onCreate()
16:43:54 [main] DashPaymentIntentParser - network parameters = org.darkcoin.test
16:43:54 [main] BlockchainServiceImpl - start foreground service
16:43:54 [main] BlockchainServiceImpl - .onStartCommand(Intent { cmp=hashengineering.darkcoin.wallet_test/de.schildbach.wallet.service.BlockchainServiceImpl })
16:43:54 [DefaultDispatcher-worker-5] BlockchainServiceImpl - onCreate() serviceScope waiting for cleanup null
16:43:54 [main] WalletTransactionsFragment - STARTUP submitData called on thread=main at 1789836234121
16:43:54 [DefaultDispatcher-worker-9] BlockchainServiceImpl - onStartCommand waiting for onCreate to complete...
16:43:54 [main] WalletActivityTracker - activity lifecycle: current: MainActivity, activities: 2 visible: 2 foreground: 0
16:43:54 [DefaultDispatcher-worker-5] BLSJniLibrary - Initializing BLS JNI Library
16:43:54 [DefaultDispatcher-worker-5] BlockchainServiceImpl - Phase 5d cutover gate: dashjEngineMayStart=false (coordinatorAllowsDashj=false, dashjHeldByCutover=true, dashjSyncDiagnostic=false)
16:43:54 [DefaultDispatcher-worker-5] BlockchainServiceImpl - cannot load the bootstrap stream: mnlistdiff-testnet.dat
16:43:54 [DefaultDispatcher-worker-5] BlockchainServiceImpl - cannot load the bootstrap stream: qrinfo-testnet.dat
16:43:54 [DefaultDispatcher-worker-5] BLSJniLibrary - Initializing BLS JNI Library
16:43:54 [DefaultDispatcher-worker-5] BlockchainServiceImpl - blockchain does not exist, resetting wallet
16:43:54 [DefaultDispatcher-worker-5] AbstractQuorumState - resetting masternode list; force: true, requestFreshList: false
16:43:54 [DefaultDispatcher-worker-5] AbstractQuorumState - resetting masternode list; force: true, requestFreshList: false
16:43:54 [DefaultDispatcher-worker-9] BLSJniLibrary - Initializing BLS JNI Library
16:43:54 [main] DeviceInfoProvider - Detecting currency based on device, mobile network or locale:
16:43:54 [main] DeviceInfoProvider - Device Sim Country: us
16:43:54 [main] MainViewModel - Updating currency exchange rate based on country: US
16:43:54 [main] BlockchainServiceImpl - .onStartCommand(Intent { act=de.schildbach.wallet.service.cancel_coins_received cmp=hashengineering.darkcoin.wallet_test/de.schildbach.wallet.service.BlockchainServiceImpl })
16:43:54 [DefaultDispatcher-worker-5] SPVBlockStore - Creating new SPV block chain file /data/user/0/hashengineering.darkcoin.wallet_test/app_blockstore/blockchain-testnet
16:43:54 [DefaultDispatcher-worker-2] BlockchainServiceImpl - onStartCommand waiting for onCreate to complete...
16:43:54 [DefaultDispatcher-worker-5] SPVBlockStore - Creating new SPV block chain file /data/user/0/hashengineering.darkcoin.wallet_test/app_blockstore/headers-testnet
16:43:54 [DefaultDispatcher-worker-5] BlockchainServiceImpl - verifying backupBlockStore
16:43:54 [DefaultDispatcher-worker-5] BlockchainServiceImpl - verifying headerStore
16:43:54 [Wallet autosave thread] BLSJniLibrary - Initializing BLS JNI Library
16:43:54 [main] MainViewModel - platform available: false; no identity creation is progress: true
16:43:54 [main] MainViewModel - Using default Country: US
16:43:54 [main] MainViewModel - Using default currency: USD
16:43:54 [DefaultDispatcher-worker-11] Constants - --> GET https://rates.ctx.com/rates?source=ctx
16:43:54 [pool-48-thread-1] BlockchainServiceImpl - verify blockstore: 188.9 μs, 0 loaded
16:43:54 [DefaultDispatcher-worker-5] BlockchainServiceImpl - verifying blockStore
16:43:54 [pool-48-thread-1] BlockchainServiceImpl - verify blockstore: 176.8 μs, 0 loaded
16:43:54 [DefaultDispatcher-worker-5] BlockchainServiceImpl - blockstore files verified: true, true
16:43:54 [DefaultDispatcher-worker-5] CheckpointManager - Attempting to initialize a new block store with a checkpoint for time 1789231352 (2026-09-12T16:42:32Z)
16:43:54 [DefaultDispatcher-worker-5] CheckpointManager - Read 2440 checkpoints up to time 2026-01-20T11:13:46Z, hash is 64631969817a1892a432d246a7c17a63d5c57d76d2ddf0404b48486637fe32a0
16:43:54 [DefaultDispatcher-worker-5] CheckpointManager - Attempting to initialize a new block store with a checkpoint for time 1789231434 (2026-09-12T16:43:54Z)
16:43:54 [main] WalletActivityTracker - activity lifecycle: current: VerifySeedActivity, activities: 2 visible: 1 foreground: 0
16:43:54 [main] WalletActivityTracker - activity lifecycle: activity VerifySeedActivity destroyed
16:43:54 [main] WalletActivityTracker - activity lifecycle: current: VerifySeedActivity, activities: 1 visible: 1 foreground: 0
16:43:54 [DefaultDispatcher-worker-5] CheckpointManager - Read 2440 checkpoints up to time 2026-01-20T11:13:46Z, hash is 64631969817a1892a432d246a7c17a63d5c57d76d2ddf0404b48486637fe32a0
16:43:54 [DefaultDispatcher-worker-5] BlockchainServiceImpl - checkpoints loaded from 'checkpoints-testnet.txt', took 71.97 ms
16:43:54 [DefaultDispatcher-worker-5] BLSJniLibrary - Initializing BLS JNI Library
16:43:54 [DefaultDispatcher-worker-5] AbstractBlockChain - chain head is at height 1405440:
 block: 
   hash: 000000173e6c9dd4ca8a5a75699fbb5dc4713bc238d2ce98aec7fe3a77febfeb
   version: 536870912 (0x20000000) (BIP34, BIP66, BIP65)
   previous block: 000000773d05044b4db27c023a9a12bc59eaf1f396ad7e5180ef4cb14d366150
   merkle root: ea3165fb830ba2267ad050760183eb5b8241c694406868382bdf6c2307c8e936
   time: 1768907626 (2026-01-20T11:13:46Z)
   difficulty target (nBits): 503367276
   nonce: 128740

16:43:54 [DefaultDispatcher-worker-5] AbstractBlockChain - chain head is at height 1405440:
 block: 
   hash: 000000173e6c9dd4ca8a5a75699fbb5dc4713bc238d2ce98aec7fe3a77febfeb
   version: 536870912 (0x20000000) (BIP34, BIP66, BIP65)
   previous block: 000000773d05044b4db27c023a9a12bc59eaf1f396ad7e5180ef4cb14d366150
   merkle root: ea3165fb830ba2267ad050760183eb5b8241c694406868382bdf6c2307c8e936
   time: 1768907626 (2026-01-20T11:13:46Z)
   difficulty target (nBits): 503367276
   nonce: 128740

16:43:54 [main] SecurityGuard - loading security guard [healthy=true] with keys: [keystore_healthy, fallback_pin_wallet_password_key, primary_ui_pin_key, modern_encryption_migration_complete, fallback_mnemonic_wallet_password_key, primary_wallet_password_key, fallback_mnemonic_ui_pin_key]
16:43:54 [main] BlockchainServiceImpl - network callback registered with NetworkRequest: de.schildbach.wallet.service.BlockchainServiceImpl$NetworkCallbackImpl@8ffa4bd
16:43:54 [DefaultDispatcher-worker-8] BlockchainServiceImpl - monitoring 0 old transactions
16:43:54 [main] BlockchainServiceImpl - receiver register: tickReceiver, de.schildbach.wallet.service.BlockchainServiceImpl$tickReceiver$1@76a5a03
16:43:54 [DefaultDispatcher-worker-4] BlockchainServiceImpl - network capabilities changed: 101, hasInternet: true, validated: true
16:43:54 [DefaultDispatcher-worker-5] BlockchainServiceImpl - network available: 101, hasInternet: true, validated: true, type: WiFi
16:43:54 [DefaultDispatcher-worker-2] BlockchainServiceImpl - network capabilities changed: 100, hasInternet: true, validated: true
16:43:54 [DefaultDispatcher-worker-8] BlockchainServiceImpl - network available: 100, hasInternet: true, validated: true, type: Cellular
16:43:54 [DefaultDispatcher-worker-9] BlockchainServiceImpl - cutover committed — Platform quorum lookups wired to the SDK-sourced quorum list
16:43:54 [DefaultDispatcher-worker-9] StartupBreadcrumbs - STARTUP breadcrumb: 20 SDK_BIND_KICKED +119856ms
16:43:54 [DefaultDispatcher-worker-13] SdkWalletBinder - SDK wallet bound; identity not yet registered — discovery deferred
16:43:54 [DefaultDispatcher-worker-15] StartupBreadcrumbs - STARTUP breadcrumb: 21 SDK_L1_ENGINE_STARTING +119857ms
16:43:54 [DefaultDispatcher-worker-12] BlockchainServiceImpl - onCreate completed, processing onStartCommand
16:43:54 [DefaultDispatcher-worker-12] BLSJniLibrary - Initializing BLS JNI Library
16:43:54 [DefaultDispatcher-worker-12] BlockchainServiceImpl - service start command: Intent { cmp=hashengineering.darkcoin.wallet_test/de.schildbach.wallet.service.BlockchainServiceImpl }
16:43:54 [DefaultDispatcher-worker-12] BlockchainServiceImpl - .onStartCommand(Intent { cmp=hashengineering.darkcoin.wallet_test/de.schildbach.wallet.service.BlockchainServiceImpl }) finished
16:43:54 [DefaultDispatcher-worker-17] BlockchainServiceImpl - onCreate completed, processing onStartCommand
16:43:54 [DefaultDispatcher-worker-17] BLSJniLibrary - Initializing BLS JNI Library
16:43:54 [DefaultDispatcher-worker-17] BlockchainServiceImpl - service start command: Intent { act=de.schildbach.wallet.service.cancel_coins_received cmp=hashengineering.darkcoin.wallet_test/de.schildbach.wallet.service.BlockchainServiceImpl }
16:43:54 [DefaultDispatcher-worker-17] BlockchainServiceImpl - .onStartCommand(Intent { act=de.schildbach.wallet.service.cancel_coins_received cmp=hashengineering.darkcoin.wallet_test/de.schildbach.wallet.service.BlockchainServiceImpl }) finished
16:43:54 [DefaultDispatcher-worker-9] BlockchainServiceImpl - .onCreate() finished
16:43:54 [DefaultDispatcher-worker-9] BlockchainServiceImpl - acquiring check() mutex
16:43:54 [DefaultDispatcher-worker-9] BlockchainServiceImpl - check()
16:43:54 [DefaultDispatcher-worker-9] BlockchainServiceImpl - cutover committed — holding the dashj L1 engine; SDK owns L1 this launch
16:43:54 [DefaultDispatcher-worker-9] BlockchainServiceImpl - releasing check() mutex
16:43:54 [DefaultDispatcher-worker-9] BlockchainServiceImpl - acquiring check() mutex
16:43:54 [DefaultDispatcher-worker-9] BlockchainServiceImpl - check()
16:43:54 [DefaultDispatcher-worker-9] BlockchainServiceImpl - cutover committed — holding the dashj L1 engine; SDK owns L1 this launch
16:43:54 [DefaultDispatcher-worker-9] BlockchainServiceImpl - releasing check() mutex
16:43:54 [DefaultDispatcher-worker-9] BlockchainServiceImpl - acquiring check() mutex
16:43:54 [DefaultDispatcher-worker-9] BlockchainServiceImpl - check()
16:43:54 [DefaultDispatcher-worker-9] BlockchainServiceImpl - cutover committed — holding the dashj L1 engine; SDK owns L1 this launch
16:43:54 [DefaultDispatcher-worker-9] BlockchainServiceImpl - releasing check() mutex
16:43:54 [DefaultDispatcher-worker-9] BlockchainServiceImpl - acquiring check() mutex
16:43:54 [DefaultDispatcher-worker-9] BlockchainServiceImpl - check()
16:43:54 [DefaultDispatcher-worker-9] BlockchainServiceImpl - cutover committed — holding the dashj L1 engine; SDK owns L1 this launch
16:43:54 [DefaultDispatcher-worker-9] BlockchainServiceImpl - releasing check() mutex
16:43:54 [DefaultDispatcher-worker-9] BlockchainServiceImpl - acquiring check() mutex
16:43:54 [DefaultDispatcher-worker-9] BlockchainServiceImpl - check()
16:43:54 [DefaultDispatcher-worker-9] BlockchainServiceImpl - cutover committed — holding the dashj L1 engine; SDK owns L1 this launch
16:43:54 [DefaultDispatcher-worker-9] BlockchainServiceImpl - releasing check() mutex
16:43:54 [DefaultDispatcher-worker-10] DapiClient - searching for quorum: 6, 0000004ad90f6f1bbf369d9c803c4d8bd7953f3dfe232ebdd270d1f90324160b, 1556854
16:43:54 [DefaultDispatcher-worker-1] DapiClient - searching for quorum: 6, 0000004ad90f6f1bbf369d9c803c4d8bd7953f3dfe232ebdd270d1f90324160b, 1556854
16:43:54 [DefaultDispatcher-worker-3] DapiClient - searching for quorum: 6, 0000004ad90f6f1bbf369d9c803c4d8bd7953f3dfe232ebdd270d1f90324160b, 1556854
16:43:54 [DefaultDispatcher-worker-11] Constants - <-- 200 https://rates.ctx.com/rates?source=ctx (472ms, unknown-length body)
16:43:54 [DefaultDispatcher-worker-1] SdkQuorumDataSource - SDK quorum keys refreshed: 24 fetched, 24 cached
16:43:54 [DefaultDispatcher-worker-2] ExchangeRatesRepository - exchange rates updated successfully with de.schildbach.wallet.rates.DashRetailClient@faebbc2
16:43:54 [DefaultDispatcher-worker-11] ExchangeRatesRepository - updateTrigger
16:43:54 [DefaultDispatcher-worker-1] DapiClient - searching for quorum: result: 95f2339b8d65205a58ded0b968173b5779d787a637dfd154ec1d2d3dd7ad1350f75b66aacf436aa6ff7e92c0bb38591b
16:43:54 [DefaultDispatcher-worker-10] DapiClient - searching for quorum: result: 95f2339b8d65205a58ded0b968173b5779d787a637dfd154ec1d2d3dd7ad1350f75b66aacf436aa6ff7e92c0bb38591b
16:43:54 [DefaultDispatcher-worker-3] DapiClient - searching for quorum: result: 95f2339b8d65205a58ded0b968173b5779d787a637dfd154ec1d2d3dd7ad1350f75b66aacf436aa6ff7e92c0bb38591b
16:43:54 [DefaultDispatcher-worker-12] L1ShadowSyncService - DashPay bring-up before SPV: status=NO_IDENTITY discovery=1 dashPaySyncRan=false drained=0 pending=0 elapsedMs=342
16:43:54 [DefaultDispatcher-worker-10] Platform - platform check: 837.2 ms
16:43:54 [DefaultDispatcher-worker-5] L1ShadowSyncService - L1Shadow phase=IDLE 0.0% headers 0/0 filters 0/0 wallet 0
16:43:54 [DefaultDispatcher-worker-5] L1ShadowSyncService - ReplayMemTelemetry phase=IDLE nativeHeapAllocated=100677696 nativeHeapSize=116912128 jvmUsed=20554832 jvmMax=603979776 headers 0/0 filters 0 wallet 0
16:43:54 [DefaultDispatcher-worker-5] L1ShadowSyncService - L1Parity probing suspended: the cutover is committed and the dashj engine is held, so its balance is frozen at the cutover snapshot — any comparison against it is a guaranteed MISMATCH that measures nothing. Turn on the Tools 'dashj sync (diagnostic)' toggle to un-hold dashj and resume probing.
16:43:54 [DefaultDispatcher-worker-5] L1ShadowSyncService - L1Parity cadence relaxing 10000ms -> 60000ms (cutover already committed)
16:43:54 [DefaultDispatcher-worker-7] L1ShadowSyncService - L1 shadow SPV started for SDK wallet 5dd689f3… (dataDir=/data/user/0/hashengineering.darkcoin.wallet_test/files/l1_shadow_spv/testnet, default peer discovery); debug-only instrumentation — two SPV engines are now running
16:43:54 [DefaultDispatcher-worker-7] StartupBreadcrumbs - STARTUP breadcrumb: 22 SDK_L1_ENGINE_STARTED +120231ms
16:43:54 [DefaultDispatcher-worker-7] StartupBreadcrumbs - STARTUP breadcrumb: 23 CUTOVER_SERVICES_STARTED +120231ms
16:43:54 [DefaultDispatcher-worker-4] L1ShadowSyncService - WalletHistoryFacts: displayDbEmpty count=0 dashjEarliestKeyTime=2026-09-19T16:42:32Z (real line follows at first sync settle)
16:43:54 [DefaultDispatcher-worker-12] L1ShadowSyncService - ReplayMemTelemetry phase=CONNECTING nativeHeapAllocated=114931568 nativeHeapSize=131354624 jvmUsed=20751440 jvmMax=603979776 headers 1400000/1400000 filters 1401407 wallet 0 SETTLED
16:43:54 [DefaultDispatcher-worker-13] MainViewModel - blockchain state update: mnlist=0; chain=1400000; wallet=-1
16:43:54 [DefaultDispatcher-worker-10] L1ShadowSyncService - WalletHistoryFacts: displayDbEmpty count=0 dashjEarliestKeyTime=2026-09-19T16:42:32Z (real line follows at first sync settle)
16:43:54 [DefaultDispatcher-worker-17] L1ShadowSyncService - WalletBalanceFacts: total=0 accounts={bip44:0, bip32:0, coinjoin:0, identityRegistration:0, identityTopUpUnbound:0, identityInvitation:0, assetLockTopUp:0, assetLockShieldedTopUp:0, providerVoting:0, providerOwner:0, providerOperator:0, providerPlatform:0} confirmed=0 unconfirmed=0 txCount=0
16:43:54 [main] HistoryHeaderAdapter - set invite, synced = true
16:43:54 [DefaultDispatcher-worker-18] MainViewModel - blockchain state update: mnlist=0; chain=1400000; wallet=-1
16:43:54 [DefaultDispatcher-worker-1] Platform - platform check: 936.4 ms
16:43:54 [DefaultDispatcher-worker-3] Platform - platform check: 942.5 ms
16:43:54 [DefaultDispatcher-worker-3] PlatformServiceImplementation - platform available 3 of 3: true
16:43:54 [main] MainViewModel - platform available: true; no identity creation is progress: true
16:43:57 [DefaultDispatcher-worker-8] BlockchainServiceImpl - network capabilities changed: 101, hasInternet: true, validated: true
16:43:57 [DefaultDispatcher-worker-8] BlockchainServiceImpl - acquiring check() mutex
16:43:57 [DefaultDispatcher-worker-8] BlockchainServiceImpl - check()
16:43:57 [DefaultDispatcher-worker-8] BlockchainServiceImpl - cutover committed — holding the dashj L1 engine; SDK owns L1 this launch
16:43:57 [DefaultDispatcher-worker-8] BlockchainServiceImpl - releasing check() mutex
16:43:57 [main] HistoryHeaderAdapter - set invite, synced = false
16:43:58 [DefaultDispatcher-worker-7] BlockchainServiceImpl - network lost: 100, remaining networks: 1
16:43:59 [Wallet autosave thread] WalletFiles - Background saving wallet; last seen block is height -1, date unknown, hash null
16:43:59 [Wallet autosave thread] CoinJoinExtension - CoinJoinExtension serialization: 0ms total (keys:0ms[8], cache:0ms[0], salt:0ms, io:0ms, size:1431bytes, buffer:64KB)
16:43:59 [Wallet autosave thread] WalletProtobufSerializer - walletToProto (serial=8) timing: 9ms total, init=0ms, tx=0ms[0], keys=0ms, scripts=0ms[0], metadata=0ms, ext=8ms, friendRecv=0ms, friendSend=0ms, build=0ms
16:43:59 [Wallet autosave thread] WalletProtobufSerializer - writeWallet timing: 16ms total (8ms/50% serialization, 8ms/50% I/O) buffer=8KB
16:43:59 [Wallet autosave thread] WalletFiles - Save completed in 24.19 ms (15322 bytes); /data/user/0/hashengineering.darkcoin.wallet_test/files/wallet-protobuf-testnet
16:44:00 [main] BlockchainServiceImpl - MEM pss=214MB nativeHeap=97/113MB jvm=21/576MB
16:44:03 [DefaultDispatcher-worker-17] BlockchainServiceImpl - network capabilities changed: 101, hasInternet: true, validated: true
16:44:03 [DefaultDispatcher-worker-17] BlockchainServiceImpl - acquiring check() mutex
16:44:03 [DefaultDispatcher-worker-17] BlockchainServiceImpl - check()
16:44:03 [DefaultDispatcher-worker-17] BlockchainServiceImpl - cutover committed — holding the dashj L1 engine; SDK owns L1 this launch
16:44:03 [DefaultDispatcher-worker-17] BlockchainServiceImpl - releasing check() mutex
16:44:06 [main] WalletActivityTracker - activity lifecycle: current: MainActivity, activities: 1 visible: 1 foreground: 1
16:44:06 [DefaultDispatcher-worker-8] TimeUtils - timeskew: 715; using last value
16:44:06 [main] DeviceInfoProvider - Detecting currency based on device, mobile network or locale:
16:44:06 [main] DeviceInfoProvider - Device Sim Country: us
16:44:06 [main] MainViewModel - Updating currency exchange rate based on country: US
16:44:06 [main] BlockchainServiceImpl - .onStartCommand(Intent { act=de.schildbach.wallet.service.cancel_coins_received cmp=hashengineering.darkcoin.wallet_test/de.schildbach.wallet.service.BlockchainServiceImpl })
16:44:06 [DefaultDispatcher-worker-7] BlockchainServiceImpl - onStartCommand waiting for onCreate to complete...
16:44:06 [DefaultDispatcher-worker-7] BlockchainServiceImpl - onCreate completed, processing onStartCommand
16:44:06 [DefaultDispatcher-worker-7] BLSJniLibrary - Initializing BLS JNI Library
16:44:06 [DefaultDispatcher-worker-7] BlockchainServiceImpl - service start command: Intent { act=de.schildbach.wallet.service.cancel_coins_received cmp=hashengineering.darkcoin.wallet_test/de.schildbach.wallet.service.BlockchainServiceImpl }
16:44:06 [DefaultDispatcher-worker-7] BlockchainServiceImpl - .onStartCommand(Intent { act=de.schildbach.wallet.service.cancel_coins_received cmp=hashengineering.darkcoin.wallet_test/de.schildbach.wallet.service.BlockchainServiceImpl }) finished
16:44:06 [DefaultDispatcher-worker-7] BlockchainServiceImpl - network capabilities changed: 101, hasInternet: true, validated: true
16:44:06 [DefaultDispatcher-worker-7] BlockchainServiceImpl - acquiring check() mutex
16:44:06 [DefaultDispatcher-worker-7] BlockchainServiceImpl - check()
16:44:06 [DefaultDispatcher-worker-7] BlockchainServiceImpl - cutover committed — holding the dashj L1 engine; SDK owns L1 this launch
16:44:06 [DefaultDispatcher-worker-7] BlockchainServiceImpl - releasing check() mutex
16:44:09 [DefaultDispatcher-worker-5] BlockchainServiceImpl - network capabilities changed: 101, hasInternet: true, validated: true
16:44:09 [DefaultDispatcher-worker-5] BlockchainServiceImpl - acquiring check() mutex
16:44:09 [DefaultDispatcher-worker-5] BlockchainServiceImpl - check()
16:44:09 [DefaultDispatcher-worker-5] BlockchainServiceImpl - cutover committed — holding the dashj L1 engine; SDK owns L1 this launch
16:44:09 [DefaultDispatcher-worker-5] BlockchainServiceImpl - releasing check() mutex
16:44:12 [DefaultDispatcher-worker-14] BlockchainServiceImpl - network capabilities changed: 101, hasInternet: true, validated: true
16:44:12 [DefaultDispatcher-worker-14] BlockchainServiceImpl - acquiring check() mutex
16:44:12 [DefaultDispatcher-worker-14] BlockchainServiceImpl - check()
16:44:12 [DefaultDispatcher-worker-14] BlockchainServiceImpl - cutover committed — holding the dashj L1 engine; SDK owns L1 this launch
16:44:12 [DefaultDispatcher-worker-14] BlockchainServiceImpl - releasing check() mutex
16:44:22 [main] WalletActivityTracker - activity lifecycle: current: MainActivity, activities: 1 visible: 1 foreground: 0
16:44:24 [main] StartupBreadcrumbs - STARTUP breadcrumb: 13 LAUNCH_SURVIVED +149441ms
16:44:24 [native-log-bridge] DashSdkNative - --------- beginning of main
16:44:24 [native-log-bridge] DashSdkNative - 09-19 11:44:07.153  3488  4157 I DashSDK : platform_wallet::changeset::core_bridge: wallet-event batch: folded=1 wallets=1 synced_height_persisted=Some(1401999) synced_height_frozen=None synced_height_rejected=None faulted=0
16:44:24 [native-log-bridge] DashSdkNative - 09-19 11:44:10.672  3488  4158 I DashSDK : platform_wallet::changeset::core_bridge: wallet-event batch: folded=1 wallets=1 synced_height_persisted=Some(1403999) synced_height_frozen=None synced_height_rejected=None faulted=0
16:44:24 [native-log-bridge] DashSdkNative - 09-19 11:44:13.848  3488  4156 I DashSDK : platform_wallet::changeset::core_bridge: wallet-event batch: folded=1 wallets=1 synced_height_persisted=Some(1405999) synced_height_frozen=None synced_height_rejected=None faulted=0
16:44:24 [native-log-bridge] DashSdkNative - 09-19 11:44:14.566  3488  4158 I DashSDK : platform_wallet::changeset::core_bridge: wallet-event batch: folded=1 wallets=1 synced_height_persisted=Some(1408000) synced_height_frozen=None synced_height_rejected=None faulted=0
16:44:24 [native-log-bridge] DashSdkNative - 09-19 11:44:18.538  3488  4158 I DashSDK : platform_wallet::changeset::core_bridge: wallet-event batch: folded=1 wallets=1 synced_height_persisted=Some(1413000) synced_height_frozen=None synced_height_rejected=None faulted=0
16:44:24 [native-log-bridge] DashSdkNative - 09-19 11:44:20.684  3488  4158 I DashSDK : platform_wallet::changeset::core_bridge: wallet-event batch: folded=1 wallets=1 synced_height_persisted=Some(1418000) synced_height_frozen=None synced_height_rejected=None faulted=0
16:44:24 [native-log-bridge] DashSdkNative - 09-19 11:44:20.907  3488  4155 I DashSDK : platform_wallet::changeset::core_bridge: wallet-event batch: folded=1 wallets=1 synced_height_persisted=Some(1422000) synced_height_frozen=None synced_height_rejected=None faulted=0
16:44:24 [native-log-bridge] DashSdkNative - 09-19 11:44:22.860  3488  4157 I DashSDK : platform_wallet::changeset::core_bridge: wallet-event batch: folded=1 wallets=1 synced_height_persisted=Some(1427000) synced_height_frozen=None synced_height_rejected=None faulted=0
16:44:24 [native-log-bridge] DashSdkNative - 09-19 11:44:23.519  3488  4157 I DashSDK : platform_wallet::changeset::core_bridge: wallet-event batch: folded=1 wallets=1 synced_height_persisted=Some(1432000) synced_height_frozen=None synced_height_rejected=None faulted=0
16:44:24 [native-log-bridge] DashSdkNative - 09-19 11:44:23.523  3488  4158 I DashSDK : platform_wallet::changeset::core_bridge: wallet-event batch: folded=1 wallets=1 synced_height_persisted=Some(1437000) synced_height_frozen=None synced_height_rejected=None faulted=0
16:44:25 [DefaultDispatcher-worker-17] L1ShadowSyncService - L1Shadow phase=FILTER_HEADERS 95.1% headers 1556855/1556855 filters 1437000/1556855 wallet 1437000
16:44:25 [DefaultDispatcher-worker-17] L1ShadowSyncService - ReplayMemTelemetry phase=FILTER_HEADERS nativeHeapAllocated=149015200 nativeHeapSize=164347904 jvmUsed=26466576 jvmMax=603979776 headers 1556855/1556855 filters 1437000 wallet 1437000
16:44:27 [DefaultDispatcher-worker-14] BlockchainServiceImpl - network capabilities changed: 101, hasInternet: true, validated: true
16:44:27 [DefaultDispatcher-worker-14] BlockchainServiceImpl - acquiring check() mutex
16:44:27 [DefaultDispatcher-worker-14] BlockchainServiceImpl - check()
16:44:27 [DefaultDispatcher-worker-14] BlockchainServiceImpl - cutover committed — holding the dashj L1 engine; SDK owns L1 this launch
16:44:27 [DefaultDispatcher-worker-14] BlockchainServiceImpl - releasing check() mutex
16:44:30 [DefaultDispatcher-worker-1] BlockchainServiceImpl - network capabilities changed: 101, hasInternet: true, validated: true
16:44:30 [DefaultDispatcher-worker-1] BlockchainServiceImpl - acquiring check() mutex
16:44:30 [DefaultDispatcher-worker-1] BlockchainServiceImpl - check()
16:44:30 [DefaultDispatcher-worker-1] BlockchainServiceImpl - cutover committed — holding the dashj L1 engine; SDK owns L1 this launch
16:44:30 [DefaultDispatcher-worker-1] BlockchainServiceImpl - releasing check() mutex
16:44:33 [DefaultDispatcher-worker-14] BlockchainServiceImpl - network capabilities changed: 101, hasInternet: true, validated: true
16:44:33 [DefaultDispatcher-worker-14] BlockchainServiceImpl - acquiring check() mutex
16:44:33 [DefaultDispatcher-worker-14] BlockchainServiceImpl - check()
16:44:33 [DefaultDispatcher-worker-14] BlockchainServiceImpl - cutover committed — holding the dashj L1 engine; SDK owns L1 this launch
16:44:33 [DefaultDispatcher-worker-14] BlockchainServiceImpl - releasing check() mutex
16:44:37 [main] WalletActivityTracker - activity lifecycle: current: MainActivity, activities: 1 visible: 1 foreground: 1
16:44:37 [DefaultDispatcher-worker-8] TimeUtils - timeskew: 715; using last value
16:44:37 [main] BlockchainServiceImpl - .onStartCommand(Intent { act=de.schildbach.wallet.service.cancel_coins_received cmp=hashengineering.darkcoin.wallet_test/de.schildbach.wallet.service.BlockchainServiceImpl })
16:44:37 [DefaultDispatcher-worker-14] BlockchainServiceImpl - onStartCommand waiting for onCreate to complete...
16:44:37 [DefaultDispatcher-worker-14] BlockchainServiceImpl - onCreate completed, processing onStartCommand
16:44:37 [DefaultDispatcher-worker-14] BLSJniLibrary - Initializing BLS JNI Library
16:44:37 [DefaultDispatcher-worker-14] BlockchainServiceImpl - service start command: Intent { act=de.schildbach.wallet.service.cancel_coins_received cmp=hashengineering.darkcoin.wallet_test/de.schildbach.wallet.service.BlockchainServiceImpl }
16:44:37 [DefaultDispatcher-worker-14] BlockchainServiceImpl - .onStartCommand(Intent { act=de.schildbach.wallet.service.cancel_coins_received cmp=hashengineering.darkcoin.wallet_test/de.schildbach.wallet.service.BlockchainServiceImpl }) finished
16:44:37 [main] DeviceInfoProvider - Detecting currency based on device, mobile network or locale:
16:44:37 [main] DeviceInfoProvider - Device Sim Country: us
16:44:37 [main] MainViewModel - Updating currency exchange rate based on country: US
16:44:41 [DefaultDispatcher-worker-18] L1ShadowSyncService - L1Shadow phase=SYNCED 100.0% headers 1556855/1556855 filters 1556855/1556855 wallet 1556855
16:44:41 [DefaultDispatcher-worker-18] L1ShadowSyncService - ReplayMemTelemetry phase=SYNCED nativeHeapAllocated=171637952 nativeHeapSize=194535424 jvmUsed=19225232 jvmMax=603979776 headers 1556855/1556855 filters 1556855 wallet 1556855 SETTLED
16:44:41 [DefaultDispatcher-worker-7] L1ShadowSyncService - WalletBalanceFacts: total=0 accounts={bip44:0, bip32:0, coinjoin:0, identityRegistration:0, identityTopUpUnbound:0, identityInvitation:0, assetLockTopUp:0, assetLockShieldedTopUp:0, providerVoting:0, providerOwner:0, providerOperator:0, providerPlatform:0} confirmed=0 unconfirmed=0 txCount=0
16:44:41 [DefaultDispatcher-worker-16] MainViewModel - blockchain state update: mnlist=1556855; chain=1556855; wallet=-1
16:44:41 [DefaultDispatcher-worker-17] TxDisplayCacheService - Sync complete (cutoverCommitted=true): SDK=0 records | dashj wallet=0 txs | group cache=0 txs/0 groups | display=0 rows — cache is complete (SDK holds 0 records, display has 0 rows)
16:44:41 [main] HistoryHeaderAdapter - set invite, synced = true
16:44:41 [main] BlockchainServiceImpl - cutover committed and SDK L1 scan synced — triggering identity/contacts discovery
16:44:41 [DefaultDispatcher-worker-6] BlockchainIdentityData - creation: BlockchainIdentityData(NONE, null, null, null, null, null)
16:44:41 [DefaultDispatcher-worker-6] PlatformSynchronizationService - discoverAndRecoverIdentity: checking for existing associated identity
16:44:41 [DefaultDispatcher-worker-6] SecurityGuard - loading security guard [healthy=true] with keys: [keystore_healthy, fallback_pin_wallet_password_key, primary_ui_pin_key, modern_encryption_migration_complete, fallback_mnemonic_wallet_password_key, primary_wallet_password_key, fallback_mnemonic_ui_pin_key]
16:44:41 [DefaultDispatcher-worker-6] ModernEncryptionProvider - Decrypted data for alias: wallet_password_key
16:44:41 [DefaultDispatcher-worker-6] KeyCrypterScrypt - Deriving key took 104.2 ms for N=65536, r=8, p=1.
16:44:41 [DefaultDispatcher-worker-6] DapiClient - getIdentityByFirstPublicKey(c412174bd91ebf548b25cc35b16494051c835f37)
16:44:41 [DefaultDispatcher-worker-6] PlatformSynchronizationService - discoverAndRecoverIdentity: no existing identity found
16:44:41 [DefaultDispatcher-worker-6] PlatformSynchronizationService - identity-discovery guard released (no identity found) — a later discovery may run again
16:44:41 [DefaultDispatcher-worker-6] BlockchainServiceImpl - post-cutover identity discovery found nothing and the wallet has no identity — re-arming; next attempt no sooner than 120000 ms from now
16:44:41 [DefaultDispatcher-worker-17] PlatformSynchronizationService - TxMetadata publish: not publishing — saveToNetwork is OFF (per-device setting; the default for a new or restored install, and it does NOT travel with the wallet)
16:44:41 [DefaultDispatcher-worker-18] PlatformSynchronizationService - TxMetadata settings: saveToNetwork=false frequency=afterTenTransactions saveAfter=9223372036854775807 paymentCategory=false taxCategory=false exchangeRates=false memos=false giftCards=false storedDocuments=0
16:44:43 [DefaultDispatcher-worker-11] L1ShadowSyncService - L1 engine chainlock height 0 -> 1556855
16:44:43 [DefaultDispatcher-worker-13] MainViewModel - blockchain state update: mnlist=1556855; chain=1556855; wallet=-1
16:44:45 [DefaultDispatcher-worker-10] BlockchainServiceImpl - network capabilities changed: 101, hasInternet: true, validated: true
16:44:45 [DefaultDispatcher-worker-10] BlockchainServiceImpl - acquiring check() mutex
16:44:45 [DefaultDispatcher-worker-10] BlockchainServiceImpl - check()
16:44:45 [DefaultDispatcher-worker-10] BlockchainServiceImpl - cutover committed — holding the dashj L1 engine; SDK owns L1 this launch
16:44:45 [DefaultDispatcher-worker-10] BlockchainServiceImpl - releasing check() mutex
16:44:51 [DefaultDispatcher-worker-8] BlockchainServiceImpl - network capabilities changed: 101, hasInternet: true, validated: true
16:44:51 [DefaultDispatcher-worker-18] BlockchainServiceImpl - acquiring check() mutex
16:44:51 [DefaultDispatcher-worker-18] BlockchainServiceImpl - check()
16:44:51 [DefaultDispatcher-worker-18] BlockchainServiceImpl - cutover committed — holding the dashj L1 engine; SDK owns L1 this launch
16:44:51 [DefaultDispatcher-worker-18] BlockchainServiceImpl - releasing check() mutex
16:44:54 [DefaultDispatcher-worker-10] BlockchainServiceImpl - network capabilities changed: 101, hasInternet: true, validated: true
16:44:54 [DefaultDispatcher-worker-10] BlockchainServiceImpl - acquiring check() mutex
16:44:54 [DefaultDispatcher-worker-10] BlockchainServiceImpl - check()
16:44:54 [DefaultDispatcher-worker-10] BlockchainServiceImpl - cutover committed — holding the dashj L1 engine; SDK owns L1 this launch
16:44:54 [DefaultDispatcher-worker-10] BlockchainServiceImpl - releasing check() mutex
16:44:54 [native-log-bridge] DashSdkNative - 09-19 11:44:32.324  3488  4156 I DashSDK : platform_wallet::changeset::core_bridge: wallet-event batch: folded=1 wallets=1 synced_height_persisted=Some(1442000) synced_height_frozen=None synced_height_rejected=None faulted=0
16:44:54 [native-log-bridge] DashSdkNative - 09-19 11:44:33.940  3488  4155 I DashSDK : platform_wallet::changeset::core_bridge: wallet-event batch: folded=1 wallets=1 synced_height_persisted=Some(1447000) synced_height_frozen=None synced_height_rejected=None faulted=0
16:44:54 [native-log-bridge] DashSdkNative - 09-19 11:44:35.003  3488  4158 I DashSDK : platform_wallet::changeset::core_bridge: wallet-event batch: folded=1 wallets=1 synced_height_persisted=Some(1448000) synced_height_frozen=None synced_height_rejected=None faulted=0
16:44:54 [native-log-bridge] DashSdkNative - 09-19 11:44:36.198  3488  4158 I DashSDK : platform_wallet::changeset::core_bridge: wallet-event batch: folded=1 wallets=1 synced_height_persisted=Some(1453000) synced_height_frozen=None synced_height_rejected=None faulted=0
16:44:54 [native-log-bridge] DashSdkNative - 09-19 11:44:36.423  3488  4157 I DashSDK : platform_wallet::changeset::core_bridge: wallet-event batch: folded=1 wallets=1 synced_height_persisted=Some(1458000) synced_height_frozen=None synced_height_rejected=None faulted=0
16:44:54 [native-log-bridge] DashSdkNative - 09-19 11:44:36.641  3488  4157 I DashSDK : platform_wallet::changeset::core_bridge: wallet-event batch: folded=1 wallets=1 synced_height_persisted=Some(1463000) synced_height_frozen=None synced_height_rejected=None faulted=0
16:44:54 [native-log-bridge] DashSdkNative - 09-19 11:44:36.879  3488  4158 I DashSDK : platform_wallet::changeset::core_bridge: wallet-event batch: folded=1 wallets=1 synced_height_persisted=Some(1468000) synced_height_frozen=None synced_height_rejected=None faulted=0
16:44:54 [native-log-bridge] DashSdkNative - 09-19 11:44:37.140  3488  4158 I DashSDK : platform_wallet::changeset::core_bridge: wallet-event batch: folded=1 wallets=1 synced_height_persisted=Some(1473000) synced_height_frozen=None synced_height_rejected=None faulted=0
16:44:54 [native-log-bridge] DashSdkNative - 09-19 11:44:37.392  3488  4158 I DashSDK : platform_wallet::changeset::core_bridge: wallet-event batch: folded=1 wallets=1 synced_height_persisted=Some(1478000) synced_height_frozen=None synced_height_rejected=None faulted=0
16:44:54 [native-log-bridge] DashSdkNative - 09-19 11:44:37.590  3488  4156 I DashSDK : platform_wallet::changeset::core_bridge: wallet-event batch: folded=1 wallets=1 synced_height_persisted=Some(1483000) synced_height_frozen=None synced_height_rejected=None faulted=0
16:44:54 [native-log-bridge] DashSdkNative - 09-19 11:44:37.815  3488  4156 I DashSDK : platform_wallet::changeset::core_bridge: wallet-event batch: folded=1 wallets=1 synced_height_persisted=Some(1488000) synced_height_frozen=None synced_height_rejected=None faulted=0
16:44:54 [native-log-bridge] DashSdkNative - 09-19 11:44:38.073  3488  4158 I DashSDK : platform_wallet::changeset::core_bridge: wallet-event batch: folded=1 wallets=1 synced_height_persisted=Some(1493000) synced_height_frozen=None synced_height_rejected=None faulted=0
16:44:54 [native-log-bridge] DashSdkNative - 09-19 11:44:38.244  3488  4158 I DashSDK : platform_wallet::changeset::core_bridge: wallet-event batch: folded=1 wallets=1 synced_height_persisted=Some(1498000) synced_height_frozen=None synced_height_rejected=None faulted=0
16:44:54 [native-log-bridge] DashSdkNative - 09-19 11:44:38.482  3488  4158 I DashSDK : platform_wallet::changeset::core_bridge: wallet-event batch: folded=1 wallets=1 synced_height_persisted=Some(1503000) synced_height_frozen=None synced_height_rejected=None faulted=0
16:44:54 [native-log-bridge] DashSdkNative - 09-19 11:44:38.729  3488  4158 I DashSDK : platform_wallet::changeset::core_bridge: wallet-event batch: folded=1 wallets=1 synced_height_persisted=Some(1508000) synced_height_frozen=None synced_height_rejected=None faulted=0
16:44:54 [native-log-bridge] DashSdkNative - 09-19 11:44:38.896  3488  4158 I DashSDK : platform_wallet::changeset::core_bridge: wallet-event batch: folded=1 wallets=1 synced_height_persisted=Some(1513000) synced_height_frozen=None synced_height_rejected=None faulted=0
16:44:54 [native-log-bridge] DashSdkNative - 09-19 11:44:39.057  3488  4155 I DashSDK : platform_wallet::changeset::core_bridge: wallet-event batch: folded=1 wallets=1 synced_height_persisted=Some(1518000) synced_height_frozen=None synced_height_rejected=None faulted=0
16:44:54 [native-log-bridge] DashSdkNative - 09-19 11:44:39.226  3488  4157 I DashSDK : platform_wallet::changeset::core_bridge: wallet-event batch: folded=1 wallets=1 synced_height_persisted=Some(1523000) synced_height_frozen=None synced_height_rejected=None faulted=0
16:44:54 [native-log-bridge] DashSdkNative - 09-19 11:44:39.406  3488  4157 I DashSDK : platform_wallet::changeset::core_bridge: wallet-event batch: folded=1 wallets=1 synced_height_persisted=Some(1528000) synced_height_frozen=None synced_height_rejected=None faulted=0
16:44:54 [native-log-bridge] DashSdkNative - 09-19 11:44:39.582  3488  4155 I DashSDK : platform_wallet::changeset::core_bridge: wallet-event batch: folded=1 wallets=1 synced_height_persisted=Some(1533000) synced_height_frozen=None synced_height_rejected=None faulted=0
16:44:54 [native-log-bridge] DashSdkNative - 09-19 11:44:39.756  3488  4158 I DashSDK : platform_wallet::changeset::core_bridge: wallet-event batch: folded=1 wallets=1 synced_height_persisted=Some(1538000) synced_height_frozen=None synced_height_rejected=None faulted=0
16:44:54 [native-log-bridge] DashSdkNative - 09-19 11:44:39.943  3488  4158 I DashSDK : platform_wallet::changeset::core_bridge: wallet-event batch: folded=1 wallets=1 synced_height_persisted=Some(1543000) synced_height_frozen=None synced_height_rejected=None faulted=0
16:44:54 [native-log-bridge] DashSdkNative - 09-19 11:44:40.118  3488  4157 I DashSDK : platform_wallet::changeset::core_bridge: wallet-event batch: folded=1 wallets=1 synced_height_persisted=Some(1548000) synced_height_frozen=None synced_height_rejected=None faulted=0
16:44:54 [native-log-bridge] DashSdkNative - 09-19 11:44:40.172  3488  4157 I DashSDK : platform_wallet::changeset::core_bridge: wallet-event batch: folded=1 wallets=1 synced_height_persisted=Some(1553000) synced_height_frozen=None synced_height_rejected=None faulted=0
16:44:54 [native-log-bridge] DashSdkNative - 09-19 11:44:40.302  3488  4157 I DashSDK : platform_wallet::changeset::core_bridge: wallet-event batch: folded=1 wallets=1 synced_height_persisted=Some(1556855) synced_height_frozen=None synced_height_rejected=None faulted=0
16:44:54 [native-log-bridge] DashSdkNative - 09-19 11:44:43.398  3488  4158 I DashSDK : platform_wallet::changeset::core_bridge: wallet-event batch: folded=1 wallets=1 synced_height_persisted=None synced_height_frozen=None synced_height_rejected=None faulted=0
16:45:00 [main] BlockchainServiceImpl - MEM pss=270MB nativeHeap=150/175MB jvm=18/576MB
16:45:00 [main] BlockchainServiceImpl - History of transactions/blocks/headers/mnlistdiff (sdk): 0/155448/156855/1556855
16:45:00 [DefaultDispatcher-worker-11] BlockchainServiceImpl - network capabilities changed: 101, hasInternet: true, validated: true
16:45:00 [DefaultDispatcher-worker-11] BlockchainServiceImpl - acquiring check() mutex
16:45:00 [DefaultDispatcher-worker-11] BlockchainServiceImpl - check()
16:45:00 [DefaultDispatcher-worker-11] BlockchainServiceImpl - cutover committed — holding the dashj L1 engine; SDK owns L1 this launch
16:45:00 [DefaultDispatcher-worker-11] BlockchainServiceImpl - releasing check() mutex
16:45:03 [DefaultDispatcher-worker-12] BLSJniLibrary - Initializing BLS JNI Library
16:45:03 [DefaultDispatcher-worker-12] DeterministicKeyChain - 1 keys needed for M/44H/1H/0H/0 = 1 issued + 0 lookahead size + 0 lookahead threshold - 0 num children
16:45:03 [DefaultDispatcher-worker-12] DeterministicKeyChain - Took 1.067 ms
16:45:03 [main] BlockchainIdentityData - creation: BlockchainIdentityData(NONE, null, null, null, null, null)
16:45:33 [DefaultDispatcher-worker-19] L1ShadowSyncService - L1 engine tx event: Detected(txidHex=73e97a1b7cadce0b87621a7a6a2405a7d0c2987014e75ed9c38a05b848666206, netAmountDuffs=100000000, feeDuffs=null, contextCode=1, directionCode=0)
16:45:33 [DefaultDispatcher-worker-5] CutoverUiDataService - engine detected tx 73e97a1b7cadce0b87621a7a6a2405a7d0c2987014e75ed9c38a05b848666206 pre-block (context=1, net=100000000 duffs) — syncing display row now
16:45:33 [DefaultDispatcher-worker-19] CutoverUiDataService - SDK balance published: 100000000 duffs (was 0) | l1Synced=true rescanArmedHold=true dashPayBackfill(armed=false,replaying=false) deferredContactBuilds=0 (unchangedReads=3) persistedAsLastKnown=false lastKnown=none
16:45:33 [DefaultDispatcher-worker-11] CutoverUiDataService - cutover UI display sync: 1 SDK records → 1 inserts, 0 status updates
16:45:33 [DefaultDispatcher-worker-11] CutoverUiDataService - engine-detected receive 73e97a1b7cadce0b87621a7a6a2405a7d0c2987014e75ed9c38a05b848666206 (100000000 duffs) — notifying in 2000ms unless an outgoing sibling classifies it internal
16:45:45 [DefaultDispatcher-worker-5] BlockchainServiceImpl - network capabilities changed: 101, hasInternet: true, validated: true
16:45:45 [DefaultDispatcher-worker-5] BlockchainServiceImpl - acquiring check() mutex
16:45:45 [DefaultDispatcher-worker-5] BlockchainServiceImpl - check()
16:45:45 [DefaultDispatcher-worker-5] BlockchainServiceImpl - cutover committed — holding the dashj L1 engine; SDK owns L1 this launch
16:45:45 [DefaultDispatcher-worker-5] BlockchainServiceImpl - releasing check() mutex
16:45:48 [DefaultDispatcher-worker-5] BlockchainServiceImpl - network capabilities changed: 101, hasInternet: true, validated: true
16:45:48 [DefaultDispatcher-worker-5] BlockchainServiceImpl - acquiring check() mutex
16:45:48 [DefaultDispatcher-worker-5] BlockchainServiceImpl - check()
16:45:48 [DefaultDispatcher-worker-5] BlockchainServiceImpl - cutover committed — holding the dashj L1 engine; SDK owns L1 this launch
16:45:48 [DefaultDispatcher-worker-5] BlockchainServiceImpl - releasing check() mutex
16:45:53 [DefaultDispatcher-worker-6] BlockchainServiceImpl - network capabilities changed: 100, hasInternet: true, validated: true
16:45:53 [DefaultDispatcher-worker-3] BlockchainServiceImpl - network available: 100, hasInternet: true, validated: true, type: Cellular
16:45:53 [DefaultDispatcher-worker-6] BlockchainServiceImpl - acquiring check() mutex
16:45:53 [DefaultDispatcher-worker-6] BlockchainServiceImpl - check()
16:45:53 [DefaultDispatcher-worker-6] BlockchainServiceImpl - cutover committed — holding the dashj L1 engine; SDK owns L1 this launch
16:45:53 [DefaultDispatcher-worker-6] BlockchainServiceImpl - releasing check() mutex
16:45:53 [DefaultDispatcher-worker-5] BlockchainServiceImpl - acquiring check() mutex
16:45:53 [DefaultDispatcher-worker-5] BlockchainServiceImpl - check()
16:45:53 [DefaultDispatcher-worker-5] BlockchainServiceImpl - cutover committed — holding the dashj L1 engine; SDK owns L1 this launch
16:45:53 [DefaultDispatcher-worker-5] BlockchainServiceImpl - releasing check() mutex
16:45:54 [native-log-bridge] DashSdkNative - 09-19 11:45:33.878  3488  4158 I DashSDK : platform_wallet::changeset::core_bridge: wallet-event batch: folded=1 wallets=1 synced_height_persisted=None synced_height_frozen=None synced_height_rejected=None faulted=0
16:46:00 [main] BlockchainServiceImpl - MEM pss=273MB nativeHeap=151/176MB jvm=18/576MB
16:46:00 [main] BlockchainServiceImpl - History of transactions/blocks/headers/mnlistdiff (sdk): 1/0/0/0, 0/155448/156855/1556855
16:46:01 [main] BiometricHelper - No biometric credentials
16:46:01 [main] LockScreenActivity - fingerprint was disabled
16:46:01 [main] LockScreenActivity - LockState = ENTER_PIN
16:46:09 [DefaultDispatcher-worker-15] BlockchainServiceImpl - network capabilities changed: 101, hasInternet: true, validated: true
16:46:09 [DefaultDispatcher-worker-15] BlockchainServiceImpl - acquiring check() mutex
16:46:09 [DefaultDispatcher-worker-15] BlockchainServiceImpl - check()
16:46:09 [DefaultDispatcher-worker-15] BlockchainServiceImpl - cutover committed — holding the dashj L1 engine; SDK owns L1 this launch
16:46:09 [DefaultDispatcher-worker-15] BlockchainServiceImpl - releasing check() mutex
16:46:12 [DefaultDispatcher-worker-3] BlockchainServiceImpl - network capabilities changed: 101, hasInternet: true, validated: true
16:46:12 [DefaultDispatcher-worker-3] BlockchainServiceImpl - acquiring check() mutex
16:46:12 [DefaultDispatcher-worker-3] BlockchainServiceImpl - check()
16:46:12 [DefaultDispatcher-worker-3] BlockchainServiceImpl - cutover committed — holding the dashj L1 engine; SDK owns L1 this launch
16:46:12 [DefaultDispatcher-worker-3] BlockchainServiceImpl - releasing check() mutex
16:46:16 [DefaultDispatcher-worker-7] L1ShadowSyncService - L1 engine chainlock height 1556855 -> 1556856
16:46:16 [DefaultDispatcher-worker-6] MainViewModel - blockchain state update: mnlist=1556855; chain=1556855; wallet=-1
16:46:16 [DefaultDispatcher-worker-12] L1ShadowSyncService - L1Shadow phase=SYNCED 100.0% headers 1556856/1556856 filters 1556856/1556856 wallet 1556856
16:46:16 [DefaultDispatcher-worker-9] MainViewModel - blockchain state update: mnlist=1556856; chain=1556856; wallet=-1
16:46:16 [DefaultDispatcher-worker-1] MainViewModel - blockchain state update: mnlist=1556856; chain=1556856; wallet=-1
16:46:20 [main] SecurityGuard - loading security guard [healthy=true] with keys: [keystore_healthy, fallback_pin_wallet_password_key, primary_ui_pin_key, modern_encryption_migration_complete, fallback_mnemonic_wallet_password_key, primary_wallet_password_key, fallback_mnemonic_ui_pin_key]
16:46:20 [main] ModernEncryptionProvider - Decrypted data for alias: ui_pin_key
16:46:20 [main] BiometricHelper - No biometric credentials
16:46:21 [DefaultDispatcher-worker-2] BlockchainServiceImpl - network capabilities changed: 101, hasInternet: true, validated: true
16:46:21 [DefaultDispatcher-worker-2] BlockchainServiceImpl - acquiring check() mutex
16:46:21 [DefaultDispatcher-worker-2] BlockchainServiceImpl - check()
16:46:21 [DefaultDispatcher-worker-2] BlockchainServiceImpl - cutover committed — holding the dashj L1 engine; SDK owns L1 this launch
16:46:21 [DefaultDispatcher-worker-2] BlockchainServiceImpl - releasing check() mutex
16:46:24 [native-log-bridge] DashSdkNative - 09-19 11:46:16.368  3488  4157 I DashSDK : platform_wallet::changeset::core_bridge: wallet-event batch: folded=1 wallets=1 synced_height_persisted=None synced_height_frozen=None synced_height_rejected=None faulted=0
16:46:24 [native-log-bridge] DashSdkNative - 09-19 11:46:16.566  3488  4157 I DashSDK : platform_wallet::changeset::core_bridge: wallet-event batch: folded=1 wallets=1 synced_height_persisted=None synced_height_frozen=None synced_height_rejected=None faulted=0
16:46:24 [native-log-bridge] DashSdkNative - 09-19 11:46:16.569  3488  4156 I DashSDK : platform_wallet::changeset::core_bridge: wallet-event batch: folded=1 wallets=1 synced_height_persisted=Some(1556856) synced_height_frozen=None synced_height_rejected=None faulted=0
16:46:27 [DefaultDispatcher-worker-2] BlockchainServiceImpl - network capabilities changed: 101, hasInternet: true, validated: true
16:46:27 [DefaultDispatcher-worker-2] BlockchainServiceImpl - acquiring check() mutex
16:46:27 [DefaultDispatcher-worker-2] BlockchainServiceImpl - check()
16:46:27 [DefaultDispatcher-worker-2] BlockchainServiceImpl - cutover committed — holding the dashj L1 engine; SDK owns L1 this launch
16:46:27 [DefaultDispatcher-worker-2] BlockchainServiceImpl - releasing check() mutex
16:46:34 [main] WalletTransactionsFragment - STARTUP WalletTransactionsFragment.onViewCreated at 1789836394108
16:46:34 [main] HistoryHeaderAdapter - set invite, synced = true
16:46:34 [main] WalletTransactionsFragment - STARTUP submitData called on thread=main at 1789836394109
16:46:34 [DefaultDispatcher-worker-15] BLSJniLibrary - Initializing BLS JNI Library
16:46:34 [main] HistoryHeaderAdapter - set invite = null
16:46:34 [main] HistoryHeaderAdapter - set invite, synced = true
16:46:34 [main] WalletTransactionsFragment - STARTUP swapping to live adapter: 2 items at 1789836394155
16:46:36 [DefaultDispatcher-worker-12] BlockchainServiceImpl - network capabilities changed: 101, hasInternet: true, validated: true
16:46:36 [DefaultDispatcher-worker-18] BlockchainServiceImpl - acquiring check() mutex
16:46:36 [DefaultDispatcher-worker-18] BlockchainServiceImpl - check()
16:46:36 [DefaultDispatcher-worker-18] BlockchainServiceImpl - cutover committed — holding the dashj L1 engine; SDK owns L1 this launch
16:46:36 [DefaultDispatcher-worker-18] BlockchainServiceImpl - releasing check() mutex
16:46:39 [DefaultDispatcher-worker-6] BlockchainServiceImpl - network capabilities changed: 101, hasInternet: true, validated: true
16:46:39 [DefaultDispatcher-worker-6] BlockchainServiceImpl - acquiring check() mutex
16:46:39 [DefaultDispatcher-worker-6] BlockchainServiceImpl - check()
16:46:39 [DefaultDispatcher-worker-6] BlockchainServiceImpl - cutover committed — holding the dashj L1 engine; SDK owns L1 this launch
16:46:39 [DefaultDispatcher-worker-6] BlockchainServiceImpl - releasing check() mutex
16:46:49 [DefaultDispatcher-worker-18] BlockchainServiceImpl - network lost: 100, remaining networks: 1
16:46:58 [DefaultDispatcher-worker-9] WalletTransactionMetadataProvider - txmetadata for 73e97a1b7cadce0b87621a7a6a2405a7d0c2987014e75ed9c38a05b848666206 does not exist, perform insert, then update
16:46:58 [DefaultDispatcher-worker-9] BLSJniLibrary - Initializing BLS JNI Library
16:46:58 [DefaultDispatcher-worker-9] WalletTransactionMetadataProvider - txmetadata for 73e97a1b7cadce0b87621a7a6a2405a7d0c2987014e75ed9c38a05b848666206 DROPPED — no wallet tx and no fallback row; any platform metadata for this transaction will not be displayed
16:47:00 [main] BlockchainServiceImpl - MEM pss=278MB nativeHeap=155/178MB jvm=20/576MB
16:47:00 [main] BlockchainServiceImpl - History of transactions/blocks/headers/mnlistdiff (sdk): 0/1/1/1, 1/0/0/0, 0/155448/156855/1556855
16:47:23 [DefaultDispatcher-worker-11] L1ShadowSyncService - L1 engine chainlock height 1556856 -> 1556857
16:47:23 [DefaultDispatcher-worker-14] MainViewModel - blockchain state update: mnlist=1556856; chain=1556856; wallet=-1
16:47:23 [main] BlockchainServiceImpl - cutover committed and SDK L1 scan synced — triggering identity/contacts discovery
16:47:23 [DefaultDispatcher-worker-14] BlockchainIdentityData - creation: BlockchainIdentityData(NONE, null, null, null, null, null)
16:47:23 [DefaultDispatcher-worker-14] PlatformSynchronizationService - discoverAndRecoverIdentity: checking for existing associated identity
16:47:23 [DefaultDispatcher-worker-14] SecurityGuard - loading security guard [healthy=true] with keys: [keystore_healthy, fallback_pin_wallet_password_key, primary_ui_pin_key, modern_encryption_migration_complete, fallback_mnemonic_wallet_password_key, primary_wallet_password_key, fallback_mnemonic_ui_pin_key]
16:47:23 [DefaultDispatcher-worker-14] ModernEncryptionProvider - Decrypted data for alias: wallet_password_key
16:47:23 [DefaultDispatcher-worker-14] KeyCrypterScrypt - Deriving key took 121.8 ms for N=65536, r=8, p=1.
16:47:23 [DefaultDispatcher-worker-14] DapiClient - getIdentityByFirstPublicKey(c412174bd91ebf548b25cc35b16494051c835f37)
16:47:23 [DefaultDispatcher-worker-10] L1ShadowSyncService - L1Shadow phase=SYNCED 100.0% headers 1556857/1556857 filters 1556857/1556857 wallet 1556857
16:47:23 [DefaultDispatcher-worker-2] MainViewModel - blockchain state update: mnlist=1556857; chain=1556857; wallet=-1
16:47:23 [DefaultDispatcher-worker-14] PlatformSynchronizationService - discoverAndRecoverIdentity: no existing identity found
16:47:23 [DefaultDispatcher-worker-14] PlatformSynchronizationService - identity-discovery guard released (no identity found) — a later discovery may run again
16:47:23 [DefaultDispatcher-worker-14] BlockchainServiceImpl - post-cutover identity discovery found nothing and the wallet has no identity — re-arming; next attempt no sooner than 120000 ms from now
16:47:23 [DefaultDispatcher-worker-14] PlatformSynchronizationService - TxMetadata settings: saveToNetwork=false frequency=afterTenTransactions saveAfter=9223372036854775807 paymentCategory=false taxCategory=false exchangeRates=false memos=false giftCards=false storedDocuments=0
16:47:24 [native-log-bridge] DashSdkNative - 09-19 11:47:23.256  3488  4157 I DashSDK : platform_wallet::changeset::core_bridge: wallet-event batch: folded=1 wallets=1 synced_height_persisted=None synced_height_frozen=None synced_height_rejected=None faulted=0
16:47:24 [native-log-bridge] DashSdkNative - 09-19 11:47:23.425  3488  4155 I DashSDK : platform_wallet::changeset::core_bridge: wallet-event batch: folded=1 wallets=1 synced_height_persisted=Some(1556857) synced_height_frozen=None synced_height_rejected=None faulted=0
16:47:25 [DefaultDispatcher-worker-7] WalletTransactionMetadataProvider - txmetadata for 73e97a1b7cadce0b87621a7a6a2405a7d0c2987014e75ed9c38a05b848666206 does not exist, perform insert, then update
16:47:25 [DefaultDispatcher-worker-7] BLSJniLibrary - Initializing BLS JNI Library
16:47:25 [DefaultDispatcher-worker-7] WalletTransactionMetadataProvider - txmetadata for 73e97a1b7cadce0b87621a7a6a2405a7d0c2987014e75ed9c38a05b848666206 has no wallet tx, inserting SDK fallback row
16:47:25 [DefaultDispatcher-worker-6] WalletTransactionMetadataProvider - saving to cache: true = saving: false && current: Sat Sep 19 11:47:25 CDT 2026 > safe after: Wed Dec 31 18:00:00 CST 1969
16:47:31 [DefaultDispatcher-worker-13] BlockchainServiceImpl - network capabilities changed: 101, hasInternet: true, validated: true
16:47:31 [DefaultDispatcher-worker-13] BlockchainServiceImpl - acquiring check() mutex
16:47:31 [DefaultDispatcher-worker-13] BlockchainServiceImpl - check()
16:47:31 [DefaultDispatcher-worker-13] BlockchainServiceImpl - cutover committed — holding the dashj L1 engine; SDK owns L1 this launch
16:47:31 [DefaultDispatcher-worker-13] BlockchainServiceImpl - releasing check() mutex
16:47:34 [DefaultDispatcher-worker-12] BlockchainServiceImpl - network capabilities changed: 101, hasInternet: true, validated: true
16:47:34 [DefaultDispatcher-worker-12] BlockchainServiceImpl - acquiring check() mutex
16:47:34 [DefaultDispatcher-worker-12] BlockchainServiceImpl - check()
16:47:34 [DefaultDispatcher-worker-12] BlockchainServiceImpl - cutover committed — holding the dashj L1 engine; SDK owns L1 this launch
16:47:34 [DefaultDispatcher-worker-12] BlockchainServiceImpl - releasing check() mutex
16:47:52 [DefaultDispatcher-worker-2] BlockchainServiceImpl - network capabilities changed: 101, hasInternet: true, validated: true
16:47:52 [DefaultDispatcher-worker-9] BlockchainServiceImpl - acquiring check() mutex
16:47:52 [DefaultDispatcher-worker-9] BlockchainServiceImpl - check()
16:47:52 [DefaultDispatcher-worker-9] BlockchainServiceImpl - cutover committed — holding the dashj L1 engine; SDK owns L1 this launch
16:47:52 [DefaultDispatcher-worker-9] BlockchainServiceImpl - releasing check() mutex
16:47:55 [DefaultDispatcher-worker-4] BlockchainServiceImpl - network capabilities changed: 101, hasInternet: true, validated: true
16:47:55 [DefaultDispatcher-worker-4] BlockchainServiceImpl - acquiring check() mutex
16:47:55 [DefaultDispatcher-worker-4] BlockchainServiceImpl - check()
16:47:55 [DefaultDispatcher-worker-4] BlockchainServiceImpl - cutover committed — holding the dashj L1 engine; SDK owns L1 this launch
16:47:55 [DefaultDispatcher-worker-4] BlockchainServiceImpl - releasing check() mutex
16:47:56 [main] WalletTransactionMetadataProvider - saving to cache: true = saving: false && current: Sat Sep 19 11:47:56 CDT 2026 > safe after: Wed Dec 31 18:00:00 CST 1969
16:47:56 [DefaultDispatcher-worker-1] TxDisplayCacheService - metadata re-decorated 1 wrapperless row(s): 73e97a1b memo=17 chars
16:47:56 [main] WalletTransactionsFragment - STARTUP submitData called on thread=main at 1789836476730
16:48:00 [main] BlockchainServiceImpl - MEM pss=280MB nativeHeap=156/180MB jvm=21/576MB
16:48:00 [main] BlockchainServiceImpl - History of transactions/blocks/headers/mnlistdiff (sdk): 0/1/1/1, 0/1/1/1, 1/0/0/0, 0/155448/156855/1556855
16:48:25 [main] BlockchainIdentityData - creation: BlockchainIdentityData(NONE, null, null, null, null, null)
16:48:36 [DefaultDispatcher-worker-12] Constants - --> GET https://rates.ctx.com/rates?source=ctx
16:48:37 [DefaultDispatcher-worker-12] Constants - <-- 200 https://rates.ctx.com/rates?source=ctx (82ms, unknown-length body)
16:48:37 [DefaultDispatcher-worker-9] ExchangeRatesRepository - exchange rates updated successfully with de.schildbach.wallet.rates.DashRetailClient@faebbc2
16:48:37 [DefaultDispatcher-worker-13] ExchangeRatesRepository - updateTrigger
16:48:43 [main] DashPaymentIntentParser - network parameters = org.darkcoin.test
16:49:00 [main] BlockchainServiceImpl - MEM pss=286MB nativeHeap=156/180MB jvm=22/576MB
16:49:00 [main] BlockchainServiceImpl - History of transactions/blocks/headers/mnlistdiff (sdk): 0/0/0/0, 0/1/1/1, 0/1/1/1, 1/0/0/0, 0/155448/156855/1556855
16:49:04 [main] WalletActivityTracker - activity lifecycle: current: MainActivity, activities: 1 visible: 1 foreground: 0
16:49:04 [main] WalletActivityTracker - activity lifecycle: activity SendCoinsActivity created
16:49:04 [main] WalletActivityTracker - activity lifecycle: current: SendCoinsActivity, activities: 2 visible: 1 foreground: 0
16:49:05 [main] SecurityGuard - loading security guard [healthy=true] with keys: [keystore_healthy, fallback_pin_wallet_password_key, primary_ui_pin_key, modern_encryption_migration_complete, fallback_mnemonic_wallet_password_key, primary_wallet_password_key, fallback_mnemonic_ui_pin_key]
16:49:05 [main] SecurityGuard - loading security guard [healthy=true] with keys: [keystore_healthy, fallback_pin_wallet_password_key, primary_ui_pin_key, modern_encryption_migration_complete, fallback_mnemonic_wallet_password_key, primary_wallet_password_key, fallback_mnemonic_ui_pin_key]
16:49:05 [main] ModernEncryptionProvider - Decrypted data for alias: wallet_password_key
16:49:05 [main] ModernEncryptionProvider - Decrypted data for alias: ui_pin_key
16:49:05 [main] WalletActivityTracker - activity lifecycle: current: SendCoinsActivity, activities: 2 visible: 2 foreground: 0
16:49:05 [main] DashPaymentIntentParser - network parameters = org.darkcoin.test
16:49:05 [DefaultDispatcher-worker-4] BLSJniLibrary - Initializing BLS JNI Library
16:49:05 [DefaultDispatcher-worker-4] WalletBalanceObserver - process emit balance time: 0 ms, selector MaxOutputAmountCoinSelector
16:49:05 [main] SendCoinsViewModel - got PaymentIntent[null,[Output[null,XxKFsWFiRGcwqPKJYAWUoXquZY5MUY9hRu]],null]
16:49:05 [main] AmountView - Exchange rate is not initialized
16:49:05 [main] AmountView - Exchange rate is not initialized
16:49:05 [main] SendCoinsFragment - enterAmountViewModel.blockContinue = true, viewModel.dryRunSuccessful.value = false
16:49:05 [main] SendCoinsFragment - enterAmountViewModel.blockContinue = true, viewModel.dryRunSuccessful.value = false
16:49:05 [main] SecurityGuard - loading security guard [healthy=true] with keys: [keystore_healthy, fallback_pin_wallet_password_key, primary_ui_pin_key, modern_encryption_migration_complete, fallback_mnemonic_wallet_password_key, primary_wallet_password_key, fallback_mnemonic_ui_pin_key]
16:49:05 [main] SecurityGuard - loading security guard [healthy=true] with keys: [keystore_healthy, fallback_pin_wallet_password_key, primary_ui_pin_key, modern_encryption_migration_complete, fallback_mnemonic_wallet_password_key, primary_wallet_password_key, fallback_mnemonic_ui_pin_key]
16:49:05 [main] LockScreenActivity - show lock screen false = ![keepUnlocked=false] && autologout=true && (keepUnlockedUntilPenEntered=false || shouldLogout=false) || isHealthy=true
16:49:05 [main] WalletActivityTracker - activity lifecycle: current: SendCoinsActivity, activities: 2 visible: 2 foreground: 1
16:49:05 [main] BlockchainServiceImpl - .onStartCommand(Intent { cmp=hashengineering.darkcoin.wallet_test/de.schildbach.wallet.service.BlockchainServiceImpl })
16:49:05 [DefaultDispatcher-worker-2] BlockchainServiceImpl - onStartCommand waiting for onCreate to complete...
16:49:05 [DefaultDispatcher-worker-2] BlockchainServiceImpl - onCreate completed, processing onStartCommand
16:49:05 [DefaultDispatcher-worker-2] BLSJniLibrary - Initializing BLS JNI Library
16:49:05 [DefaultDispatcher-worker-2] BlockchainServiceImpl - service start command: Intent { cmp=hashengineering.darkcoin.wallet_test/de.schildbach.wallet.service.BlockchainServiceImpl }
16:49:05 [DefaultDispatcher-worker-2] BlockchainServiceImpl - .onStartCommand(Intent { cmp=hashengineering.darkcoin.wallet_test/de.schildbach.wallet.service.BlockchainServiceImpl }) finished
16:49:05 [main] SendCoinsViewModel - proceeding with PaymentIntent[null,[Output[null,XxKFsWFiRGcwqPKJYAWUoXquZY5MUY9hRu]],null]
16:49:05 [main] SendCoinsFragment - enterAmountViewModel.blockContinue = true, viewModel.dryRunSuccessful.value = false
16:49:05 [main] BlockchainServiceImpl - .onStartCommand(Intent { cmp=hashengineering.darkcoin.wallet_test/de.schildbach.wallet.service.BlockchainServiceImpl })
16:49:05 [DefaultDispatcher-worker-10] BlockchainServiceImpl - onStartCommand waiting for onCreate to complete...
16:49:05 [DefaultDispatcher-worker-10] BlockchainServiceImpl - onCreate completed, processing onStartCommand
16:49:05 [DefaultDispatcher-worker-10] BLSJniLibrary - Initializing BLS JNI Library
16:49:05 [DefaultDispatcher-worker-10] BlockchainServiceImpl - service start command: Intent { cmp=hashengineering.darkcoin.wallet_test/de.schildbach.wallet.service.BlockchainServiceImpl }
16:49:05 [DefaultDispatcher-worker-10] BlockchainServiceImpl - .onStartCommand(Intent { cmp=hashengineering.darkcoin.wallet_test/de.schildbach.wallet.service.BlockchainServiceImpl }) finished
16:49:05 [main] SendCoinsFragment - enterAmountViewModel.blockContinue = true, viewModel.dryRunSuccessful.value = false
16:49:05 [main] SendCoinsFragment - enterAmountViewModel.blockContinue = true, viewModel.dryRunSuccessful.value = false
16:49:05 [main] WalletActivityTracker - activity lifecycle: current: MainActivity, activities: 2 visible: 1 foreground: 1
16:49:11 [DefaultDispatcher-worker-5] BlockchainServiceImpl - network capabilities changed: 101, hasInternet: true, validated: true
16:49:11 [DefaultDispatcher-worker-5] BlockchainServiceImpl - acquiring check() mutex
16:49:11 [DefaultDispatcher-worker-5] BlockchainServiceImpl - check()
16:49:11 [DefaultDispatcher-worker-5] BlockchainServiceImpl - cutover committed — holding the dashj L1 engine; SDK owns L1 this launch
16:49:11 [DefaultDispatcher-worker-5] BlockchainServiceImpl - releasing check() mutex
16:49:11 [main] SendCoinsFragment - enterAmountViewModel.blockContinue = true, viewModel.dryRunSuccessful.value = false
16:49:17 [DefaultDispatcher-worker-2] BlockchainServiceImpl - network capabilities changed: 101, hasInternet: true, validated: true
16:49:17 [DefaultDispatcher-worker-2] BlockchainServiceImpl - acquiring check() mutex
16:49:17 [DefaultDispatcher-worker-2] BlockchainServiceImpl - check()
16:49:17 [DefaultDispatcher-worker-2] BlockchainServiceImpl - cutover committed — holding the dashj L1 engine; SDK owns L1 this launch
16:49:17 [DefaultDispatcher-worker-2] BlockchainServiceImpl - releasing check() mutex
16:49:17 [main] SendCoinsFragment - enterAmountViewModel.blockContinue = true, viewModel.dryRunSuccessful.value = false
16:49:28 [DefaultDispatcher-worker-4] SendCoinsViewModel - executeDryRun started
16:49:28 [DefaultDispatcher-worker-4] BLSJniLibrary - Initializing BLS JNI Library
16:49:28 [DefaultDispatcher-worker-4] BLSJniLibrary - Initializing BLS JNI Library
16:49:28 [DefaultDispatcher-worker-4] SendCoinsViewModel - executeDryRun finished (cutover-aware: SDK-overlaid affordability)
16:49:28 [main] SendCoinsFragment - enterAmountViewModel.blockContinue = false, viewModel.dryRunSuccessful.value = true
16:49:41 [main] BiometricHelper - No biometric credentials
16:49:41 [main] SendCoinsTaskRunner - authenticate with pin
16:49:41 [main] SecurityGuard - loading security guard [healthy=true] with keys: [keystore_healthy, fallback_pin_wallet_password_key, primary_ui_pin_key, modern_encryption_migration_complete, fallback_mnemonic_wallet_password_key, primary_wallet_password_key, fallback_mnemonic_ui_pin_key]
16:49:53 [DefaultDispatcher-worker-10] BlockchainServiceImpl - network capabilities changed: 101, hasInternet: true, validated: true
16:49:53 [DefaultDispatcher-worker-10] BlockchainServiceImpl - acquiring check() mutex
16:49:53 [DefaultDispatcher-worker-10] BlockchainServiceImpl - check()
16:49:53 [DefaultDispatcher-worker-10] BlockchainServiceImpl - cutover committed — holding the dashj L1 engine; SDK owns L1 this launch
16:49:53 [DefaultDispatcher-worker-10] BlockchainServiceImpl - releasing check() mutex
16:49:53 [main] SendCoinsFragment - enterAmountViewModel.blockContinue = false, viewModel.dryRunSuccessful.value = true
16:49:53 [main] BlockchainServiceImpl - cutover committed and SDK L1 scan synced — triggering identity/contacts discovery
16:49:53 [DefaultDispatcher-worker-12] BlockchainIdentityData - creation: BlockchainIdentityData(NONE, null, null, null, null, null)
16:49:53 [DefaultDispatcher-worker-12] PlatformSynchronizationService - discoverAndRecoverIdentity: checking for existing associated identity
16:49:53 [DefaultDispatcher-worker-12] SecurityGuard - loading security guard [healthy=true] with keys: [keystore_healthy, fallback_pin_wallet_password_key, primary_ui_pin_key, modern_encryption_migration_complete, fallback_mnemonic_wallet_password_key, primary_wallet_password_key, fallback_mnemonic_ui_pin_key]
16:49:53 [DefaultDispatcher-worker-12] ModernEncryptionProvider - Decrypted data for alias: wallet_password_key
16:49:53 [DefaultDispatcher-worker-12] KeyCrypterScrypt - Deriving key took 152.1 ms for N=65536, r=8, p=1.
16:49:53 [DefaultDispatcher-worker-12] DapiClient - getIdentityByFirstPublicKey(c412174bd91ebf548b25cc35b16494051c835f37)
16:49:53 [DefaultDispatcher-worker-12] PlatformSynchronizationService - discoverAndRecoverIdentity: no existing identity found
16:49:53 [DefaultDispatcher-worker-12] PlatformSynchronizationService - identity-discovery guard released (no identity found) — a later discovery may run again
16:49:53 [DefaultDispatcher-worker-12] BlockchainServiceImpl - post-cutover identity discovery found nothing and the wallet has no identity — re-arming; next attempt no sooner than 120000 ms from now
16:49:53 [DefaultDispatcher-worker-2] PlatformSynchronizationService - TxMetadata settings: saveToNetwork=false frequency=afterTenTransactions saveAfter=9223372036854775807 paymentCategory=false taxCategory=false exchangeRates=false memos=false giftCards=false storedDocuments=0
16:49:56 [DefaultDispatcher-worker-3] BlockchainServiceImpl - network capabilities changed: 101, hasInternet: true, validated: true
16:49:56 [DefaultDispatcher-worker-6] BlockchainServiceImpl - acquiring check() mutex
16:49:56 [DefaultDispatcher-worker-6] BlockchainServiceImpl - check()
16:49:56 [DefaultDispatcher-worker-6] BlockchainServiceImpl - cutover committed — holding the dashj L1 engine; SDK owns L1 this launch
16:49:56 [DefaultDispatcher-worker-6] BlockchainServiceImpl - releasing check() mutex
16:49:56 [main] SendCoinsFragment - enterAmountViewModel.blockContinue = false, viewModel.dryRunSuccessful.value = true
16:50:00 [main] BlockchainServiceImpl - MEM pss=285MB nativeHeap=159/182MB jvm=21/576MB
16:50:00 [main] BlockchainServiceImpl - History of transactions/blocks/headers/mnlistdiff (sdk): 0/0/0/0, 0/0/0/0, 0/1/1/1, 0/1/1/1, 1/0/0/0, 0/155448/156855/1556855
16:50:01 [main] SecurityGuard - loading security guard [healthy=true] with keys: [keystore_healthy, fallback_pin_wallet_password_key, primary_ui_pin_key, modern_encryption_migration_complete, fallback_mnemonic_wallet_password_key, primary_wallet_password_key, fallback_mnemonic_ui_pin_key]
16:50:01 [main] ModernEncryptionProvider - Decrypted data for alias: ui_pin_key
16:50:01 [main] AmountView - Exchange rate is not initialized
16:50:01 [main] AmountView - Exchange rate is not initialized
16:50:39 [DefaultDispatcher-worker-9] BLSJniLibrary - Initializing BLS JNI Library
16:50:39 [DefaultDispatcher-worker-9] BLSJniLibrary - Initializing BLS JNI Library
16:50:39 [DefaultDispatcher-worker-9] BLSJniLibrary - Initializing BLS JNI Library
16:50:39 [DefaultDispatcher-worker-9] BLSJniLibrary - Initializing BLS JNI Library
16:50:39 [DefaultDispatcher-worker-9] SendCoinsTaskRunner - cutover committed: routing the SendRequest payment via the SDK bridge (10000000 duffs to yhwrtTL9…)
16:50:39 [main] SendCoinsFragment - enterAmountViewModel.blockContinue = true, viewModel.dryRunSuccessful.value = true
16:50:39 [DefaultDispatcher-worker-13] L1ShadowSyncService - L1 engine tx event: Detected(txidHex=dcc0f4c5a09640373f019b40f145e71c426a94e97eab3cc83363819c151140fd, netAmountDuffs=-226, feeDuffs=null, contextCode=0, directionCode=2)
16:50:39 [DefaultDispatcher-worker-13] CutoverUiDataService - engine detected tx dcc0f4c5a09640373f019b40f145e71c426a94e97eab3cc83363819c151140fd pre-block (context=0, net=-226 duffs) — syncing display row now
16:50:39 [DefaultDispatcher-worker-11] CutoverUiDataService - SDK balance published: 99999774 duffs (was 100000000) | l1Synced=true rescanArmedHold=false dashPayBackfill(armed=false,replaying=false) deferredContactBuilds=0 (unchangedReads=3) persistedAsLastKnown=true lastKnown=none
16:50:40 [DefaultDispatcher-worker-1] Constants - --> GET https://rates.ctx.com/rates?source=ctx
16:50:40 [DefaultDispatcher-worker-1] Constants - <-- 200 https://rates.ctx.com/rates?source=ctx (79ms, unknown-length body)
16:50:40 [DefaultDispatcher-worker-2] ExchangeRatesRepository - exchange rates updated successfully with de.schildbach.wallet.rates.DashRetailClient@faebbc2
16:50:40 [DefaultDispatcher-worker-3] ExchangeRatesRepository - updateTrigger
16:50:40 [DefaultDispatcher-worker-13] CutoverUiDataService - cutover UI display sync: 1 SDK records → 1 inserts, 0 status updates
16:50:40 [DefaultDispatcher-worker-9] SdkL1SendService - SDK l1Send: broadcast 10000000 duffs to yhwrtTL9…, txid dcc0f4c5a09640373f019b40f145e71c426a94e97eab3cc83363819c151140fd
16:50:40 [DefaultDispatcher-worker-13] L1ShadowSyncService - L1 engine tx event: InstantLocked(txidHex=dcc0f4c5a09640373f019b40f145e71c426a94e97eab3cc83363819c151140fd)
16:50:40 [DefaultDispatcher-worker-15] BLSJniLibrary - Initializing BLS JNI Library
16:50:40 [DefaultDispatcher-worker-15] Wallet - commitTx of dcc0f4c5a09640373f019b40f145e71c426a94e97eab3cc83363819c151140fd
16:50:40 [DefaultDispatcher-worker-15] Wallet - commitTx of dcc0f4c5a09640373f019b40f145e71c426a94e97eab3cc83363819c151140fd
16:50:40 [DefaultDispatcher-worker-15] Wallet - ->pending: dcc0f4c5a09640373f019b40f145e71c426a94e97eab3cc83363819c151140fd
16:50:40 [DefaultDispatcher-worker-15] Wallet - Estimated balance is now: 0.10 DASH
16:50:40 [DefaultDispatcher-worker-15] KeyChainGroup - Marking key as used: DeterministicKey{pub=0384ecc5695d6e25ac3cf93e82fa62a779630aab4aa4c7123e12020db5d1490957, chainCode=0b1315e1893fab284abd9bd95e2b919d4f706d55a78a269d4e1d43a41641b970, path=M/44H/1H/0H/0/0, isEncrypted=true, isPubKeyOnly=true}
16:50:40 [DefaultDispatcher-worker-15] DeterministicKeyChain - 1 keys needed for M/44H/1H/0H/0 = 2 issued + 0 lookahead size + 0 lookahead threshold - 1 num children
16:50:40 [DefaultDispatcher-worker-15] DeterministicKeyChain - Took 424.5 μs
16:50:40 [DefaultDispatcher-worker-15] BlockchainServiceImpl - onCoinsReceived: dcc0f4c5a09640373f019b40f145e71c426a94e97eab3cc83363819c151140fd; rate: null; replaying: true; inside: false, config: PENDING; will update true
16:50:40 [dashj user thread] WalletObserver - observing transaction received: dcc0f4c5a09640373f019b40f145e71c426a94e97eab3cc83363819c151140fd [=====] de.schildbach.wallet.transactions.WalletObserver@e743b80
16:50:40 [dashj user thread] WalletObserver - observing transaction: start listening to dcc0f4c5a09640373f019b40f145e71c426a94e97eab3cc83363819c151140fd
16:50:40 [DefaultDispatcher-worker-15] BlockchainServiceImpl - Setting exchange rate on received transaction.  Rate:  {USD:59.7075} tx: dcc0f4c5a09640373f019b40f145e71c426a94e97eab3cc83363819c151140fd
16:50:40 [DefaultDispatcher-worker-3] WalletTransactionMetadataProvider - sync transaction metadata: dcc0f4c5a09640373f019b40f145e71c426a94e97eab3cc83363819c151140fd
16:50:40 [DefaultDispatcher-worker-3] WalletTransactionMetadataProvider - sync transaction metadata not exists: dcc0f4c5a09640373f019b40f145e71c426a94e97eab3cc83363819c151140fd
16:50:40 [main] BlockchainServiceImpl - tx dcc0f4c5a09640373f019b40f145e71c426a94e97eab3cc83363819c151140fd was authored by this wallet — not a receive, no notification
16:50:40 [DefaultDispatcher-worker-1] BLSJniLibrary - Initializing BLS JNI Library
16:50:40 [DefaultDispatcher-worker-8] BLSJniLibrary - Initializing BLS JNI Library
16:50:40 [DefaultDispatcher-worker-15] WalletFiles - Saving wallet; last seen block is height -1, date unknown, hash null
16:50:40 [DefaultDispatcher-worker-15] CoinJoinExtension - CoinJoinExtension serialization: 0ms total (keys:0ms[8], cache:0ms[0], salt:0ms, io:0ms, size:1431bytes, buffer:64KB)
16:50:40 [DefaultDispatcher-worker-15] WalletProtobufSerializer - walletToProto (serial=11) timing: 6ms total, init=0ms, tx=0ms[1], keys=0ms, scripts=0ms[0], metadata=0ms, ext=5ms, friendRecv=0ms, friendSend=0ms, build=0ms
16:50:40 [DefaultDispatcher-worker-15] WalletProtobufSerializer - writeWallet timing: 6ms total (6ms/100% serialization, 0ms/0% I/O) buffer=8KB
16:50:40 [DefaultDispatcher-worker-15] WalletFiles - Save completed in 8.173 ms (15820 bytes); /data/user/0/hashengineering.darkcoin.wallet_test/files/wallet-protobuf-testnet
16:50:40 [DefaultDispatcher-worker-3] BLSJniLibrary - Initializing BLS JNI Library
16:50:40 [DefaultDispatcher-worker-1] WalletBalanceObserver - process emit balance time: 8 ms, selector MaxOutputAmountCoinSelector
16:50:40 [DefaultDispatcher-worker-15] SdkBridgedTransactionFactory - bridged SDK tx dcc0f4c5a09640373f019b40f145e71c426a94e97eab3cc83363819c151140fd into the dashj wallet (committed)
16:50:40 [main] BlockchainServiceImpl - .onStartCommand(Intent { act=de.schildbach.wallet.service.broadcast_transaction cmp=hashengineering.darkcoin.wallet_test/de.schildbach.wallet.service.BlockchainServiceImpl (has extras) })
16:50:40 [DefaultDispatcher-worker-6] BlockchainServiceImpl - onStartCommand waiting for onCreate to complete...
16:50:40 [DefaultDispatcher-worker-6] BlockchainServiceImpl - onCreate completed, processing onStartCommand
16:50:40 [DefaultDispatcher-worker-6] BLSJniLibrary - Initializing BLS JNI Library
16:50:40 [DefaultDispatcher-worker-6] BlockchainServiceImpl - service start command: Intent { act=de.schildbach.wallet.service.broadcast_transaction cmp=hashengineering.darkcoin.wallet_test/de.schildbach.wallet.service.BlockchainServiceImpl (has extras) }
16:50:40 [DefaultDispatcher-worker-6] BlockchainServiceImpl - broadcast transaction requested for hash: dcc0f4c5a09640373f019b40f145e71c426a94e97eab3cc83363819c151140fd
16:50:40 [DefaultDispatcher-worker-6] BlockchainServiceImpl - found transaction dcc0f4c5a09640373f019b40f145e71c426a94e97eab3cc83363819c151140fd in wallet
16:50:40 [DefaultDispatcher-worker-6] BlockchainServiceImpl - peergroup not available, not broadcasting transaction dcc0f4c5a09640373f019b40f145e71c426a94e97eab3cc83363819c151140fd
16:50:40 [DefaultDispatcher-worker-6] BlockchainServiceImpl - .onStartCommand(Intent { act=de.schildbach.wallet.service.broadcast_transaction cmp=hashengineering.darkcoin.wallet_test/de.schildbach.wallet.service.BlockchainServiceImpl (has extras) }) finished
16:50:40 [main] SendCoinsFragment - enterAmountViewModel.blockContinue = true, viewModel.dryRunSuccessful.value = true
16:50:40 [DefaultDispatcher-worker-15] WalletTransactionMetadataProvider - saving to cache: true = saving: false && current: Sat Sep 19 11:50:40 CDT 2026 > safe after: Wed Dec 31 18:00:00 CST 1969
16:50:40 [DefaultDispatcher-worker-10] WalletTransactionMetadataProvider - txmetadata: inserting TransactionMetadata(txId=dcc0f4c5a09640373f019b40f145e71c426a94e97eab3cc83363819c151140fd, timestamp=1789836640855, value=10000000, type=Received, taxCategory=null, currencyCode=USD, rate=59.7075, memo=, service=null, customIconId=null)
16:50:40 [main] SendCoinsFragment - enterAmountViewModel.blockContinue = true, viewModel.dryRunSuccessful.value = true
16:50:40 [main] WalletActivityTracker - activity lifecycle: current: SendCoinsActivity, activities: 2 visible: 1 foreground: 0
16:50:40 [main] SendCoinsFragment - enterAmountViewModel.blockContinue = false, viewModel.dryRunSuccessful.value = true
16:50:40 [main] WalletActivityTracker - activity lifecycle: activity TransactionResultActivity created
16:50:40 [main] WalletActivityTracker - activity lifecycle: current: TransactionResultActivity, activities: 3 visible: 1 foreground: 0
16:50:40 [main] SecurityGuard - loading security guard [healthy=true] with keys: [keystore_healthy, fallback_pin_wallet_password_key, primary_ui_pin_key, modern_encryption_migration_complete, fallback_mnemonic_wallet_password_key, primary_wallet_password_key, fallback_mnemonic_ui_pin_key]
16:50:40 [main] SecurityGuard - loading security guard [healthy=true] with keys: [keystore_healthy, fallback_pin_wallet_password_key, primary_ui_pin_key, modern_encryption_migration_complete, fallback_mnemonic_wallet_password_key, primary_wallet_password_key, fallback_mnemonic_ui_pin_key]
16:50:40 [main] ModernEncryptionProvider - Decrypted data for alias: wallet_password_key
16:50:40 [main] ModernEncryptionProvider - Decrypted data for alias: ui_pin_key
16:50:40 [main] WalletActivityTracker - activity lifecycle: current: TransactionResultActivity, activities: 3 visible: 2 foreground: 0
16:50:40 [main] SecurityGuard - loading security guard [healthy=true] with keys: [keystore_healthy, fallback_pin_wallet_password_key, primary_ui_pin_key, modern_encryption_migration_complete, fallback_mnemonic_wallet_password_key, primary_wallet_password_key, fallback_mnemonic_ui_pin_key]
16:50:40 [main] SecurityGuard - loading security guard [healthy=true] with keys: [keystore_healthy, fallback_pin_wallet_password_key, primary_ui_pin_key, modern_encryption_migration_complete, fallback_mnemonic_wallet_password_key, primary_wallet_password_key, fallback_mnemonic_ui_pin_key]
16:50:40 [main] LockScreenActivity - show lock screen false = ![keepUnlocked=false] && autologout=true && (keepUnlockedUntilPenEntered=false || shouldLogout=false) || isHealthy=true
16:50:40 [main] WalletActivityTracker - activity lifecycle: current: TransactionResultActivity, activities: 3 visible: 2 foreground: 1
16:50:40 [main] BlockchainServiceImpl - .onStartCommand(Intent { cmp=hashengineering.darkcoin.wallet_test/de.schildbach.wallet.service.BlockchainServiceImpl })
16:50:40 [DefaultDispatcher-worker-10] BlockchainServiceImpl - onStartCommand waiting for onCreate to complete...
16:50:40 [DefaultDispatcher-worker-10] BlockchainServiceImpl - onCreate completed, processing onStartCommand
16:50:40 [DefaultDispatcher-worker-10] BLSJniLibrary - Initializing BLS JNI Library
16:50:40 [DefaultDispatcher-worker-10] BlockchainServiceImpl - service start command: Intent { cmp=hashengineering.darkcoin.wallet_test/de.schildbach.wallet.service.BlockchainServiceImpl }
16:50:40 [DefaultDispatcher-worker-10] BlockchainServiceImpl - .onStartCommand(Intent { cmp=hashengineering.darkcoin.wallet_test/de.schildbach.wallet.service.BlockchainServiceImpl }) finished
16:50:41 [DefaultDispatcher-worker-15] WalletTransactionMetadataProvider - metadata: TxOut of 0.10 DASH to yhwrtTL9rpH2B8Er71psqZGFqpZiyGUrkC script:DUP HASH160 PUSHDATA(20)[ed3daec448fe2037519d04a49fef273a15cfb6fc] EQUALVERIFY CHECKSIG
16:50:41 [DefaultDispatcher-worker-15] WalletTransactionMetadataProvider - metadata: TxOut of 0.89999774 DASH to yhuxhoTjG4RB2JsegSfzYu7GEitdh1NuCc script:DUP HASH160 PUSHDATA(20)[ece1b4bb7dfa3a5130c65a8e6fc445a382b5997e] EQUALVERIFY CHECKSIG
16:50:41 [main] WalletActivityTracker - activity lifecycle: current: SendCoinsActivity, activities: 3 visible: 1 foreground: 1
16:50:41 [main] WalletActivityTracker - activity lifecycle: activity SendCoinsActivity destroyed
16:50:41 [main] WalletActivityTracker - activity lifecycle: current: SendCoinsActivity, activities: 2 visible: 1 foreground: 1
16:50:41 [DefaultDispatcher-worker-10] BlockchainServiceImpl - network capabilities changed: 101, hasInternet: true, validated: true
16:50:41 [DefaultDispatcher-worker-10] BlockchainServiceImpl - acquiring check() mutex
16:50:41 [DefaultDispatcher-worker-10] BlockchainServiceImpl - check()
16:50:41 [DefaultDispatcher-worker-10] BlockchainServiceImpl - cutover committed — holding the dashj L1 engine; SDK owns L1 this launch
16:50:41 [DefaultDispatcher-worker-10] BlockchainServiceImpl - releasing check() mutex
16:50:50 [DefaultDispatcher-worker-11] BlockchainServiceImpl - network capabilities changed: 101, hasInternet: true, validated: true
16:50:50 [DefaultDispatcher-worker-11] BlockchainServiceImpl - acquiring check() mutex
16:50:50 [DefaultDispatcher-worker-11] BlockchainServiceImpl - check()
16:50:50 [DefaultDispatcher-worker-11] BlockchainServiceImpl - cutover committed — holding the dashj L1 engine; SDK owns L1 this launch
16:50:50 [DefaultDispatcher-worker-11] BlockchainServiceImpl - releasing check() mutex
16:50:54 [native-log-bridge] DashSdkNative - 09-19 11:50:40.015  3488  4155 I DashSDK : platform_wallet::changeset::core_bridge: wallet-event batch: folded=1 wallets=1 synced_height_persisted=None synced_height_frozen=None synced_height_rejected=None faulted=0
16:50:54 [native-log-bridge] DashSdkNative - 09-19 11:50:40.857  3488  4155 I DashSDK : platform_wallet::changeset::core_bridge: wallet-event batch: folded=1 wallets=1 synced_height_persisted=None synced_height_frozen=None synced_height_rejected=None faulted=0
16:51:00 [main] BlockchainServiceImpl - MEM pss=298MB nativeHeap=160/185MB jvm=21/576MB
16:51:00 [main] BlockchainServiceImpl - History of transactions/blocks/headers/mnlistdiff (sdk): 2/0/0/0, 0/0/0/0, 0/0/0/0, 0/1/1/1, 0/1/1/1, 1/0/0/0, 0/155448/156855/1556855
16:51:06 [main] WalletActivityTracker - activity lifecycle: current: TransactionResultActivity, activities: 2 visible: 1 foreground: 0
16:51:06 [main] WalletActivityTracker - activity lifecycle: current: MainActivity, activities: 2 visible: 2 foreground: 0
16:51:06 [main] SecurityGuard - loading security guard [healthy=true] with keys: [keystore_healthy, fallback_pin_wallet_password_key, primary_ui_pin_key, modern_encryption_migration_complete, fallback_mnemonic_wallet_password_key, primary_wallet_password_key, fallback_mnemonic_ui_pin_key]
16:51:06 [main] SecurityGuard - loading security guard [healthy=true] with keys: [keystore_healthy, fallback_pin_wallet_password_key, primary_ui_pin_key, modern_encryption_migration_complete, fallback_mnemonic_wallet_password_key, primary_wallet_password_key, fallback_mnemonic_ui_pin_key]
16:51:06 [main] LockScreenActivity - show lock screen false = ![keepUnlocked=false] && autologout=true && (keepUnlockedUntilPenEntered=false || shouldLogout=false) || isHealthy=true
16:51:06 [main] MainViewModel - platform available: true; no identity creation is progress: true
16:51:06 [main] MainActivity - updateTrigger => rateStale: RateRetrievalState(lastAttemptFailed=false, staleRates=false, volatile=false)
16:51:06 [main] WalletActivityTracker - activity lifecycle: current: MainActivity, activities: 2 visible: 2 foreground: 1
16:51:06 [main] WalletTransactionsFragment - STARTUP WalletTransactionsFragment.onViewCreated at 1789836666452
16:51:06 [main] HistoryHeaderAdapter - set invite, synced = true
16:51:06 [main] WalletTransactionsFragment - STARTUP submitData called on thread=main at 1789836666453
16:51:06 [DefaultDispatcher-worker-6] BLSJniLibrary - Initializing BLS JNI Library
16:51:06 [main] HistoryHeaderAdapter - set invite = null
16:51:06 [main] HistoryHeaderAdapter - set invite, synced = true
16:51:06 [main] BlockchainServiceImpl - .onStartCommand(Intent { cmp=hashengineering.darkcoin.wallet_test/de.schildbach.wallet.service.BlockchainServiceImpl })
16:51:06 [main] BlockchainServiceImpl - .onStartCommand(Intent { act=de.schildbach.wallet.service.cancel_coins_received cmp=hashengineering.darkcoin.wallet_test/de.schildbach.wallet.service.BlockchainServiceImpl })
16:51:06 [DefaultDispatcher-worker-6] BlockchainServiceImpl - onStartCommand waiting for onCreate to complete...
16:51:06 [DefaultDispatcher-worker-6] BlockchainServiceImpl - onCreate completed, processing onStartCommand
16:51:06 [DefaultDispatcher-worker-6] BLSJniLibrary - Initializing BLS JNI Library
16:51:06 [DefaultDispatcher-worker-6] BlockchainServiceImpl - service start command: Intent { cmp=hashengineering.darkcoin.wallet_test/de.schildbach.wallet.service.BlockchainServiceImpl }
16:51:06 [DefaultDispatcher-worker-6] BlockchainServiceImpl - .onStartCommand(Intent { cmp=hashengineering.darkcoin.wallet_test/de.schildbach.wallet.service.BlockchainServiceImpl }) finished
16:51:06 [DefaultDispatcher-worker-6] BlockchainServiceImpl - onStartCommand waiting for onCreate to complete...
16:51:06 [DefaultDispatcher-worker-6] BlockchainServiceImpl - onCreate completed, processing onStartCommand
16:51:06 [DefaultDispatcher-worker-6] BLSJniLibrary - Initializing BLS JNI Library
16:51:06 [DefaultDispatcher-worker-6] BlockchainServiceImpl - service start command: Intent { act=de.schildbach.wallet.service.cancel_coins_received cmp=hashengineering.darkcoin.wallet_test/de.schildbach.wallet.service.BlockchainServiceImpl }
16:51:06 [DefaultDispatcher-worker-6] BlockchainServiceImpl - .onStartCommand(Intent { act=de.schildbach.wallet.service.cancel_coins_received cmp=hashengineering.darkcoin.wallet_test/de.schildbach.wallet.service.BlockchainServiceImpl }) finished
16:51:06 [main] WalletFragment - most recent transaction: dcc0f4c5a09640373f019b40f145e71c426a94e97eab3cc83363819c151140fd
16:51:06 [main] DeviceInfoProvider - Detecting currency based on device, mobile network or locale:
16:51:06 [main] DeviceInfoProvider - Device Sim Country: us
16:51:06 [main] MainViewModel - Updating currency exchange rate based on country: US
16:51:06 [main] WalletTransactionsFragment - STARTUP swapping to live adapter: 3 items at 1789836666661
16:51:06 [main] WalletActivityTracker - activity lifecycle: current: TransactionResultActivity, activities: 2 visible: 1 foreground: 1
16:51:06 [main] WalletActivityTracker - activity lifecycle: activity TransactionResultActivity destroyed
16:51:06 [main] WalletActivityTracker - activity lifecycle: current: TransactionResultActivity, activities: 1 visible: 1 foreground: 1
16:51:14 [DefaultDispatcher-worker-6] BlockchainServiceImpl - network capabilities changed: 100, hasInternet: true, validated: true
16:51:14 [DefaultDispatcher-worker-6] BlockchainServiceImpl - acquiring check() mutex
16:51:14 [DefaultDispatcher-worker-6] BlockchainServiceImpl - check()
16:51:14 [DefaultDispatcher-worker-6] BlockchainServiceImpl - cutover committed — holding the dashj L1 engine; SDK owns L1 this launch
16:51:14 [DefaultDispatcher-worker-6] BlockchainServiceImpl - releasing check() mutex
16:51:14 [DefaultDispatcher-worker-11] BlockchainServiceImpl - network available: 100, hasInternet: true, validated: true, type: Cellular
16:51:14 [DefaultDispatcher-worker-11] BlockchainServiceImpl - acquiring check() mutex
16:51:14 [DefaultDispatcher-worker-11] BlockchainServiceImpl - check()
16:51:14 [DefaultDispatcher-worker-11] BlockchainServiceImpl - cutover committed — holding the dashj L1 engine; SDK owns L1 this launch
16:51:14 [DefaultDispatcher-worker-11] BlockchainServiceImpl - releasing check() mutex
16:51:15 [DefaultDispatcher-worker-10] BlockchainServiceImpl - network capabilities changed: 101, hasInternet: true, validated: true
16:51:15 [DefaultDispatcher-worker-10] BlockchainServiceImpl - acquiring check() mutex
16:51:15 [DefaultDispatcher-worker-10] BlockchainServiceImpl - check()
16:51:15 [DefaultDispatcher-worker-10] BlockchainServiceImpl - cutover committed — holding the dashj L1 engine; SDK owns L1 this launch
16:51:15 [DefaultDispatcher-worker-10] BlockchainServiceImpl - releasing check() mutex
16:51:18 [DefaultDispatcher-worker-3] BlockchainServiceImpl - network capabilities changed: 101, hasInternet: true, validated: true
16:51:18 [DefaultDispatcher-worker-3] BlockchainServiceImpl - acquiring check() mutex
16:51:18 [DefaultDispatcher-worker-3] BlockchainServiceImpl - check()
16:51:18 [DefaultDispatcher-worker-3] BlockchainServiceImpl - cutover committed — holding the dashj L1 engine; SDK owns L1 this launch
16:51:18 [DefaultDispatcher-worker-3] BlockchainServiceImpl - releasing check() mutex
16:51:21 [DefaultDispatcher-worker-3] BlockchainServiceImpl - network capabilities changed: 101, hasInternet: true, validated: true
16:51:21 [DefaultDispatcher-worker-3] BlockchainServiceImpl - acquiring check() mutex
16:51:21 [DefaultDispatcher-worker-3] BlockchainServiceImpl - check()
16:51:21 [DefaultDispatcher-worker-3] BlockchainServiceImpl - cutover committed — holding the dashj L1 engine; SDK owns L1 this launch
16:51:21 [DefaultDispatcher-worker-3] BlockchainServiceImpl - releasing check() mutex
16:51:37 [DefaultDispatcher-worker-10] Constants - --> GET https://rates.ctx.com/rates?source=ctx
16:51:37 [DefaultDispatcher-worker-10] Constants - <-- 200 https://rates.ctx.com/rates?source=ctx (84ms, unknown-length body)
16:51:37 [DefaultDispatcher-worker-13] ExchangeRatesRepository - exchange rates updated successfully with de.schildbach.wallet.rates.DashRetailClient@faebbc2
16:51:37 [DefaultDispatcher-worker-13] ExchangeRatesRepository - updateTrigger
16:51:40 [main] BlockchainIdentityData - creation: BlockchainIdentityData(NONE, null, null, null, null, null)
16:51:48 [DefaultDispatcher-worker-14] L1ShadowSyncService - L1 engine chainlock height 1556857 -> 1556858
16:51:48 [DefaultDispatcher-worker-1] MainViewModel - blockchain state update: mnlist=1556857; chain=1556857; wallet=-1
16:51:48 [DefaultDispatcher-worker-13] BlockchainServiceImpl - network capabilities changed: 101, hasInternet: true, validated: true
16:51:48 [DefaultDispatcher-worker-13] BlockchainServiceImpl - acquiring check() mutex
16:51:48 [DefaultDispatcher-worker-13] BlockchainServiceImpl - check()
16:51:48 [DefaultDispatcher-worker-13] BlockchainServiceImpl - cutover committed — holding the dashj L1 engine; SDK owns L1 this launch
16:51:48 [DefaultDispatcher-worker-13] BlockchainServiceImpl - releasing check() mutex
16:51:48 [DefaultDispatcher-worker-2] L1ShadowSyncService - L1Shadow phase=SYNCED 100.0% headers 1556858/1556858 filters 1556858/1556858 wallet 1556858
16:51:48 [DefaultDispatcher-worker-4] MainViewModel - blockchain state update: mnlist=1556858; chain=1556858; wallet=-1
16:51:48 [DefaultDispatcher-worker-11] MainViewModel - blockchain state update: mnlist=1556858; chain=1556858; wallet=-1
16:51:54 [DefaultDispatcher-worker-7] BlockchainServiceImpl - network lost: 100, remaining networks: 1
16:51:54 [DefaultDispatcher-worker-3] BlockchainServiceImpl - network capabilities changed: 101, hasInternet: true, validated: true
16:51:54 [DefaultDispatcher-worker-3] BlockchainServiceImpl - acquiring check() mutex
16:51:54 [DefaultDispatcher-worker-3] BlockchainServiceImpl - check()
16:51:54 [DefaultDispatcher-worker-3] BlockchainServiceImpl - cutover committed — holding the dashj L1 engine; SDK owns L1 this launch
16:51:54 [DefaultDispatcher-worker-3] BlockchainServiceImpl - releasing check() mutex
16:51:54 [main] BlockchainServiceImpl - cutover committed and SDK L1 scan synced — triggering identity/contacts discovery
16:51:54 [DefaultDispatcher-worker-13] BlockchainIdentityData - creation: BlockchainIdentityData(NONE, null, null, null, null, null)
16:51:54 [DefaultDispatcher-worker-13] PlatformSynchronizationService - discoverAndRecoverIdentity: checking for existing associated identity
16:51:54 [DefaultDispatcher-worker-13] SecurityGuard - loading security guard [healthy=true] with keys: [keystore_healthy, fallback_pin_wallet_password_key, primary_ui_pin_key, modern_encryption_migration_complete, fallback_mnemonic_wallet_password_key, primary_wallet_password_key, fallback_mnemonic_ui_pin_key]
16:51:54 [DefaultDispatcher-worker-13] ModernEncryptionProvider - Decrypted data for alias: wallet_password_key
16:51:54 [DefaultDispatcher-worker-13] KeyCrypterScrypt - Deriving key took 114.1 ms for N=65536, r=8, p=1.
16:51:54 [DefaultDispatcher-worker-13] DapiClient - getIdentityByFirstPublicKey(c412174bd91ebf548b25cc35b16494051c835f37)
16:51:54 [DefaultDispatcher-worker-13] PlatformSynchronizationService - discoverAndRecoverIdentity: no existing identity found
16:51:54 [DefaultDispatcher-worker-13] PlatformSynchronizationService - identity-discovery guard released (no identity found) — a later discovery may run again
16:51:54 [DefaultDispatcher-worker-13] BlockchainServiceImpl - post-cutover identity discovery found nothing and the wallet has no identity — re-arming; next attempt no sooner than 120000 ms from now
16:51:54 [DefaultDispatcher-worker-14] PlatformSynchronizationService - TxMetadata settings: saveToNetwork=false frequency=afterTenTransactions saveAfter=9223372036854775807 paymentCategory=false taxCategory=false exchangeRates=false memos=false giftCards=false storedDocuments=0
16:51:55 [native-log-bridge] DashSdkNative - 09-19 11:51:48.041  3488  4157 I DashSDK : platform_wallet::changeset::core_bridge: wallet-event batch: folded=1 wallets=1 synced_height_persisted=None synced_height_frozen=None synced_height_rejected=None faulted=0
16:51:55 [native-log-bridge] DashSdkNative - 09-19 11:51:48.366  3488  4155 I DashSDK : platform_wallet::changeset::core_bridge: wallet-event batch: folded=1 wallets=1 synced_height_persisted=None synced_height_frozen=None synced_height_rejected=None faulted=0
16:51:55 [native-log-bridge] DashSdkNative - 09-19 11:51:48.369  3488  4158 I DashSDK : platform_wallet::changeset::core_bridge: wallet-event batch: folded=1 wallets=1 synced_height_persisted=Some(1556858) synced_height_frozen=None synced_height_rejected=None faulted=0
16:51:57 [DefaultDispatcher-worker-2] BlockchainServiceImpl - network capabilities changed: 101, hasInternet: true, validated: true
16:51:57 [DefaultDispatcher-worker-2] BlockchainServiceImpl - acquiring check() mutex
16:51:57 [DefaultDispatcher-worker-2] BlockchainServiceImpl - check()
16:51:57 [DefaultDispatcher-worker-2] BlockchainServiceImpl - cutover committed — holding the dashj L1 engine; SDK owns L1 this launch
16:51:57 [DefaultDispatcher-worker-2] BlockchainServiceImpl - releasing check() mutex
16:52:00 [main] BlockchainServiceImpl - MEM pss=297MB nativeHeap=167/193MB jvm=22/576MB
16:52:00 [main] BlockchainServiceImpl - History of transactions/blocks/headers/mnlistdiff (sdk): 0/1/1/1, 2/0/0/0, 0/0/0/0, 0/0/0/0, 0/1/1/1, 0/1/1/1, 1/0/0/0, 0/155448/156855/1556855
16:52:00 [DefaultDispatcher-worker-4] BlockchainServiceImpl - network capabilities changed: 101, hasInternet: true, validated: true
16:52:00 [DefaultDispatcher-worker-4] BlockchainServiceImpl - acquiring check() mutex
16:52:00 [DefaultDispatcher-worker-4] BlockchainServiceImpl - check()
16:52:00 [DefaultDispatcher-worker-4] BlockchainServiceImpl - cutover committed — holding the dashj L1 engine; SDK owns L1 this launch
16:52:00 [DefaultDispatcher-worker-4] BlockchainServiceImpl - releasing check() mutex
16:52:11 [main] WalletActivityTracker - activity lifecycle: current: MainActivity, activities: 1 visible: 1 foreground: 0
16:52:11 [main] WalletActivityTracker - activity lifecycle: activity SendCoinsActivity created
16:52:11 [main] WalletActivityTracker - activity lifecycle: current: SendCoinsActivity, activities: 2 visible: 1 foreground: 0
16:52:11 [main] SecurityGuard - loading security guard [healthy=true] with keys: [keystore_healthy, fallback_pin_wallet_password_key, primary_ui_pin_key, modern_encryption_migration_complete, fallback_mnemonic_wallet_password_key, primary_wallet_password_key, fallback_mnemonic_ui_pin_key]
16:52:11 [main] SecurityGuard - loading security guard [healthy=true] with keys: [keystore_healthy, fallback_pin_wallet_password_key, primary_ui_pin_key, modern_encryption_migration_complete, fallback_mnemonic_wallet_password_key, primary_wallet_password_key, fallback_mnemonic_ui_pin_key]
16:52:11 [main] ModernEncryptionProvider - Decrypted data for alias: wallet_password_key
16:52:11 [main] ModernEncryptionProvider - Decrypted data for alias: ui_pin_key
16:52:11 [main] WalletActivityTracker - activity lifecycle: current: SendCoinsActivity, activities: 2 visible: 2 foreground: 0
16:52:11 [main] DashPaymentIntentParser - network parameters = org.darkcoin.test
16:52:11 [DefaultDispatcher-worker-9] BLSJniLibrary - Initializing BLS JNI Library
16:52:11 [DefaultDispatcher-worker-9] WalletBalanceObserver - process emit balance time: 0 ms, selector MaxOutputAmountCoinSelector
16:52:11 [main] SendCoinsViewModel - got PaymentIntent[null,[Output[null,XeENmUHf4ArxWTgsmE8QQgiScL2K8BNvez]],null]
16:52:11 [DefaultDispatcher-worker-8] Constants - --> GET https://rates.ctx.com/rates?source=ctx
16:52:11 [main] AmountView - Exchange rate is not initialized
16:52:11 [main] AmountView - Exchange rate is not initialized
16:52:11 [main] SendCoinsFragment - enterAmountViewModel.blockContinue = true, viewModel.dryRunSuccessful.value = false
16:52:11 [main] SendCoinsFragment - enterAmountViewModel.blockContinue = true, viewModel.dryRunSuccessful.value = false
16:52:11 [main] SecurityGuard - loading security guard [healthy=true] with keys: [keystore_healthy, fallback_pin_wallet_password_key, primary_ui_pin_key, modern_encryption_migration_complete, fallback_mnemonic_wallet_password_key, primary_wallet_password_key, fallback_mnemonic_ui_pin_key]
16:52:11 [main] SecurityGuard - loading security guard [healthy=true] with keys: [keystore_healthy, fallback_pin_wallet_password_key, primary_ui_pin_key, modern_encryption_migration_complete, fallback_mnemonic_wallet_password_key, primary_wallet_password_key, fallback_mnemonic_ui_pin_key]
16:52:11 [main] LockScreenActivity - show lock screen false = ![keepUnlocked=false] && autologout=true && (keepUnlockedUntilPenEntered=false || shouldLogout=false) || isHealthy=true
16:52:11 [main] WalletActivityTracker - activity lifecycle: current: SendCoinsActivity, activities: 2 visible: 2 foreground: 1
16:52:11 [DefaultDispatcher-worker-8] Constants - <-- 200 https://rates.ctx.com/rates?source=ctx (97ms, unknown-length body)
16:52:11 [main] BlockchainServiceImpl - .onStartCommand(Intent { cmp=hashengineering.darkcoin.wallet_test/de.schildbach.wallet.service.BlockchainServiceImpl })
16:52:11 [DefaultDispatcher-worker-8] BlockchainServiceImpl - onStartCommand waiting for onCreate to complete...
16:52:11 [DefaultDispatcher-worker-8] BlockchainServiceImpl - onCreate completed, processing onStartCommand
16:52:11 [DefaultDispatcher-worker-8] BLSJniLibrary - Initializing BLS JNI Library
16:52:11 [DefaultDispatcher-worker-8] BlockchainServiceImpl - service start command: Intent { cmp=hashengineering.darkcoin.wallet_test/de.schildbach.wallet.service.BlockchainServiceImpl }
16:52:11 [DefaultDispatcher-worker-8] BlockchainServiceImpl - .onStartCommand(Intent { cmp=hashengineering.darkcoin.wallet_test/de.schildbach.wallet.service.BlockchainServiceImpl }) finished
16:52:11 [main] SendCoinsViewModel - proceeding with PaymentIntent[null,[Output[null,XeENmUHf4ArxWTgsmE8QQgiScL2K8BNvez]],null]
16:52:11 [main] SendCoinsFragment - enterAmountViewModel.blockContinue = true, viewModel.dryRunSuccessful.value = false
16:52:11 [main] BlockchainServiceImpl - .onStartCommand(Intent { cmp=hashengineering.darkcoin.wallet_test/de.schildbach.wallet.service.BlockchainServiceImpl })
16:52:11 [DefaultDispatcher-worker-1] BlockchainServiceImpl - onStartCommand waiting for onCreate to complete...
16:52:11 [DefaultDispatcher-worker-1] BlockchainServiceImpl - onCreate completed, processing onStartCommand
16:52:11 [DefaultDispatcher-worker-1] BLSJniLibrary - Initializing BLS JNI Library
16:52:11 [DefaultDispatcher-worker-1] BlockchainServiceImpl - service start command: Intent { cmp=hashengineering.darkcoin.wallet_test/de.schildbach.wallet.service.BlockchainServiceImpl }
16:52:11 [DefaultDispatcher-worker-1] BlockchainServiceImpl - .onStartCommand(Intent { cmp=hashengineering.darkcoin.wallet_test/de.schildbach.wallet.service.BlockchainServiceImpl }) finished
16:52:11 [main] SendCoinsFragment - enterAmountViewModel.blockContinue = true, viewModel.dryRunSuccessful.value = false
16:52:11 [DefaultDispatcher-worker-6] ExchangeRatesRepository - exchange rates updated successfully with de.schildbach.wallet.rates.DashRetailClient@faebbc2
16:52:11 [main] SendCoinsFragment - enterAmountViewModel.blockContinue = true, viewModel.dryRunSuccessful.value = false
16:52:11 [DefaultDispatcher-worker-13] ExchangeRatesRepository - updateTrigger
16:52:11 [main] WalletActivityTracker - activity lifecycle: current: MainActivity, activities: 2 visible: 1 foreground: 1
16:52:11 [main] SendCoinsFragment - enterAmountViewModel.blockContinue = true, viewModel.dryRunSuccessful.value = false
16:52:21 [DefaultDispatcher-worker-4] SendCoinsViewModel - executeDryRun started
16:52:21 [DefaultDispatcher-worker-4] BLSJniLibrary - Initializing BLS JNI Library
16:52:21 [DefaultDispatcher-worker-4] BLSJniLibrary - Initializing BLS JNI Library
16:52:21 [DefaultDispatcher-worker-4] SendCoinsViewModel - executeDryRun finished (cutover-aware: SDK-overlaid affordability)
16:52:21 [main] SendCoinsFragment - enterAmountViewModel.blockContinue = false, viewModel.dryRunSuccessful.value = true
16:52:24 [main] BiometricHelper - No biometric credentials
16:52:24 [main] SendCoinsTaskRunner - authenticate with pin
16:52:24 [main] SecurityGuard - loading security guard [healthy=true] with keys: [keystore_healthy, fallback_pin_wallet_password_key, primary_ui_pin_key, modern_encryption_migration_complete, fallback_mnemonic_wallet_password_key, primary_wallet_password_key, fallback_mnemonic_ui_pin_key]
16:52:45 [main] SecurityGuard - loading security guard [healthy=true] with keys: [keystore_healthy, fallback_pin_wallet_password_key, primary_ui_pin_key, modern_encryption_migration_complete, fallback_mnemonic_wallet_password_key, primary_wallet_password_key, fallback_mnemonic_ui_pin_key]
16:52:45 [main] ModernEncryptionProvider - Decrypted data for alias: ui_pin_key
16:52:45 [main] AmountView - Exchange rate is not initialized
16:52:45 [main] AmountView - Exchange rate is not initialized
16:52:48 [DefaultDispatcher-worker-15] BlockchainServiceImpl - network capabilities changed: 101, hasInternet: true, validated: true
16:52:48 [DefaultDispatcher-worker-2] BlockchainServiceImpl - acquiring check() mutex
16:52:48 [DefaultDispatcher-worker-2] BlockchainServiceImpl - check()
16:52:48 [DefaultDispatcher-worker-2] BlockchainServiceImpl - cutover committed — holding the dashj L1 engine; SDK owns L1 this launch
16:52:48 [DefaultDispatcher-worker-2] BlockchainServiceImpl - releasing check() mutex
16:52:48 [main] SendCoinsFragment - enterAmountViewModel.blockContinue = false, viewModel.dryRunSuccessful.value = true
16:52:51 [DefaultDispatcher-worker-3] BlockchainServiceImpl - network capabilities changed: 101, hasInternet: true, validated: true
16:52:51 [DefaultDispatcher-worker-3] BlockchainServiceImpl - acquiring check() mutex
16:52:51 [DefaultDispatcher-worker-3] BlockchainServiceImpl - check()
16:52:51 [DefaultDispatcher-worker-3] BlockchainServiceImpl - cutover committed — holding the dashj L1 engine; SDK owns L1 this launch
16:52:51 [DefaultDispatcher-worker-3] BlockchainServiceImpl - releasing check() mutex
16:52:51 [main] SendCoinsFragment - enterAmountViewModel.blockContinue = false, viewModel.dryRunSuccessful.value = true
16:52:54 [DefaultDispatcher-worker-7] BLSJniLibrary - Initializing BLS JNI Library
16:52:54 [DefaultDispatcher-worker-7] BLSJniLibrary - Initializing BLS JNI Library
16:52:54 [DefaultDispatcher-worker-7] BLSJniLibrary - Initializing BLS JNI Library
16:52:54 [DefaultDispatcher-worker-7] BLSJniLibrary - Initializing BLS JNI Library
16:52:54 [DefaultDispatcher-worker-7] SendCoinsTaskRunner - cutover committed: routing the SendRequest payment via the SDK bridge (20000000 duffs to yPrynRN6…)
16:52:54 [DefaultDispatcher-worker-1] L1ShadowSyncService - L1 engine tx event: Detected(txidHex=ae7ee67dbe9fb1fc3c4fd54bf69b102e272fe69f1547bae3f510bf83d5925553, netAmountDuffs=-20000226, feeDuffs=null, contextCode=0, directionCode=1)
16:52:54 [DefaultDispatcher-worker-1] CutoverUiDataService - engine detected tx ae7ee67dbe9fb1fc3c4fd54bf69b102e272fe69f1547bae3f510bf83d5925553 pre-block (context=0, net=-20000226 duffs) — syncing display row now
16:52:54 [DefaultDispatcher-worker-1] CutoverUiDataService - SDK balance published: 79999548 duffs (was 99999774) | l1Synced=true rescanArmedHold=false dashPayBackfill(armed=false,replaying=false) deferredContactBuilds=0 (unchangedReads=3) persistedAsLastKnown=true lastKnown=none
16:52:54 [main] SendCoinsFragment - enterAmountViewModel.blockContinue = true, viewModel.dryRunSuccessful.value = true
16:52:54 [DefaultDispatcher-worker-10] Constants - --> GET https://rates.ctx.com/rates?source=ctx
16:52:54 [DefaultDispatcher-worker-10] Constants - <-- 200 https://rates.ctx.com/rates?source=ctx (95ms, unknown-length body)
16:52:54 [DefaultDispatcher-worker-15] ExchangeRatesRepository - exchange rates updated successfully with de.schildbach.wallet.rates.DashRetailClient@faebbc2
16:52:54 [DefaultDispatcher-worker-8] ExchangeRatesRepository - updateTrigger
16:52:54 [DefaultDispatcher-worker-8] CutoverUiDataService - cutover UI display sync: 1 SDK records → 1 inserts, 0 status updates
16:52:55 [native-log-bridge] DashSdkNative - 09-19 11:52:54.474  3488  4157 I DashSDK : platform_wallet::changeset::core_bridge: wallet-event batch: folded=1 wallets=1 synced_height_persisted=None synced_height_frozen=None synced_height_rejected=None faulted=0
16:52:55 [DefaultDispatcher-worker-15] L1ShadowSyncService - L1 engine tx event: InstantLocked(txidHex=ae7ee67dbe9fb1fc3c4fd54bf69b102e272fe69f1547bae3f510bf83d5925553)
16:52:55 [DefaultDispatcher-worker-7] SdkL1SendService - SDK l1Send: broadcast 20000000 duffs to yPrynRN6…, txid ae7ee67dbe9fb1fc3c4fd54bf69b102e272fe69f1547bae3f510bf83d5925553
16:52:55 [DefaultDispatcher-worker-1] BLSJniLibrary - Initializing BLS JNI Library
16:52:55 [DefaultDispatcher-worker-1] Wallet - commitTx of ae7ee67dbe9fb1fc3c4fd54bf69b102e272fe69f1547bae3f510bf83d5925553
16:52:55 [DefaultDispatcher-worker-1] Wallet - commitTx of ae7ee67dbe9fb1fc3c4fd54bf69b102e272fe69f1547bae3f510bf83d5925553
16:52:55 [DefaultDispatcher-worker-1] Wallet -   marked dcc0f4c5a09640373f019b40f145e71c426a94e97eab3cc83363819c151140fd:1 as spent by ae7ee67dbe9fb1fc3c4fd54bf69b102e272fe69f1547bae3f510bf83d5925553
16:52:55 [DefaultDispatcher-worker-1] Wallet - ->pending: ae7ee67dbe9fb1fc3c4fd54bf69b102e272fe69f1547bae3f510bf83d5925553
16:52:55 [DefaultDispatcher-worker-1] Wallet - Estimated balance is now: 0.10 DASH
16:52:55 [DefaultDispatcher-worker-1] WalletFiles - Saving wallet; last seen block is height -1, date unknown, hash null
16:52:55 [DefaultDispatcher-worker-1] CoinJoinExtension - CoinJoinExtension serialization: 0ms total (keys:0ms[8], cache:0ms[0], salt:0ms, io:0ms, size:1431bytes, buffer:64KB)
16:52:55 [DefaultDispatcher-worker-1] WalletProtobufSerializer - walletToProto (serial=12) timing: 1ms total, init=0ms, tx=0ms[2], keys=0ms, scripts=0ms[0], metadata=0ms, ext=0ms, friendRecv=0ms, friendSend=0ms, build=0ms
16:52:55 [DefaultDispatcher-worker-1] WalletProtobufSerializer - writeWallet timing: 0ms total (0ms/0% serialization, 0ms/0% I/O) buffer=8KB
16:52:55 [DefaultDispatcher-worker-9] CutoverUiDataService - engine IS lock for ae7ee67dbe9fb1fc3c4fd54bf69b102e272fe69f1547bae3f510bf83d5925553 — display row flipped pre-block
16:52:55 [DefaultDispatcher-worker-1] WalletFiles - Save completed in 7.780 ms (16141 bytes); /data/user/0/hashengineering.darkcoin.wallet_test/files/wallet-protobuf-testnet
16:52:55 [DefaultDispatcher-worker-1] SdkBridgedTransactionFactory - bridged SDK tx ae7ee67dbe9fb1fc3c4fd54bf69b102e272fe69f1547bae3f510bf83d5925553 into the dashj wallet (committed)
16:52:55 [main] SendCoinsFragment - enterAmountViewModel.blockContinue = true, viewModel.dryRunSuccessful.value = true
16:52:55 [main] SendCoinsFragment - enterAmountViewModel.blockContinue = true, viewModel.dryRunSuccessful.value = true
16:52:55 [main] BlockchainServiceImpl - .onStartCommand(Intent { act=de.schildbach.wallet.service.broadcast_transaction cmp=hashengineering.darkcoin.wallet_test/de.schildbach.wallet.service.BlockchainServiceImpl (has extras) })
16:52:55 [DefaultDispatcher-worker-1] BlockchainServiceImpl - onStartCommand waiting for onCreate to complete...
16:52:55 [DefaultDispatcher-worker-1] BlockchainServiceImpl - onCreate completed, processing onStartCommand
16:52:55 [DefaultDispatcher-worker-1] BLSJniLibrary - Initializing BLS JNI Library
16:52:55 [DefaultDispatcher-worker-1] BlockchainServiceImpl - service start command: Intent { act=de.schildbach.wallet.service.broadcast_transaction cmp=hashengineering.darkcoin.wallet_test/de.schildbach.wallet.service.BlockchainServiceImpl (has extras) }
16:52:55 [DefaultDispatcher-worker-1] BlockchainServiceImpl - broadcast transaction requested for hash: ae7ee67dbe9fb1fc3c4fd54bf69b102e272fe69f1547bae3f510bf83d5925553
16:52:55 [DefaultDispatcher-worker-1] BlockchainServiceImpl - found transaction ae7ee67dbe9fb1fc3c4fd54bf69b102e272fe69f1547bae3f510bf83d5925553 in wallet
16:52:55 [DefaultDispatcher-worker-1] BlockchainServiceImpl - peergroup not available, not broadcasting transaction ae7ee67dbe9fb1fc3c4fd54bf69b102e272fe69f1547bae3f510bf83d5925553
16:52:55 [DefaultDispatcher-worker-1] BlockchainServiceImpl - .onStartCommand(Intent { act=de.schildbach.wallet.service.broadcast_transaction cmp=hashengineering.darkcoin.wallet_test/de.schildbach.wallet.service.BlockchainServiceImpl (has extras) }) finished
16:52:55 [main] WalletActivityTracker - activity lifecycle: current: SendCoinsActivity, activities: 2 visible: 1 foreground: 0
16:52:55 [main] SendCoinsFragment - enterAmountViewModel.blockContinue = false, viewModel.dryRunSuccessful.value = true
16:52:55 [main] WalletActivityTracker - activity lifecycle: activity TransactionResultActivity created
16:52:55 [main] WalletActivityTracker - activity lifecycle: current: TransactionResultActivity, activities: 3 visible: 1 foreground: 0
16:52:55 [main] SecurityGuard - loading security guard [healthy=true] with keys: [keystore_healthy, fallback_pin_wallet_password_key, primary_ui_pin_key, modern_encryption_migration_complete, fallback_mnemonic_wallet_password_key, primary_wallet_password_key, fallback_mnemonic_ui_pin_key]
16:52:55 [main] SecurityGuard - loading security guard [healthy=true] with keys: [keystore_healthy, fallback_pin_wallet_password_key, primary_ui_pin_key, modern_encryption_migration_complete, fallback_mnemonic_wallet_password_key, primary_wallet_password_key, fallback_mnemonic_ui_pin_key]
16:52:55 [main] ModernEncryptionProvider - Decrypted data for alias: wallet_password_key
16:52:55 [main] ModernEncryptionProvider - Decrypted data for alias: ui_pin_key
16:52:55 [main] WalletActivityTracker - activity lifecycle: current: TransactionResultActivity, activities: 3 visible: 2 foreground: 0
16:52:55 [main] SecurityGuard - loading security guard [healthy=true] with keys: [keystore_healthy, fallback_pin_wallet_password_key, primary_ui_pin_key, modern_encryption_migration_complete, fallback_mnemonic_wallet_password_key, primary_wallet_password_key, fallback_mnemonic_ui_pin_key]
16:52:55 [main] SecurityGuard - loading security guard [healthy=true] with keys: [keystore_healthy, fallback_pin_wallet_password_key, primary_ui_pin_key, modern_encryption_migration_complete, fallback_mnemonic_wallet_password_key, primary_wallet_password_key, fallback_mnemonic_ui_pin_key]
16:52:55 [main] LockScreenActivity - show lock screen false = ![keepUnlocked=false] && autologout=true && (keepUnlockedUntilPenEntered=false || shouldLogout=false) || isHealthy=true
16:52:55 [main] WalletActivityTracker - activity lifecycle: current: TransactionResultActivity, activities: 3 visible: 2 foreground: 1
16:52:55 [main] BlockchainServiceImpl - .onStartCommand(Intent { cmp=hashengineering.darkcoin.wallet_test/de.schildbach.wallet.service.BlockchainServiceImpl })
16:52:55 [DefaultDispatcher-worker-1] BlockchainServiceImpl - onStartCommand waiting for onCreate to complete...
16:52:55 [DefaultDispatcher-worker-1] BlockchainServiceImpl - onCreate completed, processing onStartCommand
16:52:55 [DefaultDispatcher-worker-1] BLSJniLibrary - Initializing BLS JNI Library
16:52:55 [DefaultDispatcher-worker-1] BlockchainServiceImpl - service start command: Intent { cmp=hashengineering.darkcoin.wallet_test/de.schildbach.wallet.service.BlockchainServiceImpl }
16:52:55 [DefaultDispatcher-worker-1] BlockchainServiceImpl - .onStartCommand(Intent { cmp=hashengineering.darkcoin.wallet_test/de.schildbach.wallet.service.BlockchainServiceImpl }) finished
16:52:55 [DefaultDispatcher-worker-1] WalletTransactionMetadataProvider - txmetadata for ae7ee67dbe9fb1fc3c4fd54bf69b102e272fe69f1547bae3f510bf83d5925553 does not exist, perform insert, then update
16:52:55 [DefaultDispatcher-worker-1] BLSJniLibrary - Initializing BLS JNI Library
16:52:55 [DefaultDispatcher-worker-7] WalletTransactionMetadataProvider - txmetadata: inserting TransactionMetadata(txId=ae7ee67dbe9fb1fc3c4fd54bf69b102e272fe69f1547bae3f510bf83d5925553, timestamp=1789836775146, value=0, type=Sent, taxCategory=null, currencyCode=null, rate=null, memo=, service=null, customIconId=null)
16:52:55 [DefaultDispatcher-worker-8] WalletTransactionMetadataProvider - metadata: TxOut of 0.20 DASH to yPrynRN6ViX2rCcRL5SoSi8ntcWgdHSEaS script:DUP HASH160 PUSHDATA(20)[26df1860ef5c819a6af08533db64a026bd840756] EQUALVERIFY CHECKSIG
16:52:55 [DefaultDispatcher-worker-8] WalletTransactionMetadataProvider - metadata: TxOut of 0.69999548 DASH to yjURscVntabS33MUfy9W7bpVm44kZEik2D script:DUP HASH160 PUSHDATA(20)[fdfdd27cad7826a4192b4de71a5ab31a80a174ee] EQUALVERIFY CHECKSIG
16:52:55 [main] WalletActivityTracker - activity lifecycle: current: SendCoinsActivity, activities: 3 visible: 1 foreground: 1
16:52:55 [main] WalletActivityTracker - activity lifecycle: activity SendCoinsActivity destroyed
16:52:55 [main] WalletActivityTracker - activity lifecycle: current: SendCoinsActivity, activities: 2 visible: 1 foreground: 1
16:53:00 [main] BlockchainServiceImpl - MEM pss=310MB nativeHeap=170/194MB jvm=27/576MB
16:53:00 [main] BlockchainServiceImpl - History of transactions/blocks/headers/mnlistdiff (sdk): 2/0/0/0, 0/1/1/1, 2/0/0/0, 0/0/0/0, 0/0/0/0, 0/1/1/1, 0/1/1/1, 1/0/0/0, 0/155448/156855/1556855
16:53:05 [DefaultDispatcher-worker-6] L1ShadowSyncService - L1Shadow phase=FILTERS 100.0% headers 1556859/1556859 filters 1556858/1556859 wallet 1556858
16:53:05 [DefaultDispatcher-worker-10] MainViewModel - blockchain state update: mnlist=1556859; chain=1556859; wallet=-1
16:53:05 [DefaultDispatcher-worker-9] MainViewModel - blockchain state update: mnlist=1556859; chain=1556859; wallet=-1
16:53:05 [DefaultDispatcher-worker-9] L1ShadowSyncService - L1 engine chainlock height 1556858 -> 1556859
16:53:05 [DefaultDispatcher-worker-8] MainViewModel - blockchain state update: mnlist=1556859; chain=1556859; wallet=-1
16:53:06 [DefaultDispatcher-worker-13] L1ShadowSyncService - L1Shadow phase=SYNCED 100.0% headers 1556859/1556859 filters 1556859/1556859 wallet 1556859
16:53:06 [DefaultDispatcher-worker-11] MainViewModel - blockchain state update: mnlist=1556859; chain=1556859; wallet=-1
16:53:18 [main] WalletActivityTracker - activity lifecycle: current: TransactionResultActivity, activities: 2 visible: 1 foreground: 0
16:53:18 [main] WalletActivityTracker - activity lifecycle: current: MainActivity, activities: 2 visible: 2 foreground: 0
16:53:18 [main] SecurityGuard - loading security guard [healthy=true] with keys: [keystore_healthy, fallback_pin_wallet_password_key, primary_ui_pin_key, modern_encryption_migration_complete, fallback_mnemonic_wallet_password_key, primary_wallet_password_key, fallback_mnemonic_ui_pin_key]
16:53:18 [main] SecurityGuard - loading security guard [healthy=true] with keys: [keystore_healthy, fallback_pin_wallet_password_key, primary_ui_pin_key, modern_encryption_migration_complete, fallback_mnemonic_wallet_password_key, primary_wallet_password_key, fallback_mnemonic_ui_pin_key]
16:53:18 [main] LockScreenActivity - show lock screen false = ![keepUnlocked=false] && autologout=true && (keepUnlockedUntilPenEntered=false || shouldLogout=false) || isHealthy=true
16:53:18 [main] MainViewModel - platform available: true; no identity creation is progress: true
16:53:18 [main] MainActivity - updateTrigger => rateStale: RateRetrievalState(lastAttemptFailed=false, staleRates=false, volatile=false)
16:53:18 [main] WalletActivityTracker - activity lifecycle: current: MainActivity, activities: 2 visible: 2 foreground: 1
16:53:18 [main] WalletTransactionsFragment - STARTUP WalletTransactionsFragment.onViewCreated at 1789836798089
16:53:18 [main] HistoryHeaderAdapter - set invite, synced = true
16:53:18 [main] WalletTransactionsFragment - STARTUP submitData called on thread=main at 1789836798090
16:53:18 [main] HistoryHeaderAdapter - set invite = null
16:53:18 [main] HistoryHeaderAdapter - set invite, synced = true
16:53:18 [main] BlockchainServiceImpl - .onStartCommand(Intent { cmp=hashengineering.darkcoin.wallet_test/de.schildbach.wallet.service.BlockchainServiceImpl })
16:53:18 [DefaultDispatcher-worker-5] BlockchainServiceImpl - onStartCommand waiting for onCreate to complete...
16:53:18 [DefaultDispatcher-worker-5] BlockchainServiceImpl - onCreate completed, processing onStartCommand
16:53:18 [DefaultDispatcher-worker-5] BLSJniLibrary - Initializing BLS JNI Library
16:53:18 [DefaultDispatcher-worker-5] BlockchainServiceImpl - service start command: Intent { cmp=hashengineering.darkcoin.wallet_test/de.schildbach.wallet.service.BlockchainServiceImpl }
16:53:18 [DefaultDispatcher-worker-5] BlockchainServiceImpl - .onStartCommand(Intent { cmp=hashengineering.darkcoin.wallet_test/de.schildbach.wallet.service.BlockchainServiceImpl }) finished
16:53:18 [main] BlockchainServiceImpl - .onStartCommand(Intent { act=de.schildbach.wallet.service.cancel_coins_received cmp=hashengineering.darkcoin.wallet_test/de.schildbach.wallet.service.BlockchainServiceImpl })
16:53:18 [DefaultDispatcher-worker-5] BlockchainServiceImpl - onStartCommand waiting for onCreate to complete...
16:53:18 [DefaultDispatcher-worker-5] BlockchainServiceImpl - onCreate completed, processing onStartCommand
16:53:18 [DefaultDispatcher-worker-5] BLSJniLibrary - Initializing BLS JNI Library
16:53:18 [DefaultDispatcher-worker-5] BlockchainServiceImpl - service start command: Intent { act=de.schildbach.wallet.service.cancel_coins_received cmp=hashengineering.darkcoin.wallet_test/de.schildbach.wallet.service.BlockchainServiceImpl }
16:53:18 [DefaultDispatcher-worker-5] BlockchainServiceImpl - .onStartCommand(Intent { act=de.schildbach.wallet.service.cancel_coins_received cmp=hashengineering.darkcoin.wallet_test/de.schildbach.wallet.service.BlockchainServiceImpl }) finished
16:53:18 [main] DeviceInfoProvider - Detecting currency based on device, mobile network or locale:
16:53:18 [main] DeviceInfoProvider - Device Sim Country: us
16:53:18 [main] MainViewModel - Updating currency exchange rate based on country: US
16:53:18 [main] WalletTransactionsFragment - STARTUP swapping to live adapter: 4 items at 1789836798220
16:53:18 [main] WalletActivityTracker - activity lifecycle: current: TransactionResultActivity, activities: 2 visible: 1 foreground: 1
16:53:18 [main] WalletActivityTracker - activity lifecycle: activity TransactionResultActivity destroyed
16:53:18 [main] WalletActivityTracker - activity lifecycle: current: TransactionResultActivity, activities: 1 visible: 1 foreground: 1
16:53:18 [DefaultDispatcher-worker-11] BlockchainServiceImpl - network capabilities changed: 101, hasInternet: true, validated: true
16:53:18 [DefaultDispatcher-worker-11] BlockchainServiceImpl - acquiring check() mutex
16:53:18 [DefaultDispatcher-worker-11] BlockchainServiceImpl - check()
16:53:18 [DefaultDispatcher-worker-11] BlockchainServiceImpl - cutover committed — holding the dashj L1 engine; SDK owns L1 this launch
16:53:18 [DefaultDispatcher-worker-11] BlockchainServiceImpl - releasing check() mutex
16:53:21 [DefaultDispatcher-worker-6] BlockchainServiceImpl - network capabilities changed: 101, hasInternet: true, validated: true
16:53:21 [DefaultDispatcher-worker-6] BlockchainServiceImpl - acquiring check() mutex
16:53:21 [DefaultDispatcher-worker-6] BlockchainServiceImpl - check()
16:53:21 [DefaultDispatcher-worker-6] BlockchainServiceImpl - cutover committed — holding the dashj L1 engine; SDK owns L1 this launch
16:53:21 [DefaultDispatcher-worker-6] BlockchainServiceImpl - releasing check() mutex
16:53:25 [DefaultDispatcher-worker-3] BlockchainServiceImpl - network capabilities changed: 101, hasInternet: true, validated: true
16:53:25 [DefaultDispatcher-worker-3] BlockchainServiceImpl - acquiring check() mutex
16:53:25 [DefaultDispatcher-worker-3] BlockchainServiceImpl - check()
16:53:25 [DefaultDispatcher-worker-3] BlockchainServiceImpl - cutover committed — holding the dashj L1 engine; SDK owns L1 this launch
16:53:25 [DefaultDispatcher-worker-3] BlockchainServiceImpl - releasing check() mutex
16:53:25 [native-log-bridge] DashSdkNative - 09-19 11:52:55.151  3488  4158 I DashSDK : platform_wallet::changeset::core_bridge: wallet-event batch: folded=1 wallets=1 synced_height_persisted=None synced_height_frozen=None synced_height_rejected=None faulted=0
16:53:25 [native-log-bridge] DashSdkNative - 09-19 11:53:05.654  3488  4158 I DashSDK : platform_wallet::changeset::core_bridge: wallet-event batch: folded=1 wallets=1 synced_height_persisted=Some(1556859) synced_height_frozen=None synced_height_rejected=None faulted=0
16:53:25 [native-log-bridge] DashSdkNative - 09-19 11:53:05.720  3488  4155 I DashSDK : platform_wallet::changeset::core_bridge: wallet-event batch: folded=1 wallets=1 synced_height_persisted=None synced_height_frozen=None synced_height_rejected=None faulted=0
16:53:27 [main] BlockchainIdentityData - creation: BlockchainIdentityData(NONE, null, null, null, null, null)
16:53:33 [DefaultDispatcher-worker-2] BlockchainServiceImpl - network capabilities changed: 101, hasInternet: true, validated: true
16:53:33 [DefaultDispatcher-worker-2] BlockchainServiceImpl - acquiring check() mutex
16:53:33 [DefaultDispatcher-worker-2] BlockchainServiceImpl - check()
16:53:33 [DefaultDispatcher-worker-2] BlockchainServiceImpl - cutover committed — holding the dashj L1 engine; SDK owns L1 this launch
16:53:33 [DefaultDispatcher-worker-2] BlockchainServiceImpl - releasing check() mutex
16:53:43 [DefaultDispatcher-worker-4] BlockchainServiceImpl - network capabilities changed: 101, hasInternet: true, validated: true
16:53:43 [DefaultDispatcher-worker-4] BlockchainServiceImpl - acquiring check() mutex
16:53:43 [DefaultDispatcher-worker-4] BlockchainServiceImpl - check()
16:53:43 [DefaultDispatcher-worker-4] BlockchainServiceImpl - cutover committed — holding the dashj L1 engine; SDK owns L1 this launch
16:53:43 [DefaultDispatcher-worker-4] BlockchainServiceImpl - releasing check() mutex
16:53:49 [DefaultDispatcher-worker-6] BlockchainServiceImpl - network capabilities changed: 101, hasInternet: true, validated: true
16:53:49 [DefaultDispatcher-worker-6] BlockchainServiceImpl - acquiring check() mutex
16:53:49 [DefaultDispatcher-worker-6] BlockchainServiceImpl - check()
16:53:49 [DefaultDispatcher-worker-6] BlockchainServiceImpl - cutover committed — holding the dashj L1 engine; SDK owns L1 this launch
16:53:49 [DefaultDispatcher-worker-6] BlockchainServiceImpl - releasing check() mutex
16:54:00 [main] BlockchainServiceImpl - MEM pss=308MB nativeHeap=174/202MB jvm=21/576MB
16:54:00 [main] BlockchainServiceImpl - History of transactions/blocks/headers/mnlistdiff (sdk): 0/1/1/1, 2/0/0/0, 0/1/1/1, 2/0/0/0, 0/0/0/0, 0/0/0/0, 0/1/1/1, 0/1/1/1, 1/0/0/0
16:54:18 [main] WalletTransactionsFragment - STARTUP WalletTransactionsFragment.onViewCreated at 1789836858036
16:54:18 [main] HistoryHeaderAdapter - set invite, synced = true
16:54:18 [main] WalletTransactionsFragment - STARTUP submitData called on thread=main at 1789836858036
16:54:18 [main] HistoryHeaderAdapter - set invite = null
16:54:18 [main] HistoryHeaderAdapter - set invite, synced = true
16:54:18 [main] WalletTransactionsFragment - STARTUP swapping to live adapter: 4 items at 1789836858085
16:54:21 [DefaultDispatcher-worker-8] WalletTransactionMetadataProvider - metadata: TxOut of 0.20 DASH to yPrynRN6ViX2rCcRL5SoSi8ntcWgdHSEaS script:DUP HASH160 PUSHDATA(20)[26df1860ef5c819a6af08533db64a026bd840756] EQUALVERIFY CHECKSIG
16:54:21 [DefaultDispatcher-worker-8] WalletTransactionMetadataProvider - metadata: TxOut of 0.69999548 DASH to yjURscVntabS33MUfy9W7bpVm44kZEik2D script:DUP HASH160 PUSHDATA(20)[fdfdd27cad7826a4192b4de71a5ab31a80a174ee] EQUALVERIFY CHECKSIG
16:54:37 [DefaultDispatcher-worker-6] BlockchainServiceImpl - network capabilities changed: 101, hasInternet: true, validated: true
16:54:37 [DefaultDispatcher-worker-6] BlockchainServiceImpl - acquiring check() mutex
16:54:37 [DefaultDispatcher-worker-6] BlockchainServiceImpl - check()
16:54:37 [DefaultDispatcher-worker-6] BlockchainServiceImpl - cutover committed — holding the dashj L1 engine; SDK owns L1 this launch
16:54:37 [DefaultDispatcher-worker-6] BlockchainServiceImpl - releasing check() mutex
16:54:37 [main] BlockchainServiceImpl - cutover committed and SDK L1 scan synced — triggering identity/contacts discovery
16:54:37 [DefaultDispatcher-worker-6] BlockchainIdentityData - creation: BlockchainIdentityData(NONE, null, null, null, null, null)
16:54:37 [DefaultDispatcher-worker-6] PlatformSynchronizationService - discoverAndRecoverIdentity: checking for existing associated identity
16:54:37 [DefaultDispatcher-worker-6] SecurityGuard - loading security guard [healthy=true] with keys: [keystore_healthy, fallback_pin_wallet_password_key, primary_ui_pin_key, modern_encryption_migration_complete, fallback_mnemonic_wallet_password_key, primary_wallet_password_key, fallback_mnemonic_ui_pin_key]
16:54:37 [DefaultDispatcher-worker-6] ModernEncryptionProvider - Decrypted data for alias: wallet_password_key
16:54:38 [DefaultDispatcher-worker-6] KeyCrypterScrypt - Deriving key took 125.6 ms for N=65536, r=8, p=1.
16:54:38 [DefaultDispatcher-worker-6] DapiClient - getIdentityByFirstPublicKey(c412174bd91ebf548b25cc35b16494051c835f37)
16:54:38 [DefaultDispatcher-worker-6] PlatformSynchronizationService - discoverAndRecoverIdentity: no existing identity found
16:54:38 [DefaultDispatcher-worker-6] PlatformSynchronizationService - identity-discovery guard released (no identity found) — a later discovery may run again
16:54:38 [DefaultDispatcher-worker-6] BlockchainServiceImpl - post-cutover identity discovery found nothing and the wallet has no identity — re-arming; next attempt no sooner than 120000 ms from now
16:54:38 [DefaultDispatcher-worker-5] PlatformSynchronizationService - TxMetadata settings: saveToNetwork=false frequency=afterTenTransactions saveAfter=9223372036854775807 paymentCategory=false taxCategory=false exchangeRates=false memos=false giftCards=false storedDocuments=0
16:54:40 [DefaultDispatcher-worker-3] BlockchainServiceImpl - network capabilities changed: 101, hasInternet: true, validated: true
16:54:40 [DefaultDispatcher-worker-3] BlockchainServiceImpl - acquiring check() mutex
16:54:40 [DefaultDispatcher-worker-3] BlockchainServiceImpl - check()
16:54:40 [DefaultDispatcher-worker-3] BlockchainServiceImpl - cutover committed — holding the dashj L1 engine; SDK owns L1 this launch
16:54:40 [DefaultDispatcher-worker-3] BlockchainServiceImpl - releasing check() mutex
16:55:00 [main] BlockchainServiceImpl - MEM pss=307MB nativeHeap=174/202MB jvm=20/576MB
16:55:00 [main] BlockchainServiceImpl - History of transactions/blocks/headers/mnlistdiff (sdk): 0/0/0/0, 0/1/1/1, 2/0/0/0, 0/1/1/1, 2/0/0/0, 0/0/0/0, 0/0/0/0, 0/1/1/1, 0/1/1/1
16:55:06 [main] WalletApplication - STARTUP WalletApplication.onCreate()
16:55:06 [main] BLSJniLibrary - Initializing BLS JNI Library
16:55:06 [main] WalletApplication - === starting app using configuration: _testNet3, org.darkcoin.test
16:55:06 [main] MnemonicCodeExt - BIP39 wordlist loaded from: 'bip39-wordlists/english.txt', took 893.8 μs
16:55:06 [main] WalletApplication - STARTUP fullInit: initEnvironment done in 2ms
16:55:06 [main] DeterministicKeyChain - 133 keys needed for M/0H/0 = 0 issued + 100 lookahead size + 33 lookahead threshold - 0 num children
16:55:06 [main] DeterministicKeyChain - Took 50.35 ms
16:55:06 [main] DeterministicKeyChain - 133 keys needed for M/0H/1 = 0 issued + 100 lookahead size + 33 lookahead threshold - 0 num children
16:55:06 [main] DeterministicKeyChain - Took 23.10 ms
16:55:06 [main] DeterministicKeyChain - 133 keys needed for M/44H/1H/0H/0 = 2 issued + 100 lookahead size + 33 lookahead threshold - 2 num children
16:55:06 [main] DeterministicKeyChain - Took 18.68 ms
16:55:06 [main] DeterministicKeyChain - 133 keys needed for M/44H/1H/0H/1 = 0 issued + 100 lookahead size + 33 lookahead threshold - 0 num children
16:55:07 [main] DeterministicKeyChain - Took 15.43 ms
16:55:07 [main] WalletProtobufSerializer - Loading wallet extension org.dashj.wallet.authentication
16:55:07 [main] AnyKeyChainGroup - Activating a new HD chain: AuthenticationKeyChain{BLOCKCHAIN_IDENTITY, ECDSA, P2PKH, accountPath=[9H, 1H, 5H, 0H, 0H, 0H], lookaheadSize=0, lookaheadThreshold=0}
16:55:07 [main] AnyExternalKeyChain - 4 keys needed for M/9H/1H/5H/1H = 1 issued + 5 lookahead size + 0 lookahead threshold - 2 num children
16:55:07 [main] AnyExternalKeyChain - Took 714.7 μs
16:55:07 [main] AnyKeyChainGroup - Activating a new HD chain: AuthenticationKeyChain{BLOCKCHAIN_IDENTITY_FUNDING, ECDSA, P2PKH, accountPath=[9H, 1H, 5H, 1H], lookaheadSize=5, lookaheadThreshold=5}
16:55:07 [main] AnyExternalKeyChain - 4 keys needed for M/9H/1H/3H/2H = 1 issued + 5 lookahead size + 0 lookahead threshold - 2 num children
16:55:07 [main] AnyExternalKeyChain - Took 640.2 μs
16:55:07 [main] AnyKeyChainGroup - Activating a new HD chain: AuthenticationKeyChain{MASTERNODE_OWNER, ECDSA, P2PKH, accountPath=[9H, 1H, 3H, 2H], lookaheadSize=5, lookaheadThreshold=5}
16:55:07 [main] BLSJniLibrary - Initializing BLS JNI Library
16:55:07 [main] AnyExternalKeyChain - 4 keys needed for M/9H/1H/3H/3H = 1 issued + 5 lookahead size + 0 lookahead threshold - 2 num children
16:55:07 [main] AnyExternalKeyChain - Took 767.1 μs
16:55:07 [main] AnyKeyChainGroup - Activating a new HD chain: AuthenticationKeyChain{MASTERNODE_OPERATOR, BLS, P2PKH, accountPath=[9H, 1H, 3H, 3H], lookaheadSize=5, lookaheadThreshold=5}
16:55:07 [main] AnyExternalKeyChain - 4 keys needed for M/9H/1H/3H/1H = 1 issued + 5 lookahead size + 0 lookahead threshold - 2 num children
16:55:07 [main] AnyExternalKeyChain - Took 566.5 μs
16:55:07 [main] AnyKeyChainGroup - Activating a new HD chain: AuthenticationKeyChain{MASTERNODE_VOTING, ECDSA, P2PKH, accountPath=[9H, 1H, 3H, 1H], lookaheadSize=5, lookaheadThreshold=5}
16:55:07 [main] AnyExternalKeyChain - 4 keys needed for M/9H/1H/5H/2H = 1 issued + 5 lookahead size + 0 lookahead threshold - 2 num children
16:55:07 [main] AnyExternalKeyChain - Took 503.0 μs
16:55:07 [main] AnyKeyChainGroup - Activating a new HD chain: AuthenticationKeyChain{BLOCKCHAIN_IDENTITY_TOPUP, ECDSA, P2PKH, accountPath=[9H, 1H, 5H, 2H], lookaheadSize=5, lookaheadThreshold=5}
16:55:07 [main] AnyExternalKeyChain - 4 keys needed for M/9H/1H/5H/3H = 1 issued + 5 lookahead size + 0 lookahead threshold - 2 num children
16:55:07 [main] AnyExternalKeyChain - Took 571.2 μs
16:55:07 [main] AnyKeyChainGroup - Activating a new HD chain: AuthenticationKeyChain{INVITATION_FUNDING, ECDSA, P2PKH, accountPath=[9H, 1H, 5H, 3H], lookaheadSize=5, lookaheadThreshold=5}
16:55:07 [main] AnyKeyChainGroup - Activating a new HD chain: AuthenticationKeyChain{MASTERNODE_PLATFORM_OPERATOR, EdDSA, P2PKH, accountPath=[9H, 1H, 3H, 4H], lookaheadSize=0, lookaheadThreshold=0}
16:55:07 [main] WalletProtobufSerializer - Loading wallet extension org.dashj.wallet.coinjoin
16:55:07 [main] AnyDeterministicKeyChain - 533 keys needed for M/9H/1H/4H/0H/0 = 0 issued + 500 lookahead size + 33 lookahead threshold - 0 num children
16:55:07 [main] AnyDeterministicKeyChain - Took 51.13 ms
16:55:07 [main] AnyDeterministicKeyChain - 533 keys needed for M/9H/1H/4H/0H/1 = 0 issued + 500 lookahead size + 33 lookahead threshold - 0 num children
16:55:07 [main] AnyDeterministicKeyChain - Took 45.58 ms
16:55:07 [main] WalletApplication - wallet loaded from: '/data/user/0/hashengineering.darkcoin.wallet_test/files/wallet-protobuf-testnet', took 257.9 ms
16:55:07 [main] SecurityGuard - loading security guard [healthy=true] with keys: [keystore_healthy, fallback_pin_wallet_password_key, primary_ui_pin_key, modern_encryption_migration_complete, fallback_mnemonic_wallet_password_key, primary_wallet_password_key, fallback_mnemonic_ui_pin_key]
16:55:07 [main] SecurityGuard - loading security guard [healthy=true] with keys: [keystore_healthy, fallback_pin_wallet_password_key, primary_ui_pin_key, modern_encryption_migration_complete, fallback_mnemonic_wallet_password_key, primary_wallet_password_key, fallback_mnemonic_ui_pin_key]
16:55:07 [DefaultDispatcher-worker-1] BLSJniLibrary - Initializing BLS JNI Library
16:55:07 [DefaultDispatcher-worker-1] TxDisplayCacheService - rebuildWrappedList: 2 raw txs → 2 wrappers → 2 sorted | getTransactions=1ms wrapAll=1ms sort=0ms total=2ms
16:55:07 [main] ModernEncryptionProvider - Decrypted data for alias: wallet_password_key
16:55:07 [DefaultDispatcher-worker-1] TxDisplayCacheService - updateDisplayCache: 2 rows in 1ms
16:55:07 [DefaultDispatcher-worker-1] TxDisplayCacheService - STARTUP rebuildWrappedList DONE (_transactionsLoaded=true) at 1789836907137
16:55:07 [DefaultDispatcher-worker-1] WalletObserver - observing transactions start de.schildbach.wallet.transactions.WalletObserver@5b25d2b
16:55:07 [DefaultDispatcher-worker-1] BLSJniLibrary - Initializing BLS JNI Library
16:55:07 [dashj user thread] BLSJniLibrary - Initializing BLS JNI Library
16:55:07 [main] KeyCrypterScrypt - Deriving key took 117.0 ms for N=65536, r=8, p=1.
16:55:07 [main] SecurityGuard - Mnemonic-based fallbacks ensured for PIN and wallet password
16:55:07 [main] WalletApplication - Mnemonic-based fallbacks ensured
16:55:07 [main] ModernEncryptionProvider - Decrypted data for alias: ui_pin_key
16:55:07 [main] SecurityGuard - PIN-based fallback ensured for wallet password
16:55:07 [main] WalletApplication - PIN-based fallback added successfully
16:55:07 [main] WalletApplication - STARTUP finalizeInit: securityGuard done in 122ms
16:55:07 [main] WalletApplication - STARTUP finalizeInit: initDash done in 5ms
16:55:07 [main] Configuration - detected app downgrade: 12000000 -> 11090002
16:55:07 [main] WalletApplication - STARTUP finalizeInit: afterLoadWallet done in 1ms
16:55:07 [main] PlatformSynchronizationService - Starting the platform sync job
16:55:07 [main] WalletApplication - STARTUP finalizeInit: initPlatform+channels done in 1ms
16:55:07 [DefaultDispatcher-worker-1] BlockchainIdentityData - creation: BlockchainIdentityData(NONE, null, null, null, null, null)
16:55:07 [main] WalletApplication - STARTUP finalizeInit: integrations done in 38ms
16:55:07 [main] WalletApplication - STARTUP fullInit: loadWalletFromProtobuf done in 425ms
16:55:07 [main] WalletApplication - STARTUP fullInit: total 428ms
16:55:07 [main] BootstrapReceiver - got broadcast: Intent { act=android.intent.action.BOOT_COMPLETED flg=0x9000030 pkg=hashengineering.darkcoin.wallet_test cmp=hashengineering.darkcoin.wallet_test/de.schildbach.wallet.service.BootstrapReceiver (has extras) }
16:55:07 [bootstrap] BLSJniLibrary - Initializing BLS JNI Library
16:55:07 [bootstrap] BLSJniLibrary - Initializing BLS JNI Library
16:55:07 [bootstrap] BootstrapReceiver - scheduling delayed blockchain service start for Android 15+
16:55:07 [bootstrap] BootstrapReceiver - detected balance, showing inactivity notification
16:55:07 [main] WalletActivityTracker - activity lifecycle: app started
16:55:07 [main] WalletActivityTracker - activity lifecycle: activity OnboardingActivity created
16:55:07 [main] WalletActivityTracker - activity lifecycle: current: OnboardingActivity, activities: 1 visible: 0 foreground: 0
16:55:07 [DefaultDispatcher-worker-3] ExploreSyncWorker - sync explore db started
16:55:07 [DefaultDispatcher-worker-1] ExploreDataSyncStatus - sync explore data progress: 0.0
16:55:07 [DefaultDispatcher-worker-1] GCExploreDatabase - preloading explore db from assets /data/user/0/hashengineering.darkcoin.wallet_test/cache/explore.db, test database: true
16:55:07 [DefaultDispatcher-worker-1] GCExploreDatabase - preloading explore db from assets /data/user/0/hashengineering.darkcoin.wallet_test/cache/explore.db, test database: false
16:55:07 [DefaultDispatcher-worker-1] GCExploreDatabase - missing preloaded database explore/explore.db
16:55:07 [DefaultDispatcher-worker-1] ExploreSyncWorker - local data timestamp: 0 (Wed Dec 31 18:00:00 CST 1969)
16:55:07 [main] WalletActivityTracker - activity lifecycle: activity MainActivity created
16:55:07 [main] WalletActivityTracker - activity lifecycle: current: MainActivity, activities: 2 visible: 0 foreground: 0
16:55:07 [main] SecurityGuard - loading security guard [healthy=true] with keys: [keystore_healthy, fallback_pin_wallet_password_key, primary_ui_pin_key, modern_encryption_migration_complete, fallback_mnemonic_wallet_password_key, primary_wallet_password_key, fallback_mnemonic_ui_pin_key]
16:55:07 [main] SecurityGuard - loading security guard [healthy=true] with keys: [keystore_healthy, fallback_pin_wallet_password_key, primary_ui_pin_key, modern_encryption_migration_complete, fallback_mnemonic_wallet_password_key, primary_wallet_password_key, fallback_mnemonic_ui_pin_key]
16:55:07 [main] ModernEncryptionProvider - Decrypted data for alias: wallet_password_key
16:55:07 [main] ModernEncryptionProvider - Decrypted data for alias: ui_pin_key
16:55:07 [DefaultDispatcher-worker-5] CoinJoinMixingService - coinjoin-state: NONE, 0 ms, false, UNKNOWN, synced: false, false
16:55:07 [DefaultDispatcher-worker-5] CoinJoinMixingService - coinjoin-state-mixing: NOT_STARTED -> NOT_STARTED
16:55:07 [DefaultDispatcher-worker-6] BLSJniLibrary - Initializing BLS JNI Library
16:55:07 [DefaultDispatcher-worker-6] CoinJoinMixingService - coinjoin: anonymizable balance 0.00 DASH, denominatedBalance: 0.00 DASH
16:55:07 [DefaultDispatcher-worker-6] CoinJoinMixingService - timing: denominatedBalance 159.7 μs
16:55:07 [DefaultDispatcher-worker-6] CoinJoinMixingService - timing: denominatedBalance 9.000 μs
16:55:07 [DefaultDispatcher-worker-6] CoinJoinMixingService - timing: coinJoinBalance 56.46 μs
16:55:07 [DefaultDispatcher-worker-6] CoinJoinMixingService - coinjoin: can mix balance: true = balance: (false && canDenominate: true) || partially-mixed: false
16:55:07 [DefaultDispatcher-worker-5] CoinJoinExtension - getMixingProgress: 0.0 = 0.0 / 42
16:55:07 [DefaultDispatcher-worker-5] CoinJoinMixingService - timing: getMixingProgress: 376.0 μs
16:55:07 [main] DashPaymentIntentParser - network parameters = org.darkcoin.test
16:55:07 [main] DashPaymentIntentParser - network parameters = org.darkcoin.test
16:55:07 [main] DashPaymentIntentParser - network parameters = org.darkcoin.test
16:55:07 [main] BlockchainIdentityData - creation: BlockchainIdentityData(NONE, null, null, null, null, null)
16:55:07 [main] MainViewModel - STARTUP MainViewModel init at 1789836907559
16:55:07 [main] Configuration - just being used - last used 11 minutes ago
16:55:07 [main] WalletActivityTracker - activity lifecycle: current: MainActivity, activities: 2 visible: 1 foreground: 0
16:55:07 [DefaultDispatcher-worker-3] Constants - --> GET https://rates.ctx.com/rates?source=ctx
16:55:07 [DefaultDispatcher-worker-1] CrowdNodeApiAggregator - restoring CrowdNode status
16:55:07 [DefaultDispatcher-worker-1] BLSJniLibrary - Initializing BLS JNI Library
16:55:07 [main] WalletTransactionsFragment - STARTUP WalletTransactionsFragment.onViewCreated at 1789836907578
16:55:07 [main] BlockchainIdentityData - creation: BlockchainIdentityData(NONE, null, null, null, null, null)
16:55:07 [main] HistoryHeaderAdapter - set invite = null
16:55:07 [main] HistoryHeaderAdapter - set invite, synced = false
16:55:07 [main] SecurityGuard - loading security guard [healthy=true] with keys: [keystore_healthy, fallback_pin_wallet_password_key, primary_ui_pin_key, modern_encryption_migration_complete, fallback_mnemonic_wallet_password_key, primary_wallet_password_key, fallback_mnemonic_ui_pin_key]
16:55:07 [main] LockScreenActivity - show lock screen true = ![keepUnlocked=false] && autologout=true && (keepUnlockedUntilPenEntered=true || shouldLogout=false) || isHealthy=true
16:55:07 [main] BiometricHelper - No biometric credentials
16:55:07 [main] LockScreenActivity - fingerprint was disabled
16:55:07 [main] LockScreenActivity - LockState = ENTER_PIN
16:55:07 [main] MainActivity - updateTrigger => rateStale: RateRetrievalState(lastAttemptFailed=false, staleRates=false, volatile=false)
16:55:07 [main] WalletActivityTracker - activity lifecycle: current: MainActivity, activities: 2 visible: 1 foreground: 1
16:55:07 [main] DeviceInfoProvider - Detecting currency based on device, mobile network or locale:
16:55:07 [main] DeviceInfoProvider - Device Sim Country: us
16:55:07 [main] MainViewModel - Updating currency exchange rate based on country: US
16:55:07 [DefaultDispatcher-worker-4] BLSJniLibrary - Initializing BLS JNI Library
16:55:07 [main] MainViewModel - platform available: false; no identity creation is progress: true
16:55:07 [main] WalletTransactionsFragment - STARTUP submitData called on thread=main at 1789836907609
16:55:07 [DefaultDispatcher-worker-8] GCExploreDatabase - error getting remote data timestamp
com.google.firebase.FirebaseException: An internal error has occurred. [ API key not valid. Please pass a valid API key. ]
	at com.google.android.gms.internal.firebase-auth-api.zzaag.zza(com.google.firebase:firebase-auth@@22.0.0:4)
	at com.google.android.gms.internal.firebase-auth-api.zzabf.zza(com.google.firebase:firebase-auth@@22.0.0:26)
	at com.google.android.gms.internal.firebase-auth-api.zzabg.zzl(com.google.firebase:firebase-auth@@22.0.0:1)
	at com.google.android.gms.internal.firebase-auth-api.zzabd.zzh(com.google.firebase:firebase-auth@@22.0.0:25)
	at com.google.android.gms.internal.firebase-auth-api.zzaae.zzh(com.google.firebase:firebase-auth@@22.0.0:1)
	at com.google.android.gms.internal.firebase-auth-api.zzyb.zza(com.google.firebase:firebase-auth@@22.0.0:2)
	at com.google.android.gms.internal.firebase-auth-api.zzabo.zzc(com.google.firebase:firebase-auth@@22.0.0:10)
	at com.google.android.gms.internal.firebase-auth-api.zzabo.zzb(com.google.firebase:firebase-auth@@22.0.0:14)
	at com.google.android.gms.internal.firebase-auth-api.zzaat.zzn(com.google.firebase:firebase-auth@@22.0.0:4)
	at com.google.android.gms.internal.firebase-auth-api.zzyh.zzz(com.google.firebase:firebase-auth@@22.0.0:2)
	at com.google.android.gms.internal.firebase-auth-api.zzaaf.zzv(com.google.firebase:firebase-auth@@22.0.0:2)
	at com.google.android.gms.internal.firebase-auth-api.zzzk.zzc(com.google.firebase:firebase-auth@@22.0.0:1)
	at com.google.android.gms.internal.firebase-auth-api.zzabh.run(com.google.firebase:firebase-auth@@22.0.0:1)
	at java.util.concurrent.ThreadPoolExecutor.runWorker(ThreadPoolExecutor.java:1145)
	at java.util.concurrent.ThreadPoolExecutor$Worker.run(ThreadPoolExecutor.java:644)
	at com.google.firebase.concurrent.CustomThreadFactory.$r8$lambda$XB8AY3Hcio74byWuTzgVEC3Hiek(CustomThreadFactory.java:47)
	at com.google.firebase.concurrent.CustomThreadFactory$$ExternalSyntheticLambda0.run(R8$$SyntheticClass:0)
	at java.lang.Thread.run(Thread.java:1012)
16:55:07 [DefaultDispatcher-worker-8] ExploreSyncWorker - remote data timestamp: -1 (Wed Dec 31 17:59:59 CST 1969)
16:55:07 [DefaultDispatcher-worker-6] CoinJoinMixingService - coinjoin-state: NONE, 610 ms, true, UNKNOWN, synced: false, false
16:55:07 [DefaultDispatcher-worker-4] CoinJoinMixingService - coinjoin: anonymizable balance 0.00 DASH, denominatedBalance: 0.00 DASH
16:55:07 [DefaultDispatcher-worker-6] CoinJoinMixingService - coinjoin-state-mixing: NOT_STARTED -> NOT_STARTED
16:55:07 [DefaultDispatcher-worker-6] TimeUtils - timeskew: 610; using last value
16:55:07 [DefaultDispatcher-worker-6] CoinJoinMixingService - coinjoin-state: NONE, 610 ms, true, UNKNOWN, synced: false, false
16:55:07 [DefaultDispatcher-worker-6] CoinJoinMixingService - coinjoin-state-mixing: NOT_STARTED -> NOT_STARTED
16:55:07 [DefaultDispatcher-worker-8] ExploreSyncWorker - unable to delete /data/user/0/hashengineering.darkcoin.wallet_test/cache/explore.db
16:55:07 [DefaultDispatcher-worker-8] ExploreSyncWorker - explore db is up to date, nothing to sync
16:55:07 [DefaultDispatcher-worker-8] ExploreDataSyncStatus - sync explore data progress: 100.0
16:55:07 [main] BlockchainServiceImpl - .onCreate()
16:55:07 [DefaultDispatcher-worker-4] CoinJoinMixingService - timing: denominatedBalance 8.112 ms
16:55:07 [main] DashPaymentIntentParser - network parameters = org.darkcoin.test
16:55:07 [DefaultDispatcher-worker-4] CoinJoinMixingService - timing: denominatedBalance 58.75 μs
16:55:07 [DefaultDispatcher-worker-4] CoinJoinMixingService - timing: coinJoinBalance 238.3 μs
16:55:07 [DefaultDispatcher-worker-4] CoinJoinMixingService - coinjoin: can mix balance: true = balance: (false && canDenominate: true) || partially-mixed: false
16:55:07 [DefaultDispatcher-worker-1] BLSJniLibrary - Initializing BLS JNI Library
16:55:07 [DefaultDispatcher-worker-1] CoinJoinMixingService - coinjoin: anonymizable balance 0.00 DASH, denominatedBalance: 0.00 DASH
16:55:07 [DefaultDispatcher-worker-1] CoinJoinMixingService - timing: denominatedBalance 107.7 μs
16:55:07 [DefaultDispatcher-worker-1] CoinJoinMixingService - timing: denominatedBalance 6.583 μs
16:55:07 [DefaultDispatcher-worker-1] CoinJoinMixingService - timing: coinJoinBalance 23.42 μs
16:55:07 [DefaultDispatcher-worker-1] CoinJoinMixingService - coinjoin: can mix balance: true = balance: (false && canDenominate: true) || partially-mixed: false
16:55:07 [DefaultDispatcher-worker-1] TimeUtils - timeskew: 610; using last value
16:55:07 [DefaultDispatcher-worker-1] CoinJoinMixingService - coinjoin-state: NONE, 610 ms, true, UNKNOWN, synced: false, false
16:55:07 [DefaultDispatcher-worker-1] CoinJoinMixingService - coinjoin-state-mixing: NOT_STARTED -> NOT_STARTED
16:55:07 [DefaultDispatcher-worker-1] TimeUtils - timeskew: 610; using last value
16:55:07 [DefaultDispatcher-worker-1] CoinJoinMixingService - coinjoin-state: NONE, 610 ms, true, UNKNOWN, synced: false, false
16:55:07 [DefaultDispatcher-worker-1] CoinJoinMixingService - coinjoin-state-mixing: NOT_STARTED -> NOT_STARTED
16:55:07 [main] BlockchainServiceImpl - start foreground service
16:55:07 [main] BlockchainServiceImpl - .onStartCommand(Intent { cmp=hashengineering.darkcoin.wallet_test/de.schildbach.wallet.service.BlockchainServiceImpl })
16:55:07 [DefaultDispatcher-worker-10] BlockchainServiceImpl - onCreate() serviceScope waiting for cleanup null
16:55:07 [DefaultDispatcher-worker-1] BlockchainServiceImpl - onStartCommand waiting for onCreate to complete...
16:55:07 [DefaultDispatcher-worker-10] BLSJniLibrary - Initializing BLS JNI Library
16:55:07 [DefaultDispatcher-worker-8] ExploreDatabase - Open database explore-database
16:55:07 [main] BlockchainServiceImpl - .onStartCommand(Intent { act=de.schildbach.wallet.service.cancel_coins_received cmp=hashengineering.darkcoin.wallet_test/de.schildbach.wallet.service.BlockchainServiceImpl })
16:55:07 [DefaultDispatcher-worker-4] TimeUtils - timeskew: 610; using last value
16:55:07 [DefaultDispatcher-worker-10] BlockchainServiceImpl - cannot load the bootstrap stream: mnlistdiff-testnet.dat
16:55:07 [DefaultDispatcher-worker-4] CoinJoinMixingService - coinjoin-state: NONE, 610 ms, true, UNKNOWN, synced: false, false
16:55:07 [DefaultDispatcher-worker-10] BlockchainServiceImpl - cannot load the bootstrap stream: qrinfo-testnet.dat
16:55:07 [DefaultDispatcher-worker-4] CoinJoinMixingService - coinjoin-state-mixing: NOT_STARTED -> NOT_STARTED
16:55:07 [DefaultDispatcher-worker-2] BlockchainServiceImpl - onStartCommand waiting for onCreate to complete...
16:55:07 [DefaultDispatcher-worker-5] CoinJoinMixingService - coinjoin-state: NONE, 687 ms, true, UNKNOWN, synced: false, false
16:55:07 [DefaultDispatcher-worker-5] CoinJoinMixingService - coinjoin-state-mixing: NOT_STARTED -> NOT_STARTED
16:55:07 [DefaultDispatcher-worker-5] ExploreSyncWorker - removed existing PiggyCards test data: 5 merchant(s), 5 provider(s)
16:55:07 [DefaultDispatcher-worker-5] ExploreSyncWorker - adding PiggyCards test merchants
16:55:07 [DefaultDispatcher-worker-8] ExploreSyncWorker - PiggyCards test merchant added successfully
16:55:07 [DefaultDispatcher-worker-3] Constants - <-- 200 https://rates.ctx.com/rates?source=ctx (286ms, unknown-length body)
16:55:07 [DefaultDispatcher-worker-4] ExchangeRatesRepository - exchange rates updated successfully with de.schildbach.wallet.rates.DashRetailClient@2cba445
16:55:07 [main] BlockchainServiceImpl - verifying backupBlockStore
16:55:07 [main] BlockchainServiceImpl - verifying headerStore
16:55:07 [pool-45-thread-1] BlockchainServiceImpl - verify blockstore: 501.8 μs, null loaded
16:55:07 [main] BlockchainServiceImpl - verifying blockStore
16:55:08 [pool-45-thread-1] BlockchainServiceImpl - verify blockstore: 363.1 μs, null loaded
16:55:08 [main] BlockchainServiceImpl - blockstore files verified: true, true
16:55:08 [DefaultDispatcher-worker-4] BLSJniLibrary - Initializing BLS JNI Library
16:55:08 [DefaultDispatcher-worker-4] AbstractBlockChain - chain head is at height 1405440:
 block: 
   hash: 000000173e6c9dd4ca8a5a75699fbb5dc4713bc238d2ce98aec7fe3a77febfeb
   version: 536870912 (0x20000000) (BIP34, BIP66, BIP65)
   previous block: 000000773d05044b4db27c023a9a12bc59eaf1f396ad7e5180ef4cb14d366150
   merkle root: ea3165fb830ba2267ad050760183eb5b8241c694406868382bdf6c2307c8e936
   time: 1768907626 (2026-01-20T11:13:46Z)
   difficulty target (nBits): 503367276
   nonce: 128740

16:55:08 [DefaultDispatcher-worker-4] AbstractBlockChain - chain head is at height 1405440:
 block: 
   hash: 000000173e6c9dd4ca8a5a75699fbb5dc4713bc238d2ce98aec7fe3a77febfeb
   version: 536870912 (0x20000000) (BIP34, BIP66, BIP65)
   previous block: 000000773d05044b4db27c023a9a12bc59eaf1f396ad7e5180ef4cb14d366150
   merkle root: ea3165fb830ba2267ad050760183eb5b8241c694406868382bdf6c2307c8e936
   time: 1768907626 (2026-01-20T11:13:46Z)
   difficulty target (nBits): 503367276
   nonce: 128740

16:55:08 [DefaultDispatcher-worker-4] CoinJoinMixingService - setting blockchain in clientManager to 1405440
16:55:08 [DefaultDispatcher-worker-4] CoinJoinMixingService - coinjoin-state: NONE, 687 ms, true, UNKNOWN, synced: false, true
16:55:08 [DefaultDispatcher-worker-4] CoinJoinMixingService - coinjoin-state-mixing: NOT_STARTED -> NOT_STARTED
16:55:08 [DefaultDispatcher-worker-4] ExchangeRatesRepository - updateTrigger
16:55:08 [main] WalletActivityTracker - activity lifecycle: activity OnboardingActivity destroyed
16:55:08 [main] WalletActivityTracker - activity lifecycle: current: MainActivity, activities: 1 visible: 1 foreground: 1
16:55:08 [main] SecurityGuard - loading security guard [healthy=true] with keys: [keystore_healthy, fallback_pin_wallet_password_key, primary_ui_pin_key, modern_encryption_migration_complete, fallback_mnemonic_wallet_password_key, primary_wallet_password_key, fallback_mnemonic_ui_pin_key]
16:55:08 [main] BlockchainServiceImpl - network callback registered with NetworkRequest: de.schildbach.wallet.service.BlockchainServiceImpl$NetworkCallbackImpl@28c59a2
16:55:08 [DefaultDispatcher-worker-4] BlockchainServiceImpl - monitoring 2 old transactions
16:55:08 [main] WalletTransactionsFragment - STARTUP swapping to live adapter: 3 items at 1789836908106
16:55:08 [main] BlockchainServiceImpl - receiver register: tickReceiver, de.schildbach.wallet.service.BlockchainServiceImpl$tickReceiver$1@a2c7f69
16:55:08 [DefaultDispatcher-worker-4] BlockchainServiceImpl - .onCreate() finished
16:55:08 [DefaultDispatcher-worker-10] BlockchainServiceImpl - onCreate completed, processing onStartCommand
16:55:08 [DefaultDispatcher-worker-11] BlockchainServiceImpl - onCreate completed, processing onStartCommand
16:55:08 [DefaultDispatcher-worker-4] BlockchainServiceImpl - acquiring check() mutex
16:55:08 [DefaultDispatcher-worker-4] BlockchainServiceImpl - check()
16:55:08 [DefaultDispatcher-worker-10] BLSJniLibrary - Initializing BLS JNI Library
16:55:08 [DefaultDispatcher-worker-10] BlockchainServiceImpl - service start command: Intent { cmp=hashengineering.darkcoin.wallet_test/de.schildbach.wallet.service.BlockchainServiceImpl }
16:55:08 [DefaultDispatcher-worker-10] BlockchainServiceImpl - .onStartCommand(Intent { cmp=hashengineering.darkcoin.wallet_test/de.schildbach.wallet.service.BlockchainServiceImpl }) finished
16:55:08 [DefaultDispatcher-worker-3] BlockchainServiceImpl - network capabilities changed: 101, hasInternet: true, validated: true
16:55:08 [DefaultDispatcher-worker-6] BlockchainServiceImpl - network available: 101, hasInternet: true, validated: true, type: WiFi
16:55:08 [DefaultDispatcher-worker-3] BlockchainServiceImpl - acquiring check() mutex
16:55:08 [DefaultDispatcher-worker-11] BLSJniLibrary - Initializing BLS JNI Library
16:55:08 [DefaultDispatcher-worker-4] BLSJniLibrary - Initializing BLS JNI Library
16:55:08 [DefaultDispatcher-worker-11] BlockchainServiceImpl - service start command: Intent { act=de.schildbach.wallet.service.cancel_coins_received cmp=hashengineering.darkcoin.wallet_test/de.schildbach.wallet.service.BlockchainServiceImpl }
16:55:08 [DefaultDispatcher-worker-6] BlockchainServiceImpl - acquiring check() mutex
16:55:08 [DefaultDispatcher-worker-4] FlatDB - Reading info from simplifiedmasternodelistmanager-testnet.dat...
16:55:08 [DefaultDispatcher-worker-4] FlatDB - Missing file - simplifiedmasternodelistmanager-testnet.dat, will try to recreate
16:55:08 [DefaultDispatcher-worker-11] BlockchainServiceImpl - .onStartCommand(Intent { act=de.schildbach.wallet.service.cancel_coins_received cmp=hashengineering.darkcoin.wallet_test/de.schildbach.wallet.service.BlockchainServiceImpl }) finished
16:55:08 [DefaultDispatcher-worker-4] FlatDB - Reading info from chainlockshandler-testnet.dat...
16:55:08 [DefaultDispatcher-worker-4] FlatDB - Missing file - chainlockshandler-testnet.dat, will try to recreate
16:55:08 [DefaultDispatcher-worker-4] FlatDB - Reading info from masternodemetadatamanager-testnet.dat...
16:55:08 [DefaultDispatcher-worker-4] FlatDB - Missing file - masternodemetadatamanager-testnet.dat, will try to recreate
16:55:08 [DefaultDispatcher-worker-4] BlockchainServiceImpl - starting peergroup
16:55:08 [PeerGroup Thread] BLSJniLibrary - Initializing BLS JNI Library
16:55:08 [DefaultDispatcher-worker-4] Wallet - New broadcaster so uploading waiting tx ae7ee67dbe9fb1fc3c4fd54bf69b102e272fe69f1547bae3f510bf83d5925553
16:55:08 [PeerGroup Thread] BLSJniLibrary - Initializing BLS JNI Library
16:55:08 [DefaultDispatcher-worker-4] TransactionBroadcast - Waiting for 1 peers required for broadcast, we have 0 ...
16:55:08 [DefaultDispatcher-worker-4] Wallet - New broadcaster so uploading waiting tx dcc0f4c5a09640373f019b40f145e71c426a94e97eab3cc83363819c151140fd
16:55:08 [DefaultDispatcher-worker-4] TransactionBroadcast - Waiting for 1 peers required for broadcast, we have 0 ...
16:55:08 [DefaultDispatcher-worker-4] BlockchainServiceImpl - Adding PeerConnectivityListener to peerGroup: listener=de.schildbach.wallet.service.BlockchainServiceImpl$PeerConnectivityListener@74f91c1, stopped=false
16:55:08 [DefaultDispatcher-worker-4] BlockchainServiceImpl - Successfully added peer listeners to peerGroup
16:55:08 [DefaultDispatcher-worker-3] CoinJoinMixingService - coinjoin-state: NONE, 687 ms, true, CONNECTING, synced: false, true
16:55:08 [DefaultDispatcher-worker-3] CoinJoinMixingService - coinjoin-state-mixing: NOT_STARTED -> NOT_STARTED
16:55:08 [DefaultDispatcher-worker-4] BlockchainServiceImpl - releasing check() mutex
16:55:08 [DefaultDispatcher-worker-4] BlockchainServiceImpl - check()
16:55:08 [DefaultDispatcher-worker-4] BlockchainServiceImpl - releasing check() mutex
16:55:08 [DefaultDispatcher-worker-4] BlockchainServiceImpl - check()
16:55:08 [DefaultDispatcher-worker-4] BlockchainServiceImpl - releasing check() mutex
16:55:08 [PeerGroup Thread] PeerGroup - merge bloom filters: 25.09 ms
16:55:08 [PeerGroup Thread] PeerGroup - Starting ...
16:55:08 [NioClientManager] BLSJniLibrary - Initializing BLS JNI Library
16:55:08 [PeerGroup Thread] DashSystem - starting LLMQThread
16:55:08 [PeerGroup Thread] BlockchainServiceImpl - DMN peer discovery returned less than 16 nodes.  Adding default DMN peers to the list to increase connections
16:55:08 [LLMQBackgroundThread] BLSJniLibrary - Initializing BLS JNI Library
16:55:08 [LLMQBackgroundThread] LLMQBackgroundThread - starting LLMQBackgroundThread.run
16:55:08 [PeerGroup Thread] PeerGroup - Peer discovery took 878.7 μs and returned 53 items from 1 discoverers
16:55:08 [PeerGroup Thread] PeerGroup - Waiting 1001 ms before next connect attempt to [68.67.122.30]:19999
16:55:09 [PeerGroup Thread] PeerGroup - Attempting connection to [68.67.122.30]:19999     (0 connected, 1 pending, 6 max)
16:55:09 [PeerGroup Thread] PeerGroup - Attempting connection to [68.67.122.55]:19999     (0 connected, 2 pending, 6 max)
16:55:09 [PeerGroup Thread] PeerGroup - Attempting connection to [68.67.122.81]:19999     (0 connected, 3 pending, 6 max)
16:55:09 [PeerGroup Thread] PeerGroup - Attempting connection to [68.67.122.80]:19999     (0 connected, 4 pending, 6 max)
16:55:09 [PeerGroup Thread] PeerGroup - Attempting connection to [68.67.122.79]:19999     (0 connected, 5 pending, 6 max)
16:55:09 [PeerGroup Thread] PeerGroup - Attempting connection to [68.67.122.78]:19999     (0 connected, 6 pending, 6 max)
16:55:09 [NioClientManager] NioClientManager - Connected to /68.67.122.30:19999
16:55:09 [NioClientManager] Peer - Announcing to /68.67.122.30:19999 with protocol 70235 as: /DashJ:22.0.5/Dash Wallet:11.9.0/
16:55:09 [NioClientManager] NioClientManager - Connected to /68.67.122.55:19999
16:55:09 [NioClientManager] Peer - Announcing to /68.67.122.55:19999 with protocol 70235 as: /DashJ:22.0.5/Dash Wallet:11.9.0/
16:55:09 [NioClientManager] NioClientManager - Connected to /68.67.122.81:19999
16:55:09 [NioClientManager] Peer - Announcing to /68.67.122.81:19999 with protocol 70235 as: /DashJ:22.0.5/Dash Wallet:11.9.0/
16:55:09 [NioClientManager] NioClientManager - Connected to /68.67.122.79:19999
16:55:09 [NioClientManager] Peer - Announcing to /68.67.122.79:19999 with protocol 70235 as: /DashJ:22.0.5/Dash Wallet:11.9.0/
16:55:09 [NioClientManager] NioClientManager - Connected to /68.67.122.78:19999
16:55:09 [NioClientManager] Peer - Announcing to /68.67.122.78:19999 with protocol 70235 as: /DashJ:22.0.5/Dash Wallet:11.9.0/
16:55:09 [NioClientManager] NioClientManager - Connected to /68.67.122.80:19999
16:55:09 [NioClientManager] Peer - Announcing to /68.67.122.80:19999 with protocol 70235 as: /DashJ:22.0.5/Dash Wallet:11.9.0/
16:55:09 [NioClientManager] Peer - Peer{[68.67.122.30]:19999, version=70240, subVer=/Dash Core:23.1.8(dcg-masternode-1)/, services=7237 (NETWORK, BLOOM, NETWORK_LIMITED, COMPACT_FILTERS, HEADERS_COMPRESSED, remaining: 1000001000000), time=2026-09-19 11:55:09, height=1556859}
16:55:09 [NioClientManager] PeerGroup - Peer{[68.67.122.30]:19999, version=70240, subVer=/Dash Core:23.1.8(dcg-masternode-1)/, services=7237 (NETWORK, BLOOM, NETWORK_LIMITED, COMPACT_FILTERS, HEADERS_COMPRESSED, remaining: 1000001000000), time=2026-09-19 11:55:09, height=1556859}: New peer      (1 connected, 5 pending, 6 max)
16:55:09 [NioClientManager] Peer - Peer{[68.67.122.30]:19999, version=70240, subVer=/Dash Core:23.1.8(dcg-masternode-1)/, services=7237 (NETWORK, BLOOM, NETWORK_LIMITED, COMPACT_FILTERS, HEADERS_COMPRESSED, remaining: 1000001000000), time=2026-09-19 11:55:09, height=1556859}: Sending Bloom filter and querying mempool
16:55:09 [NioClientManager] AllowLockTimeRiskAnalysis$Analyzer - risk analysis: net time diff 0; peer time diff 0 1789836909 1789836909
16:55:09 [dashj user thread] AbstractQuorumState - peer connected and setting download peer to null with onPeerConnected
16:55:09 [dashj user thread] AbstractQuorumState - peer connected and setting download peer to null with onPeerConnected
16:55:09 [NioClientManager] Peer - Peer{[68.67.122.55]:19999, version=70240, subVer=/Dash Core:23.1.8(dcg-masternode-26)/, services=7237 (NETWORK, BLOOM, NETWORK_LIMITED, COMPACT_FILTERS, HEADERS_COMPRESSED, remaining: 1000001000000), time=2026-09-19 11:55:09, height=1556859}
16:55:09 [dashj user thread] BLSJniLibrary - Initializing BLS JNI Library
16:55:09 [dashj user thread] TransactionBroadcast - broadcastTransaction: We have 1 peers, adding ae7ee67dbe9fb1fc3c4fd54bf69b102e272fe69f1547bae3f510bf83d5925553 to the memory pool
16:55:09 [dashj user thread] TransactionBroadcast - Sending to 1 peers, will wait for 0, sending to: Peer{[68.67.122.30]:19999, version=70240, subVer=/Dash Core:23.1.8(dcg-masternode-1)/, services=7237 (NETWORK, BLOOM, NETWORK_LIMITED, COMPACT_FILTERS, HEADERS_COMPRESSED, remaining: 1000001000000), time=2026-09-19 11:55:09, height=1556859}
16:55:09 [NioClientManager] PeerGroup - Peer{[68.67.122.55]:19999, version=70240, subVer=/Dash Core:23.1.8(dcg-masternode-26)/, services=7237 (NETWORK, BLOOM, NETWORK_LIMITED, COMPACT_FILTERS, HEADERS_COMPRESSED, remaining: 1000001000000), time=2026-09-19 11:55:09, height=1556859}: New peer      (2 connected, 4 pending, 6 max)
16:55:09 [NioClientManager] Peer - Peer{[68.67.122.55]:19999, version=70240, subVer=/Dash Core:23.1.8(dcg-masternode-26)/, services=7237 (NETWORK, BLOOM, NETWORK_LIMITED, COMPACT_FILTERS, HEADERS_COMPRESSED, remaining: 1000001000000), time=2026-09-19 11:55:09, height=1556859}: Sending Bloom filter and querying mempool
16:55:09 [NioClientManager] AllowLockTimeRiskAnalysis$Analyzer - risk analysis: net time diff 0; peer time diff 0 1789836909 1789836909
16:55:09 [dashj user thread] BLSJniLibrary - Initializing BLS JNI Library
16:55:09 [dashj user thread] TransactionBroadcast - broadcastTransaction: We have 2 peers, adding dcc0f4c5a09640373f019b40f145e71c426a94e97eab3cc83363819c151140fd to the memory pool
16:55:09 [dashj user thread] TransactionBroadcast - Sending to 1 peers, will wait for 1, sending to: Peer{[68.67.122.30]:19999, version=70240, subVer=/Dash Core:23.1.8(dcg-masternode-1)/, services=7237 (NETWORK, BLOOM, NETWORK_LIMITED, COMPACT_FILTERS, HEADERS_COMPRESSED, remaining: 1000001000000), time=2026-09-19 11:55:09, height=1556859}
16:55:09 [NioClientManager] Peer - Peer{[68.67.122.81]:19999, version=70240, subVer=/Dash Core:23.1.8(dcg-masternode-52)/, services=7237 (NETWORK, BLOOM, NETWORK_LIMITED, COMPACT_FILTERS, HEADERS_COMPRESSED, remaining: 1000001000000), time=2026-09-19 11:55:09, height=1556859}
16:55:09 [Threading.THREAD_POOL worker] BLSJniLibrary - Initializing BLS JNI Library
16:55:09 [dashj user thread] TransactionBroadcast - broadcastTransaction: SENT:  TX ae7ee67dbe9fb1fc3c4fd54bf69b102e272fe69f1547bae3f510bf83d5925553 seen by 0 peers
16:55:09 [dashj user thread] TransactionBroadcast - broadcastTransaction: ae7ee67dbe9fb1fc3c4fd54bf69b102e272fe69f1547bae3f510bf83d5925553 complete
16:55:09 [dashj user thread] AbstractQuorumState - peer connected and setting download peer to null with onPeerConnected
16:55:09 [dashj user thread] AbstractQuorumState - peer connected and setting download peer to null with onPeerConnected
16:55:09 [dashj user thread] TransactionBroadcast - broadcastTransaction: SENT:  TX dcc0f4c5a09640373f019b40f145e71c426a94e97eab3cc83363819c151140fd seen by 0 peers
16:55:09 [DefaultDispatcher-worker-5] CoinJoinMixingService - coinjoin-state: NONE, 687 ms, true, CONNECTED, synced: false, true
16:55:09 [DefaultDispatcher-worker-5] CoinJoinMixingService - coinjoin-state-mixing: NOT_STARTED -> NOT_STARTED
16:55:09 [NioClientManager] PeerGroup - Peer{[68.67.122.81]:19999, version=70240, subVer=/Dash Core:23.1.8(dcg-masternode-52)/, services=7237 (NETWORK, BLOOM, NETWORK_LIMITED, COMPACT_FILTERS, HEADERS_COMPRESSED, remaining: 1000001000000), time=2026-09-19 11:55:09, height=1556859}: New peer      (3 connected, 3 pending, 6 max)
16:55:09 [NioClientManager] Peer - Peer{[68.67.122.81]:19999, version=70240, subVer=/Dash Core:23.1.8(dcg-masternode-52)/, services=7237 (NETWORK, BLOOM, NETWORK_LIMITED, COMPACT_FILTERS, HEADERS_COMPRESSED, remaining: 1000001000000), time=2026-09-19 11:55:09, height=1556859}: Sending Bloom filter and querying mempool
16:55:09 [NioClientManager] AllowLockTimeRiskAnalysis$Analyzer - risk analysis: net time diff 0; peer time diff 0 1789836909 1789836909
16:55:09 [NioClientManager] Peer - Peer{[68.67.122.78]:19999, version=70240, subVer=/Dash Core:23.1.8(dcg-masternode-49)/, services=7237 (NETWORK, BLOOM, NETWORK_LIMITED, COMPACT_FILTERS, HEADERS_COMPRESSED, remaining: 1000001000000), time=2026-09-19 11:55:09, height=1556859}
16:55:09 [NioClientManager] PeerGroup - Peer{[68.67.122.78]:19999, version=70240, subVer=/Dash Core:23.1.8(dcg-masternode-49)/, services=7237 (NETWORK, BLOOM, NETWORK_LIMITED, COMPACT_FILTERS, HEADERS_COMPRESSED, remaining: 1000001000000), time=2026-09-19 11:55:09, height=1556859}: New peer      (4 connected, 2 pending, 6 max)
16:55:09 [NioClientManager] Peer - Peer{[68.67.122.78]:19999, version=70240, subVer=/Dash Core:23.1.8(dcg-masternode-49)/, services=7237 (NETWORK, BLOOM, NETWORK_LIMITED, COMPACT_FILTERS, HEADERS_COMPRESSED, remaining: 1000001000000), time=2026-09-19 11:55:09, height=1556859}: Sending Bloom filter and querying mempool
16:55:09 [NioClientManager] PeerGroup - Setting download peer: Peer{[68.67.122.55]:19999, version=70240, subVer=/Dash Core:23.1.8(dcg-masternode-26)/, services=7237 (NETWORK, BLOOM, NETWORK_LIMITED, COMPACT_FILTERS, HEADERS_COMPRESSED, remaining: 1000001000000), time=2026-09-19 11:55:09, height=1556859}
16:55:09 [NioClientManager] PeerGroup - Initiating Synchronization with Peer{[68.67.122.55]:19999, version=70240, subVer=/Dash Core:23.1.8(dcg-masternode-26)/, services=7237 (NETWORK, BLOOM, NETWORK_LIMITED, COMPACT_FILTERS, HEADERS_COMPRESSED, remaining: 1000001000000), time=2026-09-19 11:55:09, height=1556859}
16:55:09 [NioClientManager] PeerGroup - Attempting to sync headers first
16:55:09 [NioClientManager] PeerGroup - Sync Stage change from OFFLINE to HEADERS
16:55:09 [NioClientManager] DownloadProgressTracker - Downloading block chain of size 151419. This may take a while.
16:55:09 [NioClientManager] Peer - Requesting compressed headers from: Peer{[68.67.122.55]:19999, version=70240, subVer=/Dash Core:23.1.8(dcg-masternode-26)/, services=7237 (NETWORK, BLOOM, NETWORK_LIMITED, COMPACT_FILTERS, HEADERS_COMPRESSED, remaining: 1000001000000), time=2026-09-19 11:55:09, height=1556859}
16:55:09 [NioClientManager] AllowLockTimeRiskAnalysis$Analyzer - risk analysis: net time diff 0; peer time diff 0 1789836909 1789836909
16:55:09 [dashj user thread] AbstractQuorumState - peer connected and setting download peer to Peer{[68.67.122.55]:19999, version=70240, subVer=/Dash Core:23.1.8(dcg-masternode-26)/, services=7237 (NETWORK, BLOOM, NETWORK_LIMITED, COMPACT_FILTERS, HEADERS_COMPRESSED, remaining: 1000001000000), time=2026-09-19 11:55:09, height=1556859} with onPeerConnected
16:55:09 [NioClientManager] Peer - Peer{[68.67.122.79]:19999, version=70240, subVer=/Dash Core:23.1.8(dcg-masternode-50)/, services=7237 (NETWORK, BLOOM, NETWORK_LIMITED, COMPACT_FILTERS, HEADERS_COMPRESSED, remaining: 1000001000000), time=2026-09-19 11:55:09, height=1556859}
16:55:09 [dashj user thread] AbstractQuorumState - peer connected and setting download peer to Peer{[68.67.122.55]:19999, version=70240, subVer=/Dash Core:23.1.8(dcg-masternode-26)/, services=7237 (NETWORK, BLOOM, NETWORK_LIMITED, COMPACT_FILTERS, HEADERS_COMPRESSED, remaining: 1000001000000), time=2026-09-19 11:55:09, height=1556859} with onPeerConnected
16:55:09 [NioClientManager] PeerGroup - Peer{[68.67.122.79]:19999, version=70240, subVer=/Dash Core:23.1.8(dcg-masternode-50)/, services=7237 (NETWORK, BLOOM, NETWORK_LIMITED, COMPACT_FILTERS, HEADERS_COMPRESSED, remaining: 1000001000000), time=2026-09-19 11:55:09, height=1556859}: New peer      (5 connected, 1 pending, 6 max)
16:55:09 [dashj user thread] DownloadProgressTracker - Downloading block chain of size 151419. This may take a while.
16:55:09 [NioClientManager] Peer - Peer{[68.67.122.79]:19999, version=70240, subVer=/Dash Core:23.1.8(dcg-masternode-50)/, services=7237 (NETWORK, BLOOM, NETWORK_LIMITED, COMPACT_FILTERS, HEADERS_COMPRESSED, remaining: 1000001000000), time=2026-09-19 11:55:09, height=1556859}: Sending Bloom filter and querying mempool
16:55:09 [dashj user thread] AbstractQuorumState - setting download peer with onHeadersDownloadStarted: Peer{[68.67.122.55]:19999, version=70240, subVer=/Dash Core:23.1.8(dcg-masternode-26)/, services=7237 (NETWORK, BLOOM, NETWORK_LIMITED, COMPACT_FILTERS, HEADERS_COMPRESSED, remaining: 1000001000000), time=2026-09-19 11:55:09, height=1556859}
16:55:09 [dashj user thread] AbstractQuorumState - setting download peer with onHeadersDownloadStarted: Peer{[68.67.122.55]:19999, version=70240, subVer=/Dash Core:23.1.8(dcg-masternode-26)/, services=7237 (NETWORK, BLOOM, NETWORK_LIMITED, COMPACT_FILTERS, HEADERS_COMPRESSED, remaining: 1000001000000), time=2026-09-19 11:55:09, height=1556859}
16:55:09 [NioClientManager] AllowLockTimeRiskAnalysis$Analyzer - risk analysis: net time diff 0; peer time diff 0 1789836909 1789836909
16:55:09 [Threading.THREAD_POOL worker] BLSJniLibrary - Initializing BLS JNI Library
16:55:09 [dashj user thread] AbstractQuorumState - peer connected and setting download peer to Peer{[68.67.122.55]:19999, version=70240, subVer=/Dash Core:23.1.8(dcg-masternode-26)/, services=7237 (NETWORK, BLOOM, NETWORK_LIMITED, COMPACT_FILTERS, HEADERS_COMPRESSED, remaining: 1000001000000), time=2026-09-19 11:55:09, height=1556859} with onPeerConnected
16:55:09 [dashj user thread] AbstractQuorumState - peer connected and setting download peer to Peer{[68.67.122.55]:19999, version=70240, subVer=/Dash Core:23.1.8(dcg-masternode-26)/, services=7237 (NETWORK, BLOOM, NETWORK_LIMITED, COMPACT_FILTERS, HEADERS_COMPRESSED, remaining: 1000001000000), time=2026-09-19 11:55:09, height=1556859} with onPeerConnected
16:55:09 [dashj user thread] AbstractQuorumState - peer connected and setting download peer to Peer{[68.67.122.55]:19999, version=70240, subVer=/Dash Core:23.1.8(dcg-masternode-26)/, services=7237 (NETWORK, BLOOM, NETWORK_LIMITED, COMPACT_FILTERS, HEADERS_COMPRESSED, remaining: 1000001000000), time=2026-09-19 11:55:09, height=1556859} with onPeerConnected
16:55:09 [dashj user thread] AbstractQuorumState - peer connected and setting download peer to Peer{[68.67.122.55]:19999, version=70240, subVer=/Dash Core:23.1.8(dcg-masternode-26)/, services=7237 (NETWORK, BLOOM, NETWORK_LIMITED, COMPACT_FILTERS, HEADERS_COMPRESSED, remaining: 1000001000000), time=2026-09-19 11:55:09, height=1556859} with onPeerConnected
16:55:09 [NioClientManager] Peer - Peer{[68.67.122.80]:19999, version=70240, subVer=/Dash Core:23.1.8(dcg-masternode-51)/, services=7237 (NETWORK, BLOOM, NETWORK_LIMITED, COMPACT_FILTERS, HEADERS_COMPRESSED, remaining: 1000001000000), time=2026-09-19 11:55:09, height=1556859}
16:55:09 [NioClientManager] PeerGroup - Peer{[68.67.122.80]:19999, version=70240, subVer=/Dash Core:23.1.8(dcg-masternode-51)/, services=7237 (NETWORK, BLOOM, NETWORK_LIMITED, COMPACT_FILTERS, HEADERS_COMPRESSED, remaining: 1000001000000), time=2026-09-19 11:55:09, height=1556859}: New peer      (6 connected, 0 pending, 6 max)
16:55:09 [NioClientManager] Peer - Peer{[68.67.122.80]:19999, version=70240, subVer=/Dash Core:23.1.8(dcg-masternode-51)/, services=7237 (NETWORK, BLOOM, NETWORK_LIMITED, COMPACT_FILTERS, HEADERS_COMPRESSED, remaining: 1000001000000), time=2026-09-19 11:55:09, height=1556859}: Sending Bloom filter and querying mempool
16:55:09 [NioClientManager] AllowLockTimeRiskAnalysis$Analyzer - risk analysis: net time diff 0; peer time diff 0 1789836909 1789836909
16:55:09 [dashj user thread] AbstractQuorumState - peer connected and setting download peer to Peer{[68.67.122.55]:19999, version=70240, subVer=/Dash Core:23.1.8(dcg-masternode-26)/, services=7237 (NETWORK, BLOOM, NETWORK_LIMITED, COMPACT_FILTERS, HEADERS_COMPRESSED, remaining: 1000001000000), time=2026-09-19 11:55:09, height=1556859} with onPeerConnected
16:55:09 [dashj user thread] AbstractQuorumState - peer connected and setting download peer to Peer{[68.67.122.55]:19999, version=70240, subVer=/Dash Core:23.1.8(dcg-masternode-26)/, services=7237 (NETWORK, BLOOM, NETWORK_LIMITED, COMPACT_FILTERS, HEADERS_COMPRESSED, remaining: 1000001000000), time=2026-09-19 11:55:09, height=1556859} with onPeerConnected
16:55:09 [NioClientManager] Peer - Peer{[68.67.122.30]:19999, version=70240, subVer=/Dash Core:23.1.8(dcg-masternode-1)/, services=7237 (NETWORK, BLOOM, NETWORK_LIMITED, COMPACT_FILTERS, HEADERS_COMPRESSED, remaining: 1000001000000), time=2026-09-19 11:55:09, height=1556859}: Received unhandled message: org.bitcoinj.core.SendCompactBlocksMessage@d7855ac
16:55:09 [NioClientManager] Peer - Peer{[68.67.122.30]:19999, version=70240, subVer=/Dash Core:23.1.8(dcg-masternode-1)/, services=7237 (NETWORK, BLOOM, NETWORK_LIMITED, COMPACT_FILTERS, HEADERS_COMPRESSED, remaining: 1000001000000), time=2026-09-19 11:55:09, height=1556859}: Received unhandled message: SendDsq(send=true)
16:55:09 [NioClientManager] SporkManager - SPORK -- hash: 2d1a2040ab918d5e8240e9e92e3a42a46a97073c90679a3df125ee6de113938c id: 10001 (        SPORK_2_INSTANTSEND_ENABLED) value:          0 bestHeight: 1405440 peer=/68.67.122.30:19999 new
16:55:09 [NioClientManager] Peer - Peer{[68.67.122.55]:19999, version=70240, subVer=/Dash Core:23.1.8(dcg-masternode-26)/, services=7237 (NETWORK, BLOOM, NETWORK_LIMITED, COMPACT_FILTERS, HEADERS_COMPRESSED, remaining: 1000001000000), time=2026-09-19 11:55:09, height=1556859}: Received unhandled message: org.bitcoinj.core.SendCompactBlocksMessage@55f1275
16:55:09 [NioClientManager] Peer - Peer{[68.67.122.55]:19999, version=70240, subVer=/Dash Core:23.1.8(dcg-masternode-26)/, services=7237 (NETWORK, BLOOM, NETWORK_LIMITED, COMPACT_FILTERS, HEADERS_COMPRESSED, remaining: 1000001000000), time=2026-09-19 11:55:09, height=1556859}: Received unhandled message: SendDsq(send=true)
16:55:09 [NioClientManager] Peer - Peer{[68.67.122.78]:19999, version=70240, subVer=/Dash Core:23.1.8(dcg-masternode-49)/, services=7237 (NETWORK, BLOOM, NETWORK_LIMITED, COMPACT_FILTERS, HEADERS_COMPRESSED, remaining: 1000001000000), time=2026-09-19 11:55:09, height=1556859}: Received unhandled message: org.bitcoinj.core.SendCompactBlocksMessage@c98b20a
16:55:09 [NioClientManager] Peer - Peer{[68.67.122.78]:19999, version=70240, subVer=/Dash Core:23.1.8(dcg-masternode-49)/, services=7237 (NETWORK, BLOOM, NETWORK_LIMITED, COMPACT_FILTERS, HEADERS_COMPRESSED, remaining: 1000001000000), time=2026-09-19 11:55:09, height=1556859}: Received unhandled message: SendDsq(send=true)
16:55:09 [NioClientManager] Peer - Peer{[68.67.122.79]:19999, version=70240, subVer=/Dash Core:23.1.8(dcg-masternode-50)/, services=7237 (NETWORK, BLOOM, NETWORK_LIMITED, COMPACT_FILTERS, HEADERS_COMPRESSED, remaining: 1000001000000), time=2026-09-19 11:55:09, height=1556859}: Received unhandled message: org.bitcoinj.core.SendCompactBlocksMessage@ff0a7b
16:55:09 [NioClientManager] Peer - Peer{[68.67.122.79]:19999, version=70240, subVer=/Dash Core:23.1.8(dcg-masternode-50)/, services=7237 (NETWORK, BLOOM, NETWORK_LIMITED, COMPACT_FILTERS, HEADERS_COMPRESSED, remaining: 1000001000000), time=2026-09-19 11:55:09, height=1556859}: Received unhandled message: SendDsq(send=true)
16:55:09 [NioClientManager] Peer - Peer{[68.67.122.81]:19999, version=70240, subVer=/Dash Core:23.1.8(dcg-masternode-52)/, services=7237 (NETWORK, BLOOM, NETWORK_LIMITED, COMPACT_FILTERS, HEADERS_COMPRESSED, remaining: 1000001000000), time=2026-09-19 11:55:09, height=1556859}: Received unhandled message: org.bitcoinj.core.SendCompactBlocksMessage@7eb2098
16:55:09 [NioClientManager] Peer - Peer{[68.67.122.81]:19999, version=70240, subVer=/Dash Core:23.1.8(dcg-masternode-52)/, services=7237 (NETWORK, BLOOM, NETWORK_LIMITED, COMPACT_FILTERS, HEADERS_COMPRESSED, remaining: 1000001000000), time=2026-09-19 11:55:09, height=1556859}: Received unhandled message: SendDsq(send=true)
16:55:09 [NioClientManager] Peer - Peer{[68.67.122.80]:19999, version=70240, subVer=/Dash Core:23.1.8(dcg-masternode-51)/, services=7237 (NETWORK, BLOOM, NETWORK_LIMITED, COMPACT_FILTERS, HEADERS_COMPRESSED, remaining: 1000001000000), time=2026-09-19 11:55:09, height=1556859}: Received unhandled message: org.bitcoinj.core.SendCompactBlocksMessage@9b60f1
16:55:09 [NioClientManager] Peer - Peer{[68.67.122.80]:19999, version=70240, subVer=/Dash Core:23.1.8(dcg-masternode-51)/, services=7237 (NETWORK, BLOOM, NETWORK_LIMITED, COMPACT_FILTERS, HEADERS_COMPRESSED, remaining: 1000001000000), time=2026-09-19 11:55:09, height=1556859}: Received unhandled message: SendDsq(send=true)
16:55:09 [NioClientManager] SporkManager - SPORK -- hash: c0fa2288bfc94099c0bee6c074c950fa990db674024807a67d601153dadfe539 id: 10018 (        SPORK_19_CHAINLOCKS_ENABLED) value:          0 bestHeight: 1405440 peer=/68.67.122.55:19999 new
16:55:09 [NioClientManager] SporkManager - SPORK -- hash: d1d32f00374284b19ee33f9ef19386055fd15091ce4a476ab58701603594cc5e id: 10002 (SPORK_3_INSTANTSEND_BLOCK_FILTERING) value:          0 bestHeight: 1405440 peer=/68.67.122.55:19999 new
16:55:09 [NioClientManager] SporkManager - SPORK -- hash: 2d1a2040ab918d5e8240e9e92e3a42a46a97073c90679a3df125ee6de113938c id: 10001 (        SPORK_2_INSTANTSEND_ENABLED) value:          0 bestHeight: 1405440 peer=/68.67.122.55:19999 seen 
16:55:09 [NioClientManager] SporkManager - SPORK -- hash: c0fa2288bfc94099c0bee6c074c950fa990db674024807a67d601153dadfe539 id: 10018 (        SPORK_19_CHAINLOCKS_ENABLED) value:          0 bestHeight: 1405440 peer=/68.67.122.80:19999 seen 
16:55:09 [NioClientManager] SporkManager - SPORK -- hash: c68903921495975e0f00ebd6bca4f6701d1483c897c8224341d8a91dcd110b2e id: 10020 (      SPORK_21_QUORUM_ALL_CONNECTED) value:          1 bestHeight: 1405440 peer=/68.67.122.80:19999 new
16:55:09 [NioClientManager] SporkManager - SPORK -- hash: e22c8dbbf3b6277346baec16495ba489ced20755a14e2b5051700d2bfa51fb5b id: 10016 (        SPORK_17_QUORUM_DKG_ENABLED) value:          0 bestHeight: 1405440 peer=/68.67.122.80:19999 new
16:55:09 [NioClientManager] SporkManager - SPORK -- hash: 2d1a2040ab918d5e8240e9e92e3a42a46a97073c90679a3df125ee6de113938c id: 10001 (        SPORK_2_INSTANTSEND_ENABLED) value:          0 bestHeight: 1405440 peer=/68.67.122.80:19999 seen 
16:55:09 [NioClientManager] SporkManager - SPORK -- hash: a954a3dde9d3f8f6d4db268edfacf58e9e86b9f0eedaf666c792a144eea62deb id: 10022 (               SPORK_23_QUORUM_POSE) value:          0 bestHeight: 1405440 peer=/68.67.122.80:19999 new
16:55:09 [NioClientManager] SporkManager - SPORK -- hash: d1d32f00374284b19ee33f9ef19386055fd15091ce4a476ab58701603594cc5e id: 10002 (SPORK_3_INSTANTSEND_BLOCK_FILTERING) value:          0 bestHeight: 1405440 peer=/68.67.122.80:19999 seen 
16:55:09 [NioClientManager] SporkManager - SPORK -- hash: b9d783455f2df58f1844e4b13ec13bccd1170ed0250c0be09ee6a7664175db47 id: 10008 (        SPORK_9_SUPERBLOCKS_ENABLED) value:          0 bestHeight: 1405440 peer=/68.67.122.80:19999 new
16:55:09 [NioClientManager] SporkManager - SPORK -- hash: a954a3dde9d3f8f6d4db268edfacf58e9e86b9f0eedaf666c792a144eea62deb id: 10022 (               SPORK_23_QUORUM_POSE) value:          0 bestHeight: 1405440 peer=/68.67.122.55:19999 seen 
16:55:09 [NioClientManager] SporkManager - SPORK -- hash: e22c8dbbf3b6277346baec16495ba489ced20755a14e2b5051700d2bfa51fb5b id: 10016 (        SPORK_17_QUORUM_DKG_ENABLED) value:          0 bestHeight: 1405440 peer=/68.67.122.55:19999 seen 
16:55:09 [NioClientManager] SporkManager - SPORK -- hash: c68903921495975e0f00ebd6bca4f6701d1483c897c8224341d8a91dcd110b2e id: 10020 (      SPORK_21_QUORUM_ALL_CONNECTED) value:          1 bestHeight: 1405440 peer=/68.67.122.55:19999 seen 
16:55:09 [NioClientManager] SporkManager - SPORK -- hash: b9d783455f2df58f1844e4b13ec13bccd1170ed0250c0be09ee6a7664175db47 id: 10008 (        SPORK_9_SUPERBLOCKS_ENABLED) value:          0 bestHeight: 1405440 peer=/68.67.122.55:19999 seen 
16:55:09 [NioClientManager] SporkManager - SPORK -- hash: 2d1a2040ab918d5e8240e9e92e3a42a46a97073c90679a3df125ee6de113938c id: 10001 (        SPORK_2_INSTANTSEND_ENABLED) value:          0 bestHeight: 1405440 peer=/68.67.122.78:19999 seen 
16:55:09 [NioClientManager] SporkManager - SPORK -- hash: c0fa2288bfc94099c0bee6c074c950fa990db674024807a67d601153dadfe539 id: 10018 (        SPORK_19_CHAINLOCKS_ENABLED) value:          0 bestHeight: 1405440 peer=/68.67.122.78:19999 seen 
16:55:09 [NioClientManager] SporkManager - SPORK -- hash: d1d32f00374284b19ee33f9ef19386055fd15091ce4a476ab58701603594cc5e id: 10002 (SPORK_3_INSTANTSEND_BLOCK_FILTERING) value:          0 bestHeight: 1405440 peer=/68.67.122.78:19999 seen 
16:55:09 [NioClientManager] SporkManager - SPORK -- hash: a954a3dde9d3f8f6d4db268edfacf58e9e86b9f0eedaf666c792a144eea62deb id: 10022 (               SPORK_23_QUORUM_POSE) value:          0 bestHeight: 1405440 peer=/68.67.122.78:19999 seen 
16:55:09 [NioClientManager] SporkManager - SPORK -- hash: c68903921495975e0f00ebd6bca4f6701d1483c897c8224341d8a91dcd110b2e id: 10020 (      SPORK_21_QUORUM_ALL_CONNECTED) value:          1 bestHeight: 1405440 peer=/68.67.122.78:19999 seen 
16:55:09 [NioClientManager] SporkManager - SPORK -- hash: e22c8dbbf3b6277346baec16495ba489ced20755a14e2b5051700d2bfa51fb5b id: 10016 (        SPORK_17_QUORUM_DKG_ENABLED) value:          0 bestHeight: 1405440 peer=/68.67.122.78:19999 seen 
16:55:09 [NioClientManager] SporkManager - SPORK -- hash: b9d783455f2df58f1844e4b13ec13bccd1170ed0250c0be09ee6a7664175db47 id: 10008 (        SPORK_9_SUPERBLOCKS_ENABLED) value:          0 bestHeight: 1405440 peer=/68.67.122.78:19999 seen 
16:55:09 [NioClientManager] SporkManager - SPORK -- hash: 2d1a2040ab918d5e8240e9e92e3a42a46a97073c90679a3df125ee6de113938c id: 10001 (        SPORK_2_INSTANTSEND_ENABLED) value:          0 bestHeight: 1405440 peer=/68.67.122.79:19999 seen 
16:55:09 [NioClientManager] SporkManager - SPORK -- hash: c68903921495975e0f00ebd6bca4f6701d1483c897c8224341d8a91dcd110b2e id: 10020 (      SPORK_21_QUORUM_ALL_CONNECTED) value:          1 bestHeight: 1405440 peer=/68.67.122.79:19999 seen 
16:55:09 [NioClientManager] SporkManager - SPORK -- hash: e22c8dbbf3b6277346baec16495ba489ced20755a14e2b5051700d2bfa51fb5b id: 10016 (        SPORK_17_QUORUM_DKG_ENABLED) value:          0 bestHeight: 1405440 peer=/68.67.122.79:19999 seen 
16:55:09 [NioClientManager] SporkManager - SPORK -- hash: d1d32f00374284b19ee33f9ef19386055fd15091ce4a476ab58701603594cc5e id: 10002 (SPORK_3_INSTANTSEND_BLOCK_FILTERING) value:          0 bestHeight: 1405440 peer=/68.67.122.79:19999 seen 
16:55:09 [NioClientManager] SporkManager - SPORK -- hash: a954a3dde9d3f8f6d4db268edfacf58e9e86b9f0eedaf666c792a144eea62deb id: 10022 (               SPORK_23_QUORUM_POSE) value:          0 bestHeight: 1405440 peer=/68.67.122.79:19999 seen 
16:55:09 [NioClientManager] SporkManager - SPORK -- hash: c0fa2288bfc94099c0bee6c074c950fa990db674024807a67d601153dadfe539 id: 10018 (        SPORK_19_CHAINLOCKS_ENABLED) value:          0 bestHeight: 1405440 peer=/68.67.122.79:19999 seen 
16:55:09 [NioClientManager] SporkManager - SPORK -- hash: b9d783455f2df58f1844e4b13ec13bccd1170ed0250c0be09ee6a7664175db47 id: 10008 (        SPORK_9_SUPERBLOCKS_ENABLED) value:          0 bestHeight: 1405440 peer=/68.67.122.79:19999 seen 
16:55:09 [NioClientManager] SporkManager - SPORK -- hash: c68903921495975e0f00ebd6bca4f6701d1483c897c8224341d8a91dcd110b2e id: 10020 (      SPORK_21_QUORUM_ALL_CONNECTED) value:          1 bestHeight: 1405440 peer=/68.67.122.81:19999 seen 
16:55:09 [NioClientManager] SporkManager - SPORK -- hash: c0fa2288bfc94099c0bee6c074c950fa990db674024807a67d601153dadfe539 id: 10018 (        SPORK_19_CHAINLOCKS_ENABLED) value:          0 bestHeight: 1405440 peer=/68.67.122.81:19999 seen 
16:55:09 [NioClientManager] SporkManager - SPORK -- hash: e22c8dbbf3b6277346baec16495ba489ced20755a14e2b5051700d2bfa51fb5b id: 10016 (        SPORK_17_QUORUM_DKG_ENABLED) value:          0 bestHeight: 1405440 peer=/68.67.122.81:19999 seen 
16:55:09 [NioClientManager] SporkManager - SPORK -- hash: a954a3dde9d3f8f6d4db268edfacf58e9e86b9f0eedaf666c792a144eea62deb id: 10022 (               SPORK_23_QUORUM_POSE) value:          0 bestHeight: 1405440 peer=/68.67.122.81:19999 seen 
16:55:09 [NioClientManager] SporkManager - SPORK -- hash: d1d32f00374284b19ee33f9ef19386055fd15091ce4a476ab58701603594cc5e id: 10002 (SPORK_3_INSTANTSEND_BLOCK_FILTERING) value:          0 bestHeight: 1405440 peer=/68.67.122.81:19999 seen 
16:55:09 [NioClientManager] SporkManager - SPORK -- hash: b9d783455f2df58f1844e4b13ec13bccd1170ed0250c0be09ee6a7664175db47 id: 10008 (        SPORK_9_SUPERBLOCKS_ENABLED) value:          0 bestHeight: 1405440 peer=/68.67.122.81:19999 seen 
16:55:09 [NioClientManager] SporkManager - SPORK -- hash: 2d1a2040ab918d5e8240e9e92e3a42a46a97073c90679a3df125ee6de113938c id: 10001 (        SPORK_2_INSTANTSEND_ENABLED) value:          0 bestHeight: 1405440 peer=/68.67.122.81:19999 seen 
16:55:09 [NioClientManager] SporkManager - SPORK -- hash: c68903921495975e0f00ebd6bca4f6701d1483c897c8224341d8a91dcd110b2e id: 10020 (      SPORK_21_QUORUM_ALL_CONNECTED) value:          1 bestHeight: 1405440 peer=/68.67.122.30:19999 seen 
16:55:09 [NioClientManager] SporkManager - SPORK -- hash: e22c8dbbf3b6277346baec16495ba489ced20755a14e2b5051700d2bfa51fb5b id: 10016 (        SPORK_17_QUORUM_DKG_ENABLED) value:          0 bestHeight: 1405440 peer=/68.67.122.30:19999 seen 
16:55:09 [NioClientManager] SporkManager - SPORK -- hash: d1d32f00374284b19ee33f9ef19386055fd15091ce4a476ab58701603594cc5e id: 10002 (SPORK_3_INSTANTSEND_BLOCK_FILTERING) value:          0 bestHeight: 1405440 peer=/68.67.122.30:19999 seen 
16:55:09 [NioClientManager] SporkManager - SPORK -- hash: b9d783455f2df58f1844e4b13ec13bccd1170ed0250c0be09ee6a7664175db47 id: 10008 (        SPORK_9_SUPERBLOCKS_ENABLED) value:          0 bestHeight: 1405440 peer=/68.67.122.30:19999 seen 
16:55:09 [NioClientManager] SporkManager - SPORK -- hash: a954a3dde9d3f8f6d4db268edfacf58e9e86b9f0eedaf666c792a144eea62deb id: 10022 (               SPORK_23_QUORUM_POSE) value:          0 bestHeight: 1405440 peer=/68.67.122.30:19999 seen 
16:55:09 [NioClientManager] SporkManager - SPORK -- hash: c0fa2288bfc94099c0bee6c074c950fa990db674024807a67d601153dadfe539 id: 10018 (        SPORK_19_CHAINLOCKS_ENABLED) value:          0 bestHeight: 1405440 peer=/68.67.122.30:19999 seen 
16:55:09 [NioClientManager] Headers2Message - Parsing headers2 message: numHeaders=8000, payloadLength=344041
16:55:09 [main] WalletTransactionsFragment - STARTUP submitData called on thread=main at 1789836909668
16:55:09 [NioClientManager] DownloadProgressTracker - Header download 1% done with 143419 blocks to go, block date 2026-02-02T11:00:32Z
16:55:09 [NioClientManager] BlockchainServiceImpl - progress 1
16:55:09 [dashj user thread] DownloadProgressTracker - Header download 1% done with 143419 blocks to go, block date 2026-02-02T11:00:32Z
16:55:09 [NioClientManager] Peer - processing headers till 1413440
16:55:09 [NioClientManager] Peer - Requesting compressed headers from: Peer{[68.67.122.55]:19999, version=70240, subVer=/Dash Core:23.1.8(dcg-masternode-26)/, services=7237 (NETWORK, BLOOM, NETWORK_LIMITED, COMPACT_FILTERS, HEADERS_COMPRESSED, remaining: 1000001000000), time=2026-09-19 11:55:09, height=1556859}
16:55:09 [DefaultDispatcher-worker-3] MainViewModel - blockchain state update: mnlist=-1; chain=1405440
16:55:09 [DefaultDispatcher-worker-4] TxDisplayCacheService - Sync complete: wallet=2 txs | group cache=2 txs/2 groups | display=2 rows — cache is complete
16:55:09 [main] HistoryHeaderAdapter - set invite, synced = false
16:55:09 [NioClientManager] Headers2Message - Parsing headers2 message: numHeaders=8000, payloadLength=344041
16:55:09 [NioClientManager] DownloadProgressTracker - Header download 3% done with 135419 blocks to go, block date 2026-02-15T11:08:36Z
16:55:09 [dashj user thread] DownloadProgressTracker - Header download 3% done with 135419 blocks to go, block date 2026-02-15T11:08:36Z
16:55:09 [NioClientManager] BlockchainServiceImpl - progress 3
16:55:09 [NioClientManager] Peer - processing headers till 1421440
16:55:09 [NioClientManager] Peer - Requesting compressed headers from: Peer{[68.67.122.55]:19999, version=70240, subVer=/Dash Core:23.1.8(dcg-masternode-26)/, services=7237 (NETWORK, BLOOM, NETWORK_LIMITED, COMPACT_FILTERS, HEADERS_COMPRESSED, remaining: 1000001000000), time=2026-09-19 11:55:09, height=1556859}
16:55:10 [NioClientManager] Headers2Message - Parsing headers2 message: numHeaders=8000, payloadLength=344037
16:55:10 [NioClientManager] DownloadProgressTracker - Header download 4% done with 127419 blocks to go, block date 2026-02-28T11:14:22Z
16:55:10 [dashj user thread] DownloadProgressTracker - Header download 4% done with 127419 blocks to go, block date 2026-02-28T11:14:22Z
16:55:10 [NioClientManager] BlockchainServiceImpl - progress 4
16:55:10 [NioClientManager] Peer - processing headers till 1429440
16:55:10 [NioClientManager] Peer - Requesting compressed headers from: Peer{[68.67.122.55]:19999, version=70240, subVer=/Dash Core:23.1.8(dcg-masternode-26)/, services=7237 (NETWORK, BLOOM, NETWORK_LIMITED, COMPACT_FILTERS, HEADERS_COMPRESSED, remaining: 1000001000000), time=2026-09-19 11:55:09, height=1556859}
16:55:10 [DefaultDispatcher-worker-4] MainViewModel - blockchain state update: mnlist=-1; chain=1405440
16:55:10 [NioClientManager] Headers2Message - Parsing headers2 message: numHeaders=8000, payloadLength=344041
16:55:10 [PeerGroup Thread] PeerGroup$ChainDownloadSpeedCalculator - 0 blocks/sec, 0 tx/sec, 0 pre-filtered tx/sec, 6000 headers/sec, 0 mnlistdiff/sec, avg/last 16.38/468.75 kilobytes per sec, chain/common height 1405440/1556859 (warming up 14 more seconds)
16:55:10 [Threading.THREAD_POOL worker] PeerGroup - [68.67.122.30]:19999: Peer died      (5 connected, 0 pending, 6 max)
16:55:10 [PeerGroup Thread] PeerGroup - Waiting 1000 ms before next connect attempt to [68.67.122.77]:19999
16:55:10 [NioClientManager] DownloadProgressTracker - Header download 6% done with 119419 blocks to go, block date 2026-03-12T22:24:22Z
16:55:10 [dashj user thread] DownloadProgressTracker - Header download 6% done with 119419 blocks to go, block date 2026-03-12T22:24:22Z
16:55:10 [NioClientManager] BlockchainServiceImpl - progress 6
16:55:10 [NioClientManager] Peer - processing headers till 1437440
16:55:10 [NioClientManager] Peer - Requesting compressed headers from: Peer{[68.67.122.55]:19999, version=70240, subVer=/Dash Core:23.1.8(dcg-masternode-26)/, services=7237 (NETWORK, BLOOM, NETWORK_LIMITED, COMPACT_FILTERS, HEADERS_COMPRESSED, remaining: 1000001000000), time=2026-09-19 11:55:09, height=1556859}
16:55:10 [NioClientManager] Headers2Message - Parsing headers2 message: numHeaders=8000, payloadLength=344037
16:55:10 [NioClientManager] DownloadProgressTracker - Header download 7% done with 111419 blocks to go, block date 2026-03-24T21:15:50Z
16:55:10 [dashj user thread] DownloadProgressTracker - Header download 7% done with 111419 blocks to go, block date 2026-03-24T21:15:50Z
16:55:10 [NioClientManager] BlockchainServiceImpl - progress 7
16:55:10 [NioClientManager] Peer - processing headers till 1445440
16:55:10 [NioClientManager] Peer - Requesting compressed headers from: Peer{[68.67.122.55]:19999, version=70240, subVer=/Dash Core:23.1.8(dcg-masternode-26)/, services=7237 (NETWORK, BLOOM, NETWORK_LIMITED, COMPACT_FILTERS, HEADERS_COMPRESSED, remaining: 1000001000000), time=2026-09-19 11:55:09, height=1556859}
16:55:10 [DefaultDispatcher-worker-4] MainViewModel - blockchain state update: mnlist=-1; chain=1405440
16:55:10 [NioClientManager] Headers2Message - Parsing headers2 message: numHeaders=8000, payloadLength=344045
16:55:10 [NioClientManager] DownloadProgressTracker - Header download 9% done with 103419 blocks to go, block date 2026-04-06T19:32:59Z
16:55:10 [dashj user thread] DownloadProgressTracker - Header download 9% done with 103419 blocks to go, block date 2026-04-06T19:32:59Z
16:55:10 [NioClientManager] BlockchainServiceImpl - progress 9
16:55:10 [NioClientManager] Peer - processing headers till 1453440
16:55:10 [NioClientManager] Peer - Requesting compressed headers from: Peer{[68.67.122.55]:19999, version=70240, subVer=/Dash Core:23.1.8(dcg-masternode-26)/, services=7237 (NETWORK, BLOOM, NETWORK_LIMITED, COMPACT_FILTERS, HEADERS_COMPRESSED, remaining: 1000001000000), time=2026-09-19 11:55:09, height=1556859}
16:55:10 [NioClientManager] Headers2Message - Parsing headers2 message: numHeaders=8000, payloadLength=344045
16:55:10 [NioClientManager] DownloadProgressTracker - Header download 11% done with 95419 blocks to go, block date 2026-04-19T18:15:37Z
16:55:10 [dashj user thread] DownloadProgressTracker - Header download 11% done with 95419 blocks to go, block date 2026-04-19T18:15:37Z
16:55:10 [NioClientManager] BlockchainServiceImpl - progress 11
16:55:10 [NioClientManager] Peer - processing headers till 1461440
16:55:10 [NioClientManager] Peer - Requesting compressed headers from: Peer{[68.67.122.55]:19999, version=70240, subVer=/Dash Core:23.1.8(dcg-masternode-26)/, services=7237 (NETWORK, BLOOM, NETWORK_LIMITED, COMPACT_FILTERS, HEADERS_COMPRESSED, remaining: 1000001000000), time=2026-09-19 11:55:09, height=1556859}
16:55:10 [DefaultDispatcher-worker-2] MainViewModel - blockchain state update: mnlist=-1; chain=1405440
16:55:11 [NioClientManager] Headers2Message - Parsing headers2 message: numHeaders=8000, payloadLength=344045
16:55:11 [NioClientManager] DownloadProgressTracker - Header download 12% done with 87419 blocks to go, block date 2026-05-02T19:59:35Z
16:55:11 [NioClientManager] BlockchainServiceImpl - progress 12
16:55:11 [NioClientManager] Peer - processing headers till 1469440
16:55:11 [dashj user thread] DownloadProgressTracker - Header download 12% done with 87419 blocks to go, block date 2026-05-02T19:59:35Z
16:55:11 [NioClientManager] Peer - Requesting compressed headers from: Peer{[68.67.122.55]:19999, version=70240, subVer=/Dash Core:23.1.8(dcg-masternode-26)/, services=7237 (NETWORK, BLOOM, NETWORK_LIMITED, COMPACT_FILTERS, HEADERS_COMPRESSED, remaining: 1000001000000), time=2026-09-19 11:55:09, height=1556859}
16:55:11 [main] WalletTransactionsFragment - STARTUP submitData called on thread=main at 1789836911182
16:55:11 [NioClientManager] Headers2Message - Parsing headers2 message: numHeaders=8000, payloadLength=344045
16:55:11 [PeerGroup Thread] PeerGroup$ChainDownloadSpeedCalculator - 0 blocks/sec, 0 tx/sec, 0 pre-filtered tx/sec, 10000 headers/sec, 0 mnlistdiff/sec, avg/last 42.40/781.25 kilobytes per sec, chain/common height 1405440/1556859 (warming up 13 more seconds)
16:55:11 [PeerGroup Thread] PeerGroup - Attempting connection to [68.67.122.31]:19999     (5 connected, 1 pending, 6 max)
16:55:11 [dashj user thread] DownloadProgressTracker - Header download 14% done with 79419 blocks to go, block date 2026-05-15T20:11:53Z
16:55:11 [NioClientManager] DownloadProgressTracker - Header download 14% done with 79419 blocks to go, block date 2026-05-15T20:11:53Z
16:55:11 [NioClientManager] BlockchainServiceImpl - progress 14
16:55:11 [NioClientManager] Peer - processing headers till 1477440
16:55:11 [NioClientManager] Peer - Requesting compressed headers from: Peer{[68.67.122.55]:19999, version=70240, subVer=/Dash Core:23.1.8(dcg-masternode-26)/, services=7237 (NETWORK, BLOOM, NETWORK_LIMITED, COMPACT_FILTERS, HEADERS_COMPRESSED, remaining: 1000001000000), time=2026-09-19 11:55:09, height=1556859}
16:55:11 [NioClientManager] NioClientManager - Connected to /68.67.122.31:19999
16:55:11 [NioClientManager] Peer - Announcing to /68.67.122.31:19999 with protocol 70235 as: /DashJ:22.0.5/Dash Wallet:11.9.0/
16:55:11 [DefaultDispatcher-worker-2] MainViewModel - blockchain state update: mnlist=-1; chain=1405440
16:55:11 [NioClientManager] ChainLocksHandler - process chainlock: 7c4c423fbfe7b9fd4e58a12e2a9f849bd561de98f3a0ace8db3003b1f9406fd6
16:55:11 [NioClientManager] ChainLocksHandler - ChainLock not verified due to missing quorum, try again in 5 seconds
16:55:11 [NioClientManager] Peer - Peer{[68.67.122.31]:19999, version=70240, subVer=/Dash Core:23.1.8(dcg-masternode-2)/, services=7237 (NETWORK, BLOOM, NETWORK_LIMITED, COMPACT_FILTERS, HEADERS_COMPRESSED, remaining: 1000001000000), time=2026-09-19 11:55:11, height=1556859}
16:55:11 [NioClientManager] PeerGroup - Peer{[68.67.122.31]:19999, version=70240, subVer=/Dash Core:23.1.8(dcg-masternode-2)/, services=7237 (NETWORK, BLOOM, NETWORK_LIMITED, COMPACT_FILTERS, HEADERS_COMPRESSED, remaining: 1000001000000), time=2026-09-19 11:55:11, height=1556859}: New peer      (6 connected, 0 pending, 6 max)
16:55:11 [NioClientManager] Peer - Peer{[68.67.122.31]:19999, version=70240, subVer=/Dash Core:23.1.8(dcg-masternode-2)/, services=7237 (NETWORK, BLOOM, NETWORK_LIMITED, COMPACT_FILTERS, HEADERS_COMPRESSED, remaining: 1000001000000), time=2026-09-19 11:55:11, height=1556859}: Sending Bloom filter and querying mempool
16:55:11 [NioClientManager] AllowLockTimeRiskAnalysis$Analyzer - risk analysis: net time diff 0; peer time diff 0 1789836911 1789836911
16:55:11 [dashj user thread] AbstractQuorumState - peer connected and setting download peer to Peer{[68.67.122.55]:19999, version=70240, subVer=/Dash Core:23.1.8(dcg-masternode-26)/, services=7237 (NETWORK, BLOOM, NETWORK_LIMITED, COMPACT_FILTERS, HEADERS_COMPRESSED, remaining: 1000001000000), time=2026-09-19 11:55:09, height=1556859} with onPeerConnected
16:55:11 [dashj user thread] AbstractQuorumState - peer connected and setting download peer to Peer{[68.67.122.55]:19999, version=70240, subVer=/Dash Core:23.1.8(dcg-masternode-26)/, services=7237 (NETWORK, BLOOM, NETWORK_LIMITED, COMPACT_FILTERS, HEADERS_COMPRESSED, remaining: 1000001000000), time=2026-09-19 11:55:09, height=1556859} with onPeerConnected
16:55:11 [NioClientManager] Headers2Message - Parsing headers2 message: numHeaders=8000, payloadLength=344037
16:55:11 [NioClientManager] DownloadProgressTracker - Header download 15% done with 71419 blocks to go, block date 2026-05-28T20:37:41Z
16:55:11 [dashj user thread] DownloadProgressTracker - Header download 15% done with 71419 blocks to go, block date 2026-05-28T20:37:41Z
16:55:11 [NioClientManager] BlockchainServiceImpl - progress 15
16:55:11 [NioClientManager] Peer - processing headers till 1485440
16:55:11 [NioClientManager] Peer - Requesting compressed headers from: Peer{[68.67.122.55]:19999, version=70240, subVer=/Dash Core:23.1.8(dcg-masternode-26)/, services=7237 (NETWORK, BLOOM, NETWORK_LIMITED, COMPACT_FILTERS, HEADERS_COMPRESSED, remaining: 1000001000000), time=2026-09-19 11:55:09, height=1556859}
16:55:11 [NioClientManager] Peer - Peer{[68.67.122.31]:19999, version=70240, subVer=/Dash Core:23.1.8(dcg-masternode-2)/, services=7237 (NETWORK, BLOOM, NETWORK_LIMITED, COMPACT_FILTERS, HEADERS_COMPRESSED, remaining: 1000001000000), time=2026-09-19 11:55:11, height=1556859}: Received unhandled message: org.bitcoinj.core.SendCompactBlocksMessage@f5ba7d
16:55:11 [NioClientManager] Peer - Peer{[68.67.122.31]:19999, version=70240, subVer=/Dash Core:23.1.8(dcg-masternode-2)/, services=7237 (NETWORK, BLOOM, NETWORK_LIMITED, COMPACT_FILTERS, HEADERS_COMPRESSED, remaining: 1000001000000), time=2026-09-19 11:55:11, height=1556859}: Received unhandled message: SendDsq(send=true)
16:55:11 [NioClientManager] SporkManager - SPORK -- hash: d1d32f00374284b19ee33f9ef19386055fd15091ce4a476ab58701603594cc5e id: 10002 (SPORK_3_INSTANTSEND_BLOCK_FILTERING) value:          0 bestHeight: 1405440 peer=/68.67.122.31:19999 seen 
16:55:11 [NioClientManager] SporkManager - SPORK -- hash: c68903921495975e0f00ebd6bca4f6701d1483c897c8224341d8a91dcd110b2e id: 10020 (      SPORK_21_QUORUM_ALL_CONNECTED) value:          1 bestHeight: 1405440 peer=/68.67.122.31:19999 seen 
16:55:11 [NioClientManager] SporkManager - SPORK -- hash: b9d783455f2df58f1844e4b13ec13bccd1170ed0250c0be09ee6a7664175db47 id: 10008 (        SPORK_9_SUPERBLOCKS_ENABLED) value:          0 bestHeight: 1405440 peer=/68.67.122.31:19999 seen 
16:55:11 [NioClientManager] SporkManager - SPORK -- hash: a954a3dde9d3f8f6d4db268edfacf58e9e86b9f0eedaf666c792a144eea62deb id: 10022 (               SPORK_23_QUORUM_POSE) value:          0 bestHeight: 1405440 peer=/68.67.122.31:19999 seen 
16:55:11 [NioClientManager] SporkManager - SPORK -- hash: 2d1a2040ab918d5e8240e9e92e3a42a46a97073c90679a3df125ee6de113938c id: 10001 (        SPORK_2_INSTANTSEND_ENABLED) value:          0 bestHeight: 1405440 peer=/68.67.122.31:19999 seen 
16:55:11 [NioClientManager] SporkManager - SPORK -- hash: c0fa2288bfc94099c0bee6c074c950fa990db674024807a67d601153dadfe539 id: 10018 (        SPORK_19_CHAINLOCKS_ENABLED) value:          0 bestHeight: 1405440 peer=/68.67.122.31:19999 seen 
16:55:11 [NioClientManager] SporkManager - SPORK -- hash: e22c8dbbf3b6277346baec16495ba489ced20755a14e2b5051700d2bfa51fb5b id: 10016 (        SPORK_17_QUORUM_DKG_ENABLED) value:          0 bestHeight: 1405440 peer=/68.67.122.31:19999 seen 
16:55:11 [NioClientManager] Headers2Message - Parsing headers2 message: numHeaders=8000, payloadLength=344045
16:55:11 [main] WalletTransactionsFragment - STARTUP submitData called on thread=main at 1789836911705
16:55:11 [NioClientManager] DownloadProgressTracker - Header download 17% done with 63419 blocks to go, block date 2026-06-10T14:30:28Z
16:55:11 [NioClientManager] BlockchainServiceImpl - progress 17
16:55:11 [dashj user thread] DownloadProgressTracker - Header download 17% done with 63419 blocks to go, block date 2026-06-10T14:30:28Z
16:55:11 [NioClientManager] Peer - processing headers till 1493440
16:55:11 [NioClientManager] Peer - Requesting compressed headers from: Peer{[68.67.122.55]:19999, version=70240, subVer=/Dash Core:23.1.8(dcg-masternode-26)/, services=7237 (NETWORK, BLOOM, NETWORK_LIMITED, COMPACT_FILTERS, HEADERS_COMPRESSED, remaining: 1000001000000), time=2026-09-19 11:55:09, height=1556859}
16:55:11 [DefaultDispatcher-worker-6] MainViewModel - blockchain state update: mnlist=-1; chain=1405440
16:55:11 [NioClientManager] Headers2Message - Parsing headers2 message: numHeaders=8000, payloadLength=344045
16:55:11 [dashj user thread] DownloadProgressTracker - Header download 19% done with 55419 blocks to go, block date 2026-06-23T10:32:36Z
16:55:11 [NioClientManager] DownloadProgressTracker - Header download 19% done with 55419 blocks to go, block date 2026-06-23T10:32:36Z
16:55:11 [NioClientManager] BlockchainServiceImpl - progress 19
16:55:11 [NioClientManager] Peer - processing headers till 1501440
16:55:11 [NioClientManager] Peer - Requesting compressed headers from: Peer{[68.67.122.55]:19999, version=70240, subVer=/Dash Core:23.1.8(dcg-masternode-26)/, services=7237 (NETWORK, BLOOM, NETWORK_LIMITED, COMPACT_FILTERS, HEADERS_COMPRESSED, remaining: 1000001000000), time=2026-09-19 11:55:09, height=1556859}
16:55:12 [NioClientManager] Headers2Message - Parsing headers2 message: numHeaders=8000, payloadLength=344029
16:55:12 [NioClientManager] DownloadProgressTracker - Header download 20% done with 47419 blocks to go, block date 2026-07-06T09:22:41Z
16:55:12 [NioClientManager] BlockchainServiceImpl - progress 20
16:55:12 [dashj user thread] DownloadProgressTracker - Header download 20% done with 47419 blocks to go, block date 2026-07-06T09:22:41Z
16:55:12 [NioClientManager] Peer - processing headers till 1509440
16:55:12 [NioClientManager] Peer - Requesting compressed headers from: Peer{[68.67.122.55]:19999, version=70240, subVer=/Dash Core:23.1.8(dcg-masternode-26)/, services=7237 (NETWORK, BLOOM, NETWORK_LIMITED, COMPACT_FILTERS, HEADERS_COMPRESSED, remaining: 1000001000000), time=2026-09-19 11:55:09, height=1556859}
16:55:12 [DefaultDispatcher-worker-2] MainViewModel - blockchain state update: mnlist=-1; chain=1405440
16:55:12 [main] WalletTransactionsFragment - STARTUP submitData called on thread=main at 1789836912207
16:55:12 [NioClientManager] Headers2Message - Parsing headers2 message: numHeaders=8000, payloadLength=344045
16:55:12 [PeerGroup Thread] PeerGroup$ChainDownloadSpeedCalculator - 0 blocks/sec, 0 tx/sec, 0 pre-filtered tx/sec, 10000 headers/sec, 0 mnlistdiff/sec, avg/last 68.41/781.25 kilobytes per sec, chain/common height 1405440/1556859 (warming up 12 more seconds)
16:55:12 [main] DelayedServiceStartReceiver - starting delayed blockchain service
16:55:12 [main] BlockchainServiceImpl - .onStartCommand(Intent { cmp=hashengineering.darkcoin.wallet_test/de.schildbach.wallet.service.BlockchainServiceImpl })
16:55:12 [DefaultDispatcher-worker-5] BlockchainServiceImpl - onStartCommand waiting for onCreate to complete...
16:55:12 [DefaultDispatcher-worker-5] BlockchainServiceImpl - onCreate completed, processing onStartCommand
16:55:12 [DefaultDispatcher-worker-5] BLSJniLibrary - Initializing BLS JNI Library
16:55:12 [DefaultDispatcher-worker-5] BlockchainServiceImpl - service start command: Intent { cmp=hashengineering.darkcoin.wallet_test/de.schildbach.wallet.service.BlockchainServiceImpl }
16:55:12 [DefaultDispatcher-worker-5] BlockchainServiceImpl - .onStartCommand(Intent { cmp=hashengineering.darkcoin.wallet_test/de.schildbach.wallet.service.BlockchainServiceImpl }) finished
16:55:12 [NioClientManager] DownloadProgressTracker - Header download 22% done with 39419 blocks to go, block date 2026-07-19T06:55:15Z
16:55:12 [NioClientManager] BlockchainServiceImpl - progress 22
16:55:12 [NioClientManager] Peer - processing headers till 1517440
16:55:12 [dashj user thread] DownloadProgressTracker - Header download 22% done with 39419 blocks to go, block date 2026-07-19T06:55:15Z
16:55:12 [NioClientManager] Peer - Requesting compressed headers from: Peer{[68.67.122.55]:19999, version=70240, subVer=/Dash Core:23.1.8(dcg-masternode-26)/, services=7237 (NETWORK, BLOOM, NETWORK_LIMITED, COMPACT_FILTERS, HEADERS_COMPRESSED, remaining: 1000001000000), time=2026-09-19 11:55:09, height=1556859}
16:55:12 [NioClientManager] Headers2Message - Parsing headers2 message: numHeaders=8000, payloadLength=344041
16:55:12 [dashj user thread] DownloadProgressTracker - Header download 23% done with 31419 blocks to go, block date 2026-08-01T02:49:20Z
16:55:12 [NioClientManager] DownloadProgressTracker - Header download 23% done with 31419 blocks to go, block date 2026-08-01T02:49:20Z
16:55:12 [NioClientManager] BlockchainServiceImpl - progress 23
16:55:12 [NioClientManager] Peer - processing headers till 1525440
16:55:12 [NioClientManager] Peer - Requesting compressed headers from: Peer{[68.67.122.55]:19999, version=70240, subVer=/Dash Core:23.1.8(dcg-masternode-26)/, services=7237 (NETWORK, BLOOM, NETWORK_LIMITED, COMPACT_FILTERS, HEADERS_COMPRESSED, remaining: 1000001000000), time=2026-09-19 11:55:09, height=1556859}
16:55:12 [DefaultDispatcher-worker-2] MainViewModel - blockchain state update: mnlist=-1; chain=1405440
16:55:12 [NioClientManager] Headers2Message - Parsing headers2 message: numHeaders=8000, payloadLength=344037
16:55:12 [dashj user thread] DownloadProgressTracker - Header download 25% done with 23419 blocks to go, block date 2026-08-13T14:05:16Z
16:55:12 [NioClientManager] DownloadProgressTracker - Header download 25% done with 23419 blocks to go, block date 2026-08-13T14:05:16Z
16:55:12 [NioClientManager] BlockchainServiceImpl - progress 25
16:55:12 [NioClientManager] Peer - processing headers till 1533440
16:55:12 [NioClientManager] Peer - Requesting compressed headers from: Peer{[68.67.122.55]:19999, version=70240, subVer=/Dash Core:23.1.8(dcg-masternode-26)/, services=7237 (NETWORK, BLOOM, NETWORK_LIMITED, COMPACT_FILTERS, HEADERS_COMPRESSED, remaining: 1000001000000), time=2026-09-19 11:55:09, height=1556859}
16:55:12 [NioClientManager] Headers2Message - Parsing headers2 message: numHeaders=8000, payloadLength=344041
16:55:12 [NioClientManager] DownloadProgressTracker - Header download 26% done with 15419 blocks to go, block date 2026-08-26T05:33:58Z
16:55:12 [dashj user thread] DownloadProgressTracker - Header download 26% done with 15419 blocks to go, block date 2026-08-26T05:33:58Z
16:55:12 [NioClientManager] BlockchainServiceImpl - progress 26
16:55:12 [NioClientManager] Peer - processing headers till 1541440
16:55:12 [NioClientManager] Peer - Requesting compressed headers from: Peer{[68.67.122.55]:19999, version=70240, subVer=/Dash Core:23.1.8(dcg-masternode-26)/, services=7237 (NETWORK, BLOOM, NETWORK_LIMITED, COMPACT_FILTERS, HEADERS_COMPRESSED, remaining: 1000001000000), time=2026-09-19 11:55:09, height=1556859}
16:55:12 [DefaultDispatcher-worker-3] MainViewModel - blockchain state update: mnlist=-1; chain=1405440
16:55:13 [NioClientManager] Headers2Message - Parsing headers2 message: numHeaders=8000, payloadLength=344041
16:55:13 [NioClientManager] DownloadProgressTracker - Header download 28% done with 7419 blocks to go, block date 2026-09-07T23:04:08Z
16:55:13 [NioClientManager] BlockchainServiceImpl - progress 28
16:55:13 [NioClientManager] Peer - processing headers till 1549440
16:55:13 [dashj user thread] DownloadProgressTracker - Header download 28% done with 7419 blocks to go, block date 2026-09-07T23:04:08Z
16:55:13 [NioClientManager] Peer - Requesting compressed headers from: Peer{[68.67.122.55]:19999, version=70240, subVer=/Dash Core:23.1.8(dcg-masternode-26)/, services=7237 (NETWORK, BLOOM, NETWORK_LIMITED, COMPACT_FILTERS, HEADERS_COMPRESSED, remaining: 1000001000000), time=2026-09-19 11:55:09, height=1556859}
16:55:13 [NioClientManager] Headers2Message - Parsing headers2 message: numHeaders=7419, payloadLength=319062
16:55:13 [PeerGroup Thread] PeerGroup$ChainDownloadSpeedCalculator - 0 blocks/sec, 0 tx/sec, 0 pre-filtered tx/sec, 10000 headers/sec, 0 mnlistdiff/sec, avg/last 94.43/781.25 kilobytes per sec, chain/common height 1405440/1556859 (warming up 11 more seconds)
16:55:13 [DefaultDispatcher-worker-6] MainViewModel - blockchain state update: mnlist=-1; chain=1405440
16:55:13 [dashj user thread] DownloadProgressTracker - Chain download 30% done with 0 blocks to go, block date 2026-09-19T16:52:54Z
16:55:13 [NioClientManager] DownloadProgressTracker - Chain download 30% done with 0 blocks to go, block date 2026-09-19T16:52:54Z
16:55:13 [NioClientManager] BlockchainServiceImpl - progress 30
16:55:13 [NioClientManager] Peer - processing headers till 1556859
16:55:13 [PeerGroup Thread] PeerGroup - Stage header download completed successfully: true
16:55:13 [PeerGroup Thread] PeerGroup - Sync Stage change from HEADERS to MNLIST
16:55:13 [PeerGroup Thread] AbstractQuorumState - adding 1 block to the GetSimplifiedMasternodeListDiff pending queue of size: 0 : 1556851/0000000457cbbf85ebf51b8b3b7b911e03d5a0057978255f67001ccc7e299f28
16:55:13 [PeerGroup Thread] AbstractQuorumState - requesting: next
16:55:13 [PeerGroup Thread] AbstractQuorumState - download peer = Peer{[68.67.122.55]:19999, version=70240, subVer=/Dash Core:23.1.8(dcg-masternode-26)/, services=7237 (NETWORK, BLOOM, NETWORK_LIMITED, COMPACT_FILTERS, HEADERS_COMPRESSED, remaining: 1000001000000), time=2026-09-19 11:55:09, height=1556859}, but obtaining backup from peerGroup downloadPeer
16:55:13 [PeerGroup Thread] AbstractQuorumState - backup download peer = Peer{[68.67.122.55]:19999, version=70240, subVer=/Dash Core:23.1.8(dcg-masternode-26)/, services=7237 (NETWORK, BLOOM, NETWORK_LIMITED, COMPACT_FILTERS, HEADERS_COMPRESSED, remaining: 1000001000000), time=2026-09-19 11:55:09, height=1556859}
16:55:13 [PeerGroup Thread] AbstractQuorumState - handling next mnlistdiff: 1
16:55:13 [PeerGroup Thread] AbstractQuorumState - sending GetSimplifiedMasternodeListDiff from -1 to 1556851; 
  From 00000bafbc94add76cb75e2ec92894837288a481e5c005f6563d91623bf8bc2c
 To 0000000457cbbf85ebf51b8b3b7b911e03d5a0057978255f67001ccc7e299f28
16:55:13 [PeerGroup Thread] BLSJniLibrary - Initializing BLS JNI Library
16:55:13 [PeerGroup Thread] AbstractQuorumState - message = GetSimplifiedMasternodeListDiff{baseBlockHash=00000bafbc94add76cb75e2ec92894837288a481e5c005f6563d91623bf8bc2c, blockHash=0000000457cbbf85ebf51b8b3b7b911e03d5a0057978255f67001ccc7e299f28}
16:55:13 [PeerGroup Thread] AbstractQuorumState - adding 1 block to the GetQuorumRotationInfo pending queue of size: 0 : 1556859/0000002fe794d4b5d667f1a93ccfb80a1e857714fde0b087ad5ffd3570dc0a4a
16:55:13 [PeerGroup Thread] AbstractQuorumState - requesting: next
16:55:13 [quorum-state-QuorumState] BLSJniLibrary - Initializing BLS JNI Library
16:55:13 [PeerGroup Thread] AbstractQuorumState - download peer = Peer{[68.67.122.55]:19999, version=70240, subVer=/Dash Core:23.1.8(dcg-masternode-26)/, services=7237 (NETWORK, BLOOM, NETWORK_LIMITED, COMPACT_FILTERS, HEADERS_COMPRESSED, remaining: 1000001000000), time=2026-09-19 11:55:09, height=1556859}, but obtaining backup from peerGroup downloadPeer
16:55:13 [PeerGroup Thread] AbstractQuorumState - backup download peer = Peer{[68.67.122.55]:19999, version=70240, subVer=/Dash Core:23.1.8(dcg-masternode-26)/, services=7237 (NETWORK, BLOOM, NETWORK_LIMITED, COMPACT_FILTERS, HEADERS_COMPRESSED, remaining: 1000001000000), time=2026-09-19 11:55:09, height=1556859}
16:55:13 [PeerGroup Thread] AbstractQuorumState - handling next mnlistdiff: 1
16:55:13 [PeerGroup Thread] AbstractQuorumState - sending GetQuorumRotationInfo from -1 to 1556859; 
  From 00000bafbc94add76cb75e2ec92894837288a481e5c005f6563d91623bf8bc2c
 To 0000002fe794d4b5d667f1a93ccfb80a1e857714fde0b087ad5ffd3570dc0a4a
16:55:13 [PeerGroup Thread] QuorumRotationState - requesting next qrinfo 1556859 -> 1556859
16:55:13 [PeerGroup Thread] BLSJniLibrary - Initializing BLS JNI Library
16:55:13 [PeerGroup Thread] AbstractQuorumState - message = GetQuorumRotationInfo{, baseBlockHashes=[00000bafbc94add76cb75e2ec92894837288a481e5c005f6563d91623bf8bc2c, 00000080bc20dca51cc9bb86b589d6951c2db5a6437689a3107367af35ce6abb], blockRequestHash=0000002fe794d4b5d667f1a93ccfb80a1e857714fde0b087ad5ffd3570dc0a4a, extraShare=true}
16:55:13 [PeerGroup Thread] BlockchainServiceImpl - masternodeListDiffDownloaded:Requesting
16:55:13 [PeerGroup Thread] DownloadProgressTracker - Chain download 30% done while processing Masternode Lists: Requesting
16:55:13 [quorum-state-QuorumRotationState] BLSJniLibrary - Initializing BLS JNI Library
16:55:13 [dashj user thread] DownloadProgressTracker - Chain download 30% done while processing Masternode Lists: Requesting
16:55:13 [PeerGroup Thread] BlockchainServiceImpl - progress 30
16:55:13 [DefaultDispatcher-worker-4] MainViewModel - blockchain state update: mnlist=-1; chain=1405440
16:55:13 [NioClientManager] BlockchainServiceImpl - masternodeListDiffDownloaded:Received
16:55:13 [dashj user thread] DownloadProgressTracker - Chain download 31% done while processing Masternode Lists: Received
16:55:13 [NioClientManager] DownloadProgressTracker - Chain download 31% done while processing Masternode Lists: Received
16:55:13 [NioClientManager] BlockchainServiceImpl - progress 31
16:55:13 [NioClientManager] QuorumState - processing requested mnlistdiff (headersFirst=true) between : -1 & 1556851; Simplified MNList Diff{ adding 373 and removing 0 masternodes while adding 109 and removing 0 quorums }
  00000bafbc94add76cb75e2ec92894837288a481e5c005f6563d91623bf8bc2c -> 0000000457cbbf85ebf51b8b3b7b911e03d5a0057978255f67001ccc7e299f28 from Peer{[68.67.122.55]:19999, version=70240, subVer=/Dash Core:23.1.8(dcg-masternode-26)/, services=7237 (NETWORK, BLOOM, NETWORK_LIMITED, COMPACT_FILTERS, HEADERS_COMPRESSED, remaining: 1000001000000), time=2026-09-19 11:55:09, height=1556859}
16:55:13 [NioClientManager] QuorumState - lock acquired when processing mnlistdiff
16:55:13 [NioClientManager] BlockchainServiceImpl - masternodeListDiffDownloaded:Processing
16:55:13 [NioClientManager] DownloadProgressTracker - Chain download 32% done while processing Masternode Lists: Processing
16:55:13 [NioClientManager] BlockchainServiceImpl - progress 32
16:55:13 [dashj user thread] DownloadProgressTracker - Chain download 32% done while processing Masternode Lists: Processing
16:55:13 [NioClientManager] BlockchainServiceImpl - masternodeListDiffDownloaded:ProcessedMasternodes
16:55:13 [dashj user thread] DownloadProgressTracker - Chain download 33% done while processing Masternode Lists: ProcessedMasternodes
16:55:13 [NioClientManager] DownloadProgressTracker - Chain download 33% done while processing Masternode Lists: ProcessedMasternodes
16:55:13 [NioClientManager] BlockchainServiceImpl - progress 33
16:55:13 [NioClientManager] SimplifiedQuorumList - masternode list is missing to verify quorum: 0000004ad90f6f1bbf369d9c803c4d8bd7953f3dfe232ebdd270d1f90324160b
16:55:13 [NioClientManager] SimplifiedQuorumList - masternode list is missing to verify quorum: 00000031b141189995f1bbe9d6287e29c54cbcea08b711b2988ae8cc2fbbad19
16:55:13 [NioClientManager] SimplifiedQuorumList - masternode list is missing to verify quorum: 0000009e1e2733f61b40725ecbb796e04cf74644dd670e32cbb1e703bb931627
16:55:13 [NioClientManager] SimplifiedQuorumList - masternode list is missing to verify quorum: 0000006fd9701e4371a90adcab770e68899ac259af03b51f1fdd66c1d60bad2c
16:55:13 [NioClientManager] SimplifiedQuorumList - masternode list is missing to verify quorum: 00000077e4ab157806373d7b51d7df68e365c44f5bffc07b28ace49dd205f636
16:55:13 [NioClientManager] SimplifiedQuorumList - masternode list is missing to verify quorum: 00000046a7d36105127586cd9fe109b00414862bb12c505a2f14c35eedab923c
16:55:13 [NioClientManager] SimplifiedQuorumList - masternode list is missing to verify quorum: 000000414b135c965754200a14476bfbe606a05ba777590a1efa727fbd5aeb40
16:55:13 [NioClientManager] SimplifiedQuorumList - masternode list is missing to verify quorum: 000000324af3c51ee7bffa9a3b6506644c3574970e1ca4daf1ae4d1f7c882746
16:55:13 [NioClientManager] SimplifiedQuorumList - masternode list is missing to verify quorum: 0000004a1367d671546a082ee63b3c9b0cfbffbab0c512bbc519c4f36acaf84c
16:55:13 [NioClientManager] SimplifiedQuorumList - masternode list is missing to verify quorum: 0000005311444f16be75eee22ccc8fda28923a3ce06dee663c902fe3f8704454
16:55:13 [NioClientManager] SimplifiedQuorumList - masternode list is missing to verify quorum: 00000087340e3b31a2604ccf0f4a891248ef2a98ed5ca4ff46fa49100c9a7c54
16:55:13 [NioClientManager] SimplifiedQuorumList - masternode list is missing to verify quorum: 00000079aa35e59af6f1eb79b4b7b2f6828be7995cb859d4ca578e8bcfa00b59
16:55:13 [NioClientManager] SimplifiedQuorumList - masternode list is missing to verify quorum: 000000577d824f6ebdc4e8ee69b7a2cf62676f31f5fd3e34273161fad6c3e36a
16:55:13 [NioClientManager] SimplifiedQuorumList - masternode list is missing to verify quorum: 000000258e7f1cd8cc9858cf6e67912ac9c946a0ec1158744399eb2b292c4a6d
16:55:13 [NioClientManager] SimplifiedQuorumList - masternode list is missing to verify quorum: 0000001b2fd00f5c558fd4772aa3c724acf80b0dc0d4ca333ad927f72cfc4d73
16:55:13 [NioClientManager] SimplifiedQuorumList - masternode list is missing to verify quorum: 0000003d03e78099669da40292390d2ef2dfdb81d622ed91d26bf28afeee1e76
16:55:13 [NioClientManager] SimplifiedQuorumList - masternode list is missing to verify quorum: 000000d98401e269c40193c890b15dd3bf4f17a31e9bcd75722762f14fa8ec93
16:55:13 [NioClientManager] SimplifiedQuorumList - masternode list is missing to verify quorum: 0000001a075683c77f059628bbd08a3180d5ee07a73d46750945cf5fc7b16eba
16:55:13 [NioClientManager] SimplifiedQuorumList - masternode list is missing to verify quorum: 0000006e16bfdcb3a27255c4712ff302762874c532c3f9cf19a7e7610aaeeaba
16:55:13 [NioClientManager] SimplifiedQuorumList - masternode list is missing to verify quorum: 0000007aade493fd770411f1d4e3a4efa22ed5088d7a140e54d87bd627e150be
16:55:13 [NioClientManager] SimplifiedQuorumList - masternode list is missing to verify quorum: 000000932a2ae1ab5922ca1a748844d0b2259739aaf6dbf720e3fa220f4ce2d5
16:55:13 [NioClientManager] SimplifiedQuorumList - masternode list is missing to verify quorum: 000000160feb7a8e84b6a091cc58be39a2103c5e5f8a9f89f4ebf58795c9b6d9
16:55:13 [NioClientManager] SimplifiedQuorumList - masternode list is missing to verify quorum: 0000006b73b79f3329028461c50b4b2d94f0093d2838624add674312befcfaf0
16:55:13 [NioClientManager] SimplifiedQuorumList - masternode list is missing to verify quorum: 00000029581790ff23a95246ff82acc7286a7fca7e342f8e66b523f0300b6bf1
16:55:13 [NioClientManager] ChainLocksHandler - cannot find block hash: 0000006faac9003919a6d5456a0a46ae10db517f572221279f0540b79fd9cf1b
16:55:13 [NioClientManager] ChainLocksHandler - cannot find block hash: 000000dc07d722238a994116c3395c334211d9864ff5b37c3be51d5fdda66223
16:55:13 [NioClientManager] ChainLocksHandler - cannot find block hash: 000000bd5639c21dd8abf60253c3fe0343d87a9762b5b8f57e2b4ea1523fd071
16:55:13 [NioClientManager] ChainLocksHandler - cannot find block hash: 0000000e6d15a11825211c943c4a995c44ebb2b0834b7848c2e080b48ca0148e
16:55:13 [NioClientManager] ChainLocksHandler - cannot find block hash: 000000339cd97d45ee18cd0cba0fd590fb9c64e127d3c30885e5b7376af94fdf
16:55:13 [NioClientManager] SimplifiedQuorumList - masternode list is missing to verify quorum: 0000004ad90f6f1bbf369d9c803c4d8bd7953f3dfe232ebdd270d1f90324160b
16:55:13 [NioClientManager] SimplifiedQuorumList - masternode list is missing to verify quorum: 00000031b141189995f1bbe9d6287e29c54cbcea08b711b2988ae8cc2fbbad19
16:55:13 [NioClientManager] SimplifiedQuorumList - masternode list is missing to verify quorum: 0000009e1e2733f61b40725ecbb796e04cf74644dd670e32cbb1e703bb931627
16:55:13 [NioClientManager] SimplifiedQuorumList - masternode list is missing to verify quorum: 0000006fd9701e4371a90adcab770e68899ac259af03b51f1fdd66c1d60bad2c
16:55:13 [NioClientManager] SimplifiedQuorumList - masternode list is missing to verify quorum: 00000077e4ab157806373d7b51d7df68e365c44f5bffc07b28ace49dd205f636
16:55:13 [NioClientManager] SimplifiedQuorumList - masternode list is missing to verify quorum: 00000046a7d36105127586cd9fe109b00414862bb12c505a2f14c35eedab923c
16:55:13 [NioClientManager] SimplifiedQuorumList - masternode list is missing to verify quorum: 000000414b135c965754200a14476bfbe606a05ba777590a1efa727fbd5aeb40
16:55:13 [NioClientManager] SimplifiedQuorumList - masternode list is missing to verify quorum: 000000324af3c51ee7bffa9a3b6506644c3574970e1ca4daf1ae4d1f7c882746
16:55:13 [NioClientManager] SimplifiedQuorumList - masternode list is missing to verify quorum: 0000004a1367d671546a082ee63b3c9b0cfbffbab0c512bbc519c4f36acaf84c
16:55:13 [NioClientManager] SimplifiedQuorumList - masternode list is missing to verify quorum: 0000005311444f16be75eee22ccc8fda28923a3ce06dee663c902fe3f8704454
16:55:13 [NioClientManager] SimplifiedQuorumList - masternode list is missing to verify quorum: 00000087340e3b31a2604ccf0f4a891248ef2a98ed5ca4ff46fa49100c9a7c54
16:55:13 [NioClientManager] SimplifiedQuorumList - masternode list is missing to verify quorum: 00000079aa35e59af6f1eb79b4b7b2f6828be7995cb859d4ca578e8bcfa00b59
16:55:13 [NioClientManager] SimplifiedQuorumList - masternode list is missing to verify quorum: 000000577d824f6ebdc4e8ee69b7a2cf62676f31f5fd3e34273161fad6c3e36a
16:55:13 [NioClientManager] SimplifiedQuorumList - masternode list is missing to verify quorum: 000000258e7f1cd8cc9858cf6e67912ac9c946a0ec1158744399eb2b292c4a6d
16:55:13 [NioClientManager] SimplifiedQuorumList - masternode list is missing to verify quorum: 0000001b2fd00f5c558fd4772aa3c724acf80b0dc0d4ca333ad927f72cfc4d73
16:55:13 [NioClientManager] SimplifiedQuorumList - masternode list is missing to verify quorum: 0000003d03e78099669da40292390d2ef2dfdb81d622ed91d26bf28afeee1e76
16:55:13 [NioClientManager] SimplifiedQuorumList - masternode list is missing to verify quorum: 000000d98401e269c40193c890b15dd3bf4f17a31e9bcd75722762f14fa8ec93
16:55:13 [NioClientManager] SimplifiedQuorumList - masternode list is missing to verify quorum: 0000001a075683c77f059628bbd08a3180d5ee07a73d46750945cf5fc7b16eba
16:55:13 [NioClientManager] SimplifiedQuorumList - masternode list is missing to verify quorum: 0000006e16bfdcb3a27255c4712ff302762874c532c3f9cf19a7e7610aaeeaba
16:55:13 [NioClientManager] SimplifiedQuorumList - masternode list is missing to verify quorum: 0000007aade493fd770411f1d4e3a4efa22ed5088d7a140e54d87bd627e150be
16:55:13 [NioClientManager] SimplifiedQuorumList - masternode list is missing to verify quorum: 000000932a2ae1ab5922ca1a748844d0b2259739aaf6dbf720e3fa220f4ce2d5
16:55:13 [NioClientManager] SimplifiedQuorumList - masternode list is missing to verify quorum: 000000160feb7a8e84b6a091cc58be39a2103c5e5f8a9f89f4ebf58795c9b6d9
16:55:13 [NioClientManager] SimplifiedQuorumList - masternode list is missing to verify quorum: 0000006b73b79f3329028461c50b4b2d94f0093d2838624add674312befcfaf0
16:55:13 [NioClientManager] SimplifiedQuorumList - masternode list is missing to verify quorum: 00000029581790ff23a95246ff82acc7286a7fca7e342f8e66b523f0300b6bf1
16:55:13 [NioClientManager] ChainLocksHandler - doesn't match previous value: ChainLockSignature{height=1556656, blockHash=0000006caaa36fd74ff968964f7e9106463c090e3980ca255cfb54cc10a4f318, sig=8932d7159fb3dc092b6a8c3fb73e88ed9944d48f5ac8bb42593950bf93557b765328d10c20cc0c551cdedd74629e1e8810b5624de73131060f801993ec5f564de5f1890c6f71408a4ab152e59ac0d26c5fd83100ca9765d8e419e769e81ed0b5} vs current:a6ce6bcdb8df6ee59beb4da7994c43dff702ac08d66b344ba0fe63931356e21ab18fad24bb2831920887debecfafb8b10bef74ee4efbba2e6083a591bd24ba595735cf910ea1bee5786685abe915883112a165a9176acc435091830760db5a28
16:55:13 [NioClientManager] SimplifiedQuorumList - masternode list is missing to verify quorum: 0000004ad90f6f1bbf369d9c803c4d8bd7953f3dfe232ebdd270d1f90324160b
16:55:13 [NioClientManager] SimplifiedQuorumList - masternode list is missing to verify quorum: 00000031b141189995f1bbe9d6287e29c54cbcea08b711b2988ae8cc2fbbad19
16:55:13 [NioClientManager] SimplifiedQuorumList - masternode list is missing to verify quorum: 0000009e1e2733f61b40725ecbb796e04cf74644dd670e32cbb1e703bb931627
16:55:13 [NioClientManager] SimplifiedQuorumList - masternode list is missing to verify quorum: 0000006fd9701e4371a90adcab770e68899ac259af03b51f1fdd66c1d60bad2c
16:55:13 [NioClientManager] SimplifiedQuorumList - masternode list is missing to verify quorum: 00000077e4ab157806373d7b51d7df68e365c44f5bffc07b28ace49dd205f636
16:55:13 [NioClientManager] SimplifiedQuorumList - masternode list is missing to verify quorum: 00000046a7d36105127586cd9fe109b00414862bb12c505a2f14c35eedab923c
16:55:13 [NioClientManager] SimplifiedQuorumList - masternode list is missing to verify quorum: 000000414b135c965754200a14476bfbe606a05ba777590a1efa727fbd5aeb40
16:55:13 [NioClientManager] SimplifiedQuorumList - masternode list is missing to verify quorum: 000000324af3c51ee7bffa9a3b6506644c3574970e1ca4daf1ae4d1f7c882746
16:55:13 [NioClientManager] SimplifiedQuorumList - masternode list is missing to verify quorum: 0000004a1367d671546a082ee63b3c9b0cfbffbab0c512bbc519c4f36acaf84c
16:55:13 [NioClientManager] SimplifiedQuorumList - masternode list is missing to verify quorum: 0000005311444f16be75eee22ccc8fda28923a3ce06dee663c902fe3f8704454
16:55:13 [NioClientManager] SimplifiedQuorumList - masternode list is missing to verify quorum: 00000087340e3b31a2604ccf0f4a891248ef2a98ed5ca4ff46fa49100c9a7c54
16:55:13 [NioClientManager] SimplifiedQuorumList - masternode list is missing to verify quorum: 00000079aa35e59af6f1eb79b4b7b2f6828be7995cb859d4ca578e8bcfa00b59
16:55:13 [NioClientManager] SimplifiedQuorumList - masternode list is missing to verify quorum: 000000577d824f6ebdc4e8ee69b7a2cf62676f31f5fd3e34273161fad6c3e36a
16:55:13 [NioClientManager] SimplifiedQuorumList - masternode list is missing to verify quorum: 000000258e7f1cd8cc9858cf6e67912ac9c946a0ec1158744399eb2b292c4a6d
16:55:13 [NioClientManager] SimplifiedQuorumList - masternode list is missing to verify quorum: 0000001b2fd00f5c558fd4772aa3c724acf80b0dc0d4ca333ad927f72cfc4d73
16:55:13 [NioClientManager] SimplifiedQuorumList - masternode list is missing to verify quorum: 0000003d03e78099669da40292390d2ef2dfdb81d622ed91d26bf28afeee1e76
16:55:13 [NioClientManager] SimplifiedQuorumList - masternode list is missing to verify quorum: 000000d98401e269c40193c890b15dd3bf4f17a31e9bcd75722762f14fa8ec93
16:55:13 [NioClientManager] SimplifiedQuorumList - masternode list is missing to verify quorum: 0000001a075683c77f059628bbd08a3180d5ee07a73d46750945cf5fc7b16eba
16:55:13 [NioClientManager] SimplifiedQuorumList - masternode list is missing to verify quorum: 0000006e16bfdcb3a27255c4712ff302762874c532c3f9cf19a7e7610aaeeaba
16:55:13 [NioClientManager] SimplifiedQuorumList - masternode list is missing to verify quorum: 0000007aade493fd770411f1d4e3a4efa22ed5088d7a140e54d87bd627e150be
16:55:13 [NioClientManager] SimplifiedQuorumList - masternode list is missing to verify quorum: 000000932a2ae1ab5922ca1a748844d0b2259739aaf6dbf720e3fa220f4ce2d5
16:55:13 [NioClientManager] SimplifiedQuorumList - masternode list is missing to verify quorum: 000000160feb7a8e84b6a091cc58be39a2103c5e5f8a9f89f4ebf58795c9b6d9
16:55:13 [NioClientManager] SimplifiedQuorumList - masternode list is missing to verify quorum: 0000006b73b79f3329028461c50b4b2d94f0093d2838624add674312befcfaf0
16:55:13 [NioClientManager] ChainLocksHandler - doesn't match previous value: ChainLockSignature{height=1556656, blockHash=0000006caaa36fd74ff968964f7e9106463c090e3980ca255cfb54cc10a4f318, sig=a6ce6bcdb8df6ee59beb4da7994c43dff702ac08d66b344ba0fe63931356e21ab18fad24bb2831920887debecfafb8b10bef74ee4efbba2e6083a591bd24ba595735cf910ea1bee5786685abe915883112a165a9176acc435091830760db5a28} vs current:8932d7159fb3dc092b6a8c3fb73e88ed9944d48f5ac8bb42593950bf93557b765328d10c20cc0c551cdedd74629e1e8810b5624de73131060f801993ec5f564de5f1890c6f71408a4ab152e59ac0d26c5fd83100ca9765d8e419e769e81ed0b5
16:55:13 [NioClientManager] SimplifiedQuorumList - masternode list is missing to verify quorum: 00000029581790ff23a95246ff82acc7286a7fca7e342f8e66b523f0300b6bf1
16:55:13 [NioClientManager] QuorumState - applyDiff processing times: mn 1.072 ms; quorums: 23.95 ms
16:55:13 [NioClientManager] BlockchainServiceImpl - masternodeListDiffDownloaded:ProcessedQuorums
16:55:13 [NioClientManager] DownloadProgressTracker - Chain download 34% done while processing Masternode Lists: ProcessedQuorums
16:55:13 [dashj user thread] DownloadProgressTracker - Chain download 34% done while processing Masternode Lists: ProcessedQuorums
16:55:13 [NioClientManager] BlockchainServiceImpl - progress 34
16:55:13 [NioClientManager] QuorumState - QuorumState{mnList=Simplified MN List(count: 373 height: 1556851), quorumList=SimplifiedQuorumList(count: 109; 1556851), mnListsCacheSize=1, quorumsCacheSize=1}
16:55:13 [NioClientManager] BlockchainServiceImpl - masternodeListDiffDownloaded:Finished
16:55:13 [NioClientManager] DownloadProgressTracker - Chain download 35% done while processing Masternode Lists: Finished
16:55:13 [dashj user thread] DownloadProgressTracker - Chain download 35% done while processing Masternode Lists: Finished
16:55:13 [NioClientManager] BlockchainServiceImpl - progress 35
16:55:13 [NioClientManager] QuorumState - processing mnlistdiff times : Total: 26.88 ms mnList: 0.000 ns quorums: 0.000 ns mnlistdiff: Simplified MNList Diff{ adding 373 and removing 0 masternodes while adding 109 and removing 0 quorums }
  00000bafbc94add76cb75e2ec92894837288a481e5c005f6563d91623bf8bc2c -> 0000000457cbbf85ebf51b8b3b7b911e03d5a0057978255f67001ccc7e299f28
16:55:13 [NioClientManager] QuorumState - QuorumState{mnList=Simplified MN List(count: 373 height: 1556851), quorumList=SimplifiedQuorumList(count: 109; 1556851), mnListsCacheSize=1, quorumsCacheSize=1}
16:55:13 [NioClientManager] QuorumState - initChainTipSync=false
16:55:13 [NioClientManager] QuorumState - initChainTipSync=true
16:55:13 [PeerGroup Thread] PeerGroup - Stage masternode list download successful: 1
16:55:13 [PeerGroup Thread] PeerGroup - Sync Stage change from MNLIST to PREBLOCKS
16:55:13 [pool-42-thread-1] BlockchainServiceImpl - onPreBlocksDownload using peer Peer{[68.67.122.55]:19999, version=70240, subVer=/Dash Core:23.1.8(dcg-masternode-26)/, services=7237 (NETWORK, BLOOM, NETWORK_LIMITED, COMPACT_FILTERS, HEADERS_COMPRESSED, remaining: 1000001000000), time=2026-09-19 11:55:09, height=1556859}
16:55:13 [NioClientManager] AbstractQuorumState - download peer = Peer{[68.67.122.55]:19999, version=70240, subVer=/Dash Core:23.1.8(dcg-masternode-26)/, services=7237 (NETWORK, BLOOM, NETWORK_LIMITED, COMPACT_FILTERS, HEADERS_COMPRESSED, remaining: 1000001000000), time=2026-09-19 11:55:09, height=1556859}, but obtaining backup from peerGroup downloadPeer
16:55:13 [DefaultDispatcher-worker-3] PlatformSynchronizationService - preBlockDownload: starting
16:55:13 [NioClientManager] AbstractQuorumState - backup download peer = Peer{[68.67.122.55]:19999, version=70240, subVer=/Dash Core:23.1.8(dcg-masternode-26)/, services=7237 (NETWORK, BLOOM, NETWORK_LIMITED, COMPACT_FILTERS, HEADERS_COMPRESSED, remaining: 1000001000000), time=2026-09-19 11:55:09, height=1556859}
16:55:13 [DefaultDispatcher-worker-3] BlockchainIdentityData - creation: BlockchainIdentityData(NONE, null, null, null, null, null)
16:55:13 [DefaultDispatcher-worker-3] PlatformSynchronizationService - preBlockDownload: checking for existing associated identity
16:55:13 [DefaultDispatcher-worker-3] SecurityGuard - loading security guard [healthy=true] with keys: [keystore_healthy, fallback_pin_wallet_password_key, primary_ui_pin_key, modern_encryption_migration_complete, fallback_mnemonic_wallet_password_key, primary_wallet_password_key, fallback_mnemonic_ui_pin_key]
16:55:13 [NioClientManager] AbstractQuorumState - handling next mnlistdiff: 0
16:55:13 [NioClientManager] AbstractQuorumState - There are no pending blocks to request: GetSimplifiedMasternodeListDiff{baseBlockHash=00000bafbc94add76cb75e2ec92894837288a481e5c005f6563d91623bf8bc2c, blockHash=0000000457cbbf85ebf51b8b3b7b911e03d5a0057978255f67001ccc7e299f28}
16:55:13 [NioClientManager] BLSJniLibrary - Initializing BLS JNI Library
16:55:13 [AbstractManager autosave thread] BLSJniLibrary - Initializing BLS JNI Library
16:55:13 [NioClientManager] AbstractQuorumState - block 0000002fe794d4b5d667f1a93ccfb80a1e857714fde0b087ad5ffd3570dc0a4a at 1556859 is already in the pendingBlocksMap
16:55:13 [NioClientManager] AbstractQuorumState - waiting for the last mnlistdiff/qrinfo
16:55:13 [DefaultDispatcher-worker-3] ModernEncryptionProvider - Decrypted data for alias: wallet_password_key
16:55:13 [AbstractManager autosave thread] ManagerFiles - Background saving manager
16:55:13 [AbstractManager autosave thread] FlatDB - Writing SimplifiedMasternodeListManager-3 to manager2913715476498492808.tmp...
16:55:13 [AbstractManager autosave thread] FlatDB - Written info to /data/user/0/hashengineering.darkcoin.wallet_test/app_masternode/manager2913715476498492808.tmp  0ms
16:55:13 [AbstractManager autosave thread] FlatDB -   SimplifiedMNListManager:  {tip:Simplified MN List(count: 0 height: -1), SimplifiedQuorumList(count: 109; 1556851), SimplifiedQuorumList(count: 0; -1), pending blocks: 0 / 1-->height: 1556859)}
16:55:13 [AbstractManager autosave thread] FlatDB - manager2913715476498492808.tmp dump finished  1ms
16:55:13 [AbstractManager autosave thread] ManagerFiles - Save completed in 1.199 ms to /data/user/0/hashengineering.darkcoin.wallet_test/app_masternode/simplifiedmasternodelistmanager-testnet.dat
16:55:13 [DefaultDispatcher-worker-3] KeyCrypterScrypt - Deriving key took 101.3 ms for N=65536, r=8, p=1.
16:55:13 [DefaultDispatcher-worker-3] DapiClient - getIdentityByFirstPublicKey(c412174bd91ebf548b25cc35b16494051c835f37)
16:55:14 [DefaultDispatcher-worker-4] MainViewModel - blockchain state update: mnlist=1556851; chain=1405440
16:55:14 [DefaultDispatcher-worker-10] DapiClient - getDocuments(contractId=GWRSAVFMjXx8HpQFaNJMqBV7MBgMK4br5UESsB4S31Ec, type=domain, {limit=5, where=[]})
16:55:14 [DefaultDispatcher-worker-1] DapiClient - getDocuments(contractId=GWRSAVFMjXx8HpQFaNJMqBV7MBgMK4br5UESsB4S31Ec, type=domain, {limit=5, where=[]})
16:55:14 [DefaultDispatcher-worker-5] DapiClient - getDocuments(contractId=GWRSAVFMjXx8HpQFaNJMqBV7MBgMK4br5UESsB4S31Ec, type=domain, {limit=5, where=[]})
16:55:14 [DefaultDispatcher-worker-3] DapiClient - searching for quorum: 6, 0000004ad90f6f1bbf369d9c803c4d8bd7953f3dfe232ebdd270d1f90324160b, 1556859
16:55:14 [DefaultDispatcher-worker-3] DapiClient - searching for quorum: result: 95f2339b8d65205a58ded0b968173b5779d787a637dfd154ec1d2d3dd7ad1350f75b66aacf436aa6ff7e92c0bb38591b
16:55:14 [DefaultDispatcher-worker-11] BlockchainServiceImpl - network capabilities changed: 101, hasInternet: true, validated: true
16:55:14 [DefaultDispatcher-worker-7] BlockchainServiceImpl - acquiring check() mutex
16:55:14 [DefaultDispatcher-worker-7] BlockchainServiceImpl - check()
16:55:14 [DefaultDispatcher-worker-7] BlockchainServiceImpl - releasing check() mutex
16:55:14 [DefaultDispatcher-worker-3] PlatformSynchronizationService - preBlockDownload: no existing identity found
16:55:14 [DefaultDispatcher-worker-3] PlatformSynchronizationService - PreBlockDownload: complete
16:55:14 [DefaultDispatcher-worker-3] PlatformSynchronizationService - PreBlockDownload: SettableFuture@6928d9c[status=PENDING]
16:55:14 [PeerGroup Thread] PeerGroup - Stage preblock successful
16:55:14 [PeerGroup Thread] PeerGroup - Sync Stage change from PREBLOCKS to BLOCKS
16:55:14 [PeerGroup Thread] DownloadProgressTracker - Downloading block chain of size 151419. This may take a while.
16:55:14 [dashj user thread] DownloadProgressTracker - Downloading block chain of size 151419. This may take a while.
16:55:14 [dashj user thread] AbstractQuorumState - setting download peer with onChainDownloadStarted Peer{[68.67.122.55]:19999, version=70240, subVer=/Dash Core:23.1.8(dcg-masternode-26)/, services=7237 (NETWORK, BLOOM, NETWORK_LIMITED, COMPACT_FILTERS, HEADERS_COMPRESSED, remaining: 1000001000000), time=2026-09-19 11:55:09, height=1556859}
16:55:14 [dashj user thread] AbstractQuorumState - setting download peer with onChainDownloadStarted Peer{[68.67.122.55]:19999, version=70240, subVer=/Dash Core:23.1.8(dcg-masternode-26)/, services=7237 (NETWORK, BLOOM, NETWORK_LIMITED, COMPACT_FILTERS, HEADERS_COMPRESSED, remaining: 1000001000000), time=2026-09-19 11:55:09, height=1556859}
16:55:14 [PeerGroup Thread] PeerGroup$ChainDownloadSpeedCalculator - 0 blocks/sec, 0 tx/sec, 0 pre-filtered tx/sec, 2000 headers/sec, 1 mnlistdiff/sec, avg/last 102.78/251.43 kilobytes per sec, chain/common height 1405440/1556859 (warming up 10 more seconds)
16:55:14 [DefaultDispatcher-worker-10] Platform - platform check: 333.8 ms
16:55:14 [DefaultDispatcher-worker-5] Platform - platform check: 333.9 ms
16:55:14 [DefaultDispatcher-worker-1] Platform - platform check: 333.9 ms
16:55:14 [DefaultDispatcher-worker-1] PlatformServiceImplementation - platform available 3 of 3: true
16:55:14 [main] MainViewModel - platform available: true; no identity creation is progress: true
16:55:15 [process-qrinfo] BLSJniLibrary - Initializing BLS JNI Library
16:55:15 [process-qrinfo] BlockchainServiceImpl - masternodeListDiffDownloaded:Received
16:55:15 [process-qrinfo] BlockchainServiceImpl - masternodeListDiffDownloaded:Received
16:55:15 [process-qrinfo] BlockchainServiceImpl - masternodeListDiffDownloaded:Received
16:55:15 [process-qrinfo] BlockchainServiceImpl - masternodeListDiffDownloaded:Received
16:55:15 [process-qrinfo] BlockchainServiceImpl - masternodeListDiffDownloaded:Received
16:55:15 [process-qrinfo] QuorumRotationState - processing requested qrinfo between (atH): -1 & 1556632; QuorumRotationInfo{,
 quorumSnapshotAtHMinusC=QuorumSnapshot{activeQuorumMembers=[true, true, true, true, true, true, true, true, true, true, true, true, true, true, true, true, true, true, true, true, true, true, true, true, true, true, true, true, true, true, true, true, true, true, true, true, true, true, true, true, true, true, true, true, true, true, true, true, true, true, true, true, false, true, true, true, true, true, true, true, true, true, true, true, true, true, true, true, true, true, true, true, true, true, true, true, true, true, true, true, true, true, true, true, true, true, true, true, false, false, false, false, false, false, false, false, false, false, false, false, false, false, false, false, false, false, false, false, false, false, false, false, false, false, false, false, false, false, false, false, false, false, false, false, false, false, false, false, false, false, false, false, false, false, false, false, false, false, false, false, false, false, false, false, false, false, false, false, false, false, false, false, false, false, false, false, false, false, false, false, false, false, false, false, false, false, false, false, false, false, false, false, false, false, false, false, false, false, false, false, false, false, false, false, false, false, false, false, false, false, false, false, false, false, false, false, false, false, false, false, false, false, false, false, false, false, false, false, false, false, false, false, false, false, false, false, false, false, false, false, false, false, false, false, false, false, false, false, false, false, false, false, false, false, false, false, false, false, false, false, false, false, false, false, false, false, false, false, false, false, false, false, false, false, false, false, false, false, false, false, false, false, false, false, false, false, false, false, false, false, false, false, false, false, false, false, false, false, false, false, false, false, false, false, false, false, false, false, false, false, false, false, false, false, false, false, false, false, false, false, false, false, false, false, false, false, false, false, false, false, false, false, false, false, false, false, false, false, false, false, false, false, false, false, false, false, false, false, false, false, false, false, false, false, false, false, false, false, false, false, false, false, false, false, false, false, false, false, false, false, false, false, false, false, false, false, false, false, false, false, false, false, false, false, false, false, false, false, false, false, false, false, false], skipListMode=MODE_SKIPPING_ENTRIES, skipList=[1, 1, 3, 5, 6, 7, 8, 18, 19, 21, 22, 23, 24, 26, 28, 30, 31, 33, 34, 36, 40, 41, 42, 43, 44, 45, 46, 47, 48, 49, 52, 54, 55, 56, 60, 62, 63, 66, 70, 71, 74, 75, 76, 77, 78, 79, 80, 82, 83, 84, 85, 0, 1, 2, 3, 4, 5, 7, 8, 9, 15, 18, 19, 21, 22, 23, 24, 26, 29, 31, 32, 34, 35, 37, 38, 41, 42, 44, 48, 50, 51, 52, 54, 55, 59, 60, 61, 62, 63, 65, 68, 69, 74, 78, 79, 82, 83, 84, 86, 0, 2, 3, 5, 6, 7, 8, 9, 10, 15, 16, 17, 18, 20, 23, 25, 29, 31, 35, 37, 38, 41, 42, 44, 46, 47, 48, 50, 52, 55, 56, 57, 58, 60, 61, 62, 63, 65, 68, 69, 74, 78, 79, 81, 85, 0, 2, 3, 4, 5, 6, 7, 8, 9, 10, 15, 16, 17, 18, 20, 23, 25, 27, 28, 32, 33, 35, 38, 41, 42, 44, 46, 47, 48, 50, 52, 55, 56, 57, 58, 61, 62, 63, 67, 68, 74, 76, 78, 79, 81, 85, 1, 3, 5, 6, 7, 8, 9, 10, 15, 17, 18, 20, 23, 25, 26, 28, 32, 33, 35, 38, 41, 42, 44, 46, 47, 48, 50, 52, 55, 56, 57, 58, 61, 62, 63, 68, 69, 74, 78, 79, 81, 85, 2, 3, 4, 5, 6, 7, 8, 9, 10, 15, 16, 17, 18, 20, 22, 23, 25, 26, 27, 28, 31, 32, 33, 35, 41, 42, 44, 46, 47, 48, 50, 52, 53, 55, 56, 57, 62, 63, 66, 67, 68, 71, 72, 74, 78, 79, 81, 85, 1, 2, 4, 5, 10, 11, 12, 15, 17, 18, 20, 22, 23, 24, 25, 27, 28, 29, 32, 33, 35, 40, 43, 44, 46, 47, 48, 50, 51, 52, 53, 54, 55, 56, 57, 58, 62, 63, 66, 71, 72, 75, 77, 79, 81, 82, 85, 1, 2, 5, 6, 12, 13, 14, 16, 17, 21, 22, 23, 26, 27, 28, 29, 30, 32, 35, 39, 41, 43, 47, 48, 49, 51, 52, 53, 54, 55, 56, 57, 58, 61, 62, 63, 66, 71, 72, 73, 79, 81, 82, 85, 1, 2, 5, 6, 12, 13, 14, 16, 17, 18, 19, 20, 22, 24, 25, 26, 27, 28, 29, 30, 32, 35, 39, 41, 43, 44, 47, 50, 53, 55, 56, 57, 58, 61, 62, 63, 66, 71, 72, 75, 77, 79, 81, 82, 83, 85, 0, 1, 2, 4, 6, 10, 12, 13, 16, 17, 18, 19, 20, 21, 22, 27, 29, 31, 32, 33, 35, 37, 41, 43, 50, 53, 55, 56, 57, 61, 62, 63, 66, 71, 72, 75, 77, 81, 83, 85, 0, 1, 3, 4, 6, 10, 12, 13, 14, 16, 17, 19, 20, 25, 27, 28, 29, 32, 33, 35, 37, 41, 43, 44, 52, 55, 56, 57, 61, 62, 63, 64, 66, 67, 71, 72, 74, 75, 77, 78, 81, 84, 85, 86, 0, 1, 2, 3, 4, 5, 6, 10, 12, 13, 14, 16, 17, 20]},
 quorumSnapshotAtHMinus2C=QuorumSnapshot{activeQuorumMembers=[true, true, true, true, true, true, true, true, true, true, true, true, true, true, true, true, true, true, true, true, true, true, true, true, true, true, true, true, true, true, true, true, true, true, true, true, true, true, true, true, true, true, true, true, true, true, true, true, true, true, true, true, true, true, true, true, true, true, true, true, true, true, true, true, true, true, true, true, true, true, true, true, true, true, true, true, true, true, true, true, true, true, true, true, true, true, true, false, false, false, false, false, false, false, false, false, false, false, false, false, false, false, false, false, false, false, false, false, false, false, false, false, false, false, false, false, false, false, false, false, false, false, false, false, false, false, false, false, false, false, false, false, false, false, false, false, false, false, false, false, false, false, false, false, false, false, false, false, false, false, false, false, false, false, false, false, false, false, false, false, false, false, false, false, false, false, false, false, false, false, false, false, false, false, false, false, false, false, false, false, false, false, false, false, false, false, false, false, false, false, false, false, false, false, false, false, false, false, false, false, false, false, false, false, false, false, false, false, false, false, false, false, false, false, false, false, false, false, false, false, false, false, false, false, false, false, false, false, false, false, false, false, false, false, false, false, false, false, false, false, false, false, false, false, false, false, false, false, false, false, false, false, false, false, false, false, false, false, false, false, false, false, false, false, false, false, false, false, false, false, false, false, false, false, false, false, false, false, false, false, false, false, false, false, false, false, false, false, false, false, false, false, false, false, false, false, false, false, false, false, false, false, false, false, false, false, false, false, false, false, false, false, false, false, false, false, false, false, false, false, false, false, false, false, false, false, false, false, false, false, false, false, false, false, false, false, false, false, false, false, false, false, false, false, false, false, false, false, false, false, false, false, false, false, false, false, false, false, false, false, false, false, false, false, false, false, false, false, false, false, false, false, false], skipListMode=MODE_SKIPPING_ENTRIES, skipList=[2, 1, 6, 8, 11, 12, 13, 14, 15, 17, 18, 20, 21, 22, 23, 27, 28, 29, 30, 31, 32, 34, 35, 37, 39, 44, 45, 46, 49, 53, 55, 58, 59, 61, 62, 63, 65, 67, 68, 69, 70, 73, 75, 76, 78, 80, 81, -2, 3, 6, 11, 12, 13, 14, 15, 17, 18, 20, 21, 22, 23, 26, 27, 28, 29, 30, 31, 32, 34, 36, 37, 39, 42, 43, 45, 46, 48, 49, 55, 57, 58, 59, 61, 63, 64, 66, 67, 70, 72, 73, 74, 78, 80, 84, -1, 2, 3, 4, 5, 8, 9, 14, 17, 20, 21, 23, 24, 26, 27, 30, 32, 34, 36, 37, 39, 42, 43, 46, 48, 49, 55, 57, 58, 59, 61, 63, 66, 67, 70, 72, 73, 74, 75, 78, 80, 84, -1, 3, 4, 5, 6, 9, 14, 15, 17, 21, 23, 24, 26, 27, 30, 32, 34, 36, 37, 38, 39, 40, 42, 43, 46, 48, 49, 55, 57, 58, 59, 61, 63, 64, 66, 67, 70, 73, 74, 75, 77, 80, 84, 3, 4, 5, 6, 7, 9, 10, 14, 16, 21, 23, 24, 26, 27, 30, 32, 34, 36, 37, 38, 42, 43, 44, 46, 47, 48, 54, 55, 57, 58, 59, 61, 63, 64, 67, 70, 71, 73, 74, 75, 77, 79, 80, 82, 84, 3, 4, 5, 6, 9, 11, 14, 16, 21, 24, 26, 27, 34, 36, 37, 38, 39, 42, 43, 44, 45, 46, 48, 54, 55, 57, 58, 59, 61, 63, 64, 66, 67, 68, 70, 71, 73, 74, 75, 77, 79, 80, 82, 83, 3, 4, 6, 7, 9, 10, 13, 14, 16, 20, 24, 27, 28, 29, 32, 37, 38, 39, 42, 44, 45, 46, 48, 50, 51, 52, 55, 57, 58, 59, 61, 63, 64, 67, 68, 71, 73, 74, 75, 77, 79, 80, 82, 83, 3, 4, 6, 9, 10, 11, 13, 16, 17, 20, 25, 27, 28, 29, 30, 32, 33, 38, 42, 45, 49, 50, 51, 52, 54, 57, 58, 59, 61, 64, 65, 66, 67, 68, 71, 73, 74, 75, 79, 82, 83, 3, 4, 6, 9, 10, 11, 13, 16, 17, 20, 23, 25, 27, 28, 29, 30, 32, 38, 39, 45, 52, 55, 57, 58, 59, 61, 62, 63, 64, 65, 66, 67, 68, 71, 73, 75, 78, 79, 82, 83, -1, 2, 3, 4, 6, 7, 9, 10, 11, 16, 17, 23, 24, 26, 27, 29, 32, 34, 38, 39, 48, 49, 54, 55, 57, 58, 59, 61, 63, 64, 65, 66, 67, 68, 73, 74, 75, 77, 81, 84, -2, 2, 3, 4, 5, 6, 7, 9, 10, 11, 16, 17, 24, 26, 27, 28, 29, 31, 32, 34, 38, 39, 48, 49, 52, 54, 55, 57, 58, 59, 61, 63, 64, 65, 66, 67, 68, 69, 72, 74, 75, 76, 77, 82, 83]},
 quorumSnapshotAtHMinus3C=QuorumSnapshot{activeQuorumMembers=[true, true, true, true, true, true, true, true, true, true, true, true, true, true, true, true, true, true, true, true, true, true, true, true, true, true, true, true, true, true, true, true, true, true, true, true, true, true, true, true, true, true, true, true, true, true, true, true, true, true, true, true, true, true, true, true, true, true, true, true, true, true, true, true, true, true, true, true, true, true, true, true, true, true, true, true, true, true, true, true, true, true, true, true, true, true, true, true, false, false, false, false, false, false, false, false, false, false, false, false, false, false, false, false, false, false, false, false, false, false, false, false, false, false, false, false, false, false, false, false, false, false, false, false, false, false, false, false, false, false, false, false, false, false, false, false, false, false, false, false, false, false, false, false, false, false, false, false, false, false, false, false, false, false, false, false, false, false, false, false, false, false, false, false, false, false, false, false, false, false, false, false, false, false, false, false, false, false, false, false, false, false, false, false, false, false, false, false, false, false, false, false, false, false, false, false, false, false, false, false, false, false, false, false, false, false, false, false, false, false, false, false, false, false, false, false, false, false, false, false, false, false, false, false, false, false, false, false, false, false, false, false, false, false, false, false, false, false, false, false, false, false, false, false, false, false, false, false, false, false, false, false, false, false, false, false, false, false, false, false, false, false, false, false, false, false, false, false, false, false, false, false, false, false, false, false, false, false, false, false, false, false, false, false, false, false, false, false, false, false, false, false, false, false, false, false, false, false, false, false, false, false, false, false, false, false, false, false, false, false, false, false, false, false, false, false, false, false, false, false, false, false, false, false, false, false, false, false, false, false, false, false, false, false, false, false, false, false, false, false, false, false, false, false, false, false, false, false, false, false, false, false, false, false, false, false, false, false, false, false, false, false, false, false, false, false, false, false, false, false, false, false, false], skipListMode=MODE_SKIPPING_ENTRIES, skipList=[0, 1, 1, 4, 6, 8, 10, 11, 13, 14, 15, 17, 20, 22, 25, 28, 29, 31, 32, 34, 35, 43, 44, 45, 48, 49, 50, 51, 54, 56, 57, 61, 63, 64, 68, 71, 74, 77, 80, 81, 82, -1, 0, 1, 3, 4, 6, 8, 9, 11, 14, 15, 17, 22, 27, 28, 30, 31, 34, 35, 45, 51, 52, 53, 54, 61, 66, 67, 68, 70, 71, 72, 73, 74, 76, 78, 79, 80, 82, 83, 84, -1, 0, 3, 4, 6, 9, 11, 14, 15, 17, 19, 20, 21, 24, 26, 28, 30, 31, 32, 34, 35, 42, 45, 47, 51, 52, 53, 54, 55, 59, 61, 66, 67, 68, 71, 74, 75, 76, 78, 79, 80, 82, 84, -1, 0, 1, 6, 8, 9, 11, 14, 15, 17, 19, 21, 23, 24, 26, 28, 30, 34, 35, 39, 42, 47, 50, 51, 52, 53, 54, 55, 59, 66, 67, 68, 71, 72, 74, 75, 76, 78, 80, 82, 84, -1, 0, 5, 6, 9, 11, 15, 16, 17, 18, 19, 20, 21, 23, 24, 26, 28, 30, 31, 32, 34, 35, 39, 40, 45, 47, 50, 51, 52, 53, 54, 55, 59, 61, 62, 63, 66, 67, 68, 70, 71, 74, 75, 82, 85, -1, 0, 5, 6, 9, 15, 16, 17, 18, 19, 23, 24, 28, 29, 30, 32, 34, 36, 39, 40, 46, 47, 50, 51, 53, 54, 55, 59, 61, 62, 63, 66, 67, 68, 70, 74, 75, 76, 78, 79, 82, 83, 85, -1, 4, 5, 9, 10, 15, 16, 18, 19, 21, 22, 23, 24, 28, 29, 30, 31, 32, 34, 39, 40, 43, 46, 47, 50, 51, 52, 55, 56, 62, 63, 64, 66, 67, 68, 70, 74, 75, 78, 79, 83, -1, 1, 2, 3, 4, 5, 6, 7, 8, 9, 10, 13, 19, 21, 22, 23, 24, 27, 29, 30, 32, 39, 40, 46, 50, 51, 52, 55, 56, 61, 62, 63, 65, 66, 67, 68, 69, 70, 74, 75, 78, 79, 81, 83, -1, 1, 2, 4, 5, 6, 7, 8, 9, 10, 15, 19, 21, 22, 23, 24, 25, 27, 29, 30, 32, 37, 39, 40, 43, 48, 51, 52, 55, 56, 59, 61, 62, 63, 64, 65, 67, 68, 69, 70, 74, 75, 77, 80, 83, 84, 2, 3, 4, 6, 7, 9, 10, 14, 16, 19, 20, 21, 23, 26, 29, 30, 32, 35, 37, 39, 40, 41, 43, 44, 49, 50, 51, 52, 53, 54, 59, 60, 63, 64, 65, 66, 67, 69, 70, 71, 74, 78, 79, 80, 0, 2, 3, 4, 6, 7, 10, 14, 16, 18, 19, 20, 21, 27, 29, 30, 31, 33, 34, 35, 36, 37, 39, 40, 41, 42, 43, 44, 46, 49, 50, 52, 53, 57]},
 mnListDiffTip=Simplified MNList Diff{ 1556858 -> 1556859/1556859; adding 0 and removing 0 masternodes while adding 0 and removing 0 quorums },
 mnListDiffAtH=Simplified MNList Diff{ -1 -> 1556632/1556632; adding 373 and removing 0 masternodes while adding 109 and removing 0 quorums },
 mnListDiffAtHMinusC=Simplified MNList Diff{ -1 -> 1556344/1556344; adding 373 and removing 0 masternodes while adding 109 and removing 0 quorums },
 mnListDiffAtHMinus2C=Simplified MNList Diff{ -1 -> 1556056/1556056; adding 373 and removing 0 masternodes while adding 109 and removing 0 quorums },
 mnListDiffAtHMinus3C=Simplified MNList Diff{ -1 -> 1555768/1555768; adding 373 and removing 0 masternodes while adding 109 and removing 0 quorums },
 mnListDiffAtHMinus4C=Simplified MNList Diff{ -1 -> 1555480/1555480; adding 376 and removing 0 masternodes while adding 109 and removing 0 quorums }------------------------------
lastQuorum: 1556640 FinalCommitment(version=4, llmqType=5, quorumHash=0000007aade493fd770411f1d4e3a4efa22ed5088d7a140e54d87bd627e150be, signers=59, validMembers=59, quorumPublicKey=a6d6e38f13f5a13f0dd1359cb978b18dac1596ed11adc528f4817bb01a8b2d67370fb7a28707651f547970efa10fde91:
lastQuorum: 1556641 FinalCommitment(version=4, llmqType=5, quorumHash=0000005b84e578d816e2770132e30e049fdfda3434e1c58e5b281f8a69b28ddd, signers=60, validMembers=60, quorumPublicKey=97cae5fadbf96ef7ea9d89f773474b2ef9c1ddf320272ab1fa950748dd1525a741937b16fe26f68d677cef50ebf6199b:
lastQuorum: 1556642 FinalCommitment(version=4, llmqType=5, quorumHash=0000004767308ab5b6a251e7c98fb3f58c3023100ce7e6da140f856dbb9428e2, signers=60, validMembers=60, quorumPublicKey=b0d69283cc1c0b981ea28fcb010a32f44d4a55c134df4183f15623490d0a88659b5c1c2e3dcd35a761acf0741e3f32e8:
lastQuorum: 1556643 FinalCommitment(version=4, llmqType=5, quorumHash=0000003b27afcd8435ab7802ce293ca45479a5f7514943662ac98a7ca2539a4f, signers=59, validMembers=59, quorumPublicKey=a89a9acc25bcebfc0274376c98c52a387a7b493584ee0592250ea0dc1ebcef21ca8d132cd74448fece3597e6958f7883:
lastQuorum: 1556644 FinalCommitment(version=4, llmqType=5, quorumHash=0000004c80f566aa4fd0776ac9cda98e9fd7e79d5f8396974b83a3455fe13bcd, signers=60, validMembers=60, quorumPublicKey=87d3d5a261969acb6191cfc54e7b9fe3840ec4fc6f1bb8eb053a37610b217c9b04000231a524ad9ed75c7b7ad1e00a30:
lastQuorum: 1556645 FinalCommitment(version=4, llmqType=5, quorumHash=0000001342a57601966f9d790de3ce820a96e2d07bf421cc1e4b232f457daff5, signers=59, validMembers=59, quorumPublicKey=b9d2929abde14ae1a92b0c61a43eef99fc96e2142fd4f1c0c21ddb2697be7db63f0a1627aed0d6dd8e996bf4d90a8e7a:
lastQuorum: 1556646 FinalCommitment(version=4, llmqType=5, quorumHash=000000159e508f4235703377768f429e870d95888f49c75c6bee03c8f29fc409, signers=59, validMembers=59, quorumPublicKey=81b979ddff94c615a24afbf8e895538467ab57ce2000b09ac5b6978b10b2a47cd4ff57950c21d5c89aa2664928afa107:
lastQuorum: 1556647 FinalCommitment(version=4, llmqType=5, quorumHash=0000007d834c4b7c48a9df30acfccf144958349e3e2a47a678af7e6353c61e62, signers=60, validMembers=60, quorumPublicKey=a32fde38b288ece3e59d4f155fc999ba8df5536d16b6e05cfae8c9ac17e53287e1a3e81398965f7cb415ce0f3bb6fecd:
lastQuorum: 1556648 FinalCommitment(version=4, llmqType=5, quorumHash=00000034f4be90b9996ab149f7afcfcab5df2c8f4c671233e4770b09dc1fb4f9, signers=60, validMembers=60, quorumPublicKey=a335070e03cf6fc6c221074fc1593a19d1c1a02be3a2e58f14cd0ed6abe4b3029e8c095d24ab08eef9c3fee058189973:
lastQuorum: 1556649 FinalCommitment(version=4, llmqType=5, quorumHash=0000000648b01b4eccdc8070e6c83011d017205d6940d82e07b157e470ebbc01, signers=59, validMembers=59, quorumPublicKey=a77e8e2daf3053210bd72282f3de524610fbe471c75d6945947076961225b09f6b149e34d724558ee1f339f9650b9347:
lastQuorum: 1556650 FinalCommitment(version=4, llmqType=5, quorumHash=000000421db785ee59eac9f668832a2992c437ae7de9c9f2710f0e41c1e223b9, signers=60, validMembers=60, quorumPublicKey=8ce343575a4ba395804975d18b9d32f3e68686120601b95b37f606423eb1d5a0e090746734fbbb7ec5bf605c660f946c:
lastQuorum: 1556651 FinalCommitment(version=4, llmqType=5, quorumHash=000000650d5d7900c1e7cfb5e58d89833061f6dd41e2e3d33ce17d34aca8a403, signers=60, validMembers=60, quorumPublicKey=958453bfb938cd1258ff894750ae6e884818d340871c33b55e687386b0bf62a5d918f7a8ad9a330079dc6445359723cd:
lastQuorum: 1556652 FinalCommitment(version=4, llmqType=5, quorumHash=000000080a9d2e412c09cc2f5d816c6877e1b11935e94d0b181b7d8b7d2d9344, signers=59, validMembers=59, quorumPublicKey=81378bd7e1019f2a19d7a7561a2113019b3b72ce2575832cde4ec214a204b0abdf8823f04f77b859ab67d5626b49e086:
lastQuorum: 1556653 FinalCommitment(version=4, llmqType=5, quorumHash=0000007ca2798615bbee9145b46e893a329607af577154f09878c6dc9f4fff74, signers=60, validMembers=60, quorumPublicKey=85b1ada0dbae9e2a9f45146e3138e0f8115f5751fed0dd481f3d166b6977cdc874a3916a0389dda6d7920780b3f6a63d:
lastQuorum: 1556654 FinalCommitment(version=4, llmqType=5, quorumHash=00000051a7bdc00c76efcf87fcd2563e0e854d787c82ea2ef1717931b00829f4, signers=60, validMembers=60, quorumPublicKey=88b3edc59a99d75fa05351a5db4923c6114f7f82f86ed2124dd89b5053d23cb6c82802f03066b0d3002f7bc41bb4fe65:
lastQuorum: 1556655 FinalCommitment(version=4, llmqType=5, quorumHash=0000005ab2132beb3c0c1ab8e7f89470e20aa603ea416e9cedf37fd74153535f, signers=59, validMembers=59, quorumPublicKey=8a965b165fd0ecaa2c60f30a7a70ef9d2f05b3cc5dd67e8dc333bdd26a6dd01b318d7cf7ac4d7a092a7bf5be3f25a2ba:
lastQuorum: 1556656 FinalCommitment(version=4, llmqType=5, quorumHash=0000006caaa36fd74ff968964f7e9106463c090e3980ca255cfb54cc10a4f318, signers=60, validMembers=60, quorumPublicKey=a3ee03da9e62d478a86b115fd6c9c709c9825b349ef3be27ded5c8d14343ac9fb818ba7138f8af17f0de75c3e95af4dd:
lastQuorum: 1556657 FinalCommitment(version=4, llmqType=5, quorumHash=0000004ec1f31cfbe646d4dc5bbe32090e6ca29143a34a49df0be68f2f1ed4fe, signers=60, validMembers=60, quorumPublicKey=935bb57bd34e578ac4ace1c99aeb848f0cfe34dd86cae52e93656eb4b234a006673d2f197ca85abf20bd742488e055ee:
lastQuorum: 1556658 FinalCommitment(version=4, llmqType=5, quorumHash=00000002904202755b880db13598aeaa53d2d43567dea887905b94935661c167, signers=59, validMembers=59, quorumPublicKey=a0355750cc610e7e5740f6322c1fa35a89942d1b6dd5588536edc79131bab32002d3c89dc1ef25a10422c2cf63deac38:
lastQuorum: 1556659 FinalCommitment(version=4, llmqType=5, quorumHash=00000038a1c4edd9a31e1315bbb86f8e39882440c9ef86ba4e1c2cad83b532d1, signers=60, validMembers=60, quorumPublicKey=a009f08a63daa6d0403f4fb089b0a64517f7ae44c459435abc4b5cc35d974d4ef2b92c8fb307258dd34e1caaae27eb67:
lastQuorum: 1556660 FinalCommitment(version=4, llmqType=5, quorumHash=00000065310dc6c348e62016a7fc24d1b80ba0841b63fd2842811909bc333860, signers=60, validMembers=60, quorumPublicKey=872d1e88693e6090ab1e6d402b81d48ecc9ff5dd5b6eb86157535bf677523ed8e6eb462f0d51a20a7aebcb7d271ee411:
lastQuorum: 1556661 FinalCommitment(version=4, llmqType=5, quorumHash=0000002a8464c08f59275532074feba38ccf1553153646f1aa9094e39d54e0a3, signers=58, validMembers=58, quorumPublicKey=8baa88f451a1bf56f06b0b119c651e7b662fa73b46d606d5eae9851ae6ed50f88361004f5b1fe71d890f4d9398e4d5c2:
lastQuorum: 1556662 FinalCommitment(version=4, llmqType=5, quorumHash=0000003c000f298bbc8a529e645649c61b95ee7cc31da0d0b7d11d852843e848, signers=59, validMembers=59, quorumPublicKey=ac2c217e16c640f46cd58b97f2d514d9c2e800ecca3d5241c0d1d63f15885cb9688f4be407b32561f541acc192c3f404:
lastQuorum: 1556663 FinalCommitment(version=4, llmqType=5, quorumHash=00000014085a340c71b7b395ad8427ea8ec9f701a1db22100b6f3df3c38cd13e, signers=60, validMembers=60, quorumPublicKey=abf6533e3e6f160f58cba56a7b1bc0d7f5e15a46a0c03a43fa428e17f0bcc746b6c293ae34df7095d1a3ddc7112338ee:
lastQuorum: 1556664 FinalCommitment(version=4, llmqType=5, quorumHash=00000029581790ff23a95246ff82acc7286a7fca7e342f8e66b523f0300b6bf1, signers=58, validMembers=58, quorumPublicKey=92a8f684b6b04b9825f0c962b0177857ce6f705008b6d97acdb5408fe28c1229362ee99f8f27d63a331833a8d90c38c6:
lastQuorum: 1556665 FinalCommitment(version=4, llmqType=5, quorumHash=0000000b5b15cfa5267f33acb427b6ed92962448ab54c1e368150f0b9ff8839b, signers=59, validMembers=59, quorumPublicKey=a28e00136c09945c22edcda8d9175377b73e4ef1a3b27d984d0e7818ab0428b0320c5ce11977b9cfee0bcd8c7eb0fc07:
lastQuorum: 1556666 FinalCommitment(version=4, llmqType=5, quorumHash=0000001be841f6379419d03e200286ce5943ffb5ade908b22fb7d6b0de586fae, signers=60, validMembers=60, quorumPublicKey=8a5533a66d6205552b2e03fdb1c22e2a407a1000e7d5b1ab8574dcb0ecfbeaaf44c0bcdb98606687ab2444c02895215b:
lastQuorum: 1556667 FinalCommitment(version=4, llmqType=5, quorumHash=00000021a2614052d9d9d0b5eae3dbf4fbfec57d184c305ecf55a31b5d93e3d0, signers=58, validMembers=58, quorumPublicKey=8b2fe67182d249d3f05e5602c57f0bc8a0a799c8dbfbe60f2037762984c239b2cb7d446b8e3d65df3fe53eb053cb86e1:
lastQuorum: 1556668 FinalCommitment(version=4, llmqType=5, quorumHash=0000002f4f13dd90f0a06121b33fd54233a829de761abdd16ba90b164ee298ec, signers=59, validMembers=59, quorumPublicKey=b8e7b72a7d806df730fe7cb0d0feb2ed84980d9def2241e034bd775924618c8fedbda9e059f51585f4e74d150c37e741:
lastQuorum: 1556669 FinalCommitment(version=4, llmqType=5, quorumHash=000000b20584b49483ef887e5d836c08eeb6a74c76d06ad11606df481659a821, signers=58, validMembers=58, quorumPublicKey=818b3240f72cf7a5de6942b0f0be692eb68c20bdc846abf90ae74ad5e9e070b635840244fb3883b465d3dedd322def63:
lastQuorum: 1556670 FinalCommitment(version=4, llmqType=5, quorumHash=0000003ae37839ae3d5d543718339604d47d22fe71b8e5916313cac24d6ed543, signers=59, validMembers=59, quorumPublicKey=96e1049c4ccb26696957cb55b1268ee418d88de58f579d5ff122d226d52ff78507da93b930679210f01a9dabba1c6a5a:
lastQuorum: 1556671 FinalCommitment(version=4, llmqType=5, quorumHash=000000b1e79102e4b9126f28fa543771c0a9aa94494f68eb69a36e24e5942ce3, signers=59, validMembers=59, quorumPublicKey=8adb53eab8fad91ff04f7373cf6244bbc5d927b0771c218a98dfd08d162c7bf6ef7b6cbb70c211e4d1ae3cf740d7db61:
} from Peer{[68.67.122.55]:19999, version=70240, subVer=/Dash Core:23.1.8(dcg-masternode-26)/, services=7237 (NETWORK, BLOOM, NETWORK_LIMITED, COMPACT_FILTERS, HEADERS_COMPRESSED, remaining: 1000001000000), time=2026-09-19 11:55:09, height=1556859}
16:55:15 [process-qrinfo] ChainLocksHandler - cannot find block hash: 0000006faac9003919a6d5456a0a46ae10db517f572221279f0540b79fd9cf1b
16:55:15 [process-qrinfo] ChainLocksHandler - cannot find block hash: 000000dc07d722238a994116c3395c334211d9864ff5b37c3be51d5fdda66223
16:55:15 [process-qrinfo] ChainLocksHandler - cannot find block hash: 000000bd5639c21dd8abf60253c3fe0343d87a9762b5b8f57e2b4ea1523fd071
16:55:15 [process-qrinfo] ChainLocksHandler - cannot find block hash: 0000000e6d15a11825211c943c4a995c44ebb2b0834b7848c2e080b48ca0148e
16:55:15 [process-qrinfo] ChainLocksHandler - cannot find block hash: 000000339cd97d45ee18cd0cba0fd590fb9c64e127d3c30885e5b7376af94fdf
16:55:15 [process-qrinfo] ChainLocksHandler - doesn't match previous value: ChainLockSignature{height=1555216, blockHash=0000004274d2088850faac9196c96ecf49dc22ac89fc6023c42199cee58f1af9, sig=a3e34f9a4d34b27f3bd5fa71c8a163abf4a96a689468496f9a6371544365f54322f00cb1026ced2521f97accbb191f6515c0c378176128bc78d84d633f736a90c49e6d2e4355dc682612e585916a204dc76fb28e743deb8dbc8390a48723009c} vs current:a3e004087db1f8481129a13806159c58e9a9cbbe2ce73775053cc562824ffc90b56d71d267bebf6de4c2592a60ab187105fe35ad019936c24652f6c6cda8e13d66d6d9db73d4ee46241bdce87e0dbaf6999609092e5c340b178d3674cbcf54ba
16:55:15 [process-qrinfo] ChainLocksHandler - doesn't match previous value: ChainLockSignature{height=1555216, blockHash=0000004274d2088850faac9196c96ecf49dc22ac89fc6023c42199cee58f1af9, sig=a3e004087db1f8481129a13806159c58e9a9cbbe2ce73775053cc562824ffc90b56d71d267bebf6de4c2592a60ab187105fe35ad019936c24652f6c6cda8e13d66d6d9db73d4ee46241bdce87e0dbaf6999609092e5c340b178d3674cbcf54ba} vs current:a3e34f9a4d34b27f3bd5fa71c8a163abf4a96a689468496f9a6371544365f54322f00cb1026ced2521f97accbb191f6515c0c378176128bc78d84d633f736a90c49e6d2e4355dc682612e585916a204dc76fb28e743deb8dbc8390a48723009c
16:55:15 [process-qrinfo] ChainLocksHandler - cannot find block hash: 0000006faac9003919a6d5456a0a46ae10db517f572221279f0540b79fd9cf1b
16:55:15 [process-qrinfo] ChainLocksHandler - cannot find block hash: 000000dc07d722238a994116c3395c334211d9864ff5b37c3be51d5fdda66223
16:55:15 [process-qrinfo] ChainLocksHandler - cannot find block hash: 000000bd5639c21dd8abf60253c3fe0343d87a9762b5b8f57e2b4ea1523fd071
16:55:15 [process-qrinfo] ChainLocksHandler - cannot find block hash: 0000000e6d15a11825211c943c4a995c44ebb2b0834b7848c2e080b48ca0148e
16:55:15 [process-qrinfo] ChainLocksHandler - cannot find block hash: 000000339cd97d45ee18cd0cba0fd590fb9c64e127d3c30885e5b7376af94fdf
16:55:15 [process-qrinfo] ChainLocksHandler - doesn't match previous value: ChainLockSignature{height=1555504, blockHash=0000003079c525f752d61fcbc1c2c8b71084e6b0b305569db8fcdb7bdf656667, sig=820443725bd91cadbd00990512233c288045e0b967fd6d4c420fda0e7f7dca91c00640c26d3926ceac312573c30431490505c2a3b0576803408ad13dce37b7fb515d815504fe274d6fdcdca79973d5b7d62da31c6106d3f84d1827fc11bd8875} vs current:854295b42976f50d8468d616d7605a89b04c0b7f244aeaf559a755edef1e4aaac9ed2eae408a52a97d9ae36ac63ecb940e0c81530aba309e786d5f06490a2845c71eb4c957a2e711b8755a3669013fcc34333c9a7dcf8cafed9a9046bdabc648
16:55:15 [process-qrinfo] ChainLocksHandler - doesn't match previous value: ChainLockSignature{height=1555504, blockHash=0000003079c525f752d61fcbc1c2c8b71084e6b0b305569db8fcdb7bdf656667, sig=854295b42976f50d8468d616d7605a89b04c0b7f244aeaf559a755edef1e4aaac9ed2eae408a52a97d9ae36ac63ecb940e0c81530aba309e786d5f06490a2845c71eb4c957a2e711b8755a3669013fcc34333c9a7dcf8cafed9a9046bdabc648} vs current:820443725bd91cadbd00990512233c288045e0b967fd6d4c420fda0e7f7dca91c00640c26d3926ceac312573c30431490505c2a3b0576803408ad13dce37b7fb515d815504fe274d6fdcdca79973d5b7d62da31c6106d3f84d1827fc11bd8875
16:55:15 [process-qrinfo] ChainLocksHandler - cannot find block hash: 0000006faac9003919a6d5456a0a46ae10db517f572221279f0540b79fd9cf1b
16:55:15 [process-qrinfo] ChainLocksHandler - cannot find block hash: 000000dc07d722238a994116c3395c334211d9864ff5b37c3be51d5fdda66223
16:55:15 [process-qrinfo] ChainLocksHandler - cannot find block hash: 000000bd5639c21dd8abf60253c3fe0343d87a9762b5b8f57e2b4ea1523fd071
16:55:15 [process-qrinfo] ChainLocksHandler - cannot find block hash: 0000000e6d15a11825211c943c4a995c44ebb2b0834b7848c2e080b48ca0148e
16:55:15 [process-qrinfo] ChainLocksHandler - cannot find block hash: 000000339cd97d45ee18cd0cba0fd590fb9c64e127d3c30885e5b7376af94fdf
16:55:15 [process-qrinfo] ChainLocksHandler - doesn't match previous value: ChainLockSignature{height=1555792, blockHash=0000005d1c67279a358931ebb5c2d29f7b07da5cbc8c508f8ff882f49bb01970, sig=8bf5a38d5497d0a6ffff26f7763ab87c15daf5358f2ed3a65850bbb93a0281739608aec0ac14024195e78b4bcb30fc4a0d15ad95a790eeca62d8869b0b5b0d4dcb8d91a22329d1310ddff6f4fd584c8956c4b268c73c8b81702f6e8621b68446} vs current:8ebcd1204a66b2cea5ddfe898334fa1fddbe914b7affbf38acc2b314c5add9200bae6f7a60a94f7f3ba258171f4d6d62187f9d8cd95f29004743ed909fbd0839815adac3c7b0941b97795a77fa98cc486343997f0ed2c349c927fa07a2ae0f95
16:55:15 [process-qrinfo] ChainLocksHandler - doesn't match previous value: ChainLockSignature{height=1555792, blockHash=0000005d1c67279a358931ebb5c2d29f7b07da5cbc8c508f8ff882f49bb01970, sig=8ebcd1204a66b2cea5ddfe898334fa1fddbe914b7affbf38acc2b314c5add9200bae6f7a60a94f7f3ba258171f4d6d62187f9d8cd95f29004743ed909fbd0839815adac3c7b0941b97795a77fa98cc486343997f0ed2c349c927fa07a2ae0f95} vs current:8bf5a38d5497d0a6ffff26f7763ab87c15daf5358f2ed3a65850bbb93a0281739608aec0ac14024195e78b4bcb30fc4a0d15ad95a790eeca62d8869b0b5b0d4dcb8d91a22329d1310ddff6f4fd584c8956c4b268c73c8b81702f6e8621b68446
16:55:15 [process-qrinfo] ChainLocksHandler - cannot find block hash: 0000006faac9003919a6d5456a0a46ae10db517f572221279f0540b79fd9cf1b
16:55:15 [process-qrinfo] ChainLocksHandler - cannot find block hash: 000000dc07d722238a994116c3395c334211d9864ff5b37c3be51d5fdda66223
16:55:15 [process-qrinfo] ChainLocksHandler - cannot find block hash: 000000bd5639c21dd8abf60253c3fe0343d87a9762b5b8f57e2b4ea1523fd071
16:55:15 [process-qrinfo] ChainLocksHandler - cannot find block hash: 0000000e6d15a11825211c943c4a995c44ebb2b0834b7848c2e080b48ca0148e
16:55:15 [process-qrinfo] ChainLocksHandler - cannot find block hash: 000000339cd97d45ee18cd0cba0fd590fb9c64e127d3c30885e5b7376af94fdf
16:55:15 [process-qrinfo] ChainLocksHandler - doesn't match previous value: ChainLockSignature{height=1556080, blockHash=00000045501fa523978d26b7aaa64a9aacc306c6aea0bda49d5066db5825c868, sig=b6d0b12ca89f515c4dae01e560622ca555fb3a532754f1dddca73c9cf258a349315bd13881c75f6a3b0c41586fe0933c1801589cfca27d2ea929ce13b06c550da1ffa5bbd1452751afa01b45790befa2ed4ab0f83af9596304b54ebe12be7e46} vs current:8330c50528543f285bda23a70d6d0fdd0773a0aee96d160e68d7bcd3f29ee1e827fad0307eea48757abefdd3efaaf21e09cbb89332c907945a6e9bb2bb57ac48fa55eb11bb703da40b11a75edfe4cdf8888adfecd0dffc8de571ad32fa277d7e
16:55:15 [process-qrinfo] ChainLocksHandler - doesn't match previous value: ChainLockSignature{height=1556080, blockHash=00000045501fa523978d26b7aaa64a9aacc306c6aea0bda49d5066db5825c868, sig=8330c50528543f285bda23a70d6d0fdd0773a0aee96d160e68d7bcd3f29ee1e827fad0307eea48757abefdd3efaaf21e09cbb89332c907945a6e9bb2bb57ac48fa55eb11bb703da40b11a75edfe4cdf8888adfecd0dffc8de571ad32fa277d7e} vs current:b6d0b12ca89f515c4dae01e560622ca555fb3a532754f1dddca73c9cf258a349315bd13881c75f6a3b0c41586fe0933c1801589cfca27d2ea929ce13b06c550da1ffa5bbd1452751afa01b45790befa2ed4ab0f83af9596304b54ebe12be7e46
16:55:15 [process-qrinfo] ChainLocksHandler - cannot find block hash: 0000006faac9003919a6d5456a0a46ae10db517f572221279f0540b79fd9cf1b
16:55:15 [process-qrinfo] ChainLocksHandler - cannot find block hash: 000000dc07d722238a994116c3395c334211d9864ff5b37c3be51d5fdda66223
16:55:15 [process-qrinfo] ChainLocksHandler - cannot find block hash: 000000bd5639c21dd8abf60253c3fe0343d87a9762b5b8f57e2b4ea1523fd071
16:55:15 [process-qrinfo] ChainLocksHandler - cannot find block hash: 0000000e6d15a11825211c943c4a995c44ebb2b0834b7848c2e080b48ca0148e
16:55:15 [process-qrinfo] ChainLocksHandler - cannot find block hash: 000000339cd97d45ee18cd0cba0fd590fb9c64e127d3c30885e5b7376af94fdf
16:55:15 [process-qrinfo] ChainLocksHandler - doesn't match previous value: ChainLockSignature{height=1556368, blockHash=000000124824fcc9e629f11f5c0d9d2afc87961c28efd366abd57eb7a8b49015, sig=b22c25548034382003ded5dabb19b79e6d2a87f80f30c1eeb45f17374ca9d17e5789cfcc90b02551bc6e203cf3f495db15b50163b60d5801b1286a75c525a2eb1eb738d68dea0bec10b85b5860154b0e58c3893b762dd44e6462de63ab3ee293} vs current:987ddc5d1ce686f7a31b0aceb59d6d8b7fbd514f4972f085f3e95ea36fc4e22b19c43e3bc1530c1ab036786f26d592eb06f8ba5ca879a94e7f703bef4ba074999460ae0deb211e49dea00f4145fd539d944895a7b96eb8af35d9d94eee6bc5e8
16:55:15 [process-qrinfo] ChainLocksHandler - doesn't match previous value: ChainLockSignature{height=1556368, blockHash=000000124824fcc9e629f11f5c0d9d2afc87961c28efd366abd57eb7a8b49015, sig=987ddc5d1ce686f7a31b0aceb59d6d8b7fbd514f4972f085f3e95ea36fc4e22b19c43e3bc1530c1ab036786f26d592eb06f8ba5ca879a94e7f703bef4ba074999460ae0deb211e49dea00f4145fd539d944895a7b96eb8af35d9d94eee6bc5e8} vs current:b22c25548034382003ded5dabb19b79e6d2a87f80f30c1eeb45f17374ca9d17e5789cfcc90b02551bc6e203cf3f495db15b50163b60d5801b1286a75c525a2eb1eb738d68dea0bec10b85b5860154b0e58c3893b762dd44e6462de63ab3ee293
16:55:15 [process-qrinfo] QuorumRotationState - computeQuorumMembersByQuarterRotation llmqType[LLMQ_60_75] nHeight[1556640]
16:55:15 [process-qrinfo] SimplifiedQuorumList - valid quorum commitment: 0000007aade493fd770411f1d4e3a4efa22ed5088d7a140e54d87bd627e150be:0: quorumPublicKey = a6d6e38f13f5a13f0dd1359cb978b18dac1596ed11adc528f4817bb01a8b2d67370fb7a28707651f547970efa10fde91, membersSignature = a3e648f17e6f8d5a2a013bfdd65b6bc53748ca0b627155860c70d27b1fc72da11481795c5bf2ddca3a055a3ecf71c0ee143b40dbd11795103c27387a52b05ee072a74271b5a68b54e319b807f0d5acebe68f9dbb4c26e41a5058dc73ce492bca
16:55:15 [process-qrinfo] SimplifiedQuorumList - valid quorum commitment: 0000005b84e578d816e2770132e30e049fdfda3434e1c58e5b281f8a69b28ddd:1: quorumPublicKey = 97cae5fadbf96ef7ea9d89f773474b2ef9c1ddf320272ab1fa950748dd1525a741937b16fe26f68d677cef50ebf6199b, membersSignature = 82c08643093a55a24e218b3d1e1e2897c50a2c411440ff6bf100e24d846723186efc909fac9a11d4372b4ff93faf59091177b6c660d8b4ea8dbe8b934f39f61ec0131bab9f653255df0833494bdd65d2eb9e26102d560c6eede58acd175cf6ec
16:55:15 [process-qrinfo] SimplifiedQuorumList - valid quorum commitment: 0000004767308ab5b6a251e7c98fb3f58c3023100ce7e6da140f856dbb9428e2:2: quorumPublicKey = b0d69283cc1c0b981ea28fcb010a32f44d4a55c134df4183f15623490d0a88659b5c1c2e3dcd35a761acf0741e3f32e8, membersSignature = b7ce9eac79e06b92587d9fcf75b9890e21a2059fddb90e45f703ac6b659cce3c3fc24f4c55198968fea42c985b7d4c2f14db0aba30f58529288cb5507b05bb5b9e2faf23dc5c4067e3002b3e2bfa5429b52da5ae67a12d420b8be59c3817f9e9
16:55:15 [process-qrinfo] SimplifiedQuorumList - valid quorum commitment: 0000003b27afcd8435ab7802ce293ca45479a5f7514943662ac98a7ca2539a4f:3: quorumPublicKey = a89a9acc25bcebfc0274376c98c52a387a7b493584ee0592250ea0dc1ebcef21ca8d132cd74448fece3597e6958f7883, membersSignature = a6e604d7beb520961459cdb3f1cc9a578a18708392a8416300bb870fe69b9628ca11a6f456b3ef90363c211ed525d89903f599f68872ed642b5fe685c8b1f6560fd84f5b42aa85bace285a92e3737ddb5dd437e33cfd25a6a6e9f976fbc6ac5d
16:55:15 [process-qrinfo] SimplifiedQuorumList - valid quorum commitment: 0000004c80f566aa4fd0776ac9cda98e9fd7e79d5f8396974b83a3455fe13bcd:4: quorumPublicKey = 87d3d5a261969acb6191cfc54e7b9fe3840ec4fc6f1bb8eb053a37610b217c9b04000231a524ad9ed75c7b7ad1e00a30, membersSignature = 89ed415003abbbe7050f39851e7466ed1d7b0f601b281a11f6e7a481183028855c04b8c89b613f213c05c70fc5fc5ff0194a208705491aa7843980344294635acbb40526d1d522dd98669e96cc20219fd429a8be8e22d4d0136e7900ec8a7c3a
16:55:15 [process-qrinfo] SimplifiedQuorumList - valid quorum commitment: 0000001342a57601966f9d790de3ce820a96e2d07bf421cc1e4b232f457daff5:5: quorumPublicKey = b9d2929abde14ae1a92b0c61a43eef99fc96e2142fd4f1c0c21ddb2697be7db63f0a1627aed0d6dd8e996bf4d90a8e7a, membersSignature = a3a35fff4fc4d01555fa03c868549670c928ef243901003d27f64e84f1178b93163d04b0017457e0b642190eabf981ee12d8735af7da4e2244de9edfe7d0269799af15d21c58391c9b2e052cbefc88cc0d2f889609837560eb91cf51dd9859e9
16:55:15 [process-qrinfo] SimplifiedQuorumList - valid quorum commitment: 000000159e508f4235703377768f429e870d95888f49c75c6bee03c8f29fc409:6: quorumPublicKey = 81b979ddff94c615a24afbf8e895538467ab57ce2000b09ac5b6978b10b2a47cd4ff57950c21d5c89aa2664928afa107, membersSignature = 8e409456779fdee8bc9116f9671c2a733c61db6b2fd94ec83bb81c1c590bd708efb4876095276100bb9299f18769390d18484356bded812176d900291414898185296a60e953898f24eebf418961c0efa99f19316ce1dde2e45be6048e8d1ef8
16:55:15 [NioClientManager] Headers2Message - Parsing headers2 message: numHeaders=8000, payloadLength=344041
16:55:15 [process-qrinfo] SimplifiedQuorumList - valid quorum commitment: 0000007d834c4b7c48a9df30acfccf144958349e3e2a47a678af7e6353c61e62:7: quorumPublicKey = a32fde38b288ece3e59d4f155fc999ba8df5536d16b6e05cfae8c9ac17e53287e1a3e81398965f7cb415ce0f3bb6fecd, membersSignature = a4fb09584592e89c6e5c9f19b35299be47917038be8e8a415eba9ed447b34cc4320f0ff2cf2468bbe0c406cd372f69b100718812b9dd973379e65bb1fea3371a87026f290889d37bda2919e6ba5f712bf2826bc8eeac3821b0f1a86fcfa2edba
16:55:15 [process-qrinfo] SimplifiedQuorumList - valid quorum commitment: 00000034f4be90b9996ab149f7afcfcab5df2c8f4c671233e4770b09dc1fb4f9:8: quorumPublicKey = a335070e03cf6fc6c221074fc1593a19d1c1a02be3a2e58f14cd0ed6abe4b3029e8c095d24ab08eef9c3fee058189973, membersSignature = b90c61f1823d5a84fde86ac01bb364d0101b55607ff74f1bbfa3965a38c6bed99e73b7108399f7161faf0b369c83cc9102823819670bbc000dc6cc053089516cd7c8cb3cbd648059ba342d1d81697b05e1d0c434a2518ee8712720e58a51b660
16:55:15 [process-qrinfo] SimplifiedQuorumList - valid quorum commitment: 0000000648b01b4eccdc8070e6c83011d017205d6940d82e07b157e470ebbc01:9: quorumPublicKey = a77e8e2daf3053210bd72282f3de524610fbe471c75d6945947076961225b09f6b149e34d724558ee1f339f9650b9347, membersSignature = b7c57365a8a7e2ba4f04f7b316b5edf938259185ad1b7d2937663d7d7a652b972de2b450f9ab0adeeb341f646926ad1903c3f8197ec5b739a7aa817349f6f307e3e348b0a7d2defa836980e25ede8f7ee489aa4684460322cac9ee7666bfb0ab
16:55:15 [Wallet autosave thread] BLSJniLibrary - Initializing BLS JNI Library
16:55:15 [DefaultDispatcher-worker-10] MainViewModel - blockchain state update: mnlist=1556851; chain=1405464
16:55:15 [process-qrinfo] SimplifiedQuorumList - valid quorum commitment: 000000421db785ee59eac9f668832a2992c437ae7de9c9f2710f0e41c1e223b9:10: quorumPublicKey = 8ce343575a4ba395804975d18b9d32f3e68686120601b95b37f606423eb1d5a0e090746734fbbb7ec5bf605c660f946c, membersSignature = a49d381e92843298497ed5e299a202a441bc5a8d3dce77c006d5cab77aa89b7d163c67e1d5bc1036c0a7452cfb0580c5001450645a2fd724262ae7b9b897079c676841ccd3ff9da363b52a42e5c17fd7475e64b1fe0898303a10bbc095f9e4fb
16:55:16 [NioClientManager] DownloadProgressTracker - Chain download 40% done with 149904 blocks to go, block date 2026-01-22T21:51:24Z
16:55:16 [NioClientManager] BlockchainServiceImpl - progress 40
16:55:16 [process-qrinfo] SimplifiedQuorumList - valid quorum commitment: 000000650d5d7900c1e7cfb5e58d89833061f6dd41e2e3d33ce17d34aca8a403:11: quorumPublicKey = 958453bfb938cd1258ff894750ae6e884818d340871c33b55e687386b0bf62a5d918f7a8ad9a330079dc6445359723cd, membersSignature = 89996ad15da0ea2944daa62cd163c06caf2021f34c4b7a2c7d268b874699c475af185173c28112982089c9f3c7d9bae0020873a5978647a4476237613c234ff30fd98c4be4c1d4c437731a1a626b7a15ab0a820644bae58983c99e7d542b45c1
16:55:16 [NioClientManager] Threading$UserThread - User thread has 10000 pending tasks, memory exhaustion may occur.
If you see this message, check your memory consumption and see if it's problematic or excessively spikey.
If it is, check for deadlocked or slow event handlers. If it isn't, try adjusting the constant 
Threading.UserThread.WARNING_THRESHOLD upwards until it's a suitable level for your app, or Integer.MAX_VALUE to disable.
16:55:16 [NioClientManager] Threading$UserThread - User thread has 10000 pending tasks, memory exhaustion may occur.
If you see this message, check your memory consumption and see if it's problematic or excessively spikey.
If it is, check for deadlocked or slow event handlers. If it isn't, try adjusting the constant 
Threading.UserThread.WARNING_THRESHOLD upwards until it's a suitable level for your app, or Integer.MAX_VALUE to disable.
16:55:16 [dashj user thread] DownloadProgressTracker - Chain download 40% done with 149904 blocks to go, block date 2026-01-22T21:51:24Z
16:55:16 [process-qrinfo] SimplifiedQuorumList - valid quorum commitment: 000000080a9d2e412c09cc2f5d816c6877e1b11935e94d0b181b7d8b7d2d9344:12: quorumPublicKey = 81378bd7e1019f2a19d7a7561a2113019b3b72ce2575832cde4ec214a204b0abdf8823f04f77b859ab67d5626b49e086, membersSignature = 89af5510d9c4a1b56d60eadb67d80549d21950c307efdcedef9e80b4fe5a6c2490754c34d7e017cbc197feb65d3379cb0c31c76f4a74f2915b9351802441a7c5d06ae6abf9b20c546ccd5ee805a07401393c41fd2423bf3db660b9b0dc8bedd1
16:55:16 [NioClientManager] DownloadProgressTracker - Chain download 41% done with 148390 blocks to go, block date 2026-01-25T09:05:35Z
16:55:16 [dashj user thread] DownloadProgressTracker - Chain download 41% done with 148390 blocks to go, block date 2026-01-25T09:05:35Z
16:55:16 [NioClientManager] BlockchainServiceImpl - progress 41
16:55:16 [process-qrinfo] SimplifiedQuorumList - valid quorum commitment: 0000007ca2798615bbee9145b46e893a329607af577154f09878c6dc9f4fff74:13: quorumPublicKey = 85b1ada0dbae9e2a9f45146e3138e0f8115f5751fed0dd481f3d166b6977cdc874a3916a0389dda6d7920780b3f6a63d, membersSignature = b4537e1341ffbf6816bd26bfa88633dbf49ca33d75ad045bb35d173290569f9ba642f5f6bb9177366ba43f9786ef1a630e7ed8fe05dbc5d6844798e5a0d1e14b218909cf7c9a0057dc8a975a5abf38889f9a128ceff2de606b681d2c50120431
16:55:16 [process-qrinfo] SimplifiedQuorumList - valid quorum commitment: 00000051a7bdc00c76efcf87fcd2563e0e854d787c82ea2ef1717931b00829f4:14: quorumPublicKey = 88b3edc59a99d75fa05351a5db4923c6114f7f82f86ed2124dd89b5053d23cb6c82802f03066b0d3002f7bc41bb4fe65, membersSignature = 96fba949da0ef6c6f4c451b6ad9498d822b2ada30adfb1dfb970eac30ca3b54a35d067809844618ad4291a1af4a2275309136b2f0ab544ad1a376da8db46f35daa9ae0f91c4081ccbf2ee344154a8f343b4c5228aeeac32fc10d085afd38fedb
16:55:16 [NioClientManager] DownloadProgressTracker - Chain download 41% done with 146876 blocks to go, block date 2026-01-27T20:41:34Z
16:55:16 [NioClientManager] BlockchainServiceImpl - progress 41
16:55:16 [dashj user thread] DownloadProgressTracker - Chain download 41% done with 146876 blocks to go, block date 2026-01-27T20:41:34Z
16:55:16 [process-qrinfo] SimplifiedQuorumList - valid quorum commitment: 0000005ab2132beb3c0c1ab8e7f89470e20aa603ea416e9cedf37fd74153535f:15: quorumPublicKey = 8a965b165fd0ecaa2c60f30a7a70ef9d2f05b3cc5dd67e8dc333bdd26a6dd01b318d7cf7ac4d7a092a7bf5be3f25a2ba, membersSignature = a850ec5f88066a62ebc8af75356f3365567725cd4b2c81d0716682771475219d4fc467671fc056fc7e94135369923e5909b4c9cb2ba2ecc18ab1c1590faaff6de25998fdc18b497e83cb2e29a9757e8c973a970544f5d6305a53add3a5992fd3
16:55:16 [process-qrinfo] SimplifiedQuorumList - valid quorum commitment: 0000006caaa36fd74ff968964f7e9106463c090e3980ca255cfb54cc10a4f318:16: quorumPublicKey = a3ee03da9e62d478a86b115fd6c9c709c9825b349ef3be27ded5c8d14343ac9fb818ba7138f8af17f0de75c3e95af4dd, membersSignature = 86a3ff8d88f8f5d31a3e7dd7932511640828c464141980e0bf8adc336b8c40dd83011d87725d07be1d018c553c4ba11118b315a3204d0d26e32e836499a0d89e15c299cc2a0d14cd2a661d5cfa9b7e5ccad8b5940898ee70ce9b1ece7662a6a4
16:55:16 [process-qrinfo] SimplifiedQuorumList - valid quorum commitment: 0000004ec1f31cfbe646d4dc5bbe32090e6ca29143a34a49df0be68f2f1ed4fe:17: quorumPublicKey = 935bb57bd34e578ac4ace1c99aeb848f0cfe34dd86cae52e93656eb4b234a006673d2f197ca85abf20bd742488e055ee, membersSignature = a6463bd7014eb32b5baeeabb330ec017051b68703cc0c6bf8d1d705ed86b23b0083984d61fadb41fa8e2e6df02f0c1811397c1d86c022cbc209e64d0f4bcf7c00ad2906097d2db0212eea7ad9d366ba2e735e467b3a4851c0953fc84bbf8114c
16:55:16 [NioClientManager] DownloadProgressTracker - Chain download 42% done with 145362 blocks to go, block date 2026-01-30T07:32:39Z
16:55:16 [dashj user thread] DownloadProgressTracker - Chain download 42% done with 145362 blocks to go, block date 2026-01-30T07:32:39Z
16:55:16 [NioClientManager] BlockchainServiceImpl - progress 42
16:55:16 [DefaultDispatcher-worker-6] MainViewModel - blockchain state update: mnlist=1556851; chain=1411638
16:55:16 [process-qrinfo] SimplifiedQuorumList - valid quorum commitment: 00000002904202755b880db13598aeaa53d2d43567dea887905b94935661c167:18: quorumPublicKey = a0355750cc610e7e5740f6322c1fa35a89942d1b6dd5588536edc79131bab32002d3c89dc1ef25a10422c2cf63deac38, membersSignature = 8312f5fb91da56e83229b6c453c5ec3924e209d02ce650c0daca90ace5e75f15e979c4a18c41aceb84d84c637f1bcd7d081a2dccdb11a466f1c8b59f519dd22dff9f0a4a6fa7c5a906999674caf85abfbb3d111f01f0f3ec149535685a011e45
16:55:16 [NioClientManager] DownloadProgressTracker - Chain download 43% done with 143848 blocks to go, block date 2026-02-01T18:01:26Z
16:55:16 [NioClientManager] BlockchainServiceImpl - progress 43
16:55:16 [dashj user thread] DownloadProgressTracker - Chain download 43% done with 143848 blocks to go, block date 2026-02-01T18:01:26Z
16:55:16 [process-qrinfo] SimplifiedQuorumList - valid quorum commitment: 00000038a1c4edd9a31e1315bbb86f8e39882440c9ef86ba4e1c2cad83b532d1:19: quorumPublicKey = a009f08a63daa6d0403f4fb089b0a64517f7ae44c459435abc4b5cc35d974d4ef2b92c8fb307258dd34e1caaae27eb67, membersSignature = b32bdcbd7386aea711c67345ca59c7fc9d364f1cca122e36591cd88c07943b2c78a22e11890a271a51660680a61fb7df11380f5f94bf68ed9feca779ac9a1421e114b6352024eb0949e0eeb1b92b29478cd9822de70281b6887b647d9f980684
16:55:16 [process-qrinfo] SimplifiedQuorumList - valid quorum commitment: 00000065310dc6c348e62016a7fc24d1b80ba0841b63fd2842811909bc333860:20: quorumPublicKey = 872d1e88693e6090ab1e6d402b81d48ecc9ff5dd5b6eb86157535bf677523ed8e6eb462f0d51a20a7aebcb7d271ee411, membersSignature = b6e6c1e73779dee20c3457ea931fb79bba753ab4b4e64a6e91333bfb5dd70760a6fedbc02f318ee9efc308c99b00fda20b9f279a3ac6a63f31840c4f5c57de3763c317283c79f11611ea100308219a74c9561ad49f0645077aea316510b08efb
16:55:16 [PeerGroup Thread] PeerGroup$ChainDownloadSpeedCalculator - 8000 blocks/sec, 0 tx/sec, 0 pre-filtered tx/sec, 0 headers/sec, 5 mnlistdiff/sec, avg/last 136.26/1005.97 kilobytes per sec, chain/common height 1413440/1556859 (warming up 8 more seconds)
16:55:16 [process-qrinfo] SimplifiedQuorumList - valid quorum commitment: 0000002a8464c08f59275532074feba38ccf1553153646f1aa9094e39d54e0a3:21: quorumPublicKey = 8baa88f451a1bf56f06b0b119c651e7b662fa73b46d606d5eae9851ae6ed50f88361004f5b1fe71d890f4d9398e4d5c2, membersSignature = 9851cc670edeb6c5fc57d52b5c3ac9a9f6155b73f5b7a3d67912c743cf9d8f5d270a9548bed18ae6ce6694f48d3987a90a3cbe2845f3957b8938135eff8e4d8b686bbe08376455ce328f2ee00e9df9cec22ba1497595ac34f87d8b72facbc777
16:55:16 [process-qrinfo] SimplifiedQuorumList - valid quorum commitment: 0000003c000f298bbc8a529e645649c61b95ee7cc31da0d0b7d11d852843e848:22: quorumPublicKey = ac2c217e16c640f46cd58b97f2d514d9c2e800ecca3d5241c0d1d63f15885cb9688f4be407b32561f541acc192c3f404, membersSignature = 868ac7b225e119a0e72c76a0d697f248ddc99235dc263c0df98ec4eaec6890ce8c59a848b81d9505c34ce9d767c06b250c811bd61f25e7225ab8dba5a692d6c04168e26388181af8f5f2973fe702616ae1b5d53737c48b7d87b1d4b3579e8970
16:55:16 [process-qrinfo] SimplifiedQuorumList - valid quorum commitment: 00000014085a340c71b7b395ad8427ea8ec9f701a1db22100b6f3df3c38cd13e:23: quorumPublicKey = abf6533e3e6f160f58cba56a7b1bc0d7f5e15a46a0c03a43fa428e17f0bcc746b6c293ae34df7095d1a3ddc7112338ee, membersSignature = 8a7d35bfb0cf0e163617d901d94bdaa57c36667c89b6a9d691de8b3db888eabb0e8e1201b4a929d33d7e85a3f4c56147144b7027ddf09ff61056315981d4d9f4194ee612850a926850f49274cdfeae4b031b20f1d86e1d910cef28ca3106b6ae
16:55:16 [NioClientManager] Headers2Message - Parsing headers2 message: numHeaders=8000, payloadLength=344041
16:55:16 [process-qrinfo] SimplifiedQuorumList - valid quorum commitment: 00000029581790ff23a95246ff82acc7286a7fca7e342f8e66b523f0300b6bf1:24: quorumPublicKey = 92a8f684b6b04b9825f0c962b0177857ce6f705008b6d97acdb5408fe28c1229362ee99f8f27d63a331833a8d90c38c6, membersSignature = 99a165052f44f359ab6f798944f0cb91b9084eddff3934dd9d956c5d7406e26b4b802677bcb0788e90fc721f37e36aa6157e2fe58d5a9655008bbe004b7a9090c4bed419bef42c8bd4f50ffc45f604a94df6b9ee41d7f4fbf911d6d5644c9397
16:55:16 [process-qrinfo] SimplifiedQuorumList - valid quorum commitment: 0000000b5b15cfa5267f33acb427b6ed92962448ab54c1e368150f0b9ff8839b:25: quorumPublicKey = a28e00136c09945c22edcda8d9175377b73e4ef1a3b27d984d0e7818ab0428b0320c5ce11977b9cfee0bcd8c7eb0fc07, membersSignature = a8773e2c65487272b1b527eaf42468e1c7002ab684fafc522ec8a9efd7561a5dc22cabcfb1483fea88eb019cf0d57bdd02893492cb42fb75a8dadb73b77a9749bbb300075db73dee7004435c1be646ac7afa895bf6d8927fd72bc8fe8f64e630
16:55:16 [process-qrinfo] SimplifiedQuorumList - valid quorum commitment: 0000001be841f6379419d03e200286ce5943ffb5ade908b22fb7d6b0de586fae:26: quorumPublicKey = 8a5533a66d6205552b2e03fdb1c22e2a407a1000e7d5b1ab8574dcb0ecfbeaaf44c0bcdb98606687ab2444c02895215b, membersSignature = 8955387709160c1a3c9372b5553036b68a2410506ffc00cce630a2c33c6f2407d134cc22fbed9cb0c79fd2c1308b53000f7e19201b623c900d49608fceca0a88fb226e490af83d1810ccd4c757de43eb3a04b3015079311b3d4e8c8561e18f3c
16:55:16 [NioClientManager] DownloadProgressTracker - Chain download 43% done with 142333 blocks to go, block date 2026-02-04T05:11:19Z
16:55:16 [NioClientManager] BlockchainServiceImpl - progress 43
16:55:16 [dashj user thread] DownloadProgressTracker - Chain download 43% done with 142333 blocks to go, block date 2026-02-04T05:11:19Z
16:55:16 [process-qrinfo] SimplifiedQuorumList - valid quorum commitment: 00000021a2614052d9d9d0b5eae3dbf4fbfec57d184c305ecf55a31b5d93e3d0:27: quorumPublicKey = 8b2fe67182d249d3f05e5602c57f0bc8a0a799c8dbfbe60f2037762984c239b2cb7d446b8e3d65df3fe53eb053cb86e1, membersSignature = 9325f749e43c456c86ac2410ebf32664e81df5ded4c1f3012a8c4a0091025f8df48c84dde19e6a3a2331e6a1150d674416d0f34cf3bb65cfb06ee73c4e79686d19054b5538d93c4394e718abec3aa08382d13fde1acc3ab04862bd7a536409e1
16:55:16 [DefaultDispatcher-worker-6] MainViewModel - blockchain state update: mnlist=1556851; chain=1415884
16:55:16 [dashj user thread] DownloadProgressTracker - Chain download 44% done with 140819 blocks to go, block date 2026-02-06T16:08:19Z
16:55:16 [NioClientManager] DownloadProgressTracker - Chain download 44% done with 140819 blocks to go, block date 2026-02-06T16:08:19Z
16:55:16 [NioClientManager] BlockchainServiceImpl - progress 44
16:55:16 [process-qrinfo] SimplifiedQuorumList - valid quorum commitment: 0000002f4f13dd90f0a06121b33fd54233a829de761abdd16ba90b164ee298ec:28: quorumPublicKey = b8e7b72a7d806df730fe7cb0d0feb2ed84980d9def2241e034bd775924618c8fedbda9e059f51585f4e74d150c37e741, membersSignature = 97bdfb2828652c709300a191229d137e879d5a3bff059650f0ce6c5ecd19fe11a9edc260570fd23b92f4f21048edf3110050a6860bd43b62aa2e9332bfc99c1395cffe448d713c7cb5ac12e308a83c3171271135c2e349a02804deb3e8886cc5
16:55:16 [NioClientManager] DownloadProgressTracker - Chain download 44% done with 139305 blocks to go, block date 2026-02-09T03:07:08Z
16:55:16 [NioClientManager] BlockchainServiceImpl - progress 44
16:55:16 [dashj user thread] DownloadProgressTracker - Chain download 44% done with 139305 blocks to go, block date 2026-02-09T03:07:08Z
16:55:16 [process-qrinfo] SimplifiedQuorumList - valid quorum commitment: 000000b20584b49483ef887e5d836c08eeb6a74c76d06ad11606df481659a821:29: quorumPublicKey = 818b3240f72cf7a5de6942b0f0be692eb68c20bdc846abf90ae74ad5e9e070b635840244fb3883b465d3dedd322def63, membersSignature = b69b4cc8884fe3d86ea0e6a4d9fe865629733b8931c622286e0c3cda46455ff4065584c04d1f2d89c4e22b80c4d719a5003ae13abf78bd931071befbb8f35d4f64b3509a663b6ac518689dd559cb4b877a95c19ca4e58a7821827be2a49e014f
16:55:16 [NioClientManager] DownloadProgressTracker - Chain download 45% done with 137791 blocks to go, block date 2026-02-11T14:34:33Z
16:55:16 [NioClientManager] BlockchainServiceImpl - progress 45
16:55:16 [NioClientManager] Threading$UserThread - User thread has 10000 pending tasks, memory exhaustion may occur.
If you see this message, check your memory consumption and see if it's problematic or excessively spikey.
If it is, check for deadlocked or slow event handlers. If it isn't, try adjusting the constant 
Threading.UserThread.WARNING_THRESHOLD upwards until it's a suitable level for your app, or Integer.MAX_VALUE to disable.
16:55:16 [NioClientManager] Threading$UserThread - User thread has 10000 pending tasks, memory exhaustion may occur.
If you see this message, check your memory consumption and see if it's problematic or excessively spikey.
If it is, check for deadlocked or slow event handlers. If it isn't, try adjusting the constant 
Threading.UserThread.WARNING_THRESHOLD upwards until it's a suitable level for your app, or Integer.MAX_VALUE to disable.
16:55:16 [NioClientManager] Threading$UserThread - User thread has 10000 pending tasks, memory exhaustion may occur.
If you see this message, check your memory consumption and see if it's problematic or excessively spikey.
If it is, check for deadlocked or slow event handlers. If it isn't, try adjusting the constant 
Threading.UserThread.WARNING_THRESHOLD upwards until it's a suitable level for your app, or Integer.MAX_VALUE to disable.
16:55:16 [NioClientManager] Threading$UserThread - User thread has 10000 pending tasks, memory exhaustion may occur.
If you see this message, check your memory consumption and see if it's problematic or excessively spikey.
If it is, check for deadlocked or slow event handlers. If it isn't, try adjusting the constant 
Threading.UserThread.WARNING_THRESHOLD upwards until it's a suitable level for your app, or Integer.MAX_VALUE to disable.
16:55:16 [NioClientManager] Threading$UserThread - User thread has 10000 pending tasks, memory exhaustion may occur.
If you see this message, check your memory consumption and see if it's problematic or excessively spikey.
If it is, check for deadlocked or slow event handlers. If it isn't, try adjusting the constant 
Threading.UserThread.WARNING_THRESHOLD upwards until it's a suitable level for your app, or Integer.MAX_VALUE to disable.
16:55:16 [NioClientManager] Threading$UserThread - User thread has 10000 pending tasks, memory exhaustion may occur.
If you see this message, check your memory consumption and see if it's problematic or excessively spikey.
If it is, check for deadlocked or slow event handlers. If it isn't, try adjusting the constant 
Threading.UserThread.WARNING_THRESHOLD upwards until it's a suitable level for your app, or Integer.MAX_VALUE to disable.
16:55:16 [process-qrinfo] SimplifiedQuorumList - valid quorum commitment: 0000003ae37839ae3d5d543718339604d47d22fe71b8e5916313cac24d6ed543:30: quorumPublicKey = 96e1049c4ccb26696957cb55b1268ee418d88de58f579d5ff122d226d52ff78507da93b930679210f01a9dabba1c6a5a, membersSignature = 848070f00b54ae821c24891b0624bd88ed16fe65bc1f8167aba7a17a9e381587a59a4fe542d120927aaf3fc83f6bc2470ba10fe00c3859741ba91af79f89cb3d35e0c9583815b528db28749b54eb3855b471ae1935b7a1c674b969c7989ce926
16:55:16 [dashj user thread] DownloadProgressTracker - Chain download 45% done with 137791 blocks to go, block date 2026-02-11T14:34:33Z
16:55:16 [NioClientManager] DownloadProgressTracker - Chain download 46% done with 136277 blocks to go, block date 2026-02-14T01:48:53Z
16:55:16 [NioClientManager] BlockchainServiceImpl - progress 46
16:55:16 [process-qrinfo] SimplifiedQuorumList - valid quorum commitment: 000000b1e79102e4b9126f28fa543771c0a9aa94494f68eb69a36e24e5942ce3:31: quorumPublicKey = 8adb53eab8fad91ff04f7373cf6244bbc5d927b0771c218a98dfd08d162c7bf6ef7b6cbb70c211e4d1ae3cf740d7db61, membersSignature = 811ecf3a56454b7e0d40f86253a852ec7f21c1e542fb4bd0cc5e17fe2c5c4115abc19b0967805c4e49eead6551c459ab03b9945dd79ff6df5e95ab31275e289746326bac776c19984e2eb2b5aa46f91501c8c0ad930d7c33573d702e1834c0c9
16:55:16 [process-qrinfo] SimplifiedQuorumList - verified 32 of 32 quorums
16:55:16 [process-qrinfo] QuorumRotationState - activeQuorumLists: 2
16:55:16 [process-qrinfo] QuorumRotationState - processing qrinfo: Total: 935.5 ms mnlistdiff: Simplified MNList Diff{ adding 0 and removing 0 masternodes while adding 0 and removing 0 quorums }
  00000080bc20dca51cc9bb86b589d6951c2db5a6437689a3107367af35ce6abb -> 0000002fe794d4b5d667f1a93ccfb80a1e857714fde0b087ad5ffd3570dc0a4a
16:55:16 [process-qrinfo] QuorumRotationState - QuorumRotationState{
 -----------Masternode Lists ------------
  Tip: Simplified MN List(count: 373 height: 1556632)
  H:   Simplified MN List(count: 373 height: 1556632)
  H-C: Simplified MN List(count: 373 height: 1556344)
  H-2C:Simplified MN List(count: 373 height: 1556056)
  H-3C:Simplified MN List(count: 373 height: 1555768)
  H-4C:Simplified MN List(count: 376 height: 1555480)
 -----------Quorum Lists ------------
  Tip: SimplifiedQuorumList(count: 0; -1)
  H:   SimplifiedQuorumList(count: 109; 1556632)
  H-C: SimplifiedQuorumList(count: 109; 1556344)
  H-2C:SimplifiedQuorumList(count: 109; 1556056)
  H-3C:SimplifiedQuorumList(count: 109; 1555768)
  H-4C:SimplifiedQuorumList(count: 109; 1555480)
 -----------Last Quorum Hashes ------------
0: FinalCommitment(version=4, llmqType=5, quorumHash=0000007aade493fd770411f1d4e3a4efa22ed5088d7a140e54d87bd627e150be, signers=59, validMembers=59, quorumPublicKey=a6d6e38f13f5a13f0dd1359cb978b18dac1596ed11adc528f4817bb01a8b2d67370fb7a28707651f547970efa10fde91
1: FinalCommitment(version=4, llmqType=5, quorumHash=0000005b84e578d816e2770132e30e049fdfda3434e1c58e5b281f8a69b28ddd, signers=60, validMembers=60, quorumPublicKey=97cae5fadbf96ef7ea9d89f773474b2ef9c1ddf320272ab1fa950748dd1525a741937b16fe26f68d677cef50ebf6199b
2: FinalCommitment(version=4, llmqType=5, quorumHash=0000004767308ab5b6a251e7c98fb3f58c3023100ce7e6da140f856dbb9428e2, signers=60, validMembers=60, quorumPublicKey=b0d69283cc1c0b981ea28fcb010a32f44d4a55c134df4183f15623490d0a88659b5c1c2e3dcd35a761acf0741e3f32e8
3: FinalCommitment(version=4, llmqType=5, quorumHash=0000003b27afcd8435ab7802ce293ca45479a5f7514943662ac98a7ca2539a4f, signers=59, validMembers=59, quorumPublicKey=a89a9acc25bcebfc0274376c98c52a387a7b493584ee0592250ea0dc1ebcef21ca8d132cd74448fece3597e6958f7883
4: FinalCommitment(version=4, llmqType=5, quorumHash=0000004c80f566aa4fd0776ac9cda98e9fd7e79d5f8396974b83a3455fe13bcd, signers=60, validMembers=60, quorumPublicKey=87d3d5a261969acb6191cfc54e7b9fe3840ec4fc6f1bb8eb053a37610b217c9b04000231a524ad9ed75c7b7ad1e00a30
5: FinalCommitment(version=4, llmqType=5, quorumHash=0000001342a57601966f9d790de3ce820a96e2d07bf421cc1e4b232f457daff5, signers=59, validMembers=59, quorumPublicKey=b9d2929abde14ae1a92b0c61a43eef99fc96e2142fd4f1c0c21ddb2697be7db63f0a1627aed0d6dd8e996bf4d90a8e7a
6: FinalCommitment(version=4, llmqType=5, quorumHash=000000159e508f4235703377768f429e870d95888f49c75c6bee03c8f29fc409, signers=59, validMembers=59, quorumPublicKey=81b979ddff94c615a24afbf8e895538467ab57ce2000b09ac5b6978b10b2a47cd4ff57950c21d5c89aa2664928afa107
7: FinalCommitment(version=4, llmqType=5, quorumHash=0000007d834c4b7c48a9df30acfccf144958349e3e2a47a678af7e6353c61e62, signers=60, validMembers=60, quorumPublicKey=a32fde38b288ece3e59d4f155fc999ba8df5536d16b6e05cfae8c9ac17e53287e1a3e81398965f7cb415ce0f3bb6fecd
8: FinalCommitment(version=4, llmqType=5, quorumHash=00000034f4be90b9996ab149f7afcfcab5df2c8f4c671233e4770b09dc1fb4f9, signers=60, validMembers=60, quorumPublicKey=a335070e03cf6fc6c221074fc1593a19d1c1a02be3a2e58f14cd0ed6abe4b3029e8c095d24ab08eef9c3fee058189973
9: FinalCommitment(version=4, llmqType=5, quorumHash=0000000648b01b4eccdc8070e6c83011d017205d6940d82e07b157e470ebbc01, signers=59, validMembers=59, quorumPublicKey=a77e8e2daf3053210bd72282f3de524610fbe471c75d6945947076961225b09f6b149e34d724558ee1f339f9650b9347
10: FinalCommitment(version=4, llmqType=5, quorumHash=000000421db785ee59eac9f668832a2992c437ae7de9c9f2710f0e41c1e223b9, signers=60, validMembers=60, quorumPublicKey=8ce343575a4ba395804975d18b9d32f3e68686120601b95b37f606423eb1d5a0e090746734fbbb7ec5bf605c660f946c
11: FinalCommitment(version=4, llmqType=5, quorumHash=000000650d5d7900c1e7cfb5e58d89833061f6dd41e2e3d33ce17d34aca8a403, signers=60, validMembers=60, quorumPublicKey=958453bfb938cd1258ff894750ae6e884818d340871c33b55e687386b0bf62a5d918f7a8ad9a330079dc6445359723cd
12: FinalCommitment(version=4, llmqType=5, quorumHash=000000080a9d2e412c09cc2f5d816c6877e1b11935e94d0b181b7d8b7d2d9344, signers=59, validMembers=59, quorumPublicKey=81378bd7e1019f2a19d7a7561a2113019b3b72ce2575832cde4ec214a204b0abdf8823f04f77b859ab67d5626b49e086
13: FinalCommitment(version=4, llmqType=5, quorumHash=0000007ca2798615bbee9145b46e893a329607af577154f09878c6dc9f4fff74, signers=60, validMembers=60, quorumPublicKey=85b1ada0dbae9e2a9f45146e3138e0f8115f5751fed0dd481f3d166b6977cdc874a3916a0389dda6d7920780b3f6a63d
14: FinalCommitment(version=4, llmqType=5, quorumHash=00000051a7bdc00c76efcf87fcd2563e0e854d787c82ea2ef1717931b00829f4, signers=60, validMembers=60, quorumPublicKey=88b3edc59a99d75fa05351a5db4923c6114f7f82f86ed2124dd89b5053d23cb6c82802f03066b0d3002f7bc41bb4fe65
15: FinalCommitment(version=4, llmqType=5, quorumHash=0000005ab2132beb3c0c1ab8e7f89470e20aa603ea416e9cedf37fd74153535f, signers=59, validMembers=59, quorumPublicKey=8a965b165fd0ecaa2c60f30a7a70ef9d2f05b3cc5dd67e8dc333bdd26a6dd01b318d7cf7ac4d7a092a7bf5be3f25a2ba
16: FinalCommitment(version=4, llmqType=5, quorumHash=0000006caaa36fd74ff968964f7e9106463c090e3980ca255cfb54cc10a4f318, signers=60, validMembers=60, quorumPublicKey=a3ee03da9e62d478a86b115fd6c9c709c9825b349ef3be27ded5c8d14343ac9fb818ba7138f8af17f0de75c3e95af4dd
17: FinalCommitment(version=4, llmqType=5, quorumHash=0000004ec1f31cfbe646d4dc5bbe32090e6ca29143a34a49df0be68f2f1ed4fe, signers=60, validMembers=60, quorumPublicKey=935bb57bd34e578ac4ace1c99aeb848f0cfe34dd86cae52e93656eb4b234a006673d2f197ca85abf20bd742488e055ee
18: FinalCommitment(version=4, llmqType=5, quorumHash=00000002904202755b880db13598aeaa53d2d43567dea887905b94935661c167, signers=59, validMembers=59, quorumPublicKey=a0355750cc610e7e5740f6322c1fa35a89942d1b6dd5588536edc79131bab32002d3c89dc1ef25a10422c2cf63deac38
19: FinalCommitment(version=4, llmqType=5, quorumHash=00000038a1c4edd9a31e1315bbb86f8e39882440c9ef86ba4e1c2cad83b532d1, signers=60, validMembers=60, quorumPublicKey=a009f08a63daa6d0403f4fb089b0a64517f7ae44c459435abc4b5cc35d974d4ef2b92c8fb307258dd34e1caaae27eb67
20: FinalCommitment(version=4, llmqType=5, quorumHash=00000065310dc6c348e62016a7fc24d1b80ba0841b63fd2842811909bc333860, signers=60, validMembers=60, quorumPublicKey=872d1e88693e6090ab1e6d402b81d48ecc9ff5dd5b6eb86157535bf677523ed8e6eb462f0d51a20a7aebcb7d271ee411
21: FinalCommitment(version=4, llmqType=5, quorumHash=0000002a8464c08f59275532074feba38ccf1553153646f1aa9094e39d54e0a3, signers=58, validMembers=58, quorumPublicKey=8baa88f451a1bf56f06b0b119c651e7b662fa73b46d606d5eae9851ae6ed50f88361004f5b1fe71d890f4d9398e4d5c2
22: FinalCommitment(version=4, llmqType=5, quorumHash=0000003c000f298bbc8a529e645649c61b95ee7cc31da0d0b7d11d852843e848, signers=59, validMembers=59, quorumPublicKey=ac2c217e16c640f46cd58b97f2d514d9c2e800ecca3d5241c0d1d63f15885cb9688f4be407b32561f541acc192c3f404
23: FinalCommitment(version=4, llmqType=5, quorumHash=00000014085a340c71b7b395ad8427ea8ec9f701a1db22100b6f3df3c38cd13e, signers=60, validMembers=60, quorumPublicKey=abf6533e3e6f160f58cba56a7b1bc0d7f5e15a46a0c03a43fa428e17f0bcc746b6c293ae34df7095d1a3ddc7112338ee
24: FinalCommitment(version=4, llmqType=5, quorumHash=00000029581790ff23a95246ff82acc7286a7fca7e342f8e66b523f0300b6bf1, signers=58, validMembers=58, quorumPublicKey=92a8f684b6b04b9825f0c962b0177857ce6f705008b6d97acdb5408fe28c1229362ee99f8f27d63a331833a8d90c38c6
25: FinalCommitment(version=4, llmqType=5, quorumHash=0000000b5b15cfa5267f33acb427b6ed92962448ab54c1e368150f0b9ff8839b, signers=59, validMembers=59, quorumPublicKey=a28e00136c09945c22edcda8d9175377b73e4ef1a3b27d984d0e7818ab0428b0320c5ce11977b9cfee0bcd8c7eb0fc07
26: FinalCommitment(version=4, llmqType=5, quorumHash=0000001be841f6379419d03e200286ce5943ffb5ade908b22fb7d6b0de586fae, signers=60, validMembers=60, quorumPublicKey=8a5533a66d6205552b2e03fdb1c22e2a407a1000e7d5b1ab8574dcb0ecfbeaaf44c0bcdb98606687ab2444c02895215b
27: FinalCommitment(version=4, llmqType=5, quorumHash=00000021a2614052d9d9d0b5eae3dbf4fbfec57d184c305ecf55a31b5d93e3d0, signers=58, validMembers=58, quorumPublicKey=8b2fe67182d249d3f05e5602c57f0bc8a0a799c8dbfbe60f2037762984c239b2cb7d446b8e3d65df3fe53eb053cb86e1
28: FinalCommitment(version=4, llmqType=5, quorumHash=0000002f4f13dd90f0a06121b33fd54233a829de761abdd16ba90b164ee298ec, signers=59, validMembers=59, quorumPublicKey=b8e7b72a7d806df730fe7cb0d0feb2ed84980d9def2241e034bd775924618c8fedbda9e059f51585f4e74d150c37e741
29: FinalCommitment(version=4, llmqType=5, quorumHash=000000b20584b49483ef887e5d836c08eeb6a74c76d06ad11606df481659a821, signers=58, validMembers=58, quorumPublicKey=818b3240f72cf7a5de6942b0f0be692eb68c20bdc846abf90ae74ad5e9e070b635840244fb3883b465d3dedd322def63
30: FinalCommitment(version=4, llmqType=5, quorumHash=0000003ae37839ae3d5d543718339604d47d22fe71b8e5916313cac24d6ed543, signers=59, validMembers=59, quorumPublicKey=96e1049c4ccb26696957cb55b1268ee418d88de58f579d5ff122d226d52ff78507da93b930679210f01a9dabba1c6a5a
31: FinalCommitment(version=4, llmqType=5, quorumHash=000000b1e79102e4b9126f28fa543771c0a9aa94494f68eb69a36e24e5942ce3, signers=59, validMembers=59, quorumPublicKey=8adb53eab8fad91ff04f7373cf6244bbc5d927b0771c218a98dfd08d162c7bf6ef7b6cbb70c211e4d1ae3cf740d7db61}
16:55:16 [process-qrinfo] AbstractQuorumState - download peer = Peer{[68.67.122.55]:19999, version=70240, subVer=/Dash Core:23.1.8(dcg-masternode-26)/, services=7237 (NETWORK, BLOOM, NETWORK_LIMITED, COMPACT_FILTERS, HEADERS_COMPRESSED, remaining: 1000001000000), time=2026-09-19 11:55:09, height=1556859}, but obtaining backup from peerGroup downloadPeer
16:55:16 [process-qrinfo] AbstractQuorumState - backup download peer = Peer{[68.67.122.55]:19999, version=70240, subVer=/Dash Core:23.1.8(dcg-masternode-26)/, services=7237 (NETWORK, BLOOM, NETWORK_LIMITED, COMPACT_FILTERS, HEADERS_COMPRESSED, remaining: 1000001000000), time=2026-09-19 11:55:09, height=1556859}
16:55:16 [process-qrinfo] BLSJniLibrary - Initializing BLS JNI Library
16:55:16 [dashj user thread] DownloadProgressTracker - Chain download 46% done with 136277 blocks to go, block date 2026-02-14T01:48:53Z
16:55:16 [AbstractManager autosave thread] ManagerFiles - Background saving manager
16:55:16 [AbstractManager autosave thread] FlatDB - Writing SimplifiedMasternodeListManager-5 to manager403426273342275100.tmp...
16:55:16 [NioClientManager] Headers2Message - Parsing headers2 message: numHeaders=8000, payloadLength=344037
16:55:16 [AbstractManager autosave thread] FlatDB - Written info to /data/user/0/hashengineering.darkcoin.wallet_test/app_masternode/manager403426273342275100.tmp  8ms
16:55:16 [AbstractManager autosave thread] FlatDB -   SimplifiedMNListManager:  {tip:Simplified MN List(count: 373 height: 1556632), SimplifiedQuorumList(count: 109; 1556851), SimplifiedQuorumList(count: 32; 1556632), pending blocks: 0 / 0}
16:55:16 [AbstractManager autosave thread] FlatDB - manager403426273342275100.tmp dump finished  9ms
16:55:16 [AbstractManager autosave thread] ManagerFiles - Save completed in 9.817 ms to /data/user/0/hashengineering.darkcoin.wallet_test/app_masternode/simplifiedmasternodelistmanager-testnet.dat
16:55:16 [DefaultDispatcher-worker-4] MainViewModel - blockchain state update: mnlist=1556851; chain=1421490
16:55:16 [dashj user thread] DownloadProgressTracker - Chain download 46% done with 134762 blocks to go, block date 2026-02-16T13:06:17Z
16:55:16 [NioClientManager] DownloadProgressTracker - Chain download 46% done with 134762 blocks to go, block date 2026-02-16T13:06:17Z
16:55:16 [NioClientManager] BlockchainServiceImpl - progress 46
16:55:16 [dashj user thread] DownloadProgressTracker - Chain download 47% done with 133248 blocks to go, block date 2026-02-19T00:42:20Z
16:55:16 [NioClientManager] DownloadProgressTracker - Chain download 47% done with 133248 blocks to go, block date 2026-02-19T00:42:20Z
16:55:16 [NioClientManager] BlockchainServiceImpl - progress 47
16:55:16 [NioClientManager] DownloadProgressTracker - Chain download 47% done with 131734 blocks to go, block date 2026-02-21T12:53:07Z
16:55:16 [dashj user thread] DownloadProgressTracker - Chain download 47% done with 131734 blocks to go, block date 2026-02-21T12:53:07Z
16:55:16 [NioClientManager] BlockchainServiceImpl - progress 47
16:55:16 [dashj user thread] DownloadProgressTracker - Chain download 48% done with 130220 blocks to go, block date 2026-02-23T23:23:19Z
16:55:16 [NioClientManager] DownloadProgressTracker - Chain download 48% done with 130220 blocks to go, block date 2026-02-23T23:23:19Z
16:55:16 [NioClientManager] BlockchainServiceImpl - progress 48
16:55:16 [NioClientManager] DownloadProgressTracker - Chain download 49% done with 128706 blocks to go, block date 2026-02-26T09:00:16Z
16:55:16 [dashj user thread] DownloadProgressTracker - Chain download 49% done with 128706 blocks to go, block date 2026-02-26T09:00:16Z
16:55:16 [NioClientManager] BlockchainServiceImpl - progress 49
16:55:17 [NioClientManager] Headers2Message - Parsing headers2 message: numHeaders=8000, payloadLength=344041
16:55:17 [DefaultDispatcher-worker-2] MainViewModel - blockchain state update: mnlist=1556851; chain=1429445
16:55:17 [NioClientManager] DownloadProgressTracker - Chain download 49% done with 127191 blocks to go, block date 2026-02-28T19:58:25Z
16:55:17 [NioClientManager] BlockchainServiceImpl - progress 49
16:55:17 [dashj user thread] DownloadProgressTracker - Chain download 49% done with 127191 blocks to go, block date 2026-02-28T19:58:25Z
16:55:17 [DefaultDispatcher-worker-11] BlockchainServiceImpl - network capabilities changed: 101, hasInternet: true, validated: true
16:55:17 [DefaultDispatcher-worker-11] BlockchainServiceImpl - acquiring check() mutex
16:55:17 [DefaultDispatcher-worker-11] BlockchainServiceImpl - check()
16:55:17 [DefaultDispatcher-worker-11] BlockchainServiceImpl - releasing check() mutex
16:55:17 [NioClientManager] DownloadProgressTracker - Chain download 50% done with 125677 blocks to go, block date 2026-03-03T07:11:37Z
16:55:17 [NioClientManager] BlockchainServiceImpl - progress 50
16:55:17 [dashj user thread] DownloadProgressTracker - Chain download 50% done with 125677 blocks to go, block date 2026-03-03T07:11:37Z
16:55:17 [NioClientManager] DownloadProgressTracker - Chain download 50% done with 124163 blocks to go, block date 2026-03-05T18:05:51Z
16:55:17 [NioClientManager] BlockchainServiceImpl - progress 50
16:55:17 [dashj user thread] DownloadProgressTracker - Chain download 50% done with 124163 blocks to go, block date 2026-03-05T18:05:51Z
16:55:17 [NioClientManager] DownloadProgressTracker - Chain download 51% done with 122649 blocks to go, block date 2026-03-08T06:03:59Z
16:55:17 [NioClientManager] BlockchainServiceImpl - progress 51
16:55:17 [dashj user thread] DownloadProgressTracker - Chain download 51% done with 122649 blocks to go, block date 2026-03-08T06:03:59Z
16:55:17 [NioClientManager] DownloadProgressTracker - Chain download 52% done with 121135 blocks to go, block date 2026-03-10T07:28:02Z
16:55:17 [NioClientManager] BlockchainServiceImpl - progress 52
16:55:17 [dashj user thread] DownloadProgressTracker - Chain download 52% done with 121135 blocks to go, block date 2026-03-10T07:28:02Z
16:55:17 [NioClientManager] DownloadProgressTracker - Chain download 52% done with 119621 blocks to go, block date 2026-03-12T14:53:05Z
16:55:17 [dashj user thread] DownloadProgressTracker - Chain download 52% done with 119621 blocks to go, block date 2026-03-12T14:53:05Z
16:55:17 [NioClientManager] BlockchainServiceImpl - progress 52
16:55:17 [PeerGroup Thread] PeerGroup$ChainDownloadSpeedCalculator - 24000 blocks/sec, 0 tx/sec, 0 pre-filtered tx/sec, 0 headers/sec, 0 mnlistdiff/sec, avg/last 198.74/1875.00 kilobytes per sec, chain/common height 1437440/1556859 (warming up 7 more seconds)
16:55:17 [NioClientManager] Headers2Message - Parsing headers2 message: numHeaders=8000, payloadLength=344037
16:55:17 [DefaultDispatcher-worker-11] MainViewModel - blockchain state update: mnlist=1556851; chain=1437484
16:55:17 [NioClientManager] DownloadProgressTracker - Chain download 53% done with 118106 blocks to go, block date 2026-03-14T19:11:42Z
16:55:17 [NioClientManager] BlockchainServiceImpl - progress 53
16:55:17 [dashj user thread] DownloadProgressTracker - Chain download 53% done with 118106 blocks to go, block date 2026-03-14T19:11:42Z
16:55:17 [NioClientManager] DownloadProgressTracker - Chain download 53% done with 116592 blocks to go, block date 2026-03-17T03:52:05Z
16:55:17 [dashj user thread] DownloadProgressTracker - Chain download 53% done with 116592 blocks to go, block date 2026-03-17T03:52:05Z
16:55:17 [NioClientManager] BlockchainServiceImpl - progress 53
16:55:17 [NioClientManager] DownloadProgressTracker - Chain download 54% done with 115078 blocks to go, block date 2026-03-19T04:43:46Z
16:55:17 [NioClientManager] BlockchainServiceImpl - progress 54
16:55:17 [dashj user thread] DownloadProgressTracker - Chain download 54% done with 115078 blocks to go, block date 2026-03-19T04:43:46Z
16:55:17 [NioClientManager] DownloadProgressTracker - Chain download 55% done with 113564 blocks to go, block date 2026-03-21T16:16:38Z
16:55:17 [NioClientManager] BlockchainServiceImpl - progress 55
16:55:17 [dashj user thread] DownloadProgressTracker - Chain download 55% done with 113564 blocks to go, block date 2026-03-21T16:16:38Z
16:55:17 [dashj user thread] DownloadProgressTracker - Chain download 55% done with 112050 blocks to go, block date 2026-03-24T03:36:40Z
16:55:17 [NioClientManager] DownloadProgressTracker - Chain download 55% done with 112050 blocks to go, block date 2026-03-24T03:36:40Z
16:55:17 [NioClientManager] BlockchainServiceImpl - progress 55
16:55:17 [NioClientManager] Headers2Message - Parsing headers2 message: numHeaders=8000, payloadLength=344045
16:55:17 [DefaultDispatcher-worker-6] MainViewModel - blockchain state update: mnlist=1556851; chain=1445462
16:55:17 [NioClientManager] DownloadProgressTracker - Chain download 56% done with 110535 blocks to go, block date 2026-03-26T07:46:16Z
16:55:17 [NioClientManager] BlockchainServiceImpl - progress 56
16:55:17 [dashj user thread] DownloadProgressTracker - Chain download 56% done with 110535 blocks to go, block date 2026-03-26T07:46:16Z
16:55:17 [NioClientManager] DownloadProgressTracker - Chain download 56% done with 109021 blocks to go, block date 2026-03-28T16:55:36Z
16:55:17 [dashj user thread] DownloadProgressTracker - Chain download 56% done with 109021 blocks to go, block date 2026-03-28T16:55:36Z
16:55:17 [NioClientManager] BlockchainServiceImpl - progress 56
16:55:17 [NioClientManager] DownloadProgressTracker - Chain download 57% done with 107507 blocks to go, block date 2026-03-31T04:54:31Z
16:55:17 [dashj user thread] DownloadProgressTracker - Chain download 57% done with 107507 blocks to go, block date 2026-03-31T04:54:31Z
16:55:17 [NioClientManager] BlockchainServiceImpl - progress 57
16:55:17 [NioClientManager] DownloadProgressTracker - Chain download 58% done with 105993 blocks to go, block date 2026-04-02T15:11:57Z
16:55:17 [dashj user thread] DownloadProgressTracker - Chain download 58% done with 105993 blocks to go, block date 2026-04-02T15:11:57Z
16:55:17 [NioClientManager] BlockchainServiceImpl - progress 58
16:55:17 [NioClientManager] DownloadProgressTracker - Chain download 58% done with 104479 blocks to go, block date 2026-04-05T02:09:08Z
16:55:17 [NioClientManager] BlockchainServiceImpl - progress 58
16:55:17 [dashj user thread] DownloadProgressTracker - Chain download 58% done with 104479 blocks to go, block date 2026-04-05T02:09:08Z
16:55:17 [NioClientManager] Headers2Message - Parsing headers2 message: numHeaders=8000, payloadLength=344045
16:55:17 [DefaultDispatcher-worker-3] MainViewModel - blockchain state update: mnlist=1556851; chain=1453520
16:55:17 [NioClientManager] DownloadProgressTracker - Chain download 59% done with 102964 blocks to go, block date 2026-04-07T13:54:54Z
16:55:17 [NioClientManager] BlockchainServiceImpl - progress 59
16:55:17 [dashj user thread] DownloadProgressTracker - Chain download 59% done with 102964 blocks to go, block date 2026-04-07T13:54:54Z
16:55:18 [NioClientManager] DownloadProgressTracker - Chain download 59% done with 101450 blocks to go, block date 2026-04-10T02:07:52Z
16:55:18 [NioClientManager] BlockchainServiceImpl - progress 59
16:55:18 [dashj user thread] DownloadProgressTracker - Chain download 59% done with 101450 blocks to go, block date 2026-04-10T02:07:52Z
16:55:18 [NioClientManager] DownloadProgressTracker - Chain download 60% done with 99936 blocks to go, block date 2026-04-12T13:04:05Z
16:55:18 [NioClientManager] BlockchainServiceImpl - progress 60
16:55:18 [dashj user thread] DownloadProgressTracker - Chain download 60% done with 99936 blocks to go, block date 2026-04-12T13:04:05Z
16:55:18 [NioClientManager] DownloadProgressTracker - Chain download 61% done with 98422 blocks to go, block date 2026-04-14T22:12:47Z
16:55:18 [NioClientManager] BlockchainServiceImpl - progress 61
16:55:18 [dashj user thread] DownloadProgressTracker - Chain download 61% done with 98422 blocks to go, block date 2026-04-14T22:12:47Z
16:55:18 [dashj user thread] DownloadProgressTracker - Chain download 61% done with 96908 blocks to go, block date 2026-04-17T09:12:43Z
16:55:18 [NioClientManager] DownloadProgressTracker - Chain download 61% done with 96908 blocks to go, block date 2026-04-17T09:12:43Z
16:55:18 [NioClientManager] BlockchainServiceImpl - progress 61
16:55:18 [NioClientManager] Headers2Message - Parsing headers2 message: numHeaders=8000, payloadLength=344045
16:55:18 [NioClientManager] DownloadProgressTracker - Chain download 62% done with 95393 blocks to go, block date 2026-04-19T19:26:17Z
16:55:18 [NioClientManager] BlockchainServiceImpl - progress 62
16:55:18 [dashj user thread] DownloadProgressTracker - Chain download 62% done with 95393 blocks to go, block date 2026-04-19T19:26:17Z
16:55:18 [DefaultDispatcher-worker-1] MainViewModel - blockchain state update: mnlist=1556851; chain=1461466
16:55:18 [NioClientManager] DownloadProgressTracker - Chain download 62% done with 93879 blocks to go, block date 2026-04-22T05:56:16Z
16:55:18 [NioClientManager] BlockchainServiceImpl - progress 62
16:55:18 [dashj user thread] DownloadProgressTracker - Chain download 62% done with 93879 blocks to go, block date 2026-04-22T05:56:16Z
16:55:18 [PeerGroup Thread] PeerGroup$ChainDownloadSpeedCalculator - 25910 blocks/sec, 0 tx/sec, 0 pre-filtered tx/sec, 0 headers/sec, 0 mnlistdiff/sec, avg/last 266.18/2024.22 kilobytes per sec, chain/common height 1463351/1556859 (warming up 6 more seconds)
16:55:18 [NioClientManager] DownloadProgressTracker - Chain download 63% done with 92365 blocks to go, block date 2026-04-24T17:48:44Z
16:55:18 [dashj user thread] DownloadProgressTracker - Chain download 63% done with 92365 blocks to go, block date 2026-04-24T17:48:44Z
16:55:18 [NioClientManager] BlockchainServiceImpl - progress 63
16:55:18 [NioClientManager] DownloadProgressTracker - Chain download 64% done with 90851 blocks to go, block date 2026-04-27T04:23:13Z
16:55:18 [NioClientManager] BlockchainServiceImpl - progress 64
16:55:18 [dashj user thread] DownloadProgressTracker - Chain download 64% done with 90851 blocks to go, block date 2026-04-27T04:23:13Z
16:55:18 [dashj user thread] DownloadProgressTracker - Chain download 64% done with 89337 blocks to go, block date 2026-04-29T16:35:57Z
16:55:18 [NioClientManager] DownloadProgressTracker - Chain download 64% done with 89337 blocks to go, block date 2026-04-29T16:35:57Z
16:55:18 [NioClientManager] BlockchainServiceImpl - progress 64
16:55:18 [DefaultDispatcher-worker-11] MainViewModel - blockchain state update: mnlist=1556851; chain=1468474
16:55:18 [NioClientManager] DownloadProgressTracker - Chain download 65% done with 87823 blocks to go, block date 2026-05-02T04:11:02Z
16:55:18 [dashj user thread] DownloadProgressTracker - Chain download 65% done with 87823 blocks to go, block date 2026-05-02T04:11:02Z
16:55:18 [NioClientManager] BlockchainServiceImpl - progress 65
16:55:18 [NioClientManager] Headers2Message - Parsing headers2 message: numHeaders=8000, payloadLength=344045
16:55:18 [DefaultDispatcher-worker-2] MainViewModel - blockchain state update: mnlist=1556851; chain=1469696
16:55:18 [main] WalletTransactionsFragment - STARTUP submitData called on thread=main at 1789836918909
16:55:18 [dashj user thread] DownloadProgressTracker - Chain download 65% done with 86308 blocks to go, block date 2026-05-04T16:08:20Z
16:55:18 [NioClientManager] DownloadProgressTracker - Chain download 65% done with 86308 blocks to go, block date 2026-05-04T16:08:20Z
16:55:18 [NioClientManager] BlockchainServiceImpl - progress 65
16:55:19 [NioClientManager] DownloadProgressTracker - Chain download 66% done with 84794 blocks to go, block date 2026-05-07T02:22:24Z
16:55:19 [NioClientManager] BlockchainServiceImpl - progress 66
16:55:19 [dashj user thread] DownloadProgressTracker - Chain download 66% done with 84794 blocks to go, block date 2026-05-07T02:22:24Z
16:55:19 [DefaultDispatcher-worker-4] MainViewModel - blockchain state update: mnlist=1556851; chain=1472577
16:55:19 [NioClientManager] DownloadProgressTracker - Chain download 67% done with 83280 blocks to go, block date 2026-05-09T14:05:23Z
16:55:19 [NioClientManager] BlockchainServiceImpl - progress 67
16:55:19 [dashj user thread] DownloadProgressTracker - Chain download 67% done with 83280 blocks to go, block date 2026-05-09T14:05:23Z
16:55:19 [NioClientManager] DownloadProgressTracker - Chain download 67% done with 81766 blocks to go, block date 2026-05-12T00:41:14Z
16:55:19 [NioClientManager] BlockchainServiceImpl - progress 67
16:55:19 [dashj user thread] DownloadProgressTracker - Chain download 67% done with 81766 blocks to go, block date 2026-05-12T00:41:14Z
16:55:19 [NioClientManager] DownloadProgressTracker - Chain download 68% done with 80252 blocks to go, block date 2026-05-14T11:21:54Z
16:55:19 [NioClientManager] BlockchainServiceImpl - progress 68
16:55:19 [dashj user thread] DownloadProgressTracker - Chain download 68% done with 80252 blocks to go, block date 2026-05-14T11:21:54Z
16:55:19 [NioClientManager] Headers2Message - Parsing headers2 message: numHeaders=8000, payloadLength=344037
16:55:19 [PeerGroup Thread] PeerGroup$ChainDownloadSpeedCalculator - 14112 blocks/sec, 0 tx/sec, 0 pre-filtered tx/sec, 0 headers/sec, 0 mnlistdiff/sec, avg/last 302.91/1102.50 kilobytes per sec, chain/common height 1477463/1556859 (warming up 5 more seconds)
16:55:19 [DefaultDispatcher-worker-10] MainViewModel - blockchain state update: mnlist=1556851; chain=1477459
16:55:19 [NioClientManager] DownloadProgressTracker - Chain download 68% done with 78737 blocks to go, block date 2026-05-16T22:44:28Z
16:55:19 [dashj user thread] DownloadProgressTracker - Chain download 68% done with 78737 blocks to go, block date 2026-05-16T22:44:28Z
16:55:19 [NioClientManager] BlockchainServiceImpl - progress 68
16:55:19 [dashj user thread] DownloadProgressTracker - Chain download 69% done with 77223 blocks to go, block date 2026-05-19T11:06:12Z
16:55:19 [NioClientManager] DownloadProgressTracker - Chain download 69% done with 77223 blocks to go, block date 2026-05-19T11:06:12Z
16:55:19 [NioClientManager] BlockchainServiceImpl - progress 69
16:55:19 [NioClientManager] DownloadProgressTracker - Chain download 70% done with 75709 blocks to go, block date 2026-05-21T22:07:11Z
16:55:19 [dashj user thread] DownloadProgressTracker - Chain download 70% done with 75709 blocks to go, block date 2026-05-21T22:07:11Z
16:55:19 [NioClientManager] BlockchainServiceImpl - progress 70
16:55:19 [NioClientManager] DownloadProgressTracker - Chain download 70% done with 74195 blocks to go, block date 2026-05-24T10:03:41Z
16:55:19 [dashj user thread] DownloadProgressTracker - Chain download 70% done with 74195 blocks to go, block date 2026-05-24T10:03:41Z
16:55:19 [NioClientManager] BlockchainServiceImpl - progress 70
16:55:19 [NioClientManager] DownloadProgressTracker - Chain download 71% done with 72681 blocks to go, block date 2026-05-26T19:51:37Z
16:55:19 [NioClientManager] BlockchainServiceImpl - progress 71
16:55:19 [dashj user thread] DownloadProgressTracker - Chain download 71% done with 72681 blocks to go, block date 2026-05-26T19:51:37Z
16:55:19 [NioClientManager] Headers2Message - Parsing headers2 message: numHeaders=8000, payloadLength=344045
16:55:19 [DefaultDispatcher-worker-8] MainViewModel - blockchain state update: mnlist=1556851; chain=1485455
16:55:19 [NioClientManager] DownloadProgressTracker - Chain download 71% done with 71166 blocks to go, block date 2026-05-29T06:22:11Z
16:55:19 [dashj user thread] DownloadProgressTracker - Chain download 71% done with 71166 blocks to go, block date 2026-05-29T06:22:11Z
16:55:19 [NioClientManager] BlockchainServiceImpl - progress 71
16:55:19 [NioClientManager] DownloadProgressTracker - Chain download 72% done with 69652 blocks to go, block date 2026-05-31T17:13:17Z
16:55:19 [NioClientManager] BlockchainServiceImpl - progress 72
16:55:19 [dashj user thread] DownloadProgressTracker - Chain download 72% done with 69652 blocks to go, block date 2026-05-31T17:13:17Z
16:55:19 [NioClientManager] DownloadProgressTracker - Chain download 73% done with 68138 blocks to go, block date 2026-06-03T04:49:01Z
16:55:19 [dashj user thread] DownloadProgressTracker - Chain download 73% done with 68138 blocks to go, block date 2026-06-03T04:49:01Z
16:55:19 [NioClientManager] BlockchainServiceImpl - progress 73
16:55:19 [NioClientManager] DownloadProgressTracker - Chain download 73% done with 66624 blocks to go, block date 2026-06-05T09:51:21Z
16:55:19 [NioClientManager] BlockchainServiceImpl - progress 73
16:55:19 [dashj user thread] DownloadProgressTracker - Chain download 73% done with 66624 blocks to go, block date 2026-06-05T09:51:21Z
16:55:19 [NioClientManager] DownloadProgressTracker - Chain download 74% done with 65110 blocks to go, block date 2026-06-07T21:28:49Z
16:55:19 [dashj user thread] DownloadProgressTracker - Chain download 74% done with 65110 blocks to go, block date 2026-06-07T21:28:49Z
16:55:19 [NioClientManager] BlockchainServiceImpl - progress 74
16:55:19 [NioClientManager] DownloadProgressTracker - Chain download 74% done with 63595 blocks to go, block date 2026-06-10T07:17:56Z
16:55:19 [NioClientManager] BlockchainServiceImpl - progress 74
16:55:19 [dashj user thread] DownloadProgressTracker - Chain download 74% done with 63595 blocks to go, block date 2026-06-10T07:17:56Z
16:55:19 [NioClientManager] Headers2Message - Parsing headers2 message: numHeaders=8000, payloadLength=344045
16:55:19 [DefaultDispatcher-worker-4] MainViewModel - blockchain state update: mnlist=1556851; chain=1493461
16:55:19 [NioClientManager] DownloadProgressTracker - Chain download 75% done with 62081 blocks to go, block date 2026-06-12T18:49:56Z
16:55:19 [NioClientManager] BlockchainServiceImpl - progress 75
16:55:19 [dashj user thread] DownloadProgressTracker - Chain download 75% done with 62081 blocks to go, block date 2026-06-12T18:49:56Z
16:55:20 [NioClientManager] DownloadProgressTracker - Chain download 76% done with 60567 blocks to go, block date 2026-06-15T05:36:53Z
16:55:20 [dashj user thread] DownloadProgressTracker - Chain download 76% done with 60567 blocks to go, block date 2026-06-15T05:36:53Z
16:55:20 [NioClientManager] BlockchainServiceImpl - progress 76
16:55:20 [NioClientManager] DownloadProgressTracker - Chain download 76% done with 59053 blocks to go, block date 2026-06-17T17:12:20Z
16:55:20 [NioClientManager] BlockchainServiceImpl - progress 76
16:55:20 [dashj user thread] DownloadProgressTracker - Chain download 76% done with 59053 blocks to go, block date 2026-06-17T17:12:20Z
16:55:20 [NioClientManager] DownloadProgressTracker - Chain download 77% done with 57539 blocks to go, block date 2026-06-20T05:33:18Z
16:55:20 [NioClientManager] BlockchainServiceImpl - progress 77
16:55:20 [dashj user thread] DownloadProgressTracker - Chain download 77% done with 57539 blocks to go, block date 2026-06-20T05:33:18Z
16:55:20 [NioClientManager] DownloadProgressTracker - Chain download 77% done with 56025 blocks to go, block date 2026-06-22T11:27:51Z
16:55:20 [NioClientManager] BlockchainServiceImpl - progress 77
16:55:20 [dashj user thread] DownloadProgressTracker - Chain download 77% done with 56025 blocks to go, block date 2026-06-22T11:27:51Z
16:55:20 [NioClientManager] Headers2Message - Parsing headers2 message: numHeaders=8000, payloadLength=344029
16:55:20 [DefaultDispatcher-worker-10] MainViewModel - blockchain state update: mnlist=1556851; chain=1501483
16:55:20 [PeerGroup Thread] PeerGroup$ChainDownloadSpeedCalculator - 24546 blocks/sec, 0 tx/sec, 0 pre-filtered tx/sec, 0 headers/sec, 0 mnlistdiff/sec, avg/last 366.80/1917.66 kilobytes per sec, chain/common height 1502008/1556859 (warming up 4 more seconds)
16:55:20 [NioClientManager] DownloadProgressTracker - Chain download 78% done with 54510 blocks to go, block date 2026-06-24T21:53:08Z
16:55:20 [dashj user thread] DownloadProgressTracker - Chain download 78% done with 54510 blocks to go, block date 2026-06-24T21:53:08Z
16:55:20 [NioClientManager] BlockchainServiceImpl - progress 78
16:55:20 [dashj user thread] DownloadProgressTracker - Chain download 79% done with 52996 blocks to go, block date 2026-06-27T08:53:08Z
16:55:20 [NioClientManager] DownloadProgressTracker - Chain download 79% done with 52996 blocks to go, block date 2026-06-27T08:53:08Z
16:55:20 [NioClientManager] BlockchainServiceImpl - progress 79
16:55:20 [NioClientManager] DownloadProgressTracker - Chain download 79% done with 51482 blocks to go, block date 2026-06-29T19:26:32Z
16:55:20 [NioClientManager] BlockchainServiceImpl - progress 79
16:55:20 [dashj user thread] DownloadProgressTracker - Chain download 79% done with 51482 blocks to go, block date 2026-06-29T19:26:32Z
16:55:20 [NioClientManager] DownloadProgressTracker - Chain download 80% done with 49968 blocks to go, block date 2026-07-02T06:50:34Z
16:55:20 [NioClientManager] BlockchainServiceImpl - progress 80
16:55:20 [dashj user thread] DownloadProgressTracker - Chain download 80% done with 49968 blocks to go, block date 2026-07-02T06:50:34Z
16:55:20 [NioClientManager] DownloadProgressTracker - Chain download 80% done with 48454 blocks to go, block date 2026-07-04T17:33:55Z
16:55:20 [NioClientManager] BlockchainServiceImpl - progress 80
16:55:20 [dashj user thread] DownloadProgressTracker - Chain download 80% done with 48454 blocks to go, block date 2026-07-04T17:33:55Z
16:55:20 [NioClientManager] Headers2Message - Parsing headers2 message: numHeaders=8000, payloadLength=344045
16:55:20 [DefaultDispatcher-worker-4] MainViewModel - blockchain state update: mnlist=1556851; chain=1509467
16:55:20 [NioClientManager] DownloadProgressTracker - Chain download 81% done with 46939 blocks to go, block date 2026-07-07T03:15:44Z
16:55:20 [NioClientManager] BlockchainServiceImpl - progress 81
16:55:20 [dashj user thread] DownloadProgressTracker - Chain download 81% done with 46939 blocks to go, block date 2026-07-07T03:15:44Z
16:55:20 [NioClientManager] DownloadProgressTracker - Chain download 82% done with 45425 blocks to go, block date 2026-07-09T13:42:36Z
16:55:20 [NioClientManager] BlockchainServiceImpl - progress 82
16:55:20 [dashj user thread] DownloadProgressTracker - Chain download 82% done with 45425 blocks to go, block date 2026-07-09T13:42:36Z
16:55:20 [NioClientManager] DownloadProgressTracker - Chain download 82% done with 43911 blocks to go, block date 2026-07-11T23:15:09Z
16:55:20 [NioClientManager] BlockchainServiceImpl - progress 82
16:55:20 [dashj user thread] DownloadProgressTracker - Chain download 82% done with 43911 blocks to go, block date 2026-07-11T23:15:09Z
16:55:20 [dashj user thread] DownloadProgressTracker - Chain download 83% done with 42397 blocks to go, block date 2026-07-14T11:43:48Z
16:55:20 [NioClientManager] DownloadProgressTracker - Chain download 83% done with 42397 blocks to go, block date 2026-07-14T11:43:48Z
16:55:20 [NioClientManager] BlockchainServiceImpl - progress 83
16:55:20 [NioClientManager] DownloadProgressTracker - Chain download 83% done with 40883 blocks to go, block date 2026-07-16T22:33:28Z
16:55:20 [NioClientManager] BlockchainServiceImpl - progress 83
16:55:20 [dashj user thread] DownloadProgressTracker - Chain download 83% done with 40883 blocks to go, block date 2026-07-16T22:33:28Z
16:55:20 [DefaultDispatcher-worker-12] MainViewModel - blockchain state update: mnlist=1556851; chain=1517440
16:55:20 [Wallet autosave thread] WalletFiles - Background saving wallet; last seen block is height 1517440, date 2026-07-19T06:55:15Z, hash 00000062db293f901a47ac95763b4f65671d3b53ff34db1fb8e79d567c940e77
16:55:20 [NioClientManager] Headers2Message - Parsing headers2 message: numHeaders=8000, payloadLength=344041
16:55:21 [Wallet autosave thread] CoinJoinExtension - CoinJoinExtension serialization: 19ms total (keys:8ms[1074], cache:0ms[0], salt:0ms, io:11ms, size:112039bytes, buffer:64KB)
16:55:21 [Wallet autosave thread] WalletProtobufSerializer - walletToProto (serial=12) timing: 36ms total, init=0ms, tx=0ms[2], keys=6ms, scripts=0ms[0], metadata=0ms, ext=28ms, friendRecv=0ms, friendSend=0ms, build=0ms
16:55:21 [Wallet autosave thread] WalletProtobufSerializer - writeWallet timing: 37ms total (35ms/94% serialization, 2ms/5% I/O) buffer=8KB
16:55:21 [Wallet autosave thread] WalletFiles - Save completed in 40.18 ms (177808 bytes); /data/user/0/hashengineering.darkcoin.wallet_test/files/wallet-protobuf-testnet
16:55:21 [NioClientManager] DownloadProgressTracker - Chain download 84% done with 39368 blocks to go, block date 2026-07-19T08:35:40Z
16:55:21 [NioClientManager] BlockchainServiceImpl - progress 84
16:55:21 [dashj user thread] DownloadProgressTracker - Chain download 84% done with 39368 blocks to go, block date 2026-07-19T08:35:40Z
16:55:21 [NioClientManager] DownloadProgressTracker - Chain download 85% done with 37854 blocks to go, block date 2026-07-21T17:34:07Z
16:55:21 [NioClientManager] BlockchainServiceImpl - progress 85
16:55:21 [dashj user thread] DownloadProgressTracker - Chain download 85% done with 37854 blocks to go, block date 2026-07-21T17:34:07Z
16:55:21 [NioClientManager] DownloadProgressTracker - Chain download 85% done with 36340 blocks to go, block date 2026-07-24T03:48:28Z
16:55:21 [NioClientManager] BlockchainServiceImpl - progress 85
16:55:21 [dashj user thread] DownloadProgressTracker - Chain download 85% done with 36340 blocks to go, block date 2026-07-24T03:48:28Z
16:55:21 [NioClientManager] DownloadProgressTracker - Chain download 86% done with 34826 blocks to go, block date 2026-07-26T14:59:38Z
16:55:21 [NioClientManager] BlockchainServiceImpl - progress 86
16:55:21 [dashj user thread] DownloadProgressTracker - Chain download 86% done with 34826 blocks to go, block date 2026-07-26T14:59:38Z
16:55:21 [DefaultDispatcher-worker-6] MainViewModel - blockchain state update: mnlist=1556851; chain=1522183
16:55:21 [dashj user thread] DownloadProgressTracker - Chain download 86% done with 33312 blocks to go, block date 2026-07-29T02:34:21Z
16:55:21 [NioClientManager] DownloadProgressTracker - Chain download 86% done with 33312 blocks to go, block date 2026-07-29T02:34:21Z
16:55:21 [NioClientManager] BlockchainServiceImpl - progress 86
16:55:21 [NioClientManager] DownloadProgressTracker - Chain download 87% done with 31797 blocks to go, block date 2026-07-31T12:21:53Z
16:55:21 [NioClientManager] BlockchainServiceImpl - progress 87
16:55:21 [dashj user thread] DownloadProgressTracker - Chain download 87% done with 31797 blocks to go, block date 2026-07-31T12:21:53Z
16:55:21 [PeerGroup Thread] PeerGroup$ChainDownloadSpeedCalculator - 23432 blocks/sec, 0 tx/sec, 0 pre-filtered tx/sec, 0 headers/sec, 0 mnlistdiff/sec, avg/last 427.80/1830.63 kilobytes per sec, chain/common height 1525440/1556859 (warming up 3 more seconds)
16:55:21 [NioClientManager] Headers2Message - Parsing headers2 message: numHeaders=8000, payloadLength=344037
16:55:21 [DefaultDispatcher-worker-6] MainViewModel - blockchain state update: mnlist=1556851; chain=1526464
16:55:21 [NioClientManager] DownloadProgressTracker - Chain download 88% done with 30283 blocks to go, block date 2026-08-02T22:08:17Z
16:55:21 [NioClientManager] BlockchainServiceImpl - progress 88
16:55:21 [dashj user thread] DownloadProgressTracker - Chain download 88% done with 30283 blocks to go, block date 2026-08-02T22:08:17Z
16:55:21 [NioClientManager] DownloadProgressTracker - Chain download 88% done with 28769 blocks to go, block date 2026-08-05T06:52:34Z
16:55:21 [dashj user thread] DownloadProgressTracker - Chain download 88% done with 28769 blocks to go, block date 2026-08-05T06:52:34Z
16:55:21 [NioClientManager] BlockchainServiceImpl - progress 88
16:55:21 [NioClientManager] DownloadProgressTracker - Chain download 89% done with 27255 blocks to go, block date 2026-08-07T11:40:49Z
16:55:21 [NioClientManager] BlockchainServiceImpl - progress 89
16:55:21 [dashj user thread] DownloadProgressTracker - Chain download 89% done with 27255 blocks to go, block date 2026-08-07T11:40:49Z
16:55:21 [NioClientManager] DownloadProgressTracker - Chain download 89% done with 25741 blocks to go, block date 2026-08-09T21:13:11Z
16:55:21 [NioClientManager] BlockchainServiceImpl - progress 89
16:55:21 [dashj user thread] DownloadProgressTracker - Chain download 89% done with 25741 blocks to go, block date 2026-08-09T21:13:11Z
16:55:21 [NioClientManager] DownloadProgressTracker - Chain download 90% done with 24227 blocks to go, block date 2026-08-12T07:03:26Z
16:55:21 [NioClientManager] BlockchainServiceImpl - progress 90
16:55:21 [dashj user thread] DownloadProgressTracker - Chain download 90% done with 24227 blocks to go, block date 2026-08-12T07:03:26Z
16:55:21 [NioClientManager] Headers2Message - Parsing headers2 message: numHeaders=8000, payloadLength=344041
16:55:21 [DefaultDispatcher-worker-4] MainViewModel - blockchain state update: mnlist=1556851; chain=1533513
16:55:21 [NioClientManager] DownloadProgressTracker - Chain download 91% done with 22712 blocks to go, block date 2026-08-14T17:21:04Z
16:55:21 [NioClientManager] BlockchainServiceImpl - progress 91
16:55:21 [dashj user thread] DownloadProgressTracker - Chain download 91% done with 22712 blocks to go, block date 2026-08-14T17:21:04Z
16:55:21 [dashj user thread] DownloadProgressTracker - Chain download 91% done with 21198 blocks to go, block date 2026-08-17T02:04:21Z
16:55:21 [NioClientManager] DownloadProgressTracker - Chain download 91% done with 21198 blocks to go, block date 2026-08-17T02:04:21Z
16:55:21 [NioClientManager] BlockchainServiceImpl - progress 91
16:55:21 [NioClientManager] DownloadProgressTracker - Chain download 92% done with 19684 blocks to go, block date 2026-08-19T12:08:46Z
16:55:21 [NioClientManager] BlockchainServiceImpl - progress 92
16:55:21 [dashj user thread] DownloadProgressTracker - Chain download 92% done with 19684 blocks to go, block date 2026-08-19T12:08:46Z
16:55:21 [NioClientManager] DownloadProgressTracker - Chain download 92% done with 18170 blocks to go, block date 2026-08-21T21:15:11Z
16:55:21 [NioClientManager] BlockchainServiceImpl - progress 92
16:55:21 [dashj user thread] DownloadProgressTracker - Chain download 92% done with 18170 blocks to go, block date 2026-08-21T21:15:11Z
16:55:21 [NioClientManager] DownloadProgressTracker - Chain download 93% done with 16656 blocks to go, block date 2026-08-24T06:32:49Z
16:55:21 [dashj user thread] DownloadProgressTracker - Chain download 93% done with 16656 blocks to go, block date 2026-08-24T06:32:49Z
16:55:21 [NioClientManager] BlockchainServiceImpl - progress 93
16:55:21 [NioClientManager] Headers2Message - Parsing headers2 message: numHeaders=8000, payloadLength=344041
16:55:21 [DefaultDispatcher-worker-3] MainViewModel - blockchain state update: mnlist=1556851; chain=1541473
16:55:22 [NioClientManager] DownloadProgressTracker - Chain download 94% done with 15141 blocks to go, block date 2026-08-26T15:58:26Z
16:55:22 [NioClientManager] BlockchainServiceImpl - progress 94
16:55:22 [dashj user thread] DownloadProgressTracker - Chain download 94% done with 15141 blocks to go, block date 2026-08-26T15:58:26Z
16:55:22 [NioClientManager] DownloadProgressTracker - Chain download 94% done with 13627 blocks to go, block date 2026-08-29T01:05:42Z
16:55:22 [NioClientManager] BlockchainServiceImpl - progress 94
16:55:22 [dashj user thread] DownloadProgressTracker - Chain download 94% done with 13627 blocks to go, block date 2026-08-29T01:05:42Z
16:55:22 [NioClientManager] DownloadProgressTracker - Chain download 95% done with 12113 blocks to go, block date 2026-08-31T11:26:46Z
16:55:22 [NioClientManager] BlockchainServiceImpl - progress 95
16:55:22 [dashj user thread] DownloadProgressTracker - Chain download 95% done with 12113 blocks to go, block date 2026-08-31T11:26:46Z
16:55:22 [NioClientManager] DownloadProgressTracker - Chain download 95% done with 10599 blocks to go, block date 2026-09-02T22:10:11Z
16:55:22 [NioClientManager] BlockchainServiceImpl - progress 95
16:55:22 [dashj user thread] DownloadProgressTracker - Chain download 95% done with 10599 blocks to go, block date 2026-09-02T22:10:11Z
16:55:22 [dashj user thread] DownloadProgressTracker - Chain download 96% done with 9085 blocks to go, block date 2026-09-05T07:07:23Z
16:55:22 [NioClientManager] DownloadProgressTracker - Chain download 96% done with 9085 blocks to go, block date 2026-09-05T07:07:23Z
16:55:22 [NioClientManager] BlockchainServiceImpl - progress 96
16:55:22 [NioClientManager] DownloadProgressTracker - Chain download 97% done with 7570 blocks to go, block date 2026-09-07T17:28:22Z
16:55:22 [NioClientManager] BlockchainServiceImpl - progress 97
16:55:22 [dashj user thread] DownloadProgressTracker - Chain download 97% done with 7570 blocks to go, block date 2026-09-07T17:28:22Z
16:55:22 [NioClientManager] Headers2Message - Parsing headers2 message: numHeaders=7419, payloadLength=319062
16:55:22 [PeerGroup Thread] PeerGroup$ChainDownloadSpeedCalculator - 24000 blocks/sec, 0 tx/sec, 0 pre-filtered tx/sec, 0 headers/sec, 0 mnlistdiff/sec, avg/last 490.27/1875.00 kilobytes per sec, chain/common height 1549440/1556859 (warming up 2 more seconds)
16:55:22 [DefaultDispatcher-worker-6] MainViewModel - blockchain state update: mnlist=1556851; chain=1549465
16:55:22 [NioClientManager] DownloadProgressTracker - Chain download 97% done with 6056 blocks to go, block date 2026-09-10T03:42:10Z
16:55:22 [NioClientManager] BlockchainServiceImpl - progress 97
16:55:22 [dashj user thread] DownloadProgressTracker - Chain download 97% done with 6056 blocks to go, block date 2026-09-10T03:42:10Z
16:55:22 [NioClientManager] DownloadProgressTracker - Chain download 98% done with 4542 blocks to go, block date 2026-09-12T13:18:11Z
16:55:22 [NioClientManager] BlockchainServiceImpl - progress 98
16:55:22 [NioClientManager] Peer - Passed the fast catchup time (2026-09-12T16:42:32Z) at height 1552398, discarding 4462 headers and requesting full blocks
16:55:22 [dashj user thread] DownloadProgressTracker - Chain download 98% done with 4542 blocks to go, block date 2026-09-12T13:18:11Z
16:55:22 [main] WalletTransactionsFragment - STARTUP submitData called on thread=main at 1789836922595
16:55:22 [DefaultDispatcher-worker-1] MainViewModel - blockchain state update: mnlist=1556851; chain=1552397
16:55:23 [DefaultDispatcher-worker-13] MainViewModel - blockchain state update: mnlist=1556851; chain=1552609
16:55:23 [PeerGroup Thread] PeerGroup$ChainDownloadSpeedCalculator - 3258 blocks/sec, 0 tx/sec, 514 pre-filtered tx/sec, 0 headers/sec, 0 mnlistdiff/sec, avg/last 498.73/254.53 kilobytes per sec, chain/common height 1552698/1556859 (warming up 1 more seconds)
16:55:23 [DefaultDispatcher-worker-7] MainViewModel - blockchain state update: mnlist=1556851; chain=1552698
16:55:23 [DefaultDispatcher-worker-3] BlockchainServiceImpl - network capabilities changed: 101, hasInternet: true, validated: true
16:55:23 [DefaultDispatcher-worker-3] BlockchainServiceImpl - acquiring check() mutex
16:55:23 [DefaultDispatcher-worker-3] BlockchainServiceImpl - check()
16:55:23 [DefaultDispatcher-worker-3] BlockchainServiceImpl - releasing check() mutex
16:55:23 [quorum-state-QuorumState] AbstractQuorumState - sendMessageFuture check: last request received GetSimplifiedMasternodeListDiff
16:55:23 [quorum-state-QuorumRotationState] AbstractQuorumState - sendMessageFuture check: last request received GetQuorumRotationInfo
16:55:23 [DefaultDispatcher-worker-3] MainViewModel - blockchain state update: mnlist=1556851; chain=1552897
16:55:24 [NioClientManager] AbstractBlockChain - Block does not connect: 0000002fe794d4b5d667f1a93ccfb80a1e857714fde0b087ad5ffd3570dc0a4a prev 00000080bc20dca51cc9bb86b589d6951c2db5a6437689a3107367af35ce6abb
16:55:24 [DefaultDispatcher-worker-11] MainViewModel - blockchain state update: mnlist=1556851; chain=1552902
16:55:24 [PeerGroup Thread] PeerGroup$ChainDownloadSpeedCalculator - 276 blocks/sec, 0 tx/sec, 516 pre-filtered tx/sec, 0 headers/sec, 0 mnlistdiff/sec, avg/last 499.42/21.56 kilobytes per sec, chain/common height 1552974/1556859 (warming up 0 more seconds)
16:55:24 [DefaultDispatcher-worker-5] MainViewModel - blockchain state update: mnlist=1556851; chain=1552974
16:55:24 [DefaultDispatcher-worker-4] MainViewModel - blockchain state update: mnlist=1556851; chain=1553043
16:55:25 [DefaultDispatcher-worker-3] MainViewModel - blockchain state update: mnlist=1556851; chain=1553416
16:55:25 [PeerGroup Thread] PeerGroup$ChainDownloadSpeedCalculator - 442 blocks/sec, 0 tx/sec, 707 pre-filtered tx/sec, 0 headers/sec, 0 mnlistdiff/sec, avg/last 500.55/34.53 kilobytes per sec, chain/common height 1553416/1556859, not stalled (threshold <0.39 KB/sec for 30 seconds)
16:55:25 [DefaultDispatcher-worker-1] MainViewModel - blockchain state update: mnlist=1556851; chain=1553436
16:55:25 [NioClientManager] DownloadProgressTracker - Chain download 98% done with 3028 blocks to go, block date 2026-09-14T22:04:28Z
16:55:25 [dashj user thread] DownloadProgressTracker - Chain download 98% done with 3028 blocks to go, block date 2026-09-14T22:04:28Z
16:55:25 [NioClientManager] BlockchainServiceImpl - progress 98
16:55:25 [main] WalletTransactionsFragment - STARTUP submitData called on thread=main at 1789836925851
16:55:25 [DefaultDispatcher-worker-4] MainViewModel - blockchain state update: mnlist=1556851; chain=1553910
16:55:26 [Wallet autosave thread] WalletFiles - Background saving wallet; last seen block is height 1553910, date 2026-09-15T01:01:05Z, hash 0000004ca59559bdad587d5c7dd214325fb0ba0b5f9d51f1d1dd8392778d72f2
16:55:26 [Wallet autosave thread] CoinJoinExtension - CoinJoinExtension serialization: 14ms total (keys:6ms[1074], cache:0ms[0], salt:0ms, io:8ms, size:112039bytes, buffer:64KB)
16:55:26 [Wallet autosave thread] WalletProtobufSerializer - walletToProto (serial=12) timing: 20ms total, init=0ms, tx=0ms[2], keys=2ms, scripts=0ms[0], metadata=0ms, ext=16ms, friendRecv=0ms, friendSend=0ms, build=0ms
16:55:26 [Wallet autosave thread] WalletProtobufSerializer - writeWallet timing: 21ms total (20ms/95% serialization, 1ms/4% I/O) buffer=8KB
16:55:26 [Wallet autosave thread] WalletFiles - Save completed in 35.11 ms (177836 bytes); /data/user/0/hashengineering.darkcoin.wallet_test/files/wallet-protobuf-testnet
16:55:26 [DefaultDispatcher-worker-13] MainViewModel - blockchain state update: mnlist=1556851; chain=1553953
16:55:26 [PeerGroup Thread] PeerGroup$ChainDownloadSpeedCalculator - 981 blocks/sec, 0 tx/sec, 1766 pre-filtered tx/sec, 0 headers/sec, 0 mnlistdiff/sec, avg/last 503.08/76.64 kilobytes per sec, chain/common height 1554397/1556859, not stalled (threshold <0.39 KB/sec for 30 seconds)
16:55:26 [DefaultDispatcher-worker-8] BlockchainServiceImpl - network capabilities changed: 101, hasInternet: true, validated: true
16:55:26 [DefaultDispatcher-worker-8] BlockchainServiceImpl - acquiring check() mutex
16:55:26 [DefaultDispatcher-worker-8] BlockchainServiceImpl - check()
16:55:26 [DefaultDispatcher-worker-8] BlockchainServiceImpl - releasing check() mutex
16:55:26 [DefaultDispatcher-worker-8] MainViewModel - blockchain state update: mnlist=1556851; chain=1554452
16:55:26 [DefaultDispatcher-worker-9] MainViewModel - blockchain state update: mnlist=1556851; chain=1554471
16:55:27 [DefaultDispatcher-worker-10] MainViewModel - blockchain state update: mnlist=1556851; chain=1554902
16:55:27 [PeerGroup Thread] PeerGroup$ChainDownloadSpeedCalculator - 505 blocks/sec, 0 tx/sec, 821 pre-filtered tx/sec, 0 headers/sec, 0 mnlistdiff/sec, avg/last 504.37/39.45 kilobytes per sec, chain/common height 1554902/1556859, not stalled (threshold <0.39 KB/sec for 30 seconds)
16:55:27 [DefaultDispatcher-worker-9] MainViewModel - blockchain state update: mnlist=1556851; chain=1554996
16:55:27 [NioClientManager] DownloadProgressTracker - Chain download 99% done with 1514 blocks to go, block date 2026-09-17T07:45:16Z
16:55:27 [NioClientManager] BlockchainServiceImpl - progress 99
16:55:27 [dashj user thread] DownloadProgressTracker - Chain download 99% done with 1514 blocks to go, block date 2026-09-17T07:45:16Z
16:55:27 [DefaultDispatcher-worker-9] MainViewModel - blockchain state update: mnlist=1556851; chain=1555458
16:55:28 [DefaultDispatcher-worker-7] MainViewModel - blockchain state update: mnlist=1556851; chain=1556008
16:55:28 [PeerGroup Thread] PeerGroup$ChainDownloadSpeedCalculator - 1483 blocks/sec, 0 tx/sec, 2548 pre-filtered tx/sec, 0 headers/sec, 0 mnlistdiff/sec, avg/last 508.20/115.86 kilobytes per sec, chain/common height 1556385/1556859, not stalled (threshold <0.39 KB/sec for 30 seconds)
16:55:28 [DefaultDispatcher-worker-11] MainViewModel - blockchain state update: mnlist=1556851; chain=1556400
16:55:28 [DefaultDispatcher-worker-8] MainViewModel - blockchain state update: mnlist=1556851; chain=1556438
16:55:28 [NioClientManager] InstantSendManager - received islock:  txid=7d64841a8b5fe734045ce16862afcc02e06109c9aee9624e47626503062a76a0, islock=bc005780049e9d90cd6c911ba9c97545f2142afefe49fab12fa87699812a36ca , peer=160723512
16:55:28 [DefaultDispatcher-worker-12] MainViewModel - blockchain state update: mnlist=1556851; chain=1556513
16:55:28 [LLMQBackgroundThread] SPVQuorumManager - quorum list is old, the quorums may not match
16:55:29 [LLMQBackgroundThread] InstantSendManager - InstantSendManager -- verified locks. count=1, alreadyVerified=0, vt=3.416 ms, nodes=1
16:55:29 [LLMQBackgroundThread] InstantSendManager - islock: bad sources: [160723512]
16:55:29 [LLMQBackgroundThread] InstantSendManager - islock: -- txid=7d64841a8b5fe734045ce16862afcc02e06109c9aee9624e47626503062a76a0, islock=bc005780049e9d90cd6c911ba9c97545f2142afefe49fab12fa87699812a36ca: invalid sig in islock, peer=160723512
16:55:29 [LLMQBackgroundThread] InstantSendManager - islock: validation failed: InstantSendLock(version=1, 108 inputs, txid=7d64841a8b5fe734045ce16862afcc02e06109c9aee9624e47626503062a76a0, cycleHash=00000087340e3b31a2604ccf0f4a891248ef2a98ed5ca4ff46fa49100c9a7c54, sig=8600978f14fca8cb3ccf0ba11674bd49eb5cbb41b87674509e10c1c70ece907bd17d7dfae426c39ad5d091e3a71c430510b59759583b517b35aa0264d8412e4996b570aa6bd3fbb30d2c434c13d299ae64da3875856ab71af4df114ca69cfa08)
16:55:29 [LLMQBackgroundThread] InstantSendManager - islock:   signHeight: -1
16:55:29 [LLMQBackgroundThread] InstantSendManager - islock:   quorum: 00000034f4be90b9996ab149f7afcfcab5df2c8f4c671233e4770b09dc1fb4f9
16:55:29 [LLMQBackgroundThread] InstantSendManager - islock: dash-cli quorum selectquorum 5 20825601a2a4ec93649e36ed4b1ea1f54f2506f1345a2a8409aab4a29ccfd8b4
16:55:29 [LLMQBackgroundThread] InstantSendManager - islock: set to IX_LOCK_FAILED for 7d64841a8b5fe734045ce16862afcc02e06109c9aee9624e47626503062a76a0
16:55:29 [LLMQBackgroundThread] InstantSendManager - InstantSendManager -- doing verification on old active set
16:55:29 [LLMQBackgroundThread] InstantSendManager - InstantSendManager -- verified locks. count=1, alreadyVerified=0, vt=2.626 ms, nodes=1
16:55:29 [LLMQBackgroundThread] InstantSendManager - islock: bad sources: [160723512]
16:55:29 [LLMQBackgroundThread] InstantSendManager - islock: -- txid=7d64841a8b5fe734045ce16862afcc02e06109c9aee9624e47626503062a76a0, islock=bc005780049e9d90cd6c911ba9c97545f2142afefe49fab12fa87699812a36ca: invalid sig in islock, peer=160723512
16:55:29 [LLMQBackgroundThread] InstantSendManager - islock: validation failed: InstantSendLock(version=1, 108 inputs, txid=7d64841a8b5fe734045ce16862afcc02e06109c9aee9624e47626503062a76a0, cycleHash=00000087340e3b31a2604ccf0f4a891248ef2a98ed5ca4ff46fa49100c9a7c54, sig=8600978f14fca8cb3ccf0ba11674bd49eb5cbb41b87674509e10c1c70ece907bd17d7dfae426c39ad5d091e3a71c430510b59759583b517b35aa0264d8412e4996b570aa6bd3fbb30d2c434c13d299ae64da3875856ab71af4df114ca69cfa08)
16:55:29 [LLMQBackgroundThread] InstantSendManager - islock:   signHeight: 1556639
16:55:29 [LLMQBackgroundThread] InstantSendManager - islock:   quorum: 00000034f4be90b9996ab149f7afcfcab5df2c8f4c671233e4770b09dc1fb4f9
16:55:29 [LLMQBackgroundThread] InstantSendManager - islock: dash-cli quorum selectquorum 5 20825601a2a4ec93649e36ed4b1ea1f54f2506f1345a2a8409aab4a29ccfd8b4
16:55:29 [LLMQBackgroundThread] InstantSendManager - islock: set to IX_LOCK_FAILED for 7d64841a8b5fe734045ce16862afcc02e06109c9aee9624e47626503062a76a0
16:55:29 [dashj user thread] MasternodeSync - updateBlockTip: height:  1556800 initialDownload=false
16:55:29 [dashj user thread] MasternodeSync - updatedBlockTip -- height: 1556800 chain height: 1556831 initialDownload=false reachedBestHeader=false
16:55:29 [NioClientManager] InstantSendManager - received islock:  txid=73e97a1b7cadce0b87621a7a6a2405a7d0c2987014e75ed9c38a05b848666206, islock=6ea574fb61ffc258ed02f8f8f1714e656b41a04848e9c849d73e28ce07f60b5e , peer=160723512
16:55:29 [NioClientManager] Wallet - Received tx for 1.00 DASH: 73e97a1b7cadce0b87621a7a6a2405a7d0c2987014e75ed9c38a05b848666206 [0] in block 0000006f4ab99686f3a4d93b06056cbf26c3c9b8fc362e929d1892d3ebc3c278
16:55:29 [NioClientManager] Wallet - Connected pending tx input dcc0f4c5a09640373f019b40f145e71c426a94e97eab3cc83363819c151140fd:0
16:55:29 [NioClientManager] Wallet -   tx 73e97a1b7cadce0b87621a7a6a2405a7d0c2987014e75ed9c38a05b848666206 ->spent (by pending)
16:55:29 [NioClientManager] Wallet - unlock output: 60b67c86b95b5e9536d5b73f6d7a125810e1605e5ef43e254d201f999f94ae18:1
16:55:29 [NioClientManager] Wallet - Balance is now: 0.69999548 DASH
16:55:29 [NioClientManager] BlockchainServiceImpl - onCoinsReceived: 73e97a1b7cadce0b87621a7a6a2405a7d0c2987014e75ed9c38a05b848666206; rate: null; replaying: true; inside: true, config: BUILDING; will update true
16:55:29 [dashj user thread] AbstractQuorumState - adding 1 block to the GetSimplifiedMasternodeListDiff pending queue of size: 0 : 1556852/0000005464069ead5e2c3fccfc3be27988c9cc6f816168818883e96494cef7ea
16:55:29 [NioClientManager] BlockchainServiceImpl - Setting exchange rate on received transaction.  Rate:  {USD:59.7146} tx: 73e97a1b7cadce0b87621a7a6a2405a7d0c2987014e75ed9c38a05b848666206
16:55:29 [dashj user thread] AbstractQuorumState - requesting: next
16:55:29 [dashj user thread] AbstractQuorumState - download peer = Peer{[68.67.122.55]:19999, version=70240, subVer=/Dash Core:23.1.8(dcg-masternode-26)/, services=7237 (NETWORK, BLOOM, NETWORK_LIMITED, COMPACT_FILTERS, HEADERS_COMPRESSED, remaining: 1000001000000), time=2026-09-19 11:55:09, height=1556859}, but obtaining backup from peerGroup downloadPeer
16:55:29 [dashj user thread] AbstractQuorumState - backup download peer = Peer{[68.67.122.55]:19999, version=70240, subVer=/Dash Core:23.1.8(dcg-masternode-26)/, services=7237 (NETWORK, BLOOM, NETWORK_LIMITED, COMPACT_FILTERS, HEADERS_COMPRESSED, remaining: 1000001000000), time=2026-09-19 11:55:09, height=1556859}
16:55:29 [dashj user thread] AbstractQuorumState - handling next mnlistdiff: 1
16:55:29 [dashj user thread] AbstractQuorumState - sending GetSimplifiedMasternodeListDiff from 1556851 to 1556852; 
  From 0000000457cbbf85ebf51b8b3b7b911e03d5a0057978255f67001ccc7e299f28
 To 0000005464069ead5e2c3fccfc3be27988c9cc6f816168818883e96494cef7ea
16:55:29 [dashj user thread] AbstractQuorumState - sendMessageFuture cancel: GetSimplifiedMasternodeListDiff
16:55:29 [dashj user thread] BLSJniLibrary - Initializing BLS JNI Library
16:55:29 [dashj user thread] AbstractQuorumState - message = GetSimplifiedMasternodeListDiff{baseBlockHash=0000000457cbbf85ebf51b8b3b7b911e03d5a0057978255f67001ccc7e299f28, blockHash=0000005464069ead5e2c3fccfc3be27988c9cc6f816168818883e96494cef7ea}
16:55:29 [dashj user thread] AbstractQuorumState - block 0000005464069ead5e2c3fccfc3be27988c9cc6f816168818883e96494cef7ea at 1556852 is already in the pendingBlocksMap
16:55:29 [dashj user thread] AbstractQuorumState - waiting for the last mnlistdiff/qrinfo
16:55:29 [dashj user thread] AbstractQuorumState - block 0000005464069ead5e2c3fccfc3be27988c9cc6f816168818883e96494cef7ea at 1556852 is already in the pendingBlocksMap
16:55:29 [dashj user thread] AbstractQuorumState - waiting for the last mnlistdiff/qrinfo
16:55:29 [dashj user thread] AbstractQuorumState - block 0000005464069ead5e2c3fccfc3be27988c9cc6f816168818883e96494cef7ea at 1556852 is already in the pendingBlocksMap
16:55:29 [dashj user thread] AbstractQuorumState - waiting for the last mnlistdiff/qrinfo
16:55:29 [dashj user thread] WalletObserver - observing transaction received: 73e97a1b7cadce0b87621a7a6a2405a7d0c2987014e75ed9c38a05b848666206 [=====] de.schildbach.wallet.transactions.WalletObserver@5b25d2b
16:55:29 [DefaultDispatcher-worker-11] WalletTransactionMetadataProvider - sync transaction metadata: 73e97a1b7cadce0b87621a7a6a2405a7d0c2987014e75ed9c38a05b848666206
16:55:29 [dashj user thread] WalletObserver - observing transaction: start listening to 73e97a1b7cadce0b87621a7a6a2405a7d0c2987014e75ed9c38a05b848666206
16:55:29 [dashj user thread] AbstractQuorumState - block 0000005464069ead5e2c3fccfc3be27988c9cc6f816168818883e96494cef7ea at 1556852 is already in the pendingBlocksMap
16:55:29 [dashj user thread] AbstractQuorumState - waiting for the last mnlistdiff/qrinfo
16:55:29 [DefaultDispatcher-worker-2] WalletTransactionMetadataProvider - sync transaction metadata not exists: 73e97a1b7cadce0b87621a7a6a2405a7d0c2987014e75ed9c38a05b848666206
16:55:29 [DefaultDispatcher-worker-2] BLSJniLibrary - Initializing BLS JNI Library
16:55:29 [NioClientManager] InstantSendManager - received islock:  txid=dcc0f4c5a09640373f019b40f145e71c426a94e97eab3cc83363819c151140fd, islock=b3e54b08a4aff060ec178ea9800ae97ec4765deab7933492450bb81f02415503 , peer=160723512
16:55:29 [NioClientManager] Wallet - Received tx for -0.00000226 DASH: dcc0f4c5a09640373f019b40f145e71c426a94e97eab3cc83363819c151140fd [0] in block 00000080bc20dca51cc9bb86b589d6951c2db5a6437689a3107367af35ce6abb
16:55:29 [NioClientManager] Wallet -   <-pending
16:55:29 [NioClientManager] Wallet - Connected pending tx input ae7ee67dbe9fb1fc3c4fd54bf69b102e272fe69f1547bae3f510bf83d5925553:0
16:55:29 [NioClientManager] Wallet - Removed from UNSPENTS: TxOut of 0.89999774 DASH to yhuxhoTjG4RB2JsegSfzYu7GEitdh1NuCc script:DUP HASH160 PUSHDATA(20)[ece1b4bb7dfa3a5130c65a8e6fc445a382b5997e] EQUALVERIFY CHECKSIG
16:55:29 [NioClientManager] Wallet -   tx dcc0f4c5a09640373f019b40f145e71c426a94e97eab3cc83363819c151140fd ->unspent
16:55:29 [NioClientManager] Wallet - unlock output: 73e97a1b7cadce0b87621a7a6a2405a7d0c2987014e75ed9c38a05b848666206:1
16:55:29 [NioClientManager] Wallet - Balance is now: 0.79999548 DASH
16:55:29 [NioClientManager] AbstractBlockChain - Connected orphan 0000002fe794d4b5d667f1a93ccfb80a1e857714fde0b087ad5ffd3570dc0a4a
16:55:29 [NioClientManager] AbstractBlockChain - Connected 1 orphan blocks.
16:55:29 [NioClientManager] BlockchainServiceImpl - progress 99
16:55:29 [NioClientManager] BlockchainServiceImpl - DoneDownload 99 in 14.79 s
16:55:29 [dashj user thread] AbstractQuorumState - block 0000005464069ead5e2c3fccfc3be27988c9cc6f816168818883e96494cef7ea at 1556852 is already in the pendingBlocksMap
16:55:29 [dashj user thread] AbstractQuorumState - waiting for the last mnlistdiff/qrinfo
16:55:29 [dashj user thread] TransactionBroadcast - broadcastTransaction: IX_TYPE:  TX dcc0f4c5a09640373f019b40f145e71c426a94e97eab3cc83363819c151140fd seen by 0 peers and mined
16:55:29 [dashj user thread] TransactionBroadcast - broadcastTransaction: dcc0f4c5a09640373f019b40f145e71c426a94e97eab3cc83363819c151140fd complete
16:55:29 [dashj user thread] TransactionBroadcast - broadcastTransaction: TYPE:  TX dcc0f4c5a09640373f019b40f145e71c426a94e97eab3cc83363819c151140fd seen by 0 peers and mined
16:55:29 [dashj user thread] TransactionBroadcast - broadcastTransaction: dcc0f4c5a09640373f019b40f145e71c426a94e97eab3cc83363819c151140fd complete
16:55:29 [dashj user thread] AbstractQuorumState - block 0000005464069ead5e2c3fccfc3be27988c9cc6f816168818883e96494cef7ea at 1556852 is already in the pendingBlocksMap
16:55:29 [dashj user thread] AbstractQuorumState - waiting for the last mnlistdiff/qrinfo
16:55:29 [dashj user thread] AbstractQuorumState - adding 1 block to the GetSimplifiedMasternodeListDiff pending queue of size: 1 : 1556851/0000000457cbbf85ebf51b8b3b7b911e03d5a0057978255f67001ccc7e299f28
16:55:29 [dashj user thread] AbstractQuorumState - waiting for the last mnlistdiff/qrinfo
16:55:29 [DefaultDispatcher-worker-1] BLSJniLibrary - Initializing BLS JNI Library
16:55:29 [DefaultDispatcher-worker-4] MainViewModel - blockchain state update: mnlist=1556851; chain=1556859
16:55:29 [DefaultDispatcher-worker-6] CoinJoinMixingService - coinjoin-state: NONE, 687 ms, true, CONNECTED, synced: true, true
16:55:29 [DefaultDispatcher-worker-6] CoinJoinMixingService - coinjoin-state-mixing: NOT_STARTED -> NOT_STARTED
16:55:29 [DefaultDispatcher-worker-6] CoinJoinMixingService - coinjoin: new block: 1556859
16:55:29 [DefaultDispatcher-worker-6] BLSJniLibrary - Initializing BLS JNI Library
16:55:29 [DefaultDispatcher-worker-6] CoinJoinMixingService - coinjoin: anonymizable balance 0.00 DASH, denominatedBalance: 0.00 DASH
16:55:29 [DefaultDispatcher-worker-6] CoinJoinMixingService - timing: denominatedBalance 57.54 μs
16:55:29 [DefaultDispatcher-worker-6] CoinJoinMixingService - timing: denominatedBalance 5.792 μs
16:55:29 [DefaultDispatcher-worker-6] CoinJoinMixingService - timing: coinJoinBalance 18.88 μs
16:55:29 [DefaultDispatcher-worker-6] CoinJoinMixingService - coinjoin: can mix balance: true = balance: (false && canDenominate: true) || partially-mixed: false
16:55:29 [DefaultDispatcher-worker-6] TimeUtils - timeskew: 687; using last value
16:55:29 [DefaultDispatcher-worker-6] CoinJoinMixingService - coinjoin-state: NONE, 687 ms, true, CONNECTED, synced: true, true
16:55:29 [DefaultDispatcher-worker-6] CoinJoinMixingService - coinjoin-state-mixing: NOT_STARTED -> NOT_STARTED
16:55:29 [main] HistoryHeaderAdapter - set invite, synced = true
16:55:29 [DefaultDispatcher-worker-10] WalletTransactionMetadataProvider - saving to cache: true = saving: false && current: Sat Sep 19 11:55:29 CDT 2026 > safe after: Wed Dec 31 18:00:00 CST 1969
16:55:29 [DefaultDispatcher-worker-2] WalletTransactionMetadataProvider - txmetadata: inserting TransactionMetadata(txId=73e97a1b7cadce0b87621a7a6a2405a7d0c2987014e75ed9c38a05b848666206, timestamp=1789836363000, value=100000000, type=Received, taxCategory=null, currencyCode=USD, rate=59.7146, memo=, service=null, customIconId=null)
16:55:29 [NioClientManager] BlockchainServiceImpl - masternodeListDiffDownloaded:Received
16:55:29 [NioClientManager] QuorumState - processing requested mnlistdiff (headersFirst=false) between : 1556851 & 1556852; Simplified MNList Diff{ adding 0 and removing 0 masternodes while adding 0 and removing 0 quorums }
  0000000457cbbf85ebf51b8b3b7b911e03d5a0057978255f67001ccc7e299f28 -> 0000005464069ead5e2c3fccfc3be27988c9cc6f816168818883e96494cef7ea from Peer{[68.67.122.55]:19999, version=70240, subVer=/Dash Core:23.1.8(dcg-masternode-26)/, services=7237 (NETWORK, BLOOM, NETWORK_LIMITED, COMPACT_FILTERS, HEADERS_COMPRESSED, remaining: 1000001000000), time=2026-09-19 11:55:09, height=1556859}
16:55:29 [NioClientManager] QuorumState - lock acquired when processing mnlistdiff
16:55:29 [NioClientManager] QuorumState - applyDiff processing times: mn 52.79 μs; quorums: 38.25 μs
16:55:29 [NioClientManager] QuorumState - QuorumState{mnList=Simplified MN List(count: 373 height: 1556852), quorumList=SimplifiedQuorumList(count: 109; 1556852), mnListsCacheSize=1, quorumsCacheSize=1}
16:55:29 [NioClientManager] QuorumState - processing mnlistdiff times : Total: 322.5 μs mnList: 0.000 ns quorums: 0.000 ns mnlistdiff: Simplified MNList Diff{ adding 0 and removing 0 masternodes while adding 0 and removing 0 quorums }
  0000000457cbbf85ebf51b8b3b7b911e03d5a0057978255f67001ccc7e299f28 -> 0000005464069ead5e2c3fccfc3be27988c9cc6f816168818883e96494cef7ea
16:55:29 [NioClientManager] QuorumState - QuorumState{mnList=Simplified MN List(count: 373 height: 1556852), quorumList=SimplifiedQuorumList(count: 109; 1556852), mnListsCacheSize=1, quorumsCacheSize=1}
16:55:29 [NioClientManager] AbstractQuorumState - download peer = Peer{[68.67.122.55]:19999, version=70240, subVer=/Dash Core:23.1.8(dcg-masternode-26)/, services=7237 (NETWORK, BLOOM, NETWORK_LIMITED, COMPACT_FILTERS, HEADERS_COMPRESSED, remaining: 1000001000000), time=2026-09-19 11:55:09, height=1556859}, but obtaining backup from peerGroup downloadPeer
16:55:29 [NioClientManager] AbstractQuorumState - backup download peer = Peer{[68.67.122.55]:19999, version=70240, subVer=/Dash Core:23.1.8(dcg-masternode-26)/, services=7237 (NETWORK, BLOOM, NETWORK_LIMITED, COMPACT_FILTERS, HEADERS_COMPRESSED, remaining: 1000001000000), time=2026-09-19 11:55:09, height=1556859}
16:55:29 [NioClientManager] AbstractQuorumState - handling next mnlistdiff: 1
16:55:29 [NioClientManager] AbstractQuorumState - there are no pending blocks to process
16:55:29 [NioClientManager] BLSJniLibrary - Initializing BLS JNI Library
16:55:29 [AbstractManager autosave thread] BLSJniLibrary - Initializing BLS JNI Library
16:55:29 [LLMQBackgroundThread] SPVQuorumManager - quorum list is old, the quorums may not match
16:55:29 [LLMQBackgroundThread] SPVQuorumManager - quorum list is old, the quorums may not match
16:55:29 [LLMQBackgroundThread] InstantSendManager - InstantSendManager -- verified locks. count=2, alreadyVerified=0, vt=6.007 ms, nodes=1
16:55:29 [LLMQBackgroundThread] InstantSendManager - processing islock txid=dcc0f4c5a09640373f019b40f145e71c426a94e97eab3cc83363819c151140fd, islock=b3e54b08a4aff060ec178ea9800ae97ec4765deab7933492450bb81f02415503:  peer=160723512
16:55:29 [LLMQBackgroundThread] InstantSendManager - passing reconstructed recSig to signing mgr -- txid=dcc0f4c5a09640373f019b40f145e71c426a94e97eab3cc83363819c151140fd, islock=b3e54b08a4aff060ec178ea9800ae97ec4765deab7933492450bb81f02415503: peer=160723512
16:55:29 [LLMQBackgroundThread] InstantSendManager - processing islock txid=73e97a1b7cadce0b87621a7a6a2405a7d0c2987014e75ed9c38a05b848666206, islock=6ea574fb61ffc258ed02f8f8f1714e656b41a04848e9c849d73e28ce07f60b5e:  peer=160723512
16:55:29 [LLMQBackgroundThread] InstantSendManager - passing reconstructed recSig to signing mgr -- txid=73e97a1b7cadce0b87621a7a6a2405a7d0c2987014e75ed9c38a05b848666206, islock=6ea574fb61ffc258ed02f8f8f1714e656b41a04848e9c849d73e28ce07f60b5e: peer=160723512
16:55:29 [LLMQBackgroundThread] SigningManager - valid recSig. signHash=cfb58773f1fa76779c386d258ff0cad3e3fdb463293774dab3d4e84d766e49c9, id=f8815dd33c421b8f3ce01134a1280b3623fffaad775a7893bfce41d04057ce86, msgHash=dcc0f4c5a09640373f019b40f145e71c426a94e97eab3cc83363819c151140fd, node=-1
16:55:29 [LLMQBackgroundThread] SigningManager - valid recSig. signHash=d3a1eaf4cfe641db38123996d4704e063f9f00113687d64049d0ac5c5c67502b, id=da0255fbabc5fdb92f11ebe696a3fa07eec6b748ae0515ccd9f33d2cb21c23e2, msgHash=73e97a1b7cadce0b87621a7a6a2405a7d0c2987014e75ed9c38a05b848666206, node=-1
16:55:29 [dashj user thread] WalletObserver - observing transaction: stop listening to dcc0f4c5a09640373f019b40f145e71c426a94e97eab3cc83363819c151140fd at depth 1 with ISLock: true; chainlock: false
16:55:29 [dashj user thread] WalletObserver - observing transaction: stop listening to 73e97a1b7cadce0b87621a7a6a2405a7d0c2987014e75ed9c38a05b848666206 at depth 1 with ISLock: true; chainlock: false
16:55:29 [AbstractManager autosave thread] ManagerFiles - Background saving manager
16:55:29 [AbstractManager autosave thread] FlatDB - Writing SimplifiedMasternodeListManager-5 to manager8843207258180882509.tmp...
16:55:29 [AbstractManager autosave thread] FlatDB - Written info to /data/user/0/hashengineering.darkcoin.wallet_test/app_masternode/manager8843207258180882509.tmp  9ms
16:55:29 [AbstractManager autosave thread] FlatDB -   SimplifiedMNListManager:  {tip:Simplified MN List(count: 373 height: 1556632), SimplifiedQuorumList(count: 109; 1556852), SimplifiedQuorumList(count: 32; 1556632), pending blocks: 0 / 0}
16:55:29 [AbstractManager autosave thread] FlatDB - manager8843207258180882509.tmp dump finished  9ms
16:55:29 [AbstractManager autosave thread] ManagerFiles - Save completed in 9.854 ms to /data/user/0/hashengineering.darkcoin.wallet_test/app_masternode/simplifiedmasternodelistmanager-testnet.dat
16:55:29 [DefaultDispatcher-worker-6] CoinJoinMixingService - coinjoin: new block: 1556859
16:55:29 [DefaultDispatcher-worker-10] MainViewModel - blockchain state update: mnlist=1556852; chain=1556859
16:55:29 [DefaultDispatcher-worker-6] BLSJniLibrary - Initializing BLS JNI Library
16:55:29 [DefaultDispatcher-worker-6] CoinJoinMixingService - coinjoin: anonymizable balance 0.00 DASH, denominatedBalance: 0.00 DASH
16:55:29 [DefaultDispatcher-worker-6] CoinJoinMixingService - timing: denominatedBalance 66.96 μs
16:55:29 [DefaultDispatcher-worker-6] CoinJoinMixingService - timing: denominatedBalance 5.291 μs
16:55:29 [DefaultDispatcher-worker-6] CoinJoinMixingService - timing: coinJoinBalance 17.83 μs
16:55:29 [DefaultDispatcher-worker-6] CoinJoinMixingService - coinjoin: can mix balance: true = balance: (false && canDenominate: true) || partially-mixed: false
16:55:29 [DefaultDispatcher-worker-6] TimeUtils - timeskew: 687; using last value
16:55:29 [DefaultDispatcher-worker-6] CoinJoinMixingService - coinjoin-state: NONE, 687 ms, true, CONNECTED, synced: true, true
16:55:29 [DefaultDispatcher-worker-6] CoinJoinMixingService - coinjoin-state-mixing: NOT_STARTED -> NOT_STARTED
16:55:29 [PeerGroup Thread] PeerGroup$ChainDownloadSpeedCalculator - End of sync detected at height 1556859.
16:55:29 [DefaultDispatcher-worker-6] BlockchainServiceImpl - tx 73e97a1b7cadce0b87621a7a6a2405a7d0c2987014e75ed9c38a05b848666206; 4 == 4
16:55:29 [DefaultDispatcher-worker-6] BlockchainServiceImpl - tx dcc0f4c5a09640373f019b40f145e71c426a94e97eab3cc83363819c151140fd; 2 == 2
16:55:29 [DefaultDispatcher-worker-5] TxDisplayCacheService - updateWrappedList: 2 batch txs → 2 affected wrappers | display 2 → 3 rows
16:55:29 [main] WalletTransactionsFragment - STARTUP submitData called on thread=main at 1789836929350
16:55:29 [DefaultDispatcher-worker-10] BlockchainServiceImpl - network capabilities changed: 101, hasInternet: true, validated: true
16:55:29 [DefaultDispatcher-worker-10] BlockchainServiceImpl - acquiring check() mutex
16:55:29 [DefaultDispatcher-worker-10] BlockchainServiceImpl - check()
16:55:29 [DefaultDispatcher-worker-10] BlockchainServiceImpl - releasing check() mutex
16:55:31 [Wallet autosave thread] WalletFiles - Background saving wallet; last seen block is height 1556859, date 2026-09-19T16:52:54Z, hash 0000002fe794d4b5d667f1a93ccfb80a1e857714fde0b087ad5ffd3570dc0a4a
16:55:31 [Wallet autosave thread] CoinJoinExtension - CoinJoinExtension serialization: 4ms total (keys:2ms[1074], cache:0ms[0], salt:0ms, io:2ms, size:112039bytes, buffer:64KB)
16:55:31 [Wallet autosave thread] WalletProtobufSerializer - walletToProto (serial=14) timing: 13ms total, init=0ms, tx=1ms[3], keys=5ms, scripts=0ms[0], metadata=0ms, ext=6ms, friendRecv=0ms, friendSend=0ms, build=0ms
16:55:31 [Wallet autosave thread] WalletProtobufSerializer - writeWallet timing: 13ms total (13ms/100% serialization, 0ms/0% I/O) buffer=8KB
16:55:31 [Wallet autosave thread] WalletFiles - Save completed in 17.40 ms (178265 bytes); /data/user/0/hashengineering.darkcoin.wallet_test/files/wallet-protobuf-testnet
16:55:32 [DefaultDispatcher-worker-5] BlockchainServiceImpl - network capabilities changed: 101, hasInternet: true, validated: true
16:55:32 [DefaultDispatcher-worker-5] BlockchainServiceImpl - acquiring check() mutex
16:55:32 [DefaultDispatcher-worker-5] BlockchainServiceImpl - check()
16:55:32 [DefaultDispatcher-worker-5] BlockchainServiceImpl - releasing check() mutex
16:55:39 [quorum-state-QuorumState] AbstractQuorumState - sendMessageFuture check: last request received GetSimplifiedMasternodeListDiff
16:55:44 [main] SecurityGuard - loading security guard [healthy=true] with keys: [keystore_healthy, fallback_pin_wallet_password_key, primary_ui_pin_key, modern_encryption_migration_complete, fallback_mnemonic_wallet_password_key, primary_wallet_password_key, fallback_mnemonic_ui_pin_key]
16:55:44 [main] ModernEncryptionProvider - Decrypted data for alias: ui_pin_key
16:55:44 [main] BiometricHelper - No biometric credentials
16:55:52 [LLMQBackgroundThread] LLMQBackgroundThread - InstantSendManager:  pendingInstantSendLocks 0, DB: SPVISDB:  isLockCache:  2, txidCache: 2, outpointCache: 2, isLockHashHeight: 0
16:56:07 [DefaultDispatcher-worker-3] WalletTransactionMetadataProvider - txmetadata for 73e97a1b7cadce0b87621a7a6a2405a7d0c2987014e75ed9c38a05b848666206 exists, only do update
16:56:07 [DefaultDispatcher-worker-2] WalletTransactionMetadataProvider - metadata: TxOut of 0.999991 DASH to yPrynRN6ViX2rCcRL5SoSi8ntcWgdHSEaS script:DUP HASH160 PUSHDATA(20)[26df1860ef5c819a6af08533db64a026bd840756] EQUALVERIFY CHECKSIG
16:56:07 [DefaultDispatcher-worker-3] WalletTransactionMetadataProvider - metadata: TxOut of 1.00 DASH to yhwrtTL9rpH2B8Er71psqZGFqpZiyGUrkC script:DUP HASH160 PUSHDATA(20)[ed3daec448fe2037519d04a49fef273a15cfb6fc] EQUALVERIFY CHECKSIG
16:56:40 [LLMQBackgroundThread] LLMQBackgroundThread - InstantSendManager:  pendingInstantSendLocks 0, DB: SPVISDB:  isLockCache:  2, txidCache: 2, outpointCache: 2, isLockHashHeight: 0
16:56:44 [DefaultDispatcher-worker-1] BlockchainServiceImpl - network capabilities changed: 101, hasInternet: true, validated: true
16:56:44 [DefaultDispatcher-worker-1] BlockchainServiceImpl - acquiring check() mutex
16:56:44 [DefaultDispatcher-worker-1] BlockchainServiceImpl - check()
16:56:44 [DefaultDispatcher-worker-1] BlockchainServiceImpl - releasing check() mutex
16:56:47 [DefaultDispatcher-worker-4] BlockchainServiceImpl - network capabilities changed: 101, hasInternet: true, validated: true
16:56:47 [DefaultDispatcher-worker-4] BlockchainServiceImpl - acquiring check() mutex
16:56:47 [DefaultDispatcher-worker-4] BlockchainServiceImpl - check()
16:56:47 [DefaultDispatcher-worker-4] BlockchainServiceImpl - releasing check() mutex
16:56:50 [DefaultDispatcher-worker-1] BlockchainServiceImpl - network capabilities changed: 101, hasInternet: true, validated: true
16:56:50 [DefaultDispatcher-worker-1] BlockchainServiceImpl - acquiring check() mutex
16:56:50 [DefaultDispatcher-worker-1] BlockchainServiceImpl - check()
16:56:50 [DefaultDispatcher-worker-1] BlockchainServiceImpl - releasing check() mutex
16:57:00 [main] BlockchainServiceImpl - History of transactions/blocks/headers/mnlistdiff: 1/0/0/6
