21:11:02 [main] StartupBreadcrumbs - STARTUP breadcrumb: 1 LOGGING_INITIALIZED +7ms
21:11:02 [main] StartupBreadcrumbs - STARTUP breadcrumb: 2 FIREBASE_INITIALIZED +8ms
21:11:02 [main] WalletApplication - STARTUP WalletApplication.onCreate()
21:11:02 [main] StartupBreadcrumbs - STARTUP breadcrumb: 3 CONFIG_LOADED +9ms
21:11:02 [process-exit-reasons] ProcessExitReasons - PROCESS EXIT REASON: none recorded (fresh install, or the history was cleared)
21:11:02 [main] StartupBreadcrumbs - STARTUP breadcrumb: 11 ONCREATE_COMPLETE +15ms
21:11:02 [DefaultDispatcher-worker-8] DashPayConfig - debug SDK flag seeding: seeded ON = [use_kotlin_sdk_dpns_reads, use_kotlin_sdk_dashpay_writes, use_kotlin_sdk_shielded, use_kotlin_sdk_l1_invite, use_kotlin_sdk_l1_shadow], already set (skipped) = []
21:11:02 [main] WalletActivityTracker - activity lifecycle: app started
21:11:02 [main] WalletActivityTracker - activity lifecycle: activity OnboardingActivity created
21:11:02 [main] WalletActivityTracker - activity lifecycle: current: OnboardingActivity, activities: 1 visible: 0 foreground: 0
21:11:02 [DefaultDispatcher-worker-5] TxDisplayCacheService - STARTUP tx_display_cache loaded 0 rows in 72ms
21:11:02 [main] AppForegroundMonitor - App moved to foreground
21:11:02 [main] WalletActivityTracker - activity lifecycle: current: OnboardingActivity, activities: 1 visible: 1 foreground: 0
21:11:02 [main] WalletActivityTracker - activity lifecycle: current: OnboardingActivity, activities: 1 visible: 1 foreground: 1
21:11:02 [DefaultDispatcher-worker-5] ExploreSyncWorker - sync explore db started
21:11:02 [DefaultDispatcher-worker-5] ExploreDataSyncStatus - sync explore data progress: 0.0
21:11:02 [DefaultDispatcher-worker-5] GCExploreDatabase - preloading explore db from assets /data/user/0/hashengineering.darkcoin.wallet_test/cache/explore.db, test database: true
21:11:02 [DefaultDispatcher-worker-5] GCExploreDatabase - preloading explore db from assets /data/user/0/hashengineering.darkcoin.wallet_test/cache/explore.db, test database: false
21:11:02 [DefaultDispatcher-worker-5] GCExploreDatabase - missing preloaded database explore/explore.db
21:11:02 [DefaultDispatcher-worker-5] ExploreSyncWorker - local data timestamp: 0 (Wed Dec 31 18:00:00 CST 1969)
21:11:03 [DefaultDispatcher-worker-5] GCExploreDatabase - error getting remote data timestamp
com.google.firebase.FirebaseException: An internal error has occurred. [ API key not valid. Please pass a valid API key. ]
	at com.google.android.gms.internal.firebase-auth-api.zzaag.zza(com.google.firebase:firebase-auth@@22.0.0:4)
	at com.google.android.gms.internal.firebase-auth-api.zzabf.zza(com.google.firebase:firebase-auth@@22.0.0:26)
	at com.google.android.gms.internal.firebase-auth-api.zzabg.zzl(com.google.firebase:firebase-auth@@22.0.0:1)
	at com.google.android.gms.internal.firebase-auth-api.zzabd.zzh(com.google.firebase:firebase-auth@@22.0.0:25)
	at com.google.android.gms.internal.firebase-auth-api.zzaae.zzh(com.google.firebase:firebase-auth@@22.0.0:1)
	at com.google.android.gms.internal.firebase-auth-api.zzyb.zza(com.google.firebase:firebase-auth@@22.0.0:2)
	at com.google.android.gms.internal.firebase-auth-api.zzabo.zzc(com.google.firebase:firebase-auth@@22.0.0:10)
	at com.google.android.gms.internal.firebase-auth-api.zzabo.zzb(com.google.firebase:firebase-auth@@22.0.0:14)
	at com.google.android.gms.internal.firebase-auth-api.zzaat.zzn(com.google.firebase:firebase-auth@@22.0.0:4)
	at com.google.android.gms.internal.firebase-auth-api.zzyh.zzz(com.google.firebase:firebase-auth@@22.0.0:2)
	at com.google.android.gms.internal.firebase-auth-api.zzaaf.zzv(com.google.firebase:firebase-auth@@22.0.0:2)
	at com.google.android.gms.internal.firebase-auth-api.zzzk.zzc(com.google.firebase:firebase-auth@@22.0.0:1)
	at com.google.android.gms.internal.firebase-auth-api.zzabh.run(com.google.firebase:firebase-auth@@22.0.0:1)
	at java.util.concurrent.ThreadPoolExecutor.runWorker(ThreadPoolExecutor.java:1145)
	at java.util.concurrent.ThreadPoolExecutor$Worker.run(ThreadPoolExecutor.java:644)
	at com.google.firebase.concurrent.CustomThreadFactory.lambda$newThread$0(CustomThreadFactory.java:47)
	at com.google.firebase.concurrent.CustomThreadFactory.$r8$lambda$XB8AY3Hcio74byWuTzgVEC3Hiek(CustomThreadFactory.java:0)
	at com.google.firebase.concurrent.CustomThreadFactory$$ExternalSyntheticLambda0.run(R8$$SyntheticClass:0)
	at java.lang.Thread.run(Thread.java:1012)
21:11:03 [DefaultDispatcher-worker-5] ExploreSyncWorker - remote data timestamp: -1 (Wed Dec 31 17:59:59 CST 1969)
21:11:03 [DefaultDispatcher-worker-5] ExploreSyncWorker - unable to delete /data/user/0/hashengineering.darkcoin.wallet_test/cache/explore.db
21:11:03 [DefaultDispatcher-worker-5] ExploreSyncWorker - explore db is up to date, nothing to sync
21:11:03 [DefaultDispatcher-worker-5] ExploreDataSyncStatus - sync explore data progress: 100.0
21:11:03 [DefaultDispatcher-worker-5] ExploreDatabase - Open database explore-database
21:11:03 [DefaultDispatcher-worker-5] ExploreSyncWorker - adding PiggyCards test merchants
21:11:03 [DefaultDispatcher-worker-2] ExploreSyncWorker - PiggyCards test merchant added successfully
21:11:21 [main] WalletActivityTracker - activity lifecycle: current: OnboardingActivity, activities: 1 visible: 1 foreground: 0
21:11:21 [main] WalletActivityTracker - activity lifecycle: activity SelectSecurityLevelActivity created
21:11:21 [main] WalletActivityTracker - activity lifecycle: current: SelectSecurityLevelActivity, activities: 2 visible: 1 foreground: 0
21:11:21 [main] WalletActivityTracker - activity lifecycle: current: SelectSecurityLevelActivity, activities: 2 visible: 2 foreground: 0
21:11:21 [main] WalletActivityTracker - activity lifecycle: current: SelectSecurityLevelActivity, activities: 2 visible: 2 foreground: 1
21:11:22 [main] WalletActivityTracker - activity lifecycle: current: OnboardingActivity, activities: 2 visible: 1 foreground: 1
21:11:43 [main] WalletActivityTracker - activity lifecycle: current: SelectSecurityLevelActivity, activities: 2 visible: 1 foreground: 0
21:11:44 [main] WalletActivityTracker - activity lifecycle: current: OnboardingActivity, activities: 2 visible: 2 foreground: 0
21:11:44 [main] WalletActivityTracker - activity lifecycle: current: OnboardingActivity, activities: 2 visible: 2 foreground: 1
21:11:44 [DefaultDispatcher-worker-5] BLSJniLibrary - Initializing BLS JNI Library
21:11:44 [DefaultDispatcher-worker-5] WalletApplication - === starting app using configuration: _testNet3, org.darkcoin.test
21:11:44 [DefaultDispatcher-worker-5] MnemonicCodeExt - BIP39 wordlist loaded from: 'bip39-wordlists/english.txt', took 2.186 ms
21:11:44 [DefaultDispatcher-worker-5] MnemonicCode - PBKDF2 took 12.67 ms
21:11:44 [DefaultDispatcher-worker-5] OnboardingViewModel - successfully created new wallet
21:11:44 [DefaultDispatcher-worker-6] BLSJniLibrary - Initializing BLS JNI Library
21:11:44 [DefaultDispatcher-worker-6] TxDisplayCacheService - rebuildWrappedList: 0 raw txs → 0 wrappers → 0 sorted | getTransactions=1ms wrapAll=0ms sort=0ms total=1ms
21:11:44 [DefaultDispatcher-worker-2] TxDisplayCacheService - updateDisplayCache: 0 rows in 14ms
21:11:44 [DefaultDispatcher-worker-2] TxDisplayCacheService - STARTUP rebuildWrappedList DONE (_transactionsLoaded=true) at 1789852304135
21:11:44 [DefaultDispatcher-worker-2] WalletObserver - observing transactions start de.schildbach.wallet.transactions.WalletObserver@9c8fd42
21:11:44 [DefaultDispatcher-worker-2] BLSJniLibrary - Initializing BLS JNI Library
21:11:44 [DefaultDispatcher-worker-5] KeyChainGroup - Activating a new HD chain: DeterministicKeyChain{P2PKH, accountPath=[44H, 1H, 0H], lookaheadSize=100, lookaheadThreshold=33}
21:11:44 [dashj user thread] BLSJniLibrary - Initializing BLS JNI Library
21:11:44 [DefaultDispatcher-worker-5] AnyKeyChainGroup - Activating a new HD chain: AuthenticationKeyChain{BLOCKCHAIN_IDENTITY, ECDSA, P2PKH, accountPath=[9H, 1H, 5H, 0H, 0H, 0H], lookaheadSize=0, lookaheadThreshold=0}
21:11:44 [DefaultDispatcher-worker-5] AnyKeyChainGroup - Activating a new HD chain: AuthenticationKeyChain{BLOCKCHAIN_IDENTITY_FUNDING, ECDSA, P2PKH, accountPath=[9H, 1H, 5H, 1H], lookaheadSize=5, lookaheadThreshold=5}
21:11:44 [DefaultDispatcher-worker-5] AnyKeyChainGroup - Activating a new HD chain: AuthenticationKeyChain{MASTERNODE_OWNER, ECDSA, P2PKH, accountPath=[9H, 1H, 3H, 2H], lookaheadSize=5, lookaheadThreshold=5}
21:11:44 [DefaultDispatcher-worker-5] BLSJniLibrary - Initializing BLS JNI Library
21:11:44 [DefaultDispatcher-worker-5] AnyKeyChainGroup - Activating a new HD chain: AuthenticationKeyChain{MASTERNODE_OPERATOR, BLS, P2PKH, accountPath=[9H, 1H, 3H, 3H], lookaheadSize=5, lookaheadThreshold=5}
21:11:44 [main] WalletActivityTracker - activity lifecycle: current: SelectSecurityLevelActivity, activities: 2 visible: 1 foreground: 1
21:11:44 [main] WalletActivityTracker - activity lifecycle: activity SelectSecurityLevelActivity destroyed
21:11:44 [main] WalletActivityTracker - activity lifecycle: current: SelectSecurityLevelActivity, activities: 1 visible: 1 foreground: 1
21:11:44 [DefaultDispatcher-worker-5] AnyKeyChainGroup - Activating a new HD chain: AuthenticationKeyChain{MASTERNODE_VOTING, ECDSA, P2PKH, accountPath=[9H, 1H, 3H, 1H], lookaheadSize=5, lookaheadThreshold=5}
21:11:44 [DefaultDispatcher-worker-5] AnyKeyChainGroup - Activating a new HD chain: AuthenticationKeyChain{BLOCKCHAIN_IDENTITY_TOPUP, ECDSA, P2PKH, accountPath=[9H, 1H, 5H, 2H], lookaheadSize=5, lookaheadThreshold=5}
21:11:44 [DefaultDispatcher-worker-5] AnyKeyChainGroup - Activating a new HD chain: AuthenticationKeyChain{INVITATION_FUNDING, ECDSA, P2PKH, accountPath=[9H, 1H, 5H, 3H], lookaheadSize=5, lookaheadThreshold=5}
21:11:44 [DefaultDispatcher-worker-5] AnyKeyChainGroup - Activating a new HD chain: AuthenticationKeyChain{MASTERNODE_PLATFORM_OPERATOR, EdDSA, P2PKH, accountPath=[9H, 1H, 3H, 4H], lookaheadSize=0, lookaheadThreshold=0}
21:11:44 [DefaultDispatcher-worker-5] AnyKeyChainGroup - Activating a new HD chain: AnyDeterministicKeyChain{ECDSA, P2PKH, accountPath=[9H, 1H, 4H, 0H], lookaheadSize=100, lookaheadThreshold=33}
21:11:44 [DefaultDispatcher-worker-6] CutoverCoordinator - cutover state DUAL_RUNNING -> CUT_OVER (fresh-wallet setup (restore/new))
21:11:44 [main] WalletActivityTracker - activity lifecycle: current: OnboardingActivity, activities: 1 visible: 1 foreground: 0
21:11:44 [main] WalletActivityTracker - activity lifecycle: activity SetPinActivity created
21:11:44 [main] WalletActivityTracker - activity lifecycle: current: SetPinActivity, activities: 2 visible: 1 foreground: 0
21:11:44 [main] SecurityGuard - loading security guard [healthy=true] with keys: [modern_encryption_migration_complete]
21:11:44 [main] SecurityGuard - loading security guard [healthy=true] with keys: [modern_encryption_migration_complete]
21:11:44 [main] WalletActivityTracker - activity lifecycle: current: SetPinActivity, activities: 2 visible: 2 foreground: 0
21:11:44 [main] WalletActivityTracker - activity lifecycle: current: SetPinActivity, activities: 2 visible: 2 foreground: 1
21:11:44 [main] WalletActivityTracker - activity lifecycle: current: OnboardingActivity, activities: 2 visible: 1 foreground: 1
21:12:37 [main] SecurityGuard - removing security keys
21:12:37 [main] ModernEncryptionProvider - deleting ui_pin_key
21:12:37 [main] ModernEncryptionProvider - deleting wallet_password_key
21:12:37 [main] SecurityGuard - Cleared DataStore backups
21:12:37 [main] ModernEncryptionProvider - key store does not have ui_pin_key, but has android.security.keystore2.AndroidKeyStoreSpi$KeyEntriesEnumerator@ec2e0e2, generating new key. Stack trace:
  at dalvik.system.VMStack.getThreadStackTrace(Native Method)
  at java.lang.Thread.getStackTrace(Thread.java:1841)
  at de.schildbach.wallet.security.ModernEncryptionProvider.getSecretKey(ModernEncryptionProvider.kt:175)
  at de.schildbach.wallet.security.ModernEncryptionProvider.encrypt(ModernEncryptionProvider.kt:79)
  at de.schildbach.wallet.security.DualFallbackEncryptionProvider.encrypt(DualFallbackEncryptionProvider.kt:85)
  at de.schildbach.wallet.security.SecurityGuard.validateKeyIntegrity(SecurityGuard.java:307)
  at de.schildbach.wallet.security.SecurityGuard.savePin(SecurityGuard.java:262)
  at de.schildbach.wallet.livedata.EncryptWalletLiveData.savePin(EncryptWalletLiveData.kt:106)
  at de.schildbach.wallet.ui.SetPinViewModel.savePinAndEncrypt(SetPinViewModel.kt:74)
  at de.schildbach.wallet.ui.SetPinViewModel.savePinAndEncrypt(SetPinViewModel.kt:65)
  at de.schildbach.wallet.ui.SetPinActivity$nextStep$submit$1.run(SetPinActivity.kt:289)
  at android.os.Handler.handleCallback(Handler.java:959)
  at android.os.Handler.dispatchMessage(Handler.java:100)
  at android.os.Looper.loopOnce(Looper.java:232)
  at android.os.Looper.loop(Looper.java:317)
  at android.app.ActivityThread.main(ActivityThread.java:8705)
  at java.lang.reflect.Method.invoke(Native Method)
  at com.android.internal.os.RuntimeInit$MethodAndArgsCaller.run(RuntimeInit.java:580)
  at com.android.internal.os.ZygoteInit.main(ZygoteInit.java:886)
21:12:37 [main] SecurityGuard - Notifying 1 health listeners of status change: HEALTHY
21:12:37 [main] SecurityGuard - Notifying 1 health listeners of status change: HEALTHY
21:12:37 [main] ModernEncryptionProvider - Decrypted data for alias: ui_pin_key
21:12:37 [main] SecurityGuard - Notifying 1 health listeners of status change: HEALTHY
21:12:37 [main] ModernEncryptionProvider - Decrypted data for alias: ui_pin_key
21:12:37 [main] MnemonicBasedKeyProvider - Derived key from mnemonic for alias: ui_pin_key
21:12:37 [main] SecurityGuard - Notifying 1 health listeners of status change: HEALTHY
21:12:37 [main] DualFallbackEncryptionProvider - Added mnemonic-fallback for ui_pin_key
21:12:37 [AsyncTask #1] BLSJniLibrary - Initializing BLS JNI Library
21:12:37 [AsyncTask #1] KeyCrypterScrypt - Deriving key took 101.1 ms for N=65536, r=8, p=1.
21:12:37 [AsyncTask #1] ModernEncryptionProvider - key store does not have wallet_password_key, but has android.security.keystore2.AndroidKeyStoreSpi$KeyEntriesEnumerator@392443, generating new key. Stack trace:
  at dalvik.system.VMStack.getThreadStackTrace(Native Method)
  at java.lang.Thread.getStackTrace(Thread.java:1841)
  at de.schildbach.wallet.security.ModernEncryptionProvider.getSecretKey(ModernEncryptionProvider.kt:175)
  at de.schildbach.wallet.security.ModernEncryptionProvider.encrypt(ModernEncryptionProvider.kt:79)
  at de.schildbach.wallet.security.DualFallbackEncryptionProvider.encrypt(DualFallbackEncryptionProvider.kt:85)
  at de.schildbach.wallet.security.SecurityGuard.validateKeyIntegrity(SecurityGuard.java:307)
  at de.schildbach.wallet.security.SecurityGuard.savePassword(SecurityGuard.java:204)
  at de.schildbach.wallet.livedata.EncryptWalletLiveData$EncryptWalletTask.doInBackground$lambda$0(EncryptWalletLiveData.kt:188)
  at de.schildbach.wallet.livedata.EncryptWalletLiveData$EncryptWalletTask.$r8$lambda$0CMI4LnZeajmC7OpxOq-bClhh3o(EncryptWalletLiveData.kt:0)
  at de.schildbach.wallet.livedata.EncryptWalletLiveData$EncryptWalletTask$$ExternalSyntheticLambda0.invoke(R8$$SyntheticClass:0)
  at de.schildbach.wallet.livedata.EncryptWalletLiveData$Companion.encryptAndSavePassword$wallet__testNet3Release(EncryptWalletLiveData.kt:58)
  at de.schildbach.wallet.livedata.EncryptWalletLiveData$EncryptWalletTask.doInBackground(EncryptWalletLiveData.kt:188)
  at de.schildbach.wallet.livedata.EncryptWalletLiveData$EncryptWalletTask.doInBackground(EncryptWalletLiveData.kt:172)
  at android.os.AsyncTask$3.call(AsyncTask.java:394)
  at java.util.concurrent.FutureTask.run(FutureTask.java:264)
  at android.os.AsyncTask$SerialExecutor$1.run(AsyncTask.java:305)
  at java.util.concurrent.ThreadPoolExecutor.runWorker(ThreadPoolExecutor.java:1145)
  at java.util.concurrent.ThreadPoolExecutor$Worker.run(ThreadPoolExecutor.java:644)
  at java.lang.Thread.run(Thread.java:1012)
21:12:37 [main] SecurityGuard - Notifying 1 health listeners of status change: HEALTHY
21:12:37 [AsyncTask #1] ModernEncryptionProvider - Decrypted data for alias: wallet_password_key
21:12:37 [AsyncTask #1] EncryptWalletLiveData - wallet successfully encrypted, using key derived by new spending password (65536 scrypt iterations)
21:12:37 [main] SecurityGuard - Notifying 1 health listeners of status change: HEALTHY
21:12:37 [main] CoinJoinExtension - CoinJoinExtension serialization: 0ms total (keys:0ms[8], cache:0ms[0], salt:0ms, io:0ms, size:1431bytes, buffer:64KB)
21:12:37 [main] WalletProtobufSerializer - walletToProto (serial=8) timing: 14ms total, init=0ms, tx=0ms[0], keys=1ms, scripts=0ms[0], metadata=0ms, ext=11ms, friendRecv=0ms, friendSend=0ms, build=0ms
21:12:37 [main] WalletProtobufSerializer - writeWallet timing: 13ms total (13ms/100% serialization, 0ms/0% I/O) buffer=8KB
21:12:37 [main] WalletApplication - wallet saved to: '/data/user/0/hashengineering.darkcoin.wallet_test/files/wallet-protobuf-testnet', took 16.43 ms
21:12:37 [main] CoinJoinExtension - CoinJoinExtension serialization: 0ms total (keys:0ms[8], cache:0ms[0], salt:0ms, io:0ms, size:1431bytes, buffer:64KB)
21:12:37 [main] WalletProtobufSerializer - walletToProto (serial=8) timing: 3ms total, init=0ms, tx=0ms[0], keys=0ms, scripts=0ms[0], metadata=0ms, ext=1ms, friendRecv=0ms, friendSend=0ms, build=0ms
21:12:37 [main] WalletApplication - wallet backed up to: 'key-backup-protobuf-testnet', took 4.484 ms
21:12:37 [main] StartupBreadcrumbs - STARTUP breadcrumb: 7 FINALIZE_INIT_BEGIN +94570ms
21:12:37 [main] SecurityGuard - loading security guard [healthy=true] with keys: [keystore_healthy, modern_encryption_migration_complete, primary_ui_pin_key, primary_wallet_password_key, fallback_mnemonic_ui_pin_key]
21:12:37 [main] SecurityGuard - loading security guard [healthy=true] with keys: [keystore_healthy, modern_encryption_migration_complete, primary_ui_pin_key, primary_wallet_password_key, fallback_mnemonic_ui_pin_key]
21:12:37 [main] ModernEncryptionProvider - Decrypted data for alias: wallet_password_key
21:12:37 [main] KeyCrypterScrypt - Deriving key took 101.2 ms for N=65536, r=8, p=1.
21:12:37 [main] ModernEncryptionProvider - Decrypted data for alias: wallet_password_key
21:12:37 [main] MnemonicBasedKeyProvider - Derived key from mnemonic for alias: wallet_password_key
21:12:37 [main] SecurityGuard - Notifying 1 health listeners of status change: HEALTHY
21:12:37 [main] DualFallbackEncryptionProvider - Added mnemonic-fallback for wallet_password_key
21:12:37 [main] SecurityGuard - Mnemonic-based fallbacks ensured for PIN and wallet password
21:12:37 [main] WalletApplication - Mnemonic-based fallbacks ensured
21:12:37 [main] ModernEncryptionProvider - Decrypted data for alias: ui_pin_key
21:12:37 [main] ModernEncryptionProvider - Decrypted data for alias: wallet_password_key
21:12:37 [main] SecurityGuard - Notifying 1 health listeners of status change: HEALTHY_WITH_FALLBACKS
21:12:37 [main] DualFallbackEncryptionProvider - Added PIN-fallback for wallet_password_key
21:12:37 [main] SecurityGuard - PIN-based fallback ensured for wallet password
21:12:37 [main] WalletApplication - PIN-based fallback added successfully
21:12:37 [main] WalletApplication - STARTUP finalizeInit: securityGuard done in 210ms
21:12:37 [main] WalletApplication - STARTUP finalizeInit: initDash done in 1ms
21:12:37 [main] StartupBreadcrumbs - STARTUP breadcrumb: 8 INIT_DASH_DONE +94781ms
21:12:37 [main] Configuration - detected app upgrade: 0 -> 12000014
21:12:37 [main] WalletApplication - STARTUP finalizeInit: afterLoadWallet done in 1ms
21:12:37 [main] StartupBreadcrumbs - STARTUP breadcrumb: 9 AFTER_LOAD_WALLET_DONE +94782ms
21:12:37 [main] StartupBreadcrumbs - STARTUP breadcrumb: 20 SDK_BIND_KICKED +94785ms
21:12:37 [DefaultDispatcher-worker-9] BlockchainIdentityData - creation: BlockchainIdentityData(NONE, null, null, null, null, null)
21:12:37 [main] PlatformSynchronizationService - Starting the platform sync job
21:12:37 [main] StartupBreadcrumbs - STARTUP breadcrumb: 10 PLATFORM_INIT_KICKED +94785ms
21:12:37 [main] WalletApplication - STARTUP finalizeInit: initPlatform+channels done in 3ms
21:12:37 [DefaultDispatcher-worker-3] SecurityGuard - loading security guard [healthy=true] with keys: [keystore_healthy, fallback_pin_wallet_password_key, primary_ui_pin_key, modern_encryption_migration_complete, fallback_mnemonic_wallet_password_key, primary_wallet_password_key, fallback_mnemonic_ui_pin_key]
21:12:37 [DefaultDispatcher-worker-3] ModernEncryptionProvider - Decrypted data for alias: wallet_password_key
21:12:37 [main] WalletApplication - STARTUP finalizeInit: integrations done in 55ms
21:12:37 [main] WalletActivityTracker - activity lifecycle: current: SetPinActivity, activities: 2 visible: 1 foreground: 0
21:12:37 [main] WalletActivityTracker - activity lifecycle: activity OnboardingActivity destroyed
21:12:37 [main] WalletActivityTracker - activity lifecycle: current: SetPinActivity, activities: 1 visible: 1 foreground: 0
21:12:37 [main] WalletActivityTracker - activity lifecycle: activity VerifySeedActivity created
21:12:37 [main] WalletActivityTracker - activity lifecycle: current: VerifySeedActivity, activities: 2 visible: 1 foreground: 0
21:12:37 [main] SecurityGuard - loading security guard [healthy=true] with keys: [keystore_healthy, fallback_pin_wallet_password_key, primary_ui_pin_key, modern_encryption_migration_complete, fallback_mnemonic_wallet_password_key, primary_wallet_password_key, fallback_mnemonic_ui_pin_key]
21:12:37 [main] SecurityGuard - loading security guard [healthy=true] with keys: [keystore_healthy, fallback_pin_wallet_password_key, primary_ui_pin_key, modern_encryption_migration_complete, fallback_mnemonic_wallet_password_key, primary_wallet_password_key, fallback_mnemonic_ui_pin_key]
21:12:37 [main] WalletActivityTracker - activity lifecycle: current: VerifySeedActivity, activities: 2 visible: 2 foreground: 0
21:12:37 [main] WalletActivityTracker - activity lifecycle: current: VerifySeedActivity, activities: 2 visible: 2 foreground: 1
21:12:37 [DefaultDispatcher-worker-3] KeyCrypterScrypt - Deriving key took 158.1 ms for N=65536, r=8, p=1.
21:12:37 [DefaultDispatcher-worker-3] DashSdkServiceImpl - bootstrapping Dash Platform SDK for network=testnet (flavor=_testNet3)
21:12:37 [DefaultDispatcher-worker-3] DashSdkServiceImpl - SDK tracing file logging (INFO) at /data/user/0/hashengineering.darkcoin.wallet_test/files/sdk-logs/platform_wallet/run.log: NOT installed (subscriber already set or dir unwritable)
21:12:37 [main] WalletActivityTracker - activity lifecycle: current: SetPinActivity, activities: 2 visible: 1 foreground: 1
21:12:37 [main] WalletActivityTracker - activity lifecycle: activity SetPinActivity destroyed
21:12:37 [main] WalletActivityTracker - activity lifecycle: current: SetPinActivity, activities: 1 visible: 1 foreground: 1
21:12:37 [DefaultDispatcher-worker-11] DashSdkServiceImpl - Dash Platform SDK started: version=4.2.0-beta.2, restored 0 wallet(s)
21:12:37 [DefaultDispatcher-worker-11] CheckpointManager - Read 2440 checkpoints up to time 2026-01-20T11:13:46Z, hash is 64631969817a1892a432d246a7c17a63d5c57d76d2ddf0404b48486637fe32a0
21:12:37 [DefaultDispatcher-worker-11] BirthHeightResolver - resolved birth time 1789852304 to SDK birth height 1401408 (checkpoint height 1405440, margin 4032 blocks)
21:12:37 [DefaultDispatcher-worker-11] DashSdkServiceImpl - app wallet bound to new SDK wallet fe172476… (birthHeight=1401408 via checkpoint mapping; 0 = full scan from genesis)
21:12:37 [DefaultDispatcher-worker-11] DashSdkServiceImpl - widenAddressWindows: BIP44 account 0 gap -> 1000 on fe172476…
21:12:37 [DefaultDispatcher-worker-11] DashSdkServiceImpl - widenAddressWindows: BIP32 account 0 gap -> 1000 on fe172476…
21:12:37 [DefaultDispatcher-worker-11] DashSdkServiceImpl - widenAddressWindows: COIN_JOIN account 0 gap -> 1000 on fe172476…
21:12:37 [DefaultDispatcher-worker-11] CheckpointManager - Read 2440 checkpoints up to time 2026-01-20T11:13:46Z, hash is 64631969817a1892a432d246a7c17a63d5c57d76d2ddf0404b48486637fe32a0
21:12:37 [DefaultDispatcher-worker-11] BirthHeightResolver - resolved birth time 1789852304 to SDK birth height 1401408 (checkpoint height 1405440, margin 4032 blocks)
21:12:37 [DefaultDispatcher-worker-11] DashSdkServiceImpl - armSpvRescan: filter watermark rewind to 1401408 armed on fe172476…
21:12:37 [DefaultDispatcher-worker-4] SdkWalletBinder - address-window heal v2 applied on fe172476…: gaps widened, backfill coverage invalidated — next gate pass rewinds with the widened script set
21:12:37 [DefaultDispatcher-worker-4] SdkWalletBinder - SDK wallet bound; identity not yet registered — discovery deferred
21:12:37 [DefaultDispatcher-worker-7] SdkBindRetryService - SDK bind established — clearing the pending state (no blocker recorded in this process)
21:12:37 [DefaultDispatcher-worker-4] PlatformSynchronizationService - SDK L1 engine not started from Application init — it starts from the foreground blockchain service (resume())
21:12:37 [DefaultDispatcher-worker-4] StartupBreadcrumbs - STARTUP breadcrumb: 23 CUTOVER_SERVICES_STARTED +95322ms
21:12:37 [DefaultDispatcher-worker-3] CutoverUiDataService - cutover committed — serving home-screen data from the SDK
21:12:37 [DefaultDispatcher-worker-9] SdkBlockchainStateService - cutover committed — deriving BlockchainState from the SDK SPV feed
21:12:38 [DefaultDispatcher-worker-3] CutoverUiDataService - cutover UI active but the engine wallet-event tap is not running (USE_KOTLIN_SDK_L1_SHADOW off, or L1ShadowSyncService not started) — instant receives degrade to the Room-snapshot/block cadence
21:12:38 [DefaultDispatcher-worker-11] CutoverTxSeamService - cutover committed — priming the SDK seam tx feed
21:12:38 [DefaultDispatcher-worker-5] CutoverTxSeamService - seam tx feed primed (0 recent records, 0 in the priming window); serving seam tx reads from the SDK store
21:12:38 [DefaultDispatcher-worker-9] CutoverUiDataService - SDK balance published: 0 duffs (was none) | l1Synced=false rescanArmedHold=true dashPayBackfill(armed=false,replaying=false) deferredContactBuilds=0 (unchangedReads=1) persistedAsLastKnown=false lastKnown=none
21:12:38 [DefaultDispatcher-worker-5] TxDisplayCacheService - Sync complete (cutoverCommitted=true): SDK=0 records | dashj wallet=0 txs | group cache=0 txs/0 groups | display=0 rows — cache is complete (SDK holds 0 records, display has 0 rows)
21:12:38 [DefaultDispatcher-worker-4] ShieldedBalanceServiceImpl - shielded runtime ready on SDK wallet fe172476… (account 0, sync loop running)
21:14:23 [main] WalletActivityTracker - activity lifecycle: current: VerifySeedActivity, activities: 1 visible: 1 foreground: 0
21:14:23 [main] WalletActivityTracker - activity lifecycle: activity MainActivity created
21:14:23 [main] WalletActivityTracker - activity lifecycle: current: MainActivity, activities: 2 visible: 1 foreground: 0
21:14:23 [main] SecurityGuard - loading security guard [healthy=true] with keys: [keystore_healthy, fallback_pin_wallet_password_key, primary_ui_pin_key, modern_encryption_migration_complete, fallback_mnemonic_wallet_password_key, primary_wallet_password_key, fallback_mnemonic_ui_pin_key]
21:14:23 [main] SecurityGuard - loading security guard [healthy=true] with keys: [keystore_healthy, fallback_pin_wallet_password_key, primary_ui_pin_key, modern_encryption_migration_complete, fallback_mnemonic_wallet_password_key, primary_wallet_password_key, fallback_mnemonic_ui_pin_key]
21:14:23 [main] ModernEncryptionProvider - Decrypted data for alias: wallet_password_key
21:14:23 [main] ModernEncryptionProvider - Decrypted data for alias: ui_pin_key
21:14:23 [main] DashPaymentIntentParser - network parameters = org.darkcoin.test
21:14:23 [main] DashPaymentIntentParser - network parameters = org.darkcoin.test
21:14:23 [main] MainViewModel - STARTUP MainViewModel init at 1789852463539
21:14:23 [DefaultDispatcher-worker-10] MainViewModel - blockchain state update: mnlist=0; chain=0; wallet=0
21:14:23 [main] StartupBreadcrumbs - STARTUP breadcrumb: 12 MAIN_UI_SHOWN +200864ms
21:14:23 [DefaultDispatcher-worker-6] DapiClient - getDocuments(contractId=GWRSAVFMjXx8HpQFaNJMqBV7MBgMK4br5UESsB4S31Ec, type=domain, {limit=5, where=[]})
21:14:23 [DefaultDispatcher-worker-4] DapiClient - getDocuments(contractId=GWRSAVFMjXx8HpQFaNJMqBV7MBgMK4br5UESsB4S31Ec, type=domain, {limit=5, where=[]})
21:14:23 [DefaultDispatcher-worker-9] DapiClient - getDocuments(contractId=GWRSAVFMjXx8HpQFaNJMqBV7MBgMK4br5UESsB4S31Ec, type=domain, {limit=5, where=[]})
21:14:23 [main] Configuration - just being used - last used 29830874 minutes ago
21:14:23 [main] WalletActivityTracker - activity lifecycle: current: MainActivity, activities: 2 visible: 2 foreground: 0
21:14:23 [DefaultDispatcher-worker-8] CrowdNodeApiAggregator - restoring CrowdNode status
21:14:23 [DefaultDispatcher-worker-8] BLSJniLibrary - Initializing BLS JNI Library
21:14:23 [main] WalletTransactionsFragment - STARTUP WalletTransactionsFragment.onViewCreated at 1789852463559
21:14:23 [main] HistoryHeaderAdapter - set invite, synced = false
21:14:23 [DefaultDispatcher-worker-2] BLSJniLibrary - Initializing BLS JNI Library
21:14:23 [main] HistoryHeaderAdapter - set invite = null
21:14:23 [main] HistoryHeaderAdapter - set invite, synced = false
21:14:23 [main] SecurityGuard - loading security guard [healthy=true] with keys: [keystore_healthy, fallback_pin_wallet_password_key, primary_ui_pin_key, modern_encryption_migration_complete, fallback_mnemonic_wallet_password_key, primary_wallet_password_key, fallback_mnemonic_ui_pin_key]
21:14:23 [main] SecurityGuard - loading security guard [healthy=true] with keys: [keystore_healthy, fallback_pin_wallet_password_key, primary_ui_pin_key, modern_encryption_migration_complete, fallback_mnemonic_wallet_password_key, primary_wallet_password_key, fallback_mnemonic_ui_pin_key]
21:14:23 [main] LockScreenActivity - show lock screen false = ![keepUnlocked=false] && autologout=true && (keepUnlockedUntilPenEntered=false || shouldLogout=false) || isHealthy=true
21:14:23 [main] MainActivity - updateTrigger => rateStale: RateRetrievalState(lastAttemptFailed=false, staleRates=false, volatile=false)
21:14:23 [main] WalletActivityTracker - activity lifecycle: current: MainActivity, activities: 2 visible: 2 foreground: 1
21:14:23 [main] BlockchainIdentityData - creation: BlockchainIdentityData(NONE, null, null, null, null, null)
21:14:23 [main] BlockchainIdentityData - creation: BlockchainIdentityData(NONE, null, null, null, null, null)
21:14:23 [main] WalletTransactionsFragment - STARTUP submitData called on thread=main at 1789852463661
21:14:23 [main] BlockchainServiceImpl - .onCreate()
21:14:23 [main] DashPaymentIntentParser - network parameters = org.darkcoin.test
21:14:23 [main] BlockchainServiceImpl - start foreground service
21:14:23 [main] BlockchainServiceImpl - .onStartCommand(Intent { cmp=hashengineering.darkcoin.wallet_test/de.schildbach.wallet.service.BlockchainServiceImpl })
21:14:23 [DefaultDispatcher-worker-8] BlockchainServiceImpl - onCreate() serviceScope waiting for cleanup null
21:14:23 [DefaultDispatcher-worker-1] BlockchainServiceImpl - onStartCommand waiting for onCreate to complete...
21:14:23 [DefaultDispatcher-worker-8] BLSJniLibrary - Initializing BLS JNI Library
21:14:23 [DefaultDispatcher-worker-8] BlockchainServiceImpl - Phase 5d cutover gate: dashjEngineMayStart=false (coordinatorAllowsDashj=false, dashjHeldByCutover=true, dashjSyncDiagnostic=false)
21:14:23 [main] WalletActivityTracker - activity lifecycle: current: MainActivity, activities: 2 visible: 2 foreground: 0
21:14:23 [DefaultDispatcher-worker-8] BlockchainServiceImpl - cannot load the bootstrap stream: mnlistdiff-testnet.dat
21:14:23 [DefaultDispatcher-worker-8] BlockchainServiceImpl - cannot load the bootstrap stream: qrinfo-testnet.dat
21:14:23 [DefaultDispatcher-worker-8] BLSJniLibrary - Initializing BLS JNI Library
21:14:23 [DefaultDispatcher-worker-8] BlockchainServiceImpl - blockchain does not exist, resetting wallet
21:14:23 [DefaultDispatcher-worker-8] AbstractQuorumState - resetting masternode list; force: true, requestFreshList: false
21:14:23 [Wallet autosave thread] BLSJniLibrary - Initializing BLS JNI Library
21:14:23 [DefaultDispatcher-worker-8] AbstractQuorumState - resetting masternode list; force: true, requestFreshList: false
21:14:23 [DefaultDispatcher-worker-8] SPVBlockStore - Creating new SPV block chain file /data/user/0/hashengineering.darkcoin.wallet_test/app_blockstore/blockchain-testnet
21:14:23 [DefaultDispatcher-worker-1] BLSJniLibrary - Initializing BLS JNI Library
21:14:23 [DefaultDispatcher-worker-8] SPVBlockStore - Creating new SPV block chain file /data/user/0/hashengineering.darkcoin.wallet_test/app_blockstore/headers-testnet
21:14:23 [DefaultDispatcher-worker-8] BlockchainServiceImpl - verifying backupBlockStore
21:14:23 [DefaultDispatcher-worker-8] BlockchainServiceImpl - verifying headerStore
21:14:23 [DefaultDispatcher-worker-6] DapiClient - searching for quorum: 6, 0000006fd9701e4371a90adcab770e68899ac259af03b51f1fdd66c1d60bad2c, 1556969
21:14:23 [DefaultDispatcher-worker-9] DapiClient - searching for quorum: 6, 0000006fd9701e4371a90adcab770e68899ac259af03b51f1fdd66c1d60bad2c, 1556969
21:14:23 [DefaultDispatcher-worker-4] DapiClient - searching for quorum: 6, 0000006fd9701e4371a90adcab770e68899ac259af03b51f1fdd66c1d60bad2c, 1556969
21:14:23 [main] BlockchainServiceImpl - .onStartCommand(Intent { act=de.schildbach.wallet.service.cancel_coins_received cmp=hashengineering.darkcoin.wallet_test/de.schildbach.wallet.service.BlockchainServiceImpl })
21:14:23 [DefaultDispatcher-worker-7] BlockchainServiceImpl - onStartCommand waiting for onCreate to complete...
21:14:23 [main] MainViewModel - platform available: false; no identity creation is progress: true
21:14:23 [main] DeviceInfoProvider - Detecting currency based on device, mobile network or locale:
21:14:23 [main] DeviceInfoProvider - Device Sim Country: us
21:14:23 [main] MainViewModel - Updating currency exchange rate based on country: US
21:14:23 [main] MainViewModel - Using default Country: US
21:14:23 [main] MainViewModel - Using default currency: USD
21:14:23 [pool-48-thread-1] BlockchainServiceImpl - verify blockstore: 300.6 μs, 0 loaded
21:14:23 [DefaultDispatcher-worker-8] BlockchainServiceImpl - verifying blockStore
21:14:23 [DefaultDispatcher-worker-10] Constants - --> GET https://rates.ctx.com/rates?source=ctx
21:14:23 [pool-48-thread-1] BlockchainServiceImpl - verify blockstore: 310.3 μs, 0 loaded
21:14:23 [DefaultDispatcher-worker-8] BlockchainServiceImpl - blockstore files verified: true, true
21:14:23 [DefaultDispatcher-worker-8] CheckpointManager - Attempting to initialize a new block store with a checkpoint for time 1789247504 (2026-09-12T21:11:44Z)
21:14:23 [DefaultDispatcher-worker-9] DapiClient - searching for quorum: 6, 0000006fd9701e4371a90adcab770e68899ac259af03b51f1fdd66c1d60bad2c, 1556969
21:14:23 [DefaultDispatcher-worker-4] DapiClient - searching for quorum: 6, 0000006fd9701e4371a90adcab770e68899ac259af03b51f1fdd66c1d60bad2c, 1556969
21:14:23 [DefaultDispatcher-worker-6] DapiClient - searching for quorum: 6, 0000006fd9701e4371a90adcab770e68899ac259af03b51f1fdd66c1d60bad2c, 1556969
21:14:23 [DefaultDispatcher-worker-8] CheckpointManager - Read 2440 checkpoints up to time 2026-01-20T11:13:46Z, hash is 64631969817a1892a432d246a7c17a63d5c57d76d2ddf0404b48486637fe32a0
21:14:23 [DefaultDispatcher-worker-8] CheckpointManager - Attempting to initialize a new block store with a checkpoint for time 1789247663 (2026-09-12T21:14:23Z)
21:14:23 [DefaultDispatcher-worker-8] CheckpointManager - Read 2440 checkpoints up to time 2026-01-20T11:13:46Z, hash is 64631969817a1892a432d246a7c17a63d5c57d76d2ddf0404b48486637fe32a0
21:14:23 [DefaultDispatcher-worker-8] BlockchainServiceImpl - checkpoints loaded from 'checkpoints-testnet.txt', took 84.91 ms
21:14:23 [DefaultDispatcher-worker-8] BLSJniLibrary - Initializing BLS JNI Library
21:14:23 [DefaultDispatcher-worker-8] AbstractBlockChain - chain head is at height 1405440:
 block: 
   hash: 000000173e6c9dd4ca8a5a75699fbb5dc4713bc238d2ce98aec7fe3a77febfeb
   version: 536870912 (0x20000000) (BIP34, BIP66, BIP65)
   previous block: 000000773d05044b4db27c023a9a12bc59eaf1f396ad7e5180ef4cb14d366150
   merkle root: ea3165fb830ba2267ad050760183eb5b8241c694406868382bdf6c2307c8e936
   time: 1768907626 (2026-01-20T11:13:46Z)
   difficulty target (nBits): 503367276
   nonce: 128740

21:14:23 [DefaultDispatcher-worker-8] AbstractBlockChain - chain head is at height 1405440:
 block: 
   hash: 000000173e6c9dd4ca8a5a75699fbb5dc4713bc238d2ce98aec7fe3a77febfeb
   version: 536870912 (0x20000000) (BIP34, BIP66, BIP65)
   previous block: 000000773d05044b4db27c023a9a12bc59eaf1f396ad7e5180ef4cb14d366150
   merkle root: ea3165fb830ba2267ad050760183eb5b8241c694406868382bdf6c2307c8e936
   time: 1768907626 (2026-01-20T11:13:46Z)
   difficulty target (nBits): 503367276
   nonce: 128740

21:14:23 [main] SecurityGuard - loading security guard [healthy=true] with keys: [keystore_healthy, fallback_pin_wallet_password_key, primary_ui_pin_key, modern_encryption_migration_complete, fallback_mnemonic_wallet_password_key, primary_wallet_password_key, fallback_mnemonic_ui_pin_key]
21:14:23 [main] BlockchainServiceImpl - network callback registered with NetworkRequest: de.schildbach.wallet.service.BlockchainServiceImpl$NetworkCallbackImpl@554c516
21:14:23 [DefaultDispatcher-worker-8] BlockchainServiceImpl - network available: 101, hasInternet: true, validated: true, type: WiFi
21:14:23 [DefaultDispatcher-worker-12] BlockchainServiceImpl - network capabilities changed: 101, hasInternet: true, validated: true
21:14:23 [DefaultDispatcher-worker-8] BlockchainServiceImpl - network capabilities changed: 100, hasInternet: true, validated: true
21:14:23 [DefaultDispatcher-worker-7] BlockchainServiceImpl - monitoring 0 old transactions
21:14:23 [main] BlockchainServiceImpl - receiver register: tickReceiver, de.schildbach.wallet.service.BlockchainServiceImpl$tickReceiver$1@61c2884
21:14:23 [DefaultDispatcher-worker-12] BlockchainServiceImpl - network available: 100, hasInternet: true, validated: true, type: Cellular
21:14:24 [DefaultDispatcher-worker-7] BlockchainServiceImpl - cutover committed — Platform quorum lookups wired to the SDK-sourced quorum list
21:14:24 [DefaultDispatcher-worker-7] StartupBreadcrumbs - STARTUP breadcrumb: 20 SDK_BIND_KICKED +201325ms
21:14:24 [DefaultDispatcher-worker-12] BlockchainServiceImpl - onCreate completed, processing onStartCommand
21:14:24 [DefaultDispatcher-worker-12] BLSJniLibrary - Initializing BLS JNI Library
21:14:24 [DefaultDispatcher-worker-12] BlockchainServiceImpl - service start command: Intent { cmp=hashengineering.darkcoin.wallet_test/de.schildbach.wallet.service.BlockchainServiceImpl }
21:14:24 [DefaultDispatcher-worker-12] BlockchainServiceImpl - .onStartCommand(Intent { cmp=hashengineering.darkcoin.wallet_test/de.schildbach.wallet.service.BlockchainServiceImpl }) finished
21:14:24 [DefaultDispatcher-worker-3] BlockchainServiceImpl - onCreate completed, processing onStartCommand
21:14:24 [DefaultDispatcher-worker-3] BLSJniLibrary - Initializing BLS JNI Library
21:14:24 [DefaultDispatcher-worker-3] BlockchainServiceImpl - service start command: Intent { act=de.schildbach.wallet.service.cancel_coins_received cmp=hashengineering.darkcoin.wallet_test/de.schildbach.wallet.service.BlockchainServiceImpl }
21:14:24 [DefaultDispatcher-worker-3] BlockchainServiceImpl - .onStartCommand(Intent { act=de.schildbach.wallet.service.cancel_coins_received cmp=hashengineering.darkcoin.wallet_test/de.schildbach.wallet.service.BlockchainServiceImpl }) finished
21:14:24 [DefaultDispatcher-worker-13] BlockchainServiceImpl - acquiring check() mutex
21:14:24 [DefaultDispatcher-worker-13] BlockchainServiceImpl - check()
21:14:24 [DefaultDispatcher-worker-7] BlockchainServiceImpl - .onCreate() finished
21:14:24 [DefaultDispatcher-worker-11] BlockchainServiceImpl - acquiring check() mutex
21:14:24 [DefaultDispatcher-worker-1] BlockchainServiceImpl - acquiring check() mutex
21:14:24 [DefaultDispatcher-worker-3] BlockchainServiceImpl - acquiring check() mutex
21:14:24 [DefaultDispatcher-worker-2] BlockchainServiceImpl - acquiring check() mutex
21:14:24 [DefaultDispatcher-worker-13] BlockchainServiceImpl - cutover committed — holding the dashj L1 engine; SDK owns L1 this launch
21:14:24 [DefaultDispatcher-worker-5] BlockchainServiceImpl - check()
21:14:24 [DefaultDispatcher-worker-5] BlockchainServiceImpl - cutover committed — holding the dashj L1 engine; SDK owns L1 this launch
21:14:24 [DefaultDispatcher-worker-5] BlockchainServiceImpl - releasing check() mutex
21:14:24 [DefaultDispatcher-worker-5] BlockchainServiceImpl - check()
21:14:24 [DefaultDispatcher-worker-5] BlockchainServiceImpl - cutover committed — holding the dashj L1 engine; SDK owns L1 this launch
21:14:24 [DefaultDispatcher-worker-5] BlockchainServiceImpl - releasing check() mutex
21:14:24 [DefaultDispatcher-worker-5] BlockchainServiceImpl - check()
21:14:24 [DefaultDispatcher-worker-5] BlockchainServiceImpl - cutover committed — holding the dashj L1 engine; SDK owns L1 this launch
21:14:24 [DefaultDispatcher-worker-5] BlockchainServiceImpl - releasing check() mutex
21:14:24 [DefaultDispatcher-worker-5] BlockchainServiceImpl - check()
21:14:24 [DefaultDispatcher-worker-5] BlockchainServiceImpl - cutover committed — holding the dashj L1 engine; SDK owns L1 this launch
21:14:24 [DefaultDispatcher-worker-5] BlockchainServiceImpl - releasing check() mutex
21:14:24 [DefaultDispatcher-worker-13] BlockchainServiceImpl - releasing check() mutex
21:14:24 [DefaultDispatcher-worker-12] SdkWalletBinder - SDK wallet bound; identity not yet registered — discovery deferred
21:14:24 [DefaultDispatcher-worker-12] StartupBreadcrumbs - STARTUP breadcrumb: 21 SDK_L1_ENGINE_STARTING +201336ms
21:14:24 [main] WalletActivityTracker - activity lifecycle: current: VerifySeedActivity, activities: 2 visible: 1 foreground: 0
21:14:24 [main] WalletActivityTracker - activity lifecycle: activity VerifySeedActivity destroyed
21:14:24 [main] WalletActivityTracker - activity lifecycle: current: VerifySeedActivity, activities: 1 visible: 1 foreground: 0
21:14:24 [DefaultDispatcher-worker-9] DapiClient - searching for quorum: 6, 0000006fd9701e4371a90adcab770e68899ac259af03b51f1fdd66c1d60bad2c, 1556969
21:14:24 [DefaultDispatcher-worker-4] DapiClient - searching for quorum: 6, 0000006fd9701e4371a90adcab770e68899ac259af03b51f1fdd66c1d60bad2c, 1556969
21:14:24 [DefaultDispatcher-worker-6] DapiClient - searching for quorum: 6, 0000006fd9701e4371a90adcab770e68899ac259af03b51f1fdd66c1d60bad2c, 1556969
21:14:24 [DefaultDispatcher-worker-10] Constants - <-- 200 https://rates.ctx.com/rates?source=ctx (383ms, unknown-length body)
21:14:24 [DefaultDispatcher-worker-8] ExchangeRatesRepository - exchange rates updated successfully with de.schildbach.wallet.rates.DashRetailClient@12e5ff1
21:14:24 [DefaultDispatcher-worker-8] ExchangeRatesRepository - updateTrigger
21:14:24 [DefaultDispatcher-worker-12] L1ShadowSyncService - DashPay bring-up before SPV: status=NO_IDENTITY discovery=1 dashPaySyncRan=false drained=0 pending=0 elapsedMs=362
21:14:24 [DefaultDispatcher-worker-11] L1ShadowSyncService - L1 shadow SPV started for SDK wallet fe172476… (dataDir=/data/user/0/hashengineering.darkcoin.wallet_test/files/l1_shadow_spv/testnet, default peer discovery); debug-only instrumentation — two SPV engines are now running
21:14:24 [DefaultDispatcher-worker-11] StartupBreadcrumbs - STARTUP breadcrumb: 22 SDK_L1_ENGINE_STARTED +201705ms
21:14:24 [DefaultDispatcher-worker-12] L1ShadowSyncService - L1Shadow phase=CONNECTING 66.7% headers 1400000/1400000 filters 1401407/1400000 wallet 0
21:14:24 [DefaultDispatcher-worker-11] StartupBreadcrumbs - STARTUP breadcrumb: 23 CUTOVER_SERVICES_STARTED +201705ms
21:14:24 [DefaultDispatcher-worker-2] L1ShadowSyncService - L1Parity probing suspended: the cutover is committed and the dashj engine is held, so its balance is frozen at the cutover snapshot — any comparison against it is a guaranteed MISMATCH that measures nothing. Turn on the Tools 'dashj sync (diagnostic)' toggle to un-hold dashj and resume probing.
21:14:24 [DefaultDispatcher-worker-2] L1ShadowSyncService - L1Parity cadence relaxing 10000ms -> 60000ms (cutover already committed)
21:14:24 [DefaultDispatcher-worker-12] L1ShadowSyncService - WalletHistoryFacts: displayDbEmpty count=0 dashjEarliestKeyTime=2026-09-19T21:11:44Z (real line follows at first sync settle)
21:14:24 [main] HistoryHeaderAdapter - set invite, synced = true
21:14:24 [DefaultDispatcher-worker-15] MainViewModel - blockchain state update: mnlist=0; chain=1400000; wallet=-1
21:14:24 [DefaultDispatcher-worker-11] L1ShadowSyncService - WalletBalanceFacts: total=0 accounts={bip44:0, bip32:0, coinjoin:0, identityRegistration:0, identityTopUpUnbound:0, identityInvitation:0, assetLockTopUp:0, assetLockShieldedTopUp:0, providerVoting:0, providerOwner:0, providerOperator:0, providerPlatform:0} confirmed=0 unconfirmed=0 txCount=0
21:14:24 [DefaultDispatcher-worker-14] MainViewModel - blockchain state update: mnlist=0; chain=1400000; wallet=-1
21:14:24 [DefaultDispatcher-worker-9] SdkQuorumDataSource - SDK quorum keys refreshed: 24 fetched, 24 cached
21:14:24 [DefaultDispatcher-worker-6] DapiClient - searching for quorum: result: a045837dcfcacb8cb1e3a34cf6689caaf5061e8d5823d27d458cd4458eac0c6268e513799d9f48439428c2de4e3a1d30
21:14:24 [DefaultDispatcher-worker-4] DapiClient - searching for quorum: result: a045837dcfcacb8cb1e3a34cf6689caaf5061e8d5823d27d458cd4458eac0c6268e513799d9f48439428c2de4e3a1d30
21:14:24 [DefaultDispatcher-worker-9] DapiClient - searching for quorum: result: a045837dcfcacb8cb1e3a34cf6689caaf5061e8d5823d27d458cd4458eac0c6268e513799d9f48439428c2de4e3a1d30
21:14:24 [DefaultDispatcher-worker-4] Platform - platform check: 1.129 s
21:14:24 [DefaultDispatcher-worker-9] Platform - platform check: 1.129 s
21:14:24 [DefaultDispatcher-worker-6] Platform - platform check: 1.133 s
21:14:24 [DefaultDispatcher-worker-6] PlatformServiceImplementation - platform available 3 of 3: true
21:14:24 [main] MainViewModel - platform available: true; no identity creation is progress: true
21:14:25 [DefaultDispatcher-worker-9] L1ShadowSyncService - ReplayMemTelemetry phase=HEADERS nativeHeapAllocated=107662688 nativeHeapSize=124825600 jvmUsed=22997008 jvmMax=603979776 headers 1400000/1556969 filters 1401407 wallet 0
21:14:25 [main] HistoryHeaderAdapter - set invite, synced = false
21:14:28 [DefaultDispatcher-worker-7] BlockchainServiceImpl - network capabilities changed: 101, hasInternet: true, validated: true
21:14:28 [DefaultDispatcher-worker-7] BlockchainServiceImpl - acquiring check() mutex
21:14:28 [DefaultDispatcher-worker-7] BlockchainServiceImpl - check()
21:14:28 [DefaultDispatcher-worker-7] BlockchainServiceImpl - cutover committed — holding the dashj L1 engine; SDK owns L1 this launch
21:14:28 [DefaultDispatcher-worker-7] BlockchainServiceImpl - releasing check() mutex
21:14:28 [Wallet autosave thread] WalletFiles - Background saving wallet; last seen block is height -1, date unknown, hash null
21:14:28 [Wallet autosave thread] CoinJoinExtension - CoinJoinExtension serialization: 0ms total (keys:0ms[8], cache:0ms[0], salt:0ms, io:0ms, size:1431bytes, buffer:64KB)
21:14:28 [Wallet autosave thread] WalletProtobufSerializer - walletToProto (serial=8) timing: 66ms total, init=0ms, tx=0ms[0], keys=0ms, scripts=0ms[0], metadata=0ms, ext=66ms, friendRecv=0ms, friendSend=0ms, build=0ms
21:14:28 [Wallet autosave thread] WalletProtobufSerializer - writeWallet timing: 66ms total (66ms/100% serialization, 0ms/0% I/O) buffer=8KB
21:14:28 [Wallet autosave thread] WalletFiles - Save completed in 69.12 ms (15322 bytes); /data/user/0/hashengineering.darkcoin.wallet_test/files/wallet-protobuf-testnet
21:14:31 [DefaultDispatcher-worker-15] BlockchainServiceImpl - network capabilities changed: 101, hasInternet: true, validated: true
21:14:31 [DefaultDispatcher-worker-15] BlockchainServiceImpl - acquiring check() mutex
21:14:31 [DefaultDispatcher-worker-15] BlockchainServiceImpl - check()
21:14:31 [DefaultDispatcher-worker-15] BlockchainServiceImpl - cutover committed — holding the dashj L1 engine; SDK owns L1 this launch
21:14:31 [DefaultDispatcher-worker-15] BlockchainServiceImpl - releasing check() mutex
21:14:32 [native-log-bridge] DashSdkNative - --------- beginning of main
21:14:32 [native-log-bridge] DashSdkNative - 09-19 16:14:25.997  3415  3886 I DashSDK : platform_wallet::changeset::core_bridge: wallet-event batch: folded=1 wallets=1 synced_height_persisted=Some(1401999) synced_height_frozen=None synced_height_rejected=None faulted=0
21:14:32 [native-log-bridge] DashSdkNative - 09-19 16:14:28.881  3415  3888 I DashSDK : platform_wallet::changeset::core_bridge: wallet-event batch: folded=1 wallets=1 synced_height_persisted=Some(1403999) synced_height_frozen=None synced_height_rejected=None faulted=0
21:14:32 [native-log-bridge] DashSdkNative - 09-19 16:14:28.968  3415  3886 I DashSDK : platform_wallet::changeset::core_bridge: wallet-event batch: folded=1 wallets=1 synced_height_persisted=Some(1405999) synced_height_frozen=None synced_height_rejected=None faulted=0
21:14:32 [native-log-bridge] DashSdkNative - 09-19 16:14:29.082  3415  3885 I DashSDK : platform_wallet::changeset::core_bridge: wallet-event batch: folded=1 wallets=1 synced_height_persisted=Some(1408000) synced_height_frozen=None synced_height_rejected=None faulted=0
21:14:32 [native-log-bridge] DashSdkNative - 09-19 16:14:30.038  3415  3887 I DashSDK : platform_wallet::changeset::core_bridge: wallet-event batch: folded=1 wallets=1 synced_height_persisted=Some(1410000) synced_height_frozen=None synced_height_rejected=None faulted=0
21:14:32 [native-log-bridge] DashSdkNative - 09-19 16:14:30.289  3415  3888 I DashSDK : platform_wallet::changeset::core_bridge: wallet-event batch: folded=1 wallets=1 synced_height_persisted=Some(1412000) synced_height_frozen=None synced_height_rejected=None faulted=0
21:14:32 [native-log-bridge] DashSdkNative - 09-19 16:14:30.290  3415  3885 I DashSDK : platform_wallet::changeset::core_bridge: wallet-event batch: folded=1 wallets=1 synced_height_persisted=Some(1414000) synced_height_frozen=None synced_height_rejected=None faulted=0
21:14:32 [native-log-bridge] DashSdkNative - 09-19 16:14:30.710  3415  3885 I DashSDK : platform_wallet::changeset::core_bridge: wallet-event batch: folded=1 wallets=1 synced_height_persisted=Some(1419000) synced_height_frozen=None synced_height_rejected=None faulted=0
21:14:32 [native-log-bridge] DashSdkNative - 09-19 16:14:30.905  3415  3888 I DashSDK : platform_wallet::changeset::core_bridge: wallet-event batch: folded=1 wallets=1 synced_height_persisted=Some(1424000) synced_height_frozen=None synced_height_rejected=None faulted=0
21:14:32 [native-log-bridge] DashSdkNative - 09-19 16:14:31.038  3415  3886 I DashSDK : platform_wallet::changeset::core_bridge: wallet-event batch: folded=1 wallets=1 synced_height_persisted=Some(1428000) synced_height_frozen=None synced_height_rejected=None faulted=0
21:14:45 [main] WalletActivityTracker - activity lifecycle: current: MainActivity, activities: 1 visible: 1 foreground: 1
21:14:45 [DefaultDispatcher-worker-12] TimeUtils - timeskew: 710; using last value
21:14:45 [main] DeviceInfoProvider - Detecting currency based on device, mobile network or locale:
21:14:45 [main] DeviceInfoProvider - Device Sim Country: us
21:14:45 [main] MainViewModel - Updating currency exchange rate based on country: US
21:14:45 [main] BlockchainServiceImpl - .onStartCommand(Intent { act=de.schildbach.wallet.service.cancel_coins_received cmp=hashengineering.darkcoin.wallet_test/de.schildbach.wallet.service.BlockchainServiceImpl })
21:14:45 [DefaultDispatcher-worker-13] BlockchainServiceImpl - onStartCommand waiting for onCreate to complete...
21:14:45 [DefaultDispatcher-worker-13] BlockchainServiceImpl - onCreate completed, processing onStartCommand
21:14:45 [DefaultDispatcher-worker-13] BLSJniLibrary - Initializing BLS JNI Library
21:14:45 [DefaultDispatcher-worker-13] BlockchainServiceImpl - service start command: Intent { act=de.schildbach.wallet.service.cancel_coins_received cmp=hashengineering.darkcoin.wallet_test/de.schildbach.wallet.service.BlockchainServiceImpl }
21:14:45 [DefaultDispatcher-worker-13] BlockchainServiceImpl - .onStartCommand(Intent { act=de.schildbach.wallet.service.cancel_coins_received cmp=hashengineering.darkcoin.wallet_test/de.schildbach.wallet.service.BlockchainServiceImpl }) finished
21:14:47 [DefaultDispatcher-worker-4] L1ShadowSyncService - L1Shadow phase=SYNCED 100.0% headers 1556969/1556969 filters 1556969/1556969 wallet 1556969
21:14:47 [DefaultDispatcher-worker-4] L1ShadowSyncService - ReplayMemTelemetry phase=SYNCED nativeHeapAllocated=175426864 nativeHeapSize=197976064 jvmUsed=18042832 jvmMax=603979776 headers 1556969/1556969 filters 1556969 wallet 1556969 SETTLED
21:14:47 [DefaultDispatcher-worker-1] L1ShadowSyncService - WalletHistoryFacts: displayDbEmpty count=0 dashjEarliestKeyTime=2026-09-19T21:11:44Z (real line follows at first sync settle)
21:14:47 [DefaultDispatcher-worker-1] L1ShadowSyncService - WalletBalanceFacts: total=0 accounts={bip44:0, bip32:0, coinjoin:0, identityRegistration:0, identityTopUpUnbound:0, identityInvitation:0, assetLockTopUp:0, assetLockShieldedTopUp:0, providerVoting:0, providerOwner:0, providerOperator:0, providerPlatform:0} confirmed=0 unconfirmed=0 txCount=0
21:14:47 [DefaultDispatcher-worker-10] MainViewModel - blockchain state update: mnlist=1556969; chain=1556969; wallet=-1
21:14:47 [DefaultDispatcher-worker-5] TxDisplayCacheService - Sync complete (cutoverCommitted=true): SDK=0 records | dashj wallet=0 txs | group cache=0 txs/0 groups | display=0 rows — cache is complete (SDK holds 0 records, display has 0 rows)
21:14:47 [main] HistoryHeaderAdapter - set invite, synced = true
21:14:47 [main] BlockchainServiceImpl - cutover committed and SDK L1 scan synced — triggering identity/contacts discovery
21:14:47 [DefaultDispatcher-worker-15] BlockchainIdentityData - creation: BlockchainIdentityData(NONE, null, null, null, null, null)
21:14:47 [DefaultDispatcher-worker-15] PlatformSynchronizationService - discoverAndRecoverIdentity: checking for existing associated identity
21:14:47 [DefaultDispatcher-worker-15] SecurityGuard - loading security guard [healthy=true] with keys: [keystore_healthy, fallback_pin_wallet_password_key, primary_ui_pin_key, modern_encryption_migration_complete, fallback_mnemonic_wallet_password_key, primary_wallet_password_key, fallback_mnemonic_ui_pin_key]
21:14:47 [DefaultDispatcher-worker-15] ModernEncryptionProvider - Decrypted data for alias: wallet_password_key
21:14:47 [DefaultDispatcher-worker-15] KeyCrypterScrypt - Deriving key took 107.2 ms for N=65536, r=8, p=1.
21:14:47 [DefaultDispatcher-worker-15] DapiClient - getIdentityByFirstPublicKey(2143b6b7797f5accf146536ac862bfc2b0f2bfe2)
21:14:47 [DefaultDispatcher-worker-15] PlatformSynchronizationService - discoverAndRecoverIdentity: no existing identity found
21:14:47 [DefaultDispatcher-worker-15] PlatformSynchronizationService - identity-discovery guard released (no identity found) — a later discovery may run again
21:14:47 [DefaultDispatcher-worker-4] PlatformSynchronizationService - TxMetadata publish: not publishing — saveToNetwork is OFF (per-device setting; the default for a new or restored install, and it does NOT travel with the wallet)
21:14:47 [DefaultDispatcher-worker-15] BlockchainServiceImpl - post-cutover identity discovery found nothing and the wallet has no identity — re-arming; next attempt no sooner than 120000 ms from now
21:14:47 [DefaultDispatcher-worker-10] PlatformSynchronizationService - TxMetadata settings: saveToNetwork=false frequency=afterTenTransactions saveAfter=9223372036854775807 paymentCategory=false taxCategory=false exchangeRates=false memos=false giftCards=false storedDocuments=0
21:14:48 [DefaultDispatcher-worker-15] L1ShadowSyncService - L1 engine chainlock height 0 -> 1556969
21:14:48 [DefaultDispatcher-worker-7] MainViewModel - blockchain state update: mnlist=1556969; chain=1556969; wallet=-1
21:14:49 [DefaultDispatcher-worker-8] BlockchainServiceImpl - network capabilities changed: 101, hasInternet: true, validated: true
21:14:49 [DefaultDispatcher-worker-8] BlockchainServiceImpl - acquiring check() mutex
21:14:49 [DefaultDispatcher-worker-8] BlockchainServiceImpl - check()
21:14:49 [DefaultDispatcher-worker-8] BlockchainServiceImpl - cutover committed — holding the dashj L1 engine; SDK owns L1 this launch
21:14:49 [DefaultDispatcher-worker-8] BlockchainServiceImpl - releasing check() mutex
21:14:53 [main] StartupBreadcrumbs - STARTUP breadcrumb: 13 LAUNCH_SURVIVED +230918ms
21:14:55 [DefaultDispatcher-worker-8] BlockchainServiceImpl - network capabilities changed: 101, hasInternet: true, validated: true
21:14:55 [DefaultDispatcher-worker-8] BlockchainServiceImpl - acquiring check() mutex
21:14:55 [DefaultDispatcher-worker-8] BlockchainServiceImpl - check()
21:14:55 [DefaultDispatcher-worker-8] BlockchainServiceImpl - cutover committed — holding the dashj L1 engine; SDK owns L1 this launch
21:14:55 [DefaultDispatcher-worker-8] BlockchainServiceImpl - releasing check() mutex
21:15:00 [main] BlockchainServiceImpl - MEM pss=297MB nativeHeap=153/180MB jvm=18/576MB
21:15:01 [DefaultDispatcher-worker-8] BlockchainServiceImpl - network capabilities changed: 101, hasInternet: true, validated: true
21:15:01 [DefaultDispatcher-worker-8] BlockchainServiceImpl - acquiring check() mutex
21:15:01 [DefaultDispatcher-worker-8] BlockchainServiceImpl - check()
21:15:01 [DefaultDispatcher-worker-8] BlockchainServiceImpl - cutover committed — holding the dashj L1 engine; SDK owns L1 this launch
21:15:01 [DefaultDispatcher-worker-8] BlockchainServiceImpl - releasing check() mutex
21:15:02 [native-log-bridge] DashSdkNative - 09-19 16:14:33.318  3415  3886 I DashSDK : platform_wallet::changeset::core_bridge: wallet-event batch: folded=1 wallets=1 synced_height_persisted=Some(1430000) synced_height_frozen=None synced_height_rejected=None faulted=0
21:15:02 [native-log-bridge] DashSdkNative - 09-19 16:14:33.366  3415  3886 I DashSDK : platform_wallet::changeset::core_bridge: wallet-event batch: folded=1 wallets=1 synced_height_persisted=Some(1432000) synced_height_frozen=None synced_height_rejected=None faulted=0
21:15:02 [native-log-bridge] DashSdkNative - 09-19 16:14:33.371  3415  3887 I DashSDK : platform_wallet::changeset::core_bridge: wallet-event batch: folded=1 wallets=1 synced_height_persisted=Some(1434000) synced_height_frozen=None synced_height_rejected=None faulted=0
21:15:02 [native-log-bridge] DashSdkNative - 09-19 16:14:38.449  3415  3886 I DashSDK : platform_wallet::changeset::core_bridge: wallet-event batch: folded=1 wallets=1 synced_height_persisted=Some(1436000) synced_height_frozen=None synced_height_rejected=None faulted=0
21:15:02 [native-log-bridge] DashSdkNative - 09-19 16:14:38.753  3415  3885 I DashSDK : platform_wallet::changeset::core_bridge: wallet-event batch: folded=1 wallets=1 synced_height_persisted=Some(1438000) synced_height_frozen=None synced_height_rejected=None faulted=0
21:15:02 [native-log-bridge] DashSdkNative - 09-19 16:14:39.087  3415  3887 I DashSDK : platform_wallet::changeset::core_bridge: wallet-event batch: folded=1 wallets=1 synced_height_persisted=Some(1440000) synced_height_frozen=None synced_height_rejected=None faulted=0
21:15:02 [native-log-bridge] DashSdkNative - 09-19 16:14:41.519  3415  3887 I DashSDK : platform_wallet::changeset::core_bridge: wallet-event batch: folded=1 wallets=1 synced_height_persisted=Some(1445000) synced_height_frozen=None synced_height_rejected=None faulted=0
21:15:02 [native-log-bridge] DashSdkNative - 09-19 16:14:42.048  3415  3887 I DashSDK : platform_wallet::changeset::core_bridge: wallet-event batch: folded=1 wallets=1 synced_height_persisted=Some(1450000) synced_height_frozen=None synced_height_rejected=None faulted=0
21:15:02 [native-log-bridge] DashSdkNative - 09-19 16:14:42.385  3415  3885 I DashSDK : platform_wallet::changeset::core_bridge: wallet-event batch: folded=1 wallets=1 synced_height_persisted=Some(1455000) synced_height_frozen=None synced_height_rejected=None faulted=0
21:15:02 [native-log-bridge] DashSdkNative - 09-19 16:14:42.661  3415  3888 I DashSDK : platform_wallet::changeset::core_bridge: wallet-event batch: folded=1 wallets=1 synced_height_persisted=Some(1460000) synced_height_frozen=None synced_height_rejected=None faulted=0
21:15:02 [native-log-bridge] DashSdkNative - 09-19 16:14:42.896  3415  3885 I DashSDK : platform_wallet::changeset::core_bridge: wallet-event batch: folded=1 wallets=1 synced_height_persisted=Some(1465000) synced_height_frozen=None synced_height_rejected=None faulted=0
21:15:02 [native-log-bridge] DashSdkNative - 09-19 16:14:43.133  3415  3885 I DashSDK : platform_wallet::changeset::core_bridge: wallet-event batch: folded=1 wallets=1 synced_height_persisted=Some(1470000) synced_height_frozen=None synced_height_rejected=None faulted=0
21:15:02 [native-log-bridge] DashSdkNative - 09-19 16:14:43.349  3415  3886 I DashSDK : platform_wallet::changeset::core_bridge: wallet-event batch: folded=1 wallets=1 synced_height_persisted=Some(1475000) synced_height_frozen=None synced_height_rejected=None faulted=0
21:15:02 [native-log-bridge] DashSdkNative - 09-19 16:14:43.541  3415  3887 I DashSDK : platform_wallet::changeset::core_bridge: wallet-event batch: folded=1 wallets=1 synced_height_persisted=Some(1480000) synced_height_frozen=None synced_height_rejected=None faulted=0
21:15:02 [native-log-bridge] DashSdkNative - 09-19 16:14:43.756  3415  3885 I DashSDK : platform_wallet::changeset::core_bridge: wallet-event batch: folded=1 wallets=1 synced_height_persisted=Some(1485000) synced_height_frozen=None synced_height_rejected=None faulted=0
21:15:02 [native-log-bridge] DashSdkNative - 09-19 16:14:44.029  3415  3885 I DashSDK : platform_wallet::changeset::core_bridge: wallet-event batch: folded=1 wallets=1 synced_height_persisted=Some(1490000) synced_height_frozen=None synced_height_rejected=None faulted=0
21:15:02 [native-log-bridge] DashSdkNative - 09-19 16:14:44.233  3415  3887 I DashSDK : platform_wallet::changeset::core_bridge: wallet-event batch: folded=1 wallets=1 synced_height_persisted=Some(1495000) synced_height_frozen=None synced_height_rejected=None faulted=0
21:15:02 [native-log-bridge] DashSdkNative - 09-19 16:14:44.451  3415  3885 I DashSDK : platform_wallet::changeset::core_bridge: wallet-event batch: folded=1 wallets=1 synced_height_persisted=Some(1500000) synced_height_frozen=None synced_height_rejected=None faulted=0
21:15:02 [native-log-bridge] DashSdkNative - 09-19 16:14:44.655  3415  3887 I DashSDK : platform_wallet::changeset::core_bridge: wallet-event batch: folded=1 wallets=1 synced_height_persisted=Some(1505000) synced_height_frozen=None synced_height_rejected=None faulted=0
21:15:02 [native-log-bridge] DashSdkNative - 09-19 16:14:44.930  3415  3888 I DashSDK : platform_wallet::changeset::core_bridge: wallet-event batch: folded=1 wallets=1 synced_height_persisted=Some(1510000) synced_height_frozen=None synced_height_rejected=None faulted=0
21:15:02 [native-log-bridge] DashSdkNative - 09-19 16:14:45.147  3415  3886 I DashSDK : platform_wallet::changeset::core_bridge: wallet-event batch: folded=1 wallets=1 synced_height_persisted=Some(1515000) synced_height_frozen=None synced_height_rejected=None faulted=0
21:15:02 [native-log-bridge] DashSdkNative - 09-19 16:14:45.334  3415  3887 I DashSDK : platform_wallet::changeset::core_bridge: wallet-event batch: folded=1 wallets=1 synced_height_persisted=Some(1520000) synced_height_frozen=None synced_height_rejected=None faulted=0
21:15:02 [native-log-bridge] DashSdkNative - 09-19 16:14:45.533  3415  3888 I DashSDK : platform_wallet::changeset::core_bridge: wallet-event batch: folded=1 wallets=1 synced_height_persisted=Some(1525000) synced_height_frozen=None synced_height_rejected=None faulted=0
21:15:02 [native-log-bridge] DashSdkNative - 09-19 16:14:45.736  3415  3886 I DashSDK : platform_wallet::changeset::core_bridge: wallet-event batch: folded=1 wallets=1 synced_height_persisted=Some(1530000) synced_height_frozen=None synced_height_rejected=None faulted=0
21:15:02 [native-log-bridge] DashSdkNative - 09-19 16:14:46.080  3415  3887 I DashSDK : platform_wallet::changeset::core_bridge: wallet-event batch: folded=1 wallets=1 synced_height_persisted=Some(1535000) synced_height_frozen=None synced_height_rejected=None faulted=0
21:15:02 [native-log-bridge] DashSdkNative - 09-19 16:14:46.083  3415  3888 I DashSDK : platform_wallet::changeset::core_bridge: wallet-event batch: folded=1 wallets=1 synced_height_persisted=Some(1540000) synced_height_frozen=None synced_height_rejected=None faulted=0
21:15:02 [native-log-bridge] DashSdkNative - 09-19 16:14:46.336  3415  3885 I DashSDK : platform_wallet::changeset::core_bridge: wallet-event batch: folded=1 wallets=1 synced_height_persisted=Some(1545000) synced_height_frozen=None synced_height_rejected=None faulted=0
21:15:02 [native-log-bridge] DashSdkNative - 09-19 16:14:46.583  3415  3887 I DashSDK : platform_wallet::changeset::core_bridge: wallet-event batch: folded=1 wallets=1 synced_height_persisted=Some(1550000) synced_height_frozen=None synced_height_rejected=None faulted=0
21:15:02 [native-log-bridge] DashSdkNative - 09-19 16:14:46.719  3415  3885 I DashSDK : platform_wallet::changeset::core_bridge: wallet-event batch: folded=1 wallets=1 synced_height_persisted=Some(1555000) synced_height_frozen=None synced_height_rejected=None faulted=0
21:15:02 [native-log-bridge] DashSdkNative - 09-19 16:14:46.768  3415  3885 I DashSDK : platform_wallet::changeset::core_bridge: wallet-event batch: folded=1 wallets=1 synced_height_persisted=Some(1556969) synced_height_frozen=None synced_height_rejected=None faulted=0
21:15:02 [native-log-bridge] DashSdkNative - 09-19 16:14:48.423  3415  3885 I DashSDK : platform_wallet::changeset::core_bridge: wallet-event batch: folded=1 wallets=1 synced_height_persisted=None synced_height_frozen=None synced_height_rejected=None faulted=0
21:15:04 [DefaultDispatcher-worker-4] BlockchainServiceImpl - network capabilities changed: 101, hasInternet: true, validated: true
21:15:04 [DefaultDispatcher-worker-4] BlockchainServiceImpl - acquiring check() mutex
21:15:04 [DefaultDispatcher-worker-4] BlockchainServiceImpl - check()
21:15:04 [DefaultDispatcher-worker-4] BlockchainServiceImpl - cutover committed — holding the dashj L1 engine; SDK owns L1 this launch
21:15:04 [DefaultDispatcher-worker-4] BlockchainServiceImpl - releasing check() mutex
21:15:08 [DefaultDispatcher-worker-13] MainViewModel - blockchain state update: mnlist=1556969; chain=1556970; wallet=-1
21:15:10 [DefaultDispatcher-worker-3] BlockchainServiceImpl - network capabilities changed: 101, hasInternet: true, validated: true
21:15:10 [DefaultDispatcher-worker-3] BlockchainServiceImpl - acquiring check() mutex
21:15:10 [DefaultDispatcher-worker-3] BlockchainServiceImpl - check()
21:15:10 [DefaultDispatcher-worker-3] BlockchainServiceImpl - cutover committed — holding the dashj L1 engine; SDK owns L1 this launch
21:15:10 [DefaultDispatcher-worker-3] BlockchainServiceImpl - releasing check() mutex
21:15:12 [DefaultDispatcher-worker-9] L1ShadowSyncService - L1 engine chainlock height 1556969 -> 1556970
21:15:12 [DefaultDispatcher-worker-15] MainViewModel - blockchain state update: mnlist=1556969; chain=1556970; wallet=-1
21:15:19 [DefaultDispatcher-worker-4] BlockchainServiceImpl - network capabilities changed: 101, hasInternet: true, validated: true
21:15:19 [DefaultDispatcher-worker-4] BlockchainServiceImpl - acquiring check() mutex
21:15:19 [DefaultDispatcher-worker-4] BlockchainServiceImpl - check()
21:15:19 [DefaultDispatcher-worker-4] BlockchainServiceImpl - cutover committed — holding the dashj L1 engine; SDK owns L1 this launch
21:15:19 [DefaultDispatcher-worker-4] BlockchainServiceImpl - releasing check() mutex
21:15:24 [DefaultDispatcher-worker-2] BLSJniLibrary - Initializing BLS JNI Library
21:15:24 [DefaultDispatcher-worker-2] DeterministicKeyChain - 1 keys needed for M/44H/1H/0H/0 = 1 issued + 0 lookahead size + 0 lookahead threshold - 0 num children
21:15:24 [DefaultDispatcher-worker-2] DeterministicKeyChain - Took 540.6 μs
21:15:24 [main] BlockchainIdentityData - creation: BlockchainIdentityData(NONE, null, null, null, null, null)
21:15:28 [DefaultDispatcher-worker-6] BlockchainServiceImpl - network capabilities changed: 101, hasInternet: true, validated: true
21:15:28 [DefaultDispatcher-worker-6] BlockchainServiceImpl - acquiring check() mutex
21:15:28 [DefaultDispatcher-worker-6] BlockchainServiceImpl - check()
21:15:28 [DefaultDispatcher-worker-6] BlockchainServiceImpl - cutover committed — holding the dashj L1 engine; SDK owns L1 this launch
21:15:28 [DefaultDispatcher-worker-6] BlockchainServiceImpl - releasing check() mutex
21:15:32 [native-log-bridge] DashSdkNative - 09-19 16:15:12.026  3415  3888 I DashSDK : platform_wallet::changeset::core_bridge: wallet-event batch: folded=1 wallets=1 synced_height_persisted=None synced_height_frozen=None synced_height_rejected=None faulted=0
21:15:34 [DefaultDispatcher-worker-7] BlockchainServiceImpl - network capabilities changed: 101, hasInternet: true, validated: true
21:15:34 [DefaultDispatcher-worker-7] BlockchainServiceImpl - acquiring check() mutex
21:15:34 [DefaultDispatcher-worker-7] BlockchainServiceImpl - check()
21:15:34 [DefaultDispatcher-worker-7] BlockchainServiceImpl - cutover committed — holding the dashj L1 engine; SDK owns L1 this launch
21:15:34 [DefaultDispatcher-worker-7] BlockchainServiceImpl - releasing check() mutex
21:15:37 [DefaultDispatcher-worker-12] BlockchainServiceImpl - network capabilities changed: 101, hasInternet: true, validated: true
21:15:37 [DefaultDispatcher-worker-12] BlockchainServiceImpl - acquiring check() mutex
21:15:37 [DefaultDispatcher-worker-12] BlockchainServiceImpl - check()
21:15:37 [DefaultDispatcher-worker-12] BlockchainServiceImpl - cutover committed — holding the dashj L1 engine; SDK owns L1 this launch
21:15:37 [DefaultDispatcher-worker-12] BlockchainServiceImpl - releasing check() mutex
21:15:46 [DefaultDispatcher-worker-7] BlockchainServiceImpl - network capabilities changed: 101, hasInternet: true, validated: true
21:15:46 [DefaultDispatcher-worker-7] BlockchainServiceImpl - acquiring check() mutex
21:15:46 [DefaultDispatcher-worker-7] BlockchainServiceImpl - check()
21:15:46 [DefaultDispatcher-worker-7] BlockchainServiceImpl - cutover committed — holding the dashj L1 engine; SDK owns L1 this launch
21:15:46 [DefaultDispatcher-worker-7] BlockchainServiceImpl - releasing check() mutex
21:15:49 [DefaultDispatcher-worker-11] BlockchainServiceImpl - network capabilities changed: 101, hasInternet: true, validated: true
21:15:49 [DefaultDispatcher-worker-11] BlockchainServiceImpl - acquiring check() mutex
21:15:49 [DefaultDispatcher-worker-11] BlockchainServiceImpl - check()
21:15:49 [DefaultDispatcher-worker-11] BlockchainServiceImpl - cutover committed — holding the dashj L1 engine; SDK owns L1 this launch
21:15:49 [DefaultDispatcher-worker-11] BlockchainServiceImpl - releasing check() mutex
21:15:52 [DefaultDispatcher-worker-11] L1ShadowSyncService - L1Shadow phase=SYNCED 100.0% headers 1556970/1556970 filters 1556970/1556970 wallet 1556970
21:15:52 [DefaultDispatcher-worker-1] MainViewModel - blockchain state update: mnlist=1556969; chain=1556970; wallet=-1
21:15:52 [DefaultDispatcher-worker-7] BlockchainServiceImpl - network capabilities changed: 101, hasInternet: true, validated: true
21:15:52 [DefaultDispatcher-worker-7] BlockchainServiceImpl - acquiring check() mutex
21:15:52 [DefaultDispatcher-worker-7] BlockchainServiceImpl - check()
21:15:52 [DefaultDispatcher-worker-7] BlockchainServiceImpl - cutover committed — holding the dashj L1 engine; SDK owns L1 this launch
21:15:52 [DefaultDispatcher-worker-7] BlockchainServiceImpl - releasing check() mutex
21:15:54 [DefaultDispatcher-worker-12] L1ShadowSyncService - L1 engine tx event: Detected(txidHex=9a3b6f2983b59c13aa4a12e6c87b0b344646a38df3877c9077838313121c6e23, netAmountDuffs=100000000, feeDuffs=null, contextCode=0, directionCode=0)
21:15:54 [DefaultDispatcher-worker-12] CutoverUiDataService - engine detected tx 9a3b6f2983b59c13aa4a12e6c87b0b344646a38df3877c9077838313121c6e23 pre-block (context=0, net=100000000 duffs) — syncing display row now
21:15:54 [DefaultDispatcher-worker-8] CutoverUiDataService - SDK balance published: 100000000 duffs (was 0) | l1Synced=true rescanArmedHold=true dashPayBackfill(armed=false,replaying=false) deferredContactBuilds=0 (unchangedReads=3) persistedAsLastKnown=false lastKnown=none
21:15:54 [DefaultDispatcher-worker-10] CutoverUiDataService - cutover UI display sync: 1 SDK records → 1 inserts, 0 status updates
21:15:54 [DefaultDispatcher-worker-10] CutoverUiDataService - engine-detected receive 9a3b6f2983b59c13aa4a12e6c87b0b344646a38df3877c9077838313121c6e23 (100000000 duffs) — notifying in 2000ms unless an outgoing sibling classifies it internal
21:15:55 [DefaultDispatcher-worker-4] BlockchainServiceImpl - network capabilities changed: 101, hasInternet: true, validated: true
21:15:55 [DefaultDispatcher-worker-4] BlockchainServiceImpl - acquiring check() mutex
21:15:55 [DefaultDispatcher-worker-4] BlockchainServiceImpl - check()
21:15:55 [DefaultDispatcher-worker-4] BlockchainServiceImpl - cutover committed — holding the dashj L1 engine; SDK owns L1 this launch
21:15:55 [DefaultDispatcher-worker-4] BlockchainServiceImpl - releasing check() mutex
21:15:56 [DefaultDispatcher-worker-9] MainViewModel - blockchain state update: mnlist=1556970; chain=1556970; wallet=-1
21:15:58 [DefaultDispatcher-worker-13] BlockchainServiceImpl - network capabilities changed: 101, hasInternet: true, validated: true
21:15:58 [DefaultDispatcher-worker-13] BlockchainServiceImpl - acquiring check() mutex
21:15:58 [DefaultDispatcher-worker-13] BlockchainServiceImpl - check()
21:15:58 [DefaultDispatcher-worker-13] BlockchainServiceImpl - cutover committed — holding the dashj L1 engine; SDK owns L1 this launch
21:15:58 [DefaultDispatcher-worker-13] BlockchainServiceImpl - releasing check() mutex
21:15:59 [DefaultDispatcher-worker-5] L1ShadowSyncService - L1 engine tx event: InstantLocked(txidHex=9a3b6f2983b59c13aa4a12e6c87b0b344646a38df3877c9077838313121c6e23)
21:15:59 [DefaultDispatcher-worker-15] CutoverUiDataService - engine IS lock for 9a3b6f2983b59c13aa4a12e6c87b0b344646a38df3877c9077838313121c6e23 — display row flipped pre-block
21:16:00 [main] BlockchainServiceImpl - MEM pss=295MB nativeHeap=155/181MB jvm=22/576MB
21:16:00 [main] BlockchainServiceImpl - History of transactions/blocks/headers/mnlistdiff (sdk): 2/1/1/1
21:16:02 [native-log-bridge] DashSdkNative - 09-19 16:15:52.197  3415  3885 I DashSDK : platform_wallet::changeset::core_bridge: wallet-event batch: folded=1 wallets=1 synced_height_persisted=Some(1556970) synced_height_frozen=None synced_height_rejected=None faulted=0
21:16:02 [native-log-bridge] DashSdkNative - 09-19 16:15:54.659  3415  3885 I DashSDK : platform_wallet::changeset::core_bridge: wallet-event batch: folded=1 wallets=1 synced_height_persisted=None synced_height_frozen=None synced_height_rejected=None faulted=0
21:16:02 [native-log-bridge] DashSdkNative - 09-19 16:15:59.733  3415  3888 I DashSDK : platform_wallet::changeset::core_bridge: wallet-event batch: folded=1 wallets=1 synced_height_persisted=None synced_height_frozen=None synced_height_rejected=None faulted=0
21:16:07 [main] WalletTransactionsFragment - STARTUP WalletTransactionsFragment.onViewCreated at 1789852567269
21:16:07 [main] HistoryHeaderAdapter - set invite, synced = true
21:16:07 [main] WalletTransactionsFragment - STARTUP submitData called on thread=main at 1789852567271
21:16:07 [DefaultDispatcher-worker-1] BLSJniLibrary - Initializing BLS JNI Library
21:16:07 [main] HistoryHeaderAdapter - set invite = null
21:16:07 [main] HistoryHeaderAdapter - set invite, synced = true
21:16:07 [main] WalletTransactionsFragment - STARTUP swapping to live adapter: 2 items at 1789852567347
21:16:07 [DefaultDispatcher-worker-1] BlockchainServiceImpl - network capabilities changed: 101, hasInternet: true, validated: true
21:16:07 [DefaultDispatcher-worker-1] BlockchainServiceImpl - acquiring check() mutex
21:16:07 [DefaultDispatcher-worker-1] BlockchainServiceImpl - check()
21:16:07 [DefaultDispatcher-worker-1] BlockchainServiceImpl - cutover committed — holding the dashj L1 engine; SDK owns L1 this launch
21:16:07 [DefaultDispatcher-worker-1] BlockchainServiceImpl - releasing check() mutex
21:16:11 [DefaultDispatcher-worker-13] L1ShadowSyncService - L1 engine chainlock height 1556970 -> 1556971
21:16:11 [DefaultDispatcher-worker-1] MainViewModel - blockchain state update: mnlist=1556970; chain=1556970; wallet=-1
21:16:11 [DefaultDispatcher-worker-15] MainViewModel - blockchain state update: mnlist=1556971; chain=1556971; wallet=-1
21:16:14 [DefaultDispatcher-worker-9] BlockchainServiceImpl - network capabilities changed: 101, hasInternet: true, validated: true
21:16:14 [DefaultDispatcher-worker-9] BlockchainServiceImpl - acquiring check() mutex
21:16:14 [DefaultDispatcher-worker-9] BlockchainServiceImpl - check()
21:16:14 [DefaultDispatcher-worker-9] BlockchainServiceImpl - cutover committed — holding the dashj L1 engine; SDK owns L1 this launch
21:16:14 [DefaultDispatcher-worker-9] BlockchainServiceImpl - releasing check() mutex
21:16:17 [DefaultDispatcher-worker-15] BlockchainServiceImpl - network capabilities changed: 101, hasInternet: true, validated: true
21:16:17 [DefaultDispatcher-worker-15] BlockchainServiceImpl - acquiring check() mutex
21:16:17 [DefaultDispatcher-worker-15] BlockchainServiceImpl - check()
21:16:17 [DefaultDispatcher-worker-15] BlockchainServiceImpl - cutover committed — holding the dashj L1 engine; SDK owns L1 this launch
21:16:17 [DefaultDispatcher-worker-15] BlockchainServiceImpl - releasing check() mutex
21:16:28 [DefaultDispatcher-worker-14] BlockchainServiceImpl - network lost: 100, remaining networks: 1
21:16:30 [DefaultDispatcher-worker-2] BlockchainServiceImpl - network capabilities changed: 100, hasInternet: true, validated: true
21:16:30 [DefaultDispatcher-worker-2] BlockchainServiceImpl - acquiring check() mutex
21:16:30 [DefaultDispatcher-worker-2] BlockchainServiceImpl - check()
21:16:30 [DefaultDispatcher-worker-2] BlockchainServiceImpl - cutover committed — holding the dashj L1 engine; SDK owns L1 this launch
21:16:30 [DefaultDispatcher-worker-2] BlockchainServiceImpl - releasing check() mutex
21:16:30 [DefaultDispatcher-worker-6] BlockchainServiceImpl - network available: 100, hasInternet: true, validated: true, type: Cellular
21:16:30 [DefaultDispatcher-worker-6] BlockchainServiceImpl - acquiring check() mutex
21:16:30 [DefaultDispatcher-worker-6] BlockchainServiceImpl - check()
21:16:30 [DefaultDispatcher-worker-6] BlockchainServiceImpl - cutover committed — holding the dashj L1 engine; SDK owns L1 this launch
21:16:30 [DefaultDispatcher-worker-6] BlockchainServiceImpl - releasing check() mutex
21:16:32 [native-log-bridge] DashSdkNative - 09-19 16:16:11.414  3415  3887 I DashSDK : platform_wallet::changeset::core_bridge: wallet-event batch: folded=1 wallets=1 synced_height_persisted=Some(1556971) synced_height_frozen=None synced_height_rejected=None faulted=0
21:16:32 [native-log-bridge] DashSdkNative - 09-19 16:16:11.509  3415  3885 I DashSDK : platform_wallet::changeset::core_bridge: wallet-event batch: folded=1 wallets=1 synced_height_persisted=None synced_height_frozen=None synced_height_rejected=None faulted=0
21:16:38 [DefaultDispatcher-worker-1] L1ShadowSyncService - L1 engine chainlock height 1556971 -> 1556972
21:16:38 [DefaultDispatcher-worker-15] MainViewModel - blockchain state update: mnlist=1556971; chain=1556971; wallet=-1
21:16:39 [DefaultDispatcher-worker-3] L1ShadowSyncService - L1Shadow phase=SYNCED 100.0% headers 1556972/1556972 filters 1556972/1556972 wallet 1556972
21:16:39 [DefaultDispatcher-worker-14] MainViewModel - blockchain state update: mnlist=1556972; chain=1556972; wallet=-1
21:17:18 [main] StartupBreadcrumbs - STARTUP breadcrumb: 1 LOGGING_INITIALIZED +2ms
21:17:18 [main] StartupBreadcrumbs - STARTUP breadcrumb: 2 FIREBASE_INITIALIZED +8ms
21:17:18 [process-exit-reasons] ProcessExitReasons - STARTUP exit history: #0 reason=USER_REQUESTED(10) at=2026-09-19T16:16:45 (32s ago) importance=FOREGROUND(100) pss=0KB/0.0MB rss=0KB/0.0MB process=hashengineering.darkcoin.wallet_test pid=3415 status=0 definingUid=10209 description="[FORCE STOP] stop hashengineering.darkcoin.wallet_test due to from pid 4699"
21:17:18 [main] WalletApplication - STARTUP WalletApplication.onCreate()
21:17:18 [main] StartupBreadcrumbs - STARTUP breadcrumb: 3 CONFIG_LOADED +9ms
21:17:18 [main] WalletApplicationExt - a previous Reset Wallet did not finish — completing it now; this launch does not load a wallet
21:17:18 [process-exit-reasons] ProcessExitReasons - PROCESS EXIT REASON: USER_REQUESTED(10) — previous process died 32s ago at 2026-09-19T16:16:45, importance=FOREGROUND(100), pss=0KB/0.0MB, rss=0KB/0.0MB, description="[FORCE STOP] stop hashengineering.darkcoin.wallet_test due to from pid 4699"
21:17:18 [main] StartupBreadcrumbs - STARTUP breadcrumb: 11 ONCREATE_COMPLETE +12ms
21:17:18 [main] BootstrapReceiver - got broadcast: Intent { act=android.intent.action.BOOT_COMPLETED flg=0x9000030 pkg=hashengineering.darkcoin.wallet_test cmp=hashengineering.darkcoin.wallet_test/de.schildbach.wallet.service.BootstrapReceiver (has extras) }
21:17:18 [main] WalletApplication - removing wallet from memory during wipe
21:17:18 [bootstrap] BLSJniLibrary - Initializing BLS JNI Library
21:17:18 [bootstrap] BLSJniLibrary - Initializing BLS JNI Library
21:17:18 [bootstrap] BootstrapReceiver - wallet does not exist, not showing inactivity warning
21:17:18 [DefaultDispatcher-worker-1] WalletApplication - last used 2 minutes ago, rescheduling blockchain sync in roughly 15 minutes
21:17:18 [DefaultDispatcher-worker-1] WalletApplication - ALARM-DIAG armed reason=periodic-15min firstFireInMinutes=15 repeat=15min exact=false batteryOptimisationExempt=false - if no matching 'started by alarm' line follows, the background FGS start was refused
21:17:18 [DefaultDispatcher-worker-2] WalletApplication - datastore preferences cleared; api-cleared: [uphold.preferences_pb, platform-identity.preferences_pb, wallet_ui.preferences_pb, security_backup.preferences_pb, crowdnode.preferences_pb, coinbase.preferences_pb, dashpay.preferences_pb, blockchain_service.preferences_pb, exchange_rates_config.preferences_pb], file-deleted: [explore.preferences_pb, org.dashfoundation.wallet.secrets.preferences_pb]
21:17:18 [main] WalletActivityTracker - activity lifecycle: app started
21:17:18 [main] WalletActivityTracker - activity lifecycle: activity OnboardingActivity created
21:17:18 [main] WalletActivityTracker - activity lifecycle: current: OnboardingActivity, activities: 1 visible: 0 foreground: 0
21:17:18 [main] OnboardingActivity - reset in progress — holding onboarding until the wipe finishes
21:17:18 [main] AppForegroundMonitor - App moved to foreground
21:17:18 [main] WalletActivityTracker - activity lifecycle: current: OnboardingActivity, activities: 1 visible: 1 foreground: 0
21:17:18 [main] WalletActivityTracker - activity lifecycle: current: OnboardingActivity, activities: 1 visible: 1 foreground: 1
21:17:18 [DefaultDispatcher-worker-8] SecurityGuard - loading security guard [healthy=true] with keys: [keystore_healthy, fallback_pin_wallet_password_key, primary_ui_pin_key, modern_encryption_migration_complete, fallback_mnemonic_wallet_password_key, primary_wallet_password_key, fallback_mnemonic_ui_pin_key]
21:17:18 [DefaultDispatcher-worker-8] SecurityGuard - removing security keys
21:17:18 [DefaultDispatcher-worker-8] ModernEncryptionProvider - deleting ui_pin_key
21:17:18 [DefaultDispatcher-worker-8] ModernEncryptionProvider - deleting wallet_password_key
21:17:18 [DefaultDispatcher-worker-8] SecurityGuard - Cleared DataStore backups
21:17:18 [DefaultDispatcher-worker-8] PlatformSynchronizationService - stopping the platform sync machinery for a wallet reset/rescan
21:17:18 [DefaultDispatcher-worker-8] PlatformSynchronizationService - platform sync machinery stopped
21:17:18 [DefaultDispatcher-worker-8] DashSdkServiceImpl - bootstrapping Dash Platform SDK for network=testnet (flavor=_testNet3)
21:17:18 [DefaultDispatcher-worker-8] DashSdkServiceImpl - SDK tracing file logging (INFO) at /data/user/0/hashengineering.darkcoin.wallet_test/files/sdk-logs/platform_wallet/run.log: NOT installed (subscriber already set or dir unwritable)
21:17:18 [main] SecurityGuard - Notifying 0 health listeners of status change: HEALTHY
21:17:18 [main] SecurityGuard - Notifying 0 health listeners of status change: HEALTHY
21:17:18 [main] SecurityGuard - Notifying 0 health listeners of status change: HEALTHY
21:17:18 [main] SecurityGuard - Notifying 0 health listeners of status change: HEALTHY
21:17:18 [main] SecurityGuard - Notifying 0 health listeners of status change: HEALTHY
21:17:18 [DefaultDispatcher-worker-8] DashSdkServiceImpl - Dash Platform SDK started: version=4.2.0-beta.2, restored 1 wallet(s)
21:17:18 [DefaultDispatcher-worker-8] L1ShadowSyncService - wallet-wipe SDK cleanup for wallet fe172476: stopping shadow + shielded sync, removing the SDK wallet (full cascade), deleting the SPV dataDir, clearing the binder latch — NO rebind (the next wallet setup binds fresh). SDK-side state only; dashj is untouched
21:17:18 [DefaultDispatcher-worker-8] DashSdkServiceImpl - removing SDK wallet fe172476… — full persistence cascade (Room wallet/identity/TXO/address/shielded rows, Keystore-backed identity keys and mnemonic, native wallet handle); dashj state is untouched and the next bind re-creates the same deterministic wallet id from the app seed
21:17:18 [DefaultDispatcher-worker-8] DashSdkServiceImpl - SDK wallet fe172476… removed
21:17:18 [DefaultDispatcher-worker-8] L1ShadowSyncService - L1 shadow hard reset: deleted SPV dataDir /data/user/0/hashengineering.darkcoin.wallet_test/files/l1_shadow_spv/testnet (21 files) — header store and scan watermark gone; the restart re-scans from the wallet's birth height
21:17:18 [DefaultDispatcher-worker-8] SdkWalletBinder - binder state reset for SDK wallet re-creation: bound wallet id and success latch cleared — the next binding trigger runs a full bind + discovery pass
21:17:18 [DefaultDispatcher-worker-8] L1ShadowSyncService - wallet-wipe SDK cleanup complete for wallet fe172476: the next wallet binds fresh
21:17:18 [DefaultDispatcher-worker-8] IdentityRepository - clearing databases (includeInvitations = true)
21:17:18 [DefaultDispatcher-worker-8] BlockchainIdentityConfig - clearing data
21:17:18 [DefaultDispatcher-worker-10] DashPayConfig - debug SDK flag seeding: seeded ON = [use_kotlin_sdk_dpns_reads, use_kotlin_sdk_dashpay_writes, use_kotlin_sdk_shielded, use_kotlin_sdk_l1_invite, use_kotlin_sdk_l1_shadow], already set (skipped) = []
21:17:18 [DefaultDispatcher-worker-10] WalletApplicationExt - databases cleared (isWalletWipe = true)
21:17:18 [main] OnboardingActivity - reset finished — re-running the onboarding routing
21:17:18 [main] WalletActivityTracker - activity lifecycle: current: OnboardingActivity, activities: 1 visible: 1 foreground: 0
21:17:18 [main] WalletActivityTracker - activity lifecycle: OnboardingActivity stopped for a configuration change — not treating it as background
21:17:18 [main] WalletActivityTracker - activity lifecycle: current: OnboardingActivity, activities: 1 visible: 0 foreground: 0
21:17:18 [main] WalletActivityTracker - activity lifecycle: activity OnboardingActivity destroyed
21:17:18 [main] WalletActivityTracker - activity lifecycle: current: OnboardingActivity, activities: 0 visible: 0 foreground: 0
21:17:18 [main] WalletActivityTracker - activity lifecycle: app closed
21:17:18 [main] WalletActivityTracker - activity lifecycle: app started
21:17:18 [main] WalletActivityTracker - activity lifecycle: activity OnboardingActivity created
21:17:18 [main] WalletActivityTracker - activity lifecycle: current: OnboardingActivity, activities: 1 visible: 0 foreground: 0
21:17:18 [main] WalletActivityTracker - activity lifecycle: current: OnboardingActivity, activities: 1 visible: 1 foreground: 0
21:17:18 [main] WalletActivityTracker - activity lifecycle: current: OnboardingActivity, activities: 1 visible: 1 foreground: 1
21:18:27 [main] WalletActivityTracker - activity lifecycle: current: OnboardingActivity, activities: 1 visible: 1 foreground: 0
21:18:27 [main] WalletActivityTracker - activity lifecycle: activity SelectSecurityLevelActivity created
21:18:27 [main] WalletActivityTracker - activity lifecycle: current: SelectSecurityLevelActivity, activities: 2 visible: 1 foreground: 0
21:18:27 [main] WalletActivityTracker - activity lifecycle: current: SelectSecurityLevelActivity, activities: 2 visible: 2 foreground: 0
21:18:27 [main] WalletActivityTracker - activity lifecycle: current: SelectSecurityLevelActivity, activities: 2 visible: 2 foreground: 1
21:18:27 [main] WalletActivityTracker - activity lifecycle: current: OnboardingActivity, activities: 2 visible: 1 foreground: 1
21:18:43 [main] WalletActivityTracker - activity lifecycle: current: SelectSecurityLevelActivity, activities: 2 visible: 1 foreground: 0
21:18:43 [main] WalletActivityTracker - activity lifecycle: current: OnboardingActivity, activities: 2 visible: 2 foreground: 0
21:18:43 [main] WalletActivityTracker - activity lifecycle: current: OnboardingActivity, activities: 2 visible: 2 foreground: 1
21:18:43 [DefaultDispatcher-worker-1] BLSJniLibrary - Initializing BLS JNI Library
21:18:43 [DefaultDispatcher-worker-1] WalletApplication - === starting app using configuration: _testNet3, org.darkcoin.test
21:18:43 [DefaultDispatcher-worker-1] MnemonicCodeExt - BIP39 wordlist loaded from: 'bip39-wordlists/english.txt', took 1.095 ms
21:18:43 [DefaultDispatcher-worker-1] MnemonicCode - PBKDF2 took 8.728 ms
21:18:43 [DefaultDispatcher-worker-1] OnboardingViewModel - successfully created new wallet
21:18:43 [DefaultDispatcher-worker-1] KeyChainGroup - Activating a new HD chain: DeterministicKeyChain{P2PKH, accountPath=[44H, 1H, 0H], lookaheadSize=100, lookaheadThreshold=33}
21:18:43 [DefaultDispatcher-worker-3] BLSJniLibrary - Initializing BLS JNI Library
21:18:43 [DefaultDispatcher-worker-3] TxDisplayCacheService - rebuildWrappedList: 0 raw txs → 0 wrappers → 0 sorted | getTransactions=8ms wrapAll=0ms sort=0ms total=8ms
21:18:43 [DefaultDispatcher-worker-3] TxDisplayCacheService - updateDisplayCache: 0 rows in 1ms
21:18:43 [DefaultDispatcher-worker-3] TxDisplayCacheService - STARTUP rebuildWrappedList DONE (_transactionsLoaded=true) at 1789852723818
21:18:43 [DefaultDispatcher-worker-3] WalletObserver - observing transactions start de.schildbach.wallet.transactions.WalletObserver@7a0eb07
21:18:43 [DefaultDispatcher-worker-3] BLSJniLibrary - Initializing BLS JNI Library
21:18:43 [dashj user thread] BLSJniLibrary - Initializing BLS JNI Library
21:18:43 [DefaultDispatcher-worker-4] TxDisplayCacheService - Sync complete (cutoverCommitted=false): SDK=unavailable records | dashj wallet=0 txs | group cache=0 txs/0 groups | display=0 rows — nothing in the wallet and nothing cached
21:18:43 [DefaultDispatcher-worker-1] AnyKeyChainGroup - Activating a new HD chain: AuthenticationKeyChain{BLOCKCHAIN_IDENTITY, ECDSA, P2PKH, accountPath=[9H, 1H, 5H, 0H, 0H, 0H], lookaheadSize=0, lookaheadThreshold=0}
21:18:43 [DefaultDispatcher-worker-1] AnyKeyChainGroup - Activating a new HD chain: AuthenticationKeyChain{BLOCKCHAIN_IDENTITY_FUNDING, ECDSA, P2PKH, accountPath=[9H, 1H, 5H, 1H], lookaheadSize=5, lookaheadThreshold=5}
21:18:43 [DefaultDispatcher-worker-1] AnyKeyChainGroup - Activating a new HD chain: AuthenticationKeyChain{MASTERNODE_OWNER, ECDSA, P2PKH, accountPath=[9H, 1H, 3H, 2H], lookaheadSize=5, lookaheadThreshold=5}
21:18:43 [DefaultDispatcher-worker-1] BLSJniLibrary - Initializing BLS JNI Library
21:18:43 [DefaultDispatcher-worker-1] AnyKeyChainGroup - Activating a new HD chain: AuthenticationKeyChain{MASTERNODE_OPERATOR, BLS, P2PKH, accountPath=[9H, 1H, 3H, 3H], lookaheadSize=5, lookaheadThreshold=5}
21:18:43 [DefaultDispatcher-worker-1] AnyKeyChainGroup - Activating a new HD chain: AuthenticationKeyChain{MASTERNODE_VOTING, ECDSA, P2PKH, accountPath=[9H, 1H, 3H, 1H], lookaheadSize=5, lookaheadThreshold=5}
21:18:43 [DefaultDispatcher-worker-1] AnyKeyChainGroup - Activating a new HD chain: AuthenticationKeyChain{BLOCKCHAIN_IDENTITY_TOPUP, ECDSA, P2PKH, accountPath=[9H, 1H, 5H, 2H], lookaheadSize=5, lookaheadThreshold=5}
21:18:43 [DefaultDispatcher-worker-1] AnyKeyChainGroup - Activating a new HD chain: AuthenticationKeyChain{INVITATION_FUNDING, ECDSA, P2PKH, accountPath=[9H, 1H, 5H, 3H], lookaheadSize=5, lookaheadThreshold=5}
21:18:43 [DefaultDispatcher-worker-1] AnyKeyChainGroup - Activating a new HD chain: AuthenticationKeyChain{MASTERNODE_PLATFORM_OPERATOR, EdDSA, P2PKH, accountPath=[9H, 1H, 3H, 4H], lookaheadSize=0, lookaheadThreshold=0}
21:18:43 [DefaultDispatcher-worker-1] AnyKeyChainGroup - Activating a new HD chain: AnyDeterministicKeyChain{ECDSA, P2PKH, accountPath=[9H, 1H, 4H, 0H], lookaheadSize=100, lookaheadThreshold=33}
21:18:43 [DefaultDispatcher-worker-5] CutoverCoordinator - cutover state DUAL_RUNNING -> CUT_OVER (fresh-wallet setup (restore/new))
21:18:43 [main] WalletActivityTracker - activity lifecycle: current: SelectSecurityLevelActivity, activities: 2 visible: 1 foreground: 1
21:18:43 [main] WalletActivityTracker - activity lifecycle: activity SelectSecurityLevelActivity destroyed
21:18:43 [main] WalletActivityTracker - activity lifecycle: current: SelectSecurityLevelActivity, activities: 1 visible: 1 foreground: 1
21:18:43 [main] WalletActivityTracker - activity lifecycle: current: OnboardingActivity, activities: 1 visible: 1 foreground: 0
21:18:43 [main] WalletActivityTracker - activity lifecycle: activity SetPinActivity created
21:18:43 [main] WalletActivityTracker - activity lifecycle: current: SetPinActivity, activities: 2 visible: 1 foreground: 0
21:18:43 [main] SecurityGuard - loading security guard [healthy=true] with keys: [keystore_healthy, modern_encryption_migration_complete]
21:18:43 [main] SecurityGuard - loading security guard [healthy=true] with keys: [keystore_healthy, modern_encryption_migration_complete]
21:18:43 [main] WalletActivityTracker - activity lifecycle: current: SetPinActivity, activities: 2 visible: 2 foreground: 0
21:18:43 [main] WalletActivityTracker - activity lifecycle: current: SetPinActivity, activities: 2 visible: 2 foreground: 1
21:18:44 [main] WalletActivityTracker - activity lifecycle: current: OnboardingActivity, activities: 2 visible: 1 foreground: 1
21:19:10 [main] SecurityGuard - removing security keys
21:19:10 [main] ModernEncryptionProvider - deleting ui_pin_key
21:19:10 [main] ModernEncryptionProvider - deleting wallet_password_key
21:19:10 [main] SecurityGuard - Cleared DataStore backups
21:19:10 [main] ModernEncryptionProvider - key store does not have ui_pin_key, but has android.security.keystore2.AndroidKeyStoreSpi$KeyEntriesEnumerator@110f5c8, generating new key. Stack trace:
  at dalvik.system.VMStack.getThreadStackTrace(Native Method)
  at java.lang.Thread.getStackTrace(Thread.java:1841)
  at de.schildbach.wallet.security.ModernEncryptionProvider.getSecretKey(ModernEncryptionProvider.kt:175)
  at de.schildbach.wallet.security.ModernEncryptionProvider.encrypt(ModernEncryptionProvider.kt:79)
  at de.schildbach.wallet.security.DualFallbackEncryptionProvider.encrypt(DualFallbackEncryptionProvider.kt:85)
  at de.schildbach.wallet.security.SecurityGuard.validateKeyIntegrity(SecurityGuard.java:307)
  at de.schildbach.wallet.security.SecurityGuard.savePin(SecurityGuard.java:262)
  at de.schildbach.wallet.livedata.EncryptWalletLiveData.savePin(EncryptWalletLiveData.kt:106)
  at de.schildbach.wallet.ui.SetPinViewModel.savePinAndEncrypt(SetPinViewModel.kt:74)
  at de.schildbach.wallet.ui.SetPinViewModel.savePinAndEncrypt(SetPinViewModel.kt:65)
  at de.schildbach.wallet.ui.SetPinActivity$nextStep$submit$1.run(SetPinActivity.kt:289)
  at android.os.Handler.handleCallback(Handler.java:959)
  at android.os.Handler.dispatchMessage(Handler.java:100)
  at android.os.Looper.loopOnce(Looper.java:232)
  at android.os.Looper.loop(Looper.java:317)
  at android.app.ActivityThread.main(ActivityThread.java:8705)
  at java.lang.reflect.Method.invoke(Native Method)
  at com.android.internal.os.RuntimeInit$MethodAndArgsCaller.run(RuntimeInit.java:580)
  at com.android.internal.os.ZygoteInit.main(ZygoteInit.java:886)
21:19:10 [main] SecurityGuard - Notifying 1 health listeners of status change: HEALTHY
21:19:10 [main] ModernEncryptionProvider - Decrypted data for alias: ui_pin_key
21:19:10 [main] SecurityGuard - Notifying 1 health listeners of status change: HEALTHY
21:19:10 [main] ModernEncryptionProvider - Decrypted data for alias: ui_pin_key
21:19:10 [main] MnemonicBasedKeyProvider - Derived key from mnemonic for alias: ui_pin_key
21:19:10 [main] SecurityGuard - Notifying 1 health listeners of status change: HEALTHY
21:19:10 [main] DualFallbackEncryptionProvider - Added mnemonic-fallback for ui_pin_key
21:19:10 [AsyncTask #1] BLSJniLibrary - Initializing BLS JNI Library
21:19:10 [AsyncTask #1] KeyCrypterScrypt - Deriving key took 105.1 ms for N=65536, r=8, p=1.
21:19:10 [AsyncTask #1] ModernEncryptionProvider - key store does not have wallet_password_key, but has android.security.keystore2.AndroidKeyStoreSpi$KeyEntriesEnumerator@1dbdd96, generating new key. Stack trace:
  at dalvik.system.VMStack.getThreadStackTrace(Native Method)
  at java.lang.Thread.getStackTrace(Thread.java:1841)
  at de.schildbach.wallet.security.ModernEncryptionProvider.getSecretKey(ModernEncryptionProvider.kt:175)
  at de.schildbach.wallet.security.ModernEncryptionProvider.encrypt(ModernEncryptionProvider.kt:79)
  at de.schildbach.wallet.security.DualFallbackEncryptionProvider.encrypt(DualFallbackEncryptionProvider.kt:85)
  at de.schildbach.wallet.security.SecurityGuard.validateKeyIntegrity(SecurityGuard.java:307)
  at de.schildbach.wallet.security.SecurityGuard.savePassword(SecurityGuard.java:204)
  at de.schildbach.wallet.livedata.EncryptWalletLiveData$EncryptWalletTask.doInBackground$lambda$0(EncryptWalletLiveData.kt:188)
  at de.schildbach.wallet.livedata.EncryptWalletLiveData$EncryptWalletTask.$r8$lambda$0CMI4LnZeajmC7OpxOq-bClhh3o(EncryptWalletLiveData.kt:0)
  at de.schildbach.wallet.livedata.EncryptWalletLiveData$EncryptWalletTask$$ExternalSyntheticLambda0.invoke(R8$$SyntheticClass:0)
  at de.schildbach.wallet.livedata.EncryptWalletLiveData$Companion.encryptAndSavePassword$wallet__testNet3Release(EncryptWalletLiveData.kt:58)
  at de.schildbach.wallet.livedata.EncryptWalletLiveData$EncryptWalletTask.doInBackground(EncryptWalletLiveData.kt:188)
  at de.schildbach.wallet.livedata.EncryptWalletLiveData$EncryptWalletTask.doInBackground(EncryptWalletLiveData.kt:172)
  at android.os.AsyncTask$3.call(AsyncTask.java:394)
  at java.util.concurrent.FutureTask.run(FutureTask.java:264)
  at android.os.AsyncTask$SerialExecutor$1.run(AsyncTask.java:305)
  at java.util.concurrent.ThreadPoolExecutor.runWorker(ThreadPoolExecutor.java:1145)
  at java.util.concurrent.ThreadPoolExecutor$Worker.run(ThreadPoolExecutor.java:644)
  at java.lang.Thread.run(Thread.java:1012)
21:19:10 [main] SecurityGuard - Notifying 1 health listeners of status change: HEALTHY
21:19:10 [AsyncTask #1] ModernEncryptionProvider - Decrypted data for alias: wallet_password_key
21:19:10 [AsyncTask #1] EncryptWalletLiveData - wallet successfully encrypted, using key derived by new spending password (65536 scrypt iterations)
21:19:10 [main] SecurityGuard - Notifying 1 health listeners of status change: HEALTHY
21:19:10 [main] CoinJoinExtension - CoinJoinExtension serialization: 0ms total (keys:0ms[8], cache:0ms[0], salt:0ms, io:0ms, size:1431bytes, buffer:64KB)
21:19:10 [main] WalletProtobufSerializer - walletToProto (serial=8) timing: 13ms total, init=0ms, tx=0ms[0], keys=0ms, scripts=0ms[0], metadata=0ms, ext=10ms, friendRecv=0ms, friendSend=0ms, build=0ms
21:19:10 [main] WalletProtobufSerializer - writeWallet timing: 12ms total (12ms/100% serialization, 0ms/0% I/O) buffer=8KB
21:19:10 [main] WalletApplication - wallet saved to: '/data/user/0/hashengineering.darkcoin.wallet_test/files/wallet-protobuf-testnet', took 15.93 ms
21:19:10 [main] CoinJoinExtension - CoinJoinExtension serialization: 0ms total (keys:0ms[8], cache:0ms[0], salt:0ms, io:0ms, size:1431bytes, buffer:64KB)
21:19:10 [main] WalletProtobufSerializer - walletToProto (serial=8) timing: 2ms total, init=0ms, tx=0ms[0], keys=0ms, scripts=0ms[0], metadata=0ms, ext=1ms, friendRecv=0ms, friendSend=0ms, build=0ms
21:19:10 [main] WalletApplication - wallet backed up to: 'key-backup-protobuf-testnet', took 3.987 ms
21:19:10 [main] StartupBreadcrumbs - STARTUP breadcrumb: 7 FINALIZE_INIT_BEGIN +111972ms
21:19:10 [main] SecurityGuard - loading security guard [healthy=true] with keys: [keystore_healthy, modern_encryption_migration_complete, primary_ui_pin_key, primary_wallet_password_key, fallback_mnemonic_ui_pin_key]
21:19:10 [main] SecurityGuard - loading security guard [healthy=true] with keys: [keystore_healthy, modern_encryption_migration_complete, primary_ui_pin_key, primary_wallet_password_key, fallback_mnemonic_ui_pin_key]
21:19:10 [main] ModernEncryptionProvider - Decrypted data for alias: wallet_password_key
21:19:10 [main] KeyCrypterScrypt - Deriving key took 103.7 ms for N=65536, r=8, p=1.
21:19:10 [main] ModernEncryptionProvider - Decrypted data for alias: wallet_password_key
21:19:10 [main] MnemonicBasedKeyProvider - Derived key from mnemonic for alias: wallet_password_key
21:19:10 [main] SecurityGuard - Notifying 1 health listeners of status change: HEALTHY
21:19:10 [main] DualFallbackEncryptionProvider - Added mnemonic-fallback for wallet_password_key
21:19:10 [main] SecurityGuard - Mnemonic-based fallbacks ensured for PIN and wallet password
21:19:10 [main] WalletApplication - Mnemonic-based fallbacks ensured
21:19:10 [main] ModernEncryptionProvider - Decrypted data for alias: ui_pin_key
21:19:10 [main] ModernEncryptionProvider - Decrypted data for alias: wallet_password_key
21:19:10 [main] SecurityGuard - Notifying 1 health listeners of status change: HEALTHY_WITH_FALLBACKS
21:19:10 [main] DualFallbackEncryptionProvider - Added PIN-fallback for wallet_password_key
21:19:10 [main] SecurityGuard - PIN-based fallback ensured for wallet password
21:19:10 [main] WalletApplication - PIN-based fallback added successfully
21:19:10 [main] WalletApplication - STARTUP finalizeInit: securityGuard done in 205ms
21:19:10 [main] WalletApplication - STARTUP finalizeInit: initDash done in 2ms
21:19:10 [main] StartupBreadcrumbs - STARTUP breadcrumb: 8 INIT_DASH_DONE +112179ms
21:19:10 [main] WalletApplication - STARTUP finalizeInit: afterLoadWallet done in 1ms
21:19:10 [main] StartupBreadcrumbs - STARTUP breadcrumb: 9 AFTER_LOAD_WALLET_DONE +112180ms
21:19:10 [main] StartupBreadcrumbs - STARTUP breadcrumb: 20 SDK_BIND_KICKED +112182ms
21:19:10 [DefaultDispatcher-worker-1] BlockchainIdentityData - creation: BlockchainIdentityData(NONE, null, null, null, null, null)
21:19:10 [main] PlatformSynchronizationService - Starting the platform sync job
21:19:10 [main] StartupBreadcrumbs - STARTUP breadcrumb: 10 PLATFORM_INIT_KICKED +112182ms
21:19:10 [main] WalletApplication - STARTUP finalizeInit: initPlatform+channels done in 2ms
21:19:10 [DefaultDispatcher-worker-1] SecurityGuard - loading security guard [healthy=true] with keys: [keystore_healthy, fallback_pin_wallet_password_key, primary_ui_pin_key, modern_encryption_migration_complete, fallback_mnemonic_wallet_password_key, primary_wallet_password_key, fallback_mnemonic_ui_pin_key]
21:19:10 [DefaultDispatcher-worker-1] ModernEncryptionProvider - Decrypted data for alias: wallet_password_key
21:19:10 [main] WalletApplication - STARTUP finalizeInit: integrations done in 51ms
21:19:10 [main] WalletActivityTracker - activity lifecycle: current: SetPinActivity, activities: 2 visible: 1 foreground: 0
21:19:10 [main] WalletActivityTracker - activity lifecycle: activity OnboardingActivity destroyed
21:19:10 [main] WalletActivityTracker - activity lifecycle: current: SetPinActivity, activities: 1 visible: 1 foreground: 0
21:19:10 [main] WalletActivityTracker - activity lifecycle: activity VerifySeedActivity created
21:19:10 [main] WalletActivityTracker - activity lifecycle: current: VerifySeedActivity, activities: 2 visible: 1 foreground: 0
21:19:10 [main] SecurityGuard - loading security guard [healthy=true] with keys: [keystore_healthy, fallback_pin_wallet_password_key, primary_ui_pin_key, modern_encryption_migration_complete, fallback_mnemonic_wallet_password_key, primary_wallet_password_key, fallback_mnemonic_ui_pin_key]
21:19:10 [main] SecurityGuard - loading security guard [healthy=true] with keys: [keystore_healthy, fallback_pin_wallet_password_key, primary_ui_pin_key, modern_encryption_migration_complete, fallback_mnemonic_wallet_password_key, primary_wallet_password_key, fallback_mnemonic_ui_pin_key]
21:19:10 [main] WalletActivityTracker - activity lifecycle: current: VerifySeedActivity, activities: 2 visible: 2 foreground: 0
21:19:10 [main] WalletActivityTracker - activity lifecycle: current: VerifySeedActivity, activities: 2 visible: 2 foreground: 1
21:19:10 [main] WalletActivityTracker - activity lifecycle: current: SetPinActivity, activities: 2 visible: 1 foreground: 1
21:19:10 [main] WalletActivityTracker - activity lifecycle: activity SetPinActivity destroyed
21:19:10 [main] WalletActivityTracker - activity lifecycle: current: SetPinActivity, activities: 1 visible: 1 foreground: 1
21:19:10 [DefaultDispatcher-worker-1] KeyCrypterScrypt - Deriving key took 184.0 ms for N=65536, r=8, p=1.
21:19:10 [DefaultDispatcher-worker-1] CheckpointManager - Read 2440 checkpoints up to time 2026-01-20T11:13:46Z, hash is 64631969817a1892a432d246a7c17a63d5c57d76d2ddf0404b48486637fe32a0
21:19:10 [DefaultDispatcher-worker-1] BirthHeightResolver - resolved birth time 1789852723 to SDK birth height 1401408 (checkpoint height 1405440, margin 4032 blocks)
21:19:10 [DefaultDispatcher-worker-1] DashSdkServiceImpl - app wallet bound to new SDK wallet 122d89bd… (birthHeight=1401408 via checkpoint mapping; 0 = full scan from genesis)
21:19:11 [DefaultDispatcher-worker-1] DashSdkServiceImpl - widenAddressWindows: BIP44 account 0 gap -> 1000 on 122d89bd…
21:19:11 [DefaultDispatcher-worker-1] DashSdkServiceImpl - widenAddressWindows: BIP32 account 0 gap -> 1000 on 122d89bd…
21:19:11 [DefaultDispatcher-worker-1] DashSdkServiceImpl - widenAddressWindows: COIN_JOIN account 0 gap -> 1000 on 122d89bd…
21:19:11 [DefaultDispatcher-worker-1] CheckpointManager - Read 2440 checkpoints up to time 2026-01-20T11:13:46Z, hash is 64631969817a1892a432d246a7c17a63d5c57d76d2ddf0404b48486637fe32a0
21:19:11 [DefaultDispatcher-worker-1] BirthHeightResolver - resolved birth time 1789852723 to SDK birth height 1401408 (checkpoint height 1405440, margin 4032 blocks)
21:19:11 [DefaultDispatcher-worker-1] DashSdkServiceImpl - armSpvRescan: filter watermark rewind to 1401408 armed on 122d89bd…
21:19:11 [DefaultDispatcher-worker-5] SdkWalletBinder - address-window heal v2 applied on 122d89bd…: gaps widened, backfill coverage invalidated — next gate pass rewinds with the widened script set
21:19:11 [DefaultDispatcher-worker-5] SdkWalletBinder - SDK wallet bound; identity not yet registered — discovery deferred
21:19:11 [DefaultDispatcher-worker-3] SdkBindRetryService - SDK bind established — clearing the pending state (no blocker recorded in this process)
21:19:11 [DefaultDispatcher-worker-3] PlatformSynchronizationService - SDK L1 engine not started from Application init — it starts from the foreground blockchain service (resume())
21:19:11 [DefaultDispatcher-worker-3] StartupBreadcrumbs - STARTUP breadcrumb: 23 CUTOVER_SERVICES_STARTED +112691ms
21:19:11 [DefaultDispatcher-worker-1] CutoverUiDataService - cutover committed — serving home-screen data from the SDK
21:19:11 [DefaultDispatcher-worker-1] CutoverUiDataService - cutover UI active but the engine wallet-event tap is not running (USE_KOTLIN_SDK_L1_SHADOW off, or L1ShadowSyncService not started) — instant receives degrade to the Room-snapshot/block cadence
21:19:11 [DefaultDispatcher-worker-5] SdkBlockchainStateService - cutover committed — deriving BlockchainState from the SDK SPV feed
21:19:11 [DefaultDispatcher-worker-7] CutoverTxSeamService - cutover committed — priming the SDK seam tx feed
21:19:11 [DefaultDispatcher-worker-5] CutoverUiDataService - SDK balance published: 0 duffs (was none) | l1Synced=false rescanArmedHold=true dashPayBackfill(armed=false,replaying=false) deferredContactBuilds=0 (unchangedReads=1) persistedAsLastKnown=false lastKnown=none
21:19:11 [DefaultDispatcher-worker-3] CutoverTxSeamService - seam tx feed primed (0 recent records, 0 in the priming window); serving seam tx reads from the SDK store
21:19:11 [DefaultDispatcher-worker-8] ShieldedBalanceServiceImpl - shielded runtime ready on SDK wallet 122d89bd… (account 0, sync loop running)
21:19:45 [main] WalletActivityTracker - activity lifecycle: current: VerifySeedActivity, activities: 1 visible: 1 foreground: 0
21:19:45 [main] WalletActivityTracker - activity lifecycle: activity MainActivity created
21:19:45 [main] WalletActivityTracker - activity lifecycle: current: MainActivity, activities: 2 visible: 1 foreground: 0
21:19:45 [main] SecurityGuard - loading security guard [healthy=true] with keys: [keystore_healthy, fallback_pin_wallet_password_key, primary_ui_pin_key, modern_encryption_migration_complete, fallback_mnemonic_wallet_password_key, primary_wallet_password_key, fallback_mnemonic_ui_pin_key]
21:19:45 [main] SecurityGuard - loading security guard [healthy=true] with keys: [keystore_healthy, fallback_pin_wallet_password_key, primary_ui_pin_key, modern_encryption_migration_complete, fallback_mnemonic_wallet_password_key, primary_wallet_password_key, fallback_mnemonic_ui_pin_key]
21:19:45 [main] ModernEncryptionProvider - Decrypted data for alias: wallet_password_key
21:19:45 [main] ModernEncryptionProvider - Decrypted data for alias: ui_pin_key
21:19:45 [main] DashPaymentIntentParser - network parameters = org.darkcoin.test
21:19:45 [main] DashPaymentIntentParser - network parameters = org.darkcoin.test
21:19:45 [main] MainViewModel - STARTUP MainViewModel init at 1789852785441
21:19:45 [DefaultDispatcher-worker-7] MainViewModel - blockchain state update: mnlist=1556972; chain=1556972; wallet=0
21:19:45 [main] StartupBreadcrumbs - STARTUP breadcrumb: 12 MAIN_UI_SHOWN +146916ms
21:19:45 [DefaultDispatcher-worker-7] DapiClient - getDocuments(contractId=GWRSAVFMjXx8HpQFaNJMqBV7MBgMK4br5UESsB4S31Ec, type=domain, {limit=5, where=[]})
21:19:45 [main] Configuration - just being used - last used 29830879 minutes ago
21:19:45 [DefaultDispatcher-worker-1] DapiClient - getDocuments(contractId=GWRSAVFMjXx8HpQFaNJMqBV7MBgMK4br5UESsB4S31Ec, type=domain, {limit=5, where=[]})
21:19:45 [DefaultDispatcher-worker-8] DapiClient - getDocuments(contractId=GWRSAVFMjXx8HpQFaNJMqBV7MBgMK4br5UESsB4S31Ec, type=domain, {limit=5, where=[]})
21:19:45 [main] WalletActivityTracker - activity lifecycle: current: MainActivity, activities: 2 visible: 2 foreground: 0
21:19:45 [DefaultDispatcher-worker-3] CrowdNodeApiAggregator - restoring CrowdNode status
21:19:45 [DefaultDispatcher-worker-3] BLSJniLibrary - Initializing BLS JNI Library
21:19:45 [main] WalletTransactionsFragment - STARTUP WalletTransactionsFragment.onViewCreated at 1789852785453
21:19:45 [main] HistoryHeaderAdapter - set invite, synced = false
21:19:45 [DefaultDispatcher-worker-10] BLSJniLibrary - Initializing BLS JNI Library
21:19:45 [main] HistoryHeaderAdapter - set invite = null
21:19:45 [main] HistoryHeaderAdapter - set invite, synced = false
21:19:45 [main] SecurityGuard - loading security guard [healthy=true] with keys: [keystore_healthy, fallback_pin_wallet_password_key, primary_ui_pin_key, modern_encryption_migration_complete, fallback_mnemonic_wallet_password_key, primary_wallet_password_key, fallback_mnemonic_ui_pin_key]
21:19:45 [main] SecurityGuard - loading security guard [healthy=true] with keys: [keystore_healthy, fallback_pin_wallet_password_key, primary_ui_pin_key, modern_encryption_migration_complete, fallback_mnemonic_wallet_password_key, primary_wallet_password_key, fallback_mnemonic_ui_pin_key]
21:19:45 [main] LockScreenActivity - show lock screen false = ![keepUnlocked=false] && autologout=true && (keepUnlockedUntilPenEntered=false || shouldLogout=false) || isHealthy=true
21:19:45 [main] MainActivity - updateTrigger => rateStale: RateRetrievalState(lastAttemptFailed=false, staleRates=false, volatile=false)
21:19:45 [main] WalletActivityTracker - activity lifecycle: current: MainActivity, activities: 2 visible: 2 foreground: 1
21:19:45 [main] BlockchainIdentityData - creation: BlockchainIdentityData(NONE, null, null, null, null, null)
21:19:45 [main] BlockchainIdentityData - creation: BlockchainIdentityData(NONE, null, null, null, null, null)
21:19:45 [main] BlockchainServiceImpl - .onCreate()
21:19:45 [main] DashPaymentIntentParser - network parameters = org.darkcoin.test
21:19:45 [main] BlockchainServiceImpl - start foreground service
21:19:45 [main] BlockchainServiceImpl - .onStartCommand(Intent { cmp=hashengineering.darkcoin.wallet_test/de.schildbach.wallet.service.BlockchainServiceImpl })
21:19:45 [DefaultDispatcher-worker-11] BlockchainServiceImpl - onCreate() serviceScope waiting for cleanup null
21:19:45 [main] WalletTransactionsFragment - STARTUP submitData called on thread=main at 1789852785568
21:19:45 [DefaultDispatcher-worker-6] BlockchainServiceImpl - onStartCommand waiting for onCreate to complete...
21:19:45 [DefaultDispatcher-worker-11] BLSJniLibrary - Initializing BLS JNI Library
21:19:45 [DefaultDispatcher-worker-11] BlockchainServiceImpl - Phase 5d cutover gate: dashjEngineMayStart=false (coordinatorAllowsDashj=false, dashjHeldByCutover=true, dashjSyncDiagnostic=false)
21:19:45 [DefaultDispatcher-worker-11] BlockchainServiceImpl - cannot load the bootstrap stream: mnlistdiff-testnet.dat
21:19:45 [DefaultDispatcher-worker-11] BlockchainServiceImpl - cannot load the bootstrap stream: qrinfo-testnet.dat
21:19:45 [DefaultDispatcher-worker-11] BlockchainServiceImpl - verifying backupBlockStore
21:19:45 [DefaultDispatcher-worker-11] BlockchainServiceImpl - verifying headerStore
21:19:45 [main] BlockchainServiceImpl - .onStartCommand(Intent { act=de.schildbach.wallet.service.cancel_coins_received cmp=hashengineering.darkcoin.wallet_test/de.schildbach.wallet.service.BlockchainServiceImpl })
21:19:45 [DefaultDispatcher-worker-6] BlockchainServiceImpl - onStartCommand waiting for onCreate to complete...
21:19:45 [main] MainViewModel - platform available: false; no identity creation is progress: true
21:19:45 [DefaultDispatcher-worker-7] DapiClient - searching for quorum: 6, 0000006fd9701e4371a90adcab770e68899ac259af03b51f1fdd66c1d60bad2c, 1556973
21:19:45 [DefaultDispatcher-worker-8] DapiClient - searching for quorum: 6, 0000006fd9701e4371a90adcab770e68899ac259af03b51f1fdd66c1d60bad2c, 1556973
21:19:45 [main] DeviceInfoProvider - Detecting currency based on device, mobile network or locale:
21:19:45 [main] DeviceInfoProvider - Device Sim Country: us
21:19:45 [main] MainViewModel - Updating currency exchange rate based on country: US
21:19:45 [main] MainViewModel - Using default Country: US
21:19:45 [main] MainViewModel - Using default currency: USD
21:19:45 [DefaultDispatcher-worker-1] DapiClient - searching for quorum: 6, 0000006fd9701e4371a90adcab770e68899ac259af03b51f1fdd66c1d60bad2c, 1556973
21:19:45 [main] WalletActivityTracker - activity lifecycle: current: VerifySeedActivity, activities: 2 visible: 1 foreground: 1
21:19:45 [main] WalletActivityTracker - activity lifecycle: activity VerifySeedActivity destroyed
21:19:45 [main] WalletActivityTracker - activity lifecycle: current: VerifySeedActivity, activities: 1 visible: 1 foreground: 1
21:19:45 [pool-46-thread-1] BlockchainServiceImpl - verify blockstore: 300.3 μs, null loaded
21:19:45 [DefaultDispatcher-worker-11] BlockchainServiceImpl - verifying blockStore
21:19:45 [pool-46-thread-1] BlockchainServiceImpl - verify blockstore: 509.3 μs, null loaded
21:19:45 [DefaultDispatcher-worker-11] BlockchainServiceImpl - blockstore files verified: true, true
21:19:45 [DefaultDispatcher-worker-11] BLSJniLibrary - Initializing BLS JNI Library
21:19:45 [DefaultDispatcher-worker-11] AbstractBlockChain - chain head is at height 1405440:
 block: 
   hash: 000000173e6c9dd4ca8a5a75699fbb5dc4713bc238d2ce98aec7fe3a77febfeb
   version: 536870912 (0x20000000) (BIP34, BIP66, BIP65)
   previous block: 000000773d05044b4db27c023a9a12bc59eaf1f396ad7e5180ef4cb14d366150
   merkle root: ea3165fb830ba2267ad050760183eb5b8241c694406868382bdf6c2307c8e936
   time: 1768907626 (2026-01-20T11:13:46Z)
   difficulty target (nBits): 503367276
   nonce: 128740

21:19:45 [DefaultDispatcher-worker-11] AbstractBlockChain - chain head is at height 1405440:
 block: 
   hash: 000000173e6c9dd4ca8a5a75699fbb5dc4713bc238d2ce98aec7fe3a77febfeb
   version: 536870912 (0x20000000) (BIP34, BIP66, BIP65)
   previous block: 000000773d05044b4db27c023a9a12bc59eaf1f396ad7e5180ef4cb14d366150
   merkle root: ea3165fb830ba2267ad050760183eb5b8241c694406868382bdf6c2307c8e936
   time: 1768907626 (2026-01-20T11:13:46Z)
   difficulty target (nBits): 503367276
   nonce: 128740

21:19:45 [DefaultDispatcher-worker-3] Constants - --> GET https://rates.ctx.com/rates?source=ctx
21:19:45 [main] SecurityGuard - loading security guard [healthy=true] with keys: [keystore_healthy, fallback_pin_wallet_password_key, primary_ui_pin_key, modern_encryption_migration_complete, fallback_mnemonic_wallet_password_key, primary_wallet_password_key, fallback_mnemonic_ui_pin_key]
21:19:45 [main] BlockchainServiceImpl - network callback registered with NetworkRequest: de.schildbach.wallet.service.BlockchainServiceImpl$NetworkCallbackImpl@f35dc87
21:19:45 [DefaultDispatcher-worker-4] BlockchainServiceImpl - monitoring 0 old transactions
21:19:45 [DefaultDispatcher-worker-7] DapiClient - searching for quorum: 6, 0000006fd9701e4371a90adcab770e68899ac259af03b51f1fdd66c1d60bad2c, 1556973
21:19:45 [main] BlockchainServiceImpl - receiver register: tickReceiver, de.schildbach.wallet.service.BlockchainServiceImpl$tickReceiver$1@e89ba23
21:19:45 [DefaultDispatcher-worker-10] BlockchainServiceImpl - network capabilities changed: 101, hasInternet: true, validated: true
21:19:45 [DefaultDispatcher-worker-5] BlockchainServiceImpl - network available: 101, hasInternet: true, validated: true, type: WiFi
21:19:45 [DefaultDispatcher-worker-11] BlockchainServiceImpl - cutover committed — Platform quorum lookups wired to the SDK-sourced quorum list
21:19:45 [DefaultDispatcher-worker-11] StartupBreadcrumbs - STARTUP breadcrumb: 20 SDK_BIND_KICKED +147295ms
21:19:45 [DefaultDispatcher-worker-2] SdkWalletBinder - SDK wallet bound; identity not yet registered — discovery deferred
21:19:45 [DefaultDispatcher-worker-11] BlockchainServiceImpl - .onCreate() finished
21:19:45 [DefaultDispatcher-worker-11] BlockchainServiceImpl - acquiring check() mutex
21:19:45 [DefaultDispatcher-worker-11] BlockchainServiceImpl - check()
21:19:45 [DefaultDispatcher-worker-11] BlockchainServiceImpl - cutover committed — holding the dashj L1 engine; SDK owns L1 this launch
21:19:45 [DefaultDispatcher-worker-11] BlockchainServiceImpl - releasing check() mutex
21:19:45 [DefaultDispatcher-worker-11] StartupBreadcrumbs - STARTUP breadcrumb: 21 SDK_L1_ENGINE_STARTING +147301ms
21:19:45 [DefaultDispatcher-worker-13] BlockchainServiceImpl - onCreate completed, processing onStartCommand
21:19:45 [DefaultDispatcher-worker-13] BLSJniLibrary - Initializing BLS JNI Library
21:19:45 [DefaultDispatcher-worker-13] BlockchainServiceImpl - service start command: Intent { cmp=hashengineering.darkcoin.wallet_test/de.schildbach.wallet.service.BlockchainServiceImpl }
21:19:45 [DefaultDispatcher-worker-13] BlockchainServiceImpl - .onStartCommand(Intent { cmp=hashengineering.darkcoin.wallet_test/de.schildbach.wallet.service.BlockchainServiceImpl }) finished
21:19:45 [DefaultDispatcher-worker-13] BlockchainServiceImpl - onCreate completed, processing onStartCommand
21:19:45 [DefaultDispatcher-worker-13] BLSJniLibrary - Initializing BLS JNI Library
21:19:45 [DefaultDispatcher-worker-13] BlockchainServiceImpl - service start command: Intent { act=de.schildbach.wallet.service.cancel_coins_received cmp=hashengineering.darkcoin.wallet_test/de.schildbach.wallet.service.BlockchainServiceImpl }
21:19:45 [DefaultDispatcher-worker-13] BlockchainServiceImpl - .onStartCommand(Intent { act=de.schildbach.wallet.service.cancel_coins_received cmp=hashengineering.darkcoin.wallet_test/de.schildbach.wallet.service.BlockchainServiceImpl }) finished
21:19:45 [DefaultDispatcher-worker-13] BlockchainServiceImpl - acquiring check() mutex
21:19:45 [DefaultDispatcher-worker-13] BlockchainServiceImpl - check()
21:19:45 [DefaultDispatcher-worker-13] BlockchainServiceImpl - cutover committed — holding the dashj L1 engine; SDK owns L1 this launch
21:19:45 [DefaultDispatcher-worker-13] BlockchainServiceImpl - releasing check() mutex
21:19:45 [DefaultDispatcher-worker-13] BlockchainServiceImpl - acquiring check() mutex
21:19:45 [DefaultDispatcher-worker-13] BlockchainServiceImpl - check()
21:19:45 [DefaultDispatcher-worker-13] BlockchainServiceImpl - cutover committed — holding the dashj L1 engine; SDK owns L1 this launch
21:19:45 [DefaultDispatcher-worker-13] BlockchainServiceImpl - releasing check() mutex
21:19:45 [DefaultDispatcher-worker-1] DapiClient - searching for quorum: 6, 0000006fd9701e4371a90adcab770e68899ac259af03b51f1fdd66c1d60bad2c, 1556973
21:19:45 [DefaultDispatcher-worker-8] DapiClient - searching for quorum: 6, 0000006fd9701e4371a90adcab770e68899ac259af03b51f1fdd66c1d60bad2c, 1556973
21:19:45 [DefaultDispatcher-worker-1] SdkQuorumDataSource - SDK quorum keys refreshed: 24 fetched, 24 cached
21:19:45 [DefaultDispatcher-worker-1] DapiClient - searching for quorum: result: a045837dcfcacb8cb1e3a34cf6689caaf5061e8d5823d27d458cd4458eac0c6268e513799d9f48439428c2de4e3a1d30
21:19:45 [DefaultDispatcher-worker-8] DapiClient - searching for quorum: result: a045837dcfcacb8cb1e3a34cf6689caaf5061e8d5823d27d458cd4458eac0c6268e513799d9f48439428c2de4e3a1d30
21:19:46 [DefaultDispatcher-worker-3] Constants - <-- 200 https://rates.ctx.com/rates?source=ctx (265ms, unknown-length body)
21:19:46 [DefaultDispatcher-worker-18] ExchangeRatesRepository - exchange rates updated successfully with de.schildbach.wallet.rates.DashRetailClient@573a529
21:19:46 [DefaultDispatcher-worker-18] ExchangeRatesRepository - updateTrigger
21:19:46 [DefaultDispatcher-worker-1] Platform - platform check: 697.4 ms
21:19:46 [DefaultDispatcher-worker-15] L1ShadowSyncService - DashPay bring-up before SPV: status=NO_IDENTITY discovery=1 dashPaySyncRan=false drained=0 pending=0 elapsedMs=336
21:19:46 [DefaultDispatcher-worker-7] Platform - platform check: 745.1 ms
21:19:46 [DefaultDispatcher-worker-8] Platform - platform check: 744.8 ms
21:19:46 [DefaultDispatcher-worker-8] PlatformServiceImplementation - platform available 3 of 3: true
21:19:46 [DefaultDispatcher-worker-9] L1ShadowSyncService - L1 shadow SPV started for SDK wallet 122d89bd… (dataDir=/data/user/0/hashengineering.darkcoin.wallet_test/files/l1_shadow_spv/testnet, default peer discovery); debug-only instrumentation — two SPV engines are now running
21:19:46 [DefaultDispatcher-worker-9] StartupBreadcrumbs - STARTUP breadcrumb: 22 SDK_L1_ENGINE_STARTED +147663ms
21:19:46 [DefaultDispatcher-worker-18] L1ShadowSyncService - L1Shadow phase=CONNECTING 66.7% headers 1400000/1400000 filters 1401407/1400000 wallet 0
21:19:46 [DefaultDispatcher-worker-9] StartupBreadcrumbs - STARTUP breadcrumb: 23 CUTOVER_SERVICES_STARTED +147663ms
21:19:46 [DefaultDispatcher-worker-8] L1ShadowSyncService - L1Parity probing suspended: the cutover is committed and the dashj engine is held, so its balance is frozen at the cutover snapshot — any comparison against it is a guaranteed MISMATCH that measures nothing. Turn on the Tools 'dashj sync (diagnostic)' toggle to un-hold dashj and resume probing.
21:19:46 [DefaultDispatcher-worker-8] L1ShadowSyncService - L1Parity cadence relaxing 10000ms -> 60000ms (cutover already committed)
21:19:46 [DefaultDispatcher-worker-18] L1ShadowSyncService - WalletBalanceFacts: total=0 accounts={bip44:0, bip32:0, coinjoin:0, identityRegistration:0, identityTopUpUnbound:0, identityInvitation:0, assetLockTopUp:0, assetLockShieldedTopUp:0, providerVoting:0, providerOwner:0, providerOperator:0, providerPlatform:0} confirmed=0 unconfirmed=0 txCount=0
21:19:46 [DefaultDispatcher-worker-1] MainViewModel - blockchain state update: mnlist=1556972; chain=1400000; wallet=0
21:19:46 [DefaultDispatcher-worker-6] L1ShadowSyncService - WalletHistoryFacts: displayDbEmpty count=0 dashjEarliestKeyTime=2026-09-19T21:18:43Z (real line follows at first sync settle)
21:19:46 [main] MainViewModel - platform available: true; no identity creation is progress: true
21:19:46 [main] HistoryHeaderAdapter - set invite, synced = true
21:19:46 [DefaultDispatcher-worker-12] MainViewModel - blockchain state update: mnlist=1556972; chain=1400000; wallet=0
21:19:47 [DefaultDispatcher-worker-4] L1ShadowSyncService - ReplayMemTelemetry phase=HEADERS nativeHeapAllocated=103914528 nativeHeapSize=119607296 jvmUsed=21996048 jvmMax=603979776 headers 1400000/1556974 filters 1401407 wallet 0
21:19:47 [main] HistoryHeaderAdapter - set invite, synced = false
21:19:57 [DefaultDispatcher-worker-13] BlockchainServiceImpl - network capabilities changed: 101, hasInternet: true, validated: true
21:19:57 [DefaultDispatcher-worker-13] BlockchainServiceImpl - acquiring check() mutex
21:19:57 [DefaultDispatcher-worker-13] BlockchainServiceImpl - check()
21:19:57 [DefaultDispatcher-worker-13] BlockchainServiceImpl - cutover committed — holding the dashj L1 engine; SDK owns L1 this launch
21:19:57 [DefaultDispatcher-worker-13] BlockchainServiceImpl - releasing check() mutex
21:20:00 [main] BlockchainServiceImpl - MEM pss=299MB nativeHeap=143/158MB jvm=22/576MB
21:20:00 [DefaultDispatcher-worker-18] BlockchainServiceImpl - network capabilities changed: 101, hasInternet: true, validated: true
21:20:00 [DefaultDispatcher-worker-18] BlockchainServiceImpl - acquiring check() mutex
21:20:00 [DefaultDispatcher-worker-18] BlockchainServiceImpl - check()
21:20:00 [DefaultDispatcher-worker-18] BlockchainServiceImpl - cutover committed — holding the dashj L1 engine; SDK owns L1 this launch
21:20:00 [DefaultDispatcher-worker-18] BlockchainServiceImpl - releasing check() mutex
21:20:12 [DefaultDispatcher-worker-6] BlockchainServiceImpl - network capabilities changed: 101, hasInternet: true, validated: true
21:20:12 [DefaultDispatcher-worker-6] BlockchainServiceImpl - acquiring check() mutex
21:20:12 [DefaultDispatcher-worker-6] BlockchainServiceImpl - check()
21:20:12 [DefaultDispatcher-worker-6] BlockchainServiceImpl - cutover committed — holding the dashj L1 engine; SDK owns L1 this launch
21:20:12 [DefaultDispatcher-worker-6] BlockchainServiceImpl - releasing check() mutex
21:20:15 [main] StartupBreadcrumbs - STARTUP breadcrumb: 13 LAUNCH_SURVIVED +177012ms
21:20:16 [DefaultDispatcher-worker-10] BlockchainServiceImpl - network capabilities changed: 101, hasInternet: true, validated: true
21:20:16 [DefaultDispatcher-worker-10] BlockchainServiceImpl - acquiring check() mutex
21:20:16 [DefaultDispatcher-worker-10] BlockchainServiceImpl - check()
21:20:16 [DefaultDispatcher-worker-10] BlockchainServiceImpl - cutover committed — holding the dashj L1 engine; SDK owns L1 this launch
21:20:16 [DefaultDispatcher-worker-10] BlockchainServiceImpl - releasing check() mutex
21:20:16 [DefaultDispatcher-worker-1] L1ShadowSyncService - L1Shadow phase=FILTERS 99.7% headers 1556974/1556974 filters 1542000/1556974 wallet 1542000
21:20:17 [DefaultDispatcher-worker-18] L1ShadowSyncService - L1Shadow phase=SYNCED 100.0% headers 1556974/1556974 filters 1556974/1556974 wallet 1556974
21:20:17 [DefaultDispatcher-worker-18] L1ShadowSyncService - ReplayMemTelemetry phase=SYNCED nativeHeapAllocated=171555056 nativeHeapSize=194490368 jvmUsed=15294912 jvmMax=603979776 headers 1556974/1556974 filters 1556974 wallet 1556974 SETTLED
21:20:17 [DefaultDispatcher-worker-4] MainViewModel - blockchain state update: mnlist=1556974; chain=1556974; wallet=0
21:20:17 [DefaultDispatcher-worker-10] TxDisplayCacheService - Sync complete (cutoverCommitted=true): SDK=0 records | dashj wallet=0 txs | group cache=0 txs/0 groups | display=0 rows — cache is complete (SDK holds 0 records, display has 0 rows)
21:20:17 [DefaultDispatcher-worker-16] L1ShadowSyncService - WalletHistoryFacts: displayDbEmpty count=0 dashjEarliestKeyTime=2026-09-19T21:18:43Z (real line follows at first sync settle)
21:20:17 [DefaultDispatcher-worker-16] L1ShadowSyncService - WalletBalanceFacts: total=0 accounts={bip44:0, bip32:0, coinjoin:0, identityRegistration:0, identityTopUpUnbound:0, identityInvitation:0, assetLockTopUp:0, assetLockShieldedTopUp:0, providerVoting:0, providerOwner:0, providerOperator:0, providerPlatform:0} confirmed=0 unconfirmed=0 txCount=0
21:20:17 [main] HistoryHeaderAdapter - set invite, synced = true
21:20:17 [main] BlockchainServiceImpl - cutover committed and SDK L1 scan synced — triggering identity/contacts discovery
21:20:17 [DefaultDispatcher-worker-10] BlockchainIdentityData - creation: BlockchainIdentityData(NONE, null, null, null, null, null)
21:20:17 [DefaultDispatcher-worker-10] PlatformSynchronizationService - discoverAndRecoverIdentity: checking for existing associated identity
21:20:17 [DefaultDispatcher-worker-10] SecurityGuard - loading security guard [healthy=true] with keys: [keystore_healthy, fallback_pin_wallet_password_key, primary_ui_pin_key, modern_encryption_migration_complete, fallback_mnemonic_wallet_password_key, primary_wallet_password_key, fallback_mnemonic_ui_pin_key]
21:20:17 [DefaultDispatcher-worker-10] ModernEncryptionProvider - Decrypted data for alias: wallet_password_key
21:20:17 [DefaultDispatcher-worker-17] L1ShadowSyncService - L1 engine chainlock height 0 -> 1556974
21:20:17 [DefaultDispatcher-worker-6] MainViewModel - blockchain state update: mnlist=1556974; chain=1556974; wallet=0
21:20:17 [DefaultDispatcher-worker-10] KeyCrypterScrypt - Deriving key took 129.3 ms for N=65536, r=8, p=1.
21:20:17 [DefaultDispatcher-worker-10] DapiClient - getIdentityByFirstPublicKey(88915d67e0e5cae936ca470ce8ca5bf9ca40f34e)
21:20:18 [native-log-bridge] DashSdkNative - --------- beginning of main
21:20:18 [native-log-bridge] DashSdkNative - 09-19 16:19:53.569  4755  4879 I DashSDK : platform_wallet::changeset::core_bridge: wallet-event batch: folded=1 wallets=1 synced_height_persisted=Some(1401999) synced_height_frozen=None synced_height_rejected=None faulted=0
21:20:18 [native-log-bridge] DashSdkNative - 09-19 16:19:54.196  4755  4876 I DashSDK : platform_wallet::changeset::core_bridge: wallet-event batch: folded=2 wallets=1 synced_height_persisted=Some(1405999) synced_height_frozen=None synced_height_rejected=None faulted=0
21:20:18 [native-log-bridge] DashSdkNative - 09-19 16:19:55.303  4755  4878 I DashSDK : platform_wallet::changeset::core_bridge: wallet-event batch: folded=1 wallets=1 synced_height_persisted=Some(1408000) synced_height_frozen=None synced_height_rejected=None faulted=0
21:20:18 [native-log-bridge] DashSdkNative - 09-19 16:20:02.530  4755  4879 I DashSDK : platform_wallet::changeset::core_bridge: wallet-event batch: folded=1 wallets=1 synced_height_persisted=Some(1413000) synced_height_frozen=None synced_height_rejected=None faulted=0
21:20:18 [native-log-bridge] DashSdkNative - 09-19 16:20:05.854  4755  4879 I DashSDK : platform_wallet::changeset::core_bridge: wallet-event batch: folded=1 wallets=1 synced_height_persisted=Some(1418000) synced_height_frozen=None synced_height_rejected=None faulted=0
21:20:18 [native-log-bridge] DashSdkNative - 09-19 16:20:07.114  4755  4879 I DashSDK : platform_wallet::changeset::core_bridge: wallet-event batch: folded=1 wallets=1 synced_height_persisted=Some(1422000) synced_height_frozen=None synced_height_rejected=None faulted=0
21:20:18 [native-log-bridge] DashSdkNative - 09-19 16:20:07.901  4755  4876 I DashSDK : platform_wallet::changeset::core_bridge: wallet-event batch: folded=1 wallets=1 synced_height_persisted=Some(1427000) synced_height_frozen=None synced_height_rejected=None faulted=0
21:20:18 [native-log-bridge] DashSdkNative - 09-19 16:20:08.352  4755  4876 I DashSDK : platform_wallet::changeset::core_bridge: wallet-event batch: folded=1 wallets=1 synced_height_persisted=Some(1432000) synced_height_frozen=None synced_height_rejected=None faulted=0
21:20:18 [native-log-bridge] DashSdkNative - 09-19 16:20:08.776  4755  4879 I DashSDK : platform_wallet::changeset::core_bridge: wallet-event batch: folded=1 wallets=1 synced_height_persisted=Some(1437000) synced_height_frozen=None synced_height_rejected=None faulted=0
21:20:18 [native-log-bridge] DashSdkNative - 09-19 16:20:09.119  4755  4879 I DashSDK : platform_wallet::changeset::core_bridge: wallet-event batch: folded=1 wallets=1 synced_height_persisted=Some(1442000) synced_height_frozen=None synced_height_rejected=None faulted=0
21:20:18 [native-log-bridge] DashSdkNative - 09-19 16:20:09.466  4755  4877 I DashSDK : platform_wallet::changeset::core_bridge: wallet-event batch: folded=1 wallets=1 synced_height_persisted=Some(1447000) synced_height_frozen=None synced_height_rejected=None faulted=0
21:20:18 [native-log-bridge] DashSdkNative - 09-19 16:20:09.863  4755  4877 I DashSDK : platform_wallet::changeset::core_bridge: wallet-event batch: folded=1 wallets=1 synced_height_persisted=Some(1452000) synced_height_frozen=None synced_height_rejected=None faulted=0
21:20:18 [native-log-bridge] DashSdkNative - 09-19 16:20:10.194  4755  4879 I DashSDK : platform_wallet::changeset::core_bridge: wallet-event batch: folded=1 wallets=1 synced_height_persisted=Some(1457000) synced_height_frozen=None synced_height_rejected=None faulted=0
21:20:18 [native-log-bridge] DashSdkNative - 09-19 16:20:10.486  4755  4877 I DashSDK : platform_wallet::changeset::core_bridge: wallet-event batch: folded=1 wallets=1 synced_height_persisted=Some(1462000) synced_height_frozen=None synced_height_rejected=None faulted=0
21:20:18 [native-log-bridge] DashSdkNative - 09-19 16:20:10.895  4755  4878 I DashSDK : platform_wallet::changeset::core_bridge: wallet-event batch: folded=1 wallets=1 synced_height_persisted=Some(1467000) synced_height_frozen=None synced_height_rejected=None faulted=0
21:20:18 [native-log-bridge] DashSdkNative - 09-19 16:20:12.088  4755  4878 I DashSDK : platform_wallet::changeset::core_bridge: wallet-event batch: folded=1 wallets=1 synced_height_persisted=Some(1472000) synced_height_frozen=None synced_height_rejected=None faulted=0
21:20:18 [native-log-bridge] DashSdkNative - 09-19 16:20:12.096  4755  4878 I DashSDK : platform_wallet::changeset::core_bridge: wallet-event batch: folded=1 wallets=1 synced_height_persisted=Some(1477000) synced_height_frozen=None synced_height_rejected=None faulted=0
21:20:18 [native-log-bridge] DashSdkNative - 09-19 16:20:12.439  4755  4879 I DashSDK : platform_wallet::changeset::core_bridge: wallet-event batch: folded=1 wallets=1 synced_height_persisted=Some(1482000) synced_height_frozen=None synced_height_rejected=None faulted=0
21:20:18 [native-log-bridge] DashSdkNative - 09-19 16:20:12.737  4755  4879 I DashSDK : platform_wallet::changeset::core_bridge: wallet-event batch: folded=1 wallets=1 synced_height_persisted=Some(1487000) synced_height_frozen=None synced_height_rejected=None faulted=0
21:20:18 [native-log-bridge] DashSdkNative - 09-19 16:20:13.119  4755  4877 I DashSDK : platform_wallet::changeset::core_bridge: wallet-event batch: folded=1 wallets=1 synced_height_persisted=Some(1492000) synced_height_frozen=None synced_height_rejected=None faulted=0
21:20:18 [native-log-bridge] DashSdkNative - 09-19 16:20:13.488  4755  4876 I DashSDK : platform_wallet::changeset::core_bridge: wallet-event batch: folded=1 wallets=1 synced_height_persisted=Some(1497000) synced_height_frozen=None synced_height_rejected=None faulted=0
21:20:18 [native-log-bridge] DashSdkNative - 09-19 16:20:13.492  4755  4878 I DashSDK : platform_wallet::changeset::core_bridge: wallet-event batch: folded=1 wallets=1 synced_height_persisted=Some(1502000) synced_height_frozen=None synced_height_rejected=None faulted=0
21:20:18 [native-log-bridge] DashSdkNative - 09-19 16:20:13.924  4755  4876 I DashSDK : platform_wallet::changeset::core_bridge: wallet-event batch: folded=1 wallets=1 synced_height_persisted=Some(1507000) synced_height_frozen=None synced_height_rejected=None faulted=0
21:20:18 [native-log-bridge] DashSdkNative - 09-19 16:20:14.281  4755  4879 I DashSDK : platform_wallet::changeset::core_bridge: wallet-event batch: folded=1 wallets=1 synced_height_persisted=Some(1512000) synced_height_frozen=None synced_height_rejected=None faulted=0
21:20:18 [native-log-bridge] DashSdkNative - 09-19 16:20:14.639  4755  4879 I DashSDK : platform_wallet::changeset::core_bridge: wallet-event batch: folded=1 wallets=1 synced_height_persisted=Some(1517000) synced_height_frozen=None synced_height_rejected=None faulted=0
21:20:18 [native-log-bridge] DashSdkNative - 09-19 16:20:14.998  4755  4877 I DashSDK : platform_wallet::changeset::core_bridge: wallet-event batch: folded=1 wallets=1 synced_height_persisted=Some(1522000) synced_height_frozen=None synced_height_rejected=None faulted=0
21:20:18 [native-log-bridge] DashSdkNative - 09-19 16:20:15.372  4755  4876 I DashSDK : platform_wallet::changeset::core_bridge: wallet-event batch: folded=1 wallets=1 synced_height_persisted=Some(1527000) synced_height_frozen=None synced_height_rejected=None faulted=0
21:20:18 [native-log-bridge] DashSdkNative - 09-19 16:20:16.068  4755  4878 I DashSDK : platform_wallet::changeset::core_bridge: wallet-event batch: folded=1 wallets=1 synced_height_persisted=Some(1532000) synced_height_frozen=None synced_height_rejected=None faulted=0
21:20:18 [native-log-bridge] DashSdkNative - 09-19 16:20:16.070  4755  4878 I DashSDK : platform_wallet::changeset::core_bridge: wallet-event batch: folded=1 wallets=1 synced_height_persisted=Some(1537000) synced_height_frozen=None synced_height_rejected=None faulted=0
21:20:18 [native-log-bridge] DashSdkNative - 09-19 16:20:16.432  4755  4876 I DashSDK : platform_wallet::changeset::core_bridge: wallet-event batch: folded=1 wallets=1 synced_height_persisted=Some(1542000) synced_height_frozen=None synced_height_rejected=None faulted=0
21:20:18 [native-log-bridge] DashSdkNative - 09-19 16:20:16.708  4755  4877 I DashSDK : platform_wallet::changeset::core_bridge: wallet-event batch: folded=1 wallets=1 synced_height_persisted=Some(1547000) synced_height_frozen=None synced_height_rejected=None faulted=0
21:20:18 [native-log-bridge] DashSdkNative - 09-19 16:20:17.088  4755  4878 I DashSDK : platform_wallet::changeset::core_bridge: wallet-event batch: folded=1 wallets=1 synced_height_persisted=Some(1552000) synced_height_frozen=None synced_height_rejected=None faulted=0
21:20:18 [native-log-bridge] DashSdkNative - 09-19 16:20:17.281  4755  4877 I DashSDK : platform_wallet::changeset::core_bridge: wallet-event batch: folded=1 wallets=1 synced_height_persisted=Some(1556974) synced_height_frozen=None synced_height_rejected=None faulted=0
21:20:18 [native-log-bridge] DashSdkNative - 09-19 16:20:17.647  4755  4876 I DashSDK : platform_wallet::changeset::core_bridge: wallet-event batch: folded=1 wallets=1 synced_height_persisted=None synced_height_frozen=None synced_height_rejected=None faulted=0
21:20:19 [DefaultDispatcher-worker-10] PlatformSynchronizationService - discoverAndRecoverIdentity: no existing identity found
21:20:19 [DefaultDispatcher-worker-10] PlatformSynchronizationService - identity-discovery guard released (no identity found) — a later discovery may run again
21:20:19 [DefaultDispatcher-worker-10] BlockchainServiceImpl - post-cutover identity discovery found nothing and the wallet has no identity — re-arming; next attempt no sooner than 120000 ms from now
21:20:19 [DefaultDispatcher-worker-3] PlatformSynchronizationService - TxMetadata publish: not publishing — saveToNetwork is OFF (per-device setting; the default for a new or restored install, and it does NOT travel with the wallet)
21:20:19 [DefaultDispatcher-worker-6] PlatformSynchronizationService - TxMetadata settings: saveToNetwork=false frequency=afterTenTransactions saveAfter=9223372036854775807 paymentCategory=false taxCategory=false exchangeRates=false memos=false giftCards=false storedDocuments=0
21:20:21 [DefaultDispatcher-worker-4] BlockchainServiceImpl - network capabilities changed: 101, hasInternet: true, validated: true
21:20:21 [DefaultDispatcher-worker-4] BlockchainServiceImpl - acquiring check() mutex
21:20:21 [DefaultDispatcher-worker-4] BlockchainServiceImpl - check()
21:20:21 [DefaultDispatcher-worker-4] BlockchainServiceImpl - cutover committed — holding the dashj L1 engine; SDK owns L1 this launch
21:20:21 [DefaultDispatcher-worker-4] BlockchainServiceImpl - releasing check() mutex
21:20:24 [DefaultDispatcher-worker-17] BlockchainServiceImpl - network capabilities changed: 101, hasInternet: true, validated: true
21:20:24 [DefaultDispatcher-worker-17] BlockchainServiceImpl - acquiring check() mutex
21:20:24 [DefaultDispatcher-worker-17] BlockchainServiceImpl - check()
21:20:24 [DefaultDispatcher-worker-17] BlockchainServiceImpl - cutover committed — holding the dashj L1 engine; SDK owns L1 this launch
21:20:24 [DefaultDispatcher-worker-17] BlockchainServiceImpl - releasing check() mutex
21:20:34 [DefaultDispatcher-worker-9] BlockchainServiceImpl - network capabilities changed: 101, hasInternet: true, validated: true
21:20:34 [DefaultDispatcher-worker-9] BlockchainServiceImpl - acquiring check() mutex
21:20:34 [DefaultDispatcher-worker-9] BlockchainServiceImpl - check()
21:20:34 [DefaultDispatcher-worker-9] BlockchainServiceImpl - cutover committed — holding the dashj L1 engine; SDK owns L1 this launch
21:20:34 [DefaultDispatcher-worker-9] BlockchainServiceImpl - releasing check() mutex
21:20:34 [DefaultDispatcher-worker-11] L1ShadowSyncService - L1 engine chainlock height 1556974 -> 1556975
21:20:34 [DefaultDispatcher-worker-10] MainViewModel - blockchain state update: mnlist=1556974; chain=1556974; wallet=0
21:20:37 [DefaultDispatcher-worker-10] MainViewModel - blockchain state update: mnlist=1556974; chain=1556974; wallet=0
21:20:37 [DefaultDispatcher-worker-13] MainViewModel - blockchain state update: mnlist=1556975; chain=1556975; wallet=0
21:20:40 [DefaultDispatcher-worker-13] BlockchainServiceImpl - network capabilities changed: 101, hasInternet: true, validated: true
21:20:40 [DefaultDispatcher-worker-13] BlockchainServiceImpl - acquiring check() mutex
21:20:40 [DefaultDispatcher-worker-13] BlockchainServiceImpl - check()
21:20:40 [DefaultDispatcher-worker-13] BlockchainServiceImpl - cutover committed — holding the dashj L1 engine; SDK owns L1 this launch
21:20:40 [DefaultDispatcher-worker-13] BlockchainServiceImpl - releasing check() mutex
21:20:48 [native-log-bridge] DashSdkNative - 09-19 16:20:34.441  4755  4879 I DashSDK : platform_wallet::changeset::core_bridge: wallet-event batch: folded=1 wallets=1 synced_height_persisted=None synced_height_frozen=None synced_height_rejected=None faulted=0
21:20:48 [native-log-bridge] DashSdkNative - 09-19 16:20:37.676  4755  4878 I DashSDK : platform_wallet::changeset::core_bridge: wallet-event batch: folded=1 wallets=1 synced_height_persisted=Some(1556975) synced_height_frozen=None synced_height_rejected=None faulted=0
21:20:54 [main] BlockchainIdentityData - creation: BlockchainIdentityData(NONE, null, null, null, null, null)
21:20:54 [main] BlockchainIdentityData - creation: BlockchainIdentityData(NONE, null, null, null, null, null)
21:20:54 [main] BlockchainIdentityData - creation: BlockchainIdentityData(NONE, null, null, null, null, null)
21:21:00 [main] BlockchainServiceImpl - MEM pss=315MB nativeHeap=160/186MB jvm=19/576MB
21:21:00 [main] BlockchainServiceImpl - History of transactions/blocks/headers/mnlistdiff (sdk): 0/148975/1/1556975
21:21:08 [main] BiometricHelper - No biometric credentials
21:21:08 [main] BiometricHelper - No biometric credentials
21:21:08 [main] BiometricHelper - No biometric credentials
21:21:08 [main] BlockchainIdentityData - creation: BlockchainIdentityData(NONE, null, null, null, null, null)
21:21:08 [DefaultDispatcher-worker-1] Constants - --> GET https://rates.ctx.com/rates?source=ctx
21:21:08 [DefaultDispatcher-worker-1] Constants - <-- 200 https://rates.ctx.com/rates?source=ctx (116ms, unknown-length body)
21:21:08 [DefaultDispatcher-worker-1] ExchangeRatesRepository - failed to fetch exchange rates with de.schildbach.wallet.rates.DashRetailClient@573a529
java.io.FileNotFoundException: /data/data/hashengineering.darkcoin.wallet_test/files/datastore/exchange_rates_config.preferences_pb.tmp: open failed: EACCES (Permission denied)
	at libcore.io.IoBridge.open(IoBridge.java:574)
	at java.io.FileOutputStream.<init>(FileOutputStream.java:259)
	at java.io.FileOutputStream.<init>(FileOutputStream.java:208)
	at androidx.datastore.core.FileWriteScope.writeData(FileStorage.kt:199)
	at androidx.datastore.core.DataStoreImpl$writeData$2.invokeSuspend(DataStoreImpl.kt:353)
	at androidx.datastore.core.DataStoreImpl$writeData$2.invoke(DataStoreImpl.kt:0)
	at androidx.datastore.core.DataStoreImpl$writeData$2.invoke(DataStoreImpl.kt:0)
	at androidx.datastore.core.FileStorageConnection.writeScope(FileStorage.kt:118)
	at androidx.datastore.core.DataStoreImpl.writeData$datastore_core_release(DataStoreImpl.kt:348)
	at androidx.datastore.core.DataStoreImpl$transformAndWrite$2.invokeSuspend(DataStoreImpl.kt:337)
	at androidx.datastore.core.DataStoreImpl$transformAndWrite$2.invoke(DataStoreImpl.kt:0)
	at androidx.datastore.core.DataStoreImpl$transformAndWrite$2.invoke(DataStoreImpl.kt:0)
	at androidx.datastore.core.SingleProcessCoordinator.lock(SingleProcessCoordinator.kt:41)
	at androidx.datastore.core.DataStoreImpl.transformAndWrite(DataStoreImpl.kt:329)
	at androidx.datastore.core.DataStoreImpl.handleUpdate(DataStoreImpl.kt:237)
	at androidx.datastore.core.DataStoreImpl.access$handleUpdate(DataStoreImpl.kt:48)
	at androidx.datastore.core.DataStoreImpl$writeActor$3.invokeSuspend(DataStoreImpl.kt:207)
	at androidx.datastore.core.DataStoreImpl$writeActor$3.invoke(DataStoreImpl.kt:0)
	at androidx.datastore.core.DataStoreImpl$writeActor$3.invoke(DataStoreImpl.kt:0)
	at androidx.datastore.core.SimpleActor$offer$2.invokeSuspend(SimpleActor.kt:121)
	at kotlin.coroutines.jvm.internal.BaseContinuationImpl.resumeWith(ContinuationImpl.kt:33)
	at kotlinx.coroutines.DispatchedTask.run(DispatchedTask.kt:100)
	at kotlinx.coroutines.internal.LimitedDispatcher$Worker.run(LimitedDispatcher.kt:124)
	at kotlinx.coroutines.scheduling.TaskImpl.run(Tasks.kt:89)
	at kotlinx.coroutines.scheduling.CoroutineScheduler.runSafely(CoroutineScheduler.kt:586)
	at kotlinx.coroutines.scheduling.CoroutineScheduler$Worker.executeTask(CoroutineScheduler.kt:820)
	at kotlinx.coroutines.scheduling.CoroutineScheduler$Worker.runWorker(CoroutineScheduler.kt:717)
	at kotlinx.coroutines.scheduling.CoroutineScheduler$Worker.run(CoroutineScheduler.kt:704)
Caused by: android.system.ErrnoException: open failed: EACCES (Permission denied)
	at libcore.io.Linux.open(Native Method)
	at libcore.io.ForwardingOs.open(ForwardingOs.java:563)
	at libcore.io.BlockGuardOs.open(BlockGuardOs.java:274)
	at libcore.io.ForwardingOs.open(ForwardingOs.java:563)
	at android.app.ActivityThread$AndroidOs.open(ActivityThread.java:8591)
	at libcore.io.IoBridge.open(IoBridge.java:560)
	... 27 common frames omitted
21:21:08 [DefaultDispatcher-worker-1] ExchangeRatesRepository - updateTrigger
21:21:28 [DefaultDispatcher-worker-13] L1ShadowSyncService - L1 engine chainlock height 1556975 -> 1556976
21:21:28 [DefaultDispatcher-worker-1] MainViewModel - blockchain state update: mnlist=1556975; chain=1556975; wallet=0
21:21:28 [DefaultDispatcher-worker-3] L1ShadowSyncService - L1Shadow phase=SYNCED 100.0% headers 1556976/1556976 filters 1556976/1556976 wallet 1556976
21:21:28 [DefaultDispatcher-worker-5] MainViewModel - blockchain state update: mnlist=1556976; chain=1556976; wallet=0
21:21:28 [DefaultDispatcher-worker-10] MainViewModel - blockchain state update: mnlist=1556976; chain=1556976; wallet=0
21:21:38 [main] WalletApplication - Removing all the data and restarting the app.
21:21:38 [main] AppRestartService - perform restart on application context: true
21:21:38 [main] WalletActivityTracker - activity lifecycle: current: MainActivity, activities: 1 visible: 1 foreground: 0
21:21:38 [main] BlockchainServiceImpl - .onStartCommand(Intent { act=de.schildbach.wallet.service.wipe_wallet cmp=hashengineering.darkcoin.wallet_test/de.schildbach.wallet.service.BlockchainServiceImpl })
21:21:38 [DefaultDispatcher-worker-1] BlockchainServiceImpl - onStartCommand waiting for onCreate to complete...
21:21:38 [DefaultDispatcher-worker-1] BlockchainServiceImpl - onCreate completed, processing onStartCommand
21:21:38 [DefaultDispatcher-worker-1] BLSJniLibrary - Initializing BLS JNI Library
21:21:38 [DefaultDispatcher-worker-1] BlockchainServiceImpl - service start command: Intent { act=de.schildbach.wallet.service.wipe_wallet cmp=hashengineering.darkcoin.wallet_test/de.schildbach.wallet.service.BlockchainServiceImpl }
21:21:38 [DefaultDispatcher-worker-1] BlockchainServiceImpl - will remove blockchain and delete walletFile on service shutdown
21:21:38 [DefaultDispatcher-worker-1] BlockchainServiceImpl - .onStartCommand(Intent { act=de.schildbach.wallet.service.wipe_wallet cmp=hashengineering.darkcoin.wallet_test/de.schildbach.wallet.service.BlockchainServiceImpl }) finished
21:21:38 [main] WalletActivityTracker - activity lifecycle: activity OnboardingActivity created
21:21:38 [main] WalletActivityTracker - activity lifecycle: current: OnboardingActivity, activities: 2 visible: 1 foreground: 0
21:21:38 [main] OnboardingActivity - reset in progress — holding onboarding until the wipe finishes
21:21:38 [main] WalletActivityTracker - activity lifecycle: current: OnboardingActivity, activities: 2 visible: 2 foreground: 0
21:21:38 [main] WalletActivityTracker - activity lifecycle: current: OnboardingActivity, activities: 2 visible: 2 foreground: 1
21:21:38 [main] BlockchainServiceImpl - .onDestroy()
21:21:38 [main] BlockchainServiceImpl - receivers unregistered, Now starting coroutine to finish the rest of the cleanup
21:21:38 [main] BlockchainServiceImpl - service was up for 1 minutes
21:21:38 [DefaultDispatcher-worker-1] BlockchainServiceImpl - The onCreateCompleted is active: false
21:21:38 [DefaultDispatcher-worker-1] BlockchainServiceImpl - The check() mutex is locked: false
21:21:38 [DefaultDispatcher-worker-1] BlockchainServiceImpl - Created new cleanupDeferred for coordination (previous was null)
21:21:38 [DefaultDispatcher-worker-1] BlockchainServiceImpl - detaching from wallet
21:21:38 [DefaultDispatcher-worker-1] WalletApplication - last used 1 minutes ago, rescheduling blockchain sync in roughly 15 minutes
21:21:38 [DefaultDispatcher-worker-1] WalletApplication - ALARM-DIAG armed reason=periodic-15min firstFireInMinutes=15 repeat=15min exact=false batteryOptimisationExempt=false - if no matching 'started by alarm' line follows, the background FGS start was refused
21:21:38 [DefaultDispatcher-worker-3] BlockchainServiceImpl - stop monitoring 0 old transactions
21:21:38 [DefaultDispatcher-worker-12] L1ShadowSyncService - L1Shadow progress monitor cancelled (StandaloneCoroutine was cancelled)
21:21:38 [DefaultDispatcher-worker-4] L1ShadowSyncService - L1Shadow parity probe loop cancelled (StandaloneCoroutine was cancelled)
21:21:38 [DefaultDispatcher-worker-4] L1ShadowSyncService - L1Shadow probe watchdog cancelled (StandaloneCoroutine was cancelled)
21:21:38 [DefaultDispatcher-worker-4] L1ShadowSyncService - L1Shadow wallet-event tap cancelled (StandaloneCoroutine was cancelled)
21:21:38 [DefaultDispatcher-worker-3] L1ShadowSyncService - L1ShadowLifecycle watermark at stop: durable syncedHeight 1556976 covers the committed cursor 1556976 (filter 1556976)
21:21:38 [DefaultDispatcher-worker-3] L1ShadowSyncService - L1ShadowLifecycle STOPPED after 1m52s up; all four loops torn down (progress monitor, parity probe, watchdog, wallet-event tap); teardown #1 this process. Nothing runs until the next startIfEnabled().
21:21:38 [DefaultDispatcher-worker-3] BlockchainServiceImpl - CLEANUP STEP 5: About to stop peerConnectivityListener
21:21:38 [DefaultDispatcher-worker-3] BlockchainServiceImpl - CLEANUP STEP 5: peerConnectivityListener stopped
21:21:38 [DefaultDispatcher-worker-3] BlockchainServiceImpl - CLEANUP STEP 6: delayHandler callbacks cleared
21:21:38 [DefaultDispatcher-worker-3] BlockchainServiceImpl - closing blockchain stores
21:21:38 [DefaultDispatcher-worker-3] BlockchainServiceImpl - removing blockchain
21:21:38 [DefaultDispatcher-worker-3] AbstractQuorumState - resetting masternode list; force: true, requestFreshList: false
21:21:38 [DefaultDispatcher-worker-3] AbstractQuorumState - resetting masternode list; force: true, requestFreshList: false
21:21:38 [DefaultDispatcher-worker-3] BlockchainServiceImpl - removing wallet file and app data
21:21:38 [main] WalletApplication - removing wallet from memory during wipe
21:21:38 [DefaultDispatcher-worker-4] WalletApplication - last used 1 minutes ago, rescheduling blockchain sync in roughly 15 minutes
21:21:38 [DefaultDispatcher-worker-5] WalletObserver - observing transactions stop: de.schildbach.wallet.transactions.WalletObserver@7a0eb07
21:21:38 [DefaultDispatcher-worker-5] WalletObserver - Error setting up transaction observation
kotlinx.coroutines.flow.internal.ChildCancelledException: Child of the scoped flow was cancelled
21:21:38 [DefaultDispatcher-worker-4] WalletApplication - ALARM-DIAG armed reason=periodic-15min firstFireInMinutes=15 repeat=15min exact=false batteryOptimisationExempt=false - if no matching 'started by alarm' line follows, the background FGS start was refused
21:21:38 [DefaultDispatcher-worker-4] BaseConfig - failed to clear live config 'uphold.preferences_pb' via API
java.io.FileNotFoundException: /data/data/hashengineering.darkcoin.wallet_test/files/datastore/uphold.preferences_pb.tmp: open failed: EACCES (Permission denied)
	at libcore.io.IoBridge.open(IoBridge.java:574)
	at java.io.FileOutputStream.<init>(FileOutputStream.java:259)
	at java.io.FileOutputStream.<init>(FileOutputStream.java:208)
	at androidx.datastore.core.FileWriteScope.writeData(FileStorage.kt:199)
	at androidx.datastore.core.DataStoreImpl$writeData$2.invokeSuspend(DataStoreImpl.kt:353)
	at androidx.datastore.core.DataStoreImpl$writeData$2.invoke(DataStoreImpl.kt:0)
	at androidx.datastore.core.DataStoreImpl$writeData$2.invoke(DataStoreImpl.kt:0)
	at androidx.datastore.core.FileStorageConnection.writeScope(FileStorage.kt:118)
	at androidx.datastore.core.DataStoreImpl.writeData$datastore_core_release(DataStoreImpl.kt:348)
	at androidx.datastore.core.DataStoreImpl$transformAndWrite$2.invokeSuspend(DataStoreImpl.kt:337)
	at androidx.datastore.core.DataStoreImpl$transformAndWrite$2.invoke(DataStoreImpl.kt:0)
	at androidx.datastore.core.DataStoreImpl$transformAndWrite$2.invoke(DataStoreImpl.kt:0)
	at androidx.datastore.core.SingleProcessCoordinator.lock(SingleProcessCoordinator.kt:41)
	at androidx.datastore.core.DataStoreImpl.transformAndWrite(DataStoreImpl.kt:329)
	at androidx.datastore.core.DataStoreImpl.handleUpdate(DataStoreImpl.kt:237)
	at androidx.datastore.core.DataStoreImpl.access$handleUpdate(DataStoreImpl.kt:48)
	at androidx.datastore.core.DataStoreImpl$writeActor$3.invokeSuspend(DataStoreImpl.kt:207)
	at androidx.datastore.core.DataStoreImpl$writeActor$3.invoke(DataStoreImpl.kt:0)
	at androidx.datastore.core.DataStoreImpl$writeActor$3.invoke(DataStoreImpl.kt:0)
	at androidx.datastore.core.SimpleActor$offer$2.invokeSuspend(SimpleActor.kt:121)
	at kotlin.coroutines.jvm.internal.BaseContinuationImpl.resumeWith(ContinuationImpl.kt:33)
	at kotlinx.coroutines.DispatchedTask.run(DispatchedTask.kt:100)
	at kotlinx.coroutines.internal.LimitedDispatcher$Worker.run(LimitedDispatcher.kt:124)
	at kotlinx.coroutines.scheduling.TaskImpl.run(Tasks.kt:89)
	at kotlinx.coroutines.scheduling.CoroutineScheduler.runSafely(CoroutineScheduler.kt:586)
	at kotlinx.coroutines.scheduling.CoroutineScheduler$Worker.executeTask(CoroutineScheduler.kt:820)
	at kotlinx.coroutines.scheduling.CoroutineScheduler$Worker.runWorker(CoroutineScheduler.kt:717)
	at kotlinx.coroutines.scheduling.CoroutineScheduler$Worker.run(CoroutineScheduler.kt:704)
Caused by: android.system.ErrnoException: open failed: EACCES (Permission denied)
	at libcore.io.Linux.open(Native Method)
	at libcore.io.ForwardingOs.open(ForwardingOs.java:563)
	at libcore.io.BlockGuardOs.open(BlockGuardOs.java:274)
	at libcore.io.ForwardingOs.open(ForwardingOs.java:563)
	at android.app.ActivityThread$AndroidOs.open(ActivityThread.java:8591)
	at libcore.io.IoBridge.open(IoBridge.java:560)
	... 27 common frames omitted
21:21:38 [DefaultDispatcher-worker-4] BaseConfig - failed to clear live config 'wallet_ui.preferences_pb' via API
java.io.FileNotFoundException: /data/data/hashengineering.darkcoin.wallet_test/files/datastore/wallet_ui.preferences_pb.tmp: open failed: EACCES (Permission denied)
	at libcore.io.IoBridge.open(IoBridge.java:574)
	at java.io.FileOutputStream.<init>(FileOutputStream.java:259)
	at java.io.FileOutputStream.<init>(FileOutputStream.java:208)
	at androidx.datastore.core.FileWriteScope.writeData(FileStorage.kt:199)
	at androidx.datastore.core.DataStoreImpl$writeData$2.invokeSuspend(DataStoreImpl.kt:353)
	at androidx.datastore.core.DataStoreImpl$writeData$2.invoke(DataStoreImpl.kt:0)
	at androidx.datastore.core.DataStoreImpl$writeData$2.invoke(DataStoreImpl.kt:0)
	at androidx.datastore.core.FileStorageConnection.writeScope(FileStorage.kt:118)
	at androidx.datastore.core.DataStoreImpl.writeData$datastore_core_release(DataStoreImpl.kt:348)
	at androidx.datastore.core.DataStoreImpl$transformAndWrite$2.invokeSuspend(DataStoreImpl.kt:337)
	at androidx.datastore.core.DataStoreImpl$transformAndWrite$2.invoke(DataStoreImpl.kt:0)
	at androidx.datastore.core.DataStoreImpl$transformAndWrite$2.invoke(DataStoreImpl.kt:0)
	at androidx.datastore.core.SingleProcessCoordinator.lock(SingleProcessCoordinator.kt:41)
	at androidx.datastore.core.DataStoreImpl.transformAndWrite(DataStoreImpl.kt:329)
	at androidx.datastore.core.DataStoreImpl.handleUpdate(DataStoreImpl.kt:237)
	at androidx.datastore.core.DataStoreImpl.access$handleUpdate(DataStoreImpl.kt:48)
	at androidx.datastore.core.DataStoreImpl$writeActor$3.invokeSuspend(DataStoreImpl.kt:207)
	at androidx.datastore.core.DataStoreImpl$writeActor$3.invoke(DataStoreImpl.kt:0)
	at androidx.datastore.core.DataStoreImpl$writeActor$3.invoke(DataStoreImpl.kt:0)
	at androidx.datastore.core.SimpleActor$offer$2.invokeSuspend(SimpleActor.kt:121)
	at kotlin.coroutines.jvm.internal.BaseContinuationImpl.resumeWith(ContinuationImpl.kt:33)
	at kotlinx.coroutines.DispatchedTask.run(DispatchedTask.kt:100)
	at kotlinx.coroutines.internal.LimitedDispatcher$Worker.run(LimitedDispatcher.kt:124)
	at kotlinx.coroutines.scheduling.TaskImpl.run(Tasks.kt:89)
	at kotlinx.coroutines.scheduling.CoroutineScheduler.runSafely(CoroutineScheduler.kt:586)
	at kotlinx.coroutines.scheduling.CoroutineScheduler$Worker.executeTask(CoroutineScheduler.kt:820)
	at kotlinx.coroutines.scheduling.CoroutineScheduler$Worker.runWorker(CoroutineScheduler.kt:717)
	at kotlinx.coroutines.scheduling.CoroutineScheduler$Worker.run(CoroutineScheduler.kt:704)
Caused by: android.system.ErrnoException: open failed: EACCES (Permission denied)
	at libcore.io.Linux.open(Native Method)
	at libcore.io.ForwardingOs.open(ForwardingOs.java:563)
	at libcore.io.BlockGuardOs.open(BlockGuardOs.java:274)
	at libcore.io.ForwardingOs.open(ForwardingOs.java:563)
	at android.app.ActivityThread$AndroidOs.open(ActivityThread.java:8591)
	at libcore.io.IoBridge.open(IoBridge.java:560)
	... 27 common frames omitted
21:21:38 [DefaultDispatcher-worker-4] BaseConfig - failed to clear live config 'coinbase.preferences_pb' via API
java.io.FileNotFoundException: /data/data/hashengineering.darkcoin.wallet_test/files/datastore/coinbase.preferences_pb.tmp: open failed: EACCES (Permission denied)
	at libcore.io.IoBridge.open(IoBridge.java:574)
	at java.io.FileOutputStream.<init>(FileOutputStream.java:259)
	at java.io.FileOutputStream.<init>(FileOutputStream.java:208)
	at androidx.datastore.core.FileWriteScope.writeData(FileStorage.kt:199)
	at androidx.datastore.core.DataStoreImpl$writeData$2.invokeSuspend(DataStoreImpl.kt:353)
	at androidx.datastore.core.DataStoreImpl$writeData$2.invoke(DataStoreImpl.kt:0)
	at androidx.datastore.core.DataStoreImpl$writeData$2.invoke(DataStoreImpl.kt:0)
	at androidx.datastore.core.FileStorageConnection.writeScope(FileStorage.kt:118)
	at androidx.datastore.core.DataStoreImpl.writeData$datastore_core_release(DataStoreImpl.kt:348)
	at androidx.datastore.core.DataStoreImpl$transformAndWrite$2.invokeSuspend(DataStoreImpl.kt:337)
	at androidx.datastore.core.DataStoreImpl$transformAndWrite$2.invoke(DataStoreImpl.kt:0)
	at androidx.datastore.core.DataStoreImpl$transformAndWrite$2.invoke(DataStoreImpl.kt:0)
	at androidx.datastore.core.SingleProcessCoordinator.lock(SingleProcessCoordinator.kt:41)
	at androidx.datastore.core.DataStoreImpl.transformAndWrite(DataStoreImpl.kt:329)
	at androidx.datastore.core.DataStoreImpl.handleUpdate(DataStoreImpl.kt:237)
	at androidx.datastore.core.DataStoreImpl.access$handleUpdate(DataStoreImpl.kt:48)
	at androidx.datastore.core.DataStoreImpl$writeActor$3.invokeSuspend(DataStoreImpl.kt:207)
	at androidx.datastore.core.DataStoreImpl$writeActor$3.invoke(DataStoreImpl.kt:0)
	at androidx.datastore.core.DataStoreImpl$writeActor$3.invoke(DataStoreImpl.kt:0)
	at androidx.datastore.core.SimpleActor$offer$2.invokeSuspend(SimpleActor.kt:121)
	at kotlin.coroutines.jvm.internal.BaseContinuationImpl.resumeWith(ContinuationImpl.kt:33)
	at kotlinx.coroutines.DispatchedTask.run(DispatchedTask.kt:100)
	at kotlinx.coroutines.internal.LimitedDispatcher$Worker.run(LimitedDispatcher.kt:124)
	at kotlinx.coroutines.scheduling.TaskImpl.run(Tasks.kt:89)
	at kotlinx.coroutines.scheduling.CoroutineScheduler.runSafely(CoroutineScheduler.kt:586)
	at kotlinx.coroutines.scheduling.CoroutineScheduler$Worker.executeTask(CoroutineScheduler.kt:820)
	at kotlinx.coroutines.scheduling.CoroutineScheduler$Worker.runWorker(CoroutineScheduler.kt:717)
	at kotlinx.coroutines.scheduling.CoroutineScheduler$Worker.run(CoroutineScheduler.kt:704)
Caused by: android.system.ErrnoException: open failed: EACCES (Permission denied)
	at libcore.io.Linux.open(Native Method)
	at libcore.io.ForwardingOs.open(ForwardingOs.java:563)
	at libcore.io.BlockGuardOs.open(BlockGuardOs.java:274)
	at libcore.io.ForwardingOs.open(ForwardingOs.java:563)
	at android.app.ActivityThread$AndroidOs.open(ActivityThread.java:8591)
	at libcore.io.IoBridge.open(IoBridge.java:560)
	... 27 common frames omitted
21:21:38 [DefaultDispatcher-worker-4] BaseConfig - failed to clear live config 'dashpay.preferences_pb' via API
java.io.FileNotFoundException: /data/data/hashengineering.darkcoin.wallet_test/files/datastore/dashpay.preferences_pb.tmp: open failed: EACCES (Permission denied)
	at libcore.io.IoBridge.open(IoBridge.java:574)
	at java.io.FileOutputStream.<init>(FileOutputStream.java:259)
	at java.io.FileOutputStream.<init>(FileOutputStream.java:208)
	at androidx.datastore.core.FileWriteScope.writeData(FileStorage.kt:199)
	at androidx.datastore.core.DataStoreImpl$writeData$2.invokeSuspend(DataStoreImpl.kt:353)
	at androidx.datastore.core.DataStoreImpl$writeData$2.invoke(DataStoreImpl.kt:0)
	at androidx.datastore.core.DataStoreImpl$writeData$2.invoke(DataStoreImpl.kt:0)
	at androidx.datastore.core.FileStorageConnection.writeScope(FileStorage.kt:118)
	at androidx.datastore.core.DataStoreImpl.writeData$datastore_core_release(DataStoreImpl.kt:348)
	at androidx.datastore.core.DataStoreImpl$transformAndWrite$2.invokeSuspend(DataStoreImpl.kt:337)
	at androidx.datastore.core.DataStoreImpl$transformAndWrite$2.invoke(DataStoreImpl.kt:0)
	at androidx.datastore.core.DataStoreImpl$transformAndWrite$2.invoke(DataStoreImpl.kt:0)
	at androidx.datastore.core.SingleProcessCoordinator.lock(SingleProcessCoordinator.kt:41)
	at androidx.datastore.core.DataStoreImpl.transformAndWrite(DataStoreImpl.kt:329)
	at androidx.datastore.core.DataStoreImpl.handleUpdate(DataStoreImpl.kt:237)
	at androidx.datastore.core.DataStoreImpl.access$handleUpdate(DataStoreImpl.kt:48)
	at androidx.datastore.core.DataStoreImpl$writeActor$3.invokeSuspend(DataStoreImpl.kt:207)
	at androidx.datastore.core.DataStoreImpl$writeActor$3.invoke(DataStoreImpl.kt:0)
	at androidx.datastore.core.DataStoreImpl$writeActor$3.invoke(DataStoreImpl.kt:0)
	at androidx.datastore.core.SimpleActor$offer$2.invokeSuspend(SimpleActor.kt:121)
	at kotlin.coroutines.jvm.internal.BaseContinuationImpl.resumeWith(ContinuationImpl.kt:33)
	at kotlinx.coroutines.DispatchedTask.run(DispatchedTask.kt:100)
	at kotlinx.coroutines.internal.LimitedDispatcher$Worker.run(LimitedDispatcher.kt:124)
	at kotlinx.coroutines.scheduling.TaskImpl.run(Tasks.kt:89)
	at kotlinx.coroutines.scheduling.CoroutineScheduler.runSafely(CoroutineScheduler.kt:586)
	at kotlinx.coroutines.scheduling.CoroutineScheduler$Worker.executeTask(CoroutineScheduler.kt:820)
	at kotlinx.coroutines.scheduling.CoroutineScheduler$Worker.runWorker(CoroutineScheduler.kt:717)
	at kotlinx.coroutines.scheduling.CoroutineScheduler$Worker.run(CoroutineScheduler.kt:704)
Caused by: android.system.ErrnoException: open failed: EACCES (Permission denied)
	at libcore.io.Linux.open(Native Method)
	at libcore.io.ForwardingOs.open(ForwardingOs.java:563)
	at libcore.io.BlockGuardOs.open(BlockGuardOs.java:274)
	at libcore.io.ForwardingOs.open(ForwardingOs.java:563)
	at android.app.ActivityThread$AndroidOs.open(ActivityThread.java:8591)
	at libcore.io.IoBridge.open(IoBridge.java:560)
	... 27 common frames omitted
21:21:38 [DefaultDispatcher-worker-4] BaseConfig - failed to clear live config 'exchange_rates_config.preferences_pb' via API
java.io.FileNotFoundException: /data/data/hashengineering.darkcoin.wallet_test/files/datastore/exchange_rates_config.preferences_pb.tmp: open failed: EACCES (Permission denied)
	at libcore.io.IoBridge.open(IoBridge.java:574)
	at java.io.FileOutputStream.<init>(FileOutputStream.java:259)
	at java.io.FileOutputStream.<init>(FileOutputStream.java:208)
	at androidx.datastore.core.FileWriteScope.writeData(FileStorage.kt:199)
	at androidx.datastore.core.DataStoreImpl$writeData$2.invokeSuspend(DataStoreImpl.kt:353)
	at androidx.datastore.core.DataStoreImpl$writeData$2.invoke(DataStoreImpl.kt:0)
	at androidx.datastore.core.DataStoreImpl$writeData$2.invoke(DataStoreImpl.kt:0)
	at androidx.datastore.core.FileStorageConnection.writeScope(FileStorage.kt:118)
	at androidx.datastore.core.DataStoreImpl.writeData$datastore_core_release(DataStoreImpl.kt:348)
	at androidx.datastore.core.DataStoreImpl$transformAndWrite$2.invokeSuspend(DataStoreImpl.kt:337)
	at androidx.datastore.core.DataStoreImpl$transformAndWrite$2.invoke(DataStoreImpl.kt:0)
	at androidx.datastore.core.DataStoreImpl$transformAndWrite$2.invoke(DataStoreImpl.kt:0)
	at androidx.datastore.core.SingleProcessCoordinator.lock(SingleProcessCoordinator.kt:41)
	at androidx.datastore.core.DataStoreImpl.transformAndWrite(DataStoreImpl.kt:329)
	at androidx.datastore.core.DataStoreImpl.handleUpdate(DataStoreImpl.kt:237)
	at androidx.datastore.core.DataStoreImpl.access$handleUpdate(DataStoreImpl.kt:48)
	at androidx.datastore.core.DataStoreImpl$writeActor$3.invokeSuspend(DataStoreImpl.kt:207)
	at androidx.datastore.core.DataStoreImpl$writeActor$3.invoke(DataStoreImpl.kt:0)
	at androidx.datastore.core.DataStoreImpl$writeActor$3.invoke(DataStoreImpl.kt:0)
	at androidx.datastore.core.SimpleActor$offer$2.invokeSuspend(SimpleActor.kt:121)
	at kotlin.coroutines.jvm.internal.BaseContinuationImpl.resumeWith(ContinuationImpl.kt:33)
	at kotlinx.coroutines.DispatchedTask.run(DispatchedTask.kt:100)
	at kotlinx.coroutines.internal.LimitedDispatcher$Worker.run(LimitedDispatcher.kt:124)
	at kotlinx.coroutines.scheduling.TaskImpl.run(Tasks.kt:89)
	at kotlinx.coroutines.scheduling.CoroutineScheduler.runSafely(CoroutineScheduler.kt:586)
	at kotlinx.coroutines.scheduling.CoroutineScheduler$Worker.executeTask(CoroutineScheduler.kt:820)
	at kotlinx.coroutines.scheduling.CoroutineScheduler$Worker.runWorker(CoroutineScheduler.kt:717)
	at kotlinx.coroutines.scheduling.CoroutineScheduler$Worker.run(CoroutineScheduler.kt:704)
Caused by: android.system.ErrnoException: open failed: EACCES (Permission denied)
	at libcore.io.Linux.open(Native Method)
	at libcore.io.ForwardingOs.open(ForwardingOs.java:563)
	at libcore.io.BlockGuardOs.open(BlockGuardOs.java:274)
	at libcore.io.ForwardingOs.open(ForwardingOs.java:563)
	at android.app.ActivityThread$AndroidOs.open(ActivityThread.java:8591)
	at libcore.io.IoBridge.open(IoBridge.java:560)
	... 27 common frames omitted
21:21:38 [DefaultDispatcher-worker-4] WalletApplication - failed to delete datastore preferences file: 'dashpay.preferences_pb'
21:21:38 [DefaultDispatcher-worker-4] WalletApplication - failed to delete datastore preferences file: 'coinbase.preferences_pb'
21:21:38 [DefaultDispatcher-worker-4] WalletApplication - failed to delete datastore preferences file: 'uphold.preferences_pb'
21:21:38 [DefaultDispatcher-worker-4] WalletApplication - failed to delete datastore preferences file: 'wallet_ui.preferences_pb'
21:21:38 [DefaultDispatcher-worker-4] WalletApplication - failed to delete datastore preferences file: 'exchange_rates_config.preferences_pb'
21:21:38 [DefaultDispatcher-worker-4] WalletApplication - failed to delete datastore preferences file: 'org.dashfoundation.wallet.secrets.preferences_pb'
21:21:38 [DefaultDispatcher-worker-4] WalletApplication - datastore preferences cleared; api-cleared: [platform-identity.preferences_pb, security_backup.preferences_pb, crowdnode.preferences_pb, maya.preferences_pb, blockchain_service.preferences_pb], file-deleted: []
21:21:38 [DefaultDispatcher-worker-4] WalletApplicationExt - wallet-wipe listener failed
java.io.FileNotFoundException: /data/data/hashengineering.darkcoin.wallet_test/files/datastore/dashpay.preferences_pb.tmp: open failed: EACCES (Permission denied)
	at libcore.io.IoBridge.open(IoBridge.java:574)
	at java.io.FileOutputStream.<init>(FileOutputStream.java:259)
	at java.io.FileOutputStream.<init>(FileOutputStream.java:208)
	at androidx.datastore.core.FileWriteScope.writeData(FileStorage.kt:199)
	at androidx.datastore.core.DataStoreImpl$writeData$2.invokeSuspend(DataStoreImpl.kt:353)
	at androidx.datastore.core.DataStoreImpl$writeData$2.invoke(DataStoreImpl.kt:0)
	at androidx.datastore.core.DataStoreImpl$writeData$2.invoke(DataStoreImpl.kt:0)
	at androidx.datastore.core.FileStorageConnection.writeScope(FileStorage.kt:118)
	at androidx.datastore.core.DataStoreImpl.writeData$datastore_core_release(DataStoreImpl.kt:348)
	at androidx.datastore.core.DataStoreImpl$transformAndWrite$2.invokeSuspend(DataStoreImpl.kt:337)
	at androidx.datastore.core.DataStoreImpl$transformAndWrite$2.invoke(DataStoreImpl.kt:0)
	at androidx.datastore.core.DataStoreImpl$transformAndWrite$2.invoke(DataStoreImpl.kt:0)
	at androidx.datastore.core.SingleProcessCoordinator.lock(SingleProcessCoordinator.kt:41)
	at androidx.datastore.core.DataStoreImpl.transformAndWrite(DataStoreImpl.kt:329)
	at androidx.datastore.core.DataStoreImpl.handleUpdate(DataStoreImpl.kt:237)
	at androidx.datastore.core.DataStoreImpl.access$handleUpdate(DataStoreImpl.kt:48)
	at androidx.datastore.core.DataStoreImpl$writeActor$3.invokeSuspend(DataStoreImpl.kt:207)
	at androidx.datastore.core.DataStoreImpl$writeActor$3.invoke(DataStoreImpl.kt:0)
	at androidx.datastore.core.DataStoreImpl$writeActor$3.invoke(DataStoreImpl.kt:0)
	at androidx.datastore.core.SimpleActor$offer$2.invokeSuspend(SimpleActor.kt:121)
	at kotlin.coroutines.jvm.internal.BaseContinuationImpl.resumeWith(ContinuationImpl.kt:33)
	at kotlinx.coroutines.DispatchedTask.run(DispatchedTask.kt:100)
	at kotlinx.coroutines.internal.LimitedDispatcher$Worker.run(LimitedDispatcher.kt:124)
	at kotlinx.coroutines.scheduling.TaskImpl.run(Tasks.kt:89)
	at kotlinx.coroutines.scheduling.CoroutineScheduler.runSafely(CoroutineScheduler.kt:586)
	at kotlinx.coroutines.scheduling.CoroutineScheduler$Worker.executeTask(CoroutineScheduler.kt:820)
	at kotlinx.coroutines.scheduling.CoroutineScheduler$Worker.runWorker(CoroutineScheduler.kt:717)
	at kotlinx.coroutines.scheduling.CoroutineScheduler$Worker.run(CoroutineScheduler.kt:704)
Caused by: android.system.ErrnoException: open failed: EACCES (Permission denied)
	at libcore.io.Linux.open(Native Method)
	at libcore.io.ForwardingOs.open(ForwardingOs.java:563)
	at libcore.io.BlockGuardOs.open(BlockGuardOs.java:274)
	at libcore.io.ForwardingOs.open(ForwardingOs.java:563)
	at android.app.ActivityThread$AndroidOs.open(ActivityThread.java:8591)
	at libcore.io.IoBridge.open(IoBridge.java:560)
	... 27 common frames omitted
21:21:38 [DefaultDispatcher-worker-4] WalletApplicationExt - wallet-wipe listener failed
java.io.FileNotFoundException: /data/data/hashengineering.darkcoin.wallet_test/files/datastore/exchange_rates_config.preferences_pb.tmp: open failed: EACCES (Permission denied)
	at libcore.io.IoBridge.open(IoBridge.java:574)
	at java.io.FileOutputStream.<init>(FileOutputStream.java:259)
	at java.io.FileOutputStream.<init>(FileOutputStream.java:208)
	at androidx.datastore.core.FileWriteScope.writeData(FileStorage.kt:199)
	at androidx.datastore.core.DataStoreImpl$writeData$2.invokeSuspend(DataStoreImpl.kt:353)
	at androidx.datastore.core.DataStoreImpl$writeData$2.invoke(DataStoreImpl.kt:0)
	at androidx.datastore.core.DataStoreImpl$writeData$2.invoke(DataStoreImpl.kt:0)
	at androidx.datastore.core.FileStorageConnection.writeScope(FileStorage.kt:118)
	at androidx.datastore.core.DataStoreImpl.writeData$datastore_core_release(DataStoreImpl.kt:348)
	at androidx.datastore.core.DataStoreImpl$transformAndWrite$2.invokeSuspend(DataStoreImpl.kt:337)
	at androidx.datastore.core.DataStoreImpl$transformAndWrite$2.invoke(DataStoreImpl.kt:0)
	at androidx.datastore.core.DataStoreImpl$transformAndWrite$2.invoke(DataStoreImpl.kt:0)
	at androidx.datastore.core.SingleProcessCoordinator.lock(SingleProcessCoordinator.kt:41)
	at androidx.datastore.core.DataStoreImpl.transformAndWrite(DataStoreImpl.kt:329)
	at androidx.datastore.core.DataStoreImpl.handleUpdate(DataStoreImpl.kt:237)
	at androidx.datastore.core.DataStoreImpl.access$handleUpdate(DataStoreImpl.kt:48)
	at androidx.datastore.core.DataStoreImpl$writeActor$3.invokeSuspend(DataStoreImpl.kt:207)
	at androidx.datastore.core.DataStoreImpl$writeActor$3.invoke(DataStoreImpl.kt:0)
	at androidx.datastore.core.DataStoreImpl$writeActor$3.invoke(DataStoreImpl.kt:0)
	at androidx.datastore.core.SimpleActor$offer$2.invokeSuspend(SimpleActor.kt:121)
	at kotlin.coroutines.jvm.internal.BaseContinuationImpl.resumeWith(ContinuationImpl.kt:33)
	at kotlinx.coroutines.DispatchedTask.run(DispatchedTask.kt:100)
	at kotlinx.coroutines.internal.LimitedDispatcher$Worker.run(LimitedDispatcher.kt:124)
	at kotlinx.coroutines.scheduling.TaskImpl.run(Tasks.kt:89)
	at kotlinx.coroutines.scheduling.CoroutineScheduler.runSafely(CoroutineScheduler.kt:586)
	at kotlinx.coroutines.scheduling.CoroutineScheduler$Worker.executeTask(CoroutineScheduler.kt:820)
	at kotlinx.coroutines.scheduling.CoroutineScheduler$Worker.runWorker(CoroutineScheduler.kt:717)
	at kotlinx.coroutines.scheduling.CoroutineScheduler$Worker.run(CoroutineScheduler.kt:704)
Caused by: android.system.ErrnoException: open failed: EACCES (Permission denied)
	at libcore.io.Linux.open(Native Method)
	at libcore.io.ForwardingOs.open(ForwardingOs.java:563)
	at libcore.io.BlockGuardOs.open(BlockGuardOs.java:274)
	at libcore.io.ForwardingOs.open(ForwardingOs.java:563)
	at android.app.ActivityThread$AndroidOs.open(ActivityThread.java:8591)
	at libcore.io.IoBridge.open(IoBridge.java:560)
	... 27 common frames omitted
21:21:38 [DefaultDispatcher-worker-4] WalletApplicationExt - wallet-wipe listener failed
java.io.FileNotFoundException: /data/data/hashengineering.darkcoin.wallet_test/files/datastore/wallet_ui.preferences_pb.tmp: open failed: EACCES (Permission denied)
	at libcore.io.IoBridge.open(IoBridge.java:574)
	at java.io.FileOutputStream.<init>(FileOutputStream.java:259)
	at java.io.FileOutputStream.<init>(FileOutputStream.java:208)
	at androidx.datastore.core.FileWriteScope.writeData(FileStorage.kt:199)
	at androidx.datastore.core.DataStoreImpl$writeData$2.invokeSuspend(DataStoreImpl.kt:353)
	at androidx.datastore.core.DataStoreImpl$writeData$2.invoke(DataStoreImpl.kt:0)
	at androidx.datastore.core.DataStoreImpl$writeData$2.invoke(DataStoreImpl.kt:0)
	at androidx.datastore.core.FileStorageConnection.writeScope(FileStorage.kt:118)
	at androidx.datastore.core.DataStoreImpl.writeData$datastore_core_release(DataStoreImpl.kt:348)
	at androidx.datastore.core.DataStoreImpl$transformAndWrite$2.invokeSuspend(DataStoreImpl.kt:337)
	at androidx.datastore.core.DataStoreImpl$transformAndWrite$2.invoke(DataStoreImpl.kt:0)
	at androidx.datastore.core.DataStoreImpl$transformAndWrite$2.invoke(DataStoreImpl.kt:0)
	at androidx.datastore.core.SingleProcessCoordinator.lock(SingleProcessCoordinator.kt:41)
	at androidx.datastore.core.DataStoreImpl.transformAndWrite(DataStoreImpl.kt:329)
	at androidx.datastore.core.DataStoreImpl.handleUpdate(DataStoreImpl.kt:237)
	at androidx.datastore.core.DataStoreImpl.access$handleUpdate(DataStoreImpl.kt:48)
	at androidx.datastore.core.DataStoreImpl$writeActor$3.invokeSuspend(DataStoreImpl.kt:207)
	at androidx.datastore.core.DataStoreImpl$writeActor$3.invoke(DataStoreImpl.kt:0)
	at androidx.datastore.core.DataStoreImpl$writeActor$3.invoke(DataStoreImpl.kt:0)
	at androidx.datastore.core.SimpleActor$offer$2.invokeSuspend(SimpleActor.kt:121)
	at kotlin.coroutines.jvm.internal.BaseContinuationImpl.resumeWith(ContinuationImpl.kt:33)
	at kotlinx.coroutines.DispatchedTask.run(DispatchedTask.kt:100)
	at kotlinx.coroutines.internal.LimitedDispatcher$Worker.run(LimitedDispatcher.kt:124)
	at kotlinx.coroutines.scheduling.TaskImpl.run(Tasks.kt:89)
	at kotlinx.coroutines.scheduling.CoroutineScheduler.runSafely(CoroutineScheduler.kt:586)
	at kotlinx.coroutines.scheduling.CoroutineScheduler$Worker.executeTask(CoroutineScheduler.kt:820)
	at kotlinx.coroutines.scheduling.CoroutineScheduler$Worker.runWorker(CoroutineScheduler.kt:717)
	at kotlinx.coroutines.scheduling.CoroutineScheduler$Worker.run(CoroutineScheduler.kt:704)
Caused by: android.system.ErrnoException: open failed: EACCES (Permission denied)
	at libcore.io.Linux.open(Native Method)
	at libcore.io.ForwardingOs.open(ForwardingOs.java:563)
	at libcore.io.BlockGuardOs.open(BlockGuardOs.java:274)
	at libcore.io.ForwardingOs.open(ForwardingOs.java:563)
	at android.app.ActivityThread$AndroidOs.open(ActivityThread.java:8591)
	at libcore.io.IoBridge.open(IoBridge.java:560)
	... 27 common frames omitted
21:21:38 [DefaultDispatcher-worker-4] WalletApplicationExt - wallet-wipe listener failed
java.io.FileNotFoundException: /data/data/hashengineering.darkcoin.wallet_test/files/datastore/uphold.preferences_pb.tmp: open failed: EACCES (Permission denied)
	at libcore.io.IoBridge.open(IoBridge.java:574)
	at java.io.FileOutputStream.<init>(FileOutputStream.java:259)
	at java.io.FileOutputStream.<init>(FileOutputStream.java:208)
	at androidx.datastore.core.FileWriteScope.writeData(FileStorage.kt:199)
	at androidx.datastore.core.DataStoreImpl$writeData$2.invokeSuspend(DataStoreImpl.kt:353)
	at androidx.datastore.core.DataStoreImpl$writeData$2.invoke(DataStoreImpl.kt:0)
	at androidx.datastore.core.DataStoreImpl$writeData$2.invoke(DataStoreImpl.kt:0)
	at androidx.datastore.core.FileStorageConnection.writeScope(FileStorage.kt:118)
	at androidx.datastore.core.DataStoreImpl.writeData$datastore_core_release(DataStoreImpl.kt:348)
	at androidx.datastore.core.DataStoreImpl$transformAndWrite$2.invokeSuspend(DataStoreImpl.kt:337)
	at androidx.datastore.core.DataStoreImpl$transformAndWrite$2.invoke(DataStoreImpl.kt:0)
	at androidx.datastore.core.DataStoreImpl$transformAndWrite$2.invoke(DataStoreImpl.kt:0)
	at androidx.datastore.core.SingleProcessCoordinator.lock(SingleProcessCoordinator.kt:41)
	at androidx.datastore.core.DataStoreImpl.transformAndWrite(DataStoreImpl.kt:329)
	at androidx.datastore.core.DataStoreImpl.handleUpdate(DataStoreImpl.kt:237)
	at androidx.datastore.core.DataStoreImpl.access$handleUpdate(DataStoreImpl.kt:48)
	at androidx.datastore.core.DataStoreImpl$writeActor$3.invokeSuspend(DataStoreImpl.kt:207)
	at androidx.datastore.core.DataStoreImpl$writeActor$3.invoke(DataStoreImpl.kt:0)
	at androidx.datastore.core.DataStoreImpl$writeActor$3.invoke(DataStoreImpl.kt:0)
	at androidx.datastore.core.SimpleActor$offer$2.invokeSuspend(SimpleActor.kt:121)
	at kotlin.coroutines.jvm.internal.BaseContinuationImpl.resumeWith(ContinuationImpl.kt:33)
	at kotlinx.coroutines.DispatchedTask.run(DispatchedTask.kt:100)
	at kotlinx.coroutines.internal.LimitedDispatcher$Worker.run(LimitedDispatcher.kt:124)
	at kotlinx.coroutines.scheduling.TaskImpl.run(Tasks.kt:89)
	at kotlinx.coroutines.scheduling.CoroutineScheduler.runSafely(CoroutineScheduler.kt:586)
	at kotlinx.coroutines.scheduling.CoroutineScheduler$Worker.executeTask(CoroutineScheduler.kt:820)
	at kotlinx.coroutines.scheduling.CoroutineScheduler$Worker.runWorker(CoroutineScheduler.kt:717)
	at kotlinx.coroutines.scheduling.CoroutineScheduler$Worker.run(CoroutineScheduler.kt:704)
Caused by: android.system.ErrnoException: open failed: EACCES (Permission denied)
	at libcore.io.Linux.open(Native Method)
	at libcore.io.ForwardingOs.open(ForwardingOs.java:563)
	at libcore.io.BlockGuardOs.open(BlockGuardOs.java:274)
	at libcore.io.ForwardingOs.open(ForwardingOs.java:563)
	at android.app.ActivityThread$AndroidOs.open(ActivityThread.java:8591)
	at libcore.io.IoBridge.open(IoBridge.java:560)
	... 27 common frames omitted
21:21:38 [DefaultDispatcher-worker-3] WalletApplicationExt - wallet-wipe listener failed
java.io.FileNotFoundException: /data/data/hashengineering.darkcoin.wallet_test/files/datastore/coinbase.preferences_pb.tmp: open failed: EACCES (Permission denied)
	at libcore.io.IoBridge.open(IoBridge.java:574)
	at java.io.FileOutputStream.<init>(FileOutputStream.java:259)
	at java.io.FileOutputStream.<init>(FileOutputStream.java:208)
	at androidx.datastore.core.FileWriteScope.writeData(FileStorage.kt:199)
	at androidx.datastore.core.DataStoreImpl$writeData$2.invokeSuspend(DataStoreImpl.kt:353)
	at androidx.datastore.core.DataStoreImpl$writeData$2.invoke(DataStoreImpl.kt:0)
	at androidx.datastore.core.DataStoreImpl$writeData$2.invoke(DataStoreImpl.kt:0)
	at androidx.datastore.core.FileStorageConnection.writeScope(FileStorage.kt:118)
	at androidx.datastore.core.DataStoreImpl.writeData$datastore_core_release(DataStoreImpl.kt:348)
	at androidx.datastore.core.DataStoreImpl$transformAndWrite$2.invokeSuspend(DataStoreImpl.kt:337)
	at androidx.datastore.core.DataStoreImpl$transformAndWrite$2.invoke(DataStoreImpl.kt:0)
	at androidx.datastore.core.DataStoreImpl$transformAndWrite$2.invoke(DataStoreImpl.kt:0)
	at androidx.datastore.core.SingleProcessCoordinator.lock(SingleProcessCoordinator.kt:41)
	at androidx.datastore.core.DataStoreImpl.transformAndWrite(DataStoreImpl.kt:329)
	at androidx.datastore.core.DataStoreImpl.handleUpdate(DataStoreImpl.kt:237)
	at androidx.datastore.core.DataStoreImpl.access$handleUpdate(DataStoreImpl.kt:48)
	at androidx.datastore.core.DataStoreImpl$writeActor$3.invokeSuspend(DataStoreImpl.kt:207)
	at androidx.datastore.core.DataStoreImpl$writeActor$3.invoke(DataStoreImpl.kt:0)
	at androidx.datastore.core.DataStoreImpl$writeActor$3.invoke(DataStoreImpl.kt:0)
	at androidx.datastore.core.SimpleActor$offer$2.invokeSuspend(SimpleActor.kt:121)
	at kotlin.coroutines.jvm.internal.BaseContinuationImpl.resumeWith(ContinuationImpl.kt:33)
	at kotlinx.coroutines.DispatchedTask.run(DispatchedTask.kt:100)
	at kotlinx.coroutines.internal.LimitedDispatcher$Worker.run(LimitedDispatcher.kt:124)
	at kotlinx.coroutines.scheduling.TaskImpl.run(Tasks.kt:89)
	at kotlinx.coroutines.scheduling.CoroutineScheduler.runSafely(CoroutineScheduler.kt:586)
	at kotlinx.coroutines.scheduling.CoroutineScheduler$Worker.executeTask(CoroutineScheduler.kt:820)
	at kotlinx.coroutines.scheduling.CoroutineScheduler$Worker.runWorker(CoroutineScheduler.kt:717)
	at kotlinx.coroutines.scheduling.CoroutineScheduler$Worker.run(CoroutineScheduler.kt:704)
Caused by: android.system.ErrnoException: open failed: EACCES (Permission denied)
	at libcore.io.Linux.open(Native Method)
	at libcore.io.ForwardingOs.open(ForwardingOs.java:563)
	at libcore.io.BlockGuardOs.open(BlockGuardOs.java:274)
	at libcore.io.ForwardingOs.open(ForwardingOs.java:563)
	at android.app.ActivityThread$AndroidOs.open(ActivityThread.java:8591)
	at libcore.io.IoBridge.open(IoBridge.java:560)
	... 27 common frames omitted
21:21:38 [DefaultDispatcher-worker-3] CrowdNodeApiAggregator - reset is triggered
21:21:38 [DefaultDispatcher-worker-2] MayaApiAggregator - reset is triggered
21:21:38 [DefaultDispatcher-worker-4] SecurityGuard - loading security guard [healthy=true] with keys: [keystore_healthy, fallback_pin_wallet_password_key, primary_ui_pin_key, modern_encryption_migration_complete, fallback_mnemonic_wallet_password_key, primary_wallet_password_key, fallback_mnemonic_ui_pin_key]
21:21:38 [DefaultDispatcher-worker-4] SecurityGuard - removing security keys
21:21:38 [DefaultDispatcher-worker-4] ModernEncryptionProvider - deleting ui_pin_key
21:21:38 [main] WalletActivityTracker - activity lifecycle: current: MainActivity, activities: 2 visible: 1 foreground: 1
21:21:38 [main] WalletActivityTracker - activity lifecycle: activity MainActivity destroyed
21:21:38 [main] WalletActivityTracker - activity lifecycle: current: MainActivity, activities: 1 visible: 1 foreground: 1
21:21:38 [DefaultDispatcher-worker-4] ModernEncryptionProvider - deleting wallet_password_key
21:21:38 [main] SecurityGuard - Notifying 4 health listeners of status change: HEALTHY
21:21:38 [main] SecurityGuard - Notifying 4 health listeners of status change: HEALTHY
21:21:38 [main] SecurityGuard - Notifying 4 health listeners of status change: HEALTHY
21:21:38 [main] SecurityGuard - Notifying 4 health listeners of status change: HEALTHY
21:21:38 [main] SecurityGuard - Notifying 4 health listeners of status change: HEALTHY
21:21:38 [DefaultDispatcher-worker-4] SecurityGuard - Cleared DataStore backups
21:21:38 [DefaultDispatcher-worker-4] PlatformSynchronizationService - stopping the platform sync machinery for a wallet reset/rescan
21:21:38 [DefaultDispatcher-worker-7] PlatformSynchronizationService - platform sync machinery stopped
21:21:38 [DefaultDispatcher-worker-3] L1ShadowSyncService - wallet-wipe SDK cleanup for wallet 122d89bd: stopping shadow + shielded sync, removing the SDK wallet (full cascade), deleting the SPV dataDir, clearing the binder latch — NO rebind (the next wallet setup binds fresh). SDK-side state only; dashj is untouched
21:21:38 [DefaultDispatcher-worker-3] DashSdkServiceImpl - removing SDK wallet 122d89bd… — full persistence cascade (Room wallet/identity/TXO/address/shielded rows, Keystore-backed identity keys and mnemonic, native wallet handle); dashj state is untouched and the next bind re-creates the same deterministic wallet id from the app seed
21:21:38 [DefaultDispatcher-worker-3] L1ShadowSyncService - wipe cleanup: removeSdkWallet failed; continuing
java.io.FileNotFoundException: /data/data/hashengineering.darkcoin.wallet_test/files/datastore/org.dashfoundation.wallet.secrets.preferences_pb.tmp: open failed: EACCES (Permission denied)
	at libcore.io.IoBridge.open(IoBridge.java:574)
	at java.io.FileOutputStream.<init>(FileOutputStream.java:259)
	at java.io.FileOutputStream.<init>(FileOutputStream.java:208)
	at androidx.datastore.core.FileWriteScope.writeData(FileStorage.kt:199)
	at androidx.datastore.core.DataStoreImpl$writeData$2.invokeSuspend(DataStoreImpl.kt:353)
	at androidx.datastore.core.DataStoreImpl$writeData$2.invoke(DataStoreImpl.kt:0)
	at androidx.datastore.core.DataStoreImpl$writeData$2.invoke(DataStoreImpl.kt:0)
	at androidx.datastore.core.FileStorageConnection.writeScope(FileStorage.kt:118)
	at androidx.datastore.core.DataStoreImpl.writeData$datastore_core_release(DataStoreImpl.kt:348)
	at androidx.datastore.core.DataStoreImpl$transformAndWrite$2.invokeSuspend(DataStoreImpl.kt:337)
	at androidx.datastore.core.DataStoreImpl$transformAndWrite$2.invoke(DataStoreImpl.kt:0)
	at androidx.datastore.core.DataStoreImpl$transformAndWrite$2.invoke(DataStoreImpl.kt:0)
	at androidx.datastore.core.SingleProcessCoordinator.lock(SingleProcessCoordinator.kt:41)
	at androidx.datastore.core.DataStoreImpl.transformAndWrite(DataStoreImpl.kt:329)
	at androidx.datastore.core.DataStoreImpl.handleUpdate(DataStoreImpl.kt:237)
	at androidx.datastore.core.DataStoreImpl.access$handleUpdate(DataStoreImpl.kt:48)
	at androidx.datastore.core.DataStoreImpl$writeActor$3.invokeSuspend(DataStoreImpl.kt:207)
	at androidx.datastore.core.DataStoreImpl$writeActor$3.invoke(DataStoreImpl.kt:0)
	at androidx.datastore.core.DataStoreImpl$writeActor$3.invoke(DataStoreImpl.kt:0)
	at androidx.datastore.core.SimpleActor$offer$2.invokeSuspend(SimpleActor.kt:121)
	at kotlin.coroutines.jvm.internal.BaseContinuationImpl.resumeWith(ContinuationImpl.kt:33)
	at kotlinx.coroutines.DispatchedTask.run(DispatchedTask.kt:100)
	at kotlinx.coroutines.internal.LimitedDispatcher$Worker.run(LimitedDispatcher.kt:124)
	at kotlinx.coroutines.scheduling.TaskImpl.run(Tasks.kt:89)
	at kotlinx.coroutines.scheduling.CoroutineScheduler.runSafely(CoroutineScheduler.kt:586)
	at kotlinx.coroutines.scheduling.CoroutineScheduler$Worker.executeTask(CoroutineScheduler.kt:820)
	at kotlinx.coroutines.scheduling.CoroutineScheduler$Worker.runWorker(CoroutineScheduler.kt:717)
	at kotlinx.coroutines.scheduling.CoroutineScheduler$Worker.run(CoroutineScheduler.kt:704)
Caused by: android.system.ErrnoException: open failed: EACCES (Permission denied)
	at libcore.io.Linux.open(Native Method)
	at libcore.io.ForwardingOs.open(ForwardingOs.java:563)
	at libcore.io.BlockGuardOs.open(BlockGuardOs.java:274)
	at libcore.io.ForwardingOs.open(ForwardingOs.java:563)
	at android.app.ActivityThread$AndroidOs.open(ActivityThread.java:8591)
	at libcore.io.IoBridge.open(IoBridge.java:560)
	... 27 common frames omitted
21:21:38 [DefaultDispatcher-worker-3] L1ShadowSyncService - L1 shadow hard reset: deleted SPV dataDir /data/user/0/hashengineering.darkcoin.wallet_test/files/l1_shadow_spv/testnet (21 files) — header store and scan watermark gone; the restart re-scans from the wallet's birth height
21:21:38 [DefaultDispatcher-worker-3] SdkWalletBinder - binder state reset for SDK wallet re-creation: bound wallet id and success latch cleared — the next binding trigger runs a full bind + discovery pass
21:21:38 [DefaultDispatcher-worker-3] L1ShadowSyncService - wallet-wipe SDK cleanup complete for wallet 122d89bd: the next wallet binds fresh
21:21:38 [DefaultDispatcher-worker-2] CutoverCoordinator - cutover state persist failed (CUT_OVER -> DUAL_RUNNING, wallet wipe); keeping CUT_OVER
java.io.FileNotFoundException: /data/data/hashengineering.darkcoin.wallet_test/files/datastore/dashpay.preferences_pb.tmp: open failed: EACCES (Permission denied)
	at libcore.io.IoBridge.open(IoBridge.java:574)
	at java.io.FileOutputStream.<init>(FileOutputStream.java:259)
	at java.io.FileOutputStream.<init>(FileOutputStream.java:208)
	at androidx.datastore.core.FileWriteScope.writeData(FileStorage.kt:199)
	at androidx.datastore.core.DataStoreImpl$writeData$2.invokeSuspend(DataStoreImpl.kt:353)
	at androidx.datastore.core.DataStoreImpl$writeData$2.invoke(DataStoreImpl.kt:0)
	at androidx.datastore.core.DataStoreImpl$writeData$2.invoke(DataStoreImpl.kt:0)
	at androidx.datastore.core.FileStorageConnection.writeScope(FileStorage.kt:118)
	at androidx.datastore.core.DataStoreImpl.writeData$datastore_core_release(DataStoreImpl.kt:348)
	at androidx.datastore.core.DataStoreImpl$transformAndWrite$2.invokeSuspend(DataStoreImpl.kt:337)
	at androidx.datastore.core.DataStoreImpl$transformAndWrite$2.invoke(DataStoreImpl.kt:0)
	at androidx.datastore.core.DataStoreImpl$transformAndWrite$2.invoke(DataStoreImpl.kt:0)
	at androidx.datastore.core.SingleProcessCoordinator.lock(SingleProcessCoordinator.kt:41)
	at androidx.datastore.core.DataStoreImpl.transformAndWrite(DataStoreImpl.kt:329)
	at androidx.datastore.core.DataStoreImpl.handleUpdate(DataStoreImpl.kt:237)
	at androidx.datastore.core.DataStoreImpl.access$handleUpdate(DataStoreImpl.kt:48)
	at androidx.datastore.core.DataStoreImpl$writeActor$3.invokeSuspend(DataStoreImpl.kt:207)
	at androidx.datastore.core.DataStoreImpl$writeActor$3.invoke(DataStoreImpl.kt:0)
	at androidx.datastore.core.DataStoreImpl$writeActor$3.invoke(DataStoreImpl.kt:0)
	at androidx.datastore.core.SimpleActor$offer$2.invokeSuspend(SimpleActor.kt:121)
	at kotlin.coroutines.jvm.internal.BaseContinuationImpl.resumeWith(ContinuationImpl.kt:33)
	at kotlinx.coroutines.DispatchedTask.run(DispatchedTask.kt:100)
	at kotlinx.coroutines.internal.LimitedDispatcher$Worker.run(LimitedDispatcher.kt:124)
	at kotlinx.coroutines.scheduling.TaskImpl.run(Tasks.kt:89)
	at kotlinx.coroutines.scheduling.CoroutineScheduler.runSafely(CoroutineScheduler.kt:586)
	at kotlinx.coroutines.scheduling.CoroutineScheduler$Worker.executeTask(CoroutineScheduler.kt:820)
	at kotlinx.coroutines.scheduling.CoroutineScheduler$Worker.runWorker(CoroutineScheduler.kt:717)
	at kotlinx.coroutines.scheduling.CoroutineScheduler$Worker.run(CoroutineScheduler.kt:704)
Caused by: android.system.ErrnoException: open failed: EACCES (Permission denied)
	at libcore.io.Linux.open(Native Method)
	at libcore.io.ForwardingOs.open(ForwardingOs.java:563)
	at libcore.io.BlockGuardOs.open(BlockGuardOs.java:274)
	at libcore.io.ForwardingOs.open(ForwardingOs.java:563)
	at android.app.ActivityThread$AndroidOs.open(ActivityThread.java:8591)
	at libcore.io.IoBridge.open(IoBridge.java:560)
	... 27 common frames omitted
21:21:38 [DefaultDispatcher-worker-2] IdentityRepository - clearing databases (includeInvitations = true)
21:21:38 [DefaultDispatcher-worker-2] BlockchainIdentityConfig - clearing data
21:21:38 [DefaultDispatcher-worker-13] DashPayConfig - debug SDK flag seeding: seeded ON = [], already set (skipped) = [use_kotlin_sdk_dpns_reads, use_kotlin_sdk_dashpay_writes, use_kotlin_sdk_shielded, use_kotlin_sdk_l1_invite, use_kotlin_sdk_l1_shadow]
21:21:38 [DefaultDispatcher-worker-13] WalletApplicationExt - databases cleared (isWalletWipe = true)
21:21:38 [main] OnboardingActivity - reset finished — re-running the onboarding routing
21:21:38 [DefaultDispatcher-worker-9] BlockchainServiceImpl - closing bootstrap streams
21:21:38 [DefaultDispatcher-worker-9] BlockchainServiceImpl - serviceJob cancelled after 1 minutes
21:21:38 [main] WalletActivityTracker - activity lifecycle: current: OnboardingActivity, activities: 1 visible: 1 foreground: 0
21:21:38 [main] WalletActivityTracker - activity lifecycle: OnboardingActivity stopped for a configuration change — not treating it as background
21:21:38 [main] WalletActivityTracker - activity lifecycle: current: OnboardingActivity, activities: 1 visible: 0 foreground: 0
21:21:38 [main] WalletActivityTracker - activity lifecycle: activity OnboardingActivity destroyed
21:21:38 [main] WalletActivityTracker - activity lifecycle: current: OnboardingActivity, activities: 0 visible: 0 foreground: 0
21:21:38 [main] WalletActivityTracker - activity lifecycle: app closed
21:21:38 [main] WalletActivityTracker - activity lifecycle: app started
21:21:38 [main] WalletActivityTracker - activity lifecycle: activity OnboardingActivity created
21:21:38 [main] WalletActivityTracker - activity lifecycle: current: OnboardingActivity, activities: 1 visible: 0 foreground: 0
21:21:38 [main] WalletActivityTracker - activity lifecycle: current: OnboardingActivity, activities: 1 visible: 1 foreground: 0
21:21:38 [main] WalletActivityTracker - activity lifecycle: current: OnboardingActivity, activities: 1 visible: 1 foreground: 1
21:21:48 [native-log-bridge] DashSdkNative - 09-19 16:21:28.011  4755  4877 I DashSDK : platform_wallet::changeset::core_bridge: wallet-event batch: folded=1 wallets=1 synced_height_persisted=Some(1556976) synced_height_frozen=None synced_height_rejected=None faulted=0
21:21:48 [native-log-bridge] DashSdkNative - 09-19 16:21:28.167  4755  4879 I DashSDK : platform_wallet::changeset::core_bridge: wallet-event batch: folded=1 wallets=1 synced_height_persisted=None synced_height_frozen=None synced_height_rejected=None faulted=0
21:22:11 [DefaultDispatcher-worker-13] CutoverUiDataService - SDK balance snapshot re-read failed
java.lang.IllegalStateException: SDK wallet not loaded for native balance read
	at de.schildbach.wallet.service.platform.sdk.DashSdkCutoverUiSource.currentBalanceSplitDuffs(CutoverUiDataService.kt:1401)
	at de.schildbach.wallet.service.platform.sdk.CutoverUiDataService.refreshNativeSplit(CutoverUiDataService.kt:2659)
	at de.schildbach.wallet.service.platform.sdk.CutoverUiDataService.access$refreshNativeSplit(CutoverUiDataService.kt:1732)
	at de.schildbach.wallet.service.platform.sdk.CutoverUiDataService$balancePipeline$2$5$2.emit(CutoverUiDataService.kt:2592)
	at de.schildbach.wallet.service.platform.sdk.CutoverUiDataService$balancePipeline$2$5$2.emit(CutoverUiDataService.kt:2583)
	at kotlinx.coroutines.flow.FlowKt__ChannelsKt.emitAllImpl$FlowKt__ChannelsKt(Channels.kt:33)
	at kotlinx.coroutines.flow.FlowKt__ChannelsKt.access$emitAllImpl$FlowKt__ChannelsKt(Channels.kt:1)
	at kotlinx.coroutines.flow.FlowKt__ChannelsKt$emitAllImpl$1.invokeSuspend(Channels.kt:0)
	at kotlin.coroutines.jvm.internal.BaseContinuationImpl.resumeWith(ContinuationImpl.kt:33)
	at kotlinx.coroutines.DispatchedTask.run(DispatchedTask.kt:100)
	at kotlinx.coroutines.scheduling.CoroutineScheduler.runSafely(CoroutineScheduler.kt:586)
	at kotlinx.coroutines.scheduling.CoroutineScheduler$Worker.executeTask(CoroutineScheduler.kt:829)
	at kotlinx.coroutines.scheduling.CoroutineScheduler$Worker.runWorker(CoroutineScheduler.kt:717)
	at kotlinx.coroutines.scheduling.CoroutineScheduler$Worker.run(CoroutineScheduler.kt:704)
21:22:13 [DefaultDispatcher-worker-6] TxDisplayCacheService - STARTUP tx_display_cache loaded 0 rows in 6ms
21:22:13 [main] StartupBreadcrumbs - STARTUP breadcrumb: 1 LOGGING_INITIALIZED +3ms
21:22:13 [main] StartupBreadcrumbs - STARTUP breadcrumb: 2 FIREBASE_INITIALIZED +4ms
21:22:13 [main] WalletApplication - STARTUP WalletApplication.onCreate()
21:22:13 [process-exit-reasons] ProcessExitReasons - STARTUP exit history: #0 reason=USER_REQUESTED(10) at=2026-09-19T16:22:12 (0s ago) importance=FOREGROUND(100) pss=0KB/0.0MB rss=0KB/0.0MB process=hashengineering.darkcoin.wallet_test pid=4755 status=0 definingUid=10209 description="[FORCE STOP] stop hashengineering.darkcoin.wallet_test due to from pid 5619"
21:22:13 [process-exit-reasons] ProcessExitReasons - STARTUP exit history: #1 reason=USER_REQUESTED(10) at=2026-09-19T16:16:45 (5m ago) importance=FOREGROUND(100) pss=0KB/0.0MB rss=0KB/0.0MB process=hashengineering.darkcoin.wallet_test pid=3415 status=0 definingUid=10209 description="[FORCE STOP] stop hashengineering.darkcoin.wallet_test due to from pid 4699"
21:22:13 [main] StartupBreadcrumbs - STARTUP breadcrumb: 3 CONFIG_LOADED +5ms
21:22:13 [process-exit-reasons] ProcessExitReasons - PROCESS EXIT REASON: USER_REQUESTED(10) — previous process died 0s ago at 2026-09-19T16:22:12, importance=FOREGROUND(100), pss=0KB/0.0MB, rss=0KB/0.0MB, description="[FORCE STOP] stop hashengineering.darkcoin.wallet_test due to from pid 5619"
21:22:13 [DefaultDispatcher-worker-1] DashPayConfig - debug SDK flag seeding: seeded ON = [use_kotlin_sdk_dpns_reads, use_kotlin_sdk_dashpay_writes, use_kotlin_sdk_shielded, use_kotlin_sdk_l1_invite, use_kotlin_sdk_l1_shadow], already set (skipped) = []
21:22:13 [main] StartupBreadcrumbs - STARTUP breadcrumb: 11 ONCREATE_COMPLETE +9ms
21:22:13 [main] BootstrapReceiver - got broadcast: Intent { act=android.intent.action.BOOT_COMPLETED flg=0x9000030 pkg=hashengineering.darkcoin.wallet_test cmp=hashengineering.darkcoin.wallet_test/de.schildbach.wallet.service.BootstrapReceiver (has extras) }
21:22:13 [bootstrap] BLSJniLibrary - Initializing BLS JNI Library
21:22:13 [bootstrap] BLSJniLibrary - Initializing BLS JNI Library
21:22:13 [bootstrap] BootstrapReceiver - wallet does not exist, not showing inactivity warning
21:22:13 [main] WalletActivityTracker - activity lifecycle: app started
21:22:13 [main] WalletActivityTracker - activity lifecycle: activity OnboardingActivity created
21:22:13 [main] WalletActivityTracker - activity lifecycle: current: OnboardingActivity, activities: 1 visible: 0 foreground: 0
21:22:13 [main] AppForegroundMonitor - App moved to foreground
21:22:13 [main] WalletActivityTracker - activity lifecycle: current: OnboardingActivity, activities: 1 visible: 1 foreground: 0
21:22:13 [main] WalletActivityTracker - activity lifecycle: current: OnboardingActivity, activities: 1 visible: 1 foreground: 1
21:22:13 [DefaultDispatcher-worker-10] ExploreSyncWorker - sync explore db started
21:22:13 [DefaultDispatcher-worker-10] ExploreDataSyncStatus - sync explore data progress: 0.0
21:22:13 [DefaultDispatcher-worker-10] GCExploreDatabase - preloading explore db from assets /data/user/0/hashengineering.darkcoin.wallet_test/cache/explore.db, test database: true
21:22:13 [DefaultDispatcher-worker-10] GCExploreDatabase - preloading explore db from assets /data/user/0/hashengineering.darkcoin.wallet_test/cache/explore.db, test database: false
21:22:13 [DefaultDispatcher-worker-10] GCExploreDatabase - missing preloaded database explore/explore.db
21:22:13 [DefaultDispatcher-worker-10] ExploreSyncWorker - local data timestamp: 0 (Wed Dec 31 18:00:00 CST 1969)
21:22:13 [DefaultDispatcher-worker-1] GCExploreDatabase - error getting remote data timestamp
com.google.firebase.FirebaseException: An internal error has occurred. [ API key not valid. Please pass a valid API key. ]
	at com.google.android.gms.internal.firebase-auth-api.zzaag.zza(com.google.firebase:firebase-auth@@22.0.0:4)
	at com.google.android.gms.internal.firebase-auth-api.zzabf.zza(com.google.firebase:firebase-auth@@22.0.0:26)
	at com.google.android.gms.internal.firebase-auth-api.zzabg.zzl(com.google.firebase:firebase-auth@@22.0.0:1)
	at com.google.android.gms.internal.firebase-auth-api.zzabd.zzh(com.google.firebase:firebase-auth@@22.0.0:25)
	at com.google.android.gms.internal.firebase-auth-api.zzaae.zzh(com.google.firebase:firebase-auth@@22.0.0:1)
	at com.google.android.gms.internal.firebase-auth-api.zzyb.zza(com.google.firebase:firebase-auth@@22.0.0:2)
	at com.google.android.gms.internal.firebase-auth-api.zzabo.zzc(com.google.firebase:firebase-auth@@22.0.0:10)
	at com.google.android.gms.internal.firebase-auth-api.zzabo.zzb(com.google.firebase:firebase-auth@@22.0.0:14)
	at com.google.android.gms.internal.firebase-auth-api.zzaat.zzn(com.google.firebase:firebase-auth@@22.0.0:4)
	at com.google.android.gms.internal.firebase-auth-api.zzyh.zzz(com.google.firebase:firebase-auth@@22.0.0:2)
	at com.google.android.gms.internal.firebase-auth-api.zzaaf.zzv(com.google.firebase:firebase-auth@@22.0.0:2)
	at com.google.android.gms.internal.firebase-auth-api.zzzk.zzc(com.google.firebase:firebase-auth@@22.0.0:1)
	at com.google.android.gms.internal.firebase-auth-api.zzabh.run(com.google.firebase:firebase-auth@@22.0.0:1)
	at java.util.concurrent.ThreadPoolExecutor.runWorker(ThreadPoolExecutor.java:1145)
	at java.util.concurrent.ThreadPoolExecutor$Worker.run(ThreadPoolExecutor.java:644)
	at com.google.firebase.concurrent.CustomThreadFactory.lambda$newThread$0(CustomThreadFactory.java:47)
	at com.google.firebase.concurrent.CustomThreadFactory.$r8$lambda$XB8AY3Hcio74byWuTzgVEC3Hiek(CustomThreadFactory.java:0)
	at com.google.firebase.concurrent.CustomThreadFactory$$ExternalSyntheticLambda0.run(R8$$SyntheticClass:0)
	at java.lang.Thread.run(Thread.java:1012)
21:22:13 [DefaultDispatcher-worker-1] ExploreSyncWorker - remote data timestamp: -1 (Wed Dec 31 17:59:59 CST 1969)
21:22:13 [DefaultDispatcher-worker-1] ExploreSyncWorker - unable to delete /data/user/0/hashengineering.darkcoin.wallet_test/cache/explore.db
21:22:13 [DefaultDispatcher-worker-1] ExploreSyncWorker - explore db is up to date, nothing to sync
21:22:13 [DefaultDispatcher-worker-1] ExploreDataSyncStatus - sync explore data progress: 100.0
21:22:13 [DefaultDispatcher-worker-1] ExploreDatabase - Open database explore-database
21:22:13 [DefaultDispatcher-worker-1] ExploreSyncWorker - removed existing PiggyCards test data: 5 merchant(s), 5 provider(s)
21:22:13 [DefaultDispatcher-worker-1] ExploreSyncWorker - adding PiggyCards test merchants
21:22:13 [DefaultDispatcher-worker-4] ExploreSyncWorker - PiggyCards test merchant added successfully
21:22:29 [main] WalletActivityTracker - activity lifecycle: current: OnboardingActivity, activities: 1 visible: 1 foreground: 0
21:22:29 [main] WalletActivityTracker - activity lifecycle: activity SelectSecurityLevelActivity created
21:22:29 [main] WalletActivityTracker - activity lifecycle: current: SelectSecurityLevelActivity, activities: 2 visible: 1 foreground: 0
21:22:29 [main] WalletActivityTracker - activity lifecycle: current: SelectSecurityLevelActivity, activities: 2 visible: 2 foreground: 0
21:22:29 [main] WalletActivityTracker - activity lifecycle: current: SelectSecurityLevelActivity, activities: 2 visible: 2 foreground: 1
21:22:29 [main] WalletActivityTracker - activity lifecycle: current: OnboardingActivity, activities: 2 visible: 1 foreground: 1
21:22:45 [main] WalletActivityTracker - activity lifecycle: current: SelectSecurityLevelActivity, activities: 2 visible: 1 foreground: 0
21:22:45 [main] WalletActivityTracker - activity lifecycle: current: OnboardingActivity, activities: 2 visible: 2 foreground: 0
21:22:45 [main] WalletActivityTracker - activity lifecycle: current: OnboardingActivity, activities: 2 visible: 2 foreground: 1
21:22:45 [DefaultDispatcher-worker-1] BLSJniLibrary - Initializing BLS JNI Library
21:22:45 [DefaultDispatcher-worker-1] WalletApplication - === starting app using configuration: _testNet3, org.darkcoin.test
21:22:45 [DefaultDispatcher-worker-1] MnemonicCodeExt - BIP39 wordlist loaded from: 'bip39-wordlists/english.txt', took 3.075 ms
21:22:45 [DefaultDispatcher-worker-1] MnemonicCode - PBKDF2 took 11.34 ms
21:22:45 [DefaultDispatcher-worker-1] OnboardingViewModel - successfully created new wallet
21:22:45 [DefaultDispatcher-worker-10] BLSJniLibrary - Initializing BLS JNI Library
21:22:45 [DefaultDispatcher-worker-10] TxDisplayCacheService - rebuildWrappedList: 0 raw txs → 0 wrappers → 0 sorted | getTransactions=1ms wrapAll=0ms sort=0ms total=1ms
21:22:45 [DefaultDispatcher-worker-10] TxDisplayCacheService - updateDisplayCache: 0 rows in 0ms
21:22:45 [DefaultDispatcher-worker-10] TxDisplayCacheService - STARTUP rebuildWrappedList DONE (_transactionsLoaded=true) at 1789852965359
21:22:45 [DefaultDispatcher-worker-10] WalletObserver - observing transactions start de.schildbach.wallet.transactions.WalletObserver@34a97eb
21:22:45 [DefaultDispatcher-worker-10] BLSJniLibrary - Initializing BLS JNI Library
21:22:45 [DefaultDispatcher-worker-10] TxDisplayCacheService - Sync complete (cutoverCommitted=false): SDK=unavailable records | dashj wallet=0 txs | group cache=0 txs/0 groups | display=0 rows — nothing in the wallet and nothing cached
21:22:45 [dashj user thread] BLSJniLibrary - Initializing BLS JNI Library
21:22:45 [DefaultDispatcher-worker-1] KeyChainGroup - Activating a new HD chain: DeterministicKeyChain{P2PKH, accountPath=[44H, 1H, 0H], lookaheadSize=100, lookaheadThreshold=33}
21:22:45 [DefaultDispatcher-worker-1] AnyKeyChainGroup - Activating a new HD chain: AuthenticationKeyChain{BLOCKCHAIN_IDENTITY, ECDSA, P2PKH, accountPath=[9H, 1H, 5H, 0H, 0H, 0H], lookaheadSize=0, lookaheadThreshold=0}
21:22:45 [DefaultDispatcher-worker-1] AnyKeyChainGroup - Activating a new HD chain: AuthenticationKeyChain{BLOCKCHAIN_IDENTITY_FUNDING, ECDSA, P2PKH, accountPath=[9H, 1H, 5H, 1H], lookaheadSize=5, lookaheadThreshold=5}
21:22:45 [DefaultDispatcher-worker-1] AnyKeyChainGroup - Activating a new HD chain: AuthenticationKeyChain{MASTERNODE_OWNER, ECDSA, P2PKH, accountPath=[9H, 1H, 3H, 2H], lookaheadSize=5, lookaheadThreshold=5}
21:22:45 [DefaultDispatcher-worker-1] BLSJniLibrary - Initializing BLS JNI Library
21:22:45 [DefaultDispatcher-worker-1] AnyKeyChainGroup - Activating a new HD chain: AuthenticationKeyChain{MASTERNODE_OPERATOR, BLS, P2PKH, accountPath=[9H, 1H, 3H, 3H], lookaheadSize=5, lookaheadThreshold=5}
21:22:45 [DefaultDispatcher-worker-1] AnyKeyChainGroup - Activating a new HD chain: AuthenticationKeyChain{MASTERNODE_VOTING, ECDSA, P2PKH, accountPath=[9H, 1H, 3H, 1H], lookaheadSize=5, lookaheadThreshold=5}
21:22:45 [DefaultDispatcher-worker-1] AnyKeyChainGroup - Activating a new HD chain: AuthenticationKeyChain{BLOCKCHAIN_IDENTITY_TOPUP, ECDSA, P2PKH, accountPath=[9H, 1H, 5H, 2H], lookaheadSize=5, lookaheadThreshold=5}
21:22:45 [DefaultDispatcher-worker-1] AnyKeyChainGroup - Activating a new HD chain: AuthenticationKeyChain{INVITATION_FUNDING, ECDSA, P2PKH, accountPath=[9H, 1H, 5H, 3H], lookaheadSize=5, lookaheadThreshold=5}
21:22:45 [DefaultDispatcher-worker-1] AnyKeyChainGroup - Activating a new HD chain: AuthenticationKeyChain{MASTERNODE_PLATFORM_OPERATOR, EdDSA, P2PKH, accountPath=[9H, 1H, 3H, 4H], lookaheadSize=0, lookaheadThreshold=0}
21:22:45 [main] WalletActivityTracker - activity lifecycle: current: SelectSecurityLevelActivity, activities: 2 visible: 1 foreground: 1
21:22:45 [DefaultDispatcher-worker-1] AnyKeyChainGroup - Activating a new HD chain: AnyDeterministicKeyChain{ECDSA, P2PKH, accountPath=[9H, 1H, 4H, 0H], lookaheadSize=100, lookaheadThreshold=33}
21:22:45 [main] WalletActivityTracker - activity lifecycle: activity SelectSecurityLevelActivity destroyed
21:22:45 [main] WalletActivityTracker - activity lifecycle: current: SelectSecurityLevelActivity, activities: 1 visible: 1 foreground: 1
21:22:45 [DefaultDispatcher-worker-8] CutoverCoordinator - cutover state DUAL_RUNNING -> CUT_OVER (fresh-wallet setup (restore/new))
21:22:45 [main] WalletActivityTracker - activity lifecycle: current: OnboardingActivity, activities: 1 visible: 1 foreground: 0
21:22:45 [main] WalletActivityTracker - activity lifecycle: activity SetPinActivity created
21:22:45 [main] WalletActivityTracker - activity lifecycle: current: SetPinActivity, activities: 2 visible: 1 foreground: 0
21:22:45 [main] SecurityGuard - loading security guard [healthy=true] with keys: [keystore_healthy, modern_encryption_migration_complete]
21:22:45 [main] SecurityGuard - loading security guard [healthy=true] with keys: [keystore_healthy, modern_encryption_migration_complete]
21:22:45 [main] WalletActivityTracker - activity lifecycle: current: SetPinActivity, activities: 2 visible: 2 foreground: 0
21:22:45 [main] WalletActivityTracker - activity lifecycle: current: SetPinActivity, activities: 2 visible: 2 foreground: 1
21:22:45 [main] WalletActivityTracker - activity lifecycle: current: OnboardingActivity, activities: 2 visible: 1 foreground: 1
21:23:11 [main] SecurityGuard - removing security keys
21:23:11 [main] ModernEncryptionProvider - deleting ui_pin_key
21:23:11 [main] ModernEncryptionProvider - deleting wallet_password_key
21:23:11 [main] SecurityGuard - Cleared DataStore backups
21:23:11 [main] ModernEncryptionProvider - key store does not have ui_pin_key, but has android.security.keystore2.AndroidKeyStoreSpi$KeyEntriesEnumerator@a15fd9c, generating new key. Stack trace:
  at dalvik.system.VMStack.getThreadStackTrace(Native Method)
  at java.lang.Thread.getStackTrace(Thread.java:1841)
  at de.schildbach.wallet.security.ModernEncryptionProvider.getSecretKey(ModernEncryptionProvider.kt:175)
  at de.schildbach.wallet.security.ModernEncryptionProvider.encrypt(ModernEncryptionProvider.kt:79)
  at de.schildbach.wallet.security.DualFallbackEncryptionProvider.encrypt(DualFallbackEncryptionProvider.kt:85)
  at de.schildbach.wallet.security.SecurityGuard.validateKeyIntegrity(SecurityGuard.java:307)
  at de.schildbach.wallet.security.SecurityGuard.savePin(SecurityGuard.java:262)
  at de.schildbach.wallet.livedata.EncryptWalletLiveData.savePin(EncryptWalletLiveData.kt:106)
  at de.schildbach.wallet.ui.SetPinViewModel.savePinAndEncrypt(SetPinViewModel.kt:74)
  at de.schildbach.wallet.ui.SetPinViewModel.savePinAndEncrypt(SetPinViewModel.kt:65)
  at de.schildbach.wallet.ui.SetPinActivity$nextStep$submit$1.run(SetPinActivity.kt:289)
  at android.os.Handler.handleCallback(Handler.java:959)
  at android.os.Handler.dispatchMessage(Handler.java:100)
  at android.os.Looper.loopOnce(Looper.java:232)
  at android.os.Looper.loop(Looper.java:317)
  at android.app.ActivityThread.main(ActivityThread.java:8705)
  at java.lang.reflect.Method.invoke(Native Method)
  at com.android.internal.os.RuntimeInit$MethodAndArgsCaller.run(RuntimeInit.java:580)
  at com.android.internal.os.ZygoteInit.main(ZygoteInit.java:886)
21:23:11 [main] SecurityGuard - Notifying 1 health listeners of status change: HEALTHY
21:23:11 [main] ModernEncryptionProvider - Decrypted data for alias: ui_pin_key
21:23:11 [main] SecurityGuard - Notifying 1 health listeners of status change: HEALTHY
21:23:11 [main] ModernEncryptionProvider - Decrypted data for alias: ui_pin_key
21:23:11 [main] MnemonicBasedKeyProvider - Derived key from mnemonic for alias: ui_pin_key
21:23:11 [main] SecurityGuard - Notifying 1 health listeners of status change: HEALTHY
21:23:11 [main] DualFallbackEncryptionProvider - Added mnemonic-fallback for ui_pin_key
21:23:11 [AsyncTask #1] BLSJniLibrary - Initializing BLS JNI Library
21:23:11 [AsyncTask #1] KeyCrypterScrypt - Deriving key took 128.0 ms for N=65536, r=8, p=1.
21:23:11 [AsyncTask #1] ModernEncryptionProvider - key store does not have wallet_password_key, but has android.security.keystore2.AndroidKeyStoreSpi$KeyEntriesEnumerator@638a8a, generating new key. Stack trace:
  at dalvik.system.VMStack.getThreadStackTrace(Native Method)
  at java.lang.Thread.getStackTrace(Thread.java:1841)
  at de.schildbach.wallet.security.ModernEncryptionProvider.getSecretKey(ModernEncryptionProvider.kt:175)
  at de.schildbach.wallet.security.ModernEncryptionProvider.encrypt(ModernEncryptionProvider.kt:79)
  at de.schildbach.wallet.security.DualFallbackEncryptionProvider.encrypt(DualFallbackEncryptionProvider.kt:85)
  at de.schildbach.wallet.security.SecurityGuard.validateKeyIntegrity(SecurityGuard.java:307)
  at de.schildbach.wallet.security.SecurityGuard.savePassword(SecurityGuard.java:204)
  at de.schildbach.wallet.livedata.EncryptWalletLiveData$EncryptWalletTask.doInBackground$lambda$0(EncryptWalletLiveData.kt:188)
  at de.schildbach.wallet.livedata.EncryptWalletLiveData$EncryptWalletTask.$r8$lambda$0CMI4LnZeajmC7OpxOq-bClhh3o(EncryptWalletLiveData.kt:0)
  at de.schildbach.wallet.livedata.EncryptWalletLiveData$EncryptWalletTask$$ExternalSyntheticLambda0.invoke(R8$$SyntheticClass:0)
  at de.schildbach.wallet.livedata.EncryptWalletLiveData$Companion.encryptAndSavePassword$wallet__testNet3Release(EncryptWalletLiveData.kt:58)
  at de.schildbach.wallet.livedata.EncryptWalletLiveData$EncryptWalletTask.doInBackground(EncryptWalletLiveData.kt:188)
  at de.schildbach.wallet.livedata.EncryptWalletLiveData$EncryptWalletTask.doInBackground(EncryptWalletLiveData.kt:172)
  at android.os.AsyncTask$3.call(AsyncTask.java:394)
  at java.util.concurrent.FutureTask.run(FutureTask.java:264)
  at android.os.AsyncTask$SerialExecutor$1.run(AsyncTask.java:305)
  at java.util.concurrent.ThreadPoolExecutor.runWorker(ThreadPoolExecutor.java:1145)
  at java.util.concurrent.ThreadPoolExecutor$Worker.run(ThreadPoolExecutor.java:644)
  at java.lang.Thread.run(Thread.java:1012)
21:23:11 [main] SecurityGuard - Notifying 1 health listeners of status change: HEALTHY
21:23:11 [AsyncTask #1] ModernEncryptionProvider - Decrypted data for alias: wallet_password_key
21:23:11 [AsyncTask #1] EncryptWalletLiveData - wallet successfully encrypted, using key derived by new spending password (65536 scrypt iterations)
21:23:11 [main] SecurityGuard - Notifying 1 health listeners of status change: HEALTHY
21:23:11 [main] CoinJoinExtension - CoinJoinExtension serialization: 1ms total (keys:0ms[8], cache:0ms[0], salt:0ms, io:0ms, size:1431bytes, buffer:64KB)
21:23:11 [main] WalletProtobufSerializer - walletToProto (serial=8) timing: 17ms total, init=0ms, tx=0ms[0], keys=1ms, scripts=0ms[0], metadata=0ms, ext=15ms, friendRecv=0ms, friendSend=0ms, build=0ms
21:23:11 [main] WalletProtobufSerializer - writeWallet timing: 18ms total (17ms/94% serialization, 1ms/5% I/O) buffer=8KB
21:23:11 [main] WalletApplication - wallet saved to: '/data/user/0/hashengineering.darkcoin.wallet_test/files/wallet-protobuf-testnet', took 21.64 ms
21:23:11 [main] CoinJoinExtension - CoinJoinExtension serialization: 0ms total (keys:0ms[8], cache:0ms[0], salt:0ms, io:0ms, size:1431bytes, buffer:64KB)
21:23:11 [main] WalletProtobufSerializer - walletToProto (serial=8) timing: 2ms total, init=0ms, tx=0ms[0], keys=0ms, scripts=0ms[0], metadata=0ms, ext=2ms, friendRecv=0ms, friendSend=0ms, build=0ms
21:23:11 [main] WalletApplication - wallet backed up to: 'key-backup-protobuf-testnet', took 4.275 ms
21:23:11 [main] StartupBreadcrumbs - STARTUP breadcrumb: 7 FINALIZE_INIT_BEGIN +58296ms
21:23:11 [main] SecurityGuard - loading security guard [healthy=true] with keys: [keystore_healthy, modern_encryption_migration_complete, primary_ui_pin_key, primary_wallet_password_key, fallback_mnemonic_ui_pin_key]
21:23:11 [main] SecurityGuard - loading security guard [healthy=true] with keys: [keystore_healthy, modern_encryption_migration_complete, primary_ui_pin_key, primary_wallet_password_key, fallback_mnemonic_ui_pin_key]
21:23:11 [main] ModernEncryptionProvider - Decrypted data for alias: wallet_password_key
21:23:11 [main] KeyCrypterScrypt - Deriving key took 126.4 ms for N=65536, r=8, p=1.
21:23:11 [main] ModernEncryptionProvider - Decrypted data for alias: wallet_password_key
21:23:11 [main] MnemonicBasedKeyProvider - Derived key from mnemonic for alias: wallet_password_key
21:23:11 [main] SecurityGuard - Notifying 1 health listeners of status change: HEALTHY
21:23:11 [main] DualFallbackEncryptionProvider - Added mnemonic-fallback for wallet_password_key
21:23:11 [main] SecurityGuard - Mnemonic-based fallbacks ensured for PIN and wallet password
21:23:11 [main] WalletApplication - Mnemonic-based fallbacks ensured
21:23:11 [main] ModernEncryptionProvider - Decrypted data for alias: ui_pin_key
21:23:11 [main] ModernEncryptionProvider - Decrypted data for alias: wallet_password_key
21:23:11 [main] SecurityGuard - Notifying 1 health listeners of status change: HEALTHY_WITH_FALLBACKS
21:23:11 [main] DualFallbackEncryptionProvider - Added PIN-fallback for wallet_password_key
21:23:11 [main] SecurityGuard - PIN-based fallback ensured for wallet password
21:23:11 [main] WalletApplication - PIN-based fallback added successfully
21:23:11 [main] WalletApplication - STARTUP finalizeInit: securityGuard done in 259ms
21:23:11 [main] WalletApplication - STARTUP finalizeInit: initDash done in 2ms
21:23:11 [main] StartupBreadcrumbs - STARTUP breadcrumb: 8 INIT_DASH_DONE +58557ms
21:23:11 [main] Configuration - detected app upgrade: 0 -> 12000014
21:23:11 [main] WalletApplication - STARTUP finalizeInit: afterLoadWallet done in 1ms
21:23:11 [main] StartupBreadcrumbs - STARTUP breadcrumb: 9 AFTER_LOAD_WALLET_DONE +58558ms
21:23:11 [main] StartupBreadcrumbs - STARTUP breadcrumb: 20 SDK_BIND_KICKED +58560ms
21:23:11 [DefaultDispatcher-worker-1] BlockchainIdentityData - creation: BlockchainIdentityData(NONE, null, null, null, null, null)
21:23:11 [main] PlatformSynchronizationService - Starting the platform sync job
21:23:11 [main] StartupBreadcrumbs - STARTUP breadcrumb: 10 PLATFORM_INIT_KICKED +58561ms
21:23:11 [main] WalletApplication - STARTUP finalizeInit: initPlatform+channels done in 3ms
21:23:11 [DefaultDispatcher-worker-7] SecurityGuard - loading security guard [healthy=true] with keys: [keystore_healthy, fallback_pin_wallet_password_key, primary_ui_pin_key, modern_encryption_migration_complete, fallback_mnemonic_wallet_password_key, primary_wallet_password_key, fallback_mnemonic_ui_pin_key]
21:23:11 [DefaultDispatcher-worker-7] ModernEncryptionProvider - Decrypted data for alias: wallet_password_key
21:23:11 [main] WalletApplication - STARTUP finalizeInit: integrations done in 57ms
21:23:11 [main] WalletActivityTracker - activity lifecycle: current: SetPinActivity, activities: 2 visible: 1 foreground: 0
21:23:11 [main] WalletActivityTracker - activity lifecycle: activity OnboardingActivity destroyed
21:23:11 [main] WalletActivityTracker - activity lifecycle: current: SetPinActivity, activities: 1 visible: 1 foreground: 0
21:23:11 [main] WalletActivityTracker - activity lifecycle: activity VerifySeedActivity created
21:23:11 [main] WalletActivityTracker - activity lifecycle: current: VerifySeedActivity, activities: 2 visible: 1 foreground: 0
21:23:11 [main] SecurityGuard - loading security guard [healthy=true] with keys: [keystore_healthy, fallback_pin_wallet_password_key, primary_ui_pin_key, modern_encryption_migration_complete, fallback_mnemonic_wallet_password_key, primary_wallet_password_key, fallback_mnemonic_ui_pin_key]
21:23:11 [main] SecurityGuard - loading security guard [healthy=true] with keys: [keystore_healthy, fallback_pin_wallet_password_key, primary_ui_pin_key, modern_encryption_migration_complete, fallback_mnemonic_wallet_password_key, primary_wallet_password_key, fallback_mnemonic_ui_pin_key]
21:23:11 [main] WalletActivityTracker - activity lifecycle: current: VerifySeedActivity, activities: 2 visible: 2 foreground: 0
21:23:11 [main] WalletActivityTracker - activity lifecycle: current: VerifySeedActivity, activities: 2 visible: 2 foreground: 1
21:23:11 [DefaultDispatcher-worker-7] KeyCrypterScrypt - Deriving key took 177.9 ms for N=65536, r=8, p=1.
21:23:11 [DefaultDispatcher-worker-7] DashSdkServiceImpl - bootstrapping Dash Platform SDK for network=testnet (flavor=_testNet3)
21:23:11 [DefaultDispatcher-worker-7] DashSdkServiceImpl - SDK tracing file logging (INFO) at /data/user/0/hashengineering.darkcoin.wallet_test/files/sdk-logs/platform_wallet/run.log: NOT installed (subscriber already set or dir unwritable)
21:23:11 [DefaultDispatcher-worker-7] DashSdkServiceImpl - Dash Platform SDK started: version=4.2.0-beta.2, restored 0 wallet(s)
21:23:11 [main] WalletActivityTracker - activity lifecycle: current: SetPinActivity, activities: 2 visible: 1 foreground: 1
21:23:11 [main] WalletActivityTracker - activity lifecycle: activity SetPinActivity destroyed
21:23:11 [main] WalletActivityTracker - activity lifecycle: current: SetPinActivity, activities: 1 visible: 1 foreground: 1
21:23:11 [DefaultDispatcher-worker-7] CheckpointManager - Read 2440 checkpoints up to time 2026-01-20T11:13:46Z, hash is 64631969817a1892a432d246a7c17a63d5c57d76d2ddf0404b48486637fe32a0
21:23:11 [DefaultDispatcher-worker-7] BirthHeightResolver - resolved birth time 1789852965 to SDK birth height 1401408 (checkpoint height 1405440, margin 4032 blocks)
21:23:12 [DefaultDispatcher-worker-1] DashSdkServiceImpl - app wallet bound to new SDK wallet b644d4f6… (birthHeight=1401408 via checkpoint mapping; 0 = full scan from genesis)
21:23:12 [DefaultDispatcher-worker-1] DashSdkServiceImpl - widenAddressWindows: BIP44 account 0 gap -> 1000 on b644d4f6…
21:23:12 [DefaultDispatcher-worker-1] DashSdkServiceImpl - widenAddressWindows: BIP32 account 0 gap -> 1000 on b644d4f6…
21:23:12 [DefaultDispatcher-worker-1] DashSdkServiceImpl - widenAddressWindows: COIN_JOIN account 0 gap -> 1000 on b644d4f6…
21:23:12 [DefaultDispatcher-worker-6] CheckpointManager - Read 2440 checkpoints up to time 2026-01-20T11:13:46Z, hash is 64631969817a1892a432d246a7c17a63d5c57d76d2ddf0404b48486637fe32a0
21:23:12 [DefaultDispatcher-worker-6] BirthHeightResolver - resolved birth time 1789852965 to SDK birth height 1401408 (checkpoint height 1405440, margin 4032 blocks)
21:23:12 [DefaultDispatcher-worker-6] DashSdkServiceImpl - armSpvRescan: filter watermark rewind to 1401408 armed on b644d4f6…
21:23:12 [DefaultDispatcher-worker-5] SdkWalletBinder - address-window heal v2 applied on b644d4f6…: gaps widened, backfill coverage invalidated — next gate pass rewinds with the widened script set
21:23:12 [DefaultDispatcher-worker-5] SdkWalletBinder - SDK wallet bound; identity not yet registered — discovery deferred
21:23:12 [DefaultDispatcher-worker-5] PlatformSynchronizationService - SDK L1 engine not started from Application init — it starts from the foreground blockchain service (resume())
21:23:12 [DefaultDispatcher-worker-5] StartupBreadcrumbs - STARTUP breadcrumb: 23 CUTOVER_SERVICES_STARTED +59265ms
21:23:12 [DefaultDispatcher-worker-4] CutoverUiDataService - cutover committed — serving home-screen data from the SDK
21:23:12 [DefaultDispatcher-worker-6] CutoverTxSeamService - cutover committed — priming the SDK seam tx feed
21:23:12 [DefaultDispatcher-worker-4] CutoverUiDataService - cutover UI active but the engine wallet-event tap is not running (USE_KOTLIN_SDK_L1_SHADOW off, or L1ShadowSyncService not started) — instant receives degrade to the Room-snapshot/block cadence
21:23:12 [DefaultDispatcher-worker-3] SdkBlockchainStateService - cutover committed — deriving BlockchainState from the SDK SPV feed
21:23:12 [DefaultDispatcher-worker-9] CutoverUiDataService - SDK balance published: 0 duffs (was none) | l1Synced=false rescanArmedHold=true dashPayBackfill(armed=false,replaying=false) deferredContactBuilds=0 (unchangedReads=1) persistedAsLastKnown=false lastKnown=none
21:23:12 [DefaultDispatcher-worker-3] SdkBindRetryService - SDK bind established — clearing the pending state (no blocker recorded in this process)
21:23:12 [DefaultDispatcher-worker-1] CutoverTxSeamService - seam tx feed primed (0 recent records, 0 in the priming window); serving seam tx reads from the SDK store
21:23:12 [DefaultDispatcher-worker-5] ShieldedBalanceServiceImpl - shielded runtime ready on SDK wallet b644d4f6… (account 0, sync loop running)
21:23:45 [main] WalletActivityTracker - activity lifecycle: current: VerifySeedActivity, activities: 1 visible: 1 foreground: 0
21:23:45 [main] WalletActivityTracker - activity lifecycle: activity MainActivity created
21:23:45 [main] WalletActivityTracker - activity lifecycle: current: MainActivity, activities: 2 visible: 1 foreground: 0
21:23:45 [main] SecurityGuard - loading security guard [healthy=true] with keys: [keystore_healthy, fallback_pin_wallet_password_key, primary_ui_pin_key, modern_encryption_migration_complete, fallback_mnemonic_wallet_password_key, primary_wallet_password_key, fallback_mnemonic_ui_pin_key]
21:23:45 [main] SecurityGuard - loading security guard [healthy=true] with keys: [keystore_healthy, fallback_pin_wallet_password_key, primary_ui_pin_key, modern_encryption_migration_complete, fallback_mnemonic_wallet_password_key, primary_wallet_password_key, fallback_mnemonic_ui_pin_key]
21:23:45 [main] ModernEncryptionProvider - Decrypted data for alias: wallet_password_key
21:23:45 [main] ModernEncryptionProvider - Decrypted data for alias: ui_pin_key
21:23:45 [main] DashPaymentIntentParser - network parameters = org.darkcoin.test
21:23:45 [main] DashPaymentIntentParser - network parameters = org.darkcoin.test
21:23:45 [main] MainViewModel - STARTUP MainViewModel init at 1789853025723
21:23:45 [DefaultDispatcher-worker-11] MainViewModel - blockchain state update: mnlist=1556976; chain=1556976; wallet=0
21:23:45 [main] StartupBreadcrumbs - STARTUP breadcrumb: 12 MAIN_UI_SHOWN +92709ms
21:23:45 [DefaultDispatcher-worker-3] DapiClient - getDocuments(contractId=GWRSAVFMjXx8HpQFaNJMqBV7MBgMK4br5UESsB4S31Ec, type=domain, {limit=5, where=[]})
21:23:45 [main] Configuration - just being used - last used 29830883 minutes ago
21:23:45 [main] WalletActivityTracker - activity lifecycle: current: MainActivity, activities: 2 visible: 2 foreground: 0
21:23:45 [DefaultDispatcher-worker-11] DapiClient - getDocuments(contractId=GWRSAVFMjXx8HpQFaNJMqBV7MBgMK4br5UESsB4S31Ec, type=domain, {limit=5, where=[]})
21:23:45 [DefaultDispatcher-worker-10] DapiClient - getDocuments(contractId=GWRSAVFMjXx8HpQFaNJMqBV7MBgMK4br5UESsB4S31Ec, type=domain, {limit=5, where=[]})
21:23:45 [DefaultDispatcher-worker-5] CrowdNodeApiAggregator - restoring CrowdNode status
21:23:45 [DefaultDispatcher-worker-5] BLSJniLibrary - Initializing BLS JNI Library
21:23:45 [main] WalletTransactionsFragment - STARTUP WalletTransactionsFragment.onViewCreated at 1789853025746
21:23:45 [main] HistoryHeaderAdapter - set invite, synced = false
21:23:45 [DefaultDispatcher-worker-1] BLSJniLibrary - Initializing BLS JNI Library
21:23:45 [main] HistoryHeaderAdapter - set invite = null
21:23:45 [main] HistoryHeaderAdapter - set invite, synced = false
21:23:45 [main] SecurityGuard - loading security guard [healthy=true] with keys: [keystore_healthy, fallback_pin_wallet_password_key, primary_ui_pin_key, modern_encryption_migration_complete, fallback_mnemonic_wallet_password_key, primary_wallet_password_key, fallback_mnemonic_ui_pin_key]
21:23:45 [main] SecurityGuard - loading security guard [healthy=true] with keys: [keystore_healthy, fallback_pin_wallet_password_key, primary_ui_pin_key, modern_encryption_migration_complete, fallback_mnemonic_wallet_password_key, primary_wallet_password_key, fallback_mnemonic_ui_pin_key]
21:23:45 [main] LockScreenActivity - show lock screen false = ![keepUnlocked=false] && autologout=true && (keepUnlockedUntilPenEntered=false || shouldLogout=false) || isHealthy=true
21:23:45 [main] MainActivity - updateTrigger => rateStale: RateRetrievalState(lastAttemptFailed=false, staleRates=false, volatile=false)
21:23:45 [main] WalletActivityTracker - activity lifecycle: current: MainActivity, activities: 2 visible: 2 foreground: 1
21:23:45 [main] BlockchainIdentityData - creation: BlockchainIdentityData(NONE, null, null, null, null, null)
21:23:45 [DefaultDispatcher-worker-10] DapiClient - searching for quorum: 6, 0000006fd9701e4371a90adcab770e68899ac259af03b51f1fdd66c1d60bad2c, 1556976
21:23:45 [main] BlockchainIdentityData - creation: BlockchainIdentityData(NONE, null, null, null, null, null)
21:23:45 [main] WalletTransactionsFragment - STARTUP submitData called on thread=main at 1789853025918
21:23:45 [main] BlockchainServiceImpl - .onCreate()
21:23:45 [main] DashPaymentIntentParser - network parameters = org.darkcoin.test
21:23:45 [DefaultDispatcher-worker-11] DapiClient - searching for quorum: 6, 0000006fd9701e4371a90adcab770e68899ac259af03b51f1fdd66c1d60bad2c, 1556976
21:23:45 [DefaultDispatcher-worker-3] DapiClient - searching for quorum: 6, 0000006fd9701e4371a90adcab770e68899ac259af03b51f1fdd66c1d60bad2c, 1556976
21:23:45 [main] BlockchainServiceImpl - start foreground service
21:23:45 [main] BlockchainServiceImpl - .onStartCommand(Intent { cmp=hashengineering.darkcoin.wallet_test/de.schildbach.wallet.service.BlockchainServiceImpl })
21:23:45 [DefaultDispatcher-worker-8] BlockchainServiceImpl - onCreate() serviceScope waiting for cleanup null
21:23:45 [DefaultDispatcher-worker-8] BLSJniLibrary - Initializing BLS JNI Library
21:23:45 [DefaultDispatcher-worker-8] BlockchainServiceImpl - Phase 5d cutover gate: dashjEngineMayStart=false (coordinatorAllowsDashj=false, dashjHeldByCutover=true, dashjSyncDiagnostic=false)
21:23:45 [DefaultDispatcher-worker-8] BlockchainServiceImpl - cannot load the bootstrap stream: mnlistdiff-testnet.dat
21:23:45 [DefaultDispatcher-worker-8] BlockchainServiceImpl - cannot load the bootstrap stream: qrinfo-testnet.dat
21:23:45 [DefaultDispatcher-worker-8] BLSJniLibrary - Initializing BLS JNI Library
21:23:45 [DefaultDispatcher-worker-8] BlockchainServiceImpl - blockchain does not exist, resetting wallet
21:23:45 [DefaultDispatcher-worker-6] BLSJniLibrary - Initializing BLS JNI Library
21:23:45 [DefaultDispatcher-worker-2] BlockchainServiceImpl - onStartCommand waiting for onCreate to complete...
21:23:45 [Wallet autosave thread] BLSJniLibrary - Initializing BLS JNI Library
21:23:45 [DefaultDispatcher-worker-8] AbstractQuorumState - resetting masternode list; force: true, requestFreshList: false
21:23:45 [main] DeviceInfoProvider - Detecting currency based on device, mobile network or locale:
21:23:45 [DefaultDispatcher-worker-8] AbstractQuorumState - resetting masternode list; force: true, requestFreshList: false
21:23:45 [DefaultDispatcher-worker-8] SPVBlockStore - Creating new SPV block chain file /data/user/0/hashengineering.darkcoin.wallet_test/app_blockstore/blockchain-testnet
21:23:45 [main] DeviceInfoProvider - Device Sim Country: us
21:23:45 [main] MainViewModel - Updating currency exchange rate based on country: US
21:23:45 [main] MainViewModel - Using default Country: US
21:23:45 [main] MainViewModel - Using default currency: USD
21:23:45 [main] BlockchainServiceImpl - .onStartCommand(Intent { act=de.schildbach.wallet.service.cancel_coins_received cmp=hashengineering.darkcoin.wallet_test/de.schildbach.wallet.service.BlockchainServiceImpl })
21:23:45 [DefaultDispatcher-worker-12] BlockchainServiceImpl - onStartCommand waiting for onCreate to complete...
21:23:45 [DefaultDispatcher-worker-8] SPVBlockStore - Creating new SPV block chain file /data/user/0/hashengineering.darkcoin.wallet_test/app_blockstore/headers-testnet
21:23:45 [DefaultDispatcher-worker-8] BlockchainServiceImpl - verifying backupBlockStore
21:23:45 [DefaultDispatcher-worker-8] BlockchainServiceImpl - verifying headerStore
21:23:45 [main] MainViewModel - platform available: false; no identity creation is progress: true
21:23:46 [pool-48-thread-1] BlockchainServiceImpl - verify blockstore: 245.0 μs, 0 loaded
21:23:46 [DefaultDispatcher-worker-8] BlockchainServiceImpl - verifying blockStore
21:23:46 [pool-48-thread-1] BlockchainServiceImpl - verify blockstore: 276.9 μs, 0 loaded
21:23:46 [DefaultDispatcher-worker-8] BlockchainServiceImpl - blockstore files verified: true, true
21:23:46 [DefaultDispatcher-worker-8] CheckpointManager - Attempting to initialize a new block store with a checkpoint for time 1789248165 (2026-09-12T21:22:45Z)
21:23:46 [DefaultDispatcher-worker-10] DapiClient - searching for quorum: 6, 0000006fd9701e4371a90adcab770e68899ac259af03b51f1fdd66c1d60bad2c, 1556976
21:23:46 [DefaultDispatcher-worker-8] CheckpointManager - Read 2440 checkpoints up to time 2026-01-20T11:13:46Z, hash is 64631969817a1892a432d246a7c17a63d5c57d76d2ddf0404b48486637fe32a0
21:23:46 [DefaultDispatcher-worker-8] CheckpointManager - Attempting to initialize a new block store with a checkpoint for time 1789248226 (2026-09-12T21:23:46Z)
21:23:46 [DefaultDispatcher-worker-8] CheckpointManager - Read 2440 checkpoints up to time 2026-01-20T11:13:46Z, hash is 64631969817a1892a432d246a7c17a63d5c57d76d2ddf0404b48486637fe32a0
21:23:46 [DefaultDispatcher-worker-8] BlockchainServiceImpl - checkpoints loaded from 'checkpoints-testnet.txt', took 65.48 ms
21:23:46 [DefaultDispatcher-worker-8] BLSJniLibrary - Initializing BLS JNI Library
21:23:46 [DefaultDispatcher-worker-8] AbstractBlockChain - chain head is at height 1405440:
 block: 
   hash: 000000173e6c9dd4ca8a5a75699fbb5dc4713bc238d2ce98aec7fe3a77febfeb
   version: 536870912 (0x20000000) (BIP34, BIP66, BIP65)
   previous block: 000000773d05044b4db27c023a9a12bc59eaf1f396ad7e5180ef4cb14d366150
   merkle root: ea3165fb830ba2267ad050760183eb5b8241c694406868382bdf6c2307c8e936
   time: 1768907626 (2026-01-20T11:13:46Z)
   difficulty target (nBits): 503367276
   nonce: 128740

21:23:46 [DefaultDispatcher-worker-8] AbstractBlockChain - chain head is at height 1405440:
 block: 
   hash: 000000173e6c9dd4ca8a5a75699fbb5dc4713bc238d2ce98aec7fe3a77febfeb
   version: 536870912 (0x20000000) (BIP34, BIP66, BIP65)
   previous block: 000000773d05044b4db27c023a9a12bc59eaf1f396ad7e5180ef4cb14d366150
   merkle root: ea3165fb830ba2267ad050760183eb5b8241c694406868382bdf6c2307c8e936
   time: 1768907626 (2026-01-20T11:13:46Z)
   difficulty target (nBits): 503367276
   nonce: 128740

21:23:46 [DefaultDispatcher-worker-3] DapiClient - searching for quorum: 6, 0000006fd9701e4371a90adcab770e68899ac259af03b51f1fdd66c1d60bad2c, 1556976
21:23:46 [DefaultDispatcher-worker-11] DapiClient - searching for quorum: 6, 0000006fd9701e4371a90adcab770e68899ac259af03b51f1fdd66c1d60bad2c, 1556976
21:23:46 [main] WalletActivityTracker - activity lifecycle: current: VerifySeedActivity, activities: 2 visible: 1 foreground: 1
21:23:46 [main] WalletActivityTracker - activity lifecycle: activity VerifySeedActivity destroyed
21:23:46 [main] WalletActivityTracker - activity lifecycle: current: VerifySeedActivity, activities: 1 visible: 1 foreground: 1
21:23:46 [main] SecurityGuard - loading security guard [healthy=true] with keys: [keystore_healthy, fallback_pin_wallet_password_key, primary_ui_pin_key, modern_encryption_migration_complete, fallback_mnemonic_wallet_password_key, primary_wallet_password_key, fallback_mnemonic_ui_pin_key]
21:23:46 [main] BlockchainServiceImpl - network callback registered with NetworkRequest: de.schildbach.wallet.service.BlockchainServiceImpl$NetworkCallbackImpl@c6b2e29
21:23:46 [DefaultDispatcher-worker-12] BlockchainServiceImpl - network capabilities changed: 101, hasInternet: true, validated: true
21:23:46 [DefaultDispatcher-worker-7] BlockchainServiceImpl - network available: 101, hasInternet: true, validated: true, type: WiFi
21:23:46 [DefaultDispatcher-worker-5] BlockchainServiceImpl - monitoring 0 old transactions
21:23:46 [DefaultDispatcher-worker-11] DapiClient - searching for quorum: 6, 0000006fd9701e4371a90adcab770e68899ac259af03b51f1fdd66c1d60bad2c, 1556976
21:23:46 [DefaultDispatcher-worker-10] DapiClient - searching for quorum: 6, 0000006fd9701e4371a90adcab770e68899ac259af03b51f1fdd66c1d60bad2c, 1556976
21:23:46 [main] BlockchainServiceImpl - receiver register: tickReceiver, de.schildbach.wallet.service.BlockchainServiceImpl$tickReceiver$1@2f91eba
21:23:46 [DefaultDispatcher-worker-14] BlockchainServiceImpl - cutover committed — Platform quorum lookups wired to the SDK-sourced quorum list
21:23:46 [DefaultDispatcher-worker-14] StartupBreadcrumbs - STARTUP breadcrumb: 20 SDK_BIND_KICKED +93508ms
21:23:46 [DefaultDispatcher-worker-7] Constants - --> GET https://rates.ctx.com/rates?source=ctx
21:23:46 [DefaultDispatcher-worker-2] SdkWalletBinder - SDK wallet bound; identity not yet registered — discovery deferred
21:23:46 [DefaultDispatcher-worker-13] StartupBreadcrumbs - STARTUP breadcrumb: 21 SDK_L1_ENGINE_STARTING +93515ms
21:23:46 [DefaultDispatcher-worker-4] BlockchainServiceImpl - onCreate completed, processing onStartCommand
21:23:46 [DefaultDispatcher-worker-4] BLSJniLibrary - Initializing BLS JNI Library
21:23:46 [DefaultDispatcher-worker-4] BlockchainServiceImpl - service start command: Intent { cmp=hashengineering.darkcoin.wallet_test/de.schildbach.wallet.service.BlockchainServiceImpl }
21:23:46 [DefaultDispatcher-worker-12] BlockchainServiceImpl - onCreate completed, processing onStartCommand
21:23:46 [DefaultDispatcher-worker-2] BlockchainServiceImpl - acquiring check() mutex
21:23:46 [DefaultDispatcher-worker-3] DapiClient - searching for quorum: 6, 0000006fd9701e4371a90adcab770e68899ac259af03b51f1fdd66c1d60bad2c, 1556976
21:23:46 [DefaultDispatcher-worker-4] BlockchainServiceImpl - .onStartCommand(Intent { cmp=hashengineering.darkcoin.wallet_test/de.schildbach.wallet.service.BlockchainServiceImpl }) finished
21:23:46 [DefaultDispatcher-worker-12] BLSJniLibrary - Initializing BLS JNI Library
21:23:46 [DefaultDispatcher-worker-12] BlockchainServiceImpl - service start command: Intent { act=de.schildbach.wallet.service.cancel_coins_received cmp=hashengineering.darkcoin.wallet_test/de.schildbach.wallet.service.BlockchainServiceImpl }
21:23:46 [DefaultDispatcher-worker-12] BlockchainServiceImpl - .onStartCommand(Intent { act=de.schildbach.wallet.service.cancel_coins_received cmp=hashengineering.darkcoin.wallet_test/de.schildbach.wallet.service.BlockchainServiceImpl }) finished
21:23:46 [DefaultDispatcher-worker-2] BlockchainServiceImpl - check()
21:23:46 [DefaultDispatcher-worker-2] BlockchainServiceImpl - cutover committed — holding the dashj L1 engine; SDK owns L1 this launch
21:23:46 [DefaultDispatcher-worker-2] BlockchainServiceImpl - releasing check() mutex
21:23:46 [DefaultDispatcher-worker-5] BlockchainServiceImpl - acquiring check() mutex
21:23:46 [DefaultDispatcher-worker-8] BlockchainServiceImpl - acquiring check() mutex
21:23:46 [DefaultDispatcher-worker-5] BlockchainServiceImpl - check()
21:23:46 [DefaultDispatcher-worker-5] BlockchainServiceImpl - cutover committed — holding the dashj L1 engine; SDK owns L1 this launch
21:23:46 [DefaultDispatcher-worker-5] BlockchainServiceImpl - releasing check() mutex
21:23:46 [DefaultDispatcher-worker-8] BlockchainServiceImpl - check()
21:23:46 [DefaultDispatcher-worker-8] BlockchainServiceImpl - cutover committed — holding the dashj L1 engine; SDK owns L1 this launch
21:23:46 [DefaultDispatcher-worker-8] BlockchainServiceImpl - releasing check() mutex
21:23:46 [DefaultDispatcher-worker-14] BlockchainServiceImpl - .onCreate() finished
21:23:46 [DefaultDispatcher-worker-3] SdkQuorumDataSource - SDK quorum keys refreshed: 24 fetched, 24 cached
21:23:46 [DefaultDispatcher-worker-3] DapiClient - searching for quorum: result: a045837dcfcacb8cb1e3a34cf6689caaf5061e8d5823d27d458cd4458eac0c6268e513799d9f48439428c2de4e3a1d30
21:23:46 [DefaultDispatcher-worker-7] Constants - <-- 200 https://rates.ctx.com/rates?source=ctx (278ms, unknown-length body)
21:23:46 [DefaultDispatcher-worker-5] ExchangeRatesRepository - exchange rates updated successfully with de.schildbach.wallet.rates.DashRetailClient@1ae5496
21:23:46 [DefaultDispatcher-worker-1] ExchangeRatesRepository - updateTrigger
21:23:46 [DefaultDispatcher-worker-13] L1ShadowSyncService - DashPay bring-up before SPV: status=NO_IDENTITY discovery=1 dashPaySyncRan=false drained=0 pending=0 elapsedMs=335
21:23:46 [DefaultDispatcher-worker-10] Platform - platform check: 1.152 s
21:23:46 [DefaultDispatcher-worker-3] Platform - platform check: 1.152 s
21:23:46 [DefaultDispatcher-worker-11] Platform - platform check: 1.151 s
21:23:46 [DefaultDispatcher-worker-11] PlatformServiceImplementation - platform available 3 of 3: true
21:23:46 [main] MainViewModel - platform available: true; no identity creation is progress: true
21:23:46 [DefaultDispatcher-worker-11] L1ShadowSyncService - L1 shadow SPV started for SDK wallet b644d4f6… (dataDir=/data/user/0/hashengineering.darkcoin.wallet_test/files/l1_shadow_spv/testnet, default peer discovery); debug-only instrumentation — two SPV engines are now running
21:23:46 [DefaultDispatcher-worker-6] L1ShadowSyncService - L1Parity probing suspended: the cutover is committed and the dashj engine is held, so its balance is frozen at the cutover snapshot — any comparison against it is a guaranteed MISMATCH that measures nothing. Turn on the Tools 'dashj sync (diagnostic)' toggle to un-hold dashj and resume probing.
21:23:46 [DefaultDispatcher-worker-6] L1ShadowSyncService - L1Parity cadence relaxing 10000ms -> 60000ms (cutover already committed)
21:23:46 [DefaultDispatcher-worker-11] StartupBreadcrumbs - STARTUP breadcrumb: 22 SDK_L1_ENGINE_STARTED +93870ms
21:23:46 [DefaultDispatcher-worker-11] StartupBreadcrumbs - STARTUP breadcrumb: 23 CUTOVER_SERVICES_STARTED +93870ms
21:23:46 [DefaultDispatcher-worker-6] L1ShadowSyncService - WalletHistoryFacts: displayDbEmpty count=0 dashjEarliestKeyTime=2026-09-19T21:22:45Z (real line follows at first sync settle)
21:23:46 [DefaultDispatcher-worker-10] L1ShadowSyncService - L1Shadow phase=CONNECTING 66.7% headers 1400000/1400000 filters 1401407/1400000 wallet 0
21:23:46 [DefaultDispatcher-worker-2] MainViewModel - blockchain state update: mnlist=1556976; chain=1400000; wallet=-1
21:23:46 [DefaultDispatcher-worker-10] L1ShadowSyncService - WalletBalanceFacts: total=0 accounts={bip44:0, bip32:0, coinjoin:0, identityRegistration:0, identityTopUpUnbound:0, identityInvitation:0, assetLockTopUp:0, assetLockShieldedTopUp:0, providerVoting:0, providerOwner:0, providerOperator:0, providerPlatform:0} confirmed=0 unconfirmed=0 txCount=0
21:23:46 [DefaultDispatcher-worker-4] MainViewModel - blockchain state update: mnlist=1556976; chain=1400000; wallet=-1
21:23:46 [main] HistoryHeaderAdapter - set invite, synced = true
21:23:47 [DefaultDispatcher-worker-7] L1ShadowSyncService - ReplayMemTelemetry phase=HEADERS nativeHeapAllocated=107420352 nativeHeapSize=123228160 jvmUsed=16901808 jvmMax=603979776 headers 1416000/1556977 filters 1401407 wallet 0
21:23:47 [main] HistoryHeaderAdapter - set invite, synced = false
21:23:50 [Wallet autosave thread] WalletFiles - Background saving wallet; last seen block is height -1, date unknown, hash null
21:23:50 [Wallet autosave thread] CoinJoinExtension - CoinJoinExtension serialization: 0ms total (keys:0ms[8], cache:0ms[0], salt:0ms, io:0ms, size:1431bytes, buffer:64KB)
21:23:50 [Wallet autosave thread] WalletProtobufSerializer - walletToProto (serial=8) timing: 25ms total, init=0ms, tx=0ms[0], keys=2ms, scripts=0ms[0], metadata=0ms, ext=23ms, friendRecv=0ms, friendSend=0ms, build=0ms
21:23:50 [Wallet autosave thread] WalletProtobufSerializer - writeWallet timing: 25ms total (25ms/100% serialization, 0ms/0% I/O) buffer=8KB
21:23:51 [Wallet autosave thread] WalletFiles - Save completed in 51.69 ms (15322 bytes); /data/user/0/hashengineering.darkcoin.wallet_test/files/wallet-protobuf-testnet
21:23:56 [DefaultDispatcher-worker-12] BlockchainServiceImpl - network capabilities changed: 101, hasInternet: true, validated: true
21:23:56 [DefaultDispatcher-worker-12] BlockchainServiceImpl - acquiring check() mutex
21:23:56 [DefaultDispatcher-worker-12] BlockchainServiceImpl - check()
21:23:56 [DefaultDispatcher-worker-12] BlockchainServiceImpl - cutover committed — holding the dashj L1 engine; SDK owns L1 this launch
21:23:56 [DefaultDispatcher-worker-12] BlockchainServiceImpl - releasing check() mutex
21:23:59 [DefaultDispatcher-worker-6] BlockchainServiceImpl - network capabilities changed: 101, hasInternet: true, validated: true
21:23:59 [DefaultDispatcher-worker-6] BlockchainServiceImpl - acquiring check() mutex
21:23:59 [DefaultDispatcher-worker-6] BlockchainServiceImpl - check()
21:23:59 [DefaultDispatcher-worker-6] BlockchainServiceImpl - cutover committed — holding the dashj L1 engine; SDK owns L1 this launch
21:23:59 [DefaultDispatcher-worker-6] BlockchainServiceImpl - releasing check() mutex
21:24:00 [main] BlockchainServiceImpl - MEM pss=290MB nativeHeap=155/170MB jvm=18/576MB
21:24:11 [DefaultDispatcher-worker-9] BlockchainServiceImpl - network capabilities changed: 101, hasInternet: true, validated: true
21:24:11 [DefaultDispatcher-worker-9] BlockchainServiceImpl - acquiring check() mutex
21:24:11 [DefaultDispatcher-worker-9] BlockchainServiceImpl - check()
21:24:11 [DefaultDispatcher-worker-9] BlockchainServiceImpl - cutover committed — holding the dashj L1 engine; SDK owns L1 this launch
21:24:11 [DefaultDispatcher-worker-9] BlockchainServiceImpl - releasing check() mutex
21:24:13 [native-log-bridge] DashSdkNative - --------- beginning of main
21:24:13 [native-log-bridge] DashSdkNative - 09-19 16:23:51.709  5630  5892 I DashSDK : platform_wallet::changeset::core_bridge: wallet-event batch: folded=1 wallets=1 synced_height_persisted=Some(1401999) synced_height_frozen=None synced_height_rejected=None faulted=0
21:24:13 [native-log-bridge] DashSdkNative - 09-19 16:23:52.028  5630  5889 I DashSDK : platform_wallet::changeset::core_bridge: wallet-event batch: folded=1 wallets=1 synced_height_persisted=Some(1403999) synced_height_frozen=None synced_height_rejected=None faulted=0
21:24:13 [native-log-bridge] DashSdkNative - 09-19 16:23:52.884  5630  5889 I DashSDK : platform_wallet::changeset::core_bridge: wallet-event batch: folded=1 wallets=1 synced_height_persisted=Some(1405999) synced_height_frozen=None synced_height_rejected=None faulted=0
21:24:13 [native-log-bridge] DashSdkNative - 09-19 16:23:53.419  5630  5891 I DashSDK : platform_wallet::changeset::core_bridge: wallet-event batch: folded=1 wallets=1 synced_height_persisted=Some(1410999) synced_height_frozen=None synced_height_rejected=None faulted=0
21:24:13 [native-log-bridge] DashSdkNative - 09-19 16:23:54.362  5630  5889 I DashSDK : platform_wallet::changeset::core_bridge: wallet-event batch: folded=1 wallets=1 synced_height_persisted=Some(1415999) synced_height_frozen=None synced_height_rejected=None faulted=0
21:24:13 [native-log-bridge] DashSdkNative - 09-19 16:23:56.540  5630  5891 I DashSDK : platform_wallet::changeset::core_bridge: wallet-event batch: folded=1 wallets=1 synced_height_persisted=Some(1420999) synced_height_frozen=None synced_height_rejected=None faulted=0
21:24:13 [native-log-bridge] DashSdkNative - 09-19 16:23:56.550  5630  5889 I DashSDK : platform_wallet::changeset::core_bridge: wallet-event batch: folded=1 wallets=1 synced_height_persisted=Some(1425999) synced_height_frozen=None synced_height_rejected=None faulted=0
21:24:13 [native-log-bridge] DashSdkNative - 09-19 16:23:57.328  5630  5889 I DashSDK : platform_wallet::changeset::core_bridge: wallet-event batch: folded=1 wallets=1 synced_height_persisted=Some(1430999) synced_height_frozen=None synced_height_rejected=None faulted=0
21:24:13 [native-log-bridge] DashSdkNative - 09-19 16:23:58.045  5630  5889 I DashSDK : platform_wallet::changeset::core_bridge: wallet-event batch: folded=1 wallets=1 synced_height_persisted=Some(1435999) synced_height_frozen=None synced_height_rejected=None faulted=0
21:24:13 [native-log-bridge] DashSdkNative - 09-19 16:24:03.637  5630  5892 I DashSDK : platform_wallet::changeset::core_bridge: wallet-event batch: folded=1 wallets=1 synced_height_persisted=Some(1440999) synced_height_frozen=None synced_height_rejected=None faulted=0
21:24:13 [native-log-bridge] DashSdkNative - 09-19 16:24:04.288  5630  5890 I DashSDK : platform_wallet::changeset::core_bridge: wallet-event batch: folded=1 wallets=1 synced_height_persisted=Some(1445999) synced_height_frozen=None synced_height_rejected=None faulted=0
21:24:13 [native-log-bridge] DashSdkNative - 09-19 16:24:04.780  5630  5890 I DashSDK : platform_wallet::changeset::core_bridge: wallet-event batch: folded=1 wallets=1 synced_height_persisted=Some(1450999) synced_height_frozen=None synced_height_rejected=None faulted=0
21:24:13 [native-log-bridge] DashSdkNative - 09-19 16:24:05.298  5630  5889 I DashSDK : platform_wallet::changeset::core_bridge: wallet-event batch: folded=1 wallets=1 synced_height_persisted=Some(1455999) synced_height_frozen=None synced_height_rejected=None faulted=0
21:24:13 [native-log-bridge] DashSdkNative - 09-19 16:24:05.301  5630  5889 I DashSDK : platform_wallet::changeset::core_bridge: wallet-event batch: folded=1 wallets=1 synced_height_persisted=Some(1460999) synced_height_frozen=None synced_height_rejected=None faulted=0
21:24:13 [native-log-bridge] DashSdkNative - 09-19 16:24:05.848  5630  5890 I DashSDK : platform_wallet::changeset::core_bridge: wallet-event batch: folded=1 wallets=1 synced_height_persisted=Some(1465999) synced_height_frozen=None synced_height_rejected=None faulted=0
21:24:13 [native-log-bridge] DashSdkNative - 09-19 16:24:06.351  5630  5889 I DashSDK : platform_wallet::changeset::core_bridge: wallet-event batch: folded=1 wallets=1 synced_height_persisted=Some(1470999) synced_height_frozen=None synced_height_rejected=None faulted=0
21:24:13 [native-log-bridge] DashSdkNative - 09-19 16:24:09.952  5630  5892 I DashSDK : platform_wallet::changeset::core_bridge: wallet-event batch: folded=1 wallets=1 synced_height_persisted=Some(1475999) synced_height_frozen=None synced_height_rejected=None faulted=0
21:24:13 [native-log-bridge] DashSdkNative - 09-19 16:24:10.421  5630  5889 I DashSDK : platform_wallet::changeset::core_bridge: wallet-event batch: folded=1 wallets=1 synced_height_persisted=Some(1480999) synced_height_frozen=None synced_height_rejected=None faulted=0
21:24:13 [native-log-bridge] DashSdkNative - 09-19 16:24:10.767  5630  5889 I DashSDK : platform_wallet::changeset::core_bridge: wallet-event batch: folded=1 wallets=1 synced_height_persisted=Some(1485999) synced_height_frozen=None synced_height_rejected=None faulted=0
21:24:13 [native-log-bridge] DashSdkNative - 09-19 16:24:11.067  5630  5889 I DashSDK : platform_wallet::changeset::core_bridge: wallet-event batch: folded=1 wallets=1 synced_height_persisted=Some(1490999) synced_height_frozen=None synced_height_rejected=None faulted=0
21:24:13 [native-log-bridge] DashSdkNative - 09-19 16:24:11.466  5630  5890 I DashSDK : platform_wallet::changeset::core_bridge: wallet-event batch: folded=1 wallets=1 synced_height_persisted=Some(1495999) synced_height_frozen=None synced_height_rejected=None faulted=0
21:24:13 [native-log-bridge] DashSdkNative - 09-19 16:24:11.962  5630  5890 I DashSDK : platform_wallet::changeset::core_bridge: wallet-event batch: folded=1 wallets=1 synced_height_persisted=Some(1500999) synced_height_frozen=None synced_height_rejected=None faulted=0
21:24:13 [native-log-bridge] DashSdkNative - 09-19 16:24:12.375  5630  5889 I DashSDK : platform_wallet::changeset::core_bridge: wallet-event batch: folded=1 wallets=1 synced_height_persisted=Some(1505999) synced_height_frozen=None synced_height_rejected=None faulted=0
21:24:13 [native-log-bridge] DashSdkNative - 09-19 16:24:12.891  5630  5889 I DashSDK : platform_wallet::changeset::core_bridge: wallet-event batch: folded=1 wallets=1 synced_height_persisted=Some(1510999) synced_height_frozen=None synced_height_rejected=None faulted=0
21:24:14 [DefaultDispatcher-worker-6] BlockchainServiceImpl - network capabilities changed: 101, hasInternet: true, validated: true
21:24:14 [DefaultDispatcher-worker-6] BlockchainServiceImpl - acquiring check() mutex
21:24:14 [DefaultDispatcher-worker-6] BlockchainServiceImpl - check()
21:24:14 [DefaultDispatcher-worker-6] BlockchainServiceImpl - cutover committed — holding the dashj L1 engine; SDK owns L1 this launch
21:24:14 [DefaultDispatcher-worker-6] BlockchainServiceImpl - releasing check() mutex
21:24:15 [main] StartupBreadcrumbs - STARTUP breadcrumb: 13 LAUNCH_SURVIVED +122834ms
21:24:16 [DefaultDispatcher-worker-8] L1ShadowSyncService - L1 engine chainlock height 0 -> 1556977
21:24:16 [DefaultDispatcher-worker-12] L1ShadowSyncService - L1Shadow phase=SYNCED 100.0% headers 1556977/1556977 filters 1556977/1556977 wallet 1556977
21:24:16 [DefaultDispatcher-worker-12] L1ShadowSyncService - ReplayMemTelemetry phase=SYNCED nativeHeapAllocated=174741760 nativeHeapSize=195010560 jvmUsed=15105232 jvmMax=603979776 headers 1556977/1556977 filters 1556977 wallet 1556977 SETTLED
21:24:16 [DefaultDispatcher-worker-8] L1ShadowSyncService - WalletHistoryFacts: displayDbEmpty count=0 dashjEarliestKeyTime=2026-09-19T21:22:45Z (real line follows at first sync settle)
21:24:16 [DefaultDispatcher-worker-8] L1ShadowSyncService - WalletBalanceFacts: total=0 accounts={bip44:0, bip32:0, coinjoin:0, identityRegistration:0, identityTopUpUnbound:0, identityInvitation:0, assetLockTopUp:0, assetLockShieldedTopUp:0, providerVoting:0, providerOwner:0, providerOperator:0, providerPlatform:0} confirmed=0 unconfirmed=0 txCount=0
21:24:16 [DefaultDispatcher-worker-11] MainViewModel - blockchain state update: mnlist=1556977; chain=1556977; wallet=-1
21:24:16 [DefaultDispatcher-worker-13] TxDisplayCacheService - Sync complete (cutoverCommitted=true): SDK=0 records | dashj wallet=0 txs | group cache=0 txs/0 groups | display=0 rows — cache is complete (SDK holds 0 records, display has 0 rows)
21:24:16 [main] HistoryHeaderAdapter - set invite, synced = true
21:24:16 [main] BlockchainServiceImpl - cutover committed and SDK L1 scan synced — triggering identity/contacts discovery
21:24:16 [DefaultDispatcher-worker-1] BlockchainIdentityData - creation: BlockchainIdentityData(NONE, null, null, null, null, null)
21:24:16 [DefaultDispatcher-worker-1] PlatformSynchronizationService - discoverAndRecoverIdentity: checking for existing associated identity
21:24:16 [DefaultDispatcher-worker-1] SecurityGuard - loading security guard [healthy=true] with keys: [keystore_healthy, fallback_pin_wallet_password_key, primary_ui_pin_key, modern_encryption_migration_complete, fallback_mnemonic_wallet_password_key, primary_wallet_password_key, fallback_mnemonic_ui_pin_key]
21:24:16 [DefaultDispatcher-worker-1] ModernEncryptionProvider - Decrypted data for alias: wallet_password_key
21:24:16 [DefaultDispatcher-worker-1] KeyCrypterScrypt - Deriving key took 162.7 ms for N=65536, r=8, p=1.
21:24:16 [DefaultDispatcher-worker-1] DapiClient - getIdentityByFirstPublicKey(d27c59cf8ca720dd58bd6ee81ed08572aa770aa8)
21:24:17 [DefaultDispatcher-worker-4] BlockchainServiceImpl - network capabilities changed: 101, hasInternet: true, validated: true
21:24:17 [DefaultDispatcher-worker-4] BlockchainServiceImpl - acquiring check() mutex
21:24:17 [DefaultDispatcher-worker-4] BlockchainServiceImpl - check()
21:24:17 [DefaultDispatcher-worker-4] BlockchainServiceImpl - cutover committed — holding the dashj L1 engine; SDK owns L1 this launch
21:24:17 [DefaultDispatcher-worker-4] BlockchainServiceImpl - releasing check() mutex
21:24:17 [DefaultDispatcher-worker-1] PlatformSynchronizationService - discoverAndRecoverIdentity: no existing identity found
21:24:17 [DefaultDispatcher-worker-1] PlatformSynchronizationService - identity-discovery guard released (no identity found) — a later discovery may run again
21:24:17 [DefaultDispatcher-worker-1] BlockchainServiceImpl - post-cutover identity discovery found nothing and the wallet has no identity — re-arming; next attempt no sooner than 120000 ms from now
21:24:17 [DefaultDispatcher-worker-5] PlatformSynchronizationService - TxMetadata publish: not publishing — saveToNetwork is OFF (per-device setting; the default for a new or restored install, and it does NOT travel with the wallet)
21:24:17 [DefaultDispatcher-worker-9] PlatformSynchronizationService - TxMetadata settings: saveToNetwork=false frequency=afterTenTransactions saveAfter=9223372036854775807 paymentCategory=false taxCategory=false exchangeRates=false memos=false giftCards=false storedDocuments=0
21:24:20 [DefaultDispatcher-worker-8] BlockchainServiceImpl - network capabilities changed: 101, hasInternet: true, validated: true
21:24:20 [DefaultDispatcher-worker-7] BlockchainServiceImpl - acquiring check() mutex
21:24:20 [DefaultDispatcher-worker-7] BlockchainServiceImpl - check()
21:24:20 [DefaultDispatcher-worker-7] BlockchainServiceImpl - cutover committed — holding the dashj L1 engine; SDK owns L1 this launch
21:24:20 [DefaultDispatcher-worker-7] BlockchainServiceImpl - releasing check() mutex
21:24:23 [DefaultDispatcher-worker-2] BlockchainServiceImpl - network capabilities changed: 101, hasInternet: true, validated: true
21:24:23 [DefaultDispatcher-worker-2] BlockchainServiceImpl - acquiring check() mutex
21:24:23 [DefaultDispatcher-worker-2] BlockchainServiceImpl - check()
21:24:23 [DefaultDispatcher-worker-2] BlockchainServiceImpl - cutover committed — holding the dashj L1 engine; SDK owns L1 this launch
21:24:23 [DefaultDispatcher-worker-2] BlockchainServiceImpl - releasing check() mutex
21:24:41 [DefaultDispatcher-worker-7] BlockchainServiceImpl - network capabilities changed: 101, hasInternet: true, validated: true
21:24:41 [DefaultDispatcher-worker-7] BlockchainServiceImpl - acquiring check() mutex
21:24:41 [DefaultDispatcher-worker-7] BlockchainServiceImpl - check()
21:24:41 [DefaultDispatcher-worker-7] BlockchainServiceImpl - cutover committed — holding the dashj L1 engine; SDK owns L1 this launch
21:24:41 [DefaultDispatcher-worker-7] BlockchainServiceImpl - releasing check() mutex
21:24:43 [native-log-bridge] DashSdkNative - 09-19 16:24:13.321  5630  5889 I DashSDK : platform_wallet::changeset::core_bridge: wallet-event batch: folded=1 wallets=1 synced_height_persisted=Some(1515999) synced_height_frozen=None synced_height_rejected=None faulted=0
21:24:43 [native-log-bridge] DashSdkNative - 09-19 16:24:13.713  5630  5890 I DashSDK : platform_wallet::changeset::core_bridge: wallet-event batch: folded=1 wallets=1 synced_height_persisted=Some(1520999) synced_height_frozen=None synced_height_rejected=None faulted=0
21:24:43 [native-log-bridge] DashSdkNative - 09-19 16:24:14.157  5630  5892 I DashSDK : platform_wallet::changeset::core_bridge: wallet-event batch: folded=1 wallets=1 synced_height_persisted=Some(1525999) synced_height_frozen=None synced_height_rejected=None faulted=0
21:24:43 [native-log-bridge] DashSdkNative - 09-19 16:24:14.580  5630  5892 I DashSDK : platform_wallet::changeset::core_bridge: wallet-event batch: folded=1 wallets=1 synced_height_persisted=Some(1530999) synced_height_frozen=None synced_height_rejected=None faulted=0
21:24:43 [native-log-bridge] DashSdkNative - 09-19 16:24:15.074  5630  5889 I DashSDK : platform_wallet::changeset::core_bridge: wallet-event batch: folded=1 wallets=1 synced_height_persisted=Some(1535999) synced_height_frozen=None synced_height_rejected=None faulted=0
21:24:43 [native-log-bridge] DashSdkNative - 09-19 16:24:15.083  5630  5891 I DashSDK : platform_wallet::changeset::core_bridge: wallet-event batch: folded=1 wallets=1 synced_height_persisted=Some(1540999) synced_height_frozen=None synced_height_rejected=None faulted=0
21:24:43 [native-log-bridge] DashSdkNative - 09-19 16:24:15.476  5630  5891 I DashSDK : platform_wallet::changeset::core_bridge: wallet-event batch: folded=1 wallets=1 synced_height_persisted=Some(1545999) synced_height_frozen=None synced_height_rejected=None faulted=0
21:24:43 [native-log-bridge] DashSdkNative - 09-19 16:24:15.835  5630  5891 I DashSDK : platform_wallet::changeset::core_bridge: wallet-event batch: folded=1 wallets=1 synced_height_persisted=Some(1550999) synced_height_frozen=None synced_height_rejected=None faulted=0
21:24:43 [native-log-bridge] DashSdkNative - 09-19 16:24:15.992  5630  5891 I DashSDK : platform_wallet::changeset::core_bridge: wallet-event batch: folded=1 wallets=1 synced_height_persisted=Some(1555999) synced_height_frozen=None synced_height_rejected=None faulted=0
21:24:43 [native-log-bridge] DashSdkNative - 09-19 16:24:16.003  5630  5890 I DashSDK : platform_wallet::changeset::core_bridge: wallet-event batch: folded=1 wallets=1 synced_height_persisted=Some(1556977) synced_height_frozen=None synced_height_rejected=None faulted=0
21:24:43 [native-log-bridge] DashSdkNative - 09-19 16:24:16.232  5630  5890 I DashSDK : platform_wallet::changeset::core_bridge: wallet-event batch: folded=1 wallets=1 synced_height_persisted=None synced_height_frozen=None synced_height_rejected=None faulted=0
21:24:44 [DefaultDispatcher-worker-4] BlockchainServiceImpl - network capabilities changed: 101, hasInternet: true, validated: true
21:24:44 [DefaultDispatcher-worker-4] BlockchainServiceImpl - acquiring check() mutex
21:24:44 [DefaultDispatcher-worker-4] BlockchainServiceImpl - check()
21:24:44 [DefaultDispatcher-worker-4] BlockchainServiceImpl - cutover committed — holding the dashj L1 engine; SDK owns L1 this launch
21:24:44 [DefaultDispatcher-worker-4] BlockchainServiceImpl - releasing check() mutex
21:24:47 [DefaultDispatcher-worker-2] BlockchainServiceImpl - network capabilities changed: 101, hasInternet: true, validated: true
21:24:47 [DefaultDispatcher-worker-2] BlockchainServiceImpl - acquiring check() mutex
21:24:47 [DefaultDispatcher-worker-2] BlockchainServiceImpl - check()
21:24:47 [DefaultDispatcher-worker-2] BlockchainServiceImpl - cutover committed — holding the dashj L1 engine; SDK owns L1 this launch
21:24:47 [DefaultDispatcher-worker-2] BlockchainServiceImpl - releasing check() mutex
21:24:49 [main] BlockchainIdentityData - creation: BlockchainIdentityData(NONE, null, null, null, null, null)
21:24:49 [main] BlockchainIdentityData - creation: BlockchainIdentityData(NONE, null, null, null, null, null)
21:24:49 [main] BlockchainIdentityData - creation: BlockchainIdentityData(NONE, null, null, null, null, null)
21:24:56 [main] BiometricHelper - No biometric credentials
21:24:56 [main] BiometricHelper - No biometric credentials
21:24:56 [main] BiometricHelper - No biometric credentials
21:24:57 [main] BlockchainIdentityData - creation: BlockchainIdentityData(NONE, null, null, null, null, null)
21:24:57 [DefaultDispatcher-worker-10] Constants - --> GET https://rates.ctx.com/rates?source=ctx
21:24:57 [DefaultDispatcher-worker-10] Constants - <-- 200 https://rates.ctx.com/rates?source=ctx (88ms, unknown-length body)
21:24:57 [DefaultDispatcher-worker-11] ExchangeRatesRepository - exchange rates updated successfully with de.schildbach.wallet.rates.DashRetailClient@1ae5496
21:24:57 [DefaultDispatcher-worker-11] ExchangeRatesRepository - updateTrigger
21:25:00 [main] BlockchainServiceImpl - MEM pss=303MB nativeHeap=160/186MB jvm=21/576MB
21:25:00 [main] BlockchainServiceImpl - History of transactions/blocks/headers/mnlistdiff (sdk): 0/120978/0/1556977
21:25:10 [main] WalletApplication - Removing all the data and restarting the app.
21:25:10 [main] WalletWipeState - could not create the wallet-wipe marker
java.io.IOException: Permission denied
	at java.io.UnixFileSystem.createFileExclusively0(Native Method)
	at java.io.UnixFileSystem.createFileExclusively(UnixFileSystem.java:368)
	at java.io.File.createNewFile(File.java:1022)
	at de.schildbach.wallet.util.WalletWipeState.begin(WalletWipeState.kt:67)
	at de.schildbach.wallet.WalletApplicationExt.beginWalletWipe$lambda$0(WalletApplicationExt.kt:59)
	at de.schildbach.wallet.WalletApplicationExt.$r8$lambda$tqzG3MYREyUDhspHUazsC5maKtI(WalletApplicationExt.kt:0)
	at de.schildbach.wallet.WalletApplicationExt$$ExternalSyntheticLambda2.invoke(R8$$SyntheticClass:0)
	at de.schildbach.wallet.util.WalletWipeSequence.begin(WalletWipeSequence.kt:61)
	at de.schildbach.wallet.WalletApplicationExt.beginWalletWipe(WalletApplicationExt.kt:58)
	at de.schildbach.wallet.WalletApplication.triggerWipe(WalletApplication.java:1855)
	at de.schildbach.wallet.ui.more.SecurityViewModel.triggerWipe(SecurityViewModel.kt:108)
	at de.schildbach.wallet.ui.more.SecurityFragment.doReset(SecurityFragment.kt:223)
	at de.schildbach.wallet.ui.more.SecurityFragment.access$doReset(SecurityFragment.kt:45)
	at de.schildbach.wallet.ui.more.SecurityFragment$checkUsernameThenReset$1.invokeSuspend(SecurityFragment.kt:207)
	at kotlin.coroutines.jvm.internal.BaseContinuationImpl.resumeWith(ContinuationImpl.kt:33)
	at kotlinx.coroutines.internal.DispatchedContinuationKt.resumeCancellableWith(DispatchedContinuation.kt:237)
	at kotlinx.coroutines.intrinsics.CancellableKt.startCoroutineCancellable(Cancellable.kt:26)
	at kotlinx.coroutines.CoroutineStart.invoke(CoroutineStart.kt:358)
	at kotlinx.coroutines.AbstractCoroutine.start(AbstractCoroutine.kt:134)
	at kotlinx.coroutines.BuildersKt__Builders_commonKt.launch(Builders.common.kt:53)
	at kotlinx.coroutines.BuildersKt.launch(Unknown Source:1)
	at kotlinx.coroutines.BuildersKt__Builders_commonKt.launch$default(Builders.common.kt:44)
	at kotlinx.coroutines.BuildersKt.launch$default(Unknown Source:1)
	at de.schildbach.wallet.ui.more.SecurityFragment.checkUsernameThenReset(SecurityFragment.kt:196)
	at de.schildbach.wallet.ui.more.SecurityFragment.resetWallet$lambda$19(SecurityFragment.kt:189)
	at de.schildbach.wallet.ui.more.SecurityFragment.$r8$lambda$tTMtEAr7RXjc2lmbgrrSzBnHL6Q(SecurityFragment.kt:0)
	at de.schildbach.wallet.ui.more.SecurityFragment$$ExternalSyntheticLambda14.invoke(R8$$SyntheticClass:0)
	at org.dash.wallet.common.ui.dialogs.AdaptiveDialog.onPositiveAction(AdaptiveDialog.kt:302)
	at org.dash.wallet.common.ui.dialogs.AdaptiveDialog.onViewCreated$lambda$5(AdaptiveDialog.kt:254)
	at org.dash.wallet.common.ui.dialogs.AdaptiveDialog.$r8$lambda$v2GAs5NtFXL1xF9Xnw3_KXCTTHY(AdaptiveDialog.kt:0)
	at org.dash.wallet.common.ui.dialogs.AdaptiveDialog$$ExternalSyntheticLambda1.onClick(R8$$SyntheticClass:0)
	at android.view.View.performClick(View.java:8028)
	at android.view.View.performClickInternal(View.java:8005)
	at android.view.View.-$$Nest$mperformClickInternal(Unknown Source:0)
	at android.view.View$PerformClick.run(View.java:31229)
	at android.os.Handler.handleCallback(Handler.java:959)
	at android.os.Handler.dispatchMessage(Handler.java:100)
	at android.os.Looper.loopOnce(Looper.java:232)
	at android.os.Looper.loop(Looper.java:317)
	at android.app.ActivityThread.main(ActivityThread.java:8705)
	at java.lang.reflect.Method.invoke(Native Method)
	at com.android.internal.os.RuntimeInit$MethodAndArgsCaller.run(RuntimeInit.java:580)
	at com.android.internal.os.ZygoteInit.main(ZygoteInit.java:886)
21:25:10 [main] WalletWipeSequence - wipe started WITHOUT a recovery marker — a process death mid-wipe will not be repaired
21:25:10 [main] AppRestartService - perform restart on application context: true
21:25:10 [main] WalletActivityTracker - activity lifecycle: current: MainActivity, activities: 1 visible: 1 foreground: 0
21:25:10 [main] BlockchainServiceImpl - .onStartCommand(Intent { act=de.schildbach.wallet.service.wipe_wallet cmp=hashengineering.darkcoin.wallet_test/de.schildbach.wallet.service.BlockchainServiceImpl })
21:25:10 [DefaultDispatcher-worker-10] BlockchainServiceImpl - onStartCommand waiting for onCreate to complete...
21:25:10 [DefaultDispatcher-worker-10] BlockchainServiceImpl - onCreate completed, processing onStartCommand
21:25:10 [DefaultDispatcher-worker-10] BLSJniLibrary - Initializing BLS JNI Library
21:25:10 [DefaultDispatcher-worker-10] BlockchainServiceImpl - service start command: Intent { act=de.schildbach.wallet.service.wipe_wallet cmp=hashengineering.darkcoin.wallet_test/de.schildbach.wallet.service.BlockchainServiceImpl }
21:25:10 [DefaultDispatcher-worker-10] BlockchainServiceImpl - will remove blockchain and delete walletFile on service shutdown
21:25:10 [DefaultDispatcher-worker-10] BlockchainServiceImpl - .onStartCommand(Intent { act=de.schildbach.wallet.service.wipe_wallet cmp=hashengineering.darkcoin.wallet_test/de.schildbach.wallet.service.BlockchainServiceImpl }) finished
21:25:10 [main] WalletActivityTracker - activity lifecycle: activity OnboardingActivity created
21:25:10 [main] WalletActivityTracker - activity lifecycle: current: OnboardingActivity, activities: 2 visible: 1 foreground: 0
21:25:10 [main] OnboardingActivity - reset in progress — holding onboarding until the wipe finishes
21:25:10 [main] WalletActivityTracker - activity lifecycle: current: OnboardingActivity, activities: 2 visible: 2 foreground: 0
21:25:10 [main] WalletActivityTracker - activity lifecycle: current: OnboardingActivity, activities: 2 visible: 2 foreground: 1
21:25:10 [main] BlockchainServiceImpl - .onDestroy()
21:25:10 [main] BlockchainServiceImpl - receivers unregistered, Now starting coroutine to finish the rest of the cleanup
21:25:10 [main] BlockchainServiceImpl - service was up for 1 minutes
21:25:10 [DefaultDispatcher-worker-12] BlockchainServiceImpl - The onCreateCompleted is active: false
21:25:10 [DefaultDispatcher-worker-12] BlockchainServiceImpl - The check() mutex is locked: false
21:25:10 [DefaultDispatcher-worker-12] BlockchainServiceImpl - Created new cleanupDeferred for coordination (previous was null)
21:25:10 [DefaultDispatcher-worker-12] BlockchainServiceImpl - detaching from wallet
21:25:10 [DefaultDispatcher-worker-12] WalletApplication - last used 1 minutes ago, rescheduling blockchain sync in roughly 15 minutes
21:25:10 [DefaultDispatcher-worker-12] WalletApplication - ALARM-DIAG armed reason=periodic-15min firstFireInMinutes=15 repeat=15min exact=false batteryOptimisationExempt=false - if no matching 'started by alarm' line follows, the background FGS start was refused
21:25:10 [DefaultDispatcher-worker-12] BlockchainServiceImpl - stop monitoring 0 old transactions
21:25:10 [DefaultDispatcher-worker-10] L1ShadowSyncService - L1Shadow progress monitor cancelled (StandaloneCoroutine was cancelled)
21:25:10 [DefaultDispatcher-worker-10] L1ShadowSyncService - L1Shadow parity probe loop cancelled (StandaloneCoroutine was cancelled)
21:25:10 [DefaultDispatcher-worker-14] L1ShadowSyncService - L1Shadow probe watchdog cancelled (StandaloneCoroutine was cancelled)
21:25:10 [DefaultDispatcher-worker-14] L1ShadowSyncService - L1Shadow wallet-event tap cancelled (StandaloneCoroutine was cancelled)
21:25:10 [DefaultDispatcher-worker-12] L1ShadowSyncService - L1ShadowLifecycle watermark at stop: durable syncedHeight 1556977 covers the committed cursor 1556977 (filter 1556977)
21:25:10 [DefaultDispatcher-worker-12] L1ShadowSyncService - L1ShadowLifecycle STOPPED after 1m23s up; all four loops torn down (progress monitor, parity probe, watchdog, wallet-event tap); teardown #1 this process. Nothing runs until the next startIfEnabled().
21:25:10 [DefaultDispatcher-worker-12] BlockchainServiceImpl - CLEANUP STEP 5: About to stop peerConnectivityListener
21:25:10 [DefaultDispatcher-worker-12] BlockchainServiceImpl - CLEANUP STEP 5: peerConnectivityListener stopped
21:25:10 [DefaultDispatcher-worker-12] BlockchainServiceImpl - CLEANUP STEP 6: delayHandler callbacks cleared
21:25:10 [DefaultDispatcher-worker-12] BlockchainServiceImpl - closing blockchain stores
21:25:10 [DefaultDispatcher-worker-12] BlockchainServiceImpl - removing blockchain
21:25:10 [DefaultDispatcher-worker-12] AbstractQuorumState - resetting masternode list; force: true, requestFreshList: false
21:25:10 [DefaultDispatcher-worker-12] AbstractQuorumState - resetting masternode list; force: true, requestFreshList: false
21:25:10 [DefaultDispatcher-worker-12] BlockchainServiceImpl - removing wallet file and app data
21:25:10 [DefaultDispatcher-worker-12] WalletWipeSequence - wipe teardown reached without a wipe having been started — destroying nothing
21:25:10 [main] OnboardingActivity - reset finished — re-running the onboarding routing
21:25:10 [DefaultDispatcher-worker-3] BlockchainServiceImpl - closing bootstrap streams
21:25:10 [DefaultDispatcher-worker-3] BlockchainServiceImpl - serviceJob cancelled after 1 minutes
21:25:10 [main] WalletActivityTracker - activity lifecycle: current: OnboardingActivity, activities: 2 visible: 2 foreground: 0
21:25:10 [main] WalletActivityTracker - activity lifecycle: current: OnboardingActivity, activities: 2 visible: 1 foreground: 0
21:25:10 [main] WalletActivityTracker - activity lifecycle: activity OnboardingActivity destroyed
21:25:10 [main] WalletActivityTracker - activity lifecycle: current: OnboardingActivity, activities: 1 visible: 1 foreground: 0
21:25:10 [main] WalletActivityTracker - activity lifecycle: activity OnboardingActivity created
21:25:10 [main] WalletActivityTracker - activity lifecycle: current: OnboardingActivity, activities: 2 visible: 1 foreground: 0
21:25:10 [main] AppForegroundMonitor - App moved to background
21:25:10 [main] WalletActivityTracker - activity lifecycle: current: MainActivity, activities: 2 visible: 0 foreground: 0
21:25:10 [main] WalletActivityTracker - activity lifecycle: activity MainActivity destroyed
21:25:10 [main] WalletActivityTracker - activity lifecycle: current: MainActivity, activities: 1 visible: 0 foreground: 0
21:25:10 [main] WalletActivityTracker - activity lifecycle: activity MainActivity created
21:25:10 [main] WalletActivityTracker - activity lifecycle: current: MainActivity, activities: 2 visible: 0 foreground: 0
21:25:10 [main] SecurityGuard - loading security guard [healthy=true] with keys: [keystore_healthy, fallback_pin_wallet_password_key, primary_ui_pin_key, modern_encryption_migration_complete, fallback_mnemonic_wallet_password_key, primary_wallet_password_key, fallback_mnemonic_ui_pin_key]
21:25:10 [main] SecurityGuard - loading security guard [healthy=true] with keys: [keystore_healthy, fallback_pin_wallet_password_key, primary_ui_pin_key, modern_encryption_migration_complete, fallback_mnemonic_wallet_password_key, primary_wallet_password_key, fallback_mnemonic_ui_pin_key]
21:25:10 [main] ModernEncryptionProvider - Decrypted data for alias: wallet_password_key
21:25:10 [main] ModernEncryptionProvider - Decrypted data for alias: ui_pin_key
21:25:10 [main] MainViewModel - STARTUP MainViewModel init at 1789853110488
21:25:10 [main] StartupBreadcrumbs - STARTUP breadcrumb: 12 MAIN_UI_SHOWN +177478ms
21:25:10 [main] Configuration - just being used - last used 1 minutes ago
21:25:10 [DefaultDispatcher-worker-1] DapiClient - getDocuments(contractId=GWRSAVFMjXx8HpQFaNJMqBV7MBgMK4br5UESsB4S31Ec, type=domain, {limit=5, where=[]})
21:25:10 [DefaultDispatcher-worker-2] DapiClient - getDocuments(contractId=GWRSAVFMjXx8HpQFaNJMqBV7MBgMK4br5UESsB4S31Ec, type=domain, {limit=5, where=[]})
21:25:10 [DefaultDispatcher-worker-12] DapiClient - getDocuments(contractId=GWRSAVFMjXx8HpQFaNJMqBV7MBgMK4br5UESsB4S31Ec, type=domain, {limit=5, where=[]})
21:25:10 [DefaultDispatcher-worker-7] MainViewModel - blockchain state update: mnlist=1556977; chain=1556977; wallet=-1
21:25:10 [main] AppForegroundMonitor - App moved to foreground
21:25:10 [main] WalletActivityTracker - activity lifecycle: current: MainActivity, activities: 2 visible: 1 foreground: 0
21:25:10 [DefaultDispatcher-worker-9] CrowdNodeApiAggregator - restoring CrowdNode status
21:25:10 [DefaultDispatcher-worker-9] BLSJniLibrary - Initializing BLS JNI Library
21:25:10 [main] WalletTransactionsFragment - STARTUP WalletTransactionsFragment.onViewCreated at 1789853110508
21:25:10 [main] HistoryHeaderAdapter - set invite, synced = false
21:25:10 [main] WalletTransactionsFragment - STARTUP submitData called on thread=main at 1789853110510
21:25:10 [DefaultDispatcher-worker-9] BLSJniLibrary - Initializing BLS JNI Library
21:25:10 [main] HistoryHeaderAdapter - set invite = null
21:25:10 [main] HistoryHeaderAdapter - set invite, synced = false
21:25:10 [main] SecurityGuard - loading security guard [healthy=true] with keys: [keystore_healthy, fallback_pin_wallet_password_key, primary_ui_pin_key, modern_encryption_migration_complete, fallback_mnemonic_wallet_password_key, primary_wallet_password_key, fallback_mnemonic_ui_pin_key]
21:25:10 [main] SecurityGuard - loading security guard [healthy=true] with keys: [keystore_healthy, fallback_pin_wallet_password_key, primary_ui_pin_key, modern_encryption_migration_complete, fallback_mnemonic_wallet_password_key, primary_wallet_password_key, fallback_mnemonic_ui_pin_key]
21:25:10 [main] LockScreenActivity - show lock screen false = ![keepUnlocked=false] && autologout=true && (keepUnlockedUntilPenEntered=false || shouldLogout=false) || isHealthy=true
21:25:10 [main] MainActivity - updateTrigger => rateStale: RateRetrievalState(lastAttemptFailed=false, staleRates=false, volatile=false)
21:25:10 [main] WalletActivityTracker - activity lifecycle: current: MainActivity, activities: 2 visible: 1 foreground: 1
21:25:10 [main] DeviceInfoProvider - Detecting currency based on device, mobile network or locale:
21:25:10 [main] DeviceInfoProvider - Device Sim Country: us
21:25:10 [main] MainViewModel - Updating currency exchange rate based on country: US
21:25:10 [main] BlockchainIdentityData - creation: BlockchainIdentityData(NONE, null, null, null, null, null)
21:25:10 [main] BlockchainIdentityData - creation: BlockchainIdentityData(NONE, null, null, null, null, null)
21:25:10 [main] BlockchainServiceImpl - .onCreate()
21:25:10 [main] DashPaymentIntentParser - network parameters = org.darkcoin.test
21:25:10 [main] BlockchainServiceImpl - start foreground service
21:25:10 [main] BlockchainServiceImpl - .onStartCommand(Intent { cmp=hashengineering.darkcoin.wallet_test/de.schildbach.wallet.service.BlockchainServiceImpl })
21:25:10 [DefaultDispatcher-worker-7] BlockchainServiceImpl - onCreate() serviceScope waiting for cleanup false
21:25:10 [DefaultDispatcher-worker-7] BLSJniLibrary - Initializing BLS JNI Library
21:25:10 [DefaultDispatcher-worker-7] BlockchainServiceImpl - Phase 5d cutover gate: dashjEngineMayStart=false (coordinatorAllowsDashj=false, dashjHeldByCutover=true, dashjSyncDiagnostic=false)
21:25:10 [DefaultDispatcher-worker-7] BlockchainServiceImpl - cannot load the bootstrap stream: mnlistdiff-testnet.dat
21:25:10 [DefaultDispatcher-worker-7] BlockchainServiceImpl - cannot load the bootstrap stream: qrinfo-testnet.dat
21:25:10 [DefaultDispatcher-worker-7] BLSJniLibrary - Initializing BLS JNI Library
21:25:10 [DefaultDispatcher-worker-7] BlockchainServiceImpl - blockchain does not exist, resetting wallet
21:25:10 [DefaultDispatcher-worker-15] BlockchainServiceImpl - onStartCommand waiting for onCreate to complete...
21:25:10 [DefaultDispatcher-worker-7] AbstractQuorumState - resetting masternode list; force: true, requestFreshList: false
21:25:10 [main] BlockchainServiceImpl - .onStartCommand(Intent { act=de.schildbach.wallet.service.cancel_coins_received cmp=hashengineering.darkcoin.wallet_test/de.schildbach.wallet.service.BlockchainServiceImpl })
21:25:10 [DefaultDispatcher-worker-13] BlockchainServiceImpl - onStartCommand waiting for onCreate to complete...
21:25:10 [DefaultDispatcher-worker-13] BLSJniLibrary - Initializing BLS JNI Library
21:25:10 [DefaultDispatcher-worker-7] AbstractQuorumState - resetting masternode list; force: true, requestFreshList: false
21:25:10 [Wallet autosave thread] BLSJniLibrary - Initializing BLS JNI Library
21:25:10 [DefaultDispatcher-worker-7] SPVBlockStore - Creating new SPV block chain file /data/user/0/hashengineering.darkcoin.wallet_test/app_blockstore/blockchain-testnet
21:25:10 [DefaultDispatcher-worker-7] SPVBlockStore - Creating new SPV block chain file /data/user/0/hashengineering.darkcoin.wallet_test/app_blockstore/headers-testnet
21:25:10 [DefaultDispatcher-worker-7] BlockchainServiceImpl - verifying backupBlockStore
21:25:10 [DefaultDispatcher-worker-7] BlockchainServiceImpl - verifying headerStore
21:25:10 [main] MainViewModel - platform available: false; no identity creation is progress: true
21:25:10 [main] WalletActivityTracker - activity lifecycle: activity OnboardingActivity destroyed
21:25:10 [main] WalletActivityTracker - activity lifecycle: current: MainActivity, activities: 1 visible: 1 foreground: 1
21:25:10 [pool-53-thread-1] BlockchainServiceImpl - verify blockstore: 217.0 μs, 0 loaded
21:25:10 [DefaultDispatcher-worker-7] BlockchainServiceImpl - verifying blockStore
21:25:10 [pool-53-thread-1] BlockchainServiceImpl - verify blockstore: 187.3 μs, 0 loaded
21:25:10 [DefaultDispatcher-worker-7] BlockchainServiceImpl - blockstore files verified: true, true
21:25:10 [DefaultDispatcher-worker-7] CheckpointManager - Attempting to initialize a new block store with a checkpoint for time 1789248165 (2026-09-12T21:22:45Z)
21:25:10 [DefaultDispatcher-worker-7] CheckpointManager - Read 2440 checkpoints up to time 2026-01-20T11:13:46Z, hash is 64631969817a1892a432d246a7c17a63d5c57d76d2ddf0404b48486637fe32a0
21:25:10 [DefaultDispatcher-worker-7] CheckpointManager - Attempting to initialize a new block store with a checkpoint for time 1789248310 (2026-09-12T21:25:10Z)
21:25:10 [DefaultDispatcher-worker-7] CheckpointManager - Read 2440 checkpoints up to time 2026-01-20T11:13:46Z, hash is 64631969817a1892a432d246a7c17a63d5c57d76d2ddf0404b48486637fe32a0
21:25:10 [DefaultDispatcher-worker-7] BlockchainServiceImpl - checkpoints loaded from 'checkpoints-testnet.txt', took 69.81 ms
21:25:10 [DefaultDispatcher-worker-7] BLSJniLibrary - Initializing BLS JNI Library
21:25:10 [DefaultDispatcher-worker-7] AbstractBlockChain - chain head is at height 1405440:
 block: 
   hash: 000000173e6c9dd4ca8a5a75699fbb5dc4713bc238d2ce98aec7fe3a77febfeb
   version: 536870912 (0x20000000) (BIP34, BIP66, BIP65)
   previous block: 000000773d05044b4db27c023a9a12bc59eaf1f396ad7e5180ef4cb14d366150
   merkle root: ea3165fb830ba2267ad050760183eb5b8241c694406868382bdf6c2307c8e936
   time: 1768907626 (2026-01-20T11:13:46Z)
   difficulty target (nBits): 503367276
   nonce: 128740

21:25:10 [DefaultDispatcher-worker-7] AbstractBlockChain - chain head is at height 1405440:
 block: 
   hash: 000000173e6c9dd4ca8a5a75699fbb5dc4713bc238d2ce98aec7fe3a77febfeb
   version: 536870912 (0x20000000) (BIP34, BIP66, BIP65)
   previous block: 000000773d05044b4db27c023a9a12bc59eaf1f396ad7e5180ef4cb14d366150
   merkle root: ea3165fb830ba2267ad050760183eb5b8241c694406868382bdf6c2307c8e936
   time: 1768907626 (2026-01-20T11:13:46Z)
   difficulty target (nBits): 503367276
   nonce: 128740

21:25:10 [main] SecurityGuard - loading security guard [healthy=true] with keys: [keystore_healthy, fallback_pin_wallet_password_key, primary_ui_pin_key, modern_encryption_migration_complete, fallback_mnemonic_wallet_password_key, primary_wallet_password_key, fallback_mnemonic_ui_pin_key]
21:25:10 [main] BlockchainServiceImpl - network callback registered with NetworkRequest: de.schildbach.wallet.service.BlockchainServiceImpl$NetworkCallbackImpl@8b6bbe5
21:25:10 [DefaultDispatcher-worker-6] BlockchainServiceImpl - monitoring 0 old transactions
21:25:10 [DefaultDispatcher-worker-14] BlockchainServiceImpl - network capabilities changed: 101, hasInternet: true, validated: true
21:25:10 [main] BlockchainServiceImpl - receiver register: tickReceiver, de.schildbach.wallet.service.BlockchainServiceImpl$tickReceiver$1@4c0e96b
21:25:10 [DefaultDispatcher-worker-6] BlockchainServiceImpl - network available: 101, hasInternet: true, validated: true, type: WiFi
21:25:10 [DefaultDispatcher-worker-14] BlockchainServiceImpl - cutover committed — Platform quorum lookups wired to the SDK-sourced quorum list
21:25:10 [DefaultDispatcher-worker-14] StartupBreadcrumbs - STARTUP breadcrumb: 20 SDK_BIND_KICKED +177952ms
21:25:10 [DefaultDispatcher-worker-5] SdkWalletBinder - SDK wallet bound; identity not yet registered — discovery deferred
21:25:10 [DefaultDispatcher-worker-15] BlockchainServiceImpl - onCreate completed, processing onStartCommand
21:25:10 [DefaultDispatcher-worker-15] BLSJniLibrary - Initializing BLS JNI Library
21:25:10 [DefaultDispatcher-worker-15] BlockchainServiceImpl - service start command: Intent { cmp=hashengineering.darkcoin.wallet_test/de.schildbach.wallet.service.BlockchainServiceImpl }
21:25:10 [DefaultDispatcher-worker-15] BlockchainServiceImpl - .onStartCommand(Intent { cmp=hashengineering.darkcoin.wallet_test/de.schildbach.wallet.service.BlockchainServiceImpl }) finished
21:25:10 [DefaultDispatcher-worker-7] BlockchainServiceImpl - onCreate completed, processing onStartCommand
21:25:10 [DefaultDispatcher-worker-7] BLSJniLibrary - Initializing BLS JNI Library
21:25:10 [DefaultDispatcher-worker-7] BlockchainServiceImpl - service start command: Intent { act=de.schildbach.wallet.service.cancel_coins_received cmp=hashengineering.darkcoin.wallet_test/de.schildbach.wallet.service.BlockchainServiceImpl }
21:25:10 [DefaultDispatcher-worker-7] BlockchainServiceImpl - .onStartCommand(Intent { act=de.schildbach.wallet.service.cancel_coins_received cmp=hashengineering.darkcoin.wallet_test/de.schildbach.wallet.service.BlockchainServiceImpl }) finished
21:25:10 [DefaultDispatcher-worker-15] BlockchainServiceImpl - acquiring check() mutex
21:25:10 [DefaultDispatcher-worker-15] BlockchainServiceImpl - check()
21:25:10 [DefaultDispatcher-worker-15] BlockchainServiceImpl - cutover committed — holding the dashj L1 engine; SDK owns L1 this launch
21:25:10 [DefaultDispatcher-worker-15] BlockchainServiceImpl - releasing check() mutex
21:25:10 [DefaultDispatcher-worker-7] StartupBreadcrumbs - STARTUP breadcrumb: 21 SDK_L1_ENGINE_STARTING +177953ms
21:25:10 [DefaultDispatcher-worker-15] BlockchainServiceImpl - acquiring check() mutex
21:25:10 [DefaultDispatcher-worker-15] BlockchainServiceImpl - check()
21:25:10 [DefaultDispatcher-worker-15] BlockchainServiceImpl - cutover committed — holding the dashj L1 engine; SDK owns L1 this launch
21:25:10 [DefaultDispatcher-worker-15] BlockchainServiceImpl - releasing check() mutex
21:25:10 [DefaultDispatcher-worker-14] BlockchainServiceImpl - .onCreate() finished
21:25:10 [DefaultDispatcher-worker-14] BlockchainServiceImpl - acquiring check() mutex
21:25:10 [DefaultDispatcher-worker-14] BlockchainServiceImpl - check()
21:25:10 [DefaultDispatcher-worker-14] BlockchainServiceImpl - cutover committed — holding the dashj L1 engine; SDK owns L1 this launch
21:25:10 [DefaultDispatcher-worker-14] BlockchainServiceImpl - releasing check() mutex
21:25:10 [main] BlockchainServiceImpl - cutover committed and SDK L1 scan synced — triggering identity/contacts discovery
21:25:10 [DefaultDispatcher-worker-10] BlockchainIdentityData - creation: BlockchainIdentityData(NONE, null, null, null, null, null)
21:25:10 [DefaultDispatcher-worker-10] PlatformSynchronizationService - discoverAndRecoverIdentity: checking for existing associated identity
21:25:10 [DefaultDispatcher-worker-10] SecurityGuard - loading security guard [healthy=true] with keys: [keystore_healthy, fallback_pin_wallet_password_key, primary_ui_pin_key, modern_encryption_migration_complete, fallback_mnemonic_wallet_password_key, primary_wallet_password_key, fallback_mnemonic_ui_pin_key]
21:25:10 [DefaultDispatcher-worker-10] ModernEncryptionProvider - Decrypted data for alias: wallet_password_key
21:25:11 [DefaultDispatcher-worker-12] Platform - platform check: 679.4 ms
21:25:11 [DefaultDispatcher-worker-1] Platform - platform check: 680.4 ms
21:25:11 [DefaultDispatcher-worker-2] Platform - platform check: 685.8 ms
21:25:11 [DefaultDispatcher-worker-10] KeyCrypterScrypt - Deriving key took 187.4 ms for N=65536, r=8, p=1.
21:25:11 [DefaultDispatcher-worker-2] PlatformServiceImplementation - platform available 3 of 3: true
21:25:11 [DefaultDispatcher-worker-10] DapiClient - getIdentityByFirstPublicKey(d27c59cf8ca720dd58bd6ee81ed08572aa770aa8)
21:25:11 [main] MainViewModel - platform available: true; no identity creation is progress: true
21:25:11 [DefaultDispatcher-worker-14] L1ShadowSyncService - DashPay bring-up before SPV: status=NO_IDENTITY discovery=1 dashPaySyncRan=false drained=0 pending=0 elapsedMs=440
21:25:11 [DefaultDispatcher-worker-14] L1ShadowSyncService - L1ShadowLifecycle RESUMING after 1s down (teardown #1 this process); the progress feed and every consumer of it were silent for that whole span
21:25:11 [DefaultDispatcher-worker-14] L1ShadowSyncService - L1 shadow SPV started for SDK wallet b644d4f6… (dataDir=/data/user/0/hashengineering.darkcoin.wallet_test/files/l1_shadow_spv/testnet, default peer discovery); debug-only instrumentation — two SPV engines are now running
21:25:11 [DefaultDispatcher-worker-2] L1ShadowSyncService - L1Shadow phase=IDLE 0.0% headers 0/0 filters 0/0 wallet 1556977
21:25:11 [DefaultDispatcher-worker-2] L1ShadowSyncService - ReplayMemTelemetry phase=IDLE nativeHeapAllocated=168585456 nativeHeapSize=203132928 jvmUsed=23847120 jvmMax=603979776 headers 0/0 filters 0 wallet 1556977
21:25:11 [DefaultDispatcher-worker-14] StartupBreadcrumbs - STARTUP breadcrumb: 22 SDK_L1_ENGINE_STARTED +178470ms
21:25:11 [DefaultDispatcher-worker-14] StartupBreadcrumbs - STARTUP breadcrumb: 23 CUTOVER_SERVICES_STARTED +178470ms
21:25:11 [DefaultDispatcher-worker-1] L1ShadowSyncService - L1Parity probing suspended: the cutover is committed and the dashj engine is held, so its balance is frozen at the cutover snapshot — any comparison against it is a guaranteed MISMATCH that measures nothing. Turn on the Tools 'dashj sync (diagnostic)' toggle to un-hold dashj and resume probing.
21:25:11 [DefaultDispatcher-worker-1] ShieldedBalanceServiceImpl - shielded runtime ready on SDK wallet b644d4f6… (account 0, sync loop running)
21:25:11 [DefaultDispatcher-worker-15] L1ShadowSyncService - ReplayMemTelemetry phase=CONNECTING nativeHeapAllocated=168954176 nativeHeapSize=203481088 jvmUsed=24273104 jvmMax=603979776 headers 1556977/1556977 filters 1556977 wallet 1556977 SETTLED
21:25:11 [DefaultDispatcher-worker-8] L1ShadowSyncService - WalletBalanceFacts: total=0 accounts={bip44:0, bip32:0, coinjoin:0, identityRegistration:0, identityTopUpUnbound:0, identityInvitation:0, assetLockTopUp:0, assetLockShieldedTopUp:0, providerVoting:0, providerOwner:0, providerOperator:0, providerPlatform:0} confirmed=0 unconfirmed=0 txCount=0
21:25:11 [main] HistoryHeaderAdapter - set invite, synced = true
21:25:11 [DefaultDispatcher-worker-10] PlatformSynchronizationService - discoverAndRecoverIdentity: no existing identity found
21:25:11 [DefaultDispatcher-worker-10] PlatformSynchronizationService - identity-discovery guard released (no identity found) — a later discovery may run again
21:25:11 [DefaultDispatcher-worker-10] BlockchainServiceImpl - post-cutover identity discovery found nothing and the wallet has no identity — re-arming; next attempt no sooner than 120000 ms from now
21:25:11 [DefaultDispatcher-worker-6] PlatformSynchronizationService - TxMetadata settings: saveToNetwork=false frequency=afterTenTransactions saveAfter=9223372036854775807 paymentCategory=false taxCategory=false exchangeRates=false memos=false giftCards=false storedDocuments=0
21:25:15 [Wallet autosave thread] WalletFiles - Background saving wallet; last seen block is height -1, date unknown, hash null
21:25:17 [DefaultDispatcher-worker-11] L1ShadowSyncService - L1Shadow phase=SYNCED 100.0% headers 1556977/1556977 filters 1556977/1556977 wallet 1556977
21:25:17 [DefaultDispatcher-worker-13] BlockchainServiceImpl - network capabilities changed: 101, hasInternet: true, validated: true
21:25:17 [DefaultDispatcher-worker-13] BlockchainServiceImpl - acquiring check() mutex
21:25:17 [DefaultDispatcher-worker-13] BlockchainServiceImpl - check()
21:25:17 [DefaultDispatcher-worker-13] BlockchainServiceImpl - cutover committed — holding the dashj L1 engine; SDK owns L1 this launch
21:25:17 [DefaultDispatcher-worker-13] BlockchainServiceImpl - releasing check() mutex
21:25:20 [DefaultDispatcher-worker-14] BlockchainServiceImpl - network capabilities changed: 101, hasInternet: true, validated: true
21:25:20 [DefaultDispatcher-worker-14] BlockchainServiceImpl - acquiring check() mutex
21:25:20 [DefaultDispatcher-worker-14] BlockchainServiceImpl - check()
21:25:20 [DefaultDispatcher-worker-14] BlockchainServiceImpl - cutover committed — holding the dashj L1 engine; SDK owns L1 this launch
21:25:20 [DefaultDispatcher-worker-14] BlockchainServiceImpl - releasing check() mutex
21:25:23 [DefaultDispatcher-worker-7] BlockchainServiceImpl - network capabilities changed: 101, hasInternet: true, validated: true
21:25:23 [DefaultDispatcher-worker-7] BlockchainServiceImpl - acquiring check() mutex
21:25:23 [DefaultDispatcher-worker-7] BlockchainServiceImpl - check()
21:25:23 [DefaultDispatcher-worker-7] BlockchainServiceImpl - cutover committed — holding the dashj L1 engine; SDK owns L1 this launch
21:25:23 [DefaultDispatcher-worker-7] BlockchainServiceImpl - releasing check() mutex
21:25:26 [DefaultDispatcher-worker-1] BlockchainServiceImpl - network capabilities changed: 101, hasInternet: true, validated: true
21:25:26 [DefaultDispatcher-worker-1] BlockchainServiceImpl - acquiring check() mutex
21:25:26 [DefaultDispatcher-worker-1] BlockchainServiceImpl - check()
21:25:26 [DefaultDispatcher-worker-1] BlockchainServiceImpl - cutover committed — holding the dashj L1 engine; SDK owns L1 this launch
21:25:26 [DefaultDispatcher-worker-1] BlockchainServiceImpl - releasing check() mutex
21:25:32 [main] StartupBreadcrumbs - STARTUP breadcrumb: 1 LOGGING_INITIALIZED +3ms
21:25:32 [main] StartupBreadcrumbs - STARTUP breadcrumb: 2 FIREBASE_INITIALIZED +4ms
21:25:32 [main] WalletApplication - STARTUP WalletApplication.onCreate()
21:25:32 [process-exit-reasons] ProcessExitReasons - STARTUP exit history: #0 reason=USER_REQUESTED(10) at=2026-09-19T16:25:29 (2s ago) importance=FOREGROUND(100) pss=0KB/0.0MB rss=0KB/0.0MB process=hashengineering.darkcoin.wallet_test pid=5630 status=0 definingUid=10209 description="[FORCE STOP] stop hashengineering.darkcoin.wallet_test due to from pid 6274"
21:25:32 [process-exit-reasons] ProcessExitReasons - STARTUP exit history: #1 reason=USER_REQUESTED(10) at=2026-09-19T16:22:12 (3m ago) importance=FOREGROUND(100) pss=0KB/0.0MB rss=0KB/0.0MB process=hashengineering.darkcoin.wallet_test pid=4755 status=0 definingUid=10209 description="[FORCE STOP] stop hashengineering.darkcoin.wallet_test due to from pid 5619"
21:25:32 [process-exit-reasons] ProcessExitReasons - STARTUP exit history: #2 reason=USER_REQUESTED(10) at=2026-09-19T16:16:45 (8m ago) importance=FOREGROUND(100) pss=0KB/0.0MB rss=0KB/0.0MB process=hashengineering.darkcoin.wallet_test pid=3415 status=0 definingUid=10209 description="[FORCE STOP] stop hashengineering.darkcoin.wallet_test due to from pid 4699"
21:25:32 [process-exit-reasons] ProcessExitReasons - PROCESS EXIT REASON: USER_REQUESTED(10) — previous process died 2s ago at 2026-09-19T16:25:29, importance=FOREGROUND(100), pss=0KB/0.0MB, rss=0KB/0.0MB, description="[FORCE STOP] stop hashengineering.darkcoin.wallet_test due to from pid 6274"
21:25:32 [main] StartupBreadcrumbs - STARTUP breadcrumb: 3 CONFIG_LOADED +9ms
21:25:32 [main] StartupBreadcrumbs - STARTUP breadcrumb: 4 WALLET_LOAD_BEGIN +9ms size=15322
21:25:32 [main] BLSJniLibrary - Initializing BLS JNI Library
21:25:32 [main] WalletApplication - === starting app using configuration: _testNet3, org.darkcoin.test
21:25:32 [main] MnemonicCodeExt - BIP39 wordlist loaded from: 'bip39-wordlists/english.txt', took 1.977 ms
21:25:32 [main] WalletApplication - STARTUP fullInit: initEnvironment done in 3ms
21:25:32 [main] DeterministicKeyChain - 133 keys needed for M/0H/0 = 0 issued + 100 lookahead size + 33 lookahead threshold - 0 num children
21:25:32 [main] DeterministicKeyChain - Took 57.48 ms
21:25:32 [main] DeterministicKeyChain - 133 keys needed for M/0H/1 = 0 issued + 100 lookahead size + 33 lookahead threshold - 0 num children
21:25:32 [main] DeterministicKeyChain - Took 27.55 ms
21:25:32 [main] DeterministicKeyChain - 133 keys needed for M/44H/1H/0H/0 = 0 issued + 100 lookahead size + 33 lookahead threshold - 0 num children
21:25:32 [main] DeterministicKeyChain - Took 21.03 ms
21:25:32 [main] DeterministicKeyChain - 133 keys needed for M/44H/1H/0H/1 = 0 issued + 100 lookahead size + 33 lookahead threshold - 0 num children
21:25:32 [main] DeterministicKeyChain - Took 19.79 ms
21:25:32 [main] WalletProtobufSerializer - Loading wallet extension org.dashj.wallet.authentication
21:25:32 [main] AnyKeyChainGroup - Activating a new HD chain: AuthenticationKeyChain{BLOCKCHAIN_IDENTITY, ECDSA, P2PKH, accountPath=[9H, 1H, 5H, 0H, 0H, 0H], lookaheadSize=0, lookaheadThreshold=0}
21:25:32 [main] AnyExternalKeyChain - 4 keys needed for M/9H/1H/5H/1H = 1 issued + 5 lookahead size + 0 lookahead threshold - 2 num children
21:25:32 [main] AnyExternalKeyChain - Took 1.213 ms
21:25:32 [main] AnyKeyChainGroup - Activating a new HD chain: AuthenticationKeyChain{BLOCKCHAIN_IDENTITY_FUNDING, ECDSA, P2PKH, accountPath=[9H, 1H, 5H, 1H], lookaheadSize=5, lookaheadThreshold=5}
21:25:32 [main] AnyExternalKeyChain - 4 keys needed for M/9H/1H/3H/2H = 1 issued + 5 lookahead size + 0 lookahead threshold - 2 num children
21:25:32 [main] AnyExternalKeyChain - Took 1.394 ms
21:25:32 [main] AnyKeyChainGroup - Activating a new HD chain: AuthenticationKeyChain{MASTERNODE_OWNER, ECDSA, P2PKH, accountPath=[9H, 1H, 3H, 2H], lookaheadSize=5, lookaheadThreshold=5}
21:25:32 [main] BLSJniLibrary - Initializing BLS JNI Library
21:25:32 [main] AnyExternalKeyChain - 4 keys needed for M/9H/1H/3H/3H = 1 issued + 5 lookahead size + 0 lookahead threshold - 2 num children
21:25:32 [main] AnyExternalKeyChain - Took 1.305 ms
21:25:32 [main] AnyKeyChainGroup - Activating a new HD chain: AuthenticationKeyChain{MASTERNODE_OPERATOR, BLS, P2PKH, accountPath=[9H, 1H, 3H, 3H], lookaheadSize=5, lookaheadThreshold=5}
21:25:32 [main] AnyExternalKeyChain - 4 keys needed for M/9H/1H/3H/1H = 1 issued + 5 lookahead size + 0 lookahead threshold - 2 num children
21:25:32 [main] AnyExternalKeyChain - Took 1.519 ms
21:25:32 [main] AnyKeyChainGroup - Activating a new HD chain: AuthenticationKeyChain{MASTERNODE_VOTING, ECDSA, P2PKH, accountPath=[9H, 1H, 3H, 1H], lookaheadSize=5, lookaheadThreshold=5}
21:25:32 [main] AnyExternalKeyChain - 4 keys needed for M/9H/1H/5H/2H = 1 issued + 5 lookahead size + 0 lookahead threshold - 2 num children
21:25:32 [main] AnyExternalKeyChain - Took 1.608 ms
21:25:32 [main] AnyKeyChainGroup - Activating a new HD chain: AuthenticationKeyChain{BLOCKCHAIN_IDENTITY_TOPUP, ECDSA, P2PKH, accountPath=[9H, 1H, 5H, 2H], lookaheadSize=5, lookaheadThreshold=5}
21:25:32 [main] AnyExternalKeyChain - 4 keys needed for M/9H/1H/5H/3H = 1 issued + 5 lookahead size + 0 lookahead threshold - 2 num children
21:25:32 [main] AnyExternalKeyChain - Took 1.466 ms
21:25:32 [main] AnyKeyChainGroup - Activating a new HD chain: AuthenticationKeyChain{INVITATION_FUNDING, ECDSA, P2PKH, accountPath=[9H, 1H, 5H, 3H], lookaheadSize=5, lookaheadThreshold=5}
21:25:32 [main] AnyKeyChainGroup - Activating a new HD chain: AuthenticationKeyChain{MASTERNODE_PLATFORM_OPERATOR, EdDSA, P2PKH, accountPath=[9H, 1H, 3H, 4H], lookaheadSize=0, lookaheadThreshold=0}
21:25:32 [main] WalletProtobufSerializer - Loading wallet extension org.dashj.wallet.coinjoin
21:25:32 [main] AnyDeterministicKeyChain - 533 keys needed for M/9H/1H/4H/0H/0 = 0 issued + 500 lookahead size + 33 lookahead threshold - 0 num children
21:25:32 [main] AnyDeterministicKeyChain - Took 62.58 ms
21:25:32 [main] AnyDeterministicKeyChain - 533 keys needed for M/9H/1H/4H/0H/1 = 0 issued + 500 lookahead size + 33 lookahead threshold - 0 num children
21:25:32 [main] AnyDeterministicKeyChain - Took 70.86 ms
21:25:32 [main] WalletApplication - wallet loaded from: '/data/user/0/hashengineering.darkcoin.wallet_test/files/wallet-protobuf-testnet', took 305.0 ms (0 DashPay friend chains deferred)
21:25:32 [main] StartupBreadcrumbs - STARTUP breadcrumb: 5 WALLET_PROTOBUF_PARSED +320ms took=305.1 ms deferredFriendChains=0
21:25:32 [main] StartupBreadcrumbs - STARTUP breadcrumb: 6 WALLET_CONSISTENCY_CHECKED +320ms
21:25:32 [main] StartupBreadcrumbs - STARTUP breadcrumb: 7 FINALIZE_INIT_BEGIN +320ms
21:25:32 [main] SecurityGuard - loading security guard [healthy=true] with keys: [keystore_healthy, fallback_pin_wallet_password_key, primary_ui_pin_key, modern_encryption_migration_complete, fallback_mnemonic_wallet_password_key, primary_wallet_password_key, fallback_mnemonic_ui_pin_key]
21:25:32 [main] SecurityGuard - loading security guard [healthy=true] with keys: [keystore_healthy, fallback_pin_wallet_password_key, primary_ui_pin_key, modern_encryption_migration_complete, fallback_mnemonic_wallet_password_key, primary_wallet_password_key, fallback_mnemonic_ui_pin_key]
21:25:32 [DefaultDispatcher-worker-4] TxDisplayCacheService - sync-complete check: SDK record count not available yet (the cutover tx pipeline binds after this trigger) — waiting up to 120s
21:25:32 [DefaultDispatcher-worker-4] BLSJniLibrary - Initializing BLS JNI Library
21:25:32 [DefaultDispatcher-worker-4] TxDisplayCacheService - rebuildWrappedList: 0 raw txs → 0 wrappers → 0 sorted | getTransactions=0ms wrapAll=0ms sort=0ms total=0ms
21:25:32 [main] ModernEncryptionProvider - Decrypted data for alias: wallet_password_key
21:25:32 [DefaultDispatcher-worker-4] TxDisplayCacheService - updateDisplayCache: 0 rows in 0ms
21:25:32 [DefaultDispatcher-worker-4] TxDisplayCacheService - STARTUP rebuildWrappedList DONE (_transactionsLoaded=true) at 1789853132458
21:25:32 [DefaultDispatcher-worker-4] WalletObserver - observing transactions start de.schildbach.wallet.transactions.WalletObserver@386b4a1
21:25:32 [DefaultDispatcher-worker-4] BLSJniLibrary - Initializing BLS JNI Library
21:25:32 [dashj user thread] BLSJniLibrary - Initializing BLS JNI Library
21:25:32 [main] KeyCrypterScrypt - Deriving key took 135.9 ms for N=65536, r=8, p=1.
21:25:32 [main] SecurityGuard - Mnemonic-based fallbacks ensured for PIN and wallet password
21:25:32 [main] WalletApplication - Mnemonic-based fallbacks ensured
21:25:32 [main] ModernEncryptionProvider - Decrypted data for alias: ui_pin_key
21:25:32 [main] SecurityGuard - PIN-based fallback ensured for wallet password
21:25:32 [main] WalletApplication - PIN-based fallback added successfully
21:25:32 [main] WalletApplication - STARTUP finalizeInit: securityGuard done in 145ms
21:25:32 [main] WalletApplication - STARTUP finalizeInit: initDash done in 2ms
21:25:32 [main] StartupBreadcrumbs - STARTUP breadcrumb: 8 INIT_DASH_DONE +467ms
21:25:32 [main] WalletApplication - STARTUP finalizeInit: afterLoadWallet done in 0ms
21:25:32 [main] StartupBreadcrumbs - STARTUP breadcrumb: 9 AFTER_LOAD_WALLET_DONE +467ms
21:25:32 [main] StartupBreadcrumbs - STARTUP breadcrumb: 20 SDK_BIND_KICKED +469ms
21:25:32 [DefaultDispatcher-worker-10] BlockchainIdentityData - creation: BlockchainIdentityData(NONE, null, null, null, null, null)
21:25:32 [main] PlatformSynchronizationService - Starting the platform sync job
21:25:32 [main] StartupBreadcrumbs - STARTUP breadcrumb: 10 PLATFORM_INIT_KICKED +470ms
21:25:32 [main] WalletApplication - STARTUP finalizeInit: initPlatform+channels done in 3ms
21:25:32 [DefaultDispatcher-worker-8] SecurityGuard - loading security guard [healthy=true] with keys: [keystore_healthy, fallback_pin_wallet_password_key, primary_ui_pin_key, modern_encryption_migration_complete, fallback_mnemonic_wallet_password_key, primary_wallet_password_key, fallback_mnemonic_ui_pin_key]
21:25:32 [DefaultDispatcher-worker-8] ModernEncryptionProvider - Decrypted data for alias: wallet_password_key
21:25:32 [main] WalletApplication - STARTUP finalizeInit: integrations done in 41ms
21:25:32 [main] WalletApplication - STARTUP fullInit: loadWalletFromProtobuf done in 498ms
21:25:32 [main] WalletApplication - STARTUP fullInit: total 501ms
21:25:32 [main] StartupBreadcrumbs - STARTUP breadcrumb: 11 ONCREATE_COMPLETE +515ms
21:25:32 [main] BootstrapReceiver - got broadcast: Intent { act=android.intent.action.BOOT_COMPLETED flg=0x9000030 pkg=hashengineering.darkcoin.wallet_test cmp=hashengineering.darkcoin.wallet_test/de.schildbach.wallet.service.BootstrapReceiver (has extras) }
21:25:32 [bootstrap] BLSJniLibrary - Initializing BLS JNI Library
21:25:32 [bootstrap] BLSJniLibrary - Initializing BLS JNI Library
21:25:32 [bootstrap] BootstrapReceiver - post-boot sync not attempted on Android 15+: a dataSync foreground service cannot be started from BOOT_COMPLETED. Syncing resumes when the app is opened.
21:25:32 [DefaultDispatcher-worker-8] KeyCrypterScrypt - Deriving key took 122.3 ms for N=65536, r=8, p=1.
21:25:32 [DefaultDispatcher-worker-8] DashSdkServiceImpl - bootstrapping Dash Platform SDK for network=testnet (flavor=_testNet3)
21:25:32 [DefaultDispatcher-worker-8] DashSdkServiceImpl - SDK tracing file logging (INFO) at /data/user/0/hashengineering.darkcoin.wallet_test/files/sdk-logs/platform_wallet/run.log: NOT installed (subscriber already set or dir unwritable)
21:25:32 [main] WalletActivityTracker - activity lifecycle: app started
21:25:32 [main] WalletActivityTracker - activity lifecycle: activity OnboardingActivity created
21:25:32 [main] WalletActivityTracker - activity lifecycle: current: OnboardingActivity, activities: 1 visible: 0 foreground: 0
21:25:32 [main] WalletActivityTracker - activity lifecycle: activity MainActivity created
21:25:32 [main] WalletActivityTracker - activity lifecycle: current: MainActivity, activities: 2 visible: 0 foreground: 0
21:25:32 [main] SecurityGuard - loading security guard [healthy=true] with keys: [keystore_healthy, fallback_pin_wallet_password_key, primary_ui_pin_key, modern_encryption_migration_complete, fallback_mnemonic_wallet_password_key, primary_wallet_password_key, fallback_mnemonic_ui_pin_key]
21:25:32 [main] SecurityGuard - loading security guard [healthy=true] with keys: [keystore_healthy, fallback_pin_wallet_password_key, primary_ui_pin_key, modern_encryption_migration_complete, fallback_mnemonic_wallet_password_key, primary_wallet_password_key, fallback_mnemonic_ui_pin_key]
21:25:32 [main] ModernEncryptionProvider - Decrypted data for alias: wallet_password_key
21:25:32 [main] ModernEncryptionProvider - Decrypted data for alias: ui_pin_key
21:25:32 [main] DashPaymentIntentParser - network parameters = org.darkcoin.test
21:25:32 [main] DashPaymentIntentParser - network parameters = org.darkcoin.test
21:25:32 [main] MainViewModel - STARTUP MainViewModel init at 1789853132817
21:25:32 [DefaultDispatcher-worker-1] ExploreSyncWorker - sync explore db started
21:25:32 [DefaultDispatcher-worker-6] DapiClient - getDocuments(contractId=GWRSAVFMjXx8HpQFaNJMqBV7MBgMK4br5UESsB4S31Ec, type=domain, {limit=5, where=[]})
21:25:32 [DefaultDispatcher-worker-7] DapiClient - getDocuments(contractId=GWRSAVFMjXx8HpQFaNJMqBV7MBgMK4br5UESsB4S31Ec, type=domain, {limit=5, where=[]})
21:25:32 [DefaultDispatcher-worker-12] DapiClient - getDocuments(contractId=GWRSAVFMjXx8HpQFaNJMqBV7MBgMK4br5UESsB4S31Ec, type=domain, {limit=5, where=[]})
21:25:32 [main] StartupBreadcrumbs - STARTUP breadcrumb: 12 MAIN_UI_SHOWN +692ms
21:25:32 [main] Configuration - just being used - last used 0 minutes ago
21:25:32 [DefaultDispatcher-worker-1] ExploreDataSyncStatus - sync explore data progress: 0.0
21:25:32 [DefaultDispatcher-worker-1] GCExploreDatabase - preloading explore db from assets /data/user/0/hashengineering.darkcoin.wallet_test/cache/explore.db, test database: true
21:25:32 [main] AppForegroundMonitor - App moved to foreground
21:25:32 [DefaultDispatcher-worker-1] GCExploreDatabase - preloading explore db from assets /data/user/0/hashengineering.darkcoin.wallet_test/cache/explore.db, test database: false
21:25:32 [DefaultDispatcher-worker-1] GCExploreDatabase - missing preloaded database explore/explore.db
21:25:32 [main] WalletActivityTracker - activity lifecycle: current: MainActivity, activities: 2 visible: 1 foreground: 0
21:25:32 [DefaultDispatcher-worker-10] MainViewModel - blockchain state update: mnlist=1556977; chain=1556977; wallet=-1
21:25:32 [DefaultDispatcher-worker-1] ExploreSyncWorker - local data timestamp: 0 (Wed Dec 31 18:00:00 CST 1969)
21:25:32 [DefaultDispatcher-worker-9] CrowdNodeApiAggregator - restoring CrowdNode status
21:25:32 [DefaultDispatcher-worker-9] BLSJniLibrary - Initializing BLS JNI Library
21:25:32 [main] WalletTransactionsFragment - STARTUP WalletTransactionsFragment.onViewCreated at 1789853132842
21:25:32 [main] HistoryHeaderAdapter - set invite, synced = false
21:25:32 [DefaultDispatcher-worker-11] BLSJniLibrary - Initializing BLS JNI Library
21:25:32 [main] HistoryHeaderAdapter - set invite = null
21:25:32 [main] HistoryHeaderAdapter - set invite, synced = false
21:25:32 [main] SecurityGuard - loading security guard [healthy=true] with keys: [keystore_healthy, fallback_pin_wallet_password_key, primary_ui_pin_key, modern_encryption_migration_complete, fallback_mnemonic_wallet_password_key, primary_wallet_password_key, fallback_mnemonic_ui_pin_key]
21:25:32 [main] LockScreenActivity - show lock screen true = ![keepUnlocked=false] && autologout=true && (keepUnlockedUntilPenEntered=true || shouldLogout=false) || isHealthy=true
21:25:32 [main] BiometricHelper - No biometric credentials
21:25:32 [main] LockScreenActivity - fingerprint was disabled
21:25:32 [main] LockScreenActivity - LockState = ENTER_PIN
21:25:32 [main] MainActivity - updateTrigger => rateStale: RateRetrievalState(lastAttemptFailed=false, staleRates=false, volatile=false)
21:25:32 [main] WalletActivityTracker - activity lifecycle: current: MainActivity, activities: 2 visible: 1 foreground: 1
21:25:32 [main] BlockchainIdentityData - creation: BlockchainIdentityData(NONE, null, null, null, null, null)
21:25:32 [main] BlockchainIdentityData - creation: BlockchainIdentityData(NONE, null, null, null, null, null)
21:25:32 [main] WalletTransactionsFragment - STARTUP submitData called on thread=main at 1789853132868
21:25:32 [DefaultDispatcher-worker-5] Constants - --> GET https://rates.ctx.com/rates?source=ctx
21:25:32 [main] BlockchainServiceImpl - .onCreate()
21:25:32 [main] DashPaymentIntentParser - network parameters = org.darkcoin.test
21:25:32 [main] BlockchainServiceImpl - start foreground service
21:25:32 [main] BlockchainServiceImpl - .onStartCommand(Intent { cmp=hashengineering.darkcoin.wallet_test/de.schildbach.wallet.service.BlockchainServiceImpl })
21:25:32 [DefaultDispatcher-worker-8] DashSdkServiceImpl - Dash Platform SDK started: version=4.2.0-beta.2, restored 1 wallet(s)
21:25:32 [DefaultDispatcher-worker-8] BlockchainServiceImpl - onStartCommand waiting for onCreate to complete...
21:25:32 [DefaultDispatcher-worker-8] DashSdkServiceImpl - app wallet already bound to SDK wallet b644d4f6…
21:25:32 [DefaultDispatcher-worker-8] SdkWalletBinder - SDK wallet bound; identity not yet registered — discovery deferred
21:25:32 [DefaultDispatcher-worker-9] BlockchainServiceImpl - onCreate() serviceScope waiting for cleanup null
21:25:32 [DefaultDispatcher-worker-8] PlatformSynchronizationService - SDK L1 engine not started from Application init — it starts from the foreground blockchain service (resume())
21:25:32 [DefaultDispatcher-worker-8] StartupBreadcrumbs - STARTUP breadcrumb: 23 CUTOVER_SERVICES_STARTED +770ms
21:25:32 [DefaultDispatcher-worker-3] CutoverUiDataService - cutover committed — serving home-screen data from the SDK
21:25:32 [DefaultDispatcher-worker-1] CutoverTxSeamService - cutover committed — priming the SDK seam tx feed
21:25:32 [DefaultDispatcher-worker-14] SdkBlockchainStateService - cutover committed — deriving BlockchainState from the SDK SPV feed
21:25:32 [DefaultDispatcher-worker-2] SdkBindRetryService - SDK bind established — clearing the pending state (no blocker recorded in this process)
21:25:32 [DefaultDispatcher-worker-3] CutoverUiDataService - cutover UI active but the engine wallet-event tap is not running (USE_KOTLIN_SDK_L1_SHADOW off, or L1ShadowSyncService not started) — instant receives degrade to the Room-snapshot/block cadence
21:25:32 [DefaultDispatcher-worker-1] CutoverTxSeamService - seam tx feed primed (0 recent records, 0 in the priming window); serving seam tx reads from the SDK store
21:25:32 [DefaultDispatcher-worker-3] CutoverUiDataService - SDK balance published: 0 duffs (was none) | l1Synced=false rescanArmedHold=false dashPayBackfill(armed=false,replaying=false) deferredContactBuilds=0 (unchangedReads=1) persistedAsLastKnown=false lastKnown=0
21:25:32 [DefaultDispatcher-worker-9] BLSJniLibrary - Initializing BLS JNI Library
21:25:32 [DefaultDispatcher-worker-9] BlockchainServiceImpl - Phase 5d cutover gate: dashjEngineMayStart=false (coordinatorAllowsDashj=false, dashjHeldByCutover=true, dashjSyncDiagnostic=false)
21:25:32 [main] BlockchainServiceImpl - .onStartCommand(Intent { act=de.schildbach.wallet.service.cancel_coins_received cmp=hashengineering.darkcoin.wallet_test/de.schildbach.wallet.service.BlockchainServiceImpl })
21:25:32 [DefaultDispatcher-worker-1] BlockchainServiceImpl - onStartCommand waiting for onCreate to complete...
21:25:32 [main] MainViewModel - platform available: false; no identity creation is progress: true
21:25:32 [DefaultDispatcher-worker-9] BlockchainServiceImpl - cannot load the bootstrap stream: mnlistdiff-testnet.dat
21:25:32 [DefaultDispatcher-worker-9] BlockchainServiceImpl - cannot load the bootstrap stream: qrinfo-testnet.dat
21:25:32 [DefaultDispatcher-worker-9] BlockchainServiceImpl - verifying backupBlockStore
21:25:32 [DefaultDispatcher-worker-9] BlockchainServiceImpl - verifying headerStore
21:25:32 [DefaultDispatcher-worker-4] ShieldedBalanceServiceImpl - shielded runtime ready on SDK wallet b644d4f6… (account 0, sync loop running)
21:25:33 [DefaultDispatcher-worker-6] DapiClient - searching for quorum: 6, 0000006fd9701e4371a90adcab770e68899ac259af03b51f1fdd66c1d60bad2c, 1556977
21:25:33 [DefaultDispatcher-worker-12] DapiClient - searching for quorum: 6, 0000006fd9701e4371a90adcab770e68899ac259af03b51f1fdd66c1d60bad2c, 1556977
21:25:33 [DefaultDispatcher-worker-7] DapiClient - searching for quorum: 6, 0000006fd9701e4371a90adcab770e68899ac259af03b51f1fdd66c1d60bad2c, 1556977
21:25:33 [pool-44-thread-1] BlockchainServiceImpl - verify blockstore: 2.566 ms, null loaded
21:25:33 [DefaultDispatcher-worker-9] BlockchainServiceImpl - verifying blockStore
21:25:33 [main] DeviceInfoProvider - Detecting currency based on device, mobile network or locale:
21:25:33 [main] DeviceInfoProvider - Device Sim Country: us
21:25:33 [main] MainViewModel - Updating currency exchange rate based on country: US
21:25:33 [DefaultDispatcher-worker-4] GCExploreDatabase - error getting remote data timestamp
com.google.firebase.FirebaseException: An internal error has occurred. [ API key not valid. Please pass a valid API key. ]
	at com.google.android.gms.internal.firebase-auth-api.zzaag.zza(com.google.firebase:firebase-auth@@22.0.0:4)
	at com.google.android.gms.internal.firebase-auth-api.zzabf.zza(com.google.firebase:firebase-auth@@22.0.0:26)
	at com.google.android.gms.internal.firebase-auth-api.zzabg.zzl(com.google.firebase:firebase-auth@@22.0.0:1)
	at com.google.android.gms.internal.firebase-auth-api.zzabd.zzh(com.google.firebase:firebase-auth@@22.0.0:25)
	at com.google.android.gms.internal.firebase-auth-api.zzaae.zzh(com.google.firebase:firebase-auth@@22.0.0:1)
	at com.google.android.gms.internal.firebase-auth-api.zzyb.zza(com.google.firebase:firebase-auth@@22.0.0:2)
	at com.google.android.gms.internal.firebase-auth-api.zzabo.zzc(com.google.firebase:firebase-auth@@22.0.0:10)
	at com.google.android.gms.internal.firebase-auth-api.zzabo.zzb(com.google.firebase:firebase-auth@@22.0.0:14)
	at com.google.android.gms.internal.firebase-auth-api.zzaat.zzn(com.google.firebase:firebase-auth@@22.0.0:4)
	at com.google.android.gms.internal.firebase-auth-api.zzyh.zzz(com.google.firebase:firebase-auth@@22.0.0:2)
	at com.google.android.gms.internal.firebase-auth-api.zzaaf.zzv(com.google.firebase:firebase-auth@@22.0.0:2)
	at com.google.android.gms.internal.firebase-auth-api.zzzk.zzc(com.google.firebase:firebase-auth@@22.0.0:1)
	at com.google.android.gms.internal.firebase-auth-api.zzabh.run(com.google.firebase:firebase-auth@@22.0.0:1)
	at java.util.concurrent.ThreadPoolExecutor.runWorker(ThreadPoolExecutor.java:1145)
	at java.util.concurrent.ThreadPoolExecutor$Worker.run(ThreadPoolExecutor.java:644)
	at com.google.firebase.concurrent.CustomThreadFactory.lambda$newThread$0(CustomThreadFactory.java:47)
	at com.google.firebase.concurrent.CustomThreadFactory.$r8$lambda$XB8AY3Hcio74byWuTzgVEC3Hiek(CustomThreadFactory.java:0)
	at com.google.firebase.concurrent.CustomThreadFactory$$ExternalSyntheticLambda0.run(R8$$SyntheticClass:0)
	at java.lang.Thread.run(Thread.java:1012)
21:25:33 [DefaultDispatcher-worker-4] ExploreSyncWorker - remote data timestamp: -1 (Wed Dec 31 17:59:59 CST 1969)
21:25:33 [DefaultDispatcher-worker-4] ExploreSyncWorker - unable to delete /data/user/0/hashengineering.darkcoin.wallet_test/cache/explore.db
21:25:33 [DefaultDispatcher-worker-4] ExploreSyncWorker - explore db is up to date, nothing to sync
21:25:33 [DefaultDispatcher-worker-4] ExploreDataSyncStatus - sync explore data progress: 100.0
21:25:33 [DefaultDispatcher-worker-1] ExploreDatabase - Open database explore-database
21:25:33 [DefaultDispatcher-worker-5] Constants - <-- 200 https://rates.ctx.com/rates?source=ctx (283ms, unknown-length body)
21:25:33 [main] WalletActivityTracker - activity lifecycle: activity OnboardingActivity destroyed
21:25:33 [main] WalletActivityTracker - activity lifecycle: current: MainActivity, activities: 1 visible: 1 foreground: 1
21:25:33 [pool-44-thread-1] BlockchainServiceImpl - verify blockstore: 322.1 μs, null loaded
21:25:33 [DefaultDispatcher-worker-9] BlockchainServiceImpl - blockstore files verified: true, true
21:25:33 [DefaultDispatcher-worker-9] BLSJniLibrary - Initializing BLS JNI Library
21:25:33 [DefaultDispatcher-worker-9] AbstractBlockChain - chain head is at height 1405440:
 block: 
   hash: 000000173e6c9dd4ca8a5a75699fbb5dc4713bc238d2ce98aec7fe3a77febfeb
   version: 536870912 (0x20000000) (BIP34, BIP66, BIP65)
   previous block: 000000773d05044b4db27c023a9a12bc59eaf1f396ad7e5180ef4cb14d366150
   merkle root: ea3165fb830ba2267ad050760183eb5b8241c694406868382bdf6c2307c8e936
   time: 1768907626 (2026-01-20T11:13:46Z)
   difficulty target (nBits): 503367276
   nonce: 128740

21:25:33 [DefaultDispatcher-worker-9] AbstractBlockChain - chain head is at height 1405440:
 block: 
   hash: 000000173e6c9dd4ca8a5a75699fbb5dc4713bc238d2ce98aec7fe3a77febfeb
   version: 536870912 (0x20000000) (BIP34, BIP66, BIP65)
   previous block: 000000773d05044b4db27c023a9a12bc59eaf1f396ad7e5180ef4cb14d366150
   merkle root: ea3165fb830ba2267ad050760183eb5b8241c694406868382bdf6c2307c8e936
   time: 1768907626 (2026-01-20T11:13:46Z)
   difficulty target (nBits): 503367276
   nonce: 128740

21:25:33 [DefaultDispatcher-worker-9] ExploreSyncWorker - removed existing PiggyCards test data: 5 merchant(s), 5 provider(s)
21:25:33 [DefaultDispatcher-worker-9] ExploreSyncWorker - adding PiggyCards test merchants
21:25:33 [main] SecurityGuard - loading security guard [healthy=true] with keys: [keystore_healthy, fallback_pin_wallet_password_key, primary_ui_pin_key, modern_encryption_migration_complete, fallback_mnemonic_wallet_password_key, primary_wallet_password_key, fallback_mnemonic_ui_pin_key]
21:25:33 [main] BlockchainServiceImpl - network callback registered with NetworkRequest: de.schildbach.wallet.service.BlockchainServiceImpl$NetworkCallbackImpl@fd6c62b
21:25:33 [DefaultDispatcher-worker-1] BlockchainServiceImpl - monitoring 0 old transactions
21:25:33 [main] BlockchainServiceImpl - receiver register: tickReceiver, de.schildbach.wallet.service.BlockchainServiceImpl$tickReceiver$1@35f3c21
21:25:33 [DefaultDispatcher-worker-1] BlockchainServiceImpl - network available: 101, hasInternet: true, validated: true, type: WiFi
21:25:33 [DefaultDispatcher-worker-1] BlockchainServiceImpl - network capabilities changed: 101, hasInternet: true, validated: true
21:25:33 [DefaultDispatcher-worker-12] DapiClient - searching for quorum: 6, 0000006fd9701e4371a90adcab770e68899ac259af03b51f1fdd66c1d60bad2c, 1556977
21:25:33 [DefaultDispatcher-worker-6] DapiClient - searching for quorum: 6, 0000006fd9701e4371a90adcab770e68899ac259af03b51f1fdd66c1d60bad2c, 1556977
21:25:33 [DefaultDispatcher-worker-7] DapiClient - searching for quorum: 6, 0000006fd9701e4371a90adcab770e68899ac259af03b51f1fdd66c1d60bad2c, 1556977
21:25:33 [DefaultDispatcher-worker-9] BlockchainServiceImpl - cutover committed — Platform quorum lookups wired to the SDK-sourced quorum list
21:25:33 [DefaultDispatcher-worker-9] StartupBreadcrumbs - STARTUP breadcrumb: 20 SDK_BIND_KICKED +1172ms
21:25:33 [DefaultDispatcher-worker-9] BlockchainServiceImpl - .onCreate() finished
21:25:33 [DefaultDispatcher-worker-9] BlockchainServiceImpl - acquiring check() mutex
21:25:33 [DefaultDispatcher-worker-9] BlockchainServiceImpl - check()
21:25:33 [DefaultDispatcher-worker-9] BlockchainServiceImpl - cutover committed — holding the dashj L1 engine; SDK owns L1 this launch
21:25:33 [DefaultDispatcher-worker-9] BlockchainServiceImpl - releasing check() mutex
21:25:33 [DefaultDispatcher-worker-14] BlockchainServiceImpl - onCreate completed, processing onStartCommand
21:25:33 [DefaultDispatcher-worker-14] BLSJniLibrary - Initializing BLS JNI Library
21:25:33 [DefaultDispatcher-worker-14] BlockchainServiceImpl - service start command: Intent { cmp=hashengineering.darkcoin.wallet_test/de.schildbach.wallet.service.BlockchainServiceImpl }
21:25:33 [DefaultDispatcher-worker-14] BlockchainServiceImpl - .onStartCommand(Intent { cmp=hashengineering.darkcoin.wallet_test/de.schildbach.wallet.service.BlockchainServiceImpl }) finished
21:25:33 [DefaultDispatcher-worker-1] BlockchainServiceImpl - acquiring check() mutex
21:25:33 [DefaultDispatcher-worker-1] BlockchainServiceImpl - check()
21:25:33 [DefaultDispatcher-worker-1] BlockchainServiceImpl - cutover committed — holding the dashj L1 engine; SDK owns L1 this launch
21:25:33 [DefaultDispatcher-worker-1] BlockchainServiceImpl - releasing check() mutex
21:25:33 [DefaultDispatcher-worker-13] BlockchainServiceImpl - onCreate completed, processing onStartCommand
21:25:33 [DefaultDispatcher-worker-13] BLSJniLibrary - Initializing BLS JNI Library
21:25:33 [DefaultDispatcher-worker-13] BlockchainServiceImpl - service start command: Intent { act=de.schildbach.wallet.service.cancel_coins_received cmp=hashengineering.darkcoin.wallet_test/de.schildbach.wallet.service.BlockchainServiceImpl }
21:25:33 [DefaultDispatcher-worker-13] BlockchainServiceImpl - .onStartCommand(Intent { act=de.schildbach.wallet.service.cancel_coins_received cmp=hashengineering.darkcoin.wallet_test/de.schildbach.wallet.service.BlockchainServiceImpl }) finished
21:25:33 [DefaultDispatcher-worker-16] SdkWalletBinder - SDK wallet bound; identity not yet registered — discovery deferred
21:25:33 [DefaultDispatcher-worker-16] StartupBreadcrumbs - STARTUP breadcrumb: 21 SDK_L1_ENGINE_STARTING +1219ms
21:25:33 [DefaultDispatcher-worker-3] BlockchainServiceImpl - acquiring check() mutex
21:25:33 [DefaultDispatcher-worker-3] BlockchainServiceImpl - check()
21:25:33 [DefaultDispatcher-worker-3] BlockchainServiceImpl - cutover committed — holding the dashj L1 engine; SDK owns L1 this launch
21:25:33 [DefaultDispatcher-worker-3] BlockchainServiceImpl - releasing check() mutex
21:25:33 [DefaultDispatcher-worker-2] ExchangeRatesRepository - exchange rates updated successfully with de.schildbach.wallet.rates.DashRetailClient@dfe793
21:25:33 [DefaultDispatcher-worker-14] ExploreSyncWorker - PiggyCards test merchant added successfully
21:25:33 [DefaultDispatcher-worker-2] ExchangeRatesRepository - updateTrigger
21:25:33 [DefaultDispatcher-worker-7] DapiClient - searching for quorum: 6, 0000006fd9701e4371a90adcab770e68899ac259af03b51f1fdd66c1d60bad2c, 1556977
21:25:33 [DefaultDispatcher-worker-6] DapiClient - searching for quorum: 6, 0000006fd9701e4371a90adcab770e68899ac259af03b51f1fdd66c1d60bad2c, 1556977
21:25:33 [DefaultDispatcher-worker-12] DapiClient - searching for quorum: 6, 0000006fd9701e4371a90adcab770e68899ac259af03b51f1fdd66c1d60bad2c, 1556977
21:25:34 [DefaultDispatcher-worker-7] SdkQuorumDataSource - SDK quorum keys refreshed: 24 fetched, 24 cached
21:25:34 [DefaultDispatcher-worker-7] DapiClient - searching for quorum: result: a045837dcfcacb8cb1e3a34cf6689caaf5061e8d5823d27d458cd4458eac0c6268e513799d9f48439428c2de4e3a1d30
21:25:34 [DefaultDispatcher-worker-6] DapiClient - searching for quorum: result: a045837dcfcacb8cb1e3a34cf6689caaf5061e8d5823d27d458cd4458eac0c6268e513799d9f48439428c2de4e3a1d30
21:25:34 [DefaultDispatcher-worker-12] DapiClient - searching for quorum: result: a045837dcfcacb8cb1e3a34cf6689caaf5061e8d5823d27d458cd4458eac0c6268e513799d9f48439428c2de4e3a1d30
21:25:35 [DefaultDispatcher-worker-6] Platform - platform check: 2.293 s
21:25:35 [DefaultDispatcher-worker-7] Platform - platform check: 2.308 s
21:25:35 [DefaultDispatcher-worker-12] Platform - platform check: 2.311 s
21:25:35 [DefaultDispatcher-worker-6] PlatformServiceImplementation - platform available 3 of 3: true
21:25:35 [main] MainViewModel - platform available: true; no identity creation is progress: true
21:25:35 [DefaultDispatcher-worker-16] L1ShadowSyncService - DashPay bring-up before SPV: status=NO_IDENTITY discovery=1 dashPaySyncRan=false drained=0 pending=0 elapsedMs=2346
21:25:35 [DefaultDispatcher-worker-16] L1ShadowSyncService - L1Shadow phase=CONNECTING 100.0% headers 1556977/1556977 filters 1556977/1556977 wallet 1556977
21:25:35 [main] HistoryHeaderAdapter - set invite, synced = true
21:25:35 [DefaultDispatcher-worker-12] L1ShadowSyncService - L1 shadow SPV started for SDK wallet b644d4f6… (dataDir=/data/user/0/hashengineering.darkcoin.wallet_test/files/l1_shadow_spv/testnet, default peer discovery); debug-only instrumentation — two SPV engines are now running
21:25:35 [DefaultDispatcher-worker-14] L1ShadowSyncService - L1Parity probing suspended: the cutover is committed and the dashj engine is held, so its balance is frozen at the cutover snapshot — any comparison against it is a guaranteed MISMATCH that measures nothing. Turn on the Tools 'dashj sync (diagnostic)' toggle to un-hold dashj and resume probing.
21:25:35 [DefaultDispatcher-worker-6] L1ShadowSyncService - L1Parity cadence relaxing 10000ms -> 60000ms (cutover already committed)
21:25:35 [DefaultDispatcher-worker-12] StartupBreadcrumbs - STARTUP breadcrumb: 22 SDK_L1_ENGINE_STARTED +3629ms
21:25:35 [DefaultDispatcher-worker-12] StartupBreadcrumbs - STARTUP breadcrumb: 23 CUTOVER_SERVICES_STARTED +3629ms
21:25:35 [DefaultDispatcher-worker-1] L1ShadowSyncService - WalletHistoryFacts: displayDbEmpty count=0 dashjEarliestKeyTime=2026-09-19T21:22:45Z (real line follows at first sync settle)
21:25:35 [DefaultDispatcher-worker-7] L1ShadowSyncService - WalletBalanceFacts: total=0 accounts={bip44:0, bip32:0, coinjoin:0, identityRegistration:0, identityTopUpUnbound:0, identityInvitation:0, assetLockTopUp:0, assetLockShieldedTopUp:0, providerVoting:0, providerOwner:0, providerOperator:0, providerPlatform:0} confirmed=0 unconfirmed=0 txCount=0
21:25:36 [DefaultDispatcher-worker-7] MainViewModel - blockchain state update: mnlist=1556977; chain=1556977; wallet=-1
21:25:36 [main] BlockchainServiceImpl - cutover committed and SDK L1 scan synced — triggering identity/contacts discovery
21:25:36 [DefaultDispatcher-worker-4] BlockchainIdentityData - creation: BlockchainIdentityData(NONE, null, null, null, null, null)
21:25:36 [DefaultDispatcher-worker-4] PlatformSynchronizationService - discoverAndRecoverIdentity: checking for existing associated identity
21:25:36 [DefaultDispatcher-worker-4] SecurityGuard - loading security guard [healthy=true] with keys: [keystore_healthy, fallback_pin_wallet_password_key, primary_ui_pin_key, modern_encryption_migration_complete, fallback_mnemonic_wallet_password_key, primary_wallet_password_key, fallback_mnemonic_ui_pin_key]
21:25:36 [DefaultDispatcher-worker-4] ModernEncryptionProvider - Decrypted data for alias: wallet_password_key
21:25:36 [DefaultDispatcher-worker-4] KeyCrypterScrypt - Deriving key took 112.3 ms for N=65536, r=8, p=1.
21:25:36 [DefaultDispatcher-worker-4] DapiClient - getIdentityByFirstPublicKey(d27c59cf8ca720dd58bd6ee81ed08572aa770aa8)
21:25:37 [DefaultDispatcher-worker-6] TxDisplayCacheService - Sync complete (cutoverCommitted=true): SDK=0 records | dashj wallet=0 txs | group cache=0 txs/0 groups | display=0 rows — cache is complete (SDK holds 0 records, display has 0 rows)
21:25:37 [DefaultDispatcher-worker-4] PlatformSynchronizationService - discoverAndRecoverIdentity: no existing identity found
21:25:37 [DefaultDispatcher-worker-4] PlatformSynchronizationService - identity-discovery guard released (no identity found) — a later discovery may run again
21:25:37 [DefaultDispatcher-worker-4] BlockchainServiceImpl - post-cutover identity discovery found nothing and the wallet has no identity — re-arming; next attempt no sooner than 120000 ms from now
21:25:37 [DefaultDispatcher-worker-9] PlatformSynchronizationService - TxMetadata publish: not publishing — saveToNetwork is OFF (per-device setting; the default for a new or restored install, and it does NOT travel with the wallet)
21:25:37 [DefaultDispatcher-worker-4] PlatformSynchronizationService - TxMetadata settings: saveToNetwork=false frequency=afterTenTransactions saveAfter=9223372036854775807 paymentCategory=false taxCategory=false exchangeRates=false memos=false giftCards=false storedDocuments=0
21:25:41 [DefaultDispatcher-worker-16] BlockchainServiceImpl - network capabilities changed: 101, hasInternet: true, validated: true
21:25:41 [DefaultDispatcher-worker-16] BlockchainServiceImpl - acquiring check() mutex
21:25:41 [DefaultDispatcher-worker-16] BlockchainServiceImpl - check()
21:25:41 [DefaultDispatcher-worker-16] BlockchainServiceImpl - cutover committed — holding the dashj L1 engine; SDK owns L1 this launch
21:25:41 [DefaultDispatcher-worker-16] BlockchainServiceImpl - releasing check() mutex
21:25:42 [DefaultDispatcher-worker-16] L1ShadowSyncService - L1Shadow phase=SYNCED 100.0% headers 1556977/1556977 filters 1556977/1556977 wallet 1556977
21:25:47 [DefaultDispatcher-worker-1] BlockchainServiceImpl - network capabilities changed: 101, hasInternet: true, validated: true
21:25:47 [DefaultDispatcher-worker-1] BlockchainServiceImpl - acquiring check() mutex
21:25:47 [DefaultDispatcher-worker-1] BlockchainServiceImpl - check()
21:25:47 [DefaultDispatcher-worker-1] BlockchainServiceImpl - cutover committed — holding the dashj L1 engine; SDK owns L1 this launch
21:25:47 [DefaultDispatcher-worker-1] BlockchainServiceImpl - releasing check() mutex
21:25:50 [DefaultDispatcher-worker-13] L1ShadowSyncService - L1 engine chainlock height 0 -> 1556978
21:25:50 [DefaultDispatcher-worker-1] MainViewModel - blockchain state update: mnlist=1556977; chain=1556977; wallet=-1
21:25:50 [DefaultDispatcher-worker-7] MainViewModel - blockchain state update: mnlist=1556978; chain=1556978; wallet=-1
21:25:51 [DefaultDispatcher-worker-16] BlockchainServiceImpl - network capabilities changed: 101, hasInternet: true, validated: true
21:25:51 [DefaultDispatcher-worker-16] BlockchainServiceImpl - acquiring check() mutex
21:25:51 [DefaultDispatcher-worker-16] BlockchainServiceImpl - check()
21:25:51 [DefaultDispatcher-worker-16] BlockchainServiceImpl - cutover committed — holding the dashj L1 engine; SDK owns L1 this launch
21:25:51 [DefaultDispatcher-worker-16] BlockchainServiceImpl - releasing check() mutex
21:25:54 [DefaultDispatcher-worker-14] BlockchainServiceImpl - network capabilities changed: 101, hasInternet: true, validated: true
21:25:54 [DefaultDispatcher-worker-14] BlockchainServiceImpl - acquiring check() mutex
21:25:54 [DefaultDispatcher-worker-14] BlockchainServiceImpl - check()
21:25:54 [DefaultDispatcher-worker-14] BlockchainServiceImpl - cutover committed — holding the dashj L1 engine; SDK owns L1 this launch
21:25:54 [DefaultDispatcher-worker-14] BlockchainServiceImpl - releasing check() mutex
21:26:00 [main] BlockchainServiceImpl - MEM pss=268MB nativeHeap=136/150MB jvm=14/576MB
21:26:02 [native-log-bridge] DashSdkNative - --------- beginning of main
21:26:02 [native-log-bridge] DashSdkNative - 09-19 16:25:50.578  6289  6395 I DashSDK : platform_wallet::changeset::core_bridge: wallet-event batch: folded=1 wallets=1 synced_height_persisted=Some(1556978) synced_height_frozen=None synced_height_rejected=None faulted=0
21:26:02 [native-log-bridge] DashSdkNative - 09-19 16:25:50.663  6289  6395 I DashSDK : platform_wallet::changeset::core_bridge: wallet-event batch: folded=1 wallets=1 synced_height_persisted=None synced_height_frozen=None synced_height_rejected=None faulted=0
21:26:02 [main] StartupBreadcrumbs - STARTUP breadcrumb: 13 LAUNCH_SURVIVED +30829ms
21:26:11 [main] SecurityGuard - loading security guard [healthy=true] with keys: [keystore_healthy, fallback_pin_wallet_password_key, primary_ui_pin_key, modern_encryption_migration_complete, fallback_mnemonic_wallet_password_key, primary_wallet_password_key, fallback_mnemonic_ui_pin_key]
21:26:11 [main] ModernEncryptionProvider - Decrypted data for alias: ui_pin_key
21:26:11 [main] BiometricHelper - No biometric credentials
21:26:12 [DefaultDispatcher-worker-10] BlockchainServiceImpl - network capabilities changed: 101, hasInternet: true, validated: true
21:26:12 [DefaultDispatcher-worker-10] BlockchainServiceImpl - acquiring check() mutex
21:26:12 [DefaultDispatcher-worker-10] BlockchainServiceImpl - check()
21:26:12 [DefaultDispatcher-worker-10] BlockchainServiceImpl - cutover committed — holding the dashj L1 engine; SDK owns L1 this launch
21:26:12 [DefaultDispatcher-worker-10] BlockchainServiceImpl - releasing check() mutex
21:26:15 [DefaultDispatcher-worker-1] BlockchainServiceImpl - network capabilities changed: 101, hasInternet: true, validated: true
21:26:15 [DefaultDispatcher-worker-1] BlockchainServiceImpl - acquiring check() mutex
21:26:15 [DefaultDispatcher-worker-1] BlockchainServiceImpl - check()
21:26:15 [DefaultDispatcher-worker-1] BlockchainServiceImpl - cutover committed — holding the dashj L1 engine; SDK owns L1 this launch
21:26:15 [DefaultDispatcher-worker-1] BlockchainServiceImpl - releasing check() mutex
21:26:21 [DefaultDispatcher-worker-11] BlockchainServiceImpl - network capabilities changed: 101, hasInternet: true, validated: true
21:26:21 [DefaultDispatcher-worker-11] BlockchainServiceImpl - acquiring check() mutex
21:26:21 [DefaultDispatcher-worker-11] BlockchainServiceImpl - check()
21:26:21 [DefaultDispatcher-worker-11] BlockchainServiceImpl - cutover committed — holding the dashj L1 engine; SDK owns L1 this launch
21:26:21 [DefaultDispatcher-worker-11] BlockchainServiceImpl - releasing check() mutex
21:26:24 [DefaultDispatcher-worker-4] BlockchainServiceImpl - network capabilities changed: 101, hasInternet: true, validated: true
21:26:24 [DefaultDispatcher-worker-4] BlockchainServiceImpl - acquiring check() mutex
21:26:24 [DefaultDispatcher-worker-4] BlockchainServiceImpl - check()
21:26:24 [DefaultDispatcher-worker-4] BlockchainServiceImpl - cutover committed — holding the dashj L1 engine; SDK owns L1 this launch
21:26:24 [DefaultDispatcher-worker-4] BlockchainServiceImpl - releasing check() mutex
21:26:31 [DefaultDispatcher-worker-8] L1ShadowSyncService - L1Shadow phase=FILTERS 100.0% headers 1556979/1556979 filters 1556978/1556979 wallet 1556978
21:26:31 [DefaultDispatcher-worker-7] MainViewModel - blockchain state update: mnlist=1556979; chain=1556979; wallet=-1
21:26:31 [DefaultDispatcher-worker-11] L1ShadowSyncService - L1 engine chainlock height 1556978 -> 1556979
21:26:31 [DefaultDispatcher-worker-8] MainViewModel - blockchain state update: mnlist=1556979; chain=1556979; wallet=-1
21:26:32 [native-log-bridge] DashSdkNative - 09-19 16:26:31.402  6289  6392 I DashSDK : platform_wallet::changeset::core_bridge: wallet-event batch: folded=1 wallets=1 synced_height_persisted=Some(1556979) synced_height_frozen=None synced_height_rejected=None faulted=0
21:26:32 [native-log-bridge] DashSdkNative - 09-19 16:26:31.446  6289  6394 I DashSDK : platform_wallet::changeset::core_bridge: wallet-event batch: folded=1 wallets=1 synced_height_persisted=None synced_height_frozen=None synced_height_rejected=None faulted=0
21:26:32 [DefaultDispatcher-worker-1] L1ShadowSyncService - L1Shadow phase=SYNCED 100.0% headers 1556979/1556979 filters 1556979/1556979 wallet 1556979
21:26:32 [DefaultDispatcher-worker-8] MainViewModel - blockchain state update: mnlist=1556979; chain=1556979; wallet=-1
21:26:36 [DefaultDispatcher-worker-10] BlockchainServiceImpl - network capabilities changed: 101, hasInternet: true, validated: true
21:26:36 [DefaultDispatcher-worker-10] BlockchainServiceImpl - acquiring check() mutex
21:26:36 [DefaultDispatcher-worker-10] BlockchainServiceImpl - check()
21:26:36 [DefaultDispatcher-worker-10] BlockchainServiceImpl - cutover committed — holding the dashj L1 engine; SDK owns L1 this launch
21:26:36 [DefaultDispatcher-worker-10] BlockchainServiceImpl - releasing check() mutex
21:26:37 [main] BlockchainIdentityData - creation: BlockchainIdentityData(NONE, null, null, null, null, null)
21:26:37 [main] BlockchainIdentityData - creation: BlockchainIdentityData(NONE, null, null, null, null, null)
21:26:37 [main] BlockchainIdentityData - creation: BlockchainIdentityData(NONE, null, null, null, null, null)
21:26:39 [DefaultDispatcher-worker-4] BlockchainServiceImpl - network capabilities changed: 101, hasInternet: true, validated: true
21:26:39 [DefaultDispatcher-worker-4] BlockchainServiceImpl - acquiring check() mutex
21:26:39 [DefaultDispatcher-worker-4] BlockchainServiceImpl - check()
21:26:39 [DefaultDispatcher-worker-4] BlockchainServiceImpl - cutover committed — holding the dashj L1 engine; SDK owns L1 this launch
21:26:39 [DefaultDispatcher-worker-4] BlockchainServiceImpl - releasing check() mutex
21:26:44 [main] BiometricHelper - No biometric credentials
21:26:44 [main] BiometricHelper - No biometric credentials
21:26:44 [main] BiometricHelper - No biometric credentials
21:26:44 [main] BlockchainIdentityData - creation: BlockchainIdentityData(NONE, null, null, null, null, null)
21:26:44 [DefaultDispatcher-worker-4] Constants - --> GET https://rates.ctx.com/rates?source=ctx
21:26:44 [DefaultDispatcher-worker-4] Constants - <-- 200 https://rates.ctx.com/rates?source=ctx (85ms, unknown-length body)
21:26:44 [DefaultDispatcher-worker-4] ExchangeRatesRepository - exchange rates updated successfully with de.schildbach.wallet.rates.DashRetailClient@dfe793
21:26:44 [DefaultDispatcher-worker-4] ExchangeRatesRepository - updateTrigger
21:26:57 [main] WalletApplication - Removing all the data and restarting the app.
21:26:57 [main] AppRestartService - perform restart on application context: true
21:26:57 [main] WalletActivityTracker - activity lifecycle: current: MainActivity, activities: 1 visible: 1 foreground: 0
21:26:57 [main] BlockchainServiceImpl - .onStartCommand(Intent { act=de.schildbach.wallet.service.wipe_wallet cmp=hashengineering.darkcoin.wallet_test/de.schildbach.wallet.service.BlockchainServiceImpl })
21:26:57 [DefaultDispatcher-worker-3] BlockchainServiceImpl - onStartCommand waiting for onCreate to complete...
21:26:57 [DefaultDispatcher-worker-3] BlockchainServiceImpl - onCreate completed, processing onStartCommand
21:26:57 [DefaultDispatcher-worker-3] BLSJniLibrary - Initializing BLS JNI Library
21:26:57 [DefaultDispatcher-worker-3] BlockchainServiceImpl - service start command: Intent { act=de.schildbach.wallet.service.wipe_wallet cmp=hashengineering.darkcoin.wallet_test/de.schildbach.wallet.service.BlockchainServiceImpl }
21:26:57 [DefaultDispatcher-worker-3] BlockchainServiceImpl - will remove blockchain and delete walletFile on service shutdown
21:26:57 [DefaultDispatcher-worker-3] BlockchainServiceImpl - .onStartCommand(Intent { act=de.schildbach.wallet.service.wipe_wallet cmp=hashengineering.darkcoin.wallet_test/de.schildbach.wallet.service.BlockchainServiceImpl }) finished
21:26:57 [main] WalletActivityTracker - activity lifecycle: activity OnboardingActivity created
21:26:57 [main] WalletActivityTracker - activity lifecycle: current: OnboardingActivity, activities: 2 visible: 1 foreground: 0
21:26:57 [main] OnboardingActivity - reset in progress — holding onboarding until the wipe finishes
21:26:57 [main] WalletActivityTracker - activity lifecycle: current: OnboardingActivity, activities: 2 visible: 2 foreground: 0
21:26:57 [main] WalletActivityTracker - activity lifecycle: current: OnboardingActivity, activities: 2 visible: 2 foreground: 1
21:26:57 [main] BlockchainServiceImpl - .onDestroy()
21:26:57 [main] BlockchainServiceImpl - receivers unregistered, Now starting coroutine to finish the rest of the cleanup
21:26:57 [main] BlockchainServiceImpl - service was up for 1 minutes
21:26:57 [DefaultDispatcher-worker-3] BlockchainServiceImpl - The onCreateCompleted is active: false
21:26:57 [DefaultDispatcher-worker-3] BlockchainServiceImpl - The check() mutex is locked: false
21:26:57 [DefaultDispatcher-worker-3] BlockchainServiceImpl - Created new cleanupDeferred for coordination (previous was null)
21:26:57 [DefaultDispatcher-worker-3] BlockchainServiceImpl - detaching from wallet
21:26:57 [DefaultDispatcher-worker-3] WalletApplication - last used 1 minutes ago, rescheduling blockchain sync in roughly 15 minutes
21:26:57 [DefaultDispatcher-worker-3] WalletApplication - ALARM-DIAG armed reason=periodic-15min firstFireInMinutes=15 repeat=15min exact=false batteryOptimisationExempt=false - if no matching 'started by alarm' line follows, the background FGS start was refused
21:26:57 [DefaultDispatcher-worker-3] BlockchainServiceImpl - stop monitoring 0 old transactions
21:26:57 [DefaultDispatcher-worker-11] L1ShadowSyncService - L1Shadow progress monitor cancelled (StandaloneCoroutine was cancelled)
21:26:57 [DefaultDispatcher-worker-11] L1ShadowSyncService - L1Shadow parity probe loop cancelled (StandaloneCoroutine was cancelled)
21:26:57 [DefaultDispatcher-worker-11] L1ShadowSyncService - L1Shadow probe watchdog cancelled (StandaloneCoroutine was cancelled)
21:26:57 [DefaultDispatcher-worker-11] L1ShadowSyncService - L1Shadow wallet-event tap cancelled (StandaloneCoroutine was cancelled)
21:26:57 [DefaultDispatcher-worker-3] L1ShadowSyncService - L1ShadowLifecycle watermark at stop: durable syncedHeight 1556979 covers the committed cursor 1556979 (filter 1556979)
21:26:57 [DefaultDispatcher-worker-3] L1ShadowSyncService - L1ShadowLifecycle STOPPED after 1m22s up; all four loops torn down (progress monitor, parity probe, watchdog, wallet-event tap); teardown #1 this process. Nothing runs until the next startIfEnabled().
21:26:57 [DefaultDispatcher-worker-3] BlockchainServiceImpl - CLEANUP STEP 5: About to stop peerConnectivityListener
21:26:57 [DefaultDispatcher-worker-3] BlockchainServiceImpl - CLEANUP STEP 5: peerConnectivityListener stopped
21:26:57 [DefaultDispatcher-worker-3] BlockchainServiceImpl - CLEANUP STEP 6: delayHandler callbacks cleared
21:26:57 [DefaultDispatcher-worker-3] BlockchainServiceImpl - closing blockchain stores
21:26:57 [DefaultDispatcher-worker-3] BlockchainServiceImpl - removing blockchain
21:26:57 [DefaultDispatcher-worker-3] AbstractQuorumState - resetting masternode list; force: true, requestFreshList: false
21:26:57 [DefaultDispatcher-worker-3] AbstractQuorumState - resetting masternode list; force: true, requestFreshList: false
21:26:57 [DefaultDispatcher-worker-3] BlockchainServiceImpl - removing wallet file and app data
21:27:03 [main] StartupBreadcrumbs - STARTUP breadcrumb: 1 LOGGING_INITIALIZED +10ms
21:27:03 [main] StartupBreadcrumbs - STARTUP breadcrumb: 2 FIREBASE_INITIALIZED +10ms
21:27:03 [main] WalletApplication - STARTUP WalletApplication.onCreate()
21:27:03 [main] StartupBreadcrumbs - STARTUP breadcrumb: 3 CONFIG_LOADED +11ms
21:27:03 [main] WalletApplicationExt - a previous Reset Wallet did not finish — completing it now; this launch does not load a wallet
21:27:03 [main] StartupBreadcrumbs - STARTUP breadcrumb: 11 ONCREATE_COMPLETE +18ms
21:27:03 [main] BootstrapReceiver - got broadcast: Intent { act=android.intent.action.BOOT_COMPLETED flg=0x9000030 pkg=hashengineering.darkcoin.wallet_test cmp=hashengineering.darkcoin.wallet_test/de.schildbach.wallet.service.BootstrapReceiver (has extras) }
21:27:03 [bootstrap] BLSJniLibrary - Initializing BLS JNI Library
21:27:03 [bootstrap] BLSJniLibrary - Initializing BLS JNI Library
21:27:03 [bootstrap] BootstrapReceiver - wallet does not exist, not showing inactivity warning
21:27:03 [process-exit-reasons] ProcessExitReasons - STARTUP exit history: #0 reason=USER_REQUESTED(10) at=2026-09-19T16:26:57 (5s ago) importance=FOREGROUND(100) pss=0KB/0.0MB rss=0KB/0.0MB process=hashengineering.darkcoin.wallet_test pid=6289 status=0 definingUid=10209 description="[FORCE STOP] stop hashengineering.darkcoin.wallet_test due to from pid 6739"
21:27:03 [process-exit-reasons] ProcessExitReasons - STARTUP exit history: #1 reason=USER_REQUESTED(10) at=2026-09-19T16:25:29 (1m ago) importance=FOREGROUND(100) pss=0KB/0.0MB rss=0KB/0.0MB process=hashengineering.darkcoin.wallet_test pid=5630 status=0 definingUid=10209 description="[FORCE STOP] stop hashengineering.darkcoin.wallet_test due to from pid 6274"
21:27:03 [process-exit-reasons] ProcessExitReasons - STARTUP exit history: #2 reason=USER_REQUESTED(10) at=2026-09-19T16:22:12 (4m ago) importance=FOREGROUND(100) pss=0KB/0.0MB rss=0KB/0.0MB process=hashengineering.darkcoin.wallet_test pid=4755 status=0 definingUid=10209 description="[FORCE STOP] stop hashengineering.darkcoin.wallet_test due to from pid 5619"
21:27:03 [process-exit-reasons] ProcessExitReasons - STARTUP exit history: #3 reason=USER_REQUESTED(10) at=2026-09-19T16:16:45 (10m ago) importance=FOREGROUND(100) pss=0KB/0.0MB rss=0KB/0.0MB process=hashengineering.darkcoin.wallet_test pid=3415 status=0 definingUid=10209 description="[FORCE STOP] stop hashengineering.darkcoin.wallet_test due to from pid 4699"
21:27:03 [process-exit-reasons] ProcessExitReasons - PROCESS EXIT REASON: USER_REQUESTED(10) — previous process died 5s ago at 2026-09-19T16:26:57, importance=FOREGROUND(100), pss=0KB/0.0MB, rss=0KB/0.0MB, description="[FORCE STOP] stop hashengineering.darkcoin.wallet_test due to from pid 6739"
21:27:03 [main] WalletActivityTracker - activity lifecycle: app started
21:27:03 [main] WalletActivityTracker - activity lifecycle: activity OnboardingActivity created
21:27:03 [main] WalletActivityTracker - activity lifecycle: current: OnboardingActivity, activities: 1 visible: 0 foreground: 0
21:27:03 [main] OnboardingActivity - reset in progress — holding onboarding until the wipe finishes
21:27:03 [main] AppForegroundMonitor - App moved to foreground
21:27:03 [main] WalletActivityTracker - activity lifecycle: current: OnboardingActivity, activities: 1 visible: 1 foreground: 0
21:27:03 [main] WalletActivityTracker - activity lifecycle: current: OnboardingActivity, activities: 1 visible: 1 foreground: 1
21:27:03 [main] WalletApplication - removing wallet from memory during wipe
21:27:03 [DefaultDispatcher-worker-4] WalletApplication - last used 1 minutes ago, rescheduling blockchain sync in roughly 15 minutes
21:27:03 [DefaultDispatcher-worker-4] WalletApplication - ALARM-DIAG armed reason=periodic-15min firstFireInMinutes=15 repeat=15min exact=false batteryOptimisationExempt=false - if no matching 'started by alarm' line follows, the background FGS start was refused
21:27:03 [DefaultDispatcher-worker-7] WalletApplication - datastore preferences cleared; api-cleared: [exchange_rates_config.preferences_pb, blockchain_service.preferences_pb, platform-identity.preferences_pb, coinbase.preferences_pb, explore.preferences_pb, wallet_ui.preferences_pb, security_backup.preferences_pb, uphold.preferences_pb, dashpay.preferences_pb, crowdnode.preferences_pb], file-deleted: [org.dashfoundation.wallet.secrets.preferences_pb]
21:27:03 [DefaultDispatcher-worker-7] SecurityGuard - loading security guard [healthy=true] with keys: [keystore_healthy, fallback_pin_wallet_password_key, primary_ui_pin_key, modern_encryption_migration_complete, fallback_mnemonic_wallet_password_key, primary_wallet_password_key, fallback_mnemonic_ui_pin_key]
21:27:03 [DefaultDispatcher-worker-7] SecurityGuard - removing security keys
21:27:03 [DefaultDispatcher-worker-7] ModernEncryptionProvider - deleting ui_pin_key
21:27:03 [DefaultDispatcher-worker-7] ModernEncryptionProvider - deleting wallet_password_key
21:27:03 [DefaultDispatcher-worker-7] SecurityGuard - Cleared DataStore backups
21:27:03 [DefaultDispatcher-worker-7] PlatformSynchronizationService - stopping the platform sync machinery for a wallet reset/rescan
21:27:03 [DefaultDispatcher-worker-7] PlatformSynchronizationService - platform sync machinery stopped
21:27:03 [DefaultDispatcher-worker-5] DashSdkServiceImpl - bootstrapping Dash Platform SDK for network=testnet (flavor=_testNet3)
21:27:03 [main] SecurityGuard - Notifying 0 health listeners of status change: HEALTHY
21:27:03 [main] SecurityGuard - Notifying 0 health listeners of status change: HEALTHY
21:27:03 [main] SecurityGuard - Notifying 0 health listeners of status change: HEALTHY
21:27:03 [main] SecurityGuard - Notifying 0 health listeners of status change: HEALTHY
21:27:03 [main] SecurityGuard - Notifying 0 health listeners of status change: HEALTHY
21:27:04 [DefaultDispatcher-worker-5] DashSdkServiceImpl - SDK tracing file logging (INFO) at /data/user/0/hashengineering.darkcoin.wallet_test/files/sdk-logs/platform_wallet/run.log: NOT installed (subscriber already set or dir unwritable)
21:27:04 [DefaultDispatcher-worker-5] DashSdkServiceImpl - Dash Platform SDK started: version=4.2.0-beta.2, restored 1 wallet(s)
21:27:04 [DefaultDispatcher-worker-5] L1ShadowSyncService - wallet-wipe SDK cleanup for wallet b644d4f6: stopping shadow + shielded sync, removing the SDK wallet (full cascade), deleting the SPV dataDir, clearing the binder latch — NO rebind (the next wallet setup binds fresh). SDK-side state only; dashj is untouched
21:27:04 [DefaultDispatcher-worker-5] DashSdkServiceImpl - removing SDK wallet b644d4f6… — full persistence cascade (Room wallet/identity/TXO/address/shielded rows, Keystore-backed identity keys and mnemonic, native wallet handle); dashj state is untouched and the next bind re-creates the same deterministic wallet id from the app seed
21:27:04 [DefaultDispatcher-worker-5] DashSdkServiceImpl - SDK wallet b644d4f6… removed
21:27:04 [DefaultDispatcher-worker-5] L1ShadowSyncService - L1 shadow hard reset: deleted SPV dataDir /data/user/0/hashengineering.darkcoin.wallet_test/files/l1_shadow_spv/testnet (21 files) — header store and scan watermark gone; the restart re-scans from the wallet's birth height
21:27:04 [DefaultDispatcher-worker-5] SdkWalletBinder - binder state reset for SDK wallet re-creation: bound wallet id and success latch cleared — the next binding trigger runs a full bind + discovery pass
21:27:04 [DefaultDispatcher-worker-5] L1ShadowSyncService - wallet-wipe SDK cleanup complete for wallet b644d4f6: the next wallet binds fresh
21:27:04 [DefaultDispatcher-worker-4] IdentityRepository - clearing databases (includeInvitations = true)
21:27:04 [DefaultDispatcher-worker-4] BlockchainIdentityConfig - clearing data
21:27:04 [DefaultDispatcher-worker-8] DashPayConfig - debug SDK flag seeding: seeded ON = [use_kotlin_sdk_dpns_reads, use_kotlin_sdk_dashpay_writes, use_kotlin_sdk_shielded, use_kotlin_sdk_l1_invite, use_kotlin_sdk_l1_shadow], already set (skipped) = []
21:27:04 [DefaultDispatcher-worker-8] WalletApplicationExt - databases cleared (isWalletWipe = true)
21:27:04 [main] OnboardingActivity - reset finished — re-running the onboarding routing
21:27:04 [main] WalletActivityTracker - activity lifecycle: current: OnboardingActivity, activities: 1 visible: 1 foreground: 0
21:27:04 [main] WalletActivityTracker - activity lifecycle: OnboardingActivity stopped for a configuration change — not treating it as background
21:27:04 [main] WalletActivityTracker - activity lifecycle: current: OnboardingActivity, activities: 1 visible: 0 foreground: 0
21:27:04 [main] WalletActivityTracker - activity lifecycle: activity OnboardingActivity destroyed
21:27:04 [main] WalletActivityTracker - activity lifecycle: current: OnboardingActivity, activities: 0 visible: 0 foreground: 0
21:27:04 [main] WalletActivityTracker - activity lifecycle: app closed
21:27:04 [main] WalletActivityTracker - activity lifecycle: app started
21:27:04 [main] WalletActivityTracker - activity lifecycle: activity OnboardingActivity created
21:27:04 [main] WalletActivityTracker - activity lifecycle: current: OnboardingActivity, activities: 1 visible: 0 foreground: 0
21:27:04 [main] WalletActivityTracker - activity lifecycle: current: OnboardingActivity, activities: 1 visible: 1 foreground: 0
21:27:04 [main] WalletActivityTracker - activity lifecycle: current: OnboardingActivity, activities: 1 visible: 1 foreground: 1
