05:23:23 [main] WalletApplication - STARTUP WalletApplication.onCreate()
05:23:23 [main] BootstrapReceiver - got broadcast: Intent { act=android.intent.action.BOOT_COMPLETED flg=0x9000030 pkg=hashengineering.darkcoin.wallet_test cmp=hashengineering.darkcoin.wallet_test/de.schildbach.wallet.service.BootstrapReceiver (has extras) }
05:23:23 [bootstrap] BLSJniLibrary - Initializing BLS JNI Library
05:23:23 [bootstrap] BLSJniLibrary - Initializing BLS JNI Library
05:23:23 [bootstrap] BootstrapReceiver - wallet does not exist, not showing inactivity warning
05:23:23 [main] WalletActivityTracker - activity lifecycle: app started
05:23:23 [main] WalletActivityTracker - activity lifecycle: activity OnboardingActivity created
05:23:23 [main] WalletActivityTracker - activity lifecycle: current: OnboardingActivity, activities: 1 visible: 0 foreground: 0
05:23:24 [main] WalletActivityTracker - activity lifecycle: current: OnboardingActivity, activities: 1 visible: 1 foreground: 0
05:23:24 [main] WalletActivityTracker - activity lifecycle: current: OnboardingActivity, activities: 1 visible: 1 foreground: 1
05:23:24 [DefaultDispatcher-worker-2] ExploreSyncWorker - sync explore db started
05:23:24 [DefaultDispatcher-worker-2] ExploreDataSyncStatus - sync explore data progress: 0.0
05:23:24 [DefaultDispatcher-worker-2] GCExploreDatabase - preloading explore db from assets /data/user/0/hashengineering.darkcoin.wallet_test/cache/explore.db, test database: true
05:23:24 [DefaultDispatcher-worker-2] GCExploreDatabase - preloading explore db from assets /data/user/0/hashengineering.darkcoin.wallet_test/cache/explore.db, test database: false
05:23:24 [DefaultDispatcher-worker-2] GCExploreDatabase - missing preloaded database explore/explore.db
05:23:24 [DefaultDispatcher-worker-2] ExploreSyncWorker - local data timestamp: 0 (Wed Dec 31 18:00:00 CST 1969)
05:23:24 [DefaultDispatcher-worker-4] GCExploreDatabase - error getting remote data timestamp
com.google.firebase.FirebaseException: An internal error has occurred. [ API key not valid. Please pass a valid API key. ]
	at com.google.android.gms.internal.firebase-auth-api.zzaag.zza(com.google.firebase:firebase-auth@@22.0.0:4)
	at com.google.android.gms.internal.firebase-auth-api.zzabf.zza(com.google.firebase:firebase-auth@@22.0.0:26)
	at com.google.android.gms.internal.firebase-auth-api.zzabg.zzl(com.google.firebase:firebase-auth@@22.0.0:1)
	at com.google.android.gms.internal.firebase-auth-api.zzabd.zzh(com.google.firebase:firebase-auth@@22.0.0:25)
	at com.google.android.gms.internal.firebase-auth-api.zzaae.zzh(com.google.firebase:firebase-auth@@22.0.0:1)
	at com.google.android.gms.internal.firebase-auth-api.zzyb.zza(com.google.firebase:firebase-auth@@22.0.0:2)
	at com.google.android.gms.internal.firebase-auth-api.zzabo.zzc(com.google.firebase:firebase-auth@@22.0.0:10)
	at com.google.android.gms.internal.firebase-auth-api.zzabo.zzb(com.google.firebase:firebase-auth@@22.0.0:14)
	at com.google.android.gms.internal.firebase-auth-api.zzaat.zzn(com.google.firebase:firebase-auth@@22.0.0:4)
	at com.google.android.gms.internal.firebase-auth-api.zzyh.zzz(com.google.firebase:firebase-auth@@22.0.0:2)
	at com.google.android.gms.internal.firebase-auth-api.zzaaf.zzv(com.google.firebase:firebase-auth@@22.0.0:2)
	at com.google.android.gms.internal.firebase-auth-api.zzzk.zzc(com.google.firebase:firebase-auth@@22.0.0:1)
	at com.google.android.gms.internal.firebase-auth-api.zzabh.run(com.google.firebase:firebase-auth@@22.0.0:1)
	at java.util.concurrent.ThreadPoolExecutor.runWorker(ThreadPoolExecutor.java:1145)
	at java.util.concurrent.ThreadPoolExecutor$Worker.run(ThreadPoolExecutor.java:644)
	at com.google.firebase.concurrent.CustomThreadFactory.$r8$lambda$XB8AY3Hcio74byWuTzgVEC3Hiek(CustomThreadFactory.java:47)
	at com.google.firebase.concurrent.CustomThreadFactory$$ExternalSyntheticLambda0.run(R8$$SyntheticClass:0)
	at java.lang.Thread.run(Thread.java:1012)
05:23:24 [DefaultDispatcher-worker-4] ExploreSyncWorker - remote data timestamp: -1 (Wed Dec 31 17:59:59 CST 1969)
05:23:24 [DefaultDispatcher-worker-4] ExploreSyncWorker - unable to delete /data/user/0/hashengineering.darkcoin.wallet_test/cache/explore.db
05:23:24 [DefaultDispatcher-worker-4] ExploreSyncWorker - explore db is up to date, nothing to sync
05:23:24 [DefaultDispatcher-worker-4] ExploreDataSyncStatus - sync explore data progress: 100.0
05:23:24 [DefaultDispatcher-worker-3] ExploreDatabase - Open database explore-database
05:23:24 [DefaultDispatcher-worker-3] ExploreSyncWorker - adding PiggyCards test merchants
05:23:24 [DefaultDispatcher-worker-3] ExploreSyncWorker - PiggyCards test merchant added successfully
05:23:46 [main] WalletActivityTracker - activity lifecycle: current: OnboardingActivity, activities: 1 visible: 1 foreground: 0
05:23:46 [main] WalletActivityTracker - activity lifecycle: activity SelectSecurityLevelActivity created
05:23:46 [main] WalletActivityTracker - activity lifecycle: current: SelectSecurityLevelActivity, activities: 2 visible: 1 foreground: 0
05:23:46 [main] WalletActivityTracker - activity lifecycle: current: SelectSecurityLevelActivity, activities: 2 visible: 2 foreground: 0
05:23:46 [main] WalletActivityTracker - activity lifecycle: current: SelectSecurityLevelActivity, activities: 2 visible: 2 foreground: 1
05:23:47 [main] WalletActivityTracker - activity lifecycle: current: OnboardingActivity, activities: 2 visible: 1 foreground: 1
05:24:06 [main] WalletActivityTracker - activity lifecycle: current: SelectSecurityLevelActivity, activities: 2 visible: 1 foreground: 0
05:24:06 [main] WalletActivityTracker - activity lifecycle: current: OnboardingActivity, activities: 2 visible: 2 foreground: 0
05:24:06 [main] WalletActivityTracker - activity lifecycle: current: OnboardingActivity, activities: 2 visible: 2 foreground: 1
05:24:06 [DefaultDispatcher-worker-4] BLSJniLibrary - Initializing BLS JNI Library
05:24:06 [DefaultDispatcher-worker-4] WalletApplication - === starting app using configuration: _testNet3, org.darkcoin.test
05:24:06 [DefaultDispatcher-worker-4] MnemonicCodeExt - BIP39 wordlist loaded from: 'bip39-wordlists/english.txt', took 1.275 ms
05:24:06 [DefaultDispatcher-worker-4] MnemonicCode - PBKDF2 took 7.864 ms
05:24:06 [DefaultDispatcher-worker-4] OnboardingViewModel - successfully created new wallet
05:24:06 [DefaultDispatcher-worker-3] BLSJniLibrary - Initializing BLS JNI Library
05:24:06 [DefaultDispatcher-worker-3] TxDisplayCacheService - rebuildWrappedList: 0 raw txs → 0 wrappers → 0 sorted | getTransactions=1ms wrapAll=0ms sort=0ms total=1ms
05:24:06 [DefaultDispatcher-worker-3] TxDisplayCacheService - updateDisplayCache: 0 rows in 1ms
05:24:06 [DefaultDispatcher-worker-3] TxDisplayCacheService - STARTUP rebuildWrappedList DONE (_transactionsLoaded=true) at 1789795446982
05:24:06 [DefaultDispatcher-worker-3] WalletObserver - observing transactions start de.schildbach.wallet.transactions.WalletObserver@567951e
05:24:06 [DefaultDispatcher-worker-4] KeyChainGroup - Activating a new HD chain: DeterministicKeyChain{P2PKH, accountPath=[44H, 1H, 0H], lookaheadSize=100, lookaheadThreshold=33}
05:24:06 [DefaultDispatcher-worker-3] BLSJniLibrary - Initializing BLS JNI Library
05:24:06 [dashj user thread] BLSJniLibrary - Initializing BLS JNI Library
05:24:06 [DefaultDispatcher-worker-4] AnyKeyChainGroup - Activating a new HD chain: AuthenticationKeyChain{BLOCKCHAIN_IDENTITY, ECDSA, P2PKH, accountPath=[9H, 1H, 5H, 0H, 0H, 0H], lookaheadSize=0, lookaheadThreshold=0}
05:24:07 [DefaultDispatcher-worker-4] AnyKeyChainGroup - Activating a new HD chain: AuthenticationKeyChain{BLOCKCHAIN_IDENTITY_FUNDING, ECDSA, P2PKH, accountPath=[9H, 1H, 5H, 1H], lookaheadSize=5, lookaheadThreshold=5}
05:24:07 [DefaultDispatcher-worker-4] AnyKeyChainGroup - Activating a new HD chain: AuthenticationKeyChain{MASTERNODE_OWNER, ECDSA, P2PKH, accountPath=[9H, 1H, 3H, 2H], lookaheadSize=5, lookaheadThreshold=5}
05:24:07 [DefaultDispatcher-worker-4] BLSJniLibrary - Initializing BLS JNI Library
05:24:07 [DefaultDispatcher-worker-4] AnyKeyChainGroup - Activating a new HD chain: AuthenticationKeyChain{MASTERNODE_OPERATOR, BLS, P2PKH, accountPath=[9H, 1H, 3H, 3H], lookaheadSize=5, lookaheadThreshold=5}
05:24:07 [DefaultDispatcher-worker-4] AnyKeyChainGroup - Activating a new HD chain: AuthenticationKeyChain{MASTERNODE_VOTING, ECDSA, P2PKH, accountPath=[9H, 1H, 3H, 1H], lookaheadSize=5, lookaheadThreshold=5}
05:24:07 [DefaultDispatcher-worker-4] AnyKeyChainGroup - Activating a new HD chain: AuthenticationKeyChain{BLOCKCHAIN_IDENTITY_TOPUP, ECDSA, P2PKH, accountPath=[9H, 1H, 5H, 2H], lookaheadSize=5, lookaheadThreshold=5}
05:24:07 [DefaultDispatcher-worker-4] AnyKeyChainGroup - Activating a new HD chain: AuthenticationKeyChain{INVITATION_FUNDING, ECDSA, P2PKH, accountPath=[9H, 1H, 5H, 3H], lookaheadSize=5, lookaheadThreshold=5}
05:24:07 [DefaultDispatcher-worker-4] AnyKeyChainGroup - Activating a new HD chain: AuthenticationKeyChain{MASTERNODE_PLATFORM_OPERATOR, EdDSA, P2PKH, accountPath=[9H, 1H, 3H, 4H], lookaheadSize=0, lookaheadThreshold=0}
05:24:07 [DefaultDispatcher-worker-4] AnyKeyChainGroup - Activating a new HD chain: AnyDeterministicKeyChain{ECDSA, P2PKH, accountPath=[9H, 1H, 4H, 0H], lookaheadSize=100, lookaheadThreshold=33}
05:24:07 [main] WalletActivityTracker - activity lifecycle: current: SelectSecurityLevelActivity, activities: 2 visible: 1 foreground: 1
05:24:07 [main] WalletActivityTracker - activity lifecycle: activity SelectSecurityLevelActivity destroyed
05:24:07 [main] WalletActivityTracker - activity lifecycle: current: SelectSecurityLevelActivity, activities: 1 visible: 1 foreground: 1
05:24:07 [main] WalletActivityTracker - activity lifecycle: current: OnboardingActivity, activities: 1 visible: 1 foreground: 0
05:24:07 [main] WalletActivityTracker - activity lifecycle: activity SetPinActivity created
05:24:07 [main] WalletActivityTracker - activity lifecycle: current: SetPinActivity, activities: 2 visible: 1 foreground: 0
05:24:07 [main] SecurityGuard - loading security guard [healthy=true] with keys: [modern_encryption_migration_complete]
05:24:07 [main] SecurityGuard - loading security guard [healthy=true] with keys: [modern_encryption_migration_complete]
05:24:07 [main] WalletActivityTracker - activity lifecycle: current: SetPinActivity, activities: 2 visible: 2 foreground: 0
05:24:07 [main] WalletActivityTracker - activity lifecycle: current: SetPinActivity, activities: 2 visible: 2 foreground: 1
05:24:07 [main] WalletActivityTracker - activity lifecycle: current: OnboardingActivity, activities: 2 visible: 1 foreground: 1
05:24:48 [main] SecurityGuard - removing security keys
05:24:48 [main] ModernEncryptionProvider - deleting ui_pin_key
05:24:48 [main] ModernEncryptionProvider - deleting wallet_password_key
05:24:48 [main] SecurityGuard - Cleared DataStore backups
05:24:48 [main] ModernEncryptionProvider - key store does not have ui_pin_key, but has android.security.keystore2.AndroidKeyStoreSpi$KeyEntriesEnumerator@fe58a40, generating new key. Stack trace:
  at dalvik.system.VMStack.getThreadStackTrace(Native Method)
  at java.lang.Thread.getStackTrace(Thread.java:1841)
  at de.schildbach.wallet.security.ModernEncryptionProvider.getSecretKey(ModernEncryptionProvider.kt:175)
  at de.schildbach.wallet.security.ModernEncryptionProvider.encrypt(ModernEncryptionProvider.kt:79)
  at de.schildbach.wallet.security.DualFallbackEncryptionProvider.encrypt(DualFallbackEncryptionProvider.kt:85)
  at de.schildbach.wallet.security.SecurityGuard.validateKeyIntegrity(SecurityGuard.java:303)
  at de.schildbach.wallet.security.SecurityGuard.savePin(SecurityGuard.java:258)
  at de.schildbach.wallet.livedata.EncryptWalletLiveData.savePin(EncryptWalletLiveData.kt:52)
  at de.schildbach.wallet.ui.SetPinViewModel.savePinAndEncrypt(SetPinViewModel.kt:68)
  at de.schildbach.wallet.ui.SetPinViewModel.savePinAndEncrypt(SetPinViewModel.kt:64)
  at de.schildbach.wallet.ui.SetPinActivity.nextStep$lambda$6(SetPinActivity.kt:262)
  at de.schildbach.wallet.ui.SetPinActivity.$r8$lambda$0zQfCB9OSIdggQYxbkL-pOSKuPg(SetPinActivity.kt:0)
  at de.schildbach.wallet.ui.SetPinActivity$$ExternalSyntheticLambda10.run(R8$$SyntheticClass:0)
  at android.os.Handler.handleCallback(Handler.java:959)
  at android.os.Handler.dispatchMessage(Handler.java:100)
  at android.os.Looper.loopOnce(Looper.java:232)
  at android.os.Looper.loop(Looper.java:317)
  at android.app.ActivityThread.main(ActivityThread.java:8705)
  at java.lang.reflect.Method.invoke(Native Method)
  at com.android.internal.os.RuntimeInit$MethodAndArgsCaller.run(RuntimeInit.java:580)
  at com.android.internal.os.ZygoteInit.main(ZygoteInit.java:886)
05:24:48 [main] SecurityGuard - Notifying 1 health listeners of status change: HEALTHY
05:24:48 [main] SecurityGuard - Notifying 1 health listeners of status change: HEALTHY
05:24:48 [main] ModernEncryptionProvider - Decrypted data for alias: ui_pin_key
05:24:48 [main] SecurityGuard - Notifying 1 health listeners of status change: HEALTHY
05:24:48 [main] ModernEncryptionProvider - Decrypted data for alias: ui_pin_key
05:24:48 [main] MnemonicBasedKeyProvider - Derived key from mnemonic for alias: ui_pin_key
05:24:48 [main] SecurityGuard - Notifying 1 health listeners of status change: HEALTHY
05:24:48 [main] DualFallbackEncryptionProvider - Added mnemonic-fallback for ui_pin_key
05:24:48 [AsyncTask #1] BLSJniLibrary - Initializing BLS JNI Library
05:24:48 [AsyncTask #1] KeyCrypterScrypt - Deriving key took 136.7 ms for N=65536, r=8, p=1.
05:24:48 [AsyncTask #1] ModernEncryptionProvider - key store does not have wallet_password_key, but has android.security.keystore2.AndroidKeyStoreSpi$KeyEntriesEnumerator@5b2acce, generating new key. Stack trace:
  at dalvik.system.VMStack.getThreadStackTrace(Native Method)
  at java.lang.Thread.getStackTrace(Thread.java:1841)
  at de.schildbach.wallet.security.ModernEncryptionProvider.getSecretKey(ModernEncryptionProvider.kt:175)
  at de.schildbach.wallet.security.ModernEncryptionProvider.encrypt(ModernEncryptionProvider.kt:79)
  at de.schildbach.wallet.security.DualFallbackEncryptionProvider.encrypt(DualFallbackEncryptionProvider.kt:85)
  at de.schildbach.wallet.security.SecurityGuard.validateKeyIntegrity(SecurityGuard.java:303)
  at de.schildbach.wallet.security.SecurityGuard.savePassword(SecurityGuard.java:200)
  at de.schildbach.wallet.livedata.EncryptWalletLiveData$EncryptWalletTask.doInBackground(EncryptWalletLiveData.kt:141)
  at de.schildbach.wallet.livedata.EncryptWalletLiveData$EncryptWalletTask.doInBackground(EncryptWalletLiveData.kt:122)
  at android.os.AsyncTask$3.call(AsyncTask.java:394)
  at java.util.concurrent.FutureTask.run(FutureTask.java:264)
  at android.os.AsyncTask$SerialExecutor$1.run(AsyncTask.java:305)
  at java.util.concurrent.ThreadPoolExecutor.runWorker(ThreadPoolExecutor.java:1145)
  at java.util.concurrent.ThreadPoolExecutor$Worker.run(ThreadPoolExecutor.java:644)
  at java.lang.Thread.run(Thread.java:1012)
05:24:48 [main] SecurityGuard - Notifying 1 health listeners of status change: HEALTHY
05:24:48 [AsyncTask #1] ModernEncryptionProvider - Decrypted data for alias: wallet_password_key
05:24:48 [AsyncTask #1] EncryptWalletLiveData - wallet successfully encrypted, using key derived by new spending password (65536 scrypt iterations)
05:24:48 [main] SecurityGuard - Notifying 1 health listeners of status change: HEALTHY
05:24:48 [main] CoinJoinExtension - CoinJoinExtension serialization: 3ms total (keys:0ms[8], cache:0ms[0], salt:0ms, io:2ms, size:1431bytes, buffer:64KB)
05:24:48 [main] WalletProtobufSerializer - walletToProto (serial=8) timing: 34ms total, init=0ms, tx=0ms[0], keys=3ms, scripts=0ms[0], metadata=0ms, ext=29ms, friendRecv=0ms, friendSend=0ms, build=0ms
05:24:48 [main] WalletProtobufSerializer - writeWallet timing: 35ms total (34ms/97% serialization, 1ms/2% I/O) buffer=8KB
05:24:48 [main] WalletApplication - wallet saved to: '/data/user/0/hashengineering.darkcoin.wallet_test/files/wallet-protobuf-testnet', took 42.35 ms
05:24:48 [main] CoinJoinExtension - CoinJoinExtension serialization: 0ms total (keys:0ms[8], cache:0ms[0], salt:0ms, io:0ms, size:1431bytes, buffer:64KB)
05:24:48 [main] WalletProtobufSerializer - walletToProto (serial=8) timing: 6ms total, init=0ms, tx=0ms[0], keys=0ms, scripts=0ms[0], metadata=0ms, ext=5ms, friendRecv=0ms, friendSend=0ms, build=0ms
05:24:48 [main] WalletApplication - wallet backed up to: 'key-backup-protobuf-testnet', took 6.589 ms
05:24:48 [main] SecurityGuard - loading security guard [healthy=true] with keys: [keystore_healthy, modern_encryption_migration_complete, primary_ui_pin_key, primary_wallet_password_key, fallback_mnemonic_ui_pin_key]
05:24:48 [main] SecurityGuard - loading security guard [healthy=true] with keys: [keystore_healthy, modern_encryption_migration_complete, primary_ui_pin_key, primary_wallet_password_key, fallback_mnemonic_ui_pin_key]
05:24:48 [main] ModernEncryptionProvider - Decrypted data for alias: wallet_password_key
05:24:48 [main] KeyCrypterScrypt - Deriving key took 191.6 ms for N=65536, r=8, p=1.
05:24:48 [main] ModernEncryptionProvider - Decrypted data for alias: wallet_password_key
05:24:49 [main] MnemonicBasedKeyProvider - Derived key from mnemonic for alias: wallet_password_key
05:24:49 [main] SecurityGuard - Notifying 1 health listeners of status change: HEALTHY
05:24:49 [main] DualFallbackEncryptionProvider - Added mnemonic-fallback for wallet_password_key
05:24:49 [main] SecurityGuard - Mnemonic-based fallbacks ensured for PIN and wallet password
05:24:49 [main] WalletApplication - Mnemonic-based fallbacks ensured
05:24:49 [main] ModernEncryptionProvider - Decrypted data for alias: ui_pin_key
05:24:49 [main] ModernEncryptionProvider - Decrypted data for alias: wallet_password_key
05:24:49 [main] SecurityGuard - Notifying 1 health listeners of status change: HEALTHY_WITH_FALLBACKS
05:24:49 [main] DualFallbackEncryptionProvider - Added PIN-fallback for wallet_password_key
05:24:49 [main] SecurityGuard - PIN-based fallback ensured for wallet password
05:24:49 [main] WalletApplication - PIN-based fallback added successfully
05:24:49 [main] WalletApplication - STARTUP finalizeInit: securityGuard done in 346ms
05:24:49 [main] WalletApplication - STARTUP finalizeInit: initDash done in 10ms
05:24:49 [main] Configuration - detected app upgrade: 0 -> 11090002
05:24:49 [main] WalletApplication - STARTUP finalizeInit: afterLoadWallet done in 0ms
05:24:49 [main] PlatformSynchronizationService - Starting the platform sync job
05:24:49 [DefaultDispatcher-worker-2] BlockchainIdentityData - creation: BlockchainIdentityData(NONE, null, null, null, null, null)
05:24:49 [main] WalletApplication - STARTUP finalizeInit: initPlatform+channels done in 6ms
05:24:49 [main] WalletApplication - STARTUP finalizeInit: integrations done in 96ms
05:24:49 [main] WalletActivityTracker - activity lifecycle: current: SetPinActivity, activities: 2 visible: 1 foreground: 0
05:24:49 [main] WalletActivityTracker - activity lifecycle: activity OnboardingActivity destroyed
05:24:49 [main] WalletActivityTracker - activity lifecycle: current: SetPinActivity, activities: 1 visible: 1 foreground: 0
05:24:49 [main] WalletActivityTracker - activity lifecycle: activity VerifySeedActivity created
05:24:49 [main] WalletActivityTracker - activity lifecycle: current: VerifySeedActivity, activities: 2 visible: 1 foreground: 0
05:24:49 [main] SecurityGuard - loading security guard [healthy=true] with keys: [keystore_healthy, fallback_pin_wallet_password_key, primary_ui_pin_key, modern_encryption_migration_complete, fallback_mnemonic_wallet_password_key, primary_wallet_password_key, fallback_mnemonic_ui_pin_key]
05:24:49 [main] SecurityGuard - loading security guard [healthy=true] with keys: [keystore_healthy, fallback_pin_wallet_password_key, primary_ui_pin_key, modern_encryption_migration_complete, fallback_mnemonic_wallet_password_key, primary_wallet_password_key, fallback_mnemonic_ui_pin_key]
05:24:49 [main] WalletActivityTracker - activity lifecycle: current: VerifySeedActivity, activities: 2 visible: 2 foreground: 0
05:24:49 [main] WalletActivityTracker - activity lifecycle: current: VerifySeedActivity, activities: 2 visible: 2 foreground: 1
05:24:49 [main] WalletActivityTracker - activity lifecycle: current: SetPinActivity, activities: 2 visible: 1 foreground: 1
05:24:49 [main] WalletActivityTracker - activity lifecycle: activity SetPinActivity destroyed
05:24:49 [main] WalletActivityTracker - activity lifecycle: current: SetPinActivity, activities: 1 visible: 1 foreground: 1
05:26:37 [main] WalletActivityTracker - activity lifecycle: current: VerifySeedActivity, activities: 1 visible: 1 foreground: 0
05:26:37 [main] WalletActivityTracker - activity lifecycle: activity MainActivity created
05:26:37 [main] WalletActivityTracker - activity lifecycle: current: MainActivity, activities: 2 visible: 1 foreground: 0
05:26:37 [main] SecurityGuard - loading security guard [healthy=true] with keys: [keystore_healthy, fallback_pin_wallet_password_key, primary_ui_pin_key, modern_encryption_migration_complete, fallback_mnemonic_wallet_password_key, primary_wallet_password_key, fallback_mnemonic_ui_pin_key]
05:26:37 [main] SecurityGuard - loading security guard [healthy=true] with keys: [keystore_healthy, fallback_pin_wallet_password_key, primary_ui_pin_key, modern_encryption_migration_complete, fallback_mnemonic_wallet_password_key, primary_wallet_password_key, fallback_mnemonic_ui_pin_key]
05:26:37 [main] ModernEncryptionProvider - Decrypted data for alias: wallet_password_key
05:26:37 [main] ModernEncryptionProvider - Decrypted data for alias: ui_pin_key
05:26:37 [DefaultDispatcher-worker-3] CoinJoinMixingService - coinjoin-state: NONE, 0 ms, false, UNKNOWN, synced: false, false
05:26:37 [DefaultDispatcher-worker-3] CoinJoinMixingService - coinjoin-state-mixing: NOT_STARTED -> NOT_STARTED
05:26:37 [DefaultDispatcher-worker-6] BLSJniLibrary - Initializing BLS JNI Library
05:26:37 [DefaultDispatcher-worker-4] CoinJoinExtension - getMixingProgress: 0.0 = 0.0 / 0
05:26:37 [DefaultDispatcher-worker-4] CoinJoinMixingService - timing: getMixingProgress: 124.3 μs
05:26:37 [DefaultDispatcher-worker-6] CoinJoinMixingService - coinjoin: anonymizable balance 0.00 DASH, denominatedBalance: 0.00 DASH
05:26:37 [DefaultDispatcher-worker-6] CoinJoinMixingService - timing: denominatedBalance 465.1 μs
05:26:37 [DefaultDispatcher-worker-6] CoinJoinMixingService - timing: denominatedBalance 5.833 μs
05:26:37 [DefaultDispatcher-worker-6] CoinJoinMixingService - timing: coinJoinBalance 39.96 μs
05:26:37 [DefaultDispatcher-worker-6] CoinJoinMixingService - coinjoin: can mix balance: true = balance: (false && canDenominate: true) || partially-mixed: false
05:26:37 [main] DashPaymentIntentParser - network parameters = org.darkcoin.test
05:26:37 [main] DashPaymentIntentParser - network parameters = org.darkcoin.test
05:26:37 [main] DashPaymentIntentParser - network parameters = org.darkcoin.test
05:26:37 [main] BlockchainIdentityData - creation: BlockchainIdentityData(NONE, null, null, null, null, null)
05:26:37 [main] MainViewModel - STARTUP MainViewModel init at 1789795597392
05:26:37 [main] Configuration - just being used - last used 29829926 minutes ago
05:26:37 [main] WalletActivityTracker - activity lifecycle: current: MainActivity, activities: 2 visible: 2 foreground: 0
05:26:37 [DefaultDispatcher-worker-4] CrowdNodeApiAggregator - restoring CrowdNode status
05:26:37 [DefaultDispatcher-worker-4] BLSJniLibrary - Initializing BLS JNI Library
05:26:37 [main] WalletTransactionsFragment - STARTUP WalletTransactionsFragment.onViewCreated at 1789795597409
05:26:37 [main] BlockchainIdentityData - creation: BlockchainIdentityData(NONE, null, null, null, null, null)
05:26:37 [DefaultDispatcher-worker-7] BLSJniLibrary - Initializing BLS JNI Library
05:26:37 [main] HistoryHeaderAdapter - set invite = null
05:26:37 [main] HistoryHeaderAdapter - set invite, synced = false
05:26:37 [main] SecurityGuard - loading security guard [healthy=true] with keys: [keystore_healthy, fallback_pin_wallet_password_key, primary_ui_pin_key, modern_encryption_migration_complete, fallback_mnemonic_wallet_password_key, primary_wallet_password_key, fallback_mnemonic_ui_pin_key]
05:26:37 [main] SecurityGuard - loading security guard [healthy=true] with keys: [keystore_healthy, fallback_pin_wallet_password_key, primary_ui_pin_key, modern_encryption_migration_complete, fallback_mnemonic_wallet_password_key, primary_wallet_password_key, fallback_mnemonic_ui_pin_key]
05:26:37 [main] LockScreenActivity - show lock screen false = ![keepUnlocked=false] && autologout=true && (keepUnlockedUntilPenEntered=false || shouldLogout=false) || isHealthy=true
05:26:37 [main] MainActivity - updateTrigger => rateStale: RateRetrievalState(lastAttemptFailed=false, staleRates=false, volatile=false)
05:26:37 [main] WalletActivityTracker - activity lifecycle: current: MainActivity, activities: 2 visible: 2 foreground: 1
05:26:37 [main] DeviceInfoProvider - Detecting currency based on device, mobile network or locale:
05:26:37 [main] DeviceInfoProvider - Device Sim Country: us
05:26:37 [main] MainViewModel - Updating currency exchange rate based on country: US
05:26:37 [main] MainViewModel - Using default Country: US
05:26:37 [main] MainViewModel - Using default currency: USD
05:26:37 [DefaultDispatcher-worker-4] BLSJniLibrary - Initializing BLS JNI Library
05:26:37 [DefaultDispatcher-worker-4] CoinJoinMixingService - coinjoin: anonymizable balance 0.00 DASH, denominatedBalance: 0.00 DASH
05:26:37 [DefaultDispatcher-worker-4] CoinJoinMixingService - timing: denominatedBalance 100.9 μs
05:26:37 [DefaultDispatcher-worker-4] CoinJoinMixingService - timing: denominatedBalance 7.375 μs
05:26:37 [DefaultDispatcher-worker-4] CoinJoinMixingService - timing: coinJoinBalance 20.33 μs
05:26:37 [DefaultDispatcher-worker-4] CoinJoinMixingService - coinjoin: can mix balance: true = balance: (false && canDenominate: true) || partially-mixed: false
05:26:37 [main] MainViewModel - platform available: false; no identity creation is progress: true
05:26:37 [main] BlockchainServiceImpl - .onCreate()
05:26:37 [main] DashPaymentIntentParser - network parameters = org.darkcoin.test
05:26:37 [main] BlockchainServiceImpl - start foreground service
05:26:37 [main] BlockchainServiceImpl - .onStartCommand(Intent { cmp=hashengineering.darkcoin.wallet_test/de.schildbach.wallet.service.BlockchainServiceImpl })
05:26:37 [DefaultDispatcher-worker-8] BlockchainServiceImpl - onCreate() serviceScope waiting for cleanup null
05:26:37 [main] WalletTransactionsFragment - STARTUP submitData called on thread=main at 1789795597538
05:26:37 [DefaultDispatcher-worker-5] BlockchainServiceImpl - onStartCommand waiting for onCreate to complete...
05:26:37 [DefaultDispatcher-worker-8] BLSJniLibrary - Initializing BLS JNI Library
05:26:37 [DefaultDispatcher-worker-8] BlockchainServiceImpl - cannot load the bootstrap stream: mnlistdiff-testnet.dat
05:26:37 [DefaultDispatcher-worker-8] BlockchainServiceImpl - cannot load the bootstrap stream: qrinfo-testnet.dat
05:26:37 [DefaultDispatcher-worker-8] BlockchainServiceImpl - blockchain does not exist, resetting wallet
05:26:37 [DefaultDispatcher-worker-8] BLSJniLibrary - Initializing BLS JNI Library
05:26:37 [Wallet autosave thread] BLSJniLibrary - Initializing BLS JNI Library
05:26:37 [DefaultDispatcher-worker-8] AbstractQuorumState - resetting masternode list; force: true, requestFreshList: false
05:26:37 [DefaultDispatcher-worker-2] BLSJniLibrary - Initializing BLS JNI Library
05:26:37 [DefaultDispatcher-worker-8] AbstractQuorumState - resetting masternode list; force: true, requestFreshList: false
05:26:37 [DefaultDispatcher-worker-8] SPVBlockStore - Creating new SPV block chain file /data/user/0/hashengineering.darkcoin.wallet_test/app_blockstore/blockchain-testnet
05:26:37 [main] WalletActivityTracker - activity lifecycle: current: MainActivity, activities: 2 visible: 2 foreground: 0
05:26:37 [DefaultDispatcher-worker-8] SPVBlockStore - Creating new SPV block chain file /data/user/0/hashengineering.darkcoin.wallet_test/app_blockstore/headers-testnet
05:26:37 [main] BlockchainServiceImpl - .onStartCommand(Intent { act=de.schildbach.wallet.service.cancel_coins_received cmp=hashengineering.darkcoin.wallet_test/de.schildbach.wallet.service.BlockchainServiceImpl })
05:26:37 [DefaultDispatcher-worker-8] BlockchainServiceImpl - onStartCommand waiting for onCreate to complete...
05:26:37 [main] BlockchainServiceImpl - verifying backupBlockStore
05:26:37 [main] BlockchainServiceImpl - verifying headerStore
05:26:37 [pool-48-thread-1] BlockchainServiceImpl - verify blockstore: 1.128 ms, 0 loaded
05:26:37 [main] BlockchainServiceImpl - verifying blockStore
05:26:37 [pool-48-thread-1] BlockchainServiceImpl - verify blockstore: 209.3 μs, 0 loaded
05:26:37 [main] BlockchainServiceImpl - blockstore files verified: true, true
05:26:37 [DefaultDispatcher-worker-1] CheckpointManager - Attempting to initialize a new block store with a checkpoint for time 1789190646 (2026-09-12T05:24:06Z)
05:26:37 [main] WalletActivityTracker - activity lifecycle: current: VerifySeedActivity, activities: 2 visible: 1 foreground: 0
05:26:37 [main] WalletActivityTracker - activity lifecycle: activity VerifySeedActivity destroyed
05:26:37 [main] WalletActivityTracker - activity lifecycle: current: VerifySeedActivity, activities: 1 visible: 1 foreground: 0
05:26:37 [DefaultDispatcher-worker-7] Constants - --> GET https://rates.ctx.com/rates?source=ctx
05:26:37 [DefaultDispatcher-worker-1] CheckpointManager - Read 2440 checkpoints up to time 2026-01-20T11:13:46Z, hash is 64631969817a1892a432d246a7c17a63d5c57d76d2ddf0404b48486637fe32a0
05:26:37 [DefaultDispatcher-worker-1] CheckpointManager - Attempting to initialize a new block store with a checkpoint for time 1789190797 (2026-09-12T05:26:37Z)
05:26:37 [DefaultDispatcher-worker-1] CheckpointManager - Read 2440 checkpoints up to time 2026-01-20T11:13:46Z, hash is 64631969817a1892a432d246a7c17a63d5c57d76d2ddf0404b48486637fe32a0
05:26:37 [DefaultDispatcher-worker-1] BlockchainServiceImpl - checkpoints loaded from 'checkpoints-testnet.txt', took 97.61 ms
05:26:37 [DefaultDispatcher-worker-1] BLSJniLibrary - Initializing BLS JNI Library
05:26:37 [DefaultDispatcher-worker-1] AbstractBlockChain - chain head is at height 1405440:
 block: 
   hash: 000000173e6c9dd4ca8a5a75699fbb5dc4713bc238d2ce98aec7fe3a77febfeb
   version: 536870912 (0x20000000) (BIP34, BIP66, BIP65)
   previous block: 000000773d05044b4db27c023a9a12bc59eaf1f396ad7e5180ef4cb14d366150
   merkle root: ea3165fb830ba2267ad050760183eb5b8241c694406868382bdf6c2307c8e936
   time: 1768907626 (2026-01-20T11:13:46Z)
   difficulty target (nBits): 503367276
   nonce: 128740

05:26:37 [DefaultDispatcher-worker-1] AbstractBlockChain - chain head is at height 1405440:
 block: 
   hash: 000000173e6c9dd4ca8a5a75699fbb5dc4713bc238d2ce98aec7fe3a77febfeb
   version: 536870912 (0x20000000) (BIP34, BIP66, BIP65)
   previous block: 000000773d05044b4db27c023a9a12bc59eaf1f396ad7e5180ef4cb14d366150
   merkle root: ea3165fb830ba2267ad050760183eb5b8241c694406868382bdf6c2307c8e936
   time: 1768907626 (2026-01-20T11:13:46Z)
   difficulty target (nBits): 503367276
   nonce: 128740

05:26:37 [main] SecurityGuard - loading security guard [healthy=true] with keys: [keystore_healthy, fallback_pin_wallet_password_key, primary_ui_pin_key, modern_encryption_migration_complete, fallback_mnemonic_wallet_password_key, primary_wallet_password_key, fallback_mnemonic_ui_pin_key]
05:26:37 [DefaultDispatcher-worker-1] CoinJoinMixingService - setting blockchain in clientManager to 1405440
05:26:37 [DefaultDispatcher-worker-1] CoinJoinMixingService - coinjoin-state: NONE, 0 ms, false, UNKNOWN, synced: false, true
05:26:37 [DefaultDispatcher-worker-1] CoinJoinMixingService - coinjoin-state-mixing: NOT_STARTED -> NOT_STARTED
05:26:37 [main] BlockchainServiceImpl - network callback registered with NetworkRequest: de.schildbach.wallet.service.BlockchainServiceImpl$NetworkCallbackImpl@d9aaefb
05:26:37 [DefaultDispatcher-worker-9] BlockchainServiceImpl - monitoring 0 old transactions
05:26:37 [main] BlockchainServiceImpl - receiver register: tickReceiver, de.schildbach.wallet.service.BlockchainServiceImpl$tickReceiver$1@666d971
05:26:37 [DefaultDispatcher-worker-8] BlockchainServiceImpl - network available: 100, hasInternet: true, validated: true, type: WiFi
05:26:37 [DefaultDispatcher-worker-9] BlockchainServiceImpl - network capabilities changed: 100, hasInternet: true, validated: true
05:26:37 [DefaultDispatcher-worker-10] BlockchainServiceImpl - network capabilities changed: 101, hasInternet: true, validated: true
05:26:37 [DefaultDispatcher-worker-8] BlockchainServiceImpl - network available: 101, hasInternet: true, validated: true, type: Cellular
05:26:37 [DefaultDispatcher-worker-2] BlockchainServiceImpl - .onCreate() finished
05:26:37 [DefaultDispatcher-worker-5] BlockchainServiceImpl - onCreate completed, processing onStartCommand
05:26:37 [DefaultDispatcher-worker-2] BlockchainServiceImpl - acquiring check() mutex
05:26:37 [DefaultDispatcher-worker-2] BlockchainServiceImpl - check()
05:26:37 [DefaultDispatcher-worker-10] BlockchainServiceImpl - acquiring check() mutex
05:26:37 [DefaultDispatcher-worker-8] BlockchainServiceImpl - onCreate completed, processing onStartCommand
05:26:37 [DefaultDispatcher-worker-16] BlockchainServiceImpl - acquiring check() mutex
05:26:37 [DefaultDispatcher-worker-8] BLSJniLibrary - Initializing BLS JNI Library
05:26:37 [DefaultDispatcher-worker-8] BlockchainServiceImpl - service start command: Intent { cmp=hashengineering.darkcoin.wallet_test/de.schildbach.wallet.service.BlockchainServiceImpl }
05:26:37 [DefaultDispatcher-worker-8] BlockchainServiceImpl - .onStartCommand(Intent { cmp=hashengineering.darkcoin.wallet_test/de.schildbach.wallet.service.BlockchainServiceImpl }) finished
05:26:37 [DefaultDispatcher-worker-5] BLSJniLibrary - Initializing BLS JNI Library
05:26:37 [DefaultDispatcher-worker-5] BlockchainServiceImpl - service start command: Intent { act=de.schildbach.wallet.service.cancel_coins_received cmp=hashengineering.darkcoin.wallet_test/de.schildbach.wallet.service.BlockchainServiceImpl }
05:26:37 [DefaultDispatcher-worker-5] BlockchainServiceImpl - .onStartCommand(Intent { act=de.schildbach.wallet.service.cancel_coins_received cmp=hashengineering.darkcoin.wallet_test/de.schildbach.wallet.service.BlockchainServiceImpl }) finished
05:26:37 [DefaultDispatcher-worker-2] BLSJniLibrary - Initializing BLS JNI Library
05:26:37 [DefaultDispatcher-worker-2] FlatDB - Reading info from simplifiedmasternodelistmanager-testnet.dat...
05:26:37 [DefaultDispatcher-worker-2] FlatDB - Missing file - simplifiedmasternodelistmanager-testnet.dat, will try to recreate
05:26:37 [DefaultDispatcher-worker-2] FlatDB - Reading info from chainlockshandler-testnet.dat...
05:26:37 [DefaultDispatcher-worker-2] FlatDB - Missing file - chainlockshandler-testnet.dat, will try to recreate
05:26:37 [DefaultDispatcher-worker-2] FlatDB - Reading info from masternodemetadatamanager-testnet.dat...
05:26:37 [DefaultDispatcher-worker-2] FlatDB - Missing file - masternodemetadatamanager-testnet.dat, will try to recreate
05:26:37 [DefaultDispatcher-worker-2] BlockchainServiceImpl - starting peergroup
05:26:37 [PeerGroup Thread] BLSJniLibrary - Initializing BLS JNI Library
05:26:37 [DefaultDispatcher-worker-2] AbstractQuorumState - resetting masternode list; force: true, requestFreshList: true
05:26:37 [DefaultDispatcher-worker-2] BLSJniLibrary - Initializing BLS JNI Library
05:26:37 [DefaultDispatcher-worker-2] AbstractQuorumState - resetting masternode list; force: true, requestFreshList: true
05:26:37 [DefaultDispatcher-worker-2] BLSJniLibrary - Initializing BLS JNI Library
05:26:37 [PeerGroup Thread] BLSJniLibrary - Initializing BLS JNI Library
05:26:37 [AbstractManager autosave thread] BLSJniLibrary - Initializing BLS JNI Library
05:26:37 [DefaultDispatcher-worker-12] BlockchainServiceImpl - acquiring check() mutex
05:26:37 [DefaultDispatcher-worker-9] BlockchainServiceImpl - acquiring check() mutex
05:26:37 [DefaultDispatcher-worker-2] BlockchainServiceImpl - Adding PeerConnectivityListener to peerGroup: listener=de.schildbach.wallet.service.BlockchainServiceImpl$PeerConnectivityListener@757cac3, stopped=false
05:26:37 [DefaultDispatcher-worker-2] BlockchainServiceImpl - Successfully added peer listeners to peerGroup
05:26:37 [DefaultDispatcher-worker-16] CoinJoinMixingService - coinjoin-state: NONE, 0 ms, false, CONNECTING, synced: false, true
05:26:37 [DefaultDispatcher-worker-16] CoinJoinMixingService - coinjoin-state-mixing: NOT_STARTED -> NOT_STARTED
05:26:37 [PeerGroup Thread] DeterministicKeyChain - 133 keys needed for M/0H/0 = 0 issued + 100 lookahead size + 33 lookahead threshold - 0 num children
05:26:37 [DefaultDispatcher-worker-2] BlockchainServiceImpl - releasing check() mutex
05:26:37 [DefaultDispatcher-worker-1] BlockchainServiceImpl - check()
05:26:37 [DefaultDispatcher-worker-1] BlockchainServiceImpl - releasing check() mutex
05:26:37 [DefaultDispatcher-worker-1] BlockchainServiceImpl - check()
05:26:37 [DefaultDispatcher-worker-1] BlockchainServiceImpl - releasing check() mutex
05:26:37 [DefaultDispatcher-worker-1] BlockchainServiceImpl - check()
05:26:37 [DefaultDispatcher-worker-1] BlockchainServiceImpl - releasing check() mutex
05:26:37 [DefaultDispatcher-worker-1] BlockchainServiceImpl - check()
05:26:37 [DefaultDispatcher-worker-1] BlockchainServiceImpl - releasing check() mutex
05:26:37 [PeerGroup Thread] DeterministicKeyChain - Took 50.67 ms
05:26:37 [PeerGroup Thread] DeterministicKeyChain - 133 keys needed for M/0H/1 = 0 issued + 100 lookahead size + 33 lookahead threshold - 0 num children
05:26:37 [PeerGroup Thread] DeterministicKeyChain - Took 16.86 ms
05:26:37 [PeerGroup Thread] DeterministicKeyChain - 133 keys needed for M/44H/1H/0H/0 = 0 issued + 100 lookahead size + 33 lookahead threshold - 0 num children
05:26:37 [PeerGroup Thread] DeterministicKeyChain - Took 14.64 ms
05:26:37 [PeerGroup Thread] DeterministicKeyChain - 133 keys needed for M/44H/1H/0H/1 = 0 issued + 100 lookahead size + 33 lookahead threshold - 0 num children
05:26:37 [AbstractManager autosave thread] ManagerFiles - Background saving manager
05:26:37 [AbstractManager autosave thread] FlatDB - Writing SimplifiedMasternodeListManager-1 to manager8206622824017702266.tmp...
05:26:37 [AbstractManager autosave thread] FlatDB - Written info to /data/user/0/hashengineering.darkcoin.wallet_test/app_masternode/manager8206622824017702266.tmp  0ms
05:26:37 [AbstractManager autosave thread] FlatDB -   SimplifiedMNListManager:  {tip:Simplified MN List(count: 0 height: -1), SimplifiedQuorumList(count: 0; -1), SimplifiedQuorumList(count: 0; -1), pending blocks: 0 / 0}
05:26:37 [AbstractManager autosave thread] FlatDB - manager8206622824017702266.tmp dump finished  0ms
05:26:37 [AbstractManager autosave thread] ManagerFiles - Save completed in 808.1 μs to /data/user/0/hashengineering.darkcoin.wallet_test/app_masternode/simplifiedmasternodelistmanager-testnet.dat
05:26:37 [PeerGroup Thread] DeterministicKeyChain - Took 14.03 ms
05:26:38 [PeerGroup Thread] AnyExternalKeyChain - 4 keys needed for M/9H/1H/5H/1H = 1 issued + 5 lookahead size + 0 lookahead threshold - 2 num children
05:26:38 [PeerGroup Thread] AnyExternalKeyChain - Took 501.1 μs
05:26:38 [PeerGroup Thread] AnyExternalKeyChain - 4 keys needed for M/9H/1H/3H/2H = 1 issued + 5 lookahead size + 0 lookahead threshold - 2 num children
05:26:38 [PeerGroup Thread] AnyExternalKeyChain - Took 468.0 μs
05:26:38 [PeerGroup Thread] AnyExternalKeyChain - 4 keys needed for M/9H/1H/3H/3H = 1 issued + 5 lookahead size + 0 lookahead threshold - 2 num children
05:26:38 [PeerGroup Thread] AnyExternalKeyChain - Took 5.913 ms
05:26:38 [PeerGroup Thread] AnyExternalKeyChain - 4 keys needed for M/9H/1H/3H/1H = 1 issued + 5 lookahead size + 0 lookahead threshold - 2 num children
05:26:38 [PeerGroup Thread] AnyExternalKeyChain - Took 562.0 μs
05:26:38 [PeerGroup Thread] AnyExternalKeyChain - 4 keys needed for M/9H/1H/5H/2H = 1 issued + 5 lookahead size + 0 lookahead threshold - 2 num children
05:26:38 [PeerGroup Thread] AnyExternalKeyChain - Took 630.6 μs
05:26:38 [PeerGroup Thread] AnyExternalKeyChain - 4 keys needed for M/9H/1H/5H/3H = 1 issued + 5 lookahead size + 0 lookahead threshold - 2 num children
05:26:38 [PeerGroup Thread] AnyExternalKeyChain - Took 414.4 μs
05:26:38 [PeerGroup Thread] AnyDeterministicKeyChain - 999 keys needed for M/9H/1H/4H/0H/0 = 0 issued + 500 lookahead size + 499 lookahead threshold - 0 num children
05:26:38 [DefaultDispatcher-worker-7] Constants - <-- 200 https://rates.ctx.com/rates?source=ctx (268ms, unknown-length body)
05:26:38 [DefaultDispatcher-worker-7] ExchangeRatesRepository - exchange rates updated successfully with de.schildbach.wallet.rates.DashRetailClient@6fd60bc
05:26:38 [DefaultDispatcher-worker-7] ExchangeRatesRepository - updateTrigger
05:26:38 [PeerGroup Thread] AnyDeterministicKeyChain - Took 88.89 ms
05:26:38 [PeerGroup Thread] AnyDeterministicKeyChain - 999 keys needed for M/9H/1H/4H/0H/1 = 0 issued + 500 lookahead size + 499 lookahead threshold - 0 num children
05:26:38 [PeerGroup Thread] AnyDeterministicKeyChain - Took 74.14 ms
05:26:38 [PeerGroup Thread] PeerGroup - merge bloom filters: 289.1 ms
05:26:38 [PeerGroup Thread] PeerGroup - Starting ...
05:26:38 [NioClientManager] BLSJniLibrary - Initializing BLS JNI Library
05:26:38 [PeerGroup Thread] DashSystem - starting LLMQThread
05:26:38 [LLMQBackgroundThread] BLSJniLibrary - Initializing BLS JNI Library
05:26:38 [LLMQBackgroundThread] LLMQBackgroundThread - starting LLMQBackgroundThread.run
05:26:38 [PeerGroup Thread] BlockchainServiceImpl - DMN peer discovery returned less than 16 nodes.  Adding default DMN peers to the list to increase connections
05:26:38 [PeerGroup Thread] PeerGroup - Peer discovery took 632.3 μs and returned 53 items from 1 discoverers
05:26:38 [PeerGroup Thread] PeerGroup - Waiting 1000 ms before next connect attempt to [68.67.122.30]:19999
05:26:39 [PeerGroup Thread] PeerGroup - Attempting connection to [68.67.122.82]:19999     (0 connected, 1 pending, 6 max)
05:26:39 [PeerGroup Thread] PeerGroup - Attempting connection to [68.67.122.30]:19999     (0 connected, 2 pending, 6 max)
05:26:39 [PeerGroup Thread] PeerGroup - Attempting connection to [68.67.122.81]:19999     (0 connected, 3 pending, 6 max)
05:26:39 [PeerGroup Thread] PeerGroup - Attempting connection to [68.67.122.80]:19999     (0 connected, 4 pending, 6 max)
05:26:39 [PeerGroup Thread] PeerGroup - Attempting connection to [68.67.122.79]:19999     (0 connected, 5 pending, 6 max)
05:26:39 [PeerGroup Thread] PeerGroup - Attempting connection to [68.67.122.78]:19999     (0 connected, 6 pending, 6 max)
05:26:39 [NioClientManager] NioClientManager - Connected to /68.67.122.82:19999
05:26:39 [NioClientManager] Peer - Announcing to /68.67.122.82:19999 with protocol 70235 as: /DashJ:22.0.5/Dash Wallet:11.9.0/
05:26:39 [NioClientManager] NioClientManager - Connected to /68.67.122.81:19999
05:26:39 [NioClientManager] Peer - Announcing to /68.67.122.81:19999 with protocol 70235 as: /DashJ:22.0.5/Dash Wallet:11.9.0/
05:26:39 [NioClientManager] NioClientManager - Connected to /68.67.122.30:19999
05:26:39 [NioClientManager] Peer - Announcing to /68.67.122.30:19999 with protocol 70235 as: /DashJ:22.0.5/Dash Wallet:11.9.0/
05:26:39 [NioClientManager] NioClientManager - Connected to /68.67.122.80:19999
05:26:39 [NioClientManager] Peer - Announcing to /68.67.122.80:19999 with protocol 70235 as: /DashJ:22.0.5/Dash Wallet:11.9.0/
05:26:39 [NioClientManager] NioClientManager - Connected to /68.67.122.79:19999
05:26:39 [NioClientManager] Peer - Announcing to /68.67.122.79:19999 with protocol 70235 as: /DashJ:22.0.5/Dash Wallet:11.9.0/
05:26:39 [NioClientManager] NioClientManager - Connected to /68.67.122.78:19999
05:26:39 [NioClientManager] Peer - Announcing to /68.67.122.78:19999 with protocol 70235 as: /DashJ:22.0.5/Dash Wallet:11.9.0/
05:26:39 [NioClientManager] Peer - Peer{[68.67.122.82]:19999, version=70240, subVer=/Dash Core:23.1.8(dcg-masternode-53)/, services=7237 (NETWORK, BLOOM, NETWORK_LIMITED, COMPACT_FILTERS, HEADERS_COMPRESSED, remaining: 1000001000000), time=2026-09-19 00:26:39, height=1556559}
05:26:39 [NioClientManager] PeerGroup - Peer{[68.67.122.82]:19999, version=70240, subVer=/Dash Core:23.1.8(dcg-masternode-53)/, services=7237 (NETWORK, BLOOM, NETWORK_LIMITED, COMPACT_FILTERS, HEADERS_COMPRESSED, remaining: 1000001000000), time=2026-09-19 00:26:39, height=1556559}: New peer      (1 connected, 5 pending, 6 max)
05:26:39 [NioClientManager] Peer - Peer{[68.67.122.82]:19999, version=70240, subVer=/Dash Core:23.1.8(dcg-masternode-53)/, services=7237 (NETWORK, BLOOM, NETWORK_LIMITED, COMPACT_FILTERS, HEADERS_COMPRESSED, remaining: 1000001000000), time=2026-09-19 00:26:39, height=1556559}: Sending Bloom filter and querying mempool
05:26:39 [NioClientManager] AllowLockTimeRiskAnalysis$Analyzer - risk analysis: net time diff 0; peer time diff 0 1789795599 1789795599
05:26:39 [NioClientManager] Peer - Peer{[68.67.122.30]:19999, version=70240, subVer=/Dash Core:23.1.8(dcg-masternode-1)/, services=7237 (NETWORK, BLOOM, NETWORK_LIMITED, COMPACT_FILTERS, HEADERS_COMPRESSED, remaining: 1000001000000), time=2026-09-19 00:26:39, height=1556559}
05:26:39 [dashj user thread] AbstractQuorumState - peer connected and setting download peer to null with onPeerConnected
05:26:39 [dashj user thread] AbstractQuorumState - peer connected and setting download peer to null with onPeerConnected
05:26:39 [DefaultDispatcher-worker-7] CoinJoinMixingService - coinjoin-state: NONE, 0 ms, false, CONNECTED, synced: false, true
05:26:39 [DefaultDispatcher-worker-7] CoinJoinMixingService - coinjoin-state-mixing: NOT_STARTED -> NOT_STARTED
05:26:39 [NioClientManager] PeerGroup - Peer{[68.67.122.30]:19999, version=70240, subVer=/Dash Core:23.1.8(dcg-masternode-1)/, services=7237 (NETWORK, BLOOM, NETWORK_LIMITED, COMPACT_FILTERS, HEADERS_COMPRESSED, remaining: 1000001000000), time=2026-09-19 00:26:39, height=1556559}: New peer      (2 connected, 4 pending, 6 max)
05:26:39 [NioClientManager] Peer - Peer{[68.67.122.30]:19999, version=70240, subVer=/Dash Core:23.1.8(dcg-masternode-1)/, services=7237 (NETWORK, BLOOM, NETWORK_LIMITED, COMPACT_FILTERS, HEADERS_COMPRESSED, remaining: 1000001000000), time=2026-09-19 00:26:39, height=1556559}: Sending Bloom filter and querying mempool
05:26:39 [NioClientManager] AllowLockTimeRiskAnalysis$Analyzer - risk analysis: net time diff 0; peer time diff 0 1789795599 1789795599
05:26:39 [dashj user thread] AbstractQuorumState - peer connected and setting download peer to null with onPeerConnected
05:26:39 [dashj user thread] AbstractQuorumState - peer connected and setting download peer to null with onPeerConnected
05:26:39 [NioClientManager] Peer - Peer{[68.67.122.79]:19999, version=70240, subVer=/Dash Core:23.1.8(dcg-masternode-50)/, services=7237 (NETWORK, BLOOM, NETWORK_LIMITED, COMPACT_FILTERS, HEADERS_COMPRESSED, remaining: 1000001000000), time=2026-09-19 00:26:39, height=1556559}
05:26:39 [NioClientManager] PeerGroup - Peer{[68.67.122.79]:19999, version=70240, subVer=/Dash Core:23.1.8(dcg-masternode-50)/, services=7237 (NETWORK, BLOOM, NETWORK_LIMITED, COMPACT_FILTERS, HEADERS_COMPRESSED, remaining: 1000001000000), time=2026-09-19 00:26:39, height=1556559}: New peer      (3 connected, 3 pending, 6 max)
05:26:39 [NioClientManager] Peer - Peer{[68.67.122.79]:19999, version=70240, subVer=/Dash Core:23.1.8(dcg-masternode-50)/, services=7237 (NETWORK, BLOOM, NETWORK_LIMITED, COMPACT_FILTERS, HEADERS_COMPRESSED, remaining: 1000001000000), time=2026-09-19 00:26:39, height=1556559}: Sending Bloom filter and querying mempool
05:26:39 [dashj user thread] AbstractQuorumState - peer connected and setting download peer to null with onPeerConnected
05:26:39 [dashj user thread] AbstractQuorumState - peer connected and setting download peer to null with onPeerConnected
05:26:39 [NioClientManager] AllowLockTimeRiskAnalysis$Analyzer - risk analysis: net time diff 0; peer time diff 0 1789795599 1789795599
05:26:39 [NioClientManager] Peer - Peer{[68.67.122.78]:19999, version=70240, subVer=/Dash Core:23.1.8(dcg-masternode-49)/, services=7237 (NETWORK, BLOOM, NETWORK_LIMITED, COMPACT_FILTERS, HEADERS_COMPRESSED, remaining: 1000001000000), time=2026-09-19 00:26:39, height=1556559}
05:26:39 [NioClientManager] PeerGroup - Peer{[68.67.122.78]:19999, version=70240, subVer=/Dash Core:23.1.8(dcg-masternode-49)/, services=7237 (NETWORK, BLOOM, NETWORK_LIMITED, COMPACT_FILTERS, HEADERS_COMPRESSED, remaining: 1000001000000), time=2026-09-19 00:26:39, height=1556559}: New peer      (4 connected, 2 pending, 6 max)
05:26:39 [NioClientManager] Peer - Peer{[68.67.122.78]:19999, version=70240, subVer=/Dash Core:23.1.8(dcg-masternode-49)/, services=7237 (NETWORK, BLOOM, NETWORK_LIMITED, COMPACT_FILTERS, HEADERS_COMPRESSED, remaining: 1000001000000), time=2026-09-19 00:26:39, height=1556559}: Sending Bloom filter and querying mempool
05:26:39 [NioClientManager] PeerGroup - Setting download peer: Peer{[68.67.122.82]:19999, version=70240, subVer=/Dash Core:23.1.8(dcg-masternode-53)/, services=7237 (NETWORK, BLOOM, NETWORK_LIMITED, COMPACT_FILTERS, HEADERS_COMPRESSED, remaining: 1000001000000), time=2026-09-19 00:26:39, height=1556559}
05:26:39 [NioClientManager] PeerGroup - Initiating Synchronization with Peer{[68.67.122.82]:19999, version=70240, subVer=/Dash Core:23.1.8(dcg-masternode-53)/, services=7237 (NETWORK, BLOOM, NETWORK_LIMITED, COMPACT_FILTERS, HEADERS_COMPRESSED, remaining: 1000001000000), time=2026-09-19 00:26:39, height=1556559}
05:26:39 [NioClientManager] PeerGroup - Attempting to sync headers first
05:26:39 [NioClientManager] PeerGroup - Sync Stage change from OFFLINE to HEADERS
05:26:39 [NioClientManager] DownloadProgressTracker - Downloading block chain of size 151119. This may take a while.
05:26:39 [dashj user thread] DownloadProgressTracker - Downloading block chain of size 151119. This may take a while.
05:26:39 [dashj user thread] AbstractQuorumState - setting download peer with onHeadersDownloadStarted: Peer{[68.67.122.82]:19999, version=70240, subVer=/Dash Core:23.1.8(dcg-masternode-53)/, services=7237 (NETWORK, BLOOM, NETWORK_LIMITED, COMPACT_FILTERS, HEADERS_COMPRESSED, remaining: 1000001000000), time=2026-09-19 00:26:39, height=1556559}
05:26:39 [dashj user thread] AbstractQuorumState - setting download peer with onHeadersDownloadStarted: Peer{[68.67.122.82]:19999, version=70240, subVer=/Dash Core:23.1.8(dcg-masternode-53)/, services=7237 (NETWORK, BLOOM, NETWORK_LIMITED, COMPACT_FILTERS, HEADERS_COMPRESSED, remaining: 1000001000000), time=2026-09-19 00:26:39, height=1556559}
05:26:39 [NioClientManager] Peer - Requesting compressed headers from: Peer{[68.67.122.82]:19999, version=70240, subVer=/Dash Core:23.1.8(dcg-masternode-53)/, services=7237 (NETWORK, BLOOM, NETWORK_LIMITED, COMPACT_FILTERS, HEADERS_COMPRESSED, remaining: 1000001000000), time=2026-09-19 00:26:39, height=1556559}
05:26:39 [NioClientManager] AllowLockTimeRiskAnalysis$Analyzer - risk analysis: net time diff 0; peer time diff 0 1789795599 1789795599
05:26:39 [dashj user thread] AbstractQuorumState - peer connected and setting download peer to Peer{[68.67.122.82]:19999, version=70240, subVer=/Dash Core:23.1.8(dcg-masternode-53)/, services=7237 (NETWORK, BLOOM, NETWORK_LIMITED, COMPACT_FILTERS, HEADERS_COMPRESSED, remaining: 1000001000000), time=2026-09-19 00:26:39, height=1556559} with onPeerConnected
05:26:39 [dashj user thread] AbstractQuorumState - peer connected and setting download peer to Peer{[68.67.122.82]:19999, version=70240, subVer=/Dash Core:23.1.8(dcg-masternode-53)/, services=7237 (NETWORK, BLOOM, NETWORK_LIMITED, COMPACT_FILTERS, HEADERS_COMPRESSED, remaining: 1000001000000), time=2026-09-19 00:26:39, height=1556559} with onPeerConnected
05:26:39 [NioClientManager] Peer - Peer{[68.67.122.80]:19999, version=70240, subVer=/Dash Core:23.1.8(dcg-masternode-51)/, services=7237 (NETWORK, BLOOM, NETWORK_LIMITED, COMPACT_FILTERS, HEADERS_COMPRESSED, remaining: 1000001000000), time=2026-09-19 00:26:39, height=1556559}
05:26:39 [NioClientManager] PeerGroup - Peer{[68.67.122.80]:19999, version=70240, subVer=/Dash Core:23.1.8(dcg-masternode-51)/, services=7237 (NETWORK, BLOOM, NETWORK_LIMITED, COMPACT_FILTERS, HEADERS_COMPRESSED, remaining: 1000001000000), time=2026-09-19 00:26:39, height=1556559}: New peer      (5 connected, 1 pending, 6 max)
05:26:39 [NioClientManager] Peer - Peer{[68.67.122.80]:19999, version=70240, subVer=/Dash Core:23.1.8(dcg-masternode-51)/, services=7237 (NETWORK, BLOOM, NETWORK_LIMITED, COMPACT_FILTERS, HEADERS_COMPRESSED, remaining: 1000001000000), time=2026-09-19 00:26:39, height=1556559}: Sending Bloom filter and querying mempool
05:26:39 [NioClientManager] AllowLockTimeRiskAnalysis$Analyzer - risk analysis: net time diff 0; peer time diff 0 1789795599 1789795599
05:26:39 [dashj user thread] AbstractQuorumState - peer connected and setting download peer to Peer{[68.67.122.82]:19999, version=70240, subVer=/Dash Core:23.1.8(dcg-masternode-53)/, services=7237 (NETWORK, BLOOM, NETWORK_LIMITED, COMPACT_FILTERS, HEADERS_COMPRESSED, remaining: 1000001000000), time=2026-09-19 00:26:39, height=1556559} with onPeerConnected
05:26:39 [dashj user thread] AbstractQuorumState - peer connected and setting download peer to Peer{[68.67.122.82]:19999, version=70240, subVer=/Dash Core:23.1.8(dcg-masternode-53)/, services=7237 (NETWORK, BLOOM, NETWORK_LIMITED, COMPACT_FILTERS, HEADERS_COMPRESSED, remaining: 1000001000000), time=2026-09-19 00:26:39, height=1556559} with onPeerConnected
05:26:39 [NioClientManager] Peer - Peer{[68.67.122.81]:19999, version=70240, subVer=/Dash Core:23.1.8(dcg-masternode-52)/, services=7237 (NETWORK, BLOOM, NETWORK_LIMITED, COMPACT_FILTERS, HEADERS_COMPRESSED, remaining: 1000001000000), time=2026-09-19 00:26:39, height=1556559}
05:26:39 [NioClientManager] PeerGroup - Peer{[68.67.122.81]:19999, version=70240, subVer=/Dash Core:23.1.8(dcg-masternode-52)/, services=7237 (NETWORK, BLOOM, NETWORK_LIMITED, COMPACT_FILTERS, HEADERS_COMPRESSED, remaining: 1000001000000), time=2026-09-19 00:26:39, height=1556559}: New peer      (6 connected, 0 pending, 6 max)
05:26:39 [NioClientManager] Peer - Peer{[68.67.122.81]:19999, version=70240, subVer=/Dash Core:23.1.8(dcg-masternode-52)/, services=7237 (NETWORK, BLOOM, NETWORK_LIMITED, COMPACT_FILTERS, HEADERS_COMPRESSED, remaining: 1000001000000), time=2026-09-19 00:26:39, height=1556559}: Sending Bloom filter and querying mempool
05:26:39 [NioClientManager] AllowLockTimeRiskAnalysis$Analyzer - risk analysis: net time diff 0; peer time diff 0 1789795599 1789795599
05:26:39 [dashj user thread] AbstractQuorumState - peer connected and setting download peer to Peer{[68.67.122.82]:19999, version=70240, subVer=/Dash Core:23.1.8(dcg-masternode-53)/, services=7237 (NETWORK, BLOOM, NETWORK_LIMITED, COMPACT_FILTERS, HEADERS_COMPRESSED, remaining: 1000001000000), time=2026-09-19 00:26:39, height=1556559} with onPeerConnected
05:26:39 [dashj user thread] AbstractQuorumState - peer connected and setting download peer to Peer{[68.67.122.82]:19999, version=70240, subVer=/Dash Core:23.1.8(dcg-masternode-53)/, services=7237 (NETWORK, BLOOM, NETWORK_LIMITED, COMPACT_FILTERS, HEADERS_COMPRESSED, remaining: 1000001000000), time=2026-09-19 00:26:39, height=1556559} with onPeerConnected
05:26:39 [NioClientManager] Peer - Peer{[68.67.122.82]:19999, version=70240, subVer=/Dash Core:23.1.8(dcg-masternode-53)/, services=7237 (NETWORK, BLOOM, NETWORK_LIMITED, COMPACT_FILTERS, HEADERS_COMPRESSED, remaining: 1000001000000), time=2026-09-19 00:26:39, height=1556559}: Received unhandled message: org.bitcoinj.core.SendCompactBlocksMessage@2df2efa
05:26:39 [NioClientManager] Peer - Peer{[68.67.122.82]:19999, version=70240, subVer=/Dash Core:23.1.8(dcg-masternode-53)/, services=7237 (NETWORK, BLOOM, NETWORK_LIMITED, COMPACT_FILTERS, HEADERS_COMPRESSED, remaining: 1000001000000), time=2026-09-19 00:26:39, height=1556559}: Received unhandled message: SendDsq(send=true)
05:26:39 [NioClientManager] Peer - Peer{[68.67.122.30]:19999, version=70240, subVer=/Dash Core:23.1.8(dcg-masternode-1)/, services=7237 (NETWORK, BLOOM, NETWORK_LIMITED, COMPACT_FILTERS, HEADERS_COMPRESSED, remaining: 1000001000000), time=2026-09-19 00:26:39, height=1556559}: Received unhandled message: org.bitcoinj.core.SendCompactBlocksMessage@8b35cab
05:26:39 [NioClientManager] Peer - Peer{[68.67.122.30]:19999, version=70240, subVer=/Dash Core:23.1.8(dcg-masternode-1)/, services=7237 (NETWORK, BLOOM, NETWORK_LIMITED, COMPACT_FILTERS, HEADERS_COMPRESSED, remaining: 1000001000000), time=2026-09-19 00:26:39, height=1556559}: Received unhandled message: SendDsq(send=true)
05:26:39 [NioClientManager] Peer - Peer{[68.67.122.79]:19999, version=70240, subVer=/Dash Core:23.1.8(dcg-masternode-50)/, services=7237 (NETWORK, BLOOM, NETWORK_LIMITED, COMPACT_FILTERS, HEADERS_COMPRESSED, remaining: 1000001000000), time=2026-09-19 00:26:39, height=1556559}: Received unhandled message: org.bitcoinj.core.SendCompactBlocksMessage@1dcbf08
05:26:39 [NioClientManager] Peer - Peer{[68.67.122.79]:19999, version=70240, subVer=/Dash Core:23.1.8(dcg-masternode-50)/, services=7237 (NETWORK, BLOOM, NETWORK_LIMITED, COMPACT_FILTERS, HEADERS_COMPRESSED, remaining: 1000001000000), time=2026-09-19 00:26:39, height=1556559}: Received unhandled message: SendDsq(send=true)
05:26:39 [NioClientManager] Peer - Peer{[68.67.122.78]:19999, version=70240, subVer=/Dash Core:23.1.8(dcg-masternode-49)/, services=7237 (NETWORK, BLOOM, NETWORK_LIMITED, COMPACT_FILTERS, HEADERS_COMPRESSED, remaining: 1000001000000), time=2026-09-19 00:26:39, height=1556559}: Received unhandled message: org.bitcoinj.core.SendCompactBlocksMessage@561f6a1
05:26:39 [NioClientManager] Peer - Peer{[68.67.122.78]:19999, version=70240, subVer=/Dash Core:23.1.8(dcg-masternode-49)/, services=7237 (NETWORK, BLOOM, NETWORK_LIMITED, COMPACT_FILTERS, HEADERS_COMPRESSED, remaining: 1000001000000), time=2026-09-19 00:26:39, height=1556559}: Received unhandled message: SendDsq(send=true)
05:26:39 [NioClientManager] Peer - Peer{[68.67.122.80]:19999, version=70240, subVer=/Dash Core:23.1.8(dcg-masternode-51)/, services=7237 (NETWORK, BLOOM, NETWORK_LIMITED, COMPACT_FILTERS, HEADERS_COMPRESSED, remaining: 1000001000000), time=2026-09-19 00:26:39, height=1556559}: Received unhandled message: org.bitcoinj.core.SendCompactBlocksMessage@56140c6
05:26:39 [NioClientManager] Peer - Peer{[68.67.122.80]:19999, version=70240, subVer=/Dash Core:23.1.8(dcg-masternode-51)/, services=7237 (NETWORK, BLOOM, NETWORK_LIMITED, COMPACT_FILTERS, HEADERS_COMPRESSED, remaining: 1000001000000), time=2026-09-19 00:26:39, height=1556559}: Received unhandled message: SendDsq(send=true)
05:26:39 [NioClientManager] Peer - Peer{[68.67.122.81]:19999, version=70240, subVer=/Dash Core:23.1.8(dcg-masternode-52)/, services=7237 (NETWORK, BLOOM, NETWORK_LIMITED, COMPACT_FILTERS, HEADERS_COMPRESSED, remaining: 1000001000000), time=2026-09-19 00:26:39, height=1556559}: Received unhandled message: org.bitcoinj.core.SendCompactBlocksMessage@b491887
05:26:39 [NioClientManager] Peer - Peer{[68.67.122.81]:19999, version=70240, subVer=/Dash Core:23.1.8(dcg-masternode-52)/, services=7237 (NETWORK, BLOOM, NETWORK_LIMITED, COMPACT_FILTERS, HEADERS_COMPRESSED, remaining: 1000001000000), time=2026-09-19 00:26:39, height=1556559}: Received unhandled message: SendDsq(send=true)
05:26:39 [NioClientManager] SporkManager - SPORK -- hash: 2d1a2040ab918d5e8240e9e92e3a42a46a97073c90679a3df125ee6de113938c id: 10001 (        SPORK_2_INSTANTSEND_ENABLED) value:          0 bestHeight: 1405440 peer=/68.67.122.82:19999 new
05:26:39 [NioClientManager] SporkManager - SPORK -- hash: c0fa2288bfc94099c0bee6c074c950fa990db674024807a67d601153dadfe539 id: 10018 (        SPORK_19_CHAINLOCKS_ENABLED) value:          0 bestHeight: 1405440 peer=/68.67.122.82:19999 new
05:26:39 [NioClientManager] SporkManager - SPORK -- hash: d1d32f00374284b19ee33f9ef19386055fd15091ce4a476ab58701603594cc5e id: 10002 (SPORK_3_INSTANTSEND_BLOCK_FILTERING) value:          0 bestHeight: 1405440 peer=/68.67.122.82:19999 new
05:26:39 [NioClientManager] SporkManager - SPORK -- hash: c68903921495975e0f00ebd6bca4f6701d1483c897c8224341d8a91dcd110b2e id: 10020 (      SPORK_21_QUORUM_ALL_CONNECTED) value:          1 bestHeight: 1405440 peer=/68.67.122.82:19999 new
05:26:39 [NioClientManager] SporkManager - SPORK -- hash: b9d783455f2df58f1844e4b13ec13bccd1170ed0250c0be09ee6a7664175db47 id: 10008 (        SPORK_9_SUPERBLOCKS_ENABLED) value:          0 bestHeight: 1405440 peer=/68.67.122.82:19999 new
05:26:39 [NioClientManager] SporkManager - SPORK -- hash: a954a3dde9d3f8f6d4db268edfacf58e9e86b9f0eedaf666c792a144eea62deb id: 10022 (               SPORK_23_QUORUM_POSE) value:          0 bestHeight: 1405440 peer=/68.67.122.82:19999 new
05:26:39 [NioClientManager] SporkManager - SPORK -- hash: e22c8dbbf3b6277346baec16495ba489ced20755a14e2b5051700d2bfa51fb5b id: 10016 (        SPORK_17_QUORUM_DKG_ENABLED) value:          0 bestHeight: 1405440 peer=/68.67.122.82:19999 new
05:26:39 [NioClientManager] SporkManager - SPORK -- hash: 2d1a2040ab918d5e8240e9e92e3a42a46a97073c90679a3df125ee6de113938c id: 10001 (        SPORK_2_INSTANTSEND_ENABLED) value:          0 bestHeight: 1405440 peer=/68.67.122.78:19999 seen 
05:26:39 [NioClientManager] SporkManager - SPORK -- hash: c0fa2288bfc94099c0bee6c074c950fa990db674024807a67d601153dadfe539 id: 10018 (        SPORK_19_CHAINLOCKS_ENABLED) value:          0 bestHeight: 1405440 peer=/68.67.122.78:19999 seen 
05:26:39 [NioClientManager] SporkManager - SPORK -- hash: d1d32f00374284b19ee33f9ef19386055fd15091ce4a476ab58701603594cc5e id: 10002 (SPORK_3_INSTANTSEND_BLOCK_FILTERING) value:          0 bestHeight: 1405440 peer=/68.67.122.78:19999 seen 
05:26:39 [NioClientManager] SporkManager - SPORK -- hash: a954a3dde9d3f8f6d4db268edfacf58e9e86b9f0eedaf666c792a144eea62deb id: 10022 (               SPORK_23_QUORUM_POSE) value:          0 bestHeight: 1405440 peer=/68.67.122.78:19999 seen 
05:26:39 [NioClientManager] SporkManager - SPORK -- hash: c68903921495975e0f00ebd6bca4f6701d1483c897c8224341d8a91dcd110b2e id: 10020 (      SPORK_21_QUORUM_ALL_CONNECTED) value:          1 bestHeight: 1405440 peer=/68.67.122.78:19999 seen 
05:26:39 [NioClientManager] SporkManager - SPORK -- hash: e22c8dbbf3b6277346baec16495ba489ced20755a14e2b5051700d2bfa51fb5b id: 10016 (        SPORK_17_QUORUM_DKG_ENABLED) value:          0 bestHeight: 1405440 peer=/68.67.122.78:19999 seen 
05:26:39 [NioClientManager] SporkManager - SPORK -- hash: b9d783455f2df58f1844e4b13ec13bccd1170ed0250c0be09ee6a7664175db47 id: 10008 (        SPORK_9_SUPERBLOCKS_ENABLED) value:          0 bestHeight: 1405440 peer=/68.67.122.78:19999 seen 
05:26:39 [NioClientManager] SporkManager - SPORK -- hash: 2d1a2040ab918d5e8240e9e92e3a42a46a97073c90679a3df125ee6de113938c id: 10001 (        SPORK_2_INSTANTSEND_ENABLED) value:          0 bestHeight: 1405440 peer=/68.67.122.30:19999 seen 
05:26:39 [NioClientManager] SporkManager - SPORK -- hash: c68903921495975e0f00ebd6bca4f6701d1483c897c8224341d8a91dcd110b2e id: 10020 (      SPORK_21_QUORUM_ALL_CONNECTED) value:          1 bestHeight: 1405440 peer=/68.67.122.30:19999 seen 
05:26:39 [NioClientManager] SporkManager - SPORK -- hash: e22c8dbbf3b6277346baec16495ba489ced20755a14e2b5051700d2bfa51fb5b id: 10016 (        SPORK_17_QUORUM_DKG_ENABLED) value:          0 bestHeight: 1405440 peer=/68.67.122.30:19999 seen 
05:26:39 [NioClientManager] SporkManager - SPORK -- hash: d1d32f00374284b19ee33f9ef19386055fd15091ce4a476ab58701603594cc5e id: 10002 (SPORK_3_INSTANTSEND_BLOCK_FILTERING) value:          0 bestHeight: 1405440 peer=/68.67.122.30:19999 seen 
05:26:39 [NioClientManager] SporkManager - SPORK -- hash: b9d783455f2df58f1844e4b13ec13bccd1170ed0250c0be09ee6a7664175db47 id: 10008 (        SPORK_9_SUPERBLOCKS_ENABLED) value:          0 bestHeight: 1405440 peer=/68.67.122.30:19999 seen 
05:26:39 [NioClientManager] SporkManager - SPORK -- hash: a954a3dde9d3f8f6d4db268edfacf58e9e86b9f0eedaf666c792a144eea62deb id: 10022 (               SPORK_23_QUORUM_POSE) value:          0 bestHeight: 1405440 peer=/68.67.122.30:19999 seen 
05:26:39 [NioClientManager] SporkManager - SPORK -- hash: c0fa2288bfc94099c0bee6c074c950fa990db674024807a67d601153dadfe539 id: 10018 (        SPORK_19_CHAINLOCKS_ENABLED) value:          0 bestHeight: 1405440 peer=/68.67.122.30:19999 seen 
05:26:39 [NioClientManager] SporkManager - SPORK -- hash: 2d1a2040ab918d5e8240e9e92e3a42a46a97073c90679a3df125ee6de113938c id: 10001 (        SPORK_2_INSTANTSEND_ENABLED) value:          0 bestHeight: 1405440 peer=/68.67.122.79:19999 seen 
05:26:39 [NioClientManager] SporkManager - SPORK -- hash: c68903921495975e0f00ebd6bca4f6701d1483c897c8224341d8a91dcd110b2e id: 10020 (      SPORK_21_QUORUM_ALL_CONNECTED) value:          1 bestHeight: 1405440 peer=/68.67.122.79:19999 seen 
05:26:39 [NioClientManager] SporkManager - SPORK -- hash: e22c8dbbf3b6277346baec16495ba489ced20755a14e2b5051700d2bfa51fb5b id: 10016 (        SPORK_17_QUORUM_DKG_ENABLED) value:          0 bestHeight: 1405440 peer=/68.67.122.79:19999 seen 
05:26:39 [NioClientManager] SporkManager - SPORK -- hash: d1d32f00374284b19ee33f9ef19386055fd15091ce4a476ab58701603594cc5e id: 10002 (SPORK_3_INSTANTSEND_BLOCK_FILTERING) value:          0 bestHeight: 1405440 peer=/68.67.122.79:19999 seen 
05:26:39 [NioClientManager] SporkManager - SPORK -- hash: a954a3dde9d3f8f6d4db268edfacf58e9e86b9f0eedaf666c792a144eea62deb id: 10022 (               SPORK_23_QUORUM_POSE) value:          0 bestHeight: 1405440 peer=/68.67.122.79:19999 seen 
05:26:39 [NioClientManager] SporkManager - SPORK -- hash: c0fa2288bfc94099c0bee6c074c950fa990db674024807a67d601153dadfe539 id: 10018 (        SPORK_19_CHAINLOCKS_ENABLED) value:          0 bestHeight: 1405440 peer=/68.67.122.80:19999 seen 
05:26:39 [NioClientManager] SporkManager - SPORK -- hash: c68903921495975e0f00ebd6bca4f6701d1483c897c8224341d8a91dcd110b2e id: 10020 (      SPORK_21_QUORUM_ALL_CONNECTED) value:          1 bestHeight: 1405440 peer=/68.67.122.80:19999 seen 
05:26:39 [NioClientManager] SporkManager - SPORK -- hash: e22c8dbbf3b6277346baec16495ba489ced20755a14e2b5051700d2bfa51fb5b id: 10016 (        SPORK_17_QUORUM_DKG_ENABLED) value:          0 bestHeight: 1405440 peer=/68.67.122.80:19999 seen 
05:26:39 [NioClientManager] SporkManager - SPORK -- hash: 2d1a2040ab918d5e8240e9e92e3a42a46a97073c90679a3df125ee6de113938c id: 10001 (        SPORK_2_INSTANTSEND_ENABLED) value:          0 bestHeight: 1405440 peer=/68.67.122.80:19999 seen 
05:26:39 [NioClientManager] SporkManager - SPORK -- hash: a954a3dde9d3f8f6d4db268edfacf58e9e86b9f0eedaf666c792a144eea62deb id: 10022 (               SPORK_23_QUORUM_POSE) value:          0 bestHeight: 1405440 peer=/68.67.122.80:19999 seen 
05:26:39 [NioClientManager] SporkManager - SPORK -- hash: d1d32f00374284b19ee33f9ef19386055fd15091ce4a476ab58701603594cc5e id: 10002 (SPORK_3_INSTANTSEND_BLOCK_FILTERING) value:          0 bestHeight: 1405440 peer=/68.67.122.80:19999 seen 
05:26:39 [NioClientManager] SporkManager - SPORK -- hash: b9d783455f2df58f1844e4b13ec13bccd1170ed0250c0be09ee6a7664175db47 id: 10008 (        SPORK_9_SUPERBLOCKS_ENABLED) value:          0 bestHeight: 1405440 peer=/68.67.122.80:19999 seen 
05:26:39 [NioClientManager] SporkManager - SPORK -- hash: c68903921495975e0f00ebd6bca4f6701d1483c897c8224341d8a91dcd110b2e id: 10020 (      SPORK_21_QUORUM_ALL_CONNECTED) value:          1 bestHeight: 1405440 peer=/68.67.122.81:19999 seen 
05:26:39 [NioClientManager] SporkManager - SPORK -- hash: c0fa2288bfc94099c0bee6c074c950fa990db674024807a67d601153dadfe539 id: 10018 (        SPORK_19_CHAINLOCKS_ENABLED) value:          0 bestHeight: 1405440 peer=/68.67.122.81:19999 seen 
05:26:39 [NioClientManager] SporkManager - SPORK -- hash: e22c8dbbf3b6277346baec16495ba489ced20755a14e2b5051700d2bfa51fb5b id: 10016 (        SPORK_17_QUORUM_DKG_ENABLED) value:          0 bestHeight: 1405440 peer=/68.67.122.81:19999 seen 
05:26:39 [NioClientManager] SporkManager - SPORK -- hash: a954a3dde9d3f8f6d4db268edfacf58e9e86b9f0eedaf666c792a144eea62deb id: 10022 (               SPORK_23_QUORUM_POSE) value:          0 bestHeight: 1405440 peer=/68.67.122.81:19999 seen 
05:26:39 [NioClientManager] SporkManager - SPORK -- hash: d1d32f00374284b19ee33f9ef19386055fd15091ce4a476ab58701603594cc5e id: 10002 (SPORK_3_INSTANTSEND_BLOCK_FILTERING) value:          0 bestHeight: 1405440 peer=/68.67.122.81:19999 seen 
05:26:39 [NioClientManager] SporkManager - SPORK -- hash: b9d783455f2df58f1844e4b13ec13bccd1170ed0250c0be09ee6a7664175db47 id: 10008 (        SPORK_9_SUPERBLOCKS_ENABLED) value:          0 bestHeight: 1405440 peer=/68.67.122.81:19999 seen 
05:26:39 [NioClientManager] SporkManager - SPORK -- hash: 2d1a2040ab918d5e8240e9e92e3a42a46a97073c90679a3df125ee6de113938c id: 10001 (        SPORK_2_INSTANTSEND_ENABLED) value:          0 bestHeight: 1405440 peer=/68.67.122.81:19999 seen 
05:26:39 [DefaultDispatcher-worker-7] BlockchainServiceImpl - network capabilities changed: 100, hasInternet: true, validated: true
05:26:39 [DefaultDispatcher-worker-7] BlockchainServiceImpl - acquiring check() mutex
05:26:39 [DefaultDispatcher-worker-7] BlockchainServiceImpl - check()
05:26:39 [DefaultDispatcher-worker-7] BlockchainServiceImpl - releasing check() mutex
05:26:39 [NioClientManager] SporkManager - SPORK -- hash: c0fa2288bfc94099c0bee6c074c950fa990db674024807a67d601153dadfe539 id: 10018 (        SPORK_19_CHAINLOCKS_ENABLED) value:          0 bestHeight: 1405440 peer=/68.67.122.79:19999 seen 
05:26:39 [NioClientManager] SporkManager - SPORK -- hash: b9d783455f2df58f1844e4b13ec13bccd1170ed0250c0be09ee6a7664175db47 id: 10008 (        SPORK_9_SUPERBLOCKS_ENABLED) value:          0 bestHeight: 1405440 peer=/68.67.122.79:19999 seen 
05:26:40 [NioClientManager] ChainLocksHandler - process chainlock: 2e18d864d4eb0cc411d2d171bcfd1a47046e0290fdb02a8a8e3c301f305b9f67
05:26:40 [NioClientManager] ChainLocksHandler - ChainLock not verified due to missing quorum, try again in 5 seconds
05:26:41 [NioClientManager] Headers2Message - Parsing headers2 message: numHeaders=8000, payloadLength=344041
05:26:41 [NioClientManager] DownloadProgressTracker - Header download 1% done with 143119 blocks to go, block date 2026-02-02T11:00:32Z
05:26:41 [dashj user thread] DownloadProgressTracker - Header download 1% done with 143119 blocks to go, block date 2026-02-02T11:00:32Z
05:26:41 [NioClientManager] BlockchainServiceImpl - progress 1
05:26:41 [NioClientManager] Peer - processing headers till 1413440
05:26:41 [NioClientManager] Peer - Requesting compressed headers from: Peer{[68.67.122.82]:19999, version=70240, subVer=/Dash Core:23.1.8(dcg-masternode-53)/, services=7237 (NETWORK, BLOOM, NETWORK_LIMITED, COMPACT_FILTERS, HEADERS_COMPRESSED, remaining: 1000001000000), time=2026-09-19 00:26:39, height=1556559}
05:26:41 [DefaultDispatcher-worker-16] MainViewModel - blockchain state update: mnlist=-1; chain=1405440
05:26:41 [main] HistoryHeaderAdapter - set invite, synced = false
05:26:42 [PeerGroup Thread] PeerGroup$ChainDownloadSpeedCalculator - 0 blocks/sec, 0 tx/sec, 0 pre-filtered tx/sec, 2000 headers/sec, 0 mnlistdiff/sec, avg/last 5.91/156.25 kilobytes per sec, chain/common height 1405440/1556559 (warming up 12 more seconds)
05:26:42 [Wallet autosave thread] WalletFiles - Background saving wallet; last seen block is height -1, date unknown, hash null
05:26:42 [Wallet autosave thread] CoinJoinExtension - CoinJoinExtension serialization: 6ms total (keys:3ms[2006], cache:0ms[0], salt:0ms, io:2ms, size:208967bytes, buffer:64KB)
05:26:42 [Wallet autosave thread] WalletProtobufSerializer - walletToProto (serial=8) timing: 16ms total, init=0ms, tx=0ms[0], keys=0ms, scripts=0ms[0], metadata=0ms, ext=14ms, friendRecv=0ms, friendSend=0ms, build=0ms
05:26:42 [Wallet autosave thread] WalletProtobufSerializer - writeWallet timing: 16ms total (16ms/100% serialization, 0ms/0% I/O) buffer=8KB
05:26:42 [Wallet autosave thread] WalletFiles - Save completed in 24.24 ms (273780 bytes); /data/user/0/hashengineering.darkcoin.wallet_test/files/wallet-protobuf-testnet
05:26:42 [DefaultDispatcher-worker-16] BlockchainServiceImpl - network capabilities changed: 100, hasInternet: true, validated: true
05:26:42 [DefaultDispatcher-worker-16] BlockchainServiceImpl - acquiring check() mutex
05:26:42 [DefaultDispatcher-worker-16] BlockchainServiceImpl - check()
05:26:42 [DefaultDispatcher-worker-16] BlockchainServiceImpl - releasing check() mutex
05:26:43 [DefaultDispatcher-worker-6] CoinJoinMixingService - coinjoin-state: NONE, 6484 ms, true, CONNECTED, synced: false, true
05:26:43 [DefaultDispatcher-worker-6] CoinJoinMixingService - coinjoin-state-mixing: NOT_STARTED -> NOT_STARTED
05:26:43 [DefaultDispatcher-worker-6] TimeUtils - timeskew: 6484; using last value
05:26:43 [DefaultDispatcher-worker-6] CoinJoinMixingService - coinjoin-state: NONE, 6484 ms, true, CONNECTED, synced: false, true
05:26:43 [DefaultDispatcher-worker-6] CoinJoinMixingService - coinjoin-state-mixing: NOT_STARTED -> NOT_STARTED
05:26:43 [DefaultDispatcher-worker-6] BLSJniLibrary - Initializing BLS JNI Library
05:26:43 [DefaultDispatcher-worker-6] CoinJoinMixingService - coinjoin: anonymizable balance 0.00 DASH, denominatedBalance: 0.00 DASH
05:26:43 [DefaultDispatcher-worker-6] CoinJoinMixingService - timing: denominatedBalance 63.17 μs
05:26:43 [DefaultDispatcher-worker-6] CoinJoinMixingService - timing: denominatedBalance 4.583 μs
05:26:43 [DefaultDispatcher-worker-6] CoinJoinMixingService - timing: coinJoinBalance 15.58 μs
05:26:43 [DefaultDispatcher-worker-6] CoinJoinMixingService - coinjoin: can mix balance: true = balance: (false && canDenominate: true) || partially-mixed: false
05:26:43 [DefaultDispatcher-worker-6] TimeUtils - timeskew: 6484; using last value
05:26:43 [DefaultDispatcher-worker-6] CoinJoinMixingService - coinjoin-state: NONE, 6484 ms, true, CONNECTED, synced: false, true
05:26:43 [DefaultDispatcher-worker-6] CoinJoinMixingService - coinjoin-state-mixing: NOT_STARTED -> NOT_STARTED
05:26:43 [DefaultDispatcher-worker-6] TimeUtils - timeskew: 6484; using last value
05:26:43 [DefaultDispatcher-worker-6] CoinJoinMixingService - coinjoin-state: NONE, 6484 ms, true, CONNECTED, synced: false, true
05:26:43 [DefaultDispatcher-worker-6] CoinJoinMixingService - coinjoin-state-mixing: NOT_STARTED -> NOT_STARTED
05:26:43 [OkHttp https://www.dash.org/...] Constants - --> HEAD https://www.dash.org/
05:26:43 [NioClientManager] Headers2Message - Parsing headers2 message: numHeaders=8000, payloadLength=344041
05:26:43 [OkHttp https://www.dash.org/...] Constants - <-- 200 https://www.dash.org/ (164ms, 0-byte body)
05:26:43 [DefaultDispatcher-worker-3] TimeUtils - timeskew: network time is 1789795603000
05:26:43 [DefaultDispatcher-worker-3] CoinJoinMixingService - coinjoin-state: NONE, 662 ms, true, CONNECTED, synced: false, true
05:26:43 [DefaultDispatcher-worker-3] CoinJoinMixingService - coinjoin-state-mixing: NOT_STARTED -> NOT_STARTED
05:26:43 [dashj user thread] DownloadProgressTracker - Header download 3% done with 135119 blocks to go, block date 2026-02-15T11:08:36Z
05:26:43 [NioClientManager] DownloadProgressTracker - Header download 3% done with 135119 blocks to go, block date 2026-02-15T11:08:36Z
05:26:43 [NioClientManager] BlockchainServiceImpl - progress 3
05:26:43 [NioClientManager] Peer - processing headers till 1421440
05:26:43 [NioClientManager] Peer - Requesting compressed headers from: Peer{[68.67.122.82]:19999, version=70240, subVer=/Dash Core:23.1.8(dcg-masternode-53)/, services=7237 (NETWORK, BLOOM, NETWORK_LIMITED, COMPACT_FILTERS, HEADERS_COMPRESSED, remaining: 1000001000000), time=2026-09-19 00:26:39, height=1556559}
05:26:43 [DefaultDispatcher-worker-5] MainViewModel - blockchain state update: mnlist=-1; chain=1405440
05:26:44 [PeerGroup Thread] PeerGroup$ChainDownloadSpeedCalculator - 0 blocks/sec, 0 tx/sec, 0 pre-filtered tx/sec, 2000 headers/sec, 0 mnlistdiff/sec, avg/last 11.07/156.25 kilobytes per sec, chain/common height 1405440/1556559 (warming up 10 more seconds)
05:26:45 [NioClientManager] Headers2Message - Parsing headers2 message: numHeaders=8000, payloadLength=344037
05:26:45 [NioClientManager] DownloadProgressTracker - Header download 4% done with 127119 blocks to go, block date 2026-02-28T11:14:22Z
05:26:45 [dashj user thread] DownloadProgressTracker - Header download 4% done with 127119 blocks to go, block date 2026-02-28T11:14:22Z
05:26:45 [NioClientManager] BlockchainServiceImpl - progress 4
05:26:45 [NioClientManager] Peer - processing headers till 1429440
05:26:45 [NioClientManager] Peer - Requesting compressed headers from: Peer{[68.67.122.82]:19999, version=70240, subVer=/Dash Core:23.1.8(dcg-masternode-53)/, services=7237 (NETWORK, BLOOM, NETWORK_LIMITED, COMPACT_FILTERS, HEADERS_COMPRESSED, remaining: 1000001000000), time=2026-09-19 00:26:39, height=1556559}
05:26:45 [DefaultDispatcher-worker-7] MainViewModel - blockchain state update: mnlist=-1; chain=1405440
05:26:45 [DefaultDispatcher-worker-7] BlockchainServiceImpl - network capabilities changed: 100, hasInternet: true, validated: true
05:26:45 [DefaultDispatcher-worker-7] BlockchainServiceImpl - acquiring check() mutex
05:26:45 [DefaultDispatcher-worker-7] BlockchainServiceImpl - check()
05:26:45 [DefaultDispatcher-worker-7] BlockchainServiceImpl - releasing check() mutex
05:26:46 [PeerGroup Thread] PeerGroup$ChainDownloadSpeedCalculator - 0 blocks/sec, 0 tx/sec, 0 pre-filtered tx/sec, 2000 headers/sec, 0 mnlistdiff/sec, avg/last 16.22/156.25 kilobytes per sec, chain/common height 1405440/1556559 (warming up 8 more seconds)
05:26:46 [OkHttp https://www.dash.org/...] Constants - --> HEAD https://www.dash.org/
05:26:46 [OkHttp https://www.dash.org/...] Constants - <-- 200 https://www.dash.org/ (66ms, 0-byte body)
05:26:46 [DefaultDispatcher-worker-4] TimeUtils - timeskew: network time is 1789795606000
05:26:46 [DefaultDispatcher-worker-4] CoinJoinMixingService - coinjoin-state: NONE, 557 ms, true, CONNECTED, synced: false, true
05:26:46 [DefaultDispatcher-worker-4] CoinJoinMixingService - coinjoin-state-mixing: NOT_STARTED -> NOT_STARTED
05:26:47 [NioClientManager] Headers2Message - Parsing headers2 message: numHeaders=8000, payloadLength=344041
05:26:47 [dashj user thread] DownloadProgressTracker - Header download 6% done with 119119 blocks to go, block date 2026-03-12T22:24:22Z
05:26:47 [NioClientManager] DownloadProgressTracker - Header download 6% done with 119119 blocks to go, block date 2026-03-12T22:24:22Z
05:26:47 [NioClientManager] BlockchainServiceImpl - progress 6
05:26:47 [NioClientManager] Peer - processing headers till 1437440
05:26:47 [NioClientManager] Peer - Requesting compressed headers from: Peer{[68.67.122.82]:19999, version=70240, subVer=/Dash Core:23.1.8(dcg-masternode-53)/, services=7237 (NETWORK, BLOOM, NETWORK_LIMITED, COMPACT_FILTERS, HEADERS_COMPRESSED, remaining: 1000001000000), time=2026-09-19 00:26:39, height=1556559}
05:26:47 [DefaultDispatcher-worker-4] MainViewModel - blockchain state update: mnlist=-1; chain=1405440
05:26:48 [PeerGroup Thread] PeerGroup$ChainDownloadSpeedCalculator - 0 blocks/sec, 0 tx/sec, 0 pre-filtered tx/sec, 2000 headers/sec, 0 mnlistdiff/sec, avg/last 21.38/156.25 kilobytes per sec, chain/common height 1405440/1556559 (warming up 6 more seconds)
05:26:49 [NioClientManager] Headers2Message - Parsing headers2 message: numHeaders=8000, payloadLength=344037
05:26:49 [NioClientManager] DownloadProgressTracker - Header download 7% done with 111119 blocks to go, block date 2026-03-24T21:15:50Z
05:26:49 [NioClientManager] BlockchainServiceImpl - progress 7
05:26:49 [NioClientManager] Peer - processing headers till 1445440
05:26:49 [NioClientManager] Peer - Requesting compressed headers from: Peer{[68.67.122.82]:19999, version=70240, subVer=/Dash Core:23.1.8(dcg-masternode-53)/, services=7237 (NETWORK, BLOOM, NETWORK_LIMITED, COMPACT_FILTERS, HEADERS_COMPRESSED, remaining: 1000001000000), time=2026-09-19 00:26:39, height=1556559}
05:26:49 [dashj user thread] DownloadProgressTracker - Header download 7% done with 111119 blocks to go, block date 2026-03-24T21:15:50Z
05:26:50 [DefaultDispatcher-worker-6] MainViewModel - blockchain state update: mnlist=-1; chain=1405440
05:26:50 [PeerGroup Thread] PeerGroup$ChainDownloadSpeedCalculator - 0 blocks/sec, 0 tx/sec, 0 pre-filtered tx/sec, 2000 headers/sec, 0 mnlistdiff/sec, avg/last 26.54/156.25 kilobytes per sec, chain/common height 1405440/1556559 (warming up 4 more seconds)
05:26:51 [NioClientManager] Headers2Message - Parsing headers2 message: numHeaders=8000, payloadLength=344045
05:26:51 [dashj user thread] DownloadProgressTracker - Header download 9% done with 103119 blocks to go, block date 2026-04-06T19:32:59Z
05:26:51 [NioClientManager] DownloadProgressTracker - Header download 9% done with 103119 blocks to go, block date 2026-04-06T19:32:59Z
05:26:51 [NioClientManager] BlockchainServiceImpl - progress 9
05:26:51 [NioClientManager] Peer - processing headers till 1453440
05:26:51 [NioClientManager] Peer - Requesting compressed headers from: Peer{[68.67.122.82]:19999, version=70240, subVer=/Dash Core:23.1.8(dcg-masternode-53)/, services=7237 (NETWORK, BLOOM, NETWORK_LIMITED, COMPACT_FILTERS, HEADERS_COMPRESSED, remaining: 1000001000000), time=2026-09-19 00:26:39, height=1556559}
05:26:51 [DefaultDispatcher-worker-7] MainViewModel - blockchain state update: mnlist=-1; chain=1405440
05:26:52 [PeerGroup Thread] PeerGroup$ChainDownloadSpeedCalculator - 0 blocks/sec, 0 tx/sec, 0 pre-filtered tx/sec, 2000 headers/sec, 0 mnlistdiff/sec, avg/last 31.69/156.25 kilobytes per sec, chain/common height 1405440/1556559 (warming up 2 more seconds)
05:26:53 [NioClientManager] Headers2Message - Parsing headers2 message: numHeaders=8000, payloadLength=344045
05:26:53 [NioClientManager] DownloadProgressTracker - Header download 11% done with 95119 blocks to go, block date 2026-04-19T18:15:37Z
05:26:53 [NioClientManager] BlockchainServiceImpl - progress 11
05:26:53 [NioClientManager] Peer - processing headers till 1461440
05:26:53 [NioClientManager] Peer - Requesting compressed headers from: Peer{[68.67.122.82]:19999, version=70240, subVer=/Dash Core:23.1.8(dcg-masternode-53)/, services=7237 (NETWORK, BLOOM, NETWORK_LIMITED, COMPACT_FILTERS, HEADERS_COMPRESSED, remaining: 1000001000000), time=2026-09-19 00:26:39, height=1556559}
05:26:53 [dashj user thread] DownloadProgressTracker - Header download 11% done with 95119 blocks to go, block date 2026-04-19T18:15:37Z
05:26:53 [DefaultDispatcher-worker-3] MainViewModel - blockchain state update: mnlist=-1; chain=1405440
05:26:54 [PeerGroup Thread] PeerGroup$ChainDownloadSpeedCalculator - 0 blocks/sec, 0 tx/sec, 0 pre-filtered tx/sec, 2000 headers/sec, 0 mnlistdiff/sec, avg/last 36.85/156.25 kilobytes per sec, chain/common height 1405440/1556559 (warming up 0 more seconds)
05:26:55 [NioClientManager] Headers2Message - Parsing headers2 message: numHeaders=8000, payloadLength=344045
05:26:55 [PeerGroup Thread] PeerGroup$ChainDownloadSpeedCalculator - 0 blocks/sec, 0 tx/sec, 0 pre-filtered tx/sec, 0 headers/sec, 0 mnlistdiff/sec, avg/last 36.82/0.00 kilobytes per sec, chain/common height 1405440/1556559, not stalled (threshold <0.39 KB/sec for 30 seconds)
05:26:55 [NioClientManager] DownloadProgressTracker - Header download 12% done with 87119 blocks to go, block date 2026-05-02T19:59:35Z
05:26:55 [NioClientManager] BlockchainServiceImpl - progress 12
05:26:55 [NioClientManager] Peer - processing headers till 1469440
05:26:55 [NioClientManager] Peer - Requesting compressed headers from: Peer{[68.67.122.82]:19999, version=70240, subVer=/Dash Core:23.1.8(dcg-masternode-53)/, services=7237 (NETWORK, BLOOM, NETWORK_LIMITED, COMPACT_FILTERS, HEADERS_COMPRESSED, remaining: 1000001000000), time=2026-09-19 00:26:39, height=1556559}
05:26:55 [dashj user thread] DownloadProgressTracker - Header download 12% done with 87119 blocks to go, block date 2026-05-02T19:59:35Z
05:26:55 [DefaultDispatcher-worker-5] MainViewModel - blockchain state update: mnlist=-1; chain=1405440
05:26:56 [PeerGroup Thread] PeerGroup$ChainDownloadSpeedCalculator - 0 blocks/sec, 0 tx/sec, 0 pre-filtered tx/sec, 2000 headers/sec, 0 mnlistdiff/sec, avg/last 42.00/156.25 kilobytes per sec, chain/common height 1405440/1556559, not stalled (threshold <0.39 KB/sec for 30 seconds)
05:26:56 [NioClientManager] Headers2Message - Parsing headers2 message: numHeaders=8000, payloadLength=344045
05:26:56 [NioClientManager] DownloadProgressTracker - Header download 14% done with 79119 blocks to go, block date 2026-05-15T20:11:53Z
05:26:56 [dashj user thread] DownloadProgressTracker - Header download 14% done with 79119 blocks to go, block date 2026-05-15T20:11:53Z
05:26:56 [NioClientManager] BlockchainServiceImpl - progress 14
05:26:56 [NioClientManager] Peer - processing headers till 1477440
05:26:56 [NioClientManager] Peer - Requesting compressed headers from: Peer{[68.67.122.82]:19999, version=70240, subVer=/Dash Core:23.1.8(dcg-masternode-53)/, services=7237 (NETWORK, BLOOM, NETWORK_LIMITED, COMPACT_FILTERS, HEADERS_COMPRESSED, remaining: 1000001000000), time=2026-09-19 00:26:39, height=1556559}
05:26:56 [DefaultDispatcher-worker-7] MainViewModel - blockchain state update: mnlist=-1; chain=1405440
05:26:57 [main] WalletActivityTracker - activity lifecycle: current: MainActivity, activities: 1 visible: 1 foreground: 1
05:26:57 [main] DeviceInfoProvider - Detecting currency based on device, mobile network or locale:
05:26:57 [main] DeviceInfoProvider - Device Sim Country: us
05:26:57 [main] MainViewModel - Updating currency exchange rate based on country: US
05:26:57 [DefaultDispatcher-worker-6] TimeUtils - timeskew: 557; using last value
05:26:57 [DefaultDispatcher-worker-6] CoinJoinMixingService - coinjoin-state: NONE, 557 ms, true, CONNECTED, synced: false, true
05:26:57 [DefaultDispatcher-worker-6] CoinJoinMixingService - coinjoin-state-mixing: NOT_STARTED -> NOT_STARTED
05:26:57 [main] BlockchainServiceImpl - .onStartCommand(Intent { act=de.schildbach.wallet.service.cancel_coins_received cmp=hashengineering.darkcoin.wallet_test/de.schildbach.wallet.service.BlockchainServiceImpl })
05:26:57 [DefaultDispatcher-worker-4] BlockchainServiceImpl - onStartCommand waiting for onCreate to complete...
05:26:57 [DefaultDispatcher-worker-4] BlockchainServiceImpl - onCreate completed, processing onStartCommand
05:26:57 [DefaultDispatcher-worker-4] BLSJniLibrary - Initializing BLS JNI Library
05:26:57 [DefaultDispatcher-worker-4] BlockchainServiceImpl - service start command: Intent { act=de.schildbach.wallet.service.cancel_coins_received cmp=hashengineering.darkcoin.wallet_test/de.schildbach.wallet.service.BlockchainServiceImpl }
05:26:57 [DefaultDispatcher-worker-4] BlockchainServiceImpl - .onStartCommand(Intent { act=de.schildbach.wallet.service.cancel_coins_received cmp=hashengineering.darkcoin.wallet_test/de.schildbach.wallet.service.BlockchainServiceImpl }) finished
05:26:57 [PeerGroup Thread] PeerGroup$ChainDownloadSpeedCalculator - 0 blocks/sec, 0 tx/sec, 0 pre-filtered tx/sec, 2000 headers/sec, 0 mnlistdiff/sec, avg/last 47.19/156.25 kilobytes per sec, chain/common height 1405440/1556559, not stalled (threshold <0.39 KB/sec for 30 seconds)
05:26:57 [DefaultDispatcher-worker-7] BlockchainServiceImpl - network capabilities changed: 100, hasInternet: true, validated: true
05:26:57 [DefaultDispatcher-worker-7] BlockchainServiceImpl - acquiring check() mutex
05:26:57 [DefaultDispatcher-worker-7] BlockchainServiceImpl - check()
05:26:57 [DefaultDispatcher-worker-7] BlockchainServiceImpl - releasing check() mutex
05:26:58 [PeerGroup Thread] PeerGroup$ChainDownloadSpeedCalculator - 0 blocks/sec, 0 tx/sec, 0 pre-filtered tx/sec, 0 headers/sec, 0 mnlistdiff/sec, avg/last 47.16/0.00 kilobytes per sec, chain/common height 1405440/1556559, not stalled (threshold <0.39 KB/sec for 30 seconds)
05:26:58 [NioClientManager] Headers2Message - Parsing headers2 message: numHeaders=8000, payloadLength=344037
05:26:58 [NioClientManager] DownloadProgressTracker - Header download 15% done with 71119 blocks to go, block date 2026-05-28T20:37:41Z
05:26:58 [dashj user thread] DownloadProgressTracker - Header download 15% done with 71119 blocks to go, block date 2026-05-28T20:37:41Z
05:26:58 [NioClientManager] BlockchainServiceImpl - progress 15
05:26:58 [NioClientManager] Peer - processing headers till 1485440
05:26:58 [NioClientManager] Peer - Requesting compressed headers from: Peer{[68.67.122.82]:19999, version=70240, subVer=/Dash Core:23.1.8(dcg-masternode-53)/, services=7237 (NETWORK, BLOOM, NETWORK_LIMITED, COMPACT_FILTERS, HEADERS_COMPRESSED, remaining: 1000001000000), time=2026-09-19 00:26:39, height=1556559}
05:26:58 [DefaultDispatcher-worker-4] MainViewModel - blockchain state update: mnlist=-1; chain=1405440
05:26:59 [PeerGroup Thread] PeerGroup$ChainDownloadSpeedCalculator - 0 blocks/sec, 0 tx/sec, 0 pre-filtered tx/sec, 2000 headers/sec, 0 mnlistdiff/sec, avg/last 52.34/156.25 kilobytes per sec, chain/common height 1405440/1556559, not stalled (threshold <0.39 KB/sec for 30 seconds)
05:26:59 [NioClientManager] Headers2Message - Parsing headers2 message: numHeaders=8000, payloadLength=344045
05:26:59 [dashj user thread] DownloadProgressTracker - Header download 17% done with 63119 blocks to go, block date 2026-06-10T14:30:28Z
05:26:59 [NioClientManager] DownloadProgressTracker - Header download 17% done with 63119 blocks to go, block date 2026-06-10T14:30:28Z
05:26:59 [NioClientManager] BlockchainServiceImpl - progress 17
05:26:59 [NioClientManager] Peer - processing headers till 1493440
05:26:59 [NioClientManager] Peer - Requesting compressed headers from: Peer{[68.67.122.82]:19999, version=70240, subVer=/Dash Core:23.1.8(dcg-masternode-53)/, services=7237 (NETWORK, BLOOM, NETWORK_LIMITED, COMPACT_FILTERS, HEADERS_COMPRESSED, remaining: 1000001000000), time=2026-09-19 00:26:39, height=1556559}
05:26:59 [DefaultDispatcher-worker-7] MainViewModel - blockchain state update: mnlist=-1; chain=1405440
05:27:00 [PeerGroup Thread] PeerGroup$ChainDownloadSpeedCalculator - 0 blocks/sec, 0 tx/sec, 0 pre-filtered tx/sec, 2000 headers/sec, 0 mnlistdiff/sec, avg/last 57.53/156.25 kilobytes per sec, chain/common height 1405440/1556559, not stalled (threshold <0.39 KB/sec for 30 seconds)
05:27:00 [DefaultDispatcher-worker-7] BlockchainServiceImpl - network capabilities changed: 100, hasInternet: true, validated: true
05:27:00 [DefaultDispatcher-worker-7] BlockchainServiceImpl - acquiring check() mutex
05:27:00 [DefaultDispatcher-worker-7] BlockchainServiceImpl - check()
05:27:00 [DefaultDispatcher-worker-7] BlockchainServiceImpl - releasing check() mutex
05:27:01 [PeerGroup Thread] PeerGroup$ChainDownloadSpeedCalculator - 0 blocks/sec, 0 tx/sec, 0 pre-filtered tx/sec, 0 headers/sec, 0 mnlistdiff/sec, avg/last 57.50/0.00 kilobytes per sec, chain/common height 1405440/1556559, not stalled (threshold <0.39 KB/sec for 30 seconds)
05:27:01 [NioClientManager] Headers2Message - Parsing headers2 message: numHeaders=8000, payloadLength=344045
05:27:01 [NioClientManager] DownloadProgressTracker - Header download 19% done with 55119 blocks to go, block date 2026-06-23T10:32:36Z
05:27:01 [NioClientManager] BlockchainServiceImpl - progress 19
05:27:01 [dashj user thread] DownloadProgressTracker - Header download 19% done with 55119 blocks to go, block date 2026-06-23T10:32:36Z
05:27:01 [NioClientManager] Peer - processing headers till 1501440
05:27:01 [NioClientManager] Peer - Requesting compressed headers from: Peer{[68.67.122.82]:19999, version=70240, subVer=/Dash Core:23.1.8(dcg-masternode-53)/, services=7237 (NETWORK, BLOOM, NETWORK_LIMITED, COMPACT_FILTERS, HEADERS_COMPRESSED, remaining: 1000001000000), time=2026-09-19 00:26:39, height=1556559}
05:27:01 [DefaultDispatcher-worker-9] MainViewModel - blockchain state update: mnlist=-1; chain=1405440
05:27:02 [PeerGroup Thread] PeerGroup$ChainDownloadSpeedCalculator - 0 blocks/sec, 0 tx/sec, 0 pre-filtered tx/sec, 2000 headers/sec, 0 mnlistdiff/sec, avg/last 62.68/156.25 kilobytes per sec, chain/common height 1405440/1556559, not stalled (threshold <0.39 KB/sec for 30 seconds)
05:27:02 [NioClientManager] Headers2Message - Parsing headers2 message: numHeaders=8000, payloadLength=344029
05:27:02 [NioClientManager] DownloadProgressTracker - Header download 20% done with 47119 blocks to go, block date 2026-07-06T09:22:41Z
05:27:02 [dashj user thread] DownloadProgressTracker - Header download 20% done with 47119 blocks to go, block date 2026-07-06T09:22:41Z
05:27:02 [NioClientManager] BlockchainServiceImpl - progress 20
05:27:02 [NioClientManager] Peer - processing headers till 1509440
05:27:02 [NioClientManager] Peer - Requesting compressed headers from: Peer{[68.67.122.82]:19999, version=70240, subVer=/Dash Core:23.1.8(dcg-masternode-53)/, services=7237 (NETWORK, BLOOM, NETWORK_LIMITED, COMPACT_FILTERS, HEADERS_COMPRESSED, remaining: 1000001000000), time=2026-09-19 00:26:39, height=1556559}
05:27:02 [DefaultDispatcher-worker-3] MainViewModel - blockchain state update: mnlist=-1; chain=1405440
05:27:03 [PeerGroup Thread] PeerGroup$ChainDownloadSpeedCalculator - 0 blocks/sec, 0 tx/sec, 0 pre-filtered tx/sec, 2000 headers/sec, 0 mnlistdiff/sec, avg/last 67.86/156.25 kilobytes per sec, chain/common height 1405440/1556559, not stalled (threshold <0.39 KB/sec for 30 seconds)
05:27:04 [NioClientManager] Headers2Message - Parsing headers2 message: numHeaders=8000, payloadLength=344045
05:27:04 [NioClientManager] DownloadProgressTracker - Header download 22% done with 39119 blocks to go, block date 2026-07-19T06:55:15Z
05:27:04 [NioClientManager] BlockchainServiceImpl - progress 22
05:27:04 [NioClientManager] Peer - processing headers till 1517440
05:27:04 [dashj user thread] DownloadProgressTracker - Header download 22% done with 39119 blocks to go, block date 2026-07-19T06:55:15Z
05:27:04 [NioClientManager] Peer - Requesting compressed headers from: Peer{[68.67.122.82]:19999, version=70240, subVer=/Dash Core:23.1.8(dcg-masternode-53)/, services=7237 (NETWORK, BLOOM, NETWORK_LIMITED, COMPACT_FILTERS, HEADERS_COMPRESSED, remaining: 1000001000000), time=2026-09-19 00:26:39, height=1556559}
05:27:04 [DefaultDispatcher-worker-3] MainViewModel - blockchain state update: mnlist=-1; chain=1405440
05:27:04 [PeerGroup Thread] PeerGroup$ChainDownloadSpeedCalculator - 0 blocks/sec, 0 tx/sec, 0 pre-filtered tx/sec, 2000 headers/sec, 0 mnlistdiff/sec, avg/last 73.05/156.25 kilobytes per sec, chain/common height 1405440/1556559, not stalled (threshold <0.39 KB/sec for 30 seconds)
05:27:04 [NioClientManager] Headers2Message - Parsing headers2 message: numHeaders=8000, payloadLength=344041
05:27:04 [NioClientManager] DownloadProgressTracker - Header download 23% done with 31119 blocks to go, block date 2026-08-01T02:49:20Z
05:27:04 [NioClientManager] BlockchainServiceImpl - progress 23
05:27:04 [NioClientManager] Peer - processing headers till 1525440
05:27:04 [dashj user thread] DownloadProgressTracker - Header download 23% done with 31119 blocks to go, block date 2026-08-01T02:49:20Z
05:27:04 [NioClientManager] Peer - Requesting compressed headers from: Peer{[68.67.122.82]:19999, version=70240, subVer=/Dash Core:23.1.8(dcg-masternode-53)/, services=7237 (NETWORK, BLOOM, NETWORK_LIMITED, COMPACT_FILTERS, HEADERS_COMPRESSED, remaining: 1000001000000), time=2026-09-19 00:26:39, height=1556559}
05:27:04 [DefaultDispatcher-worker-9] MainViewModel - blockchain state update: mnlist=-1; chain=1405440
05:27:05 [NioClientManager] Headers2Message - Parsing headers2 message: numHeaders=8000, payloadLength=344037
05:27:05 [NioClientManager] DownloadProgressTracker - Header download 25% done with 23119 blocks to go, block date 2026-08-13T14:05:16Z
05:27:05 [NioClientManager] BlockchainServiceImpl - progress 25
05:27:05 [NioClientManager] Peer - processing headers till 1533440
05:27:05 [dashj user thread] DownloadProgressTracker - Header download 25% done with 23119 blocks to go, block date 2026-08-13T14:05:16Z
05:27:05 [NioClientManager] Peer - Requesting compressed headers from: Peer{[68.67.122.82]:19999, version=70240, subVer=/Dash Core:23.1.8(dcg-masternode-53)/, services=7237 (NETWORK, BLOOM, NETWORK_LIMITED, COMPACT_FILTERS, HEADERS_COMPRESSED, remaining: 1000001000000), time=2026-09-19 00:26:39, height=1556559}
05:27:05 [PeerGroup Thread] PeerGroup$ChainDownloadSpeedCalculator - 0 blocks/sec, 0 tx/sec, 0 pre-filtered tx/sec, 4000 headers/sec, 0 mnlistdiff/sec, avg/last 83.44/312.50 kilobytes per sec, chain/common height 1405440/1556559, not stalled (threshold <0.39 KB/sec for 30 seconds)
05:27:05 [DefaultDispatcher-worker-9] MainViewModel - blockchain state update: mnlist=-1; chain=1405440
05:27:05 [NioClientManager] Headers2Message - Parsing headers2 message: numHeaders=8000, payloadLength=344041
05:27:05 [NioClientManager] DownloadProgressTracker - Header download 26% done with 15119 blocks to go, block date 2026-08-26T05:33:58Z
05:27:05 [dashj user thread] DownloadProgressTracker - Header download 26% done with 15119 blocks to go, block date 2026-08-26T05:33:58Z
05:27:05 [NioClientManager] BlockchainServiceImpl - progress 26
05:27:05 [NioClientManager] Peer - processing headers till 1541440
05:27:05 [NioClientManager] Peer - Requesting compressed headers from: Peer{[68.67.122.82]:19999, version=70240, subVer=/Dash Core:23.1.8(dcg-masternode-53)/, services=7237 (NETWORK, BLOOM, NETWORK_LIMITED, COMPACT_FILTERS, HEADERS_COMPRESSED, remaining: 1000001000000), time=2026-09-19 00:26:39, height=1556559}
05:27:05 [DefaultDispatcher-worker-7] MainViewModel - blockchain state update: mnlist=-1; chain=1405440
05:27:05 [NioClientManager] Headers2Message - Parsing headers2 message: numHeaders=8000, payloadLength=344041
05:27:05 [dashj user thread] DownloadProgressTracker - Header download 28% done with 7119 blocks to go, block date 2026-09-07T23:04:08Z
05:27:05 [NioClientManager] DownloadProgressTracker - Header download 28% done with 7119 blocks to go, block date 2026-09-07T23:04:08Z
05:27:05 [NioClientManager] BlockchainServiceImpl - progress 28
05:27:05 [NioClientManager] Peer - processing headers till 1549440
05:27:05 [NioClientManager] Peer - Requesting compressed headers from: Peer{[68.67.122.82]:19999, version=70240, subVer=/Dash Core:23.1.8(dcg-masternode-53)/, services=7237 (NETWORK, BLOOM, NETWORK_LIMITED, COMPACT_FILTERS, HEADERS_COMPRESSED, remaining: 1000001000000), time=2026-09-19 00:26:39, height=1556559}
05:27:05 [NioClientManager] Headers2Message - Parsing headers2 message: numHeaders=7119, payloadLength=306162
05:27:06 [NioClientManager] DownloadProgressTracker - Chain download 30% done with 0 blocks to go, block date 2026-09-19T05:20:22Z
05:27:06 [dashj user thread] DownloadProgressTracker - Chain download 30% done with 0 blocks to go, block date 2026-09-19T05:20:22Z
05:27:06 [NioClientManager] BlockchainServiceImpl - progress 30
05:27:06 [NioClientManager] Peer - processing headers till 1556559
05:27:06 [PeerGroup Thread] PeerGroup - Stage header download completed successfully: true
05:27:06 [PeerGroup Thread] PeerGroup - Sync Stage change from HEADERS to MNLIST
05:27:06 [PeerGroup Thread] AbstractQuorumState - adding 1 block to the GetSimplifiedMasternodeListDiff pending queue of size: 0 : 1556551/0000002192eed763cf8f140381e0f1ceca71f347e103d406fe66dfe2fdbf05fd
05:27:06 [PeerGroup Thread] AbstractQuorumState - requesting: next
05:27:06 [PeerGroup Thread] AbstractQuorumState - download peer = Peer{[68.67.122.82]:19999, version=70240, subVer=/Dash Core:23.1.8(dcg-masternode-53)/, services=7237 (NETWORK, BLOOM, NETWORK_LIMITED, COMPACT_FILTERS, HEADERS_COMPRESSED, remaining: 1000001000000), time=2026-09-19 00:26:39, height=1556559}, but obtaining backup from peerGroup downloadPeer
05:27:06 [PeerGroup Thread] AbstractQuorumState - backup download peer = Peer{[68.67.122.82]:19999, version=70240, subVer=/Dash Core:23.1.8(dcg-masternode-53)/, services=7237 (NETWORK, BLOOM, NETWORK_LIMITED, COMPACT_FILTERS, HEADERS_COMPRESSED, remaining: 1000001000000), time=2026-09-19 00:26:39, height=1556559}
05:27:06 [PeerGroup Thread] AbstractQuorumState - handling next mnlistdiff: 1
05:27:06 [PeerGroup Thread] AbstractQuorumState - sending GetSimplifiedMasternodeListDiff from -1 to 1556551; 
  From 00000bafbc94add76cb75e2ec92894837288a481e5c005f6563d91623bf8bc2c
 To 0000002192eed763cf8f140381e0f1ceca71f347e103d406fe66dfe2fdbf05fd
05:27:06 [PeerGroup Thread] BLSJniLibrary - Initializing BLS JNI Library
05:27:06 [PeerGroup Thread] AbstractQuorumState - message = GetSimplifiedMasternodeListDiff{baseBlockHash=00000bafbc94add76cb75e2ec92894837288a481e5c005f6563d91623bf8bc2c, blockHash=0000002192eed763cf8f140381e0f1ceca71f347e103d406fe66dfe2fdbf05fd}
05:27:06 [quorum-state-QuorumState] BLSJniLibrary - Initializing BLS JNI Library
05:27:06 [PeerGroup Thread] AbstractQuorumState - adding 1 block to the GetQuorumRotationInfo pending queue of size: 0 : 1556559/0000000c5842449fbe943f43a83bf18d49ebba6165d651f9797fb6b57d90c532
05:27:06 [PeerGroup Thread] AbstractQuorumState - requesting: next
05:27:06 [PeerGroup Thread] AbstractQuorumState - download peer = Peer{[68.67.122.82]:19999, version=70240, subVer=/Dash Core:23.1.8(dcg-masternode-53)/, services=7237 (NETWORK, BLOOM, NETWORK_LIMITED, COMPACT_FILTERS, HEADERS_COMPRESSED, remaining: 1000001000000), time=2026-09-19 00:26:39, height=1556559}, but obtaining backup from peerGroup downloadPeer
05:27:06 [PeerGroup Thread] AbstractQuorumState - backup download peer = Peer{[68.67.122.82]:19999, version=70240, subVer=/Dash Core:23.1.8(dcg-masternode-53)/, services=7237 (NETWORK, BLOOM, NETWORK_LIMITED, COMPACT_FILTERS, HEADERS_COMPRESSED, remaining: 1000001000000), time=2026-09-19 00:26:39, height=1556559}
05:27:06 [PeerGroup Thread] AbstractQuorumState - handling next mnlistdiff: 1
05:27:06 [PeerGroup Thread] AbstractQuorumState - sending GetQuorumRotationInfo from -1 to 1556559; 
  From 00000bafbc94add76cb75e2ec92894837288a481e5c005f6563d91623bf8bc2c
 To 0000000c5842449fbe943f43a83bf18d49ebba6165d651f9797fb6b57d90c532
05:27:06 [PeerGroup Thread] QuorumRotationState - requesting next qrinfo 1556559 -> 1556559
05:27:06 [PeerGroup Thread] BLSJniLibrary - Initializing BLS JNI Library
05:27:06 [PeerGroup Thread] AbstractQuorumState - message = GetQuorumRotationInfo{, baseBlockHashes=[00000026ed7f6e4cfe13952f2bc710c0855ee71a9ce47a5df98d64375e207b2c, 00000bafbc94add76cb75e2ec92894837288a481e5c005f6563d91623bf8bc2c], blockRequestHash=0000000c5842449fbe943f43a83bf18d49ebba6165d651f9797fb6b57d90c532, extraShare=true}
05:27:06 [PeerGroup Thread] BlockchainServiceImpl - masternodeListDiffDownloaded:Requesting
05:27:06 [PeerGroup Thread] DownloadProgressTracker - Chain download 30% done while processing Masternode Lists: Requesting
05:27:06 [PeerGroup Thread] BlockchainServiceImpl - progress 30
05:27:06 [quorum-state-QuorumRotationState] BLSJniLibrary - Initializing BLS JNI Library
05:27:06 [dashj user thread] DownloadProgressTracker - Chain download 30% done while processing Masternode Lists: Requesting
05:27:06 [DefaultDispatcher-worker-3] MainViewModel - blockchain state update: mnlist=-1; chain=1405440
05:27:06 [NioClientManager] BlockchainServiceImpl - masternodeListDiffDownloaded:Received
05:27:06 [NioClientManager] DownloadProgressTracker - Chain download 31% done while processing Masternode Lists: Received
05:27:06 [NioClientManager] BlockchainServiceImpl - progress 31
05:27:06 [dashj user thread] DownloadProgressTracker - Chain download 31% done while processing Masternode Lists: Received
05:27:06 [NioClientManager] QuorumState - processing requested mnlistdiff (headersFirst=true) between : -1 & 1556551; Simplified MNList Diff{ adding 373 and removing 0 masternodes while adding 109 and removing 0 quorums }
  00000bafbc94add76cb75e2ec92894837288a481e5c005f6563d91623bf8bc2c -> 0000002192eed763cf8f140381e0f1ceca71f347e103d406fe66dfe2fdbf05fd from Peer{[68.67.122.82]:19999, version=70240, subVer=/Dash Core:23.1.8(dcg-masternode-53)/, services=7237 (NETWORK, BLOOM, NETWORK_LIMITED, COMPACT_FILTERS, HEADERS_COMPRESSED, remaining: 1000001000000), time=2026-09-19 00:26:39, height=1556559}
05:27:06 [NioClientManager] QuorumState - lock acquired when processing mnlistdiff
05:27:06 [NioClientManager] BlockchainServiceImpl - masternodeListDiffDownloaded:Processing
05:27:06 [NioClientManager] DownloadProgressTracker - Chain download 32% done while processing Masternode Lists: Processing
05:27:06 [NioClientManager] BlockchainServiceImpl - progress 32
05:27:06 [dashj user thread] DownloadProgressTracker - Chain download 32% done while processing Masternode Lists: Processing
05:27:06 [NioClientManager] BlockchainServiceImpl - masternodeListDiffDownloaded:ProcessedMasternodes
05:27:06 [dashj user thread] DownloadProgressTracker - Chain download 33% done while processing Masternode Lists: ProcessedMasternodes
05:27:06 [NioClientManager] DownloadProgressTracker - Chain download 33% done while processing Masternode Lists: ProcessedMasternodes
05:27:06 [NioClientManager] BlockchainServiceImpl - progress 33
05:27:06 [NioClientManager] SimplifiedQuorumList - masternode list is missing to verify quorum: 000000af73e7be04f89cfe6b6ceacb565aa8263106d8a66b32a39ef1539dc308
05:27:06 [NioClientManager] SimplifiedQuorumList - masternode list is missing to verify quorum: 0000000ac4f2ccf08b41e1b41272ebd088cdbcc40ca730aa7c19199af1585d15
05:27:06 [NioClientManager] SimplifiedQuorumList - masternode list is missing to verify quorum: 00000031b141189995f1bbe9d6287e29c54cbcea08b711b2988ae8cc2fbbad19
05:27:06 [NioClientManager] SimplifiedQuorumList - masternode list is missing to verify quorum: 0000003e93de8c26131d31bf3892c20db6d0778c33bb96de4a50003c0c21b325
05:27:06 [NioClientManager] SimplifiedQuorumList - masternode list is missing to verify quorum: 0000009e1e2733f61b40725ecbb796e04cf74644dd670e32cbb1e703bb931627
05:27:06 [NioClientManager] SimplifiedQuorumList - masternode list is missing to verify quorum: 0000005ae9425b57ffad9f17776688d77990a548ad2a24bb3760d718546c8a29
05:27:06 [NioClientManager] SimplifiedQuorumList - masternode list is missing to verify quorum: 0000006fd9701e4371a90adcab770e68899ac259af03b51f1fdd66c1d60bad2c
05:27:06 [NioClientManager] SimplifiedQuorumList - masternode list is missing to verify quorum: 0000007cd24c8f64b5f905b2750a93a7fea599dbc85a94b987e6e505055a4b3f
05:27:06 [NioClientManager] SimplifiedQuorumList - masternode list is missing to verify quorum: 000000414b135c965754200a14476bfbe606a05ba777590a1efa727fbd5aeb40
05:27:06 [NioClientManager] SimplifiedQuorumList - masternode list is missing to verify quorum: 00000098d84a44b55cd1d0a016de6f445449d35035a67ba5f912f0687fcb6845
05:27:06 [NioClientManager] SimplifiedQuorumList - masternode list is missing to verify quorum: 0000007faecc015ae9afe45366c303328e207deab0156a2ea6f925615d394148
05:27:06 [NioClientManager] SimplifiedQuorumList - masternode list is missing to verify quorum: 0000004a1367d671546a082ee63b3c9b0cfbffbab0c512bbc519c4f36acaf84c
05:27:06 [NioClientManager] SimplifiedQuorumList - masternode list is missing to verify quorum: 00000044018deb827cec42a7b32bef547b4653fc5df0871086b1b2b625ec1254
05:27:06 [NioClientManager] SimplifiedQuorumList - masternode list is missing to verify quorum: 00000087340e3b31a2604ccf0f4a891248ef2a98ed5ca4ff46fa49100c9a7c54
05:27:06 [NioClientManager] SimplifiedQuorumList - masternode list is missing to verify quorum: 00000079aa35e59af6f1eb79b4b7b2f6828be7995cb859d4ca578e8bcfa00b59
05:27:06 [NioClientManager] SimplifiedQuorumList - masternode list is missing to verify quorum: 00000076b87206127b82f482e741df327a4a1b1682559c6894443efa55370361
05:27:06 [NioClientManager] SimplifiedQuorumList - masternode list is missing to verify quorum: 000000258e7f1cd8cc9858cf6e67912ac9c946a0ec1158744399eb2b292c4a6d
05:27:06 [NioClientManager] SimplifiedQuorumList - masternode list is missing to verify quorum: 000000a8d5f66a526478772a746dafbf7662c8a545418cd0f7c266728b1609a2
05:27:06 [NioClientManager] SimplifiedQuorumList - masternode list is missing to verify quorum: 0000000abcec6ba591caf6843c269bf05c70e1675feebc15e6412f2d8d4d17b7
05:27:06 [NioClientManager] SimplifiedQuorumList - masternode list is missing to verify quorum: 0000001a075683c77f059628bbd08a3180d5ee07a73d46750945cf5fc7b16eba
05:27:06 [NioClientManager] SimplifiedQuorumList - masternode list is missing to verify quorum: 000000993aef8dc8281edbc3fdd02853fc4f06dcdb5cef2547c56695331429be
05:27:06 [NioClientManager] SimplifiedQuorumList - masternode list is missing to verify quorum: 000000160feb7a8e84b6a091cc58be39a2103c5e5f8a9f89f4ebf58795c9b6d9
05:27:06 [NioClientManager] SimplifiedQuorumList - masternode list is missing to verify quorum: 00000088f3f12eee09646970914912b0194d86aeed97a497bd1c5814e40fabe3
05:27:06 [NioClientManager] SimplifiedQuorumList - masternode list is missing to verify quorum: 0000006b73b79f3329028461c50b4b2d94f0093d2838624add674312befcfaf0
05:27:06 [NioClientManager] ChainLocksHandler - cannot find block hash: 0000006faac9003919a6d5456a0a46ae10db517f572221279f0540b79fd9cf1b
05:27:06 [NioClientManager] ChainLocksHandler - cannot find block hash: 000000dc07d722238a994116c3395c334211d9864ff5b37c3be51d5fdda66223
05:27:06 [NioClientManager] ChainLocksHandler - cannot find block hash: 000000bd5639c21dd8abf60253c3fe0343d87a9762b5b8f57e2b4ea1523fd071
05:27:06 [NioClientManager] ChainLocksHandler - cannot find block hash: 0000000e6d15a11825211c943c4a995c44ebb2b0834b7848c2e080b48ca0148e
05:27:06 [NioClientManager] ChainLocksHandler - cannot find block hash: 000000339cd97d45ee18cd0cba0fd590fb9c64e127d3c30885e5b7376af94fdf
05:27:06 [NioClientManager] SimplifiedQuorumList - masternode list is missing to verify quorum: 000000af73e7be04f89cfe6b6ceacb565aa8263106d8a66b32a39ef1539dc308
05:27:06 [NioClientManager] SimplifiedQuorumList - masternode list is missing to verify quorum: 0000000ac4f2ccf08b41e1b41272ebd088cdbcc40ca730aa7c19199af1585d15
05:27:06 [NioClientManager] SimplifiedQuorumList - masternode list is missing to verify quorum: 00000031b141189995f1bbe9d6287e29c54cbcea08b711b2988ae8cc2fbbad19
05:27:06 [NioClientManager] SimplifiedQuorumList - masternode list is missing to verify quorum: 0000003e93de8c26131d31bf3892c20db6d0778c33bb96de4a50003c0c21b325
05:27:06 [NioClientManager] SimplifiedQuorumList - masternode list is missing to verify quorum: 0000009e1e2733f61b40725ecbb796e04cf74644dd670e32cbb1e703bb931627
05:27:06 [NioClientManager] SimplifiedQuorumList - masternode list is missing to verify quorum: 0000005ae9425b57ffad9f17776688d77990a548ad2a24bb3760d718546c8a29
05:27:06 [NioClientManager] SimplifiedQuorumList - masternode list is missing to verify quorum: 0000006fd9701e4371a90adcab770e68899ac259af03b51f1fdd66c1d60bad2c
05:27:06 [NioClientManager] SimplifiedQuorumList - masternode list is missing to verify quorum: 0000007cd24c8f64b5f905b2750a93a7fea599dbc85a94b987e6e505055a4b3f
05:27:06 [NioClientManager] SimplifiedQuorumList - masternode list is missing to verify quorum: 000000414b135c965754200a14476bfbe606a05ba777590a1efa727fbd5aeb40
05:27:06 [NioClientManager] SimplifiedQuorumList - masternode list is missing to verify quorum: 00000098d84a44b55cd1d0a016de6f445449d35035a67ba5f912f0687fcb6845
05:27:06 [NioClientManager] SimplifiedQuorumList - masternode list is missing to verify quorum: 0000007faecc015ae9afe45366c303328e207deab0156a2ea6f925615d394148
05:27:06 [NioClientManager] SimplifiedQuorumList - masternode list is missing to verify quorum: 0000004a1367d671546a082ee63b3c9b0cfbffbab0c512bbc519c4f36acaf84c
05:27:06 [NioClientManager] SimplifiedQuorumList - masternode list is missing to verify quorum: 00000044018deb827cec42a7b32bef547b4653fc5df0871086b1b2b625ec1254
05:27:06 [NioClientManager] SimplifiedQuorumList - masternode list is missing to verify quorum: 00000087340e3b31a2604ccf0f4a891248ef2a98ed5ca4ff46fa49100c9a7c54
05:27:06 [NioClientManager] SimplifiedQuorumList - masternode list is missing to verify quorum: 00000079aa35e59af6f1eb79b4b7b2f6828be7995cb859d4ca578e8bcfa00b59
05:27:06 [NioClientManager] SimplifiedQuorumList - masternode list is missing to verify quorum: 00000076b87206127b82f482e741df327a4a1b1682559c6894443efa55370361
05:27:06 [NioClientManager] SimplifiedQuorumList - masternode list is missing to verify quorum: 000000258e7f1cd8cc9858cf6e67912ac9c946a0ec1158744399eb2b292c4a6d
05:27:06 [NioClientManager] SimplifiedQuorumList - masternode list is missing to verify quorum: 000000a8d5f66a526478772a746dafbf7662c8a545418cd0f7c266728b1609a2
05:27:06 [NioClientManager] SimplifiedQuorumList - masternode list is missing to verify quorum: 0000000abcec6ba591caf6843c269bf05c70e1675feebc15e6412f2d8d4d17b7
05:27:06 [NioClientManager] SimplifiedQuorumList - masternode list is missing to verify quorum: 0000001a075683c77f059628bbd08a3180d5ee07a73d46750945cf5fc7b16eba
05:27:06 [NioClientManager] SimplifiedQuorumList - masternode list is missing to verify quorum: 000000993aef8dc8281edbc3fdd02853fc4f06dcdb5cef2547c56695331429be
05:27:06 [NioClientManager] SimplifiedQuorumList - masternode list is missing to verify quorum: 000000160feb7a8e84b6a091cc58be39a2103c5e5f8a9f89f4ebf58795c9b6d9
05:27:06 [NioClientManager] SimplifiedQuorumList - masternode list is missing to verify quorum: 00000088f3f12eee09646970914912b0194d86aeed97a497bd1c5814e40fabe3
05:27:06 [NioClientManager] SimplifiedQuorumList - masternode list is missing to verify quorum: 0000006b73b79f3329028461c50b4b2d94f0093d2838624add674312befcfaf0
05:27:06 [NioClientManager] ChainLocksHandler - doesn't match previous value: ChainLockSignature{height=1556368, blockHash=000000124824fcc9e629f11f5c0d9d2afc87961c28efd366abd57eb7a8b49015, sig=b22c25548034382003ded5dabb19b79e6d2a87f80f30c1eeb45f17374ca9d17e5789cfcc90b02551bc6e203cf3f495db15b50163b60d5801b1286a75c525a2eb1eb738d68dea0bec10b85b5860154b0e58c3893b762dd44e6462de63ab3ee293} vs current:987ddc5d1ce686f7a31b0aceb59d6d8b7fbd514f4972f085f3e95ea36fc4e22b19c43e3bc1530c1ab036786f26d592eb06f8ba5ca879a94e7f703bef4ba074999460ae0deb211e49dea00f4145fd539d944895a7b96eb8af35d9d94eee6bc5e8
05:27:06 [NioClientManager] SimplifiedQuorumList - masternode list is missing to verify quorum: 000000af73e7be04f89cfe6b6ceacb565aa8263106d8a66b32a39ef1539dc308
05:27:06 [NioClientManager] SimplifiedQuorumList - masternode list is missing to verify quorum: 0000000ac4f2ccf08b41e1b41272ebd088cdbcc40ca730aa7c19199af1585d15
05:27:06 [NioClientManager] SimplifiedQuorumList - masternode list is missing to verify quorum: 00000031b141189995f1bbe9d6287e29c54cbcea08b711b2988ae8cc2fbbad19
05:27:06 [NioClientManager] SimplifiedQuorumList - masternode list is missing to verify quorum: 0000003e93de8c26131d31bf3892c20db6d0778c33bb96de4a50003c0c21b325
05:27:06 [NioClientManager] SimplifiedQuorumList - masternode list is missing to verify quorum: 0000009e1e2733f61b40725ecbb796e04cf74644dd670e32cbb1e703bb931627
05:27:06 [NioClientManager] SimplifiedQuorumList - masternode list is missing to verify quorum: 0000005ae9425b57ffad9f17776688d77990a548ad2a24bb3760d718546c8a29
05:27:06 [NioClientManager] SimplifiedQuorumList - masternode list is missing to verify quorum: 0000006fd9701e4371a90adcab770e68899ac259af03b51f1fdd66c1d60bad2c
05:27:06 [NioClientManager] SimplifiedQuorumList - masternode list is missing to verify quorum: 0000007cd24c8f64b5f905b2750a93a7fea599dbc85a94b987e6e505055a4b3f
05:27:06 [NioClientManager] SimplifiedQuorumList - masternode list is missing to verify quorum: 000000414b135c965754200a14476bfbe606a05ba777590a1efa727fbd5aeb40
05:27:06 [NioClientManager] SimplifiedQuorumList - masternode list is missing to verify quorum: 00000098d84a44b55cd1d0a016de6f445449d35035a67ba5f912f0687fcb6845
05:27:06 [NioClientManager] SimplifiedQuorumList - masternode list is missing to verify quorum: 0000007faecc015ae9afe45366c303328e207deab0156a2ea6f925615d394148
05:27:06 [NioClientManager] SimplifiedQuorumList - masternode list is missing to verify quorum: 0000004a1367d671546a082ee63b3c9b0cfbffbab0c512bbc519c4f36acaf84c
05:27:06 [NioClientManager] SimplifiedQuorumList - masternode list is missing to verify quorum: 00000044018deb827cec42a7b32bef547b4653fc5df0871086b1b2b625ec1254
05:27:06 [NioClientManager] SimplifiedQuorumList - masternode list is missing to verify quorum: 00000087340e3b31a2604ccf0f4a891248ef2a98ed5ca4ff46fa49100c9a7c54
05:27:06 [NioClientManager] ChainLocksHandler - doesn't match previous value: ChainLockSignature{height=1556368, blockHash=000000124824fcc9e629f11f5c0d9d2afc87961c28efd366abd57eb7a8b49015, sig=987ddc5d1ce686f7a31b0aceb59d6d8b7fbd514f4972f085f3e95ea36fc4e22b19c43e3bc1530c1ab036786f26d592eb06f8ba5ca879a94e7f703bef4ba074999460ae0deb211e49dea00f4145fd539d944895a7b96eb8af35d9d94eee6bc5e8} vs current:b22c25548034382003ded5dabb19b79e6d2a87f80f30c1eeb45f17374ca9d17e5789cfcc90b02551bc6e203cf3f495db15b50163b60d5801b1286a75c525a2eb1eb738d68dea0bec10b85b5860154b0e58c3893b762dd44e6462de63ab3ee293
05:27:06 [NioClientManager] SimplifiedQuorumList - masternode list is missing to verify quorum: 00000079aa35e59af6f1eb79b4b7b2f6828be7995cb859d4ca578e8bcfa00b59
05:27:06 [NioClientManager] SimplifiedQuorumList - masternode list is missing to verify quorum: 00000076b87206127b82f482e741df327a4a1b1682559c6894443efa55370361
05:27:06 [NioClientManager] SimplifiedQuorumList - masternode list is missing to verify quorum: 000000258e7f1cd8cc9858cf6e67912ac9c946a0ec1158744399eb2b292c4a6d
05:27:06 [NioClientManager] SimplifiedQuorumList - masternode list is missing to verify quorum: 000000a8d5f66a526478772a746dafbf7662c8a545418cd0f7c266728b1609a2
05:27:06 [NioClientManager] SimplifiedQuorumList - masternode list is missing to verify quorum: 0000000abcec6ba591caf6843c269bf05c70e1675feebc15e6412f2d8d4d17b7
05:27:06 [NioClientManager] SimplifiedQuorumList - masternode list is missing to verify quorum: 0000001a075683c77f059628bbd08a3180d5ee07a73d46750945cf5fc7b16eba
05:27:06 [NioClientManager] SimplifiedQuorumList - masternode list is missing to verify quorum: 000000993aef8dc8281edbc3fdd02853fc4f06dcdb5cef2547c56695331429be
05:27:06 [NioClientManager] SimplifiedQuorumList - masternode list is missing to verify quorum: 000000160feb7a8e84b6a091cc58be39a2103c5e5f8a9f89f4ebf58795c9b6d9
05:27:06 [NioClientManager] SimplifiedQuorumList - masternode list is missing to verify quorum: 00000088f3f12eee09646970914912b0194d86aeed97a497bd1c5814e40fabe3
05:27:06 [NioClientManager] SimplifiedQuorumList - masternode list is missing to verify quorum: 0000006b73b79f3329028461c50b4b2d94f0093d2838624add674312befcfaf0
05:27:06 [NioClientManager] QuorumState - applyDiff processing times: mn 1.394 ms; quorums: 19.24 ms
05:27:06 [NioClientManager] BlockchainServiceImpl - masternodeListDiffDownloaded:ProcessedQuorums
05:27:06 [NioClientManager] DownloadProgressTracker - Chain download 34% done while processing Masternode Lists: ProcessedQuorums
05:27:06 [NioClientManager] BlockchainServiceImpl - progress 34
05:27:06 [NioClientManager] QuorumState - QuorumState{mnList=Simplified MN List(count: 373 height: 1556551), quorumList=SimplifiedQuorumList(count: 109; 1556551), mnListsCacheSize=1, quorumsCacheSize=1}
05:27:06 [NioClientManager] BlockchainServiceImpl - masternodeListDiffDownloaded:Finished
05:27:06 [NioClientManager] DownloadProgressTracker - Chain download 35% done while processing Masternode Lists: Finished
05:27:06 [NioClientManager] BlockchainServiceImpl - progress 35
05:27:06 [NioClientManager] QuorumState - processing mnlistdiff times : Total: 21.76 ms mnList: 0.000 ns quorums: 0.000 ns mnlistdiff: Simplified MNList Diff{ adding 373 and removing 0 masternodes while adding 109 and removing 0 quorums }
  00000bafbc94add76cb75e2ec92894837288a481e5c005f6563d91623bf8bc2c -> 0000002192eed763cf8f140381e0f1ceca71f347e103d406fe66dfe2fdbf05fd
05:27:06 [NioClientManager] QuorumState - QuorumState{mnList=Simplified MN List(count: 373 height: 1556551), quorumList=SimplifiedQuorumList(count: 109; 1556551), mnListsCacheSize=1, quorumsCacheSize=1}
05:27:06 [NioClientManager] QuorumState - initChainTipSync=false
05:27:06 [NioClientManager] QuorumState - initChainTipSync=true
05:27:06 [dashj user thread] DownloadProgressTracker - Chain download 34% done while processing Masternode Lists: ProcessedQuorums
05:27:06 [NioClientManager] AbstractQuorumState - download peer = Peer{[68.67.122.82]:19999, version=70240, subVer=/Dash Core:23.1.8(dcg-masternode-53)/, services=7237 (NETWORK, BLOOM, NETWORK_LIMITED, COMPACT_FILTERS, HEADERS_COMPRESSED, remaining: 1000001000000), time=2026-09-19 00:26:39, height=1556559}, but obtaining backup from peerGroup downloadPeer
05:27:06 [dashj user thread] DownloadProgressTracker - Chain download 35% done while processing Masternode Lists: Finished
05:27:06 [NioClientManager] AbstractQuorumState - backup download peer = Peer{[68.67.122.82]:19999, version=70240, subVer=/Dash Core:23.1.8(dcg-masternode-53)/, services=7237 (NETWORK, BLOOM, NETWORK_LIMITED, COMPACT_FILTERS, HEADERS_COMPRESSED, remaining: 1000001000000), time=2026-09-19 00:26:39, height=1556559}
05:27:06 [NioClientManager] AbstractQuorumState - handling next mnlistdiff: 0
05:27:06 [PeerGroup Thread] PeerGroup - Stage masternode list download successful: 1
05:27:06 [NioClientManager] AbstractQuorumState - There are no pending blocks to request: GetSimplifiedMasternodeListDiff{baseBlockHash=00000bafbc94add76cb75e2ec92894837288a481e5c005f6563d91623bf8bc2c, blockHash=0000002192eed763cf8f140381e0f1ceca71f347e103d406fe66dfe2fdbf05fd}
05:27:06 [PeerGroup Thread] PeerGroup - Sync Stage change from MNLIST to PREBLOCKS
05:27:06 [NioClientManager] BLSJniLibrary - Initializing BLS JNI Library
05:27:06 [NioClientManager] AbstractQuorumState - block 0000000c5842449fbe943f43a83bf18d49ebba6165d651f9797fb6b57d90c532 at 1556559 is already in the pendingBlocksMap
05:27:06 [AbstractManager autosave thread] BLSJniLibrary - Initializing BLS JNI Library
05:27:06 [NioClientManager] AbstractQuorumState - waiting for the last mnlistdiff/qrinfo
05:27:06 [pool-45-thread-1] BlockchainServiceImpl - onPreBlocksDownload using peer Peer{[68.67.122.82]:19999, version=70240, subVer=/Dash Core:23.1.8(dcg-masternode-53)/, services=7237 (NETWORK, BLOOM, NETWORK_LIMITED, COMPACT_FILTERS, HEADERS_COMPRESSED, remaining: 1000001000000), time=2026-09-19 00:26:39, height=1556559}
05:27:06 [DefaultDispatcher-worker-7] PlatformSynchronizationService - preBlockDownload: starting
05:27:06 [DefaultDispatcher-worker-7] BlockchainIdentityData - creation: BlockchainIdentityData(NONE, null, null, null, null, null)
05:27:06 [DefaultDispatcher-worker-7] PlatformSynchronizationService - preBlockDownload: checking for existing associated identity
05:27:06 [DefaultDispatcher-worker-7] SecurityGuard - loading security guard [healthy=true] with keys: [keystore_healthy, fallback_pin_wallet_password_key, primary_ui_pin_key, modern_encryption_migration_complete, fallback_mnemonic_wallet_password_key, primary_wallet_password_key, fallback_mnemonic_ui_pin_key]
05:27:06 [DefaultDispatcher-worker-7] ModernEncryptionProvider - Decrypted data for alias: wallet_password_key
05:27:06 [PeerGroup Thread] PeerGroup$ChainDownloadSpeedCalculator - 0 blocks/sec, 0 tx/sec, 0 pre-filtered tx/sec, 6000 headers/sec, 1 mnlistdiff/sec, avg/last 102.21/563.93 kilobytes per sec, chain/common height 1405440/1556559, not stalled (threshold <0.39 KB/sec for 30 seconds)
05:27:06 [AbstractManager autosave thread] ManagerFiles - Background saving manager
05:27:06 [AbstractManager autosave thread] FlatDB - Writing SimplifiedMasternodeListManager-3 to manager5795917276156409481.tmp...
05:27:06 [AbstractManager autosave thread] FlatDB - Written info to /data/user/0/hashengineering.darkcoin.wallet_test/app_masternode/manager5795917276156409481.tmp  10ms
05:27:06 [AbstractManager autosave thread] FlatDB -   SimplifiedMNListManager:  {tip:Simplified MN List(count: 0 height: -1), SimplifiedQuorumList(count: 109; 1556551), SimplifiedQuorumList(count: 0; -1), pending blocks: 0 / 1-->height: 1556559)}
05:27:06 [AbstractManager autosave thread] FlatDB - manager5795917276156409481.tmp dump finished  12ms
05:27:06 [AbstractManager autosave thread] ManagerFiles - Save completed in 13.14 ms to /data/user/0/hashengineering.darkcoin.wallet_test/app_masternode/simplifiedmasternodelistmanager-testnet.dat
05:27:06 [DefaultDispatcher-worker-7] KeyCrypterScrypt - Deriving key took 161.0 ms for N=65536, r=8, p=1.
05:27:06 [DefaultDispatcher-worker-7] DapiClient - getIdentityByFirstPublicKey(92de174e242370dc1e5a04e3ce341760b401b338)
05:27:06 [DefaultDispatcher-worker-6] MainViewModel - blockchain state update: mnlist=1556551; chain=1405440
05:27:06 [DefaultDispatcher-worker-4] DapiClient - getDocuments(contractId=GWRSAVFMjXx8HpQFaNJMqBV7MBgMK4br5UESsB4S31Ec, type=domain, {limit=5, where=[]})
05:27:06 [DefaultDispatcher-worker-16] DapiClient - getDocuments(contractId=GWRSAVFMjXx8HpQFaNJMqBV7MBgMK4br5UESsB4S31Ec, type=domain, {limit=5, where=[]})
05:27:06 [DefaultDispatcher-worker-3] DapiClient - getDocuments(contractId=GWRSAVFMjXx8HpQFaNJMqBV7MBgMK4br5UESsB4S31Ec, type=domain, {limit=5, where=[]})
05:27:06 [DefaultDispatcher-worker-4] DapiClient - searching for quorum: 6, 000000160feb7a8e84b6a091cc58be39a2103c5e5f8a9f89f4ebf58795c9b6d9, 1556559
05:27:06 [DefaultDispatcher-worker-4] DapiClient - searching for quorum: result: 85595d1891757ae3aa878652dbf57b05e59ab0787309eda333ad32b12529492186e86506c0720e5df1eb5cfb648bbf43
05:27:06 [DefaultDispatcher-worker-3] Platform - platform check: 413.0 ms
05:27:07 [DefaultDispatcher-worker-4] Platform - platform check: 503.6 ms
05:27:07 [DefaultDispatcher-worker-16] Platform - platform check: 529.3 ms
05:27:07 [DefaultDispatcher-worker-16] PlatformServiceImplementation - platform available 3 of 3: true
05:27:07 [DefaultDispatcher-worker-7] PlatformSynchronizationService - preBlockDownload: no existing identity found
05:27:07 [DefaultDispatcher-worker-7] PlatformSynchronizationService - PreBlockDownload: complete
05:27:07 [DefaultDispatcher-worker-7] PlatformSynchronizationService - PreBlockDownload: SettableFuture@5507ab5[status=PENDING]
05:27:07 [PeerGroup Thread] PeerGroup - Stage preblock successful
05:27:07 [PeerGroup Thread] PeerGroup - Sync Stage change from PREBLOCKS to BLOCKS
05:27:07 [PeerGroup Thread] DownloadProgressTracker - Downloading block chain of size 151119. This may take a while.
05:27:07 [dashj user thread] DownloadProgressTracker - Downloading block chain of size 151119. This may take a while.
05:27:07 [dashj user thread] AbstractQuorumState - setting download peer with onChainDownloadStarted Peer{[68.67.122.82]:19999, version=70240, subVer=/Dash Core:23.1.8(dcg-masternode-53)/, services=7237 (NETWORK, BLOOM, NETWORK_LIMITED, COMPACT_FILTERS, HEADERS_COMPRESSED, remaining: 1000001000000), time=2026-09-19 00:26:39, height=1556559}
05:27:07 [dashj user thread] AbstractQuorumState - setting download peer with onChainDownloadStarted Peer{[68.67.122.82]:19999, version=70240, subVer=/Dash Core:23.1.8(dcg-masternode-53)/, services=7237 (NETWORK, BLOOM, NETWORK_LIMITED, COMPACT_FILTERS, HEADERS_COMPRESSED, remaining: 1000001000000), time=2026-09-19 00:26:39, height=1556559}
05:27:07 [main] MainViewModel - platform available: true; no identity creation is progress: true
05:27:07 [PeerGroup Thread] PeerGroup$ChainDownloadSpeedCalculator - 0 blocks/sec, 0 tx/sec, 0 pre-filtered tx/sec, 0 headers/sec, 0 mnlistdiff/sec, avg/last 102.18/0.00 kilobytes per sec, chain/common height 1405440/1556559, not stalled (threshold <0.39 KB/sec for 30 seconds)
05:27:08 [PeerGroup Thread] PeerGroup$ChainDownloadSpeedCalculator - 0 blocks/sec, 0 tx/sec, 0 pre-filtered tx/sec, 0 headers/sec, 0 mnlistdiff/sec, avg/last 102.16/0.00 kilobytes per sec, chain/common height 1405440/1556559, not stalled (threshold <0.39 KB/sec for 30 seconds)
05:27:09 [PeerGroup Thread] PeerGroup$ChainDownloadSpeedCalculator - 0 blocks/sec, 0 tx/sec, 0 pre-filtered tx/sec, 0 headers/sec, 0 mnlistdiff/sec, avg/last 102.13/0.00 kilobytes per sec, chain/common height 1405440/1556559, not stalled (threshold <0.39 KB/sec for 30 seconds)
05:27:09 [process-qrinfo] BLSJniLibrary - Initializing BLS JNI Library
05:27:09 [process-qrinfo] BlockchainServiceImpl - masternodeListDiffDownloaded:Received
05:27:09 [process-qrinfo] BlockchainServiceImpl - masternodeListDiffDownloaded:Received
05:27:09 [process-qrinfo] BlockchainServiceImpl - masternodeListDiffDownloaded:Received
05:27:09 [process-qrinfo] BlockchainServiceImpl - masternodeListDiffDownloaded:Received
05:27:09 [process-qrinfo] BlockchainServiceImpl - masternodeListDiffDownloaded:Received
05:27:09 [process-qrinfo] QuorumRotationState - processing requested qrinfo between (atH): -1 & 1556344; QuorumRotationInfo{,
 quorumSnapshotAtHMinusC=QuorumSnapshot{activeQuorumMembers=[true, true, true, true, true, true, true, true, true, true, true, true, true, true, true, true, true, true, true, true, true, true, true, true, true, true, true, true, true, true, true, true, true, true, true, true, true, true, true, true, true, true, true, true, true, true, true, true, true, true, true, true, true, true, true, true, true, true, true, true, true, true, true, true, true, true, true, true, true, true, true, true, true, true, true, true, true, true, true, true, true, true, true, true, true, true, true, false, false, false, false, false, false, false, false, false, false, false, false, false, false, false, false, false, false, false, false, false, false, false, false, false, false, false, false, false, false, false, false, false, false, false, false, false, false, false, false, false, false, false, false, false, false, false, false, false, false, false, false, false, false, false, false, false, false, false, false, false, false, false, false, false, false, false, false, false, false, false, false, false, false, false, false, false, false, false, false, false, false, false, false, false, false, false, false, false, false, false, false, false, false, false, false, false, false, false, false, false, false, false, false, false, false, false, false, false, false, false, false, false, false, false, false, false, false, false, false, false, false, false, false, false, false, false, false, false, false, false, false, false, false, false, false, false, false, false, false, false, false, false, false, false, false, false, false, false, false, false, false, false, false, false, false, false, false, false, false, false, false, false, false, false, false, false, false, false, false, false, false, false, false, false, false, false, false, false, false, false, false, false, false, false, false, false, false, false, false, false, false, false, false, false, false, false, false, false, false, false, false, false, false, false, false, false, false, false, false, false, false, false, false, false, false, false, false, false, false, false, false, false, false, false, false, false, false, false, false, false, false, false, false, false, false, false, false, false, false, false, false, false, false, false, false, false, false, false, false, false, false, false, false, false, false, false, false, false, false, false, false, false, false, false, false, false, false, false, false, false, false, false, false, false, false, false, false, false, false, false, false, false, false, false, false], skipListMode=MODE_SKIPPING_ENTRIES, skipList=[2, 1, 6, 8, 11, 12, 13, 14, 15, 17, 18, 20, 21, 22, 23, 27, 28, 29, 30, 31, 32, 34, 35, 37, 39, 44, 45, 46, 49, 53, 55, 58, 59, 61, 62, 63, 65, 67, 68, 69, 70, 73, 75, 76, 78, 80, 81, -2, 3, 6, 11, 12, 13, 14, 15, 17, 18, 20, 21, 22, 23, 26, 27, 28, 29, 30, 31, 32, 34, 36, 37, 39, 42, 43, 45, 46, 48, 49, 55, 57, 58, 59, 61, 63, 64, 66, 67, 70, 72, 73, 74, 78, 80, 84, -1, 2, 3, 4, 5, 8, 9, 14, 17, 20, 21, 23, 24, 26, 27, 30, 32, 34, 36, 37, 39, 42, 43, 46, 48, 49, 55, 57, 58, 59, 61, 63, 66, 67, 70, 72, 73, 74, 75, 78, 80, 84, -1, 3, 4, 5, 6, 9, 14, 15, 17, 21, 23, 24, 26, 27, 30, 32, 34, 36, 37, 38, 39, 40, 42, 43, 46, 48, 49, 55, 57, 58, 59, 61, 63, 64, 66, 67, 70, 73, 74, 75, 77, 80, 84, 3, 4, 5, 6, 7, 9, 10, 14, 16, 21, 23, 24, 26, 27, 30, 32, 34, 36, 37, 38, 42, 43, 44, 46, 47, 48, 54, 55, 57, 58, 59, 61, 63, 64, 67, 70, 71, 73, 74, 75, 77, 79, 80, 82, 84, 3, 4, 5, 6, 9, 11, 14, 16, 21, 24, 26, 27, 34, 36, 37, 38, 39, 42, 43, 44, 45, 46, 48, 54, 55, 57, 58, 59, 61, 63, 64, 66, 67, 68, 70, 71, 73, 74, 75, 77, 79, 80, 82, 83, 3, 4, 6, 7, 9, 10, 13, 14, 16, 20, 24, 27, 28, 29, 32, 37, 38, 39, 42, 44, 45, 46, 48, 50, 51, 52, 55, 57, 58, 59, 61, 63, 64, 67, 68, 71, 73, 74, 75, 77, 79, 80, 82, 83, 3, 4, 6, 9, 10, 11, 13, 16, 17, 20, 25, 27, 28, 29, 30, 32, 33, 38, 42, 45, 49, 50, 51, 52, 54, 57, 58, 59, 61, 64, 65, 66, 67, 68, 71, 73, 74, 75, 79, 82, 83, 3, 4, 6, 9, 10, 11, 13, 16, 17, 20, 23, 25, 27, 28, 29, 30, 32, 38, 39, 45, 52, 55, 57, 58, 59, 61, 62, 63, 64, 65, 66, 67, 68, 71, 73, 75, 78, 79, 82, 83, -1, 2, 3, 4, 6, 7, 9, 10, 11, 16, 17, 23, 24, 26, 27, 29, 32, 34, 38, 39, 48, 49, 54, 55, 57, 58, 59, 61, 63, 64, 65, 66, 67, 68, 73, 74, 75, 77, 81, 84, -2, 2, 3, 4, 5, 6, 7, 9, 10, 11, 16, 17, 24, 26, 27, 28, 29, 31, 32, 34, 38, 39, 48, 49, 52, 54, 55, 57, 58, 59, 61, 63, 64, 65, 66, 67, 68, 69, 72, 74, 75, 76, 77, 82, 83]},
 quorumSnapshotAtHMinus2C=QuorumSnapshot{activeQuorumMembers=[true, true, true, true, true, true, true, true, true, true, true, true, true, true, true, true, true, true, true, true, true, true, true, true, true, true, true, true, true, true, true, true, true, true, true, true, true, true, true, true, true, true, true, true, true, true, true, true, true, true, true, true, true, true, true, true, true, true, true, true, true, true, true, true, true, true, true, true, true, true, true, true, true, true, true, true, true, true, true, true, true, true, true, true, true, true, true, true, false, false, false, false, false, false, false, false, false, false, false, false, false, false, false, false, false, false, false, false, false, false, false, false, false, false, false, false, false, false, false, false, false, false, false, false, false, false, false, false, false, false, false, false, false, false, false, false, false, false, false, false, false, false, false, false, false, false, false, false, false, false, false, false, false, false, false, false, false, false, false, false, false, false, false, false, false, false, false, false, false, false, false, false, false, false, false, false, false, false, false, false, false, false, false, false, false, false, false, false, false, false, false, false, false, false, false, false, false, false, false, false, false, false, false, false, false, false, false, false, false, false, false, false, false, false, false, false, false, false, false, false, false, false, false, false, false, false, false, false, false, false, false, false, false, false, false, false, false, false, false, false, false, false, false, false, false, false, false, false, false, false, false, false, false, false, false, false, false, false, false, false, false, false, false, false, false, false, false, false, false, false, false, false, false, false, false, false, false, false, false, false, false, false, false, false, false, false, false, false, false, false, false, false, false, false, false, false, false, false, false, false, false, false, false, false, false, false, false, false, false, false, false, false, false, false, false, false, false, false, false, false, false, false, false, false, false, false, false, false, false, false, false, false, false, false, false, false, false, false, false, false, false, false, false, false, false, false, false, false, false, false, false, false, false, false, false, false, false, false, false, false, false, false, false, false, false, false, false, false, false, false, false, false, false], skipListMode=MODE_SKIPPING_ENTRIES, skipList=[0, 1, 1, 4, 6, 8, 10, 11, 13, 14, 15, 17, 20, 22, 25, 28, 29, 31, 32, 34, 35, 43, 44, 45, 48, 49, 50, 51, 54, 56, 57, 61, 63, 64, 68, 71, 74, 77, 80, 81, 82, -1, 0, 1, 3, 4, 6, 8, 9, 11, 14, 15, 17, 22, 27, 28, 30, 31, 34, 35, 45, 51, 52, 53, 54, 61, 66, 67, 68, 70, 71, 72, 73, 74, 76, 78, 79, 80, 82, 83, 84, -1, 0, 3, 4, 6, 9, 11, 14, 15, 17, 19, 20, 21, 24, 26, 28, 30, 31, 32, 34, 35, 42, 45, 47, 51, 52, 53, 54, 55, 59, 61, 66, 67, 68, 71, 74, 75, 76, 78, 79, 80, 82, 84, -1, 0, 1, 6, 8, 9, 11, 14, 15, 17, 19, 21, 23, 24, 26, 28, 30, 34, 35, 39, 42, 47, 50, 51, 52, 53, 54, 55, 59, 66, 67, 68, 71, 72, 74, 75, 76, 78, 80, 82, 84, -1, 0, 5, 6, 9, 11, 15, 16, 17, 18, 19, 20, 21, 23, 24, 26, 28, 30, 31, 32, 34, 35, 39, 40, 45, 47, 50, 51, 52, 53, 54, 55, 59, 61, 62, 63, 66, 67, 68, 70, 71, 74, 75, 82, 85, -1, 0, 5, 6, 9, 15, 16, 17, 18, 19, 23, 24, 28, 29, 30, 32, 34, 36, 39, 40, 46, 47, 50, 51, 53, 54, 55, 59, 61, 62, 63, 66, 67, 68, 70, 74, 75, 76, 78, 79, 82, 83, 85, -1, 4, 5, 9, 10, 15, 16, 18, 19, 21, 22, 23, 24, 28, 29, 30, 31, 32, 34, 39, 40, 43, 46, 47, 50, 51, 52, 55, 56, 62, 63, 64, 66, 67, 68, 70, 74, 75, 78, 79, 83, -1, 1, 2, 3, 4, 5, 6, 7, 8, 9, 10, 13, 19, 21, 22, 23, 24, 27, 29, 30, 32, 39, 40, 46, 50, 51, 52, 55, 56, 61, 62, 63, 65, 66, 67, 68, 69, 70, 74, 75, 78, 79, 81, 83, -1, 1, 2, 4, 5, 6, 7, 8, 9, 10, 15, 19, 21, 22, 23, 24, 25, 27, 29, 30, 32, 37, 39, 40, 43, 48, 51, 52, 55, 56, 59, 61, 62, 63, 64, 65, 67, 68, 69, 70, 74, 75, 77, 80, 83, 84, 2, 3, 4, 6, 7, 9, 10, 14, 16, 19, 20, 21, 23, 26, 29, 30, 32, 35, 37, 39, 40, 41, 43, 44, 49, 50, 51, 52, 53, 54, 59, 60, 63, 64, 65, 66, 67, 69, 70, 71, 74, 78, 79, 80, 0, 2, 3, 4, 6, 7, 10, 14, 16, 18, 19, 20, 21, 27, 29, 30, 31, 33, 34, 35, 36, 37, 39, 40, 41, 42, 43, 44, 46, 49, 50, 52, 53, 57]},
 quorumSnapshotAtHMinus3C=QuorumSnapshot{activeQuorumMembers=[true, true, true, true, true, true, true, true, true, true, true, true, true, true, true, true, true, true, true, true, true, true, true, true, true, true, true, true, true, true, true, true, true, true, true, true, true, true, true, true, true, true, true, true, true, true, true, true, true, true, true, true, true, true, true, true, true, true, true, true, true, true, true, true, true, true, true, true, true, true, true, true, true, true, true, true, true, true, true, true, true, true, true, true, true, true, true, true, false, false, false, false, false, false, false, false, false, false, false, false, false, false, false, false, false, false, false, false, false, false, false, false, false, false, false, false, false, false, false, false, false, false, false, false, false, false, false, false, false, false, false, false, false, false, false, false, false, false, false, false, false, false, false, false, false, false, false, false, false, false, false, false, false, false, false, false, false, false, false, false, false, false, false, false, false, false, false, false, false, false, false, false, false, false, false, false, false, false, false, false, false, false, false, false, false, false, false, false, false, false, false, false, false, false, false, false, false, false, false, false, false, false, false, false, false, false, false, false, false, false, false, false, false, false, false, false, false, false, false, false, false, false, false, false, false, false, false, false, false, false, false, false, false, false, false, false, false, false, false, false, false, false, false, false, false, false, false, false, false, false, false, false, false, false, false, false, false, false, false, false, false, false, false, false, false, false, false, false, false, false, false, false, false, false, false, false, false, false, false, false, false, false, false, false, false, false, false, false, false, false, false, false, false, false, false, false, false, false, false, false, false, false, false, false, false, false, false, false, false, false, false, false, false, false, false, false, false, false, false, false, false, false, false, false, false, false, false, false, false, false, false, false, false, false, false, false, false, false, false, false, false, false, false, false, false, false, false, false, false, false, false, false, false, false, false, false, false, false, false, false, false, false, false, false, false, false, false, false, false, false, false, false, false, false, false, false], skipListMode=MODE_SKIPPING_ENTRIES, skipList=[1, 1, 2, 4, 5, 6, 7, 8, 10, 11, 12, 13, 15, 19, 22, 25, 26, 27, 30, 32, 34, 35, 36, 37, 40, 42, 43, 45, 47, 48, 49, 50, 52, 54, 56, 60, 62, 63, 66, 67, 68, 75, 76, 78, 79, 81, 83, 84, 85, 86, -1, 0, 4, 5, 8, 11, 12, 13, 15, 16, 19, 20, 21, 25, 26, 27, 30, 32, 34, 38, 40, 41, 43, 45, 46, 47, 48, 50, 56, 57, 60, 62, 63, 67, 68, 70, 71, 72, 73, 74, 78, 79, 81, 83, 85, 86, -1, 0, 1, 3, 4, 5, 8, 15, 16, 17, 18, 20, 21, 24, 25, 26, 27, 28, 32, 34, 37, 38, 40, 43, 46, 48, 50, 56, 57, 60, 62, 63, 67, 68, 71, 72, 73, 76, 78, 79, 81, 83, 85, -1, 0, 1, 3, 4, 5, 15, 19, 20, 21, 24, 25, 26, 27, 28, 32, 34, 36, 38, 40, 43, 44, 47, 48, 52, 54, 56, 57, 60, 62, 63, 67, 68, 69, 71, 72, 73, 74, 76, 77, 79, 81, 83, 85, 86, -1, 1, 3, 4, 5, 12, 16, 17, 19, 20, 21, 25, 26, 27, 28, 34, 36, 38, 40, 42, 43, 44, 47, 48, 49, 50, 52, 56, 57, 60, 61, 62, 63, 67, 68, 69, 71, 72, 73, 74, 76, 77, 80, 83, 85, 86, -1, 0, 3, 4, 5, 6, 15, 16, 17, 20, 21, 22, 23, 25, 28, 36, 37, 38, 39, 40, 43, 44, 48, 49, 50, 52, 54, 55, 56, 60, 62, 63, 67, 68, 69, 71, 72, 73, 74, 76, 77, 80, 83, 85, 86, 0, 3, 4, 5, 6, 12, 16, 18, 20, 21, 22, 23, 26, 36, 37, 38, 40, 42, 43, 44, 45, 46, 47, 48, 49, 51, 52, 53, 54, 59, 60, 62, 63, 67, 68, 69, 72, 73, 74, 76, 77, 80, 83, 84, 85, 86, 3, 4, 5, 6, 8, 10, 12, 13, 15, 16, 17, 20, 22, 23, 29, 30, 32, 36, 37, 38, 40, 43, 45, 46, 48, 49, 50, 51, 52, 53, 54, 58, 59, 60, 63, 66, 69, 72, 73, 74, 76, 77, 83, 85, 86, 3, 4, 5, 6, 9, 10, 12, 13, 15, 16, 19, 20, 22, 27, 29, 30, 32, 36, 40, 43, 45, 46, 47, 48, 49, 50, 51, 52, 53, 54, 59, 60, 63, 65, 66, 69, 71, 72, 74, 76, 77, 78, 83, 84, 85, 86, 3, 6, 8, 10, 11, 16, 17, 19, 20, 21, 22, 27, 29, 30, 32, 40, 43, 44, 45, 46, 47, 48, 49, 50, 51, 52, 54, 55, 57, 59, 60, 63, 64, 66, 68, 69, 71, 72, 75, 80, 81, 83, 84, 85, 86, 3, 4, 5, 6, 8, 11, 13, 17, 18, 19, 20, 22, 27, 29, 30, 34, 35, 39, 41, 42, 44, 46, 48, 49, 50, 51, 52, 54, 57, 59, 60, 62, 64, 65, 66, 69, 71, 72, 73, 75, 80, 83, 84, 85, 86, -1, 3, 4, 5, 6, 7, 8, 9, 11, 13, 17, 19, 23, 24]},
 mnListDiffTip=Simplified MNList Diff{ 1556558 -> 1556559/1556559; adding 0 and removing 0 masternodes while adding 0 and removing 0 quorums },
 mnListDiffAtH=Simplified MNList Diff{ -1 -> 1556344/1556344; adding 373 and removing 0 masternodes while adding 109 and removing 0 quorums },
 mnListDiffAtHMinusC=Simplified MNList Diff{ -1 -> 1556056/1556056; adding 373 and removing 0 masternodes while adding 109 and removing 0 quorums },
 mnListDiffAtHMinus2C=Simplified MNList Diff{ -1 -> 1555768/1555768; adding 373 and removing 0 masternodes while adding 109 and removing 0 quorums },
 mnListDiffAtHMinus3C=Simplified MNList Diff{ -1 -> 1555480/1555480; adding 376 and removing 0 masternodes while adding 109 and removing 0 quorums },
 mnListDiffAtHMinus4C=Simplified MNList Diff{ -1 -> 1555192/1555192; adding 376 and removing 0 masternodes while adding 109 and removing 0 quorums }------------------------------
lastQuorum: 1556352 FinalCommitment(version=4, llmqType=5, quorumHash=00000087340e3b31a2604ccf0f4a891248ef2a98ed5ca4ff46fa49100c9a7c54, signers=60, validMembers=60, quorumPublicKey=93c6b7eed528ec25e31705c11943ca723ad7a7ea822ebdfbd4176b6f1ba722c3b018e1684ac6123e0abb650fd6797a2a:
lastQuorum: 1556353 FinalCommitment(version=4, llmqType=5, quorumHash=00000006d910ab967bf2bb9753aaebedfe6174b4e4d8e1b31e01ba5a450ebe73, signers=60, validMembers=60, quorumPublicKey=b5c16730f4c38d63207a477487896f7571f4578d7cd87593b8c48f30b4bacdbdb3577c881ea94aae7e7fe27e90ce22f5:
lastQuorum: 1556354 FinalCommitment(version=4, llmqType=5, quorumHash=00000024ea631c709ff7d5b2a38ce91e79dd13bbcd746c9f47c68f19e90e57bb, signers=60, validMembers=60, quorumPublicKey=826e16558f61b7f97c1741127aa3aef0442c99896f08ae302743e22a632443c95c8fbc2a6df4ec45fe18b28076aaff0e:
lastQuorum: 1556355 FinalCommitment(version=4, llmqType=5, quorumHash=00000046e9eed0f5642ce1bcd07c87c253ca64f33d31274dcd4ef0d12dcf291a, signers=59, validMembers=59, quorumPublicKey=a4e08ebdf93bef556399a8a5f4b146cea4d6ea433961a8b62b16476c4374f2f49b1d99ece145f70d909f9beb2cd7aebe:
lastQuorum: 1556356 FinalCommitment(version=4, llmqType=5, quorumHash=00000006f0bac655fe80f9076bb7f7183ebe0676e06d38e00d6c887cf01068b5, signers=60, validMembers=60, quorumPublicKey=b44cc6476d14d69de3246d2530598824038351be01a52ab3cf2b7cf73c8f13149adb67d09730708e43facfa25e1e98af:
lastQuorum: 1556357 FinalCommitment(version=4, llmqType=5, quorumHash=00000082e2886f19101ab0e515996726cec3e5bcc5269df0c93d677ae134c154, signers=60, validMembers=60, quorumPublicKey=a129a73e46402c40acce95d7980c91ef3bdb001451b9f9a95f8e4bd741a8dc5ae6d9ea6a9fd1ac6957301694a270c497:
lastQuorum: 1556358 FinalCommitment(version=4, llmqType=5, quorumHash=0000007592822b1715917a92073edbd1d2068db7a0d053c652a9344c84b6cb38, signers=59, validMembers=59, quorumPublicKey=a356d03a9ac40346f772ea9392a8392f7defac5ebe31a733602aefd028b151615047dc3e1674e99df0cb56300868d92a:
lastQuorum: 1556359 FinalCommitment(version=4, llmqType=5, quorumHash=0000007685e1a5443e3bd5bb38125fc90f902c78fbc6e6eff747e593a36afd12, signers=60, validMembers=60, quorumPublicKey=9415b8ac56e702badbf4b474c4d6323772021e4eca28cb82c8dfa089a1f01c250e5bc6463d8b48b24bf1dc1461ba8e09:
lastQuorum: 1556360 FinalCommitment(version=4, llmqType=5, quorumHash=00000019128639f910d572039a754f5601cff973ff5417d55a79c2ca5a2bcdfb, signers=60, validMembers=60, quorumPublicKey=aeef26b7316092619c664380dc9df739bcef55b98b8084423076e6b74949193c42dbbf3ed1254021b94da70c779691c5:
lastQuorum: 1556361 FinalCommitment(version=4, llmqType=5, quorumHash=00000064be4b850b3f1e64a6aeb8a2db7d3dd506ff2a6017fbee394fecb859c4, signers=59, validMembers=59, quorumPublicKey=96f59ea077c760012e99d2290bbbba251e89ae6a92046445c9fecba8d5cca3f676f6e12993414ef1b79c28a9210cd5f4:
lastQuorum: 1556362 FinalCommitment(version=4, llmqType=5, quorumHash=0000002dba31f5e7b190858c9ea2ab97ffc3c47b9a234e9941090f33f02725a5, signers=60, validMembers=60, quorumPublicKey=91e7a8b7b1e1e58f0c8cd03d639dcb4122100df7eda677734252a1031007934f507b5ab6cc57e27ae87306a5829764a9:
lastQuorum: 1556363 FinalCommitment(version=4, llmqType=5, quorumHash=00000060ed6367ac0658fa79fa8c6078eff8c22eaadf75c57cb3cffcad71b2c7, signers=60, validMembers=60, quorumPublicKey=94df64321ea0734ba9f5a7b71282c7eb99ba27de76eb965ccdcb5a46a4e89acf09b6457bc7553561f3b922bac4a2dbc9:
lastQuorum: 1556364 FinalCommitment(version=4, llmqType=5, quorumHash=0000004f2e181e7cb71b508f8a36e9c78b644d379c7d15a3e9ee82cb3f52abed, signers=59, validMembers=59, quorumPublicKey=b0e77efd68fe9853ecb7fda28232e6d9a4e6bbbdc71addb0c04f2a9dbb4d50bb79f79f2cc86bc21a4313ecf188dc7334:
lastQuorum: 1556365 FinalCommitment(version=4, llmqType=5, quorumHash=0000004270e5a5bf4654ae767de1a58320017eb6782724136d7c35802b7a67c4, signers=60, validMembers=60, quorumPublicKey=b4d20117fd6deb0b835fae57b8ce6a3be1b86bd0baefaca480a2992e678291bb229f93b3a15027be841bce9c0b864ca9:
lastQuorum: 1556366 FinalCommitment(version=4, llmqType=5, quorumHash=00000010e87be3689cc27afaa3b9cbeb4696664c3e112df3b641b161a0ef9ddd, signers=60, validMembers=60, quorumPublicKey=b9ec07910ba574ca619d92f01b44e95c0e81b97650741bb74d389d63037d559cfcd15d83b5a9e2b3977f896662065d01:
lastQuorum: 1556367 FinalCommitment(version=4, llmqType=5, quorumHash=00000092d66e75508d1d46b9785b7c5f0bbffa7dc3c8dd7ee7aa524e4cdd58cc, signers=59, validMembers=59, quorumPublicKey=8212bef8727fdb145c888acd6432627adbf89e8219ea5c9688859de71d61df0b5d44b4165ade0a18c428fc689b5a2ece:
lastQuorum: 1556368 FinalCommitment(version=4, llmqType=5, quorumHash=000000124824fcc9e629f11f5c0d9d2afc87961c28efd366abd57eb7a8b49015, signers=60, validMembers=60, quorumPublicKey=8e54191a97abf9f907841653881e41cb3cd8c3836d5096186882f6a99177b5001e3248e25cfbb07d4441c9d38ab43012:
lastQuorum: 1556369 FinalCommitment(version=4, llmqType=5, quorumHash=00000096ebcee6b28b53a3ae15ab5df2dcfded6c98a54a01dbc762160cc3472a, signers=60, validMembers=60, quorumPublicKey=830343da9c59e53ba0191529c2abc8c0d6366fd786ceffa5da3d6ad4b4f2104147c16244406ccc7eec7274324019aeed:
lastQuorum: 1556370 FinalCommitment(version=4, llmqType=5, quorumHash=0000000623b88a3ee57fca68940b8f1bca61100be8806cb8637ede9b30ee20cb, signers=59, validMembers=59, quorumPublicKey=b7349258eb1bd9de7b9dd2b6204b9f123f1e7de82a0f7c3051eb5c2ce2a18f716a0329b14618c39b508193b1ddd3028f:
lastQuorum: 1556371 FinalCommitment(version=4, llmqType=5, quorumHash=0000003f5b32442a0d78705ccb13cc28a0ec4aa1f5fbd6806c9e9745e070eb54, signers=60, validMembers=60, quorumPublicKey=a60474ee7de873a71678abf73674940b73c9ccb12ec7673df3e4138ccb83e9cb36263e8c7b5c65384eb894b9fbc5ab6e:
lastQuorum: 1556372 FinalCommitment(version=4, llmqType=5, quorumHash=00000089b0991c3826b5b49f1be18ba2dc11d5b328a99eb40ad9f639bc3005d7, signers=59, validMembers=59, quorumPublicKey=85193d294af9fb34c4b1854542fad1d9e943d33ac13a549312d11103124e906c104f6794ef54b41790ae82d791a2a97d:
lastQuorum: 1556373 FinalCommitment(version=4, llmqType=5, quorumHash=0000003ea95388cc408efae4572b119937bc843a4e56ff3885b69a846eb0d130, signers=59, validMembers=59, quorumPublicKey=98be043578d1e1e53ff81ee29d0e85b672a8b3edfa88ed7a3f4fa9906fbb7820d2ab771d1d071ccfb5c8a9f9552cea3d:
lastQuorum: 1556374 FinalCommitment(version=4, llmqType=5, quorumHash=0000008ade5b423e8ed9becab6cf224daaf4471f309170a7dcc417775201323f, signers=60, validMembers=60, quorumPublicKey=b8bee7a3d84154de748b3294d3bd56114cc1692b9ceb2864daa79d18af8c55ae2454bd66f0613c6f5a4e1f22487a5368:
lastQuorum: 1556375 FinalCommitment(version=4, llmqType=5, quorumHash=0000004851cbb8ab1608e54c7ed1c7ccb2796bc42789104b327b83e8eb788b1f, signers=59, validMembers=59, quorumPublicKey=a4bcad8afe7ce12b9449b3d913bf4771ec0f055fa5ab23d036026ca046c559a31d1845cf583b6361af58d842e4bf91b6:
lastQuorum: 1556376 FinalCommitment(version=4, llmqType=5, quorumHash=00000079aa35e59af6f1eb79b4b7b2f6828be7995cb859d4ca578e8bcfa00b59, signers=59, validMembers=59, quorumPublicKey=a5b92ca59961622b139312b00a9cf19b0ac5cdafae59162adb12f66458e34871a0b14ba5d24aa8c8f6779a8478b40c1d:
lastQuorum: 1556377 FinalCommitment(version=4, llmqType=5, quorumHash=0000000e3bf3ac149609e324c243137f62da437c0bf883fbe905fd2b466e7cbc, signers=60, validMembers=60, quorumPublicKey=911181ee1adbeee96d2bfaaff457fc7127837fbea0fcaad4b451ab858b9498618e0efa6a12e530fd8bb1521d517fccb7:
lastQuorum: 1556378 FinalCommitment(version=4, llmqType=5, quorumHash=00000074b8800331a9d8b66615d289a8c9682012ca05acd4dd0ef9f72b0d5bcd, signers=59, validMembers=59, quorumPublicKey=afe1751c9b84d29bfb033ae75c5f5f7295a2c32660609b3f7a17c1c3df5c98e722ac91b0310b616c3a96e66b2c96fd6a:
lastQuorum: 1556379 FinalCommitment(version=4, llmqType=5, quorumHash=00000049a6c6be861e0abf41709707e61a9bab1341026977019ed5e0fd654e07, signers=59, validMembers=59, quorumPublicKey=89779a75c7d3cb42770b3629b4d42a52f8e997b3fcf6695e747463129e4ee8532e042ffc00bb6e786973834a8329bc5f:
lastQuorum: 1556380 FinalCommitment(version=4, llmqType=5, quorumHash=0000004c199915beb1e8fde1b59b8e8bba550045fefcbb55d32c7a0ce2b897d9, signers=60, validMembers=60, quorumPublicKey=a16a200d4ea8ab743e9607cd442a440d8cb5216a72cceeea3519fba3f872b9c8932acb5fff2748542d40a8d262c968c9:
lastQuorum: 1556381 FinalCommitment(version=4, llmqType=5, quorumHash=000003e4da24ef687c4a8babb9450b9c4271e69289359cc8077058b3fc26914b, signers=59, validMembers=59, quorumPublicKey=ac55c7d5a193e69c754ecae461c4dfeaee9dbb105ee50253f6f67147c329b8e797dd7eed97a10f65bcd9c9d9b306e815:
lastQuorum: 1556382 FinalCommitment(version=4, llmqType=5, quorumHash=00000074cac5295e3b153aa50c87e9c66f01559ecd951198dba2a1791c48a60d, signers=60, validMembers=60, quorumPublicKey=8071d8dcbf1494d3da8802a0bfeb895c51a229199713444e1e5c517fb78341a6bfab7ec87e120b634fad19268033b942:
lastQuorum: 1556383 FinalCommitment(version=4, llmqType=5, quorumHash=000000a4a0fb76f5991cdb42217bcf23e1d51a3ffcf4cd2e2e77d14267dae4d8, signers=60, validMembers=60, quorumPublicKey=b2f4d2cc1c5ecd5fb91e4dc257e0c58ccd7d9cbe192161c37038c377fade6f4453086e6d518c290742aec2b58e0c97a1:
} from Peer{[68.67.122.82]:19999, version=70240, subVer=/Dash Core:23.1.8(dcg-masternode-53)/, services=7237 (NETWORK, BLOOM, NETWORK_LIMITED, COMPACT_FILTERS, HEADERS_COMPRESSED, remaining: 1000001000000), time=2026-09-19 00:26:39, height=1556559}
05:27:09 [process-qrinfo] ChainLocksHandler - cannot find block hash: 0000006faac9003919a6d5456a0a46ae10db517f572221279f0540b79fd9cf1b
05:27:09 [process-qrinfo] ChainLocksHandler - cannot find block hash: 000000dc07d722238a994116c3395c334211d9864ff5b37c3be51d5fdda66223
05:27:09 [process-qrinfo] ChainLocksHandler - cannot find block hash: 000000bd5639c21dd8abf60253c3fe0343d87a9762b5b8f57e2b4ea1523fd071
05:27:09 [process-qrinfo] ChainLocksHandler - cannot find block hash: 0000000e6d15a11825211c943c4a995c44ebb2b0834b7848c2e080b48ca0148e
05:27:09 [process-qrinfo] ChainLocksHandler - cannot find block hash: 000000339cd97d45ee18cd0cba0fd590fb9c64e127d3c30885e5b7376af94fdf
05:27:09 [process-qrinfo] ChainLocksHandler - doesn't match previous value: ChainLockSignature{height=1554928, blockHash=0000001530676145ff58139b438f044b7ad9659c980d6691a6bb4f8673d97e62, sig=8d43075ccb2c04a7622d3a8c24c511d169e772b1ae89b47516daa63733982152c887630a185c9e03509c66f63e05b8040c9733e273f07027a2c171dd3c9021b4161740815599e501413152b265b9c72bb9292921365c210e858d23ed90140517} vs current:b7822e6065d90028bfa7b07b79234ced3f5cc76cc4a2ee74b87da665f4bbde1e7a29b1f248a5a753d70f87608fb73fa415c32382bd64db0540eec459b1c09bd9cda95e17eabc8027397abf1a753e207a1d68eb495ee0385209909c7c36234753
05:27:09 [process-qrinfo] ChainLocksHandler - doesn't match previous value: ChainLockSignature{height=1554928, blockHash=0000001530676145ff58139b438f044b7ad9659c980d6691a6bb4f8673d97e62, sig=b7822e6065d90028bfa7b07b79234ced3f5cc76cc4a2ee74b87da665f4bbde1e7a29b1f248a5a753d70f87608fb73fa415c32382bd64db0540eec459b1c09bd9cda95e17eabc8027397abf1a753e207a1d68eb495ee0385209909c7c36234753} vs current:8d43075ccb2c04a7622d3a8c24c511d169e772b1ae89b47516daa63733982152c887630a185c9e03509c66f63e05b8040c9733e273f07027a2c171dd3c9021b4161740815599e501413152b265b9c72bb9292921365c210e858d23ed90140517
05:27:09 [process-qrinfo] ChainLocksHandler - cannot find block hash: 0000006faac9003919a6d5456a0a46ae10db517f572221279f0540b79fd9cf1b
05:27:09 [process-qrinfo] ChainLocksHandler - cannot find block hash: 000000dc07d722238a994116c3395c334211d9864ff5b37c3be51d5fdda66223
05:27:09 [process-qrinfo] ChainLocksHandler - cannot find block hash: 000000bd5639c21dd8abf60253c3fe0343d87a9762b5b8f57e2b4ea1523fd071
05:27:09 [process-qrinfo] ChainLocksHandler - cannot find block hash: 0000000e6d15a11825211c943c4a995c44ebb2b0834b7848c2e080b48ca0148e
05:27:09 [process-qrinfo] ChainLocksHandler - cannot find block hash: 000000339cd97d45ee18cd0cba0fd590fb9c64e127d3c30885e5b7376af94fdf
05:27:09 [process-qrinfo] ChainLocksHandler - doesn't match previous value: ChainLockSignature{height=1555216, blockHash=0000004274d2088850faac9196c96ecf49dc22ac89fc6023c42199cee58f1af9, sig=a3e34f9a4d34b27f3bd5fa71c8a163abf4a96a689468496f9a6371544365f54322f00cb1026ced2521f97accbb191f6515c0c378176128bc78d84d633f736a90c49e6d2e4355dc682612e585916a204dc76fb28e743deb8dbc8390a48723009c} vs current:a3e004087db1f8481129a13806159c58e9a9cbbe2ce73775053cc562824ffc90b56d71d267bebf6de4c2592a60ab187105fe35ad019936c24652f6c6cda8e13d66d6d9db73d4ee46241bdce87e0dbaf6999609092e5c340b178d3674cbcf54ba
05:27:09 [process-qrinfo] ChainLocksHandler - doesn't match previous value: ChainLockSignature{height=1555216, blockHash=0000004274d2088850faac9196c96ecf49dc22ac89fc6023c42199cee58f1af9, sig=a3e004087db1f8481129a13806159c58e9a9cbbe2ce73775053cc562824ffc90b56d71d267bebf6de4c2592a60ab187105fe35ad019936c24652f6c6cda8e13d66d6d9db73d4ee46241bdce87e0dbaf6999609092e5c340b178d3674cbcf54ba} vs current:a3e34f9a4d34b27f3bd5fa71c8a163abf4a96a689468496f9a6371544365f54322f00cb1026ced2521f97accbb191f6515c0c378176128bc78d84d633f736a90c49e6d2e4355dc682612e585916a204dc76fb28e743deb8dbc8390a48723009c
05:27:09 [process-qrinfo] ChainLocksHandler - cannot find block hash: 0000006faac9003919a6d5456a0a46ae10db517f572221279f0540b79fd9cf1b
05:27:09 [process-qrinfo] ChainLocksHandler - cannot find block hash: 000000dc07d722238a994116c3395c334211d9864ff5b37c3be51d5fdda66223
05:27:09 [process-qrinfo] ChainLocksHandler - cannot find block hash: 000000bd5639c21dd8abf60253c3fe0343d87a9762b5b8f57e2b4ea1523fd071
05:27:09 [process-qrinfo] ChainLocksHandler - cannot find block hash: 0000000e6d15a11825211c943c4a995c44ebb2b0834b7848c2e080b48ca0148e
05:27:09 [process-qrinfo] ChainLocksHandler - cannot find block hash: 000000339cd97d45ee18cd0cba0fd590fb9c64e127d3c30885e5b7376af94fdf
05:27:09 [process-qrinfo] ChainLocksHandler - doesn't match previous value: ChainLockSignature{height=1555504, blockHash=0000003079c525f752d61fcbc1c2c8b71084e6b0b305569db8fcdb7bdf656667, sig=820443725bd91cadbd00990512233c288045e0b967fd6d4c420fda0e7f7dca91c00640c26d3926ceac312573c30431490505c2a3b0576803408ad13dce37b7fb515d815504fe274d6fdcdca79973d5b7d62da31c6106d3f84d1827fc11bd8875} vs current:854295b42976f50d8468d616d7605a89b04c0b7f244aeaf559a755edef1e4aaac9ed2eae408a52a97d9ae36ac63ecb940e0c81530aba309e786d5f06490a2845c71eb4c957a2e711b8755a3669013fcc34333c9a7dcf8cafed9a9046bdabc648
05:27:09 [process-qrinfo] ChainLocksHandler - doesn't match previous value: ChainLockSignature{height=1555504, blockHash=0000003079c525f752d61fcbc1c2c8b71084e6b0b305569db8fcdb7bdf656667, sig=854295b42976f50d8468d616d7605a89b04c0b7f244aeaf559a755edef1e4aaac9ed2eae408a52a97d9ae36ac63ecb940e0c81530aba309e786d5f06490a2845c71eb4c957a2e711b8755a3669013fcc34333c9a7dcf8cafed9a9046bdabc648} vs current:820443725bd91cadbd00990512233c288045e0b967fd6d4c420fda0e7f7dca91c00640c26d3926ceac312573c30431490505c2a3b0576803408ad13dce37b7fb515d815504fe274d6fdcdca79973d5b7d62da31c6106d3f84d1827fc11bd8875
05:27:09 [process-qrinfo] ChainLocksHandler - cannot find block hash: 0000006faac9003919a6d5456a0a46ae10db517f572221279f0540b79fd9cf1b
05:27:09 [process-qrinfo] ChainLocksHandler - cannot find block hash: 000000dc07d722238a994116c3395c334211d9864ff5b37c3be51d5fdda66223
05:27:09 [process-qrinfo] ChainLocksHandler - cannot find block hash: 000000bd5639c21dd8abf60253c3fe0343d87a9762b5b8f57e2b4ea1523fd071
05:27:09 [process-qrinfo] ChainLocksHandler - cannot find block hash: 0000000e6d15a11825211c943c4a995c44ebb2b0834b7848c2e080b48ca0148e
05:27:09 [process-qrinfo] ChainLocksHandler - cannot find block hash: 000000339cd97d45ee18cd0cba0fd590fb9c64e127d3c30885e5b7376af94fdf
05:27:09 [process-qrinfo] ChainLocksHandler - doesn't match previous value: ChainLockSignature{height=1555792, blockHash=0000005d1c67279a358931ebb5c2d29f7b07da5cbc8c508f8ff882f49bb01970, sig=8bf5a38d5497d0a6ffff26f7763ab87c15daf5358f2ed3a65850bbb93a0281739608aec0ac14024195e78b4bcb30fc4a0d15ad95a790eeca62d8869b0b5b0d4dcb8d91a22329d1310ddff6f4fd584c8956c4b268c73c8b81702f6e8621b68446} vs current:8ebcd1204a66b2cea5ddfe898334fa1fddbe914b7affbf38acc2b314c5add9200bae6f7a60a94f7f3ba258171f4d6d62187f9d8cd95f29004743ed909fbd0839815adac3c7b0941b97795a77fa98cc486343997f0ed2c349c927fa07a2ae0f95
05:27:09 [process-qrinfo] ChainLocksHandler - doesn't match previous value: ChainLockSignature{height=1555792, blockHash=0000005d1c67279a358931ebb5c2d29f7b07da5cbc8c508f8ff882f49bb01970, sig=8ebcd1204a66b2cea5ddfe898334fa1fddbe914b7affbf38acc2b314c5add9200bae6f7a60a94f7f3ba258171f4d6d62187f9d8cd95f29004743ed909fbd0839815adac3c7b0941b97795a77fa98cc486343997f0ed2c349c927fa07a2ae0f95} vs current:8bf5a38d5497d0a6ffff26f7763ab87c15daf5358f2ed3a65850bbb93a0281739608aec0ac14024195e78b4bcb30fc4a0d15ad95a790eeca62d8869b0b5b0d4dcb8d91a22329d1310ddff6f4fd584c8956c4b268c73c8b81702f6e8621b68446
05:27:09 [process-qrinfo] ChainLocksHandler - cannot find block hash: 0000006faac9003919a6d5456a0a46ae10db517f572221279f0540b79fd9cf1b
05:27:09 [process-qrinfo] ChainLocksHandler - cannot find block hash: 000000dc07d722238a994116c3395c334211d9864ff5b37c3be51d5fdda66223
05:27:09 [process-qrinfo] ChainLocksHandler - cannot find block hash: 000000bd5639c21dd8abf60253c3fe0343d87a9762b5b8f57e2b4ea1523fd071
05:27:09 [process-qrinfo] ChainLocksHandler - cannot find block hash: 0000000e6d15a11825211c943c4a995c44ebb2b0834b7848c2e080b48ca0148e
05:27:09 [process-qrinfo] ChainLocksHandler - cannot find block hash: 000000339cd97d45ee18cd0cba0fd590fb9c64e127d3c30885e5b7376af94fdf
05:27:09 [process-qrinfo] ChainLocksHandler - doesn't match previous value: ChainLockSignature{height=1556080, blockHash=00000045501fa523978d26b7aaa64a9aacc306c6aea0bda49d5066db5825c868, sig=b6d0b12ca89f515c4dae01e560622ca555fb3a532754f1dddca73c9cf258a349315bd13881c75f6a3b0c41586fe0933c1801589cfca27d2ea929ce13b06c550da1ffa5bbd1452751afa01b45790befa2ed4ab0f83af9596304b54ebe12be7e46} vs current:8330c50528543f285bda23a70d6d0fdd0773a0aee96d160e68d7bcd3f29ee1e827fad0307eea48757abefdd3efaaf21e09cbb89332c907945a6e9bb2bb57ac48fa55eb11bb703da40b11a75edfe4cdf8888adfecd0dffc8de571ad32fa277d7e
05:27:09 [process-qrinfo] ChainLocksHandler - doesn't match previous value: ChainLockSignature{height=1556080, blockHash=00000045501fa523978d26b7aaa64a9aacc306c6aea0bda49d5066db5825c868, sig=8330c50528543f285bda23a70d6d0fdd0773a0aee96d160e68d7bcd3f29ee1e827fad0307eea48757abefdd3efaaf21e09cbb89332c907945a6e9bb2bb57ac48fa55eb11bb703da40b11a75edfe4cdf8888adfecd0dffc8de571ad32fa277d7e} vs current:b6d0b12ca89f515c4dae01e560622ca555fb3a532754f1dddca73c9cf258a349315bd13881c75f6a3b0c41586fe0933c1801589cfca27d2ea929ce13b06c550da1ffa5bbd1452751afa01b45790befa2ed4ab0f83af9596304b54ebe12be7e46
05:27:09 [process-qrinfo] QuorumRotationState - computeQuorumMembersByQuarterRotation llmqType[LLMQ_60_75] nHeight[1556352]
05:27:09 [NioClientManager] Headers2Message - Parsing headers2 message: numHeaders=8000, payloadLength=344041
05:27:09 [process-qrinfo] SimplifiedQuorumList - valid quorum commitment: 00000087340e3b31a2604ccf0f4a891248ef2a98ed5ca4ff46fa49100c9a7c54:0: quorumPublicKey = 93c6b7eed528ec25e31705c11943ca723ad7a7ea822ebdfbd4176b6f1ba722c3b018e1684ac6123e0abb650fd6797a2a, membersSignature = 8e42184a1d5f52bcef7f87361c665dc5726e992c3b5e31dc26080e2d90e27cd758fa4485038424a4d9f5a7bf488194c50bbc6e567ac2db9e88cc07b17ec850874d50ca43f6d8a50fa5d0dc2ecad9fcec6ca0d0a624bb9231a0a5153c9c2bf20d
05:27:09 [Wallet autosave thread] BLSJniLibrary - Initializing BLS JNI Library
05:27:09 [process-qrinfo] SimplifiedQuorumList - valid quorum commitment: 00000006d910ab967bf2bb9753aaebedfe6174b4e4d8e1b31e01ba5a450ebe73:1: quorumPublicKey = b5c16730f4c38d63207a477487896f7571f4578d7cd87593b8c48f30b4bacdbdb3577c881ea94aae7e7fe27e90ce22f5, membersSignature = 9007e5975dcd19f279903abb931abaea7c073ee42fae7dd5da92f0da3a00b44601c4de3a2a6f20a24d4dbba959eec4420ad0e19a3dcdd2f5e3317ef1c5326243c7b2992f686704bf452f631db96db736143ff0fbb472a4b7ab6f4253c6c89387
05:27:09 [NioClientManager] DownloadProgressTracker - Chain download 40% done with 149607 blocks to go, block date 2026-01-22T21:45:35Z
05:27:09 [NioClientManager] BlockchainServiceImpl - progress 40
05:27:09 [dashj user thread] DownloadProgressTracker - Chain download 40% done with 149607 blocks to go, block date 2026-01-22T21:45:35Z
05:27:09 [process-qrinfo] SimplifiedQuorumList - valid quorum commitment: 00000024ea631c709ff7d5b2a38ce91e79dd13bbcd746c9f47c68f19e90e57bb:2: quorumPublicKey = 826e16558f61b7f97c1741127aa3aef0442c99896f08ae302743e22a632443c95c8fbc2a6df4ec45fe18b28076aaff0e, membersSignature = 91283c32fd0a661da4a49bf4aff2622a5a403a1f8edd0d2f12e56a15da8b8963f4ee6af90210ffc909c79b0cdb849764094ca5a5e19a136ec2c63c73295879b976990973a30fe4d099b021476f683b34f6f0e68040272f17400a07124ef4c907
05:27:09 [DefaultDispatcher-worker-5] MainViewModel - blockchain state update: mnlist=1556551; chain=1406970
05:27:09 [process-qrinfo] SimplifiedQuorumList - valid quorum commitment: 00000046e9eed0f5642ce1bcd07c87c253ca64f33d31274dcd4ef0d12dcf291a:3: quorumPublicKey = a4e08ebdf93bef556399a8a5f4b146cea4d6ea433961a8b62b16476c4374f2f49b1d99ece145f70d909f9beb2cd7aebe, membersSignature = b676ac0023392bf6bbc7f978d8061dd13c29e1ea8c30b33aee675936988e4a833e4116ab84bfc41feb7716039434dc890ec21dcd00e4a209c8821f1cce297d379a4ca40d6316a9846ec99ba74900684b7986191b47f009b6f5b02bc43abaf510
05:27:09 [process-qrinfo] SimplifiedQuorumList - valid quorum commitment: 00000006f0bac655fe80f9076bb7f7183ebe0676e06d38e00d6c887cf01068b5:4: quorumPublicKey = b44cc6476d14d69de3246d2530598824038351be01a52ab3cf2b7cf73c8f13149adb67d09730708e43facfa25e1e98af, membersSignature = ace231b82f06519af35580d4db981b69e87e9d24b17ccd52ebf056c7767a4cdf11d6cf8262a436399017ce391f10f2ec16cb6153dde1eea3a372a4ab117240f725c0279e252c4e246a30f11a122cbbb759bb9529f34d523a725ba7efe5964ace
05:27:09 [process-qrinfo] SimplifiedQuorumList - valid quorum commitment: 00000082e2886f19101ab0e515996726cec3e5bcc5269df0c93d677ae134c154:5: quorumPublicKey = a129a73e46402c40acce95d7980c91ef3bdb001451b9f9a95f8e4bd741a8dc5ae6d9ea6a9fd1ac6957301694a270c497, membersSignature = b928d3ea4c260a60d45962cffd70578b5297c27f8a037b571d4398cef47dfa9384a31ddf4b3dacb9afa9c619a24ca5e108582b3dd5dc42526064c74eec5cdb902ac14ade0c27f30954534702cf4e02c4d7701160d1906bd435f5ecf538b6243c
05:27:09 [NioClientManager] DownloadProgressTracker - Chain download 41% done with 148096 blocks to go, block date 2026-01-25T08:58:21Z
05:27:09 [dashj user thread] DownloadProgressTracker - Chain download 41% done with 148096 blocks to go, block date 2026-01-25T08:58:21Z
05:27:09 [NioClientManager] BlockchainServiceImpl - progress 41
05:27:09 [process-qrinfo] SimplifiedQuorumList - valid quorum commitment: 0000007592822b1715917a92073edbd1d2068db7a0d053c652a9344c84b6cb38:6: quorumPublicKey = a356d03a9ac40346f772ea9392a8392f7defac5ebe31a733602aefd028b151615047dc3e1674e99df0cb56300868d92a, membersSignature = ac0d5861a76f00002d1fea6c687eae7d9229e783baa3858f31e3e14511ea011139e540254bf5b13b3af4769a3dfcccd3019af2a93a7571ed1092f0c5fc5d2e4b3cca250b6b157f766314d2f476e4c7d2961f8d3d1a38d032eb0836a1dfb4cc0b
05:27:09 [process-qrinfo] SimplifiedQuorumList - valid quorum commitment: 0000007685e1a5443e3bd5bb38125fc90f902c78fbc6e6eff747e593a36afd12:7: quorumPublicKey = 9415b8ac56e702badbf4b474c4d6323772021e4eca28cb82c8dfa089a1f01c250e5bc6463d8b48b24bf1dc1461ba8e09, membersSignature = b7ee5f1f0bb6beceeb87499e706749fb140927c5f24b3521797fa07786d958256b61359e88cbe8864808d5779c094453095fd3bd9cfc41aa635d5818a1e4aff80a591527647f274ff9f93472ceb8f87c0a6d25e6449dffca76750c2c6723833c
05:27:10 [NioClientManager] DownloadProgressTracker - Chain download 41% done with 146585 blocks to go, block date 2026-01-27T20:21:39Z
05:27:10 [NioClientManager] BlockchainServiceImpl - progress 41
05:27:10 [dashj user thread] DownloadProgressTracker - Chain download 41% done with 146585 blocks to go, block date 2026-01-27T20:21:39Z
05:27:10 [process-qrinfo] SimplifiedQuorumList - valid quorum commitment: 00000019128639f910d572039a754f5601cff973ff5417d55a79c2ca5a2bcdfb:8: quorumPublicKey = aeef26b7316092619c664380dc9df739bcef55b98b8084423076e6b74949193c42dbbf3ed1254021b94da70c779691c5, membersSignature = a24fc6f428041b53e31a7b15350ae2ebc5c314395f5ddae7ef6af21037480e43b6ebd0c49f94d4ce33b334cda85918ea090c476fcf8c6700b91ded763207673c986c0f1bb848ee774aab77175c3f36f3fa929d2f9097ac970632206e2cff87a3
05:27:10 [process-qrinfo] SimplifiedQuorumList - valid quorum commitment: 00000064be4b850b3f1e64a6aeb8a2db7d3dd506ff2a6017fbee394fecb859c4:9: quorumPublicKey = 96f59ea077c760012e99d2290bbbba251e89ae6a92046445c9fecba8d5cca3f676f6e12993414ef1b79c28a9210cd5f4, membersSignature = adac629a9d6b48b31861b590728aac1ddba7735dba98e8009747c191124a349127aa5cf87b84bc26de61d86fd4d814620ddc9f844b4f5d5a4d1803ef27d72c3e7ea73f25008564cf0cbb81b0ab2807483bf2bd173cdca8dcaff877e2fc37a44b
05:27:10 [NioClientManager] DownloadProgressTracker - Chain download 42% done with 145074 blocks to go, block date 2026-01-30T06:54:36Z
05:27:10 [NioClientManager] BlockchainServiceImpl - progress 42
05:27:10 [dashj user thread] DownloadProgressTracker - Chain download 42% done with 145074 blocks to go, block date 2026-01-30T06:54:36Z
05:27:10 [process-qrinfo] SimplifiedQuorumList - valid quorum commitment: 0000002dba31f5e7b190858c9ea2ab97ffc3c47b9a234e9941090f33f02725a5:10: quorumPublicKey = 91e7a8b7b1e1e58f0c8cd03d639dcb4122100df7eda677734252a1031007934f507b5ab6cc57e27ae87306a5829764a9, membersSignature = 8371d1e1ab22dd47d14886548db371f64532a623d9a6d9625a05a0df38d1ddc88aefbe06be41b980f644cab2d04102cd1053156b3cb481cba9f292b07c58fa9ac5629006558032a25fb267db4932f2df6ad4ef1a2a1a3ee72cef98822b8bc783
05:27:10 [NioClientManager] DownloadProgressTracker - Chain download 43% done with 143563 blocks to go, block date 2026-02-01T17:20:16Z
05:27:10 [NioClientManager] BlockchainServiceImpl - progress 43
05:27:10 [dashj user thread] DownloadProgressTracker - Chain download 43% done with 143563 blocks to go, block date 2026-02-01T17:20:16Z
05:27:10 [process-qrinfo] SimplifiedQuorumList - valid quorum commitment: 00000060ed6367ac0658fa79fa8c6078eff8c22eaadf75c57cb3cffcad71b2c7:11: quorumPublicKey = 94df64321ea0734ba9f5a7b71282c7eb99ba27de76eb965ccdcb5a46a4e89acf09b6457bc7553561f3b922bac4a2dbc9, membersSignature = 88050c558babe1dd09c6327cce34d487db977e945a686ddd3a19a9583b49a8d6cd5d85fa97d6cfa10165b0ec6c7b584d0dfbe4fb68c4ce0b2d7f5e1267df77399562878f9429302b25a24128ea4c98fba9a7e38b280f11f786134980876d229d
05:27:10 [DefaultDispatcher-worker-4] MainViewModel - blockchain state update: mnlist=1556551; chain=1413377
05:27:10 [process-qrinfo] SimplifiedQuorumList - valid quorum commitment: 0000004f2e181e7cb71b508f8a36e9c78b644d379c7d15a3e9ee82cb3f52abed:12: quorumPublicKey = b0e77efd68fe9853ecb7fda28232e6d9a4e6bbbdc71addb0c04f2a9dbb4d50bb79f79f2cc86bc21a4313ecf188dc7334, membersSignature = b462d77cf8540a95ab5a141dd32c7e2892578fdac0aa6f79ac88321b8a3739debcecfa392469df14f8d1752875e31a57113692bdfb79a0d7d51168e3f9575fdaed919bd7635980eb94ea69ab20c5b921fb3808ec7d5c8ecba0e953dab9587903
05:27:10 [process-qrinfo] SimplifiedQuorumList - valid quorum commitment: 0000004270e5a5bf4654ae767de1a58320017eb6782724136d7c35802b7a67c4:13: quorumPublicKey = b4d20117fd6deb0b835fae57b8ce6a3be1b86bd0baefaca480a2992e678291bb229f93b3a15027be841bce9c0b864ca9, membersSignature = 96997103e7cd16473d064dc5510abb97e0bd876e2321b4dfe517a9c2eed3b0ba55eda26d7f8cd5f58005793dceb0a3bc09ad6b33c2946ccc9246447d6338e0fe713ccba51ffe47ccbb24171d1217039cf7d08add6fefcf23e17fa5b8721dd33f
05:27:10 [process-qrinfo] SimplifiedQuorumList - valid quorum commitment: 00000010e87be3689cc27afaa3b9cbeb4696664c3e112df3b641b161a0ef9ddd:14: quorumPublicKey = b9ec07910ba574ca619d92f01b44e95c0e81b97650741bb74d389d63037d559cfcd15d83b5a9e2b3977f896662065d01, membersSignature = 8a0c672f882df2f859d54dd9b0a84abf0e03e15de5d21482b89f44f741681f97baf5e01345a019cd43d92f1319efb01015770beb09d2cf3cec8a82ab4057457b586f86b5f5ffd39f9683b22bd4e31e8d4204974209b248ebf2a4a1b97986e707
05:27:10 [process-qrinfo] SimplifiedQuorumList - valid quorum commitment: 00000092d66e75508d1d46b9785b7c5f0bbffa7dc3c8dd7ee7aa524e4cdd58cc:15: quorumPublicKey = 8212bef8727fdb145c888acd6432627adbf89e8219ea5c9688859de71d61df0b5d44b4165ade0a18c428fc689b5a2ece, membersSignature = b47f904dca2f8cd67e903487563612293047422f11be5f8433045e01a91bc5fffb7d4cc40d9a27dcc2e4e9f40359844a08508e558b2032bbf92ae4597d1c87f32d45d95b733a5a0e56c94f9a0c7f9333a561e6783b57b0b540dd4b3002381610
05:27:10 [process-qrinfo] SimplifiedQuorumList - valid quorum commitment: 000000124824fcc9e629f11f5c0d9d2afc87961c28efd366abd57eb7a8b49015:16: quorumPublicKey = 8e54191a97abf9f907841653881e41cb3cd8c3836d5096186882f6a99177b5001e3248e25cfbb07d4441c9d38ab43012, membersSignature = 88e774345fe718f9c9d2e629d7772817890a37bfccb1734c1d0bb92a6c11b90b40f8ab97bcdc54953f03eea41c5f25900ca65033eb6a492da334e69fa326a7884714926f65725943d12eed318dd65bb791cc126c797b9f7e6e5637af3d04ac9c
05:27:10 [PeerGroup Thread] PeerGroup$ChainDownloadSpeedCalculator - 8000 blocks/sec, 0 tx/sec, 0 pre-filtered tx/sec, 0 headers/sec, 5 mnlistdiff/sec, avg/last 135.68/1006.60 kilobytes per sec, chain/common height 1413440/1556559, not stalled (threshold <0.39 KB/sec for 30 seconds)
05:27:10 [NioClientManager] Headers2Message - Parsing headers2 message: numHeaders=8000, payloadLength=344041
05:27:10 [process-qrinfo] SimplifiedQuorumList - valid quorum commitment: 00000096ebcee6b28b53a3ae15ab5df2dcfded6c98a54a01dbc762160cc3472a:17: quorumPublicKey = 830343da9c59e53ba0191529c2abc8c0d6366fd786ceffa5da3d6ad4b4f2104147c16244406ccc7eec7274324019aeed, membersSignature = 904a0627de85f16ea6992dc9f987844aa235cfc054dce85c4287f87f79a5e7c487e3799e8405af65d1f9e75a05f0166815165216b5d771ceee64d393dcbd06adfd2b5fe9dc27ec256c0d8660bb8485bc88a8cbf7aeb21ccb1462e290fac0ba78
05:27:10 [process-qrinfo] SimplifiedQuorumList - valid quorum commitment: 0000000623b88a3ee57fca68940b8f1bca61100be8806cb8637ede9b30ee20cb:18: quorumPublicKey = b7349258eb1bd9de7b9dd2b6204b9f123f1e7de82a0f7c3051eb5c2ce2a18f716a0329b14618c39b508193b1ddd3028f, membersSignature = a8f452511c91bda26b8395d879a42cd9346bec6b9345e1af5efff97a8012c3b549b84483234c00f0e0131eca4f2d4d34179cc1dd6999314273fae0eb0273a606255c2197ee1aa4a6af30b1e9f48dadb3f154d85694d452d6453828e4dc3d59ec
05:27:10 [process-qrinfo] SimplifiedQuorumList - valid quorum commitment: 0000003f5b32442a0d78705ccb13cc28a0ec4aa1f5fbd6806c9e9745e070eb54:19: quorumPublicKey = a60474ee7de873a71678abf73674940b73c9ccb12ec7673df3e4138ccb83e9cb36263e8c7b5c65384eb894b9fbc5ab6e, membersSignature = 914ff8a40ab2e13aa91062d51bd9c1993e959c679bebe1174c9f9fc4d5dacc749fa2ae8a2a0aae215f26e38bf697fd900e9c152ac5616558bfe6f0e9f8dbe1e3d70f5b1c6fb312066eea3b8460da3c5dbb474d4048581a812b95a232016dcd17
05:27:10 [NioClientManager] DownloadProgressTracker - Chain download 43% done with 142051 blocks to go, block date 2026-02-04T04:42:15Z
05:27:10 [NioClientManager] BlockchainServiceImpl - progress 43
05:27:10 [dashj user thread] DownloadProgressTracker - Chain download 43% done with 142051 blocks to go, block date 2026-02-04T04:42:15Z
05:27:10 [NioClientManager] DownloadProgressTracker - Chain download 44% done with 140540 blocks to go, block date 2026-02-06T15:13:34Z
05:27:10 [NioClientManager] BlockchainServiceImpl - progress 44
05:27:10 [process-qrinfo] SimplifiedQuorumList - valid quorum commitment: 00000089b0991c3826b5b49f1be18ba2dc11d5b328a99eb40ad9f639bc3005d7:20: quorumPublicKey = 85193d294af9fb34c4b1854542fad1d9e943d33ac13a549312d11103124e906c104f6794ef54b41790ae82d791a2a97d, membersSignature = 93ec348819797170cb9d4bc6193c5fe88bde9f8a684730c6cf7987b3746e93ee2a1b27c5d7020a65319db58041a07c2515284d5d664fc6e5819da31dfba55b3df5b2800e2ba4c6eba176e221bc544b07917bf1d6cdbd87961922208f35db96f4
05:27:10 [dashj user thread] DownloadProgressTracker - Chain download 44% done with 140540 blocks to go, block date 2026-02-06T15:13:34Z
05:27:10 [NioClientManager] DownloadProgressTracker - Chain download 44% done with 139029 blocks to go, block date 2026-02-09T02:11:57Z
05:27:10 [NioClientManager] BlockchainServiceImpl - progress 44
05:27:10 [dashj user thread] DownloadProgressTracker - Chain download 44% done with 139029 blocks to go, block date 2026-02-09T02:11:57Z
05:27:10 [process-qrinfo] SimplifiedQuorumList - valid quorum commitment: 0000003ea95388cc408efae4572b119937bc843a4e56ff3885b69a846eb0d130:21: quorumPublicKey = 98be043578d1e1e53ff81ee29d0e85b672a8b3edfa88ed7a3f4fa9906fbb7820d2ab771d1d071ccfb5c8a9f9552cea3d, membersSignature = a83ce11001cea13933b039d32dc110e52db01b03a7887ad71e1273d3ab4b380136faeecbd04c8377ca4b3f5db82fc66e16e3be933ab0ce4a03cefd93dd47f2217014910998ac08d0622db77c50b1b38919642a544fd7960c3513bd6fe729479d
05:27:10 [NioClientManager] DownloadProgressTracker - Chain download 45% done with 137518 blocks to go, block date 2026-02-11T13:29:53Z
05:27:10 [NioClientManager] BlockchainServiceImpl - progress 45
05:27:10 [dashj user thread] DownloadProgressTracker - Chain download 45% done with 137518 blocks to go, block date 2026-02-11T13:29:53Z
05:27:10 [process-qrinfo] SimplifiedQuorumList - valid quorum commitment: 0000008ade5b423e8ed9becab6cf224daaf4471f309170a7dcc417775201323f:22: quorumPublicKey = b8bee7a3d84154de748b3294d3bd56114cc1692b9ceb2864daa79d18af8c55ae2454bd66f0613c6f5a4e1f22487a5368, membersSignature = 93bb347e94017eff8c566cf9afbb36cf3050fb1a5a5fdc44e72f105e8dc8236fa266d31601c7fd403136fceee8b454681815b6408b445773998d7906dfbc66077853a4af1fb35c398f1b30a8aa2ef5cede98e0d7716b9533372562648aa69339
05:27:10 [process-qrinfo] SimplifiedQuorumList - valid quorum commitment: 0000004851cbb8ab1608e54c7ed1c7ccb2796bc42789104b327b83e8eb788b1f:23: quorumPublicKey = a4bcad8afe7ce12b9449b3d913bf4771ec0f055fa5ab23d036026ca046c559a31d1845cf583b6361af58d842e4bf91b6, membersSignature = ab019421c5a35e4bfea926ac8eb630d999bc8832a7dfb4ab3713693d7401e77b20e6afef885d1ddf2e477857539bea5011ccd12806ab60d60aceab123618ee3d069206f8ac0aef0b30102b8adb1f2cf54fde2ccdf00798e852b385eb2604e7a0
05:27:10 [NioClientManager] DownloadProgressTracker - Chain download 46% done with 136007 blocks to go, block date 2026-02-14T00:38:34Z
05:27:10 [NioClientManager] BlockchainServiceImpl - progress 46
05:27:10 [dashj user thread] DownloadProgressTracker - Chain download 46% done with 136007 blocks to go, block date 2026-02-14T00:38:34Z
05:27:10 [process-qrinfo] SimplifiedQuorumList - valid quorum commitment: 00000079aa35e59af6f1eb79b4b7b2f6828be7995cb859d4ca578e8bcfa00b59:24: quorumPublicKey = a5b92ca59961622b139312b00a9cf19b0ac5cdafae59162adb12f66458e34871a0b14ba5d24aa8c8f6779a8478b40c1d, membersSignature = a69d3e9eda71ba5b6d907e56e89fec3f2ec00103091cb7e86cf951dfb48c370c49222f015f18994d0d0646dbb747d99203cd70ec8bb3c2766de809030af82e5b4226a31724f0f5359f9c7ad4624212e085484311fe3e515e6aef84fa30836967
05:27:10 [DefaultDispatcher-worker-12] MainViewModel - blockchain state update: mnlist=1556551; chain=1421440
05:27:10 [process-qrinfo] SimplifiedQuorumList - valid quorum commitment: 0000000e3bf3ac149609e324c243137f62da437c0bf883fbe905fd2b466e7cbc:25: quorumPublicKey = 911181ee1adbeee96d2bfaaff457fc7127837fbea0fcaad4b451ab858b9498618e0efa6a12e530fd8bb1521d517fccb7, membersSignature = b6a95c1b32186b0f56b750326c5118107fdad20f12a3c7a7d3e885bf99cce259c6f5472a54ce5a82e9de0d9e6efbffb71355521a782bcc054a3aa1d17084ffa0e62657833b73e5a21af7511cf64d63cbee68f861ffc25ae9592060e27725547a
05:27:10 [process-qrinfo] SimplifiedQuorumList - valid quorum commitment: 00000074b8800331a9d8b66615d289a8c9682012ca05acd4dd0ef9f72b0d5bcd:26: quorumPublicKey = afe1751c9b84d29bfb033ae75c5f5f7295a2c32660609b3f7a17c1c3df5c98e722ac91b0310b616c3a96e66b2c96fd6a, membersSignature = a3ac77724129847018934b4b2bd939580b90d0cb83548783b6a4e61631060320e4403d701e0f48e2ee0f26a1a9e337ba0898b87e9af88fd2285c1688844fa6d89f08aa868046e74e192a70cc3fc60a40c6ba79440ee56a684f7270b3a9da4ffd
05:27:10 [process-qrinfo] SimplifiedQuorumList - valid quorum commitment: 00000049a6c6be861e0abf41709707e61a9bab1341026977019ed5e0fd654e07:27: quorumPublicKey = 89779a75c7d3cb42770b3629b4d42a52f8e997b3fcf6695e747463129e4ee8532e042ffc00bb6e786973834a8329bc5f, membersSignature = b2ab10d5c0dfb23a1622dbdc6ac0ef6434af21de59b88e61750744a65b85da2baa5038ea6ae9dc5d0460f858a792069a0e0326cbcd953730a1193449eb1f536c975086fafa082fbb9ecc224403791acb061a4d3678c3d200c93877e4c655b2d3
05:27:10 [NioClientManager] Headers2Message - Parsing headers2 message: numHeaders=8000, payloadLength=344037
05:27:10 [process-qrinfo] SimplifiedQuorumList - valid quorum commitment: 0000004c199915beb1e8fde1b59b8e8bba550045fefcbb55d32c7a0ce2b897d9:28: quorumPublicKey = a16a200d4ea8ab743e9607cd442a440d8cb5216a72cceeea3519fba3f872b9c8932acb5fff2748542d40a8d262c968c9, membersSignature = a6517419a3fabe288a87f198f6a6aa11bbbaf9a57bef8f13bbc8a63aa90639889c120357e69bc01dab78e5190fdc8192042139d5ce9caf19656d5c88fa257a7fe578736a49d4265fceade414d3b87543ce124f275e47567f33e2ed3d397ba4d9
05:27:10 [process-qrinfo] SimplifiedQuorumList - valid quorum commitment: 000003e4da24ef687c4a8babb9450b9c4271e69289359cc8077058b3fc26914b:29: quorumPublicKey = ac55c7d5a193e69c754ecae461c4dfeaee9dbb105ee50253f6f67147c329b8e797dd7eed97a10f65bcd9c9d9b306e815, membersSignature = a330a7e252ac54a82edb671060ebd9c11c1bf8f2ce76f3fa33f91282ce15d7e986462a76e5c72a216a2968489d0e7b580cfc847219fa505e5f4e5c96360d9716e22e63653f582d52ea3f6f1a4282423b832337508c1b18f2fff4d218750a93b0
05:27:10 [process-qrinfo] SimplifiedQuorumList - valid quorum commitment: 00000074cac5295e3b153aa50c87e9c66f01559ecd951198dba2a1791c48a60d:30: quorumPublicKey = 8071d8dcbf1494d3da8802a0bfeb895c51a229199713444e1e5c517fb78341a6bfab7ec87e120b634fad19268033b942, membersSignature = 8aec236e7993ef15829e0f07936c5d30a1c43a56e3b943884d9dc28d5b73a0e7019c379e4af82eebb6cae5e2176ae572165d630b3676497f84554769f83a214050d67d3d99315fa9b368df3c4a46e8ffce24fed05f43805240e485bd3809db85
05:27:10 [NioClientManager] DownloadProgressTracker - Chain download 46% done with 134495 blocks to go, block date 2026-02-16T11:48:25Z
05:27:10 [NioClientManager] BlockchainServiceImpl - progress 46
05:27:10 [dashj user thread] DownloadProgressTracker - Chain download 46% done with 134495 blocks to go, block date 2026-02-16T11:48:25Z
05:27:10 [NioClientManager] DownloadProgressTracker - Chain download 47% done with 132984 blocks to go, block date 2026-02-18T23:21:08Z
05:27:10 [NioClientManager] BlockchainServiceImpl - progress 47
05:27:10 [dashj user thread] DownloadProgressTracker - Chain download 47% done with 132984 blocks to go, block date 2026-02-18T23:21:08Z
05:27:10 [process-qrinfo] SimplifiedQuorumList - valid quorum commitment: 000000a4a0fb76f5991cdb42217bcf23e1d51a3ffcf4cd2e2e77d14267dae4d8:31: quorumPublicKey = b2f4d2cc1c5ecd5fb91e4dc257e0c58ccd7d9cbe192161c37038c377fade6f4453086e6d518c290742aec2b58e0c97a1, membersSignature = 96233386e3c034c72cdebad831e5ed256c756d4169ffff3723f6948d980a2fc8549da95411860261b0733d9a4ea0981f03d5748c2fa4465fcbc142bd79f6e853809fa5e0c592356caf5669d5fea95ff3380b952bc3f7e6e508d17997f631dc5d
05:27:10 [process-qrinfo] SimplifiedQuorumList - verified 32 of 32 quorums
05:27:10 [process-qrinfo] QuorumRotationState - activeQuorumLists: 2
05:27:10 [process-qrinfo] QuorumRotationState - processing qrinfo: Total: 1.313 s mnlistdiff: Simplified MNList Diff{ adding 0 and removing 0 masternodes while adding 0 and removing 0 quorums }
  00000026ed7f6e4cfe13952f2bc710c0855ee71a9ce47a5df98d64375e207b2c -> 0000000c5842449fbe943f43a83bf18d49ebba6165d651f9797fb6b57d90c532
05:27:10 [process-qrinfo] QuorumRotationState - QuorumRotationState{
 -----------Masternode Lists ------------
  Tip: Simplified MN List(count: 373 height: 1556344)
  H:   Simplified MN List(count: 373 height: 1556344)
  H-C: Simplified MN List(count: 373 height: 1556056)
  H-2C:Simplified MN List(count: 373 height: 1555768)
  H-3C:Simplified MN List(count: 376 height: 1555480)
  H-4C:Simplified MN List(count: 376 height: 1555192)
 -----------Quorum Lists ------------
  Tip: SimplifiedQuorumList(count: 0; -1)
  H:   SimplifiedQuorumList(count: 109; 1556344)
  H-C: SimplifiedQuorumList(count: 109; 1556056)
  H-2C:SimplifiedQuorumList(count: 109; 1555768)
  H-3C:SimplifiedQuorumList(count: 109; 1555480)
  H-4C:SimplifiedQuorumList(count: 109; 1555192)
 -----------Last Quorum Hashes ------------
0: FinalCommitment(version=4, llmqType=5, quorumHash=00000087340e3b31a2604ccf0f4a891248ef2a98ed5ca4ff46fa49100c9a7c54, signers=60, validMembers=60, quorumPublicKey=93c6b7eed528ec25e31705c11943ca723ad7a7ea822ebdfbd4176b6f1ba722c3b018e1684ac6123e0abb650fd6797a2a
1: FinalCommitment(version=4, llmqType=5, quorumHash=00000006d910ab967bf2bb9753aaebedfe6174b4e4d8e1b31e01ba5a450ebe73, signers=60, validMembers=60, quorumPublicKey=b5c16730f4c38d63207a477487896f7571f4578d7cd87593b8c48f30b4bacdbdb3577c881ea94aae7e7fe27e90ce22f5
2: FinalCommitment(version=4, llmqType=5, quorumHash=00000024ea631c709ff7d5b2a38ce91e79dd13bbcd746c9f47c68f19e90e57bb, signers=60, validMembers=60, quorumPublicKey=826e16558f61b7f97c1741127aa3aef0442c99896f08ae302743e22a632443c95c8fbc2a6df4ec45fe18b28076aaff0e
3: FinalCommitment(version=4, llmqType=5, quorumHash=00000046e9eed0f5642ce1bcd07c87c253ca64f33d31274dcd4ef0d12dcf291a, signers=59, validMembers=59, quorumPublicKey=a4e08ebdf93bef556399a8a5f4b146cea4d6ea433961a8b62b16476c4374f2f49b1d99ece145f70d909f9beb2cd7aebe
4: FinalCommitment(version=4, llmqType=5, quorumHash=00000006f0bac655fe80f9076bb7f7183ebe0676e06d38e00d6c887cf01068b5, signers=60, validMembers=60, quorumPublicKey=b44cc6476d14d69de3246d2530598824038351be01a52ab3cf2b7cf73c8f13149adb67d09730708e43facfa25e1e98af
5: FinalCommitment(version=4, llmqType=5, quorumHash=00000082e2886f19101ab0e515996726cec3e5bcc5269df0c93d677ae134c154, signers=60, validMembers=60, quorumPublicKey=a129a73e46402c40acce95d7980c91ef3bdb001451b9f9a95f8e4bd741a8dc5ae6d9ea6a9fd1ac6957301694a270c497
6: FinalCommitment(version=4, llmqType=5, quorumHash=0000007592822b1715917a92073edbd1d2068db7a0d053c652a9344c84b6cb38, signers=59, validMembers=59, quorumPublicKey=a356d03a9ac40346f772ea9392a8392f7defac5ebe31a733602aefd028b151615047dc3e1674e99df0cb56300868d92a
7: FinalCommitment(version=4, llmqType=5, quorumHash=0000007685e1a5443e3bd5bb38125fc90f902c78fbc6e6eff747e593a36afd12, signers=60, validMembers=60, quorumPublicKey=9415b8ac56e702badbf4b474c4d6323772021e4eca28cb82c8dfa089a1f01c250e5bc6463d8b48b24bf1dc1461ba8e09
8: FinalCommitment(version=4, llmqType=5, quorumHash=00000019128639f910d572039a754f5601cff973ff5417d55a79c2ca5a2bcdfb, signers=60, validMembers=60, quorumPublicKey=aeef26b7316092619c664380dc9df739bcef55b98b8084423076e6b74949193c42dbbf3ed1254021b94da70c779691c5
9: FinalCommitment(version=4, llmqType=5, quorumHash=00000064be4b850b3f1e64a6aeb8a2db7d3dd506ff2a6017fbee394fecb859c4, signers=59, validMembers=59, quorumPublicKey=96f59ea077c760012e99d2290bbbba251e89ae6a92046445c9fecba8d5cca3f676f6e12993414ef1b79c28a9210cd5f4
10: FinalCommitment(version=4, llmqType=5, quorumHash=0000002dba31f5e7b190858c9ea2ab97ffc3c47b9a234e9941090f33f02725a5, signers=60, validMembers=60, quorumPublicKey=91e7a8b7b1e1e58f0c8cd03d639dcb4122100df7eda677734252a1031007934f507b5ab6cc57e27ae87306a5829764a9
11: FinalCommitment(version=4, llmqType=5, quorumHash=00000060ed6367ac0658fa79fa8c6078eff8c22eaadf75c57cb3cffcad71b2c7, signers=60, validMembers=60, quorumPublicKey=94df64321ea0734ba9f5a7b71282c7eb99ba27de76eb965ccdcb5a46a4e89acf09b6457bc7553561f3b922bac4a2dbc9
12: FinalCommitment(version=4, llmqType=5, quorumHash=0000004f2e181e7cb71b508f8a36e9c78b644d379c7d15a3e9ee82cb3f52abed, signers=59, validMembers=59, quorumPublicKey=b0e77efd68fe9853ecb7fda28232e6d9a4e6bbbdc71addb0c04f2a9dbb4d50bb79f79f2cc86bc21a4313ecf188dc7334
13: FinalCommitment(version=4, llmqType=5, quorumHash=0000004270e5a5bf4654ae767de1a58320017eb6782724136d7c35802b7a67c4, signers=60, validMembers=60, quorumPublicKey=b4d20117fd6deb0b835fae57b8ce6a3be1b86bd0baefaca480a2992e678291bb229f93b3a15027be841bce9c0b864ca9
14: FinalCommitment(version=4, llmqType=5, quorumHash=00000010e87be3689cc27afaa3b9cbeb4696664c3e112df3b641b161a0ef9ddd, signers=60, validMembers=60, quorumPublicKey=b9ec07910ba574ca619d92f01b44e95c0e81b97650741bb74d389d63037d559cfcd15d83b5a9e2b3977f896662065d01
15: FinalCommitment(version=4, llmqType=5, quorumHash=00000092d66e75508d1d46b9785b7c5f0bbffa7dc3c8dd7ee7aa524e4cdd58cc, signers=59, validMembers=59, quorumPublicKey=8212bef8727fdb145c888acd6432627adbf89e8219ea5c9688859de71d61df0b5d44b4165ade0a18c428fc689b5a2ece
16: FinalCommitment(version=4, llmqType=5, quorumHash=000000124824fcc9e629f11f5c0d9d2afc87961c28efd366abd57eb7a8b49015, signers=60, validMembers=60, quorumPublicKey=8e54191a97abf9f907841653881e41cb3cd8c3836d5096186882f6a99177b5001e3248e25cfbb07d4441c9d38ab43012
17: FinalCommitment(version=4, llmqType=5, quorumHash=00000096ebcee6b28b53a3ae15ab5df2dcfded6c98a54a01dbc762160cc3472a, signers=60, validMembers=60, quorumPublicKey=830343da9c59e53ba0191529c2abc8c0d6366fd786ceffa5da3d6ad4b4f2104147c16244406ccc7eec7274324019aeed
18: FinalCommitment(version=4, llmqType=5, quorumHash=0000000623b88a3ee57fca68940b8f1bca61100be8806cb8637ede9b30ee20cb, signers=59, validMembers=59, quorumPublicKey=b7349258eb1bd9de7b9dd2b6204b9f123f1e7de82a0f7c3051eb5c2ce2a18f716a0329b14618c39b508193b1ddd3028f
19: FinalCommitment(version=4, llmqType=5, quorumHash=0000003f5b32442a0d78705ccb13cc28a0ec4aa1f5fbd6806c9e9745e070eb54, signers=60, validMembers=60, quorumPublicKey=a60474ee7de873a71678abf73674940b73c9ccb12ec7673df3e4138ccb83e9cb36263e8c7b5c65384eb894b9fbc5ab6e
20: FinalCommitment(version=4, llmqType=5, quorumHash=00000089b0991c3826b5b49f1be18ba2dc11d5b328a99eb40ad9f639bc3005d7, signers=59, validMembers=59, quorumPublicKey=85193d294af9fb34c4b1854542fad1d9e943d33ac13a549312d11103124e906c104f6794ef54b41790ae82d791a2a97d
21: FinalCommitment(version=4, llmqType=5, quorumHash=0000003ea95388cc408efae4572b119937bc843a4e56ff3885b69a846eb0d130, signers=59, validMembers=59, quorumPublicKey=98be043578d1e1e53ff81ee29d0e85b672a8b3edfa88ed7a3f4fa9906fbb7820d2ab771d1d071ccfb5c8a9f9552cea3d
22: FinalCommitment(version=4, llmqType=5, quorumHash=0000008ade5b423e8ed9becab6cf224daaf4471f309170a7dcc417775201323f, signers=60, validMembers=60, quorumPublicKey=b8bee7a3d84154de748b3294d3bd56114cc1692b9ceb2864daa79d18af8c55ae2454bd66f0613c6f5a4e1f22487a5368
23: FinalCommitment(version=4, llmqType=5, quorumHash=0000004851cbb8ab1608e54c7ed1c7ccb2796bc42789104b327b83e8eb788b1f, signers=59, validMembers=59, quorumPublicKey=a4bcad8afe7ce12b9449b3d913bf4771ec0f055fa5ab23d036026ca046c559a31d1845cf583b6361af58d842e4bf91b6
24: FinalCommitment(version=4, llmqType=5, quorumHash=00000079aa35e59af6f1eb79b4b7b2f6828be7995cb859d4ca578e8bcfa00b59, signers=59, validMembers=59, quorumPublicKey=a5b92ca59961622b139312b00a9cf19b0ac5cdafae59162adb12f66458e34871a0b14ba5d24aa8c8f6779a8478b40c1d
25: FinalCommitment(version=4, llmqType=5, quorumHash=0000000e3bf3ac149609e324c243137f62da437c0bf883fbe905fd2b466e7cbc, signers=60, validMembers=60, quorumPublicKey=911181ee1adbeee96d2bfaaff457fc7127837fbea0fcaad4b451ab858b9498618e0efa6a12e530fd8bb1521d517fccb7
26: FinalCommitment(version=4, llmqType=5, quorumHash=00000074b8800331a9d8b66615d289a8c9682012ca05acd4dd0ef9f72b0d5bcd, signers=59, validMembers=59, quorumPublicKey=afe1751c9b84d29bfb033ae75c5f5f7295a2c32660609b3f7a17c1c3df5c98e722ac91b0310b616c3a96e66b2c96fd6a
27: FinalCommitment(version=4, llmqType=5, quorumHash=00000049a6c6be861e0abf41709707e61a9bab1341026977019ed5e0fd654e07, signers=59, validMembers=59, quorumPublicKey=89779a75c7d3cb42770b3629b4d42a52f8e997b3fcf6695e747463129e4ee8532e042ffc00bb6e786973834a8329bc5f
28: FinalCommitment(version=4, llmqType=5, quorumHash=0000004c199915beb1e8fde1b59b8e8bba550045fefcbb55d32c7a0ce2b897d9, signers=60, validMembers=60, quorumPublicKey=a16a200d4ea8ab743e9607cd442a440d8cb5216a72cceeea3519fba3f872b9c8932acb5fff2748542d40a8d262c968c9
29: FinalCommitment(version=4, llmqType=5, quorumHash=000003e4da24ef687c4a8babb9450b9c4271e69289359cc8077058b3fc26914b, signers=59, validMembers=59, quorumPublicKey=ac55c7d5a193e69c754ecae461c4dfeaee9dbb105ee50253f6f67147c329b8e797dd7eed97a10f65bcd9c9d9b306e815
30: FinalCommitment(version=4, llmqType=5, quorumHash=00000074cac5295e3b153aa50c87e9c66f01559ecd951198dba2a1791c48a60d, signers=60, validMembers=60, quorumPublicKey=8071d8dcbf1494d3da8802a0bfeb895c51a229199713444e1e5c517fb78341a6bfab7ec87e120b634fad19268033b942
31: FinalCommitment(version=4, llmqType=5, quorumHash=000000a4a0fb76f5991cdb42217bcf23e1d51a3ffcf4cd2e2e77d14267dae4d8, signers=60, validMembers=60, quorumPublicKey=b2f4d2cc1c5ecd5fb91e4dc257e0c58ccd7d9cbe192161c37038c377fade6f4453086e6d518c290742aec2b58e0c97a1}
05:27:10 [process-qrinfo] AbstractQuorumState - download peer = Peer{[68.67.122.82]:19999, version=70240, subVer=/Dash Core:23.1.8(dcg-masternode-53)/, services=7237 (NETWORK, BLOOM, NETWORK_LIMITED, COMPACT_FILTERS, HEADERS_COMPRESSED, remaining: 1000001000000), time=2026-09-19 00:26:39, height=1556559}, but obtaining backup from peerGroup downloadPeer
05:27:10 [process-qrinfo] AbstractQuorumState - backup download peer = Peer{[68.67.122.82]:19999, version=70240, subVer=/Dash Core:23.1.8(dcg-masternode-53)/, services=7237 (NETWORK, BLOOM, NETWORK_LIMITED, COMPACT_FILTERS, HEADERS_COMPRESSED, remaining: 1000001000000), time=2026-09-19 00:26:39, height=1556559}
05:27:10 [process-qrinfo] BLSJniLibrary - Initializing BLS JNI Library
05:27:10 [NioClientManager] DownloadProgressTracker - Chain download 47% done with 131473 blocks to go, block date 2026-02-21T10:58:48Z
05:27:10 [NioClientManager] BlockchainServiceImpl - progress 47
05:27:10 [dashj user thread] DownloadProgressTracker - Chain download 47% done with 131473 blocks to go, block date 2026-02-21T10:58:48Z
05:27:10 [NioClientManager] DownloadProgressTracker - Chain download 48% done with 129962 blocks to go, block date 2026-02-23T21:56:47Z
05:27:10 [NioClientManager] BlockchainServiceImpl - progress 48
05:27:10 [dashj user thread] DownloadProgressTracker - Chain download 48% done with 129962 blocks to go, block date 2026-02-23T21:56:47Z
05:27:10 [dashj user thread] DownloadProgressTracker - Chain download 49% done with 128451 blocks to go, block date 2026-02-26T07:24:25Z
05:27:10 [NioClientManager] DownloadProgressTracker - Chain download 49% done with 128451 blocks to go, block date 2026-02-26T07:24:25Z
05:27:10 [NioClientManager] BlockchainServiceImpl - progress 49
05:27:10 [AbstractManager autosave thread] ManagerFiles - Background saving manager
05:27:10 [AbstractManager autosave thread] FlatDB - Writing SimplifiedMasternodeListManager-5 to manager762486588971936966.tmp...
05:27:11 [DefaultDispatcher-worker-16] MainViewModel - blockchain state update: mnlist=1556551; chain=1429440
05:27:11 [AbstractManager autosave thread] FlatDB - Written info to /data/user/0/hashengineering.darkcoin.wallet_test/app_masternode/manager762486588971936966.tmp  58ms
05:27:11 [AbstractManager autosave thread] FlatDB -   SimplifiedMNListManager:  {tip:Simplified MN List(count: 373 height: 1556344), SimplifiedQuorumList(count: 109; 1556551), SimplifiedQuorumList(count: 32; 1556344), pending blocks: 0 / 0}
05:27:11 [AbstractManager autosave thread] FlatDB - manager762486588971936966.tmp dump finished  59ms
05:27:11 [AbstractManager autosave thread] ManagerFiles - Save completed in 60.27 ms to /data/user/0/hashengineering.darkcoin.wallet_test/app_masternode/simplifiedmasternodelistmanager-testnet.dat
05:27:11 [NioClientManager] Headers2Message - Parsing headers2 message: numHeaders=8000, payloadLength=344041
05:27:11 [NioClientManager] DownloadProgressTracker - Chain download 49% done with 126939 blocks to go, block date 2026-02-28T17:56:13Z
05:27:11 [dashj user thread] DownloadProgressTracker - Chain download 49% done with 126939 blocks to go, block date 2026-02-28T17:56:13Z
05:27:11 [NioClientManager] BlockchainServiceImpl - progress 49
05:27:11 [NioClientManager] DownloadProgressTracker - Chain download 50% done with 125428 blocks to go, block date 2026-03-03T05:12:04Z
05:27:11 [NioClientManager] BlockchainServiceImpl - progress 50
05:27:11 [dashj user thread] DownloadProgressTracker - Chain download 50% done with 125428 blocks to go, block date 2026-03-03T05:12:04Z
05:27:11 [NioClientManager] DownloadProgressTracker - Chain download 50% done with 123917 blocks to go, block date 2026-03-05T16:02:35Z
05:27:11 [NioClientManager] BlockchainServiceImpl - progress 50
05:27:11 [dashj user thread] DownloadProgressTracker - Chain download 50% done with 123917 blocks to go, block date 2026-03-05T16:02:35Z
05:27:11 [NioClientManager] DownloadProgressTracker - Chain download 51% done with 122406 blocks to go, block date 2026-03-08T03:46:22Z
05:27:11 [NioClientManager] BlockchainServiceImpl - progress 51
05:27:11 [PeerGroup Thread] PeerGroup$ChainDownloadSpeedCalculator - 20739 blocks/sec, 0 tx/sec, 0 pre-filtered tx/sec, 0 headers/sec, 0 mnlistdiff/sec, avg/last 189.69/1620.23 kilobytes per sec, chain/common height 1434179/1556559, not stalled (threshold <0.39 KB/sec for 30 seconds)
05:27:11 [dashj user thread] DownloadProgressTracker - Chain download 51% done with 122406 blocks to go, block date 2026-03-08T03:46:22Z
05:27:11 [NioClientManager] DownloadProgressTracker - Chain download 52% done with 120895 blocks to go, block date 2026-03-10T04:39:46Z
05:27:11 [NioClientManager] BlockchainServiceImpl - progress 52
05:27:11 [dashj user thread] DownloadProgressTracker - Chain download 52% done with 120895 blocks to go, block date 2026-03-10T04:39:46Z
05:27:11 [NioClientManager] DownloadProgressTracker - Chain download 52% done with 119384 blocks to go, block date 2026-03-12T12:13:07Z
05:27:11 [NioClientManager] BlockchainServiceImpl - progress 52
05:27:11 [dashj user thread] DownloadProgressTracker - Chain download 52% done with 119384 blocks to go, block date 2026-03-12T12:13:07Z
05:27:11 [DefaultDispatcher-worker-14] MainViewModel - blockchain state update: mnlist=1556551; chain=1437440
05:27:11 [NioClientManager] Headers2Message - Parsing headers2 message: numHeaders=8000, payloadLength=344037
05:27:11 [NioClientManager] DownloadProgressTracker - Chain download 53% done with 117872 blocks to go, block date 2026-03-14T16:25:06Z
05:27:11 [NioClientManager] BlockchainServiceImpl - progress 53
05:27:11 [dashj user thread] DownloadProgressTracker - Chain download 53% done with 117872 blocks to go, block date 2026-03-14T16:25:06Z
05:27:11 [dashj user thread] DownloadProgressTracker - Chain download 53% done with 116361 blocks to go, block date 2026-03-17T03:51:44Z
05:27:11 [NioClientManager] DownloadProgressTracker - Chain download 53% done with 116361 blocks to go, block date 2026-03-17T03:51:44Z
05:27:11 [NioClientManager] BlockchainServiceImpl - progress 53
05:27:11 [NioClientManager] DownloadProgressTracker - Chain download 54% done with 114850 blocks to go, block date 2026-03-19T02:15:08Z
05:27:11 [NioClientManager] BlockchainServiceImpl - progress 54
05:27:11 [dashj user thread] DownloadProgressTracker - Chain download 54% done with 114850 blocks to go, block date 2026-03-19T02:15:08Z
05:27:11 [NioClientManager] DownloadProgressTracker - Chain download 55% done with 113339 blocks to go, block date 2026-03-21T13:40:32Z
05:27:11 [NioClientManager] BlockchainServiceImpl - progress 55
05:27:11 [dashj user thread] DownloadProgressTracker - Chain download 55% done with 113339 blocks to go, block date 2026-03-21T13:40:32Z
05:27:11 [NioClientManager] DownloadProgressTracker - Chain download 55% done with 111828 blocks to go, block date 2026-03-24T00:39:07Z
05:27:11 [NioClientManager] BlockchainServiceImpl - progress 55
05:27:11 [dashj user thread] DownloadProgressTracker - Chain download 55% done with 111828 blocks to go, block date 2026-03-24T00:39:07Z
05:27:11 [DefaultDispatcher-worker-7] MainViewModel - blockchain state update: mnlist=1556551; chain=1445440
05:27:11 [NioClientManager] Headers2Message - Parsing headers2 message: numHeaders=8000, payloadLength=344045
05:27:11 [NioClientManager] DownloadProgressTracker - Chain download 56% done with 110316 blocks to go, block date 2026-03-26T04:12:07Z
05:27:11 [dashj user thread] DownloadProgressTracker - Chain download 56% done with 110316 blocks to go, block date 2026-03-26T04:12:07Z
05:27:11 [NioClientManager] BlockchainServiceImpl - progress 56
05:27:12 [NioClientManager] DownloadProgressTracker - Chain download 56% done with 108805 blocks to go, block date 2026-03-28T13:32:08Z
05:27:12 [NioClientManager] BlockchainServiceImpl - progress 56
05:27:12 [dashj user thread] DownloadProgressTracker - Chain download 56% done with 108805 blocks to go, block date 2026-03-28T13:32:08Z
05:27:12 [dashj user thread] DownloadProgressTracker - Chain download 57% done with 107294 blocks to go, block date 2026-03-31T01:26:23Z
05:27:12 [NioClientManager] DownloadProgressTracker - Chain download 57% done with 107294 blocks to go, block date 2026-03-31T01:26:23Z
05:27:12 [NioClientManager] BlockchainServiceImpl - progress 57
05:27:12 [NioClientManager] DownloadProgressTracker - Chain download 58% done with 105783 blocks to go, block date 2026-04-02T11:59:43Z
05:27:12 [dashj user thread] DownloadProgressTracker - Chain download 58% done with 105783 blocks to go, block date 2026-04-02T11:59:43Z
05:27:12 [NioClientManager] BlockchainServiceImpl - progress 58
05:27:12 [NioClientManager] DownloadProgressTracker - Chain download 58% done with 104272 blocks to go, block date 2026-04-04T22:41:39Z
05:27:12 [NioClientManager] BlockchainServiceImpl - progress 58
05:27:12 [dashj user thread] DownloadProgressTracker - Chain download 58% done with 104272 blocks to go, block date 2026-04-04T22:41:39Z
05:27:12 [DefaultDispatcher-worker-9] MainViewModel - blockchain state update: mnlist=1556551; chain=1453440
05:27:12 [NioClientManager] Headers2Message - Parsing headers2 message: numHeaders=8000, payloadLength=344045
05:27:12 [PeerGroup Thread] PeerGroup$ChainDownloadSpeedCalculator - 19261 blocks/sec, 0 tx/sec, 0 pre-filtered tx/sec, 0 headers/sec, 0 mnlistdiff/sec, avg/last 234.64/1504.77 kilobytes per sec, chain/common height 1453440/1556559, not stalled (threshold <0.39 KB/sec for 30 seconds)
05:27:12 [NioClientManager] DownloadProgressTracker - Chain download 59% done with 102760 blocks to go, block date 2026-04-07T10:09:53Z
05:27:12 [NioClientManager] BlockchainServiceImpl - progress 59
05:27:12 [dashj user thread] DownloadProgressTracker - Chain download 59% done with 102760 blocks to go, block date 2026-04-07T10:09:53Z
05:27:12 [NioClientManager] DownloadProgressTracker - Chain download 59% done with 101249 blocks to go, block date 2026-04-09T22:12:31Z
05:27:12 [NioClientManager] BlockchainServiceImpl - progress 59
05:27:12 [dashj user thread] DownloadProgressTracker - Chain download 59% done with 101249 blocks to go, block date 2026-04-09T22:12:31Z
05:27:12 [NioClientManager] DownloadProgressTracker - Chain download 60% done with 99738 blocks to go, block date 2026-04-12T08:52:31Z
05:27:12 [dashj user thread] DownloadProgressTracker - Chain download 60% done with 99738 blocks to go, block date 2026-04-12T08:52:31Z
05:27:12 [NioClientManager] BlockchainServiceImpl - progress 60
05:27:12 [NioClientManager] DownloadProgressTracker - Chain download 61% done with 98227 blocks to go, block date 2026-04-14T18:35:26Z
05:27:12 [NioClientManager] BlockchainServiceImpl - progress 61
05:27:12 [dashj user thread] DownloadProgressTracker - Chain download 61% done with 98227 blocks to go, block date 2026-04-14T18:35:26Z
05:27:12 [NioClientManager] DownloadProgressTracker - Chain download 61% done with 96716 blocks to go, block date 2026-04-17T04:51:01Z
05:27:12 [NioClientManager] BlockchainServiceImpl - progress 61
05:27:12 [dashj user thread] DownloadProgressTracker - Chain download 61% done with 96716 blocks to go, block date 2026-04-17T04:51:01Z
05:27:12 [NioClientManager] DownloadProgressTracker - Chain download 62% done with 95204 blocks to go, block date 2026-04-19T15:16:28Z
05:27:12 [dashj user thread] DownloadProgressTracker - Chain download 62% done with 95204 blocks to go, block date 2026-04-19T15:16:28Z
05:27:12 [NioClientManager] BlockchainServiceImpl - progress 62
05:27:12 [DefaultDispatcher-worker-9] MainViewModel - blockchain state update: mnlist=1556551; chain=1461440
05:27:12 [NioClientManager] Headers2Message - Parsing headers2 message: numHeaders=8000, payloadLength=344045
05:27:12 [NioClientManager] DownloadProgressTracker - Chain download 62% done with 93693 blocks to go, block date 2026-04-22T01:22:33Z
05:27:12 [NioClientManager] BlockchainServiceImpl - progress 62
05:27:12 [dashj user thread] DownloadProgressTracker - Chain download 62% done with 93693 blocks to go, block date 2026-04-22T01:22:33Z
05:27:12 [NioClientManager] DownloadProgressTracker - Chain download 63% done with 92182 blocks to go, block date 2026-04-24T13:03:54Z
05:27:12 [NioClientManager] BlockchainServiceImpl - progress 63
05:27:12 [dashj user thread] DownloadProgressTracker - Chain download 63% done with 92182 blocks to go, block date 2026-04-24T13:03:54Z
05:27:12 [NioClientManager] DownloadProgressTracker - Chain download 64% done with 90671 blocks to go, block date 2026-04-26T23:42:29Z
05:27:12 [NioClientManager] BlockchainServiceImpl - progress 64
05:27:12 [dashj user thread] DownloadProgressTracker - Chain download 64% done with 90671 blocks to go, block date 2026-04-26T23:42:29Z
05:27:12 [NioClientManager] DownloadProgressTracker - Chain download 64% done with 89160 blocks to go, block date 2026-04-29T12:03:46Z
05:27:12 [dashj user thread] DownloadProgressTracker - Chain download 64% done with 89160 blocks to go, block date 2026-04-29T12:03:46Z
05:27:12 [NioClientManager] BlockchainServiceImpl - progress 64
05:27:13 [NioClientManager] DownloadProgressTracker - Chain download 65% done with 87649 blocks to go, block date 2026-05-01T23:00:17Z
05:27:13 [NioClientManager] BlockchainServiceImpl - progress 65
05:27:13 [dashj user thread] DownloadProgressTracker - Chain download 65% done with 87649 blocks to go, block date 2026-05-01T23:00:17Z
05:27:13 [DefaultDispatcher-worker-12] MainViewModel - blockchain state update: mnlist=1556551; chain=1469440
05:27:13 [NioClientManager] Headers2Message - Parsing headers2 message: numHeaders=8000, payloadLength=344045
05:27:13 [dashj user thread] DownloadProgressTracker - Chain download 65% done with 86137 blocks to go, block date 2026-05-04T10:55:27Z
05:27:13 [NioClientManager] DownloadProgressTracker - Chain download 65% done with 86137 blocks to go, block date 2026-05-04T10:55:27Z
05:27:13 [NioClientManager] BlockchainServiceImpl - progress 65
05:27:13 [PeerGroup Thread] PeerGroup$ChainDownloadSpeedCalculator - 17524 blocks/sec, 0 tx/sec, 0 pre-filtered tx/sec, 0 headers/sec, 0 mnlistdiff/sec, avg/last 280.28/1369.06 kilobytes per sec, chain/common height 1470964/1556559, not stalled (threshold <0.39 KB/sec for 30 seconds)
05:27:13 [NioClientManager] DownloadProgressTracker - Chain download 66% done with 84626 blocks to go, block date 2026-05-06T21:01:41Z
05:27:13 [NioClientManager] BlockchainServiceImpl - progress 66
05:27:13 [dashj user thread] DownloadProgressTracker - Chain download 66% done with 84626 blocks to go, block date 2026-05-06T21:01:41Z
05:27:13 [NioClientManager] DownloadProgressTracker - Chain download 67% done with 83115 blocks to go, block date 2026-05-09T08:54:18Z
05:27:13 [NioClientManager] BlockchainServiceImpl - progress 67
05:27:13 [dashj user thread] DownloadProgressTracker - Chain download 67% done with 83115 blocks to go, block date 2026-05-09T08:54:18Z
05:27:13 [NioClientManager] DownloadProgressTracker - Chain download 67% done with 81604 blocks to go, block date 2026-05-11T19:37:35Z
05:27:13 [NioClientManager] BlockchainServiceImpl - progress 67
05:27:13 [dashj user thread] DownloadProgressTracker - Chain download 67% done with 81604 blocks to go, block date 2026-05-11T19:37:35Z
05:27:13 [NioClientManager] DownloadProgressTracker - Chain download 68% done with 80093 blocks to go, block date 2026-05-14T05:50:06Z
05:27:13 [NioClientManager] BlockchainServiceImpl - progress 68
05:27:13 [dashj user thread] DownloadProgressTracker - Chain download 68% done with 80093 blocks to go, block date 2026-05-14T05:50:06Z
05:27:13 [DefaultDispatcher-worker-7] MainViewModel - blockchain state update: mnlist=1556551; chain=1477440
05:27:13 [NioClientManager] Headers2Message - Parsing headers2 message: numHeaders=8000, payloadLength=344037
05:27:13 [dashj user thread] DownloadProgressTracker - Chain download 68% done with 78581 blocks to go, block date 2026-05-16T17:06:10Z
05:27:13 [NioClientManager] DownloadProgressTracker - Chain download 68% done with 78581 blocks to go, block date 2026-05-16T17:06:10Z
05:27:13 [NioClientManager] BlockchainServiceImpl - progress 68
05:27:13 [NioClientManager] DownloadProgressTracker - Chain download 69% done with 77070 blocks to go, block date 2026-05-19T05:06:49Z
05:27:13 [dashj user thread] DownloadProgressTracker - Chain download 69% done with 77070 blocks to go, block date 2026-05-19T05:06:49Z
05:27:13 [NioClientManager] BlockchainServiceImpl - progress 69
05:27:13 [NioClientManager] Threading$UserThread - User thread has 10000 pending tasks, memory exhaustion may occur.
If you see this message, check your memory consumption and see if it's problematic or excessively spikey.
If it is, check for deadlocked or slow event handlers. If it isn't, try adjusting the constant 
Threading.UserThread.WARNING_THRESHOLD upwards until it's a suitable level for your app, or Integer.MAX_VALUE to disable.
05:27:13 [NioClientManager] DownloadProgressTracker - Chain download 70% done with 75559 blocks to go, block date 2026-05-21T17:01:41Z
05:27:13 [NioClientManager] BlockchainServiceImpl - progress 70
05:27:13 [dashj user thread] DownloadProgressTracker - Chain download 70% done with 75559 blocks to go, block date 2026-05-21T17:01:41Z
05:27:13 [NioClientManager] DownloadProgressTracker - Chain download 70% done with 74048 blocks to go, block date 2026-05-24T04:04:54Z
05:27:13 [NioClientManager] BlockchainServiceImpl - progress 70
05:27:13 [dashj user thread] DownloadProgressTracker - Chain download 70% done with 74048 blocks to go, block date 2026-05-24T04:04:54Z
05:27:13 [NioClientManager] DownloadProgressTracker - Chain download 71% done with 72537 blocks to go, block date 2026-05-26T13:25:25Z
05:27:13 [NioClientManager] BlockchainServiceImpl - progress 71
05:27:13 [NioClientManager] Threading$UserThread - User thread has 10000 pending tasks, memory exhaustion may occur.
If you see this message, check your memory consumption and see if it's problematic or excessively spikey.
If it is, check for deadlocked or slow event handlers. If it isn't, try adjusting the constant 
Threading.UserThread.WARNING_THRESHOLD upwards until it's a suitable level for your app, or Integer.MAX_VALUE to disable.
05:27:13 [dashj user thread] DownloadProgressTracker - Chain download 71% done with 72537 blocks to go, block date 2026-05-26T13:25:25Z
05:27:13 [DefaultDispatcher-worker-3] MainViewModel - blockchain state update: mnlist=1556551; chain=1485440
05:27:14 [NioClientManager] Headers2Message - Parsing headers2 message: numHeaders=8000, payloadLength=344045
05:27:14 [dashj user thread] DownloadProgressTracker - Chain download 71% done with 71025 blocks to go, block date 2026-05-29T00:22:27Z
05:27:14 [NioClientManager] DownloadProgressTracker - Chain download 71% done with 71025 blocks to go, block date 2026-05-29T00:22:27Z
05:27:14 [NioClientManager] BlockchainServiceImpl - progress 71
05:27:14 [NioClientManager] DownloadProgressTracker - Chain download 72% done with 69514 blocks to go, block date 2026-05-31T10:50:27Z
05:27:14 [NioClientManager] BlockchainServiceImpl - progress 72
05:27:14 [dashj user thread] DownloadProgressTracker - Chain download 72% done with 69514 blocks to go, block date 2026-05-31T10:50:27Z
05:27:14 [NioClientManager] DownloadProgressTracker - Chain download 73% done with 68003 blocks to go, block date 2026-06-02T22:25:37Z
05:27:14 [NioClientManager] BlockchainServiceImpl - progress 73
05:27:14 [dashj user thread] DownloadProgressTracker - Chain download 73% done with 68003 blocks to go, block date 2026-06-02T22:25:37Z
05:27:14 [NioClientManager] DownloadProgressTracker - Chain download 73% done with 66492 blocks to go, block date 2026-06-05T03:12:15Z
05:27:14 [NioClientManager] BlockchainServiceImpl - progress 73
05:27:14 [dashj user thread] DownloadProgressTracker - Chain download 73% done with 66492 blocks to go, block date 2026-06-05T03:12:15Z
05:27:14 [NioClientManager] DownloadProgressTracker - Chain download 74% done with 64981 blocks to go, block date 2026-06-07T14:26:38Z
05:27:14 [dashj user thread] DownloadProgressTracker - Chain download 74% done with 64981 blocks to go, block date 2026-06-07T14:26:38Z
05:27:14 [NioClientManager] BlockchainServiceImpl - progress 74
05:27:14 [PeerGroup Thread] PeerGroup$ChainDownloadSpeedCalculator - 21798 blocks/sec, 0 tx/sec, 0 pre-filtered tx/sec, 0 headers/sec, 0 mnlistdiff/sec, avg/last 331.83/1702.97 kilobytes per sec, chain/common height 1492762/1556559, not stalled (threshold <0.39 KB/sec for 30 seconds)
05:27:14 [NioClientManager] DownloadProgressTracker - Chain download 74% done with 63469 blocks to go, block date 2026-06-10T00:16:01Z
05:27:14 [NioClientManager] BlockchainServiceImpl - progress 74
05:27:14 [dashj user thread] DownloadProgressTracker - Chain download 74% done with 63469 blocks to go, block date 2026-06-10T00:16:01Z
05:27:14 [DefaultDispatcher-worker-6] MainViewModel - blockchain state update: mnlist=1556551; chain=1493440
05:27:14 [NioClientManager] Headers2Message - Parsing headers2 message: numHeaders=8000, payloadLength=344045
05:27:14 [dashj user thread] DownloadProgressTracker - Chain download 75% done with 61958 blocks to go, block date 2026-06-12T12:00:27Z
05:27:14 [NioClientManager] DownloadProgressTracker - Chain download 75% done with 61958 blocks to go, block date 2026-06-12T12:00:27Z
05:27:14 [NioClientManager] BlockchainServiceImpl - progress 75
05:27:14 [NioClientManager] DownloadProgressTracker - Chain download 76% done with 60447 blocks to go, block date 2026-06-14T22:35:18Z
05:27:14 [NioClientManager] BlockchainServiceImpl - progress 76
05:27:14 [dashj user thread] DownloadProgressTracker - Chain download 76% done with 60447 blocks to go, block date 2026-06-14T22:35:18Z
05:27:14 [NioClientManager] DownloadProgressTracker - Chain download 76% done with 58936 blocks to go, block date 2026-06-17T09:28:39Z
05:27:14 [dashj user thread] DownloadProgressTracker - Chain download 76% done with 58936 blocks to go, block date 2026-06-17T09:28:39Z
05:27:14 [NioClientManager] BlockchainServiceImpl - progress 76
05:27:14 [Wallet autosave thread] WalletFiles - Background saving wallet; last seen block is height 1499004, date 2026-06-19T17:06:41Z, hash 00000099eb2a6086a8d1b16870ae3929bf2a7d8ec2939f6decbfba22242b3e6f
05:27:14 [DefaultDispatcher-worker-4] MainViewModel - blockchain state update: mnlist=1556551; chain=1499013
05:27:14 [Wallet autosave thread] CoinJoinExtension - CoinJoinExtension serialization: 8ms total (keys:3ms[2006], cache:0ms[0], salt:0ms, io:5ms, size:208967bytes, buffer:64KB)
05:27:14 [Wallet autosave thread] WalletProtobufSerializer - walletToProto (serial=8) timing: 27ms total, init=0ms, tx=0ms[0], keys=2ms, scripts=0ms[0], metadata=0ms, ext=24ms, friendRecv=0ms, friendSend=0ms, build=0ms
05:27:14 [Wallet autosave thread] WalletProtobufSerializer - writeWallet timing: 27ms total (27ms/100% serialization, 0ms/0% I/O) buffer=8KB
05:27:14 [Wallet autosave thread] WalletFiles - Save completed in 30.82 ms (273824 bytes); /data/user/0/hashengineering.darkcoin.wallet_test/files/wallet-protobuf-testnet
05:27:14 [NioClientManager] DownloadProgressTracker - Chain download 77% done with 57425 blocks to go, block date 2026-06-19T22:23:41Z
05:27:14 [NioClientManager] BlockchainServiceImpl - progress 77
05:27:14 [dashj user thread] DownloadProgressTracker - Chain download 77% done with 57425 blocks to go, block date 2026-06-19T22:23:41Z
05:27:14 [NioClientManager] DownloadProgressTracker - Chain download 77% done with 55914 blocks to go, block date 2026-06-22T09:00:54Z
05:27:14 [NioClientManager] BlockchainServiceImpl - progress 77
05:27:14 [dashj user thread] DownloadProgressTracker - Chain download 77% done with 55914 blocks to go, block date 2026-06-22T09:00:54Z
05:27:14 [NioClientManager] Headers2Message - Parsing headers2 message: numHeaders=8000, payloadLength=344029
05:27:15 [NioClientManager] DownloadProgressTracker - Chain download 78% done with 54402 blocks to go, block date 2026-06-24T14:14:52Z
05:27:15 [dashj user thread] DownloadProgressTracker - Chain download 78% done with 54402 blocks to go, block date 2026-06-24T14:14:52Z
05:27:15 [NioClientManager] BlockchainServiceImpl - progress 78
05:27:15 [NioClientManager] DownloadProgressTracker - Chain download 79% done with 52891 blocks to go, block date 2026-06-27T01:13:25Z
05:27:15 [NioClientManager] BlockchainServiceImpl - progress 79
05:27:15 [NioClientManager] Threading$UserThread - User thread has 10000 pending tasks, memory exhaustion may occur.
If you see this message, check your memory consumption and see if it's problematic or excessively spikey.
If it is, check for deadlocked or slow event handlers. If it isn't, try adjusting the constant 
Threading.UserThread.WARNING_THRESHOLD upwards until it's a suitable level for your app, or Integer.MAX_VALUE to disable.
05:27:15 [NioClientManager] DownloadProgressTracker - Chain download 79% done with 51380 blocks to go, block date 2026-06-29T11:29:40Z
05:27:15 [NioClientManager] BlockchainServiceImpl - progress 79
05:27:15 [dashj user thread] DownloadProgressTracker - Chain download 79% done with 52891 blocks to go, block date 2026-06-27T01:13:25Z
05:27:15 [NioClientManager] DownloadProgressTracker - Chain download 80% done with 49869 blocks to go, block date 2026-07-01T23:20:03Z
05:27:15 [NioClientManager] BlockchainServiceImpl - progress 80
05:27:15 [dashj user thread] DownloadProgressTracker - Chain download 79% done with 51380 blocks to go, block date 2026-06-29T11:29:40Z
05:27:15 [dashj user thread] DownloadProgressTracker - Chain download 80% done with 49869 blocks to go, block date 2026-07-01T23:20:03Z
05:27:15 [NioClientManager] DownloadProgressTracker - Chain download 80% done with 48358 blocks to go, block date 2026-07-04T09:42:42Z
05:27:15 [NioClientManager] BlockchainServiceImpl - progress 80
05:27:15 [dashj user thread] DownloadProgressTracker - Chain download 80% done with 48358 blocks to go, block date 2026-07-04T09:42:42Z
05:27:15 [DefaultDispatcher-worker-13] MainViewModel - blockchain state update: mnlist=1556551; chain=1509440
05:27:15 [NioClientManager] Headers2Message - Parsing headers2 message: numHeaders=8000, payloadLength=344045
05:27:15 [PeerGroup Thread] PeerGroup$ChainDownloadSpeedCalculator - 16678 blocks/sec, 0 tx/sec, 0 pre-filtered tx/sec, 0 headers/sec, 0 mnlistdiff/sec, avg/last 375.27/1302.97 kilobytes per sec, chain/common height 1509440/1556559, not stalled (threshold <0.39 KB/sec for 30 seconds)
05:27:15 [NioClientManager] DownloadProgressTracker - Chain download 81% done with 46846 blocks to go, block date 2026-07-06T19:43:17Z
05:27:15 [NioClientManager] BlockchainServiceImpl - progress 81
05:27:15 [dashj user thread] DownloadProgressTracker - Chain download 81% done with 46846 blocks to go, block date 2026-07-06T19:43:17Z
05:27:15 [NioClientManager] DownloadProgressTracker - Chain download 82% done with 45335 blocks to go, block date 2026-07-09T05:52:01Z
05:27:15 [NioClientManager] BlockchainServiceImpl - progress 82
05:27:15 [dashj user thread] DownloadProgressTracker - Chain download 82% done with 45335 blocks to go, block date 2026-07-09T05:52:01Z
05:27:15 [main] WalletActivityTracker - activity lifecycle: current: MainActivity, activities: 1 visible: 1 foreground: 0
05:27:15 [NioClientManager] DownloadProgressTracker - Chain download 82% done with 43824 blocks to go, block date 2026-07-11T15:05:55Z
05:27:15 [NioClientManager] BlockchainServiceImpl - progress 82
05:27:15 [dashj user thread] DownloadProgressTracker - Chain download 82% done with 43824 blocks to go, block date 2026-07-11T15:05:55Z
05:27:15 [DefaultDispatcher-worker-4] MainViewModel - blockchain state update: mnlist=1556551; chain=1513748
05:27:15 [NioClientManager] DownloadProgressTracker - Chain download 83% done with 42313 blocks to go, block date 2026-07-14T03:16:16Z
05:27:15 [NioClientManager] BlockchainServiceImpl - progress 83
05:27:15 [dashj user thread] DownloadProgressTracker - Chain download 83% done with 42313 blocks to go, block date 2026-07-14T03:16:16Z
05:27:15 [NioClientManager] DownloadProgressTracker - Chain download 83% done with 40802 blocks to go, block date 2026-07-16T14:36:49Z
05:27:15 [NioClientManager] BlockchainServiceImpl - progress 83
05:27:15 [dashj user thread] DownloadProgressTracker - Chain download 83% done with 40802 blocks to go, block date 2026-07-16T14:36:49Z
05:27:15 [NioClientManager] DownloadProgressTracker - Chain download 84% done with 39290 blocks to go, block date 2026-07-19T00:41:23Z
05:27:15 [NioClientManager] BlockchainServiceImpl - progress 84
05:27:15 [dashj user thread] DownloadProgressTracker - Chain download 84% done with 39290 blocks to go, block date 2026-07-19T00:41:23Z
05:27:15 [NioClientManager] Headers2Message - Parsing headers2 message: numHeaders=8000, payloadLength=344041
05:27:15 [NioClientManager] DownloadProgressTracker - Chain download 85% done with 37779 blocks to go, block date 2026-07-21T09:11:09Z
05:27:15 [NioClientManager] BlockchainServiceImpl - progress 85
05:27:15 [dashj user thread] DownloadProgressTracker - Chain download 85% done with 37779 blocks to go, block date 2026-07-21T09:11:09Z
05:27:15 [NioClientManager] DownloadProgressTracker - Chain download 85% done with 36268 blocks to go, block date 2026-07-23T18:37:05Z
05:27:15 [NioClientManager] BlockchainServiceImpl - progress 85
05:27:15 [dashj user thread] DownloadProgressTracker - Chain download 85% done with 36268 blocks to go, block date 2026-07-23T18:37:05Z
05:27:15 [DefaultDispatcher-worker-15] MainViewModel - blockchain state update: mnlist=1556551; chain=1520520
05:27:15 [dashj user thread] DownloadProgressTracker - Chain download 86% done with 34757 blocks to go, block date 2026-07-26T06:07:10Z
05:27:15 [NioClientManager] DownloadProgressTracker - Chain download 86% done with 34757 blocks to go, block date 2026-07-26T06:07:10Z
05:27:15 [NioClientManager] BlockchainServiceImpl - progress 86
05:27:15 [NioClientManager] DownloadProgressTracker - Chain download 86% done with 33246 blocks to go, block date 2026-07-28T17:13:29Z
05:27:15 [NioClientManager] BlockchainServiceImpl - progress 86
05:27:15 [dashj user thread] DownloadProgressTracker - Chain download 86% done with 33246 blocks to go, block date 2026-07-28T17:13:29Z
05:27:16 [NioClientManager] DownloadProgressTracker - Chain download 87% done with 31734 blocks to go, block date 2026-07-31T03:06:32Z
05:27:16 [NioClientManager] BlockchainServiceImpl - progress 87
05:27:16 [dashj user thread] DownloadProgressTracker - Chain download 87% done with 31734 blocks to go, block date 2026-07-31T03:06:32Z
05:27:16 [quorum-state-QuorumState] AbstractQuorumState - sendMessageFuture check: last request received GetSimplifiedMasternodeListDiff
05:27:16 [quorum-state-QuorumRotationState] AbstractQuorumState - sendMessageFuture check: last request received GetQuorumRotationInfo
05:27:16 [NioClientManager] Headers2Message - Parsing headers2 message: numHeaders=8000, payloadLength=344037
05:27:16 [NioClientManager] DownloadProgressTracker - Chain download 88% done with 30223 blocks to go, block date 2026-08-02T13:11:35Z
05:27:16 [NioClientManager] BlockchainServiceImpl - progress 88
05:27:16 [dashj user thread] DownloadProgressTracker - Chain download 88% done with 30223 blocks to go, block date 2026-08-02T13:11:35Z
05:27:16 [NioClientManager] DownloadProgressTracker - Chain download 88% done with 28712 blocks to go, block date 2026-08-04T21:48:10Z
05:27:16 [NioClientManager] BlockchainServiceImpl - progress 88
05:27:16 [dashj user thread] DownloadProgressTracker - Chain download 88% done with 28712 blocks to go, block date 2026-08-04T21:48:10Z
05:27:16 [PeerGroup Thread] PeerGroup$ChainDownloadSpeedCalculator - 19104 blocks/sec, 0 tx/sec, 0 pre-filtered tx/sec, 0 headers/sec, 0 mnlistdiff/sec, avg/last 419.81/1492.50 kilobytes per sec, chain/common height 1528544/1556559, not stalled (threshold <0.39 KB/sec for 30 seconds)
05:27:16 [NioClientManager] DownloadProgressTracker - Chain download 89% done with 27201 blocks to go, block date 2026-08-07T01:53:01Z
05:27:16 [NioClientManager] BlockchainServiceImpl - progress 89
05:27:16 [dashj user thread] DownloadProgressTracker - Chain download 89% done with 27201 blocks to go, block date 2026-08-07T01:53:01Z
05:27:16 [NioClientManager] DownloadProgressTracker - Chain download 89% done with 25690 blocks to go, block date 2026-08-09T12:14:14Z
05:27:16 [dashj user thread] DownloadProgressTracker - Chain download 89% done with 25690 blocks to go, block date 2026-08-09T12:14:14Z
05:27:16 [NioClientManager] BlockchainServiceImpl - progress 89
05:27:16 [NioClientManager] DownloadProgressTracker - Chain download 90% done with 24179 blocks to go, block date 2026-08-11T21:09:52Z
05:27:16 [NioClientManager] BlockchainServiceImpl - progress 90
05:27:16 [dashj user thread] DownloadProgressTracker - Chain download 90% done with 24179 blocks to go, block date 2026-08-11T21:09:52Z
05:27:16 [DefaultDispatcher-worker-12] MainViewModel - blockchain state update: mnlist=1556551; chain=1533440
05:27:16 [NioClientManager] Headers2Message - Parsing headers2 message: numHeaders=8000, payloadLength=344041
05:27:16 [NioClientManager] DownloadProgressTracker - Chain download 91% done with 22667 blocks to go, block date 2026-08-14T07:43:48Z
05:27:16 [NioClientManager] BlockchainServiceImpl - progress 91
05:27:16 [dashj user thread] DownloadProgressTracker - Chain download 91% done with 22667 blocks to go, block date 2026-08-14T07:43:48Z
05:27:16 [NioClientManager] DownloadProgressTracker - Chain download 91% done with 21156 blocks to go, block date 2026-08-16T16:08:02Z
05:27:16 [NioClientManager] BlockchainServiceImpl - progress 91
05:27:16 [dashj user thread] DownloadProgressTracker - Chain download 91% done with 21156 blocks to go, block date 2026-08-16T16:08:02Z
05:27:16 [NioClientManager] DownloadProgressTracker - Chain download 92% done with 19645 blocks to go, block date 2026-08-19T02:03:54Z
05:27:16 [NioClientManager] BlockchainServiceImpl - progress 92
05:27:16 [dashj user thread] DownloadProgressTracker - Chain download 92% done with 19645 blocks to go, block date 2026-08-19T02:03:54Z
05:27:16 [NioClientManager] DownloadProgressTracker - Chain download 92% done with 18134 blocks to go, block date 2026-08-21T11:34:57Z
05:27:16 [NioClientManager] BlockchainServiceImpl - progress 92
05:27:16 [dashj user thread] DownloadProgressTracker - Chain download 92% done with 18134 blocks to go, block date 2026-08-21T11:34:57Z
05:27:16 [NioClientManager] DownloadProgressTracker - Chain download 93% done with 16623 blocks to go, block date 2026-08-23T20:23:25Z
05:27:16 [NioClientManager] BlockchainServiceImpl - progress 93
05:27:16 [dashj user thread] DownloadProgressTracker - Chain download 93% done with 16623 blocks to go, block date 2026-08-23T20:23:25Z
05:27:16 [DefaultDispatcher-worker-10] MainViewModel - blockchain state update: mnlist=1556551; chain=1541440
05:27:16 [NioClientManager] Headers2Message - Parsing headers2 message: numHeaders=8000, payloadLength=344041
05:27:17 [NioClientManager] DownloadProgressTracker - Chain download 94% done with 15111 blocks to go, block date 2026-08-26T05:48:58Z
05:27:17 [dashj user thread] DownloadProgressTracker - Chain download 94% done with 15111 blocks to go, block date 2026-08-26T05:48:58Z
05:27:17 [NioClientManager] BlockchainServiceImpl - progress 94
05:27:17 [NioClientManager] DownloadProgressTracker - Chain download 94% done with 13600 blocks to go, block date 2026-08-28T15:13:42Z
05:27:17 [NioClientManager] BlockchainServiceImpl - progress 94
05:27:17 [dashj user thread] DownloadProgressTracker - Chain download 94% done with 13600 blocks to go, block date 2026-08-28T15:13:42Z
05:27:17 [NioClientManager] DownloadProgressTracker - Chain download 95% done with 12089 blocks to go, block date 2026-08-31T00:42:04Z
05:27:17 [NioClientManager] BlockchainServiceImpl - progress 95
05:27:17 [dashj user thread] DownloadProgressTracker - Chain download 95% done with 12089 blocks to go, block date 2026-08-31T00:42:04Z
05:27:17 [NioClientManager] DownloadProgressTracker - Chain download 95% done with 10578 blocks to go, block date 2026-09-02T11:27:54Z
05:27:17 [NioClientManager] BlockchainServiceImpl - progress 95
05:27:17 [dashj user thread] DownloadProgressTracker - Chain download 95% done with 10578 blocks to go, block date 2026-09-02T11:27:54Z
05:27:17 [NioClientManager] DownloadProgressTracker - Chain download 96% done with 9067 blocks to go, block date 2026-09-04T20:34:50Z
05:27:17 [NioClientManager] BlockchainServiceImpl - progress 96
05:27:17 [dashj user thread] DownloadProgressTracker - Chain download 96% done with 9067 blocks to go, block date 2026-09-04T20:34:50Z
05:27:17 [NioClientManager] DownloadProgressTracker - Chain download 97% done with 7555 blocks to go, block date 2026-09-07T06:01:03Z
05:27:17 [dashj user thread] DownloadProgressTracker - Chain download 97% done with 7555 blocks to go, block date 2026-09-07T06:01:03Z
05:27:17 [NioClientManager] BlockchainServiceImpl - progress 97
05:27:17 [DefaultDispatcher-worker-16] MainViewModel - blockchain state update: mnlist=1556551; chain=1549440
05:27:17 [PeerGroup Thread] PeerGroup$ChainDownloadSpeedCalculator - 20896 blocks/sec, 0 tx/sec, 0 pre-filtered tx/sec, 0 headers/sec, 0 mnlistdiff/sec, avg/last 474.23/1632.50 kilobytes per sec, chain/common height 1549440/1556559, not stalled (threshold <0.39 KB/sec for 30 seconds)
05:27:17 [NioClientManager] Headers2Message - Parsing headers2 message: numHeaders=7119, payloadLength=306162
05:27:17 [NioClientManager] DownloadProgressTracker - Chain download 97% done with 6044 blocks to go, block date 2026-09-09T16:20:19Z
05:27:17 [dashj user thread] DownloadProgressTracker - Chain download 97% done with 6044 blocks to go, block date 2026-09-09T16:20:19Z
05:27:17 [NioClientManager] BlockchainServiceImpl - progress 97
05:27:17 [NioClientManager] DownloadProgressTracker - Chain download 98% done with 4533 blocks to go, block date 2026-09-12T01:53:31Z
05:27:17 [NioClientManager] BlockchainServiceImpl - progress 98
05:27:17 [NioClientManager] Peer - Passed the fast catchup time (2026-09-12T05:24:06Z) at height 1552119, discarding 4441 headers and requesting full blocks
05:27:17 [dashj user thread] DownloadProgressTracker - Chain download 98% done with 4533 blocks to go, block date 2026-09-12T01:53:31Z
05:27:17 [DefaultDispatcher-worker-9] MainViewModel - blockchain state update: mnlist=1556551; chain=1552118
05:27:18 [DefaultDispatcher-worker-13] MainViewModel - blockchain state update: mnlist=1556551; chain=1552618
05:27:18 [NioClientManager] AbstractBlockChain - Block does not connect: 0000000c5842449fbe943f43a83bf18d49ebba6165d651f9797fb6b57d90c532 prev 00000026ed7f6e4cfe13952f2bc710c0855ee71a9ce47a5df98d64375e207b2c
05:27:18 [PeerGroup Thread] PeerGroup$ChainDownloadSpeedCalculator - 3321 blocks/sec, 0 tx/sec, 1096 pre-filtered tx/sec, 0 headers/sec, 0 mnlistdiff/sec, avg/last 477.67/259.45 kilobytes per sec, chain/common height 1552761/1556559, not stalled (threshold <0.39 KB/sec for 30 seconds)
05:27:18 [DefaultDispatcher-worker-3] MainViewModel - blockchain state update: mnlist=1556551; chain=1553118
05:27:19 [NioClientManager] DownloadProgressTracker - Chain download 98% done with 3022 blocks to go, block date 2026-09-14T10:38:57Z
05:27:19 [NioClientManager] BlockchainServiceImpl - progress 98
05:27:19 [dashj user thread] DownloadProgressTracker - Chain download 98% done with 3022 blocks to go, block date 2026-09-14T10:38:57Z
05:27:19 [DefaultDispatcher-worker-10] MainViewModel - blockchain state update: mnlist=1556551; chain=1553618
05:27:19 [PeerGroup Thread] PeerGroup$ChainDownloadSpeedCalculator - 1010 blocks/sec, 0 tx/sec, 1791 pre-filtered tx/sec, 0 headers/sec, 0 mnlistdiff/sec, avg/last 480.30/78.91 kilobytes per sec, chain/common height 1553771/1556559, not stalled (threshold <0.39 KB/sec for 30 seconds)
05:27:19 [LLMQBackgroundThread] LLMQBackgroundThread - InstantSendManager:  pendingInstantSendLocks 0, DB: SPVISDB:  isLockCache:  0, txidCache: 0, outpointCache: 0, isLockHashHeight: 0
05:27:19 [DefaultDispatcher-worker-1] MainViewModel - blockchain state update: mnlist=1556551; chain=1554118
05:27:19 [Wallet autosave thread] WalletFiles - Background saving wallet; last seen block is height 1554134, date 2026-09-15T09:22:23Z, hash 00000017967f6d74df6aaee88ae0246b35680d5b6ade84b00b3d2adbaa1c3b64
05:27:19 [Wallet autosave thread] CoinJoinExtension - CoinJoinExtension serialization: 6ms total (keys:2ms[2006], cache:0ms[0], salt:0ms, io:4ms, size:208967bytes, buffer:64KB)
05:27:19 [Wallet autosave thread] WalletProtobufSerializer - walletToProto (serial=8) timing: 9ms total, init=0ms, tx=0ms[0], keys=0ms, scripts=0ms[0], metadata=0ms, ext=7ms, friendRecv=0ms, friendSend=0ms, build=0ms
05:27:19 [Wallet autosave thread] WalletProtobufSerializer - writeWallet timing: 8ms total (8ms/100% serialization, 0ms/0% I/O) buffer=8KB
05:27:19 [Wallet autosave thread] WalletFiles - Save completed in 17.85 ms (273824 bytes); /data/user/0/hashengineering.darkcoin.wallet_test/files/wallet-protobuf-testnet
05:27:20 [DefaultDispatcher-worker-3] MainViewModel - blockchain state update: mnlist=1556551; chain=1554618
05:27:20 [PeerGroup Thread] PeerGroup$ChainDownloadSpeedCalculator - 1096 blocks/sec, 0 tx/sec, 1865 pre-filtered tx/sec, 0 headers/sec, 0 mnlistdiff/sec, avg/last 477.94/85.63 kilobytes per sec, chain/common height 1554867/1556559, not stalled (threshold <0.39 KB/sec for 30 seconds)
05:27:20 [dashj user thread] DownloadProgressTracker - Chain download 99% done with 1511 blocks to go, block date 2026-09-16T19:53:31Z
05:27:20 [NioClientManager] DownloadProgressTracker - Chain download 99% done with 1511 blocks to go, block date 2026-09-16T19:53:31Z
05:27:20 [NioClientManager] BlockchainServiceImpl - progress 99
05:27:20 [DefaultDispatcher-worker-15] MainViewModel - blockchain state update: mnlist=1556551; chain=1555118
05:27:20 [DefaultDispatcher-worker-14] MainViewModel - blockchain state update: mnlist=1556551; chain=1555618
05:27:21 [DefaultDispatcher-worker-8] MainViewModel - blockchain state update: mnlist=1556551; chain=1556118
05:27:21 [PeerGroup Thread] PeerGroup$ChainDownloadSpeedCalculator - 1251 blocks/sec, 0 tx/sec, 2195 pre-filtered tx/sec, 0 headers/sec, 0 mnlistdiff/sec, avg/last 481.20/97.73 kilobytes per sec, chain/common height 1556118/1556559, not stalled (threshold <0.39 KB/sec for 30 seconds)
05:27:21 [dashj user thread] MasternodeSync - updateBlockTip: height:  1556400 initialDownload=false
05:27:21 [dashj user thread] MasternodeSync - updatedBlockTip -- height: 1556400 chain height: 1556404 initialDownload=false reachedBestHeader=false
05:27:21 [dashj user thread] MasternodeSync - updateBlockTip: height:  1556500 initialDownload=false
05:27:21 [dashj user thread] MasternodeSync - updatedBlockTip -- height: 1556500 chain height: 1556509 initialDownload=false reachedBestHeader=false
05:27:21 [dashj user thread] AbstractQuorumState - adding 1 block to the GetSimplifiedMasternodeListDiff pending queue of size: 0 : 1556552/00000054657299b4dcd90d6febfea2b6f9105d98a90ffe7018531a6ac35c743d
05:27:21 [dashj user thread] AbstractQuorumState - requesting: next
05:27:21 [dashj user thread] AbstractQuorumState - download peer = Peer{[68.67.122.82]:19999, version=70240, subVer=/Dash Core:23.1.8(dcg-masternode-53)/, services=7237 (NETWORK, BLOOM, NETWORK_LIMITED, COMPACT_FILTERS, HEADERS_COMPRESSED, remaining: 1000001000000), time=2026-09-19 00:26:39, height=1556559}, but obtaining backup from peerGroup downloadPeer
05:27:21 [dashj user thread] AbstractQuorumState - backup download peer = Peer{[68.67.122.82]:19999, version=70240, subVer=/Dash Core:23.1.8(dcg-masternode-53)/, services=7237 (NETWORK, BLOOM, NETWORK_LIMITED, COMPACT_FILTERS, HEADERS_COMPRESSED, remaining: 1000001000000), time=2026-09-19 00:26:39, height=1556559}
05:27:21 [dashj user thread] AbstractQuorumState - handling next mnlistdiff: 1
05:27:21 [dashj user thread] AbstractQuorumState - sending GetSimplifiedMasternodeListDiff from 1556551 to 1556552; 
  From 0000002192eed763cf8f140381e0f1ceca71f347e103d406fe66dfe2fdbf05fd
 To 00000054657299b4dcd90d6febfea2b6f9105d98a90ffe7018531a6ac35c743d
05:27:21 [dashj user thread] AbstractQuorumState - sendMessageFuture cancel: GetSimplifiedMasternodeListDiff
05:27:21 [dashj user thread] BLSJniLibrary - Initializing BLS JNI Library
05:27:21 [dashj user thread] AbstractQuorumState - message = GetSimplifiedMasternodeListDiff{baseBlockHash=0000002192eed763cf8f140381e0f1ceca71f347e103d406fe66dfe2fdbf05fd, blockHash=00000054657299b4dcd90d6febfea2b6f9105d98a90ffe7018531a6ac35c743d}
05:27:21 [dashj user thread] AbstractQuorumState - block 00000054657299b4dcd90d6febfea2b6f9105d98a90ffe7018531a6ac35c743d at 1556552 is already in the pendingBlocksMap
05:27:21 [dashj user thread] AbstractQuorumState - waiting for the last mnlistdiff/qrinfo
05:27:21 [dashj user thread] AbstractQuorumState - block 00000054657299b4dcd90d6febfea2b6f9105d98a90ffe7018531a6ac35c743d at 1556552 is already in the pendingBlocksMap
05:27:21 [dashj user thread] AbstractQuorumState - waiting for the last mnlistdiff/qrinfo
05:27:21 [NioClientManager] AbstractBlockChain - Connected orphan 0000000c5842449fbe943f43a83bf18d49ebba6165d651f9797fb6b57d90c532
05:27:21 [dashj user thread] AbstractQuorumState - block 00000054657299b4dcd90d6febfea2b6f9105d98a90ffe7018531a6ac35c743d at 1556552 is already in the pendingBlocksMap
05:27:21 [NioClientManager] AbstractBlockChain - Connected 1 orphan blocks.
05:27:21 [dashj user thread] AbstractQuorumState - waiting for the last mnlistdiff/qrinfo
05:27:21 [dashj user thread] AbstractQuorumState - block 00000054657299b4dcd90d6febfea2b6f9105d98a90ffe7018531a6ac35c743d at 1556552 is already in the pendingBlocksMap
05:27:21 [dashj user thread] AbstractQuorumState - waiting for the last mnlistdiff/qrinfo
05:27:21 [dashj user thread] AbstractQuorumState - block 00000054657299b4dcd90d6febfea2b6f9105d98a90ffe7018531a6ac35c743d at 1556552 is already in the pendingBlocksMap
05:27:21 [dashj user thread] AbstractQuorumState - waiting for the last mnlistdiff/qrinfo
05:27:21 [dashj user thread] AbstractQuorumState - block 00000054657299b4dcd90d6febfea2b6f9105d98a90ffe7018531a6ac35c743d at 1556552 is already in the pendingBlocksMap
05:27:21 [dashj user thread] AbstractQuorumState - waiting for the last mnlistdiff/qrinfo
05:27:21 [dashj user thread] AbstractQuorumState - adding 1 block to the GetSimplifiedMasternodeListDiff pending queue of size: 1 : 1556551/0000002192eed763cf8f140381e0f1ceca71f347e103d406fe66dfe2fdbf05fd
05:27:21 [dashj user thread] AbstractQuorumState - waiting for the last mnlistdiff/qrinfo
05:27:21 [NioClientManager] BlockchainServiceImpl - progress 99
05:27:21 [NioClientManager] BlockchainServiceImpl - DoneDownload 99 in 14.52 s
05:27:21 [DefaultDispatcher-worker-5] CoinJoinMixingService - coinjoin-state: NONE, 557 ms, true, CONNECTED, synced: true, true
05:27:21 [DefaultDispatcher-worker-5] CoinJoinMixingService - coinjoin-state-mixing: NOT_STARTED -> NOT_STARTED
05:27:21 [DefaultDispatcher-worker-5] CoinJoinMixingService - coinjoin: new block: 1556559
05:27:21 [DefaultDispatcher-worker-5] BLSJniLibrary - Initializing BLS JNI Library
05:27:21 [DefaultDispatcher-worker-5] CoinJoinMixingService - coinjoin: anonymizable balance 0.00 DASH, denominatedBalance: 0.00 DASH
05:27:21 [DefaultDispatcher-worker-5] CoinJoinMixingService - timing: denominatedBalance 42.33 μs
05:27:21 [DefaultDispatcher-worker-5] CoinJoinMixingService - timing: denominatedBalance 2.792 μs
05:27:21 [DefaultDispatcher-worker-5] CoinJoinMixingService - timing: coinJoinBalance 12.63 μs
05:27:21 [DefaultDispatcher-worker-5] CoinJoinMixingService - coinjoin: can mix balance: true = balance: (false && canDenominate: true) || partially-mixed: false
05:27:21 [DefaultDispatcher-worker-5] TimeUtils - timeskew: 557; using last value
05:27:21 [DefaultDispatcher-worker-5] CoinJoinMixingService - coinjoin-state: NONE, 557 ms, true, CONNECTED, synced: true, true
05:27:21 [DefaultDispatcher-worker-5] CoinJoinMixingService - coinjoin-state-mixing: NOT_STARTED -> NOT_STARTED
05:27:21 [DefaultDispatcher-worker-14] MainViewModel - blockchain state update: mnlist=1556551; chain=1556559
05:27:21 [main] HistoryHeaderAdapter - set invite, synced = true
05:27:21 [NioClientManager] BlockchainServiceImpl - masternodeListDiffDownloaded:Received
05:27:21 [NioClientManager] QuorumState - processing requested mnlistdiff (headersFirst=false) between : 1556551 & 1556552; Simplified MNList Diff{ adding 0 and removing 0 masternodes while adding 0 and removing 0 quorums }
  0000002192eed763cf8f140381e0f1ceca71f347e103d406fe66dfe2fdbf05fd -> 00000054657299b4dcd90d6febfea2b6f9105d98a90ffe7018531a6ac35c743d from Peer{[68.67.122.82]:19999, version=70240, subVer=/Dash Core:23.1.8(dcg-masternode-53)/, services=7237 (NETWORK, BLOOM, NETWORK_LIMITED, COMPACT_FILTERS, HEADERS_COMPRESSED, remaining: 1000001000000), time=2026-09-19 00:26:39, height=1556559}
05:27:21 [NioClientManager] QuorumState - lock acquired when processing mnlistdiff
05:27:21 [NioClientManager] QuorumState - applyDiff processing times: mn 45.38 μs; quorums: 38.13 μs
05:27:21 [NioClientManager] QuorumState - QuorumState{mnList=Simplified MN List(count: 373 height: 1556552), quorumList=SimplifiedQuorumList(count: 109; 1556552), mnListsCacheSize=1, quorumsCacheSize=1}
05:27:21 [NioClientManager] QuorumState - processing mnlistdiff times : Total: 384.6 μs mnList: 0.000 ns quorums: 0.000 ns mnlistdiff: Simplified MNList Diff{ adding 0 and removing 0 masternodes while adding 0 and removing 0 quorums }
  0000002192eed763cf8f140381e0f1ceca71f347e103d406fe66dfe2fdbf05fd -> 00000054657299b4dcd90d6febfea2b6f9105d98a90ffe7018531a6ac35c743d
05:27:21 [NioClientManager] QuorumState - QuorumState{mnList=Simplified MN List(count: 373 height: 1556552), quorumList=SimplifiedQuorumList(count: 109; 1556552), mnListsCacheSize=1, quorumsCacheSize=1}
05:27:21 [NioClientManager] AbstractQuorumState - download peer = Peer{[68.67.122.82]:19999, version=70240, subVer=/Dash Core:23.1.8(dcg-masternode-53)/, services=7237 (NETWORK, BLOOM, NETWORK_LIMITED, COMPACT_FILTERS, HEADERS_COMPRESSED, remaining: 1000001000000), time=2026-09-19 00:26:39, height=1556559}, but obtaining backup from peerGroup downloadPeer
05:27:21 [NioClientManager] AbstractQuorumState - backup download peer = Peer{[68.67.122.82]:19999, version=70240, subVer=/Dash Core:23.1.8(dcg-masternode-53)/, services=7237 (NETWORK, BLOOM, NETWORK_LIMITED, COMPACT_FILTERS, HEADERS_COMPRESSED, remaining: 1000001000000), time=2026-09-19 00:26:39, height=1556559}
05:27:21 [NioClientManager] AbstractQuorumState - handling next mnlistdiff: 1
05:27:21 [NioClientManager] AbstractQuorumState - there are no pending blocks to process
05:27:21 [NioClientManager] BLSJniLibrary - Initializing BLS JNI Library
05:27:21 [AbstractManager autosave thread] BLSJniLibrary - Initializing BLS JNI Library
05:27:21 [AbstractManager autosave thread] ManagerFiles - Background saving manager
05:27:21 [AbstractManager autosave thread] FlatDB - Writing SimplifiedMasternodeListManager-5 to manager7470304431324128517.tmp...
05:27:21 [AbstractManager autosave thread] FlatDB - Written info to /data/user/0/hashengineering.darkcoin.wallet_test/app_masternode/manager7470304431324128517.tmp  9ms
05:27:21 [AbstractManager autosave thread] FlatDB -   SimplifiedMNListManager:  {tip:Simplified MN List(count: 373 height: 1556344), SimplifiedQuorumList(count: 109; 1556552), SimplifiedQuorumList(count: 32; 1556344), pending blocks: 0 / 0}
05:27:21 [AbstractManager autosave thread] FlatDB - manager7470304431324128517.tmp dump finished  9ms
05:27:21 [AbstractManager autosave thread] ManagerFiles - Save completed in 9.881 ms to /data/user/0/hashengineering.darkcoin.wallet_test/app_masternode/simplifiedmasternodelistmanager-testnet.dat
05:27:21 [DefaultDispatcher-worker-14] BlockchainServiceImpl - network capabilities changed: 100, hasInternet: true, validated: true
05:27:21 [DefaultDispatcher-worker-14] BlockchainServiceImpl - acquiring check() mutex
05:27:21 [DefaultDispatcher-worker-14] BlockchainServiceImpl - check()
05:27:21 [DefaultDispatcher-worker-14] BlockchainServiceImpl - releasing check() mutex
05:27:22 [PeerGroup Thread] PeerGroup$ChainDownloadSpeedCalculator - End of sync detected at height 1556559.
05:27:24 [Wallet autosave thread] WalletFiles - Background saving wallet; last seen block is height 1556559, date 2026-09-19T05:20:22Z, hash 0000000c5842449fbe943f43a83bf18d49ebba6165d651f9797fb6b57d90c532
05:27:24 [Wallet autosave thread] CoinJoinExtension - CoinJoinExtension serialization: 6ms total (keys:3ms[2006], cache:0ms[0], salt:0ms, io:3ms, size:208967bytes, buffer:64KB)
05:27:24 [Wallet autosave thread] WalletProtobufSerializer - walletToProto (serial=8) timing: 9ms total, init=0ms, tx=0ms[0], keys=0ms, scripts=0ms[0], metadata=0ms, ext=7ms, friendRecv=0ms, friendSend=0ms, build=0ms
05:27:24 [Wallet autosave thread] WalletProtobufSerializer - writeWallet timing: 9ms total (8ms/88% serialization, 1ms/11% I/O) buffer=8KB
05:27:24 [Wallet autosave thread] WalletFiles - Save completed in 11.28 ms (273824 bytes); /data/user/0/hashengineering.darkcoin.wallet_test/files/wallet-protobuf-testnet
05:27:24 [DefaultDispatcher-worker-1] BlockchainServiceImpl - network capabilities changed: 100, hasInternet: true, validated: true
05:27:24 [DefaultDispatcher-worker-1] BlockchainServiceImpl - acquiring check() mutex
05:27:24 [DefaultDispatcher-worker-1] BlockchainServiceImpl - check()
05:27:24 [DefaultDispatcher-worker-1] BlockchainServiceImpl - releasing check() mutex
05:27:29 [DefaultDispatcher-worker-14] BlockchainServiceImpl - network lost: 101, remaining networks: 1
05:27:30 [main] WalletActivityTracker - activity lifecycle: current: MainActivity, activities: 1 visible: 1 foreground: 1
05:27:30 [main] DeviceInfoProvider - Detecting currency based on device, mobile network or locale:
05:27:30 [main] DeviceInfoProvider - Device Sim Country: us
05:27:30 [main] MainViewModel - Updating currency exchange rate based on country: US
05:27:30 [DefaultDispatcher-worker-10] TimeUtils - timeskew: 557; using last value
05:27:30 [DefaultDispatcher-worker-12] CoinJoinMixingService - coinjoin-state: NONE, 557 ms, true, CONNECTED, synced: true, true
05:27:30 [DefaultDispatcher-worker-12] CoinJoinMixingService - coinjoin-state-mixing: NOT_STARTED -> NOT_STARTED
05:27:30 [main] BlockchainServiceImpl - .onStartCommand(Intent { act=de.schildbach.wallet.service.cancel_coins_received cmp=hashengineering.darkcoin.wallet_test/de.schildbach.wallet.service.BlockchainServiceImpl })
05:27:30 [DefaultDispatcher-worker-5] BlockchainServiceImpl - onStartCommand waiting for onCreate to complete...
05:27:30 [DefaultDispatcher-worker-5] BlockchainServiceImpl - onCreate completed, processing onStartCommand
05:27:30 [DefaultDispatcher-worker-5] BLSJniLibrary - Initializing BLS JNI Library
05:27:30 [DefaultDispatcher-worker-5] BlockchainServiceImpl - service start command: Intent { act=de.schildbach.wallet.service.cancel_coins_received cmp=hashengineering.darkcoin.wallet_test/de.schildbach.wallet.service.BlockchainServiceImpl }
05:27:30 [DefaultDispatcher-worker-5] BlockchainServiceImpl - .onStartCommand(Intent { act=de.schildbach.wallet.service.cancel_coins_received cmp=hashengineering.darkcoin.wallet_test/de.schildbach.wallet.service.BlockchainServiceImpl }) finished
05:27:31 [quorum-state-QuorumState] AbstractQuorumState - sendMessageFuture check: last request received GetSimplifiedMasternodeListDiff
05:27:51 [main] BlockchainIdentityData - creation: BlockchainIdentityData(NONE, null, null, null, null, null)
05:27:51 [DefaultDispatcher-worker-10] BLSJniLibrary - Initializing BLS JNI Library
05:28:00 [main] BlockchainServiceImpl - History of transactions/blocks/headers/mnlistdiff: 0/151119/63119/6
05:28:08 [LLMQBackgroundThread] LLMQBackgroundThread - InstantSendManager:  pendingInstantSendLocks 0, DB: SPVISDB:  isLockCache:  0, txidCache: 0, outpointCache: 0, isLockHashHeight: 0
05:28:13 [DefaultDispatcher-worker-12] BlockchainServiceImpl - network capabilities changed: 100, hasInternet: true, validated: true
05:28:13 [DefaultDispatcher-worker-12] BlockchainServiceImpl - acquiring check() mutex
05:28:13 [DefaultDispatcher-worker-12] BlockchainServiceImpl - check()
05:28:13 [DefaultDispatcher-worker-12] BlockchainServiceImpl - releasing check() mutex
05:28:16 [DefaultDispatcher-worker-12] BlockchainServiceImpl - network capabilities changed: 100, hasInternet: true, validated: true
05:28:16 [DefaultDispatcher-worker-12] BlockchainServiceImpl - acquiring check() mutex
05:28:16 [DefaultDispatcher-worker-12] BlockchainServiceImpl - check()
05:28:16 [DefaultDispatcher-worker-12] BlockchainServiceImpl - releasing check() mutex
05:28:19 [DefaultDispatcher-worker-5] BlockchainServiceImpl - network capabilities changed: 100, hasInternet: true, validated: true
05:28:19 [DefaultDispatcher-worker-5] BlockchainServiceImpl - acquiring check() mutex
05:28:19 [DefaultDispatcher-worker-5] BlockchainServiceImpl - check()
05:28:19 [DefaultDispatcher-worker-5] BlockchainServiceImpl - releasing check() mutex
05:28:50 [main] BiometricHelper - No biometric credentials
05:28:50 [main] LockScreenActivity - fingerprint was disabled
05:28:50 [main] LockScreenActivity - LockState = ENTER_PIN
05:28:55 [DefaultDispatcher-worker-5] BlockchainServiceImpl - network capabilities changed: 100, hasInternet: true, validated: true
05:28:55 [DefaultDispatcher-worker-5] BlockchainServiceImpl - acquiring check() mutex
05:28:55 [DefaultDispatcher-worker-5] BlockchainServiceImpl - check()
05:28:55 [DefaultDispatcher-worker-5] BlockchainServiceImpl - releasing check() mutex
05:28:57 [LLMQBackgroundThread] LLMQBackgroundThread - InstantSendManager:  pendingInstantSendLocks 0, DB: SPVISDB:  isLockCache:  0, txidCache: 0, outpointCache: 0, isLockHashHeight: 0
05:28:58 [DefaultDispatcher-worker-5] BlockchainServiceImpl - network capabilities changed: 100, hasInternet: true, validated: true
05:28:58 [DefaultDispatcher-worker-5] BlockchainServiceImpl - acquiring check() mutex
05:28:58 [DefaultDispatcher-worker-5] BlockchainServiceImpl - check()
05:28:58 [DefaultDispatcher-worker-5] BlockchainServiceImpl - releasing check() mutex
05:29:00 [main] BlockchainServiceImpl - History of transactions/blocks/headers/mnlistdiff: 0/0/0/0, 0/151119/63119/6
05:29:18 [NioClientManager] Wallet - Received a pending transaction aa57902d1c5547d48cabe6d674babe10b728ab1262f6564bfcca1a6ec7b1bb33 that spends 0.00 DASH from our own wallet, and sends us 1.00 DASH
05:29:18 [NioClientManager] Wallet - commitTx of aa57902d1c5547d48cabe6d674babe10b728ab1262f6564bfcca1a6ec7b1bb33
05:29:18 [NioClientManager] Wallet - commitTx of aa57902d1c5547d48cabe6d674babe10b728ab1262f6564bfcca1a6ec7b1bb33
05:29:18 [NioClientManager] Wallet - ->pending: aa57902d1c5547d48cabe6d674babe10b728ab1262f6564bfcca1a6ec7b1bb33
05:29:18 [NioClientManager] Wallet - Estimated balance is now: 1.00 DASH
05:29:18 [NioClientManager] KeyChainGroup - Marking key as used: DeterministicKey{pub=03de5fdf64c87a72f7e825d59036ef323ca06c634a3c346bfb08f31061127b9bea, chainCode=9c2555289b593aefe11887f880ea2db9c3aa03d56602525b11562aca6db31cd0, path=M/44H/1H/0H/0/0, isEncrypted=true, isPubKeyOnly=true}
05:29:18 [NioClientManager] BlockchainServiceImpl - onCoinsReceived: aa57902d1c5547d48cabe6d674babe10b728ab1262f6564bfcca1a6ec7b1bb33; rate: null; replaying: false; inside: true, config: PENDING; will update true
05:29:18 [dashj user thread] WalletObserver - observing transaction received: aa57902d1c5547d48cabe6d674babe10b728ab1262f6564bfcca1a6ec7b1bb33 [=====] de.schildbach.wallet.transactions.WalletObserver@567951e
05:29:18 [dashj user thread] WalletObserver - observing transaction: start listening to aa57902d1c5547d48cabe6d674babe10b728ab1262f6564bfcca1a6ec7b1bb33
05:29:18 [NioClientManager] BlockchainServiceImpl - Setting exchange rate on received transaction.  Rate:  {USD:61.5439} tx: aa57902d1c5547d48cabe6d674babe10b728ab1262f6564bfcca1a6ec7b1bb33
05:29:18 [DefaultDispatcher-worker-4] WalletTransactionMetadataProvider - sync transaction metadata: aa57902d1c5547d48cabe6d674babe10b728ab1262f6564bfcca1a6ec7b1bb33
05:29:18 [DefaultDispatcher-worker-4] WalletTransactionMetadataProvider - sync transaction metadata not exists: aa57902d1c5547d48cabe6d674babe10b728ab1262f6564bfcca1a6ec7b1bb33
05:29:18 [NioClientManager] WalletFiles - Saving wallet; last seen block is height 1556559, date 2026-09-19T05:20:22Z, hash 0000000c5842449fbe943f43a83bf18d49ebba6165d651f9797fb6b57d90c532
05:29:18 [DefaultDispatcher-worker-6] BLSJniLibrary - Initializing BLS JNI Library
05:29:18 [NioClientManager] CoinJoinExtension - CoinJoinExtension serialization: 10ms total (keys:7ms[2006], cache:0ms[0], salt:0ms, io:3ms, size:208967bytes, buffer:64KB)
05:29:18 [NioClientManager] WalletProtobufSerializer - walletToProto (serial=11) timing: 18ms total, init=0ms, tx=2ms[1], keys=2ms, scripts=0ms[0], metadata=0ms, ext=12ms, friendRecv=0ms, friendSend=0ms, build=0ms
05:29:18 [NioClientManager] WalletProtobufSerializer - writeWallet timing: 18ms total (18ms/100% serialization, 0ms/0% I/O) buffer=8KB
05:29:18 [NioClientManager] WalletFiles - Save completed in 21.41 ms (274150 bytes); /data/user/0/hashengineering.darkcoin.wallet_test/files/wallet-protobuf-testnet
05:29:18 [DefaultDispatcher-worker-4] BLSJniLibrary - Initializing BLS JNI Library
05:29:18 [DefaultDispatcher-worker-7] WalletTransactionMetadataProvider - saving to cache: true = saving: false && current: Sat Sep 19 00:29:18 CDT 2026 > safe after: Wed Dec 31 18:00:00 CST 1969
05:29:18 [DefaultDispatcher-worker-7] WalletTransactionMetadataProvider - txmetadata: inserting TransactionMetadata(txId=aa57902d1c5547d48cabe6d674babe10b728ab1262f6564bfcca1a6ec7b1bb33, timestamp=1789795758492, value=100000000, type=Received, taxCategory=null, currencyCode=USD, rate=61.5439, memo=, service=null, customIconId=null)
05:29:18 [DefaultDispatcher-worker-6] BLSJniLibrary - Initializing BLS JNI Library
05:29:18 [DefaultDispatcher-worker-6] CoinJoinMixingService - coinjoin: anonymizable balance 0.00 DASH, denominatedBalance: 0.00 DASH
05:29:18 [DefaultDispatcher-worker-6] CoinJoinMixingService - timing: denominatedBalance 146.3 μs
05:29:18 [DefaultDispatcher-worker-6] CoinJoinMixingService - timing: denominatedBalance 7.708 μs
05:29:18 [DefaultDispatcher-worker-6] CoinJoinMixingService - timing: coinJoinBalance 36.71 μs
05:29:18 [DefaultDispatcher-worker-6] CoinJoinMixingService - coinjoin: can mix balance: true = balance: (false && canDenominate: true) || partially-mixed: false
05:29:18 [DefaultDispatcher-worker-2] Constants - --> GET https://rates.ctx.com/rates?source=ctx
05:29:18 [DefaultDispatcher-worker-2] Constants - <-- 200 https://rates.ctx.com/rates?source=ctx (71ms, unknown-length body)
05:29:18 [DefaultDispatcher-worker-2] ExchangeRatesRepository - exchange rates updated successfully with de.schildbach.wallet.rates.DashRetailClient@6fd60bc
05:29:18 [DefaultDispatcher-worker-2] ExchangeRatesRepository - updateTrigger
05:29:18 [DefaultDispatcher-worker-2] TxDisplayCacheService - updateWrappedList: 1 batch txs → 1 affected wrappers | display 0 → 1 rows
05:29:18 [DefaultDispatcher-worker-6] CoinJoinMixingService - coinjoin-state: NONE, 844 ms, true, CONNECTED, synced: true, true
05:29:18 [DefaultDispatcher-worker-6] CoinJoinMixingService - coinjoin-state-mixing: NOT_STARTED -> NOT_STARTED
05:29:19 [NioClientManager] InstantSendManager - received islock:  txid=aa57902d1c5547d48cabe6d674babe10b728ab1262f6564bfcca1a6ec7b1bb33, islock=71456f9f11c9057caa5d8743ae40a0e2473701138ac6946324a744e892a8c4fd , peer=234235530
05:29:19 [Wallet autosave thread] BLSJniLibrary - Initializing BLS JNI Library
05:29:19 [LLMQBackgroundThread] SPVQuorumManager - quorum list is old, the quorums may not match
05:29:19 [LLMQBackgroundThread] InstantSendManager - InstantSendManager -- verified locks. count=1, alreadyVerified=0, vt=3.366 ms, nodes=1
05:29:19 [LLMQBackgroundThread] InstantSendManager - processing islock txid=aa57902d1c5547d48cabe6d674babe10b728ab1262f6564bfcca1a6ec7b1bb33, islock=71456f9f11c9057caa5d8743ae40a0e2473701138ac6946324a744e892a8c4fd:  peer=234235530
05:29:19 [LLMQBackgroundThread] InstantSendManager - passing reconstructed recSig to signing mgr -- txid=aa57902d1c5547d48cabe6d674babe10b728ab1262f6564bfcca1a6ec7b1bb33, islock=71456f9f11c9057caa5d8743ae40a0e2473701138ac6946324a744e892a8c4fd: peer=234235530
05:29:19 [LLMQBackgroundThread] SigningManager - valid recSig. signHash=1281d9541083a3b148647e051a5ecba3547c2cf819b03734f66e89956a174a84, id=773b5e9aa14d267f9d89cb16262ca90eb562c28ef9489bc8b53c13b600414656, msgHash=aa57902d1c5547d48cabe6d674babe10b728ab1262f6564bfcca1a6ec7b1bb33, node=-1
05:29:19 [dashj user thread] WalletObserver - observing transaction: stop listening to aa57902d1c5547d48cabe6d674babe10b728ab1262f6564bfcca1a6ec7b1bb33 at depth 0 with ISLock: true; chainlock: false
05:29:24 [Wallet autosave thread] WalletFiles - Background saving wallet; last seen block is height 1556559, date 2026-09-19T05:20:22Z, hash 0000000c5842449fbe943f43a83bf18d49ebba6165d651f9797fb6b57d90c532
05:29:24 [Wallet autosave thread] CoinJoinExtension - CoinJoinExtension serialization: 4ms total (keys:3ms[2006], cache:0ms[0], salt:0ms, io:1ms, size:208967bytes, buffer:64KB)
05:29:24 [Wallet autosave thread] WalletProtobufSerializer - walletToProto (serial=11) timing: 12ms total, init=0ms, tx=0ms[1], keys=0ms, scripts=0ms[0], metadata=0ms, ext=10ms, friendRecv=0ms, friendSend=0ms, build=0ms
05:29:24 [Wallet autosave thread] WalletProtobufSerializer - writeWallet timing: 12ms total (12ms/100% serialization, 0ms/0% I/O) buffer=8KB
05:29:24 [Wallet autosave thread] WalletFiles - Save completed in 14.27 ms (274192 bytes); /data/user/0/hashengineering.darkcoin.wallet_test/files/wallet-protobuf-testnet
05:29:28 [DefaultDispatcher-worker-1] BlockchainServiceImpl - network capabilities changed: 100, hasInternet: true, validated: true
05:29:28 [DefaultDispatcher-worker-1] BlockchainServiceImpl - acquiring check() mutex
05:29:28 [DefaultDispatcher-worker-1] BlockchainServiceImpl - check()
05:29:28 [DefaultDispatcher-worker-1] BlockchainServiceImpl - releasing check() mutex
05:29:31 [DefaultDispatcher-worker-3] BlockchainServiceImpl - network capabilities changed: 100, hasInternet: true, validated: true
05:29:31 [DefaultDispatcher-worker-3] BlockchainServiceImpl - acquiring check() mutex
05:29:31 [DefaultDispatcher-worker-3] BlockchainServiceImpl - check()
05:29:31 [DefaultDispatcher-worker-3] BlockchainServiceImpl - releasing check() mutex
05:29:45 [LLMQBackgroundThread] LLMQBackgroundThread - InstantSendManager:  pendingInstantSendLocks 0, DB: SPVISDB:  isLockCache:  1, txidCache: 1, outpointCache: 1, isLockHashHeight: 0
05:30:00 [main] BlockchainServiceImpl - History of transactions/blocks/headers/mnlistdiff: 1/0/0/0, 0/0/0/0, 0/151119/63119/6
05:30:02 [DefaultDispatcher-worker-2] BlockchainServiceImpl - network capabilities changed: 100, hasInternet: true, validated: true
05:30:02 [DefaultDispatcher-worker-2] BlockchainServiceImpl - acquiring check() mutex
05:30:02 [DefaultDispatcher-worker-2] BlockchainServiceImpl - check()
05:30:02 [DefaultDispatcher-worker-2] BlockchainServiceImpl - releasing check() mutex
05:30:05 [DefaultDispatcher-worker-4] BlockchainServiceImpl - network capabilities changed: 100, hasInternet: true, validated: true
05:30:05 [DefaultDispatcher-worker-4] BlockchainServiceImpl - acquiring check() mutex
05:30:05 [DefaultDispatcher-worker-4] BlockchainServiceImpl - check()
05:30:05 [DefaultDispatcher-worker-4] BlockchainServiceImpl - releasing check() mutex
05:30:33 [LLMQBackgroundThread] LLMQBackgroundThread - InstantSendManager:  pendingInstantSendLocks 0, DB: SPVISDB:  isLockCache:  1, txidCache: 1, outpointCache: 1, isLockHashHeight: 0
05:30:38 [NioClientManager] Wallet - Received tx for 1.00 DASH: aa57902d1c5547d48cabe6d674babe10b728ab1262f6564bfcca1a6ec7b1bb33 [0] in block 0000018154826d879b649577718329a5688b6b89832874c0e2ba7cdd2df449dd
05:30:38 [NioClientManager] Wallet -   <-pending
05:30:38 [NioClientManager] Wallet -   tx aa57902d1c5547d48cabe6d674babe10b728ab1262f6564bfcca1a6ec7b1bb33 ->unspent
05:30:38 [NioClientManager] Wallet - unlock output: fab296d048314082e41283b4d612ce634e4c2723c1b0bd6ca86df61bf40595ac:1
05:30:38 [NioClientManager] Wallet - Balance is now: 1.00 DASH
05:30:38 [Wallet autosave thread] BLSJniLibrary - Initializing BLS JNI Library
05:30:38 [dashj user thread] AbstractQuorumState - adding 1 block to the GetSimplifiedMasternodeListDiff pending queue of size: 0 : 1556552/00000054657299b4dcd90d6febfea2b6f9105d98a90ffe7018531a6ac35c743d
05:30:38 [dashj user thread] AbstractQuorumState - requesting: next
05:30:38 [dashj user thread] AbstractQuorumState - download peer = Peer{[68.67.122.82]:19999, version=70240, subVer=/Dash Core:23.1.8(dcg-masternode-53)/, services=7237 (NETWORK, BLOOM, NETWORK_LIMITED, COMPACT_FILTERS, HEADERS_COMPRESSED, remaining: 1000001000000), time=2026-09-19 00:26:39, height=1556559}, but obtaining backup from peerGroup downloadPeer
05:30:38 [dashj user thread] AbstractQuorumState - backup download peer = Peer{[68.67.122.82]:19999, version=70240, subVer=/Dash Core:23.1.8(dcg-masternode-53)/, services=7237 (NETWORK, BLOOM, NETWORK_LIMITED, COMPACT_FILTERS, HEADERS_COMPRESSED, remaining: 1000001000000), time=2026-09-19 00:26:39, height=1556559}
05:30:38 [dashj user thread] AbstractQuorumState - handling next mnlistdiff: 1
05:30:38 [dashj user thread] AbstractQuorumState - there are no pending blocks to process
05:30:38 [DefaultDispatcher-worker-5] CoinJoinMixingService - coinjoin: new block: 1556560
05:30:38 [DefaultDispatcher-worker-5] BLSJniLibrary - Initializing BLS JNI Library
05:30:38 [DefaultDispatcher-worker-3] MainViewModel - blockchain state update: mnlist=1556552; chain=1556560
05:30:38 [DefaultDispatcher-worker-5] CoinJoinMixingService - coinjoin: anonymizable balance 0.00 DASH, denominatedBalance: 0.00 DASH
05:30:38 [DefaultDispatcher-worker-5] CoinJoinMixingService - timing: denominatedBalance 138.4 μs
05:30:38 [DefaultDispatcher-worker-5] CoinJoinMixingService - timing: denominatedBalance 9.666 μs
05:30:38 [DefaultDispatcher-worker-5] CoinJoinMixingService - timing: coinJoinBalance 48.00 μs
05:30:38 [DefaultDispatcher-worker-5] CoinJoinMixingService - coinjoin: can mix balance: true = balance: (false && canDenominate: true) || partially-mixed: false
05:30:38 [NioClientManager] ChainLocksHandler - process chainlock: e6db6ed62a3b63e53c92e281ffbbd49c302746d7a3c53815cbe1ea95cd813f3b
05:30:38 [NioClientManager] SigningManager - signature was validated with Quorum(type=1, quorumHash=000000414b135c965754200a14476bfbe606a05ba777590a1efa727fbd5aeb40, qfc=FinalCommitment(version=3, llmqType=1, quorumHash=000000414b135c965754200a14476bfbe606a05ba777590a1efa727fbd5aeb40, signers=50, validMembers=50, quorumPublicKey=91b5033e3193d803baa54ac4078441575e90098aa136ee1741201c2461e324a8c60c91a896445209806a635f2aef359f), msg: 0000018154826d879b649577718329a5688b6b89832874c0e2ba7cdd2df449dd, id: 15fc08a951157b1ab74f10519c85eda4100a6bc9bfada2a7966ce6da2793dd9b, signHash: 0f2e53227802ea2201c04812475444a456d657da081102f9afb1adc5a3651e9f
05:30:38 [NioClientManager] SigningManager - dash-cli quorum selectquorum 1 15fc08a951157b1ab74f10519c85eda4100a6bc9bfada2a7966ce6da2793dd9b
05:30:38 [NioClientManager] BLSJniLibrary - Initializing BLS JNI Library
05:30:38 [AbstractManager autosave thread] BLSJniLibrary - Initializing BLS JNI Library
05:30:38 [NioClientManager] ChainLocksHandler - processed new CLSIG (ChainLockSignature{height=1556560, blockHash=0000018154826d879b649577718329a5688b6b89832874c0e2ba7cdd2df449dd, sig=9809da7349026576f06e09766aac29ac30e644cbb5e1cc92c1184f71aafb3324dcb4eba396d87bd95606dfe1191c76e819bc8a6b34d5127df6db9fe3e5d9377a6593fc4da88a012e100e9d038496a180d960dad85ccc1bfc2f3d80fc49a8bf11}), peer=Peer{[68.67.122.30]:19999, version=70240, subVer=/Dash Core:23.1.8(dcg-masternode-1)/, services=7237 (NETWORK, BLOOM, NETWORK_LIMITED, COMPACT_FILTERS, HEADERS_COMPRESSED, remaining: 1000001000000), time=2026-09-19 00:26:39, height=1556559}
05:30:38 [DefaultDispatcher-worker-5] CoinJoinMixingService - coinjoin-state: NONE, 930 ms, true, CONNECTED, synced: true, true
05:30:38 [DefaultDispatcher-worker-5] CoinJoinMixingService - coinjoin-state-mixing: NOT_STARTED -> NOT_STARTED
05:30:38 [AbstractManager autosave thread] ManagerFiles - Background saving manager
05:30:38 [AbstractManager autosave thread] FlatDB - Writing ChainLocksHandler-1 to manager8222526271589416780.tmp...
05:30:38 [AbstractManager autosave thread] FlatDB - Written info to /data/user/0/hashengineering.darkcoin.wallet_test/app_masternode/manager8222526271589416780.tmp  0ms
05:30:38 [AbstractManager autosave thread] FlatDB -   ChainLocksHandler(0000000000000000000000000000000000000000000000000000000000000000)
05:30:38 [AbstractManager autosave thread] FlatDB - manager8222526271589416780.tmp dump finished  0ms
05:30:38 [AbstractManager autosave thread] ManagerFiles - Save completed in 593.3 μs to /data/user/0/hashengineering.darkcoin.wallet_test/app_masternode/chainlockshandler-testnet.dat
05:30:39 [DefaultDispatcher-worker-5] BlockchainServiceImpl - tx aa57902d1c5547d48cabe6d674babe10b728ab1262f6564bfcca1a6ec7b1bb33; 1 == 1
05:30:43 [Wallet autosave thread] WalletFiles - Background saving wallet; last seen block is height 1556560, date 2026-09-19T05:30:27Z, hash 0000018154826d879b649577718329a5688b6b89832874c0e2ba7cdd2df449dd
05:30:43 [Wallet autosave thread] CoinJoinExtension - CoinJoinExtension serialization: 4ms total (keys:3ms[2006], cache:0ms[0], salt:0ms, io:1ms, size:208967bytes, buffer:64KB)
05:30:43 [Wallet autosave thread] WalletProtobufSerializer - walletToProto (serial=11) timing: 14ms total, init=0ms, tx=0ms[1], keys=1ms, scripts=0ms[0], metadata=0ms, ext=12ms, friendRecv=0ms, friendSend=0ms, build=0ms
05:30:43 [Wallet autosave thread] WalletProtobufSerializer - writeWallet timing: 14ms total (14ms/100% serialization, 0ms/0% I/O) buffer=8KB
05:30:43 [Wallet autosave thread] WalletFiles - Save completed in 16.60 ms (274262 bytes); /data/user/0/hashengineering.darkcoin.wallet_test/files/wallet-protobuf-testnet
05:30:56 [DefaultDispatcher-worker-1] BlockchainServiceImpl - network capabilities changed: 100, hasInternet: true, validated: true
05:30:56 [DefaultDispatcher-worker-1] BlockchainServiceImpl - acquiring check() mutex
05:30:56 [DefaultDispatcher-worker-1] BlockchainServiceImpl - check()
05:30:56 [DefaultDispatcher-worker-1] BlockchainServiceImpl - releasing check() mutex
05:30:59 [DefaultDispatcher-worker-6] BlockchainServiceImpl - network capabilities changed: 100, hasInternet: true, validated: true
05:30:59 [DefaultDispatcher-worker-6] BlockchainServiceImpl - acquiring check() mutex
05:30:59 [DefaultDispatcher-worker-6] BlockchainServiceImpl - check()
05:30:59 [DefaultDispatcher-worker-6] BlockchainServiceImpl - releasing check() mutex
05:31:00 [main] BlockchainServiceImpl - History of transactions/blocks/headers/mnlistdiff: 0/1/0/0, 1/0/0/0, 0/0/0/0, 0/151119/63119/6
05:31:05 [DefaultDispatcher-worker-2] BlockchainServiceImpl - network capabilities changed: 100, hasInternet: true, validated: true
05:31:05 [DefaultDispatcher-worker-2] BlockchainServiceImpl - acquiring check() mutex
05:31:05 [DefaultDispatcher-worker-2] BlockchainServiceImpl - check()
05:31:05 [DefaultDispatcher-worker-2] BlockchainServiceImpl - releasing check() mutex
05:31:08 [DefaultDispatcher-worker-4] BlockchainServiceImpl - network capabilities changed: 100, hasInternet: true, validated: true
05:31:08 [DefaultDispatcher-worker-4] BlockchainServiceImpl - acquiring check() mutex
05:31:08 [DefaultDispatcher-worker-4] BlockchainServiceImpl - check()
05:31:08 [DefaultDispatcher-worker-4] BlockchainServiceImpl - releasing check() mutex
05:31:14 [DefaultDispatcher-worker-6] BlockchainServiceImpl - network capabilities changed: 100, hasInternet: true, validated: true
05:31:14 [DefaultDispatcher-worker-6] BlockchainServiceImpl - acquiring check() mutex
05:31:14 [DefaultDispatcher-worker-6] BlockchainServiceImpl - check()
05:31:14 [DefaultDispatcher-worker-6] BlockchainServiceImpl - releasing check() mutex
05:31:17 [DefaultDispatcher-worker-6] BlockchainServiceImpl - network capabilities changed: 100, hasInternet: true, validated: true
05:31:17 [DefaultDispatcher-worker-6] BlockchainServiceImpl - acquiring check() mutex
05:31:17 [DefaultDispatcher-worker-6] BlockchainServiceImpl - check()
05:31:17 [DefaultDispatcher-worker-6] BlockchainServiceImpl - releasing check() mutex
05:31:21 [LLMQBackgroundThread] LLMQBackgroundThread - InstantSendManager:  pendingInstantSendLocks 0, DB: SPVISDB:  isLockCache:  1, txidCache: 1, outpointCache: 1, isLockHashHeight: 1
05:31:47 [DefaultDispatcher-worker-6] BlockchainServiceImpl - network capabilities changed: 100, hasInternet: true, validated: true
05:31:47 [DefaultDispatcher-worker-6] BlockchainServiceImpl - acquiring check() mutex
05:31:47 [DefaultDispatcher-worker-6] BlockchainServiceImpl - check()
05:31:47 [DefaultDispatcher-worker-6] BlockchainServiceImpl - releasing check() mutex
05:31:51 [DefaultDispatcher-worker-4] BlockchainServiceImpl - network capabilities changed: 100, hasInternet: true, validated: true
05:31:51 [DefaultDispatcher-worker-4] BlockchainServiceImpl - acquiring check() mutex
05:31:51 [DefaultDispatcher-worker-4] BlockchainServiceImpl - check()
05:31:51 [DefaultDispatcher-worker-4] BlockchainServiceImpl - releasing check() mutex
05:31:53 [dashj user thread] AbstractQuorumState - adding 1 block to the GetSimplifiedMasternodeListDiff pending queue of size: 0 : 1556553/00000018dbc14f29094a6fcf566b3bf711728263ae4e690bd9a6d45d7b359e05
05:31:53 [dashj user thread] AbstractQuorumState - requesting: next
05:31:53 [dashj user thread] AbstractQuorumState - download peer = Peer{[68.67.122.82]:19999, version=70240, subVer=/Dash Core:23.1.8(dcg-masternode-53)/, services=7237 (NETWORK, BLOOM, NETWORK_LIMITED, COMPACT_FILTERS, HEADERS_COMPRESSED, remaining: 1000001000000), time=2026-09-19 00:26:39, height=1556559}, but obtaining backup from peerGroup downloadPeer
05:31:53 [dashj user thread] AbstractQuorumState - backup download peer = Peer{[68.67.122.82]:19999, version=70240, subVer=/Dash Core:23.1.8(dcg-masternode-53)/, services=7237 (NETWORK, BLOOM, NETWORK_LIMITED, COMPACT_FILTERS, HEADERS_COMPRESSED, remaining: 1000001000000), time=2026-09-19 00:26:39, height=1556559}
05:31:53 [dashj user thread] AbstractQuorumState - handling next mnlistdiff: 1
05:31:53 [dashj user thread] AbstractQuorumState - sending GetSimplifiedMasternodeListDiff from 1556552 to 1556553; 
  From 00000054657299b4dcd90d6febfea2b6f9105d98a90ffe7018531a6ac35c743d
 To 00000018dbc14f29094a6fcf566b3bf711728263ae4e690bd9a6d45d7b359e05
05:31:53 [Wallet autosave thread] BLSJniLibrary - Initializing BLS JNI Library
05:31:53 [dashj user thread] AbstractQuorumState - sendMessageFuture cancel: GetSimplifiedMasternodeListDiff
05:31:53 [dashj user thread] BLSJniLibrary - Initializing BLS JNI Library
05:31:53 [dashj user thread] AbstractQuorumState - message = GetSimplifiedMasternodeListDiff{baseBlockHash=00000054657299b4dcd90d6febfea2b6f9105d98a90ffe7018531a6ac35c743d, blockHash=00000018dbc14f29094a6fcf566b3bf711728263ae4e690bd9a6d45d7b359e05}
05:31:53 [DefaultDispatcher-worker-1] CoinJoinMixingService - coinjoin: new block: 1556561
05:31:53 [DefaultDispatcher-worker-1] BLSJniLibrary - Initializing BLS JNI Library
05:31:53 [DefaultDispatcher-worker-1] CoinJoinMixingService - coinjoin: anonymizable balance 0.00 DASH, denominatedBalance: 0.00 DASH
05:31:53 [DefaultDispatcher-worker-6] MainViewModel - blockchain state update: mnlist=1556552; chain=1556561
05:31:53 [DefaultDispatcher-worker-1] CoinJoinMixingService - timing: denominatedBalance 179.0 μs
05:31:53 [DefaultDispatcher-worker-1] CoinJoinMixingService - timing: denominatedBalance 7.708 μs
05:31:53 [DefaultDispatcher-worker-1] CoinJoinMixingService - timing: coinJoinBalance 18.08 μs
05:31:53 [DefaultDispatcher-worker-1] CoinJoinMixingService - coinjoin: can mix balance: true = balance: (false && canDenominate: true) || partially-mixed: false
05:31:53 [NioClientManager] BlockchainServiceImpl - masternodeListDiffDownloaded:Received
05:31:53 [NioClientManager] QuorumState - processing requested mnlistdiff (headersFirst=false) between : 1556552 & 1556553; Simplified MNList Diff{ adding 0 and removing 0 masternodes while adding 0 and removing 0 quorums }
  00000054657299b4dcd90d6febfea2b6f9105d98a90ffe7018531a6ac35c743d -> 00000018dbc14f29094a6fcf566b3bf711728263ae4e690bd9a6d45d7b359e05 from Peer{[68.67.122.82]:19999, version=70240, subVer=/Dash Core:23.1.8(dcg-masternode-53)/, services=7237 (NETWORK, BLOOM, NETWORK_LIMITED, COMPACT_FILTERS, HEADERS_COMPRESSED, remaining: 1000001000000), time=2026-09-19 00:26:39, height=1556559}
05:31:53 [NioClientManager] QuorumState - lock acquired when processing mnlistdiff
05:31:53 [NioClientManager] QuorumState - applyDiff processing times: mn 40.54 μs; quorums: 35.71 μs
05:31:53 [NioClientManager] QuorumState - QuorumState{mnList=Simplified MN List(count: 373 height: 1556553), quorumList=SimplifiedQuorumList(count: 109; 1556553), mnListsCacheSize=1, quorumsCacheSize=1}
05:31:53 [NioClientManager] QuorumState - processing mnlistdiff times : Total: 247.0 μs mnList: 0.000 ns quorums: 0.000 ns mnlistdiff: Simplified MNList Diff{ adding 0 and removing 0 masternodes while adding 0 and removing 0 quorums }
  00000054657299b4dcd90d6febfea2b6f9105d98a90ffe7018531a6ac35c743d -> 00000018dbc14f29094a6fcf566b3bf711728263ae4e690bd9a6d45d7b359e05
05:31:53 [NioClientManager] QuorumState - QuorumState{mnList=Simplified MN List(count: 373 height: 1556553), quorumList=SimplifiedQuorumList(count: 109; 1556553), mnListsCacheSize=1, quorumsCacheSize=1}
05:31:53 [NioClientManager] AbstractQuorumState - download peer = Peer{[68.67.122.82]:19999, version=70240, subVer=/Dash Core:23.1.8(dcg-masternode-53)/, services=7237 (NETWORK, BLOOM, NETWORK_LIMITED, COMPACT_FILTERS, HEADERS_COMPRESSED, remaining: 1000001000000), time=2026-09-19 00:26:39, height=1556559}, but obtaining backup from peerGroup downloadPeer
05:31:53 [NioClientManager] AbstractQuorumState - backup download peer = Peer{[68.67.122.82]:19999, version=70240, subVer=/Dash Core:23.1.8(dcg-masternode-53)/, services=7237 (NETWORK, BLOOM, NETWORK_LIMITED, COMPACT_FILTERS, HEADERS_COMPRESSED, remaining: 1000001000000), time=2026-09-19 00:26:39, height=1556559}
05:31:53 [NioClientManager] AbstractQuorumState - handling next mnlistdiff: 0
05:31:53 [NioClientManager] AbstractQuorumState - There are no pending blocks to request: GetSimplifiedMasternodeListDiff{baseBlockHash=00000054657299b4dcd90d6febfea2b6f9105d98a90ffe7018531a6ac35c743d, blockHash=00000018dbc14f29094a6fcf566b3bf711728263ae4e690bd9a6d45d7b359e05}
05:31:53 [NioClientManager] BLSJniLibrary - Initializing BLS JNI Library
05:31:53 [AbstractManager autosave thread] BLSJniLibrary - Initializing BLS JNI Library
05:31:53 [AbstractManager autosave thread] ManagerFiles - Background saving manager
05:31:53 [AbstractManager autosave thread] FlatDB - Writing SimplifiedMasternodeListManager-5 to manager7072775198234099298.tmp...
05:31:53 [AbstractManager autosave thread] FlatDB - Written info to /data/user/0/hashengineering.darkcoin.wallet_test/app_masternode/manager7072775198234099298.tmp  8ms
05:31:53 [AbstractManager autosave thread] FlatDB -   SimplifiedMNListManager:  {tip:Simplified MN List(count: 373 height: 1556344), SimplifiedQuorumList(count: 109; 1556553), SimplifiedQuorumList(count: 32; 1556344), pending blocks: 0 / 0}
05:31:53 [AbstractManager autosave thread] FlatDB - manager7072775198234099298.tmp dump finished  8ms
05:31:53 [AbstractManager autosave thread] ManagerFiles - Save completed in 9.291 ms to /data/user/0/hashengineering.darkcoin.wallet_test/app_masternode/simplifiedmasternodelistmanager-testnet.dat
05:31:53 [NioClientManager] ChainLocksHandler - process chainlock: 9377290a9e97cb805b4d0e3f73f159db1ca44addb7d5a24f4ed35fa9a90f9237
05:31:53 [NioClientManager] SigningManager - signature was validated with Quorum(type=1, quorumHash=00000076b87206127b82f482e741df327a4a1b1682559c6894443efa55370361, qfc=FinalCommitment(version=3, llmqType=1, quorumHash=00000076b87206127b82f482e741df327a4a1b1682559c6894443efa55370361, signers=50, validMembers=50, quorumPublicKey=94796fb1860e22529d2dc8d733db54895fd242435d0e68f01b0485ca5c666357b52428474c76120b7ca035108c791159), msg: 0000006ab3366fd9befe9cf6573df416b8b913c244e02833b5342a531afacd0f, id: 7a8cc05b753378d103fb7b973897d0132678d9570ec524a453ebd35e778b4407, signHash: 1e2e76a2a15e83d77a39d23bc41e24f28211fc0420f88a8f03e6b514f862f763
05:31:53 [NioClientManager] SigningManager - dash-cli quorum selectquorum 1 7a8cc05b753378d103fb7b973897d0132678d9570ec524a453ebd35e778b4407
05:31:53 [NioClientManager] BLSJniLibrary - Initializing BLS JNI Library
05:31:53 [NioClientManager] ChainLocksHandler - enforceBestChainLock -- enforcing block 0000006ab3366fd9befe9cf6573df416b8b913c244e02833b5342a531afacd0f via CLSIG (ChainLockSignature{height=1556561, blockHash=0000006ab3366fd9befe9cf6573df416b8b913c244e02833b5342a531afacd0f, sig=ae187b0bd00ad432bd522b2d789f1464d4dd33c7e80eab30a17401222fc7d5a4bf41d7861b5672d3bc0c4fb4cfd88b660fa99c2e42849f402d9f53df12487e318c129f994ea5f92814f0246be0c5c83df91741737d97f0aaf9cbb7aa426501c7})
05:31:53 [dashj user thread] InstantSendManager - removed islock as it got fully confirmed -- txid=aa57902d1c5547d48cabe6d674babe10b728ab1262f6564bfcca1a6ec7b1bb33, islock=71456f9f11c9057caa5d8743ae40a0e2473701138ac6946324a744e892a8c4fd
05:31:53 [AbstractManager autosave thread] BLSJniLibrary - Initializing BLS JNI Library
05:31:53 [NioClientManager] ChainLocksHandler - processed new CLSIG (ChainLockSignature{height=1556561, blockHash=0000006ab3366fd9befe9cf6573df416b8b913c244e02833b5342a531afacd0f, sig=ae187b0bd00ad432bd522b2d789f1464d4dd33c7e80eab30a17401222fc7d5a4bf41d7861b5672d3bc0c4fb4cfd88b660fa99c2e42849f402d9f53df12487e318c129f994ea5f92814f0246be0c5c83df91741737d97f0aaf9cbb7aa426501c7}), peer=Peer{[68.67.122.78]:19999, version=70240, subVer=/Dash Core:23.1.8(dcg-masternode-49)/, services=7237 (NETWORK, BLOOM, NETWORK_LIMITED, COMPACT_FILTERS, HEADERS_COMPRESSED, remaining: 1000001000000), time=2026-09-19 00:26:39, height=1556559}
05:31:53 [DefaultDispatcher-worker-1] CoinJoinMixingService - coinjoin-state: NONE, 376 ms, true, CONNECTED, synced: true, true
05:31:53 [DefaultDispatcher-worker-1] CoinJoinMixingService - coinjoin-state-mixing: NOT_STARTED -> NOT_STARTED
05:31:53 [DefaultDispatcher-worker-1] BlockchainServiceImpl - tx aa57902d1c5547d48cabe6d674babe10b728ab1262f6564bfcca1a6ec7b1bb33; 2 == 2
05:31:53 [AbstractManager autosave thread] ManagerFiles - Background saving manager
05:31:53 [AbstractManager autosave thread] FlatDB - Writing ChainLocksHandler-1 to manager6298102100752364482.tmp...
05:31:53 [AbstractManager autosave thread] FlatDB - Written info to /data/user/0/hashengineering.darkcoin.wallet_test/app_masternode/manager6298102100752364482.tmp  0ms
05:31:53 [AbstractManager autosave thread] FlatDB -   ChainLocksHandler(9377290a9e97cb805b4d0e3f73f159db1ca44addb7d5a24f4ed35fa9a90f9237)
05:31:53 [AbstractManager autosave thread] FlatDB - manager6298102100752364482.tmp dump finished  0ms
05:31:53 [AbstractManager autosave thread] ManagerFiles - Save completed in 420.7 μs to /data/user/0/hashengineering.darkcoin.wallet_test/app_masternode/chainlockshandler-testnet.dat
05:31:58 [Wallet autosave thread] WalletFiles - Background saving wallet; last seen block is height 1556561, date 2026-09-19T05:31:23Z, hash 0000006ab3366fd9befe9cf6573df416b8b913c244e02833b5342a531afacd0f
05:31:58 [Wallet autosave thread] CoinJoinExtension - CoinJoinExtension serialization: 3ms total (keys:2ms[2006], cache:0ms[0], salt:0ms, io:1ms, size:208967bytes, buffer:64KB)
05:31:58 [Wallet autosave thread] WalletProtobufSerializer - walletToProto (serial=11) timing: 10ms total, init=0ms, tx=0ms[1], keys=0ms, scripts=0ms[0], metadata=0ms, ext=8ms, friendRecv=0ms, friendSend=0ms, build=0ms
05:31:58 [Wallet autosave thread] WalletProtobufSerializer - writeWallet timing: 9ms total (9ms/100% serialization, 0ms/0% I/O) buffer=8KB
05:31:58 [Wallet autosave thread] WalletFiles - Save completed in 11.70 ms (274262 bytes); /data/user/0/hashengineering.darkcoin.wallet_test/files/wallet-protobuf-testnet
05:32:00 [main] BlockchainServiceImpl - History of transactions/blocks/headers/mnlistdiff: 0/1/0/0, 0/1/0/0, 1/0/0/0, 0/0/0/0, 0/151119/63119/6
05:32:03 [quorum-state-QuorumState] AbstractQuorumState - sendMessageFuture check: last request received GetSimplifiedMasternodeListDiff
05:32:05 [main] SecurityGuard - loading security guard [healthy=true] with keys: [keystore_healthy, fallback_pin_wallet_password_key, primary_ui_pin_key, modern_encryption_migration_complete, fallback_mnemonic_wallet_password_key, primary_wallet_password_key, fallback_mnemonic_ui_pin_key]
05:32:05 [main] ModernEncryptionProvider - Decrypted data for alias: ui_pin_key
05:32:05 [main] BiometricHelper - No biometric credentials
05:32:07 [LLMQBackgroundThread] LLMQBackgroundThread - InstantSendManager:  pendingInstantSendLocks 0, DB: SPVISDB:  isLockCache:  0, txidCache: 0, outpointCache: 0, isLockHashHeight: 0
05:32:21 [main] WalletTransactionsFragment - STARTUP WalletTransactionsFragment.onViewCreated at 1789795941139
05:32:21 [main] WalletTransactionsFragment - STARTUP submitData called on thread=main at 1789795941140
05:32:21 [DefaultDispatcher-worker-5] BLSJniLibrary - Initializing BLS JNI Library
05:32:21 [main] HistoryHeaderAdapter - set invite, synced = true
05:32:21 [main] HistoryHeaderAdapter - set invite = null
05:32:21 [main] HistoryHeaderAdapter - set invite, synced = true
05:32:21 [main] WalletFragment - most recent transaction: aa57902d1c5547d48cabe6d674babe10b728ab1262f6564bfcca1a6ec7b1bb33
05:32:21 [main] WalletTransactionsFragment - STARTUP swapping to live adapter: 2 items at 1789795941198
05:32:40 [DefaultDispatcher-worker-4] WalletTransactionMetadataProvider - txmetadata for aa57902d1c5547d48cabe6d674babe10b728ab1262f6564bfcca1a6ec7b1bb33 exists, only do update
05:32:40 [DefaultDispatcher-worker-4] WalletTransactionMetadataProvider - metadata: TxOut of 1.00 DASH to yLRHLPYFiRXPQPm2CaD5AsifEfqpYbSRKo script:DUP HASH160 PUSHDATA(20)[011a8dc9c32f4ce55f8d34578bf142c92f9c20b6] EQUALVERIFY CHECKSIG
05:32:40 [DefaultDispatcher-worker-4] WalletTransactionMetadataProvider - metadata: TxOut of 2.9999955 DASH to yPrynRN6ViX2rCcRL5SoSi8ntcWgdHSEaS script:DUP HASH160 PUSHDATA(20)[26df1860ef5c819a6af08533db64a026bd840756] EQUALVERIFY CHECKSIG
05:32:53 [main] WalletTransactionMetadataProvider - metadata: TxOut of 1.00 DASH to yLRHLPYFiRXPQPm2CaD5AsifEfqpYbSRKo script:DUP HASH160 PUSHDATA(20)[011a8dc9c32f4ce55f8d34578bf142c92f9c20b6] EQUALVERIFY CHECKSIG
05:32:53 [main] WalletTransactionMetadataProvider - metadata: TxOut of 2.9999955 DASH to yPrynRN6ViX2rCcRL5SoSi8ntcWgdHSEaS script:DUP HASH160 PUSHDATA(20)[26df1860ef5c819a6af08533db64a026bd840756] EQUALVERIFY CHECKSIG
05:32:56 [LLMQBackgroundThread] LLMQBackgroundThread - InstantSendManager:  pendingInstantSendLocks 0, DB: SPVISDB:  isLockCache:  0, txidCache: 0, outpointCache: 0, isLockHashHeight: 0
05:33:00 [main] BlockchainServiceImpl - History of transactions/blocks/headers/mnlistdiff: 0/0/0/0, 0/1/0/0, 0/1/0/0, 1/0/0/0, 0/0/0/0, 0/151119/63119/6
05:33:12 [main] WalletTransactionMetadataProvider - txmetadata for aa57902d1c5547d48cabe6d674babe10b728ab1262f6564bfcca1a6ec7b1bb33 exists, only do update
05:33:12 [DefaultDispatcher-worker-3] WalletTransactionMetadataProvider - metadata: TxOut of 1.00 DASH to yLRHLPYFiRXPQPm2CaD5AsifEfqpYbSRKo script:DUP HASH160 PUSHDATA(20)[011a8dc9c32f4ce55f8d34578bf142c92f9c20b6] EQUALVERIFY CHECKSIG
05:33:12 [main] WalletTransactionMetadataProvider - saving to cache: true = saving: false && current: Sat Sep 19 00:33:12 CDT 2026 > safe after: Wed Dec 31 18:00:00 CST 1969
05:33:12 [DefaultDispatcher-worker-6] WalletTransactionMetadataProvider - metadata: TxOut of 2.9999955 DASH to yPrynRN6ViX2rCcRL5SoSi8ntcWgdHSEaS script:DUP HASH160 PUSHDATA(20)[26df1860ef5c819a6af08533db64a026bd840756] EQUALVERIFY CHECKSIG
05:33:12 [main] WalletTransactionsFragment - STARTUP submitData called on thread=main at 1789795992603
05:33:36 [DefaultDispatcher-worker-4] BlockchainServiceImpl - network capabilities changed: 100, hasInternet: true, validated: true
05:33:36 [DefaultDispatcher-worker-4] BlockchainServiceImpl - acquiring check() mutex
05:33:36 [DefaultDispatcher-worker-4] BlockchainServiceImpl - check()
05:33:36 [DefaultDispatcher-worker-4] BlockchainServiceImpl - releasing check() mutex
05:33:39 [DefaultDispatcher-worker-2] BlockchainServiceImpl - network capabilities changed: 100, hasInternet: true, validated: true
05:33:39 [DefaultDispatcher-worker-2] BlockchainServiceImpl - acquiring check() mutex
05:33:39 [DefaultDispatcher-worker-2] BlockchainServiceImpl - check()
05:33:39 [DefaultDispatcher-worker-2] BlockchainServiceImpl - releasing check() mutex
05:33:43 [LLMQBackgroundThread] LLMQBackgroundThread - InstantSendManager:  pendingInstantSendLocks 0, DB: SPVISDB:  isLockCache:  0, txidCache: 0, outpointCache: 0, isLockHashHeight: 0
05:33:45 [main] BlockchainIdentityData - creation: BlockchainIdentityData(NONE, null, null, null, null, null)
05:33:45 [DefaultDispatcher-worker-3] BLSJniLibrary - Initializing BLS JNI Library
05:34:00 [main] BlockchainServiceImpl - History of transactions/blocks/headers/mnlistdiff: 0/0/0/0, 0/0/0/0, 0/1/0/0, 0/1/0/0, 1/0/0/0, 0/0/0/0, 0/151119/63119/6
05:34:05 [main] BlockchainIdentityData - creation: BlockchainIdentityData(NONE, null, null, null, null, null)
05:34:17 [main] DashPaymentIntentParser - network parameters = org.darkcoin.test
05:34:31 [LLMQBackgroundThread] LLMQBackgroundThread - InstantSendManager:  pendingInstantSendLocks 0, DB: SPVISDB:  isLockCache:  0, txidCache: 0, outpointCache: 0, isLockHashHeight: 0
05:34:33 [DefaultDispatcher-worker-6] BlockchainServiceImpl - network available: 101, hasInternet: true, validated: true, type: Cellular
05:34:33 [DefaultDispatcher-worker-6] BlockchainServiceImpl - acquiring check() mutex
05:34:33 [DefaultDispatcher-worker-6] BlockchainServiceImpl - check()
05:34:33 [DefaultDispatcher-worker-6] BlockchainServiceImpl - releasing check() mutex
05:34:33 [DefaultDispatcher-worker-6] BlockchainServiceImpl - network capabilities changed: 101, hasInternet: true, validated: true
05:34:33 [DefaultDispatcher-worker-6] BlockchainServiceImpl - acquiring check() mutex
05:34:33 [DefaultDispatcher-worker-6] BlockchainServiceImpl - check()
05:34:33 [DefaultDispatcher-worker-6] BlockchainServiceImpl - releasing check() mutex
05:34:37 [DefaultDispatcher-worker-4] BlockchainServiceImpl - network capabilities changed: 100, hasInternet: true, validated: true
05:34:37 [DefaultDispatcher-worker-4] BlockchainServiceImpl - acquiring check() mutex
05:34:37 [DefaultDispatcher-worker-4] BlockchainServiceImpl - check()
05:34:37 [DefaultDispatcher-worker-4] BlockchainServiceImpl - releasing check() mutex
05:34:40 [DefaultDispatcher-worker-1] BlockchainServiceImpl - network capabilities changed: 100, hasInternet: true, validated: true
05:34:40 [DefaultDispatcher-worker-1] BlockchainServiceImpl - acquiring check() mutex
05:34:40 [DefaultDispatcher-worker-1] BlockchainServiceImpl - check()
05:34:40 [DefaultDispatcher-worker-1] BlockchainServiceImpl - releasing check() mutex
05:34:40 [main] WalletActivityTracker - activity lifecycle: current: MainActivity, activities: 1 visible: 1 foreground: 0
05:34:40 [DefaultDispatcher-worker-1] BLSJniLibrary - Initializing BLS JNI Library
05:34:40 [main] WalletActivityTracker - activity lifecycle: activity SendCoinsActivity created
05:34:40 [main] WalletActivityTracker - activity lifecycle: current: SendCoinsActivity, activities: 2 visible: 1 foreground: 0
05:34:40 [main] SecurityGuard - loading security guard [healthy=true] with keys: [keystore_healthy, fallback_pin_wallet_password_key, primary_ui_pin_key, modern_encryption_migration_complete, fallback_mnemonic_wallet_password_key, primary_wallet_password_key, fallback_mnemonic_ui_pin_key]
05:34:40 [main] SecurityGuard - loading security guard [healthy=true] with keys: [keystore_healthy, fallback_pin_wallet_password_key, primary_ui_pin_key, modern_encryption_migration_complete, fallback_mnemonic_wallet_password_key, primary_wallet_password_key, fallback_mnemonic_ui_pin_key]
05:34:40 [main] ModernEncryptionProvider - Decrypted data for alias: wallet_password_key
05:34:40 [main] ModernEncryptionProvider - Decrypted data for alias: ui_pin_key
05:34:40 [main] WalletActivityTracker - activity lifecycle: current: SendCoinsActivity, activities: 2 visible: 2 foreground: 0
05:34:40 [main] DashPaymentIntentParser - network parameters = org.darkcoin.test
05:34:40 [DefaultDispatcher-worker-3] BLSJniLibrary - Initializing BLS JNI Library
05:34:40 [DefaultDispatcher-worker-3] WalletBalanceObserver - process emit balance time: 0 ms, selector MaxOutputAmountCoinSelector
05:34:40 [main] SendCoinsViewModel - got PaymentIntent[null,[Output[null,Xbx6nLDkyZuCf9osP7EiDYPpx4jGFLZrb4]],null]
05:34:40 [DefaultDispatcher-worker-3] Constants - --> GET https://rates.ctx.com/rates?source=ctx
05:34:40 [main] AmountView - Exchange rate is not initialized
05:34:40 [main] AmountView - Exchange rate is not initialized
05:34:40 [main] SendCoinsFragment - enterAmountViewModel.blockContinue = true, viewModel.dryRunSuccessful.value = false
05:34:40 [main] SendCoinsFragment - enterAmountViewModel.blockContinue = true, viewModel.dryRunSuccessful.value = false
05:34:40 [main] SecurityGuard - loading security guard [healthy=true] with keys: [keystore_healthy, fallback_pin_wallet_password_key, primary_ui_pin_key, modern_encryption_migration_complete, fallback_mnemonic_wallet_password_key, primary_wallet_password_key, fallback_mnemonic_ui_pin_key]
05:34:40 [main] SecurityGuard - loading security guard [healthy=true] with keys: [keystore_healthy, fallback_pin_wallet_password_key, primary_ui_pin_key, modern_encryption_migration_complete, fallback_mnemonic_wallet_password_key, primary_wallet_password_key, fallback_mnemonic_ui_pin_key]
05:34:40 [main] LockScreenActivity - show lock screen false = ![keepUnlocked=false] && autologout=true && (keepUnlockedUntilPenEntered=false || shouldLogout=false) || isHealthy=true
05:34:40 [main] WalletActivityTracker - activity lifecycle: current: SendCoinsActivity, activities: 2 visible: 2 foreground: 1
05:34:40 [main] BlockchainServiceImpl - .onStartCommand(Intent { cmp=hashengineering.darkcoin.wallet_test/de.schildbach.wallet.service.BlockchainServiceImpl })
05:34:40 [DefaultDispatcher-worker-2] BlockchainServiceImpl - onStartCommand waiting for onCreate to complete...
05:34:40 [DefaultDispatcher-worker-2] BlockchainServiceImpl - onCreate completed, processing onStartCommand
05:34:40 [DefaultDispatcher-worker-2] BLSJniLibrary - Initializing BLS JNI Library
05:34:40 [DefaultDispatcher-worker-2] BlockchainServiceImpl - service start command: Intent { cmp=hashengineering.darkcoin.wallet_test/de.schildbach.wallet.service.BlockchainServiceImpl }
05:34:40 [DefaultDispatcher-worker-2] BlockchainServiceImpl - .onStartCommand(Intent { cmp=hashengineering.darkcoin.wallet_test/de.schildbach.wallet.service.BlockchainServiceImpl }) finished
05:34:40 [main] SendCoinsViewModel - proceeding with PaymentIntent[null,[Output[null,Xbx6nLDkyZuCf9osP7EiDYPpx4jGFLZrb4]],null]
05:34:40 [main] SendCoinsFragment - enterAmountViewModel.blockContinue = true, viewModel.dryRunSuccessful.value = false
05:34:40 [main] BlockchainServiceImpl - .onStartCommand(Intent { cmp=hashengineering.darkcoin.wallet_test/de.schildbach.wallet.service.BlockchainServiceImpl })
05:34:40 [DefaultDispatcher-worker-4] BlockchainServiceImpl - onStartCommand waiting for onCreate to complete...
05:34:40 [DefaultDispatcher-worker-4] BlockchainServiceImpl - onCreate completed, processing onStartCommand
05:34:40 [DefaultDispatcher-worker-4] BLSJniLibrary - Initializing BLS JNI Library
05:34:40 [DefaultDispatcher-worker-4] BlockchainServiceImpl - service start command: Intent { cmp=hashengineering.darkcoin.wallet_test/de.schildbach.wallet.service.BlockchainServiceImpl }
05:34:40 [DefaultDispatcher-worker-4] BlockchainServiceImpl - .onStartCommand(Intent { cmp=hashengineering.darkcoin.wallet_test/de.schildbach.wallet.service.BlockchainServiceImpl }) finished
05:34:40 [main] SendCoinsFragment - enterAmountViewModel.blockContinue = true, viewModel.dryRunSuccessful.value = false
05:34:40 [main] SendCoinsFragment - enterAmountViewModel.blockContinue = true, viewModel.dryRunSuccessful.value = false
05:34:40 [main] WalletActivityTracker - activity lifecycle: current: MainActivity, activities: 2 visible: 1 foreground: 1
05:34:40 [main] SendCoinsFragment - enterAmountViewModel.blockContinue = true, viewModel.dryRunSuccessful.value = false
05:34:41 [DefaultDispatcher-worker-3] Constants - <-- 200 https://rates.ctx.com/rates?source=ctx (241ms, unknown-length body)
05:34:41 [DefaultDispatcher-worker-1] ExchangeRatesRepository - exchange rates updated successfully with de.schildbach.wallet.rates.DashRetailClient@6fd60bc
05:34:41 [DefaultDispatcher-worker-1] ExchangeRatesRepository - updateTrigger
05:34:46 [dashj user thread] AbstractQuorumState - adding 1 block to the GetSimplifiedMasternodeListDiff pending queue of size: 0 : 1556554/000000395cd34f77bcdd3871e68bdc69f9702a58b6f206454ebcc3496ad38f9f
05:34:46 [Wallet autosave thread] BLSJniLibrary - Initializing BLS JNI Library
05:34:46 [dashj user thread] AbstractQuorumState - requesting: next
05:34:46 [dashj user thread] AbstractQuorumState - download peer = Peer{[68.67.122.82]:19999, version=70240, subVer=/Dash Core:23.1.8(dcg-masternode-53)/, services=7237 (NETWORK, BLOOM, NETWORK_LIMITED, COMPACT_FILTERS, HEADERS_COMPRESSED, remaining: 1000001000000), time=2026-09-19 00:26:39, height=1556559}, but obtaining backup from peerGroup downloadPeer
05:34:46 [dashj user thread] AbstractQuorumState - backup download peer = Peer{[68.67.122.82]:19999, version=70240, subVer=/Dash Core:23.1.8(dcg-masternode-53)/, services=7237 (NETWORK, BLOOM, NETWORK_LIMITED, COMPACT_FILTERS, HEADERS_COMPRESSED, remaining: 1000001000000), time=2026-09-19 00:26:39, height=1556559}
05:34:46 [dashj user thread] AbstractQuorumState - handling next mnlistdiff: 1
05:34:46 [dashj user thread] AbstractQuorumState - sending GetSimplifiedMasternodeListDiff from 1556553 to 1556554; 
  From 00000018dbc14f29094a6fcf566b3bf711728263ae4e690bd9a6d45d7b359e05
 To 000000395cd34f77bcdd3871e68bdc69f9702a58b6f206454ebcc3496ad38f9f
05:34:46 [dashj user thread] AbstractQuorumState - sendMessageFuture cancel: GetSimplifiedMasternodeListDiff
05:34:46 [dashj user thread] BLSJniLibrary - Initializing BLS JNI Library
05:34:46 [dashj user thread] AbstractQuorumState - message = GetSimplifiedMasternodeListDiff{baseBlockHash=00000018dbc14f29094a6fcf566b3bf711728263ae4e690bd9a6d45d7b359e05, blockHash=000000395cd34f77bcdd3871e68bdc69f9702a58b6f206454ebcc3496ad38f9f}
05:34:46 [DefaultDispatcher-worker-7] CoinJoinMixingService - coinjoin: new block: 1556562
05:34:46 [DefaultDispatcher-worker-7] BLSJniLibrary - Initializing BLS JNI Library
05:34:46 [DefaultDispatcher-worker-7] CoinJoinMixingService - coinjoin: anonymizable balance 0.00 DASH, denominatedBalance: 0.00 DASH
05:34:46 [DefaultDispatcher-worker-5] MainViewModel - blockchain state update: mnlist=1556553; chain=1556562
05:34:46 [DefaultDispatcher-worker-7] CoinJoinMixingService - timing: denominatedBalance 51.63 μs
05:34:46 [DefaultDispatcher-worker-7] CoinJoinMixingService - timing: denominatedBalance 4.917 μs
05:34:46 [DefaultDispatcher-worker-7] CoinJoinMixingService - timing: coinJoinBalance 16.08 μs
05:34:46 [DefaultDispatcher-worker-7] CoinJoinMixingService - coinjoin: can mix balance: true = balance: (false && canDenominate: true) || partially-mixed: false
05:34:46 [main] SendCoinsFragment - enterAmountViewModel.blockContinue = true, viewModel.dryRunSuccessful.value = false
05:34:46 [NioClientManager] BlockchainServiceImpl - masternodeListDiffDownloaded:Received
05:34:46 [NioClientManager] QuorumState - processing requested mnlistdiff (headersFirst=false) between : 1556553 & 1556554; Simplified MNList Diff{ adding 0 and removing 0 masternodes while adding 0 and removing 0 quorums }
  00000018dbc14f29094a6fcf566b3bf711728263ae4e690bd9a6d45d7b359e05 -> 000000395cd34f77bcdd3871e68bdc69f9702a58b6f206454ebcc3496ad38f9f from Peer{[68.67.122.82]:19999, version=70240, subVer=/Dash Core:23.1.8(dcg-masternode-53)/, services=7237 (NETWORK, BLOOM, NETWORK_LIMITED, COMPACT_FILTERS, HEADERS_COMPRESSED, remaining: 1000001000000), time=2026-09-19 00:26:39, height=1556559}
05:34:46 [NioClientManager] QuorumState - lock acquired when processing mnlistdiff
05:34:46 [NioClientManager] QuorumState - applyDiff processing times: mn 49.04 μs; quorums: 52.04 μs
05:34:46 [NioClientManager] QuorumState - QuorumState{mnList=Simplified MN List(count: 373 height: 1556554), quorumList=SimplifiedQuorumList(count: 109; 1556554), mnListsCacheSize=1, quorumsCacheSize=1}
05:34:46 [NioClientManager] QuorumState - processing mnlistdiff times : Total: 282.8 μs mnList: 0.000 ns quorums: 0.000 ns mnlistdiff: Simplified MNList Diff{ adding 0 and removing 0 masternodes while adding 0 and removing 0 quorums }
  00000018dbc14f29094a6fcf566b3bf711728263ae4e690bd9a6d45d7b359e05 -> 000000395cd34f77bcdd3871e68bdc69f9702a58b6f206454ebcc3496ad38f9f
05:34:46 [NioClientManager] QuorumState - QuorumState{mnList=Simplified MN List(count: 373 height: 1556554), quorumList=SimplifiedQuorumList(count: 109; 1556554), mnListsCacheSize=1, quorumsCacheSize=1}
05:34:46 [NioClientManager] AbstractQuorumState - download peer = Peer{[68.67.122.82]:19999, version=70240, subVer=/Dash Core:23.1.8(dcg-masternode-53)/, services=7237 (NETWORK, BLOOM, NETWORK_LIMITED, COMPACT_FILTERS, HEADERS_COMPRESSED, remaining: 1000001000000), time=2026-09-19 00:26:39, height=1556559}, but obtaining backup from peerGroup downloadPeer
05:34:46 [NioClientManager] AbstractQuorumState - backup download peer = Peer{[68.67.122.82]:19999, version=70240, subVer=/Dash Core:23.1.8(dcg-masternode-53)/, services=7237 (NETWORK, BLOOM, NETWORK_LIMITED, COMPACT_FILTERS, HEADERS_COMPRESSED, remaining: 1000001000000), time=2026-09-19 00:26:39, height=1556559}
05:34:46 [NioClientManager] AbstractQuorumState - handling next mnlistdiff: 0
05:34:46 [NioClientManager] AbstractQuorumState - There are no pending blocks to request: GetSimplifiedMasternodeListDiff{baseBlockHash=00000018dbc14f29094a6fcf566b3bf711728263ae4e690bd9a6d45d7b359e05, blockHash=000000395cd34f77bcdd3871e68bdc69f9702a58b6f206454ebcc3496ad38f9f}
05:34:46 [NioClientManager] BLSJniLibrary - Initializing BLS JNI Library
05:34:46 [AbstractManager autosave thread] BLSJniLibrary - Initializing BLS JNI Library
05:34:46 [AbstractManager autosave thread] ManagerFiles - Background saving manager
05:34:46 [AbstractManager autosave thread] FlatDB - Writing SimplifiedMasternodeListManager-5 to manager7548603136906054265.tmp...
05:34:46 [AbstractManager autosave thread] FlatDB - Written info to /data/user/0/hashengineering.darkcoin.wallet_test/app_masternode/manager7548603136906054265.tmp  10ms
05:34:46 [AbstractManager autosave thread] FlatDB -   SimplifiedMNListManager:  {tip:Simplified MN List(count: 373 height: 1556344), SimplifiedQuorumList(count: 109; 1556554), SimplifiedQuorumList(count: 32; 1556344), pending blocks: 0 / 0}
05:34:46 [AbstractManager autosave thread] FlatDB - manager7548603136906054265.tmp dump finished  10ms
05:34:46 [AbstractManager autosave thread] ManagerFiles - Save completed in 11.21 ms to /data/user/0/hashengineering.darkcoin.wallet_test/app_masternode/simplifiedmasternodelistmanager-testnet.dat
05:34:46 [NioClientManager] ChainLocksHandler - process chainlock: 73b76d9ad331481c7c44544f74c68e6b96f99725f48a0b9f056855e1c04bc661
05:34:46 [NioClientManager] SigningManager - signature was validated with Quorum(type=1, quorumHash=00000076b87206127b82f482e741df327a4a1b1682559c6894443efa55370361, qfc=FinalCommitment(version=3, llmqType=1, quorumHash=00000076b87206127b82f482e741df327a4a1b1682559c6894443efa55370361, signers=50, validMembers=50, quorumPublicKey=94796fb1860e22529d2dc8d733db54895fd242435d0e68f01b0485ca5c666357b52428474c76120b7ca035108c791159), msg: 0000002edb614196ae1d0eb908fab026ff3a10837772afd207aa0792cf4d97ea, id: 118ae17ce7dabf5b20c0142720d1d24d45a812c773ccde9138f447c0ac912105, signHash: ec0b339c83fb412a2a2162aeffb77cdbadbaa2563a06344114974341e8f04f0a
05:34:46 [NioClientManager] SigningManager - dash-cli quorum selectquorum 1 118ae17ce7dabf5b20c0142720d1d24d45a812c773ccde9138f447c0ac912105
05:34:46 [NioClientManager] BLSJniLibrary - Initializing BLS JNI Library
05:34:46 [NioClientManager] ChainLocksHandler - enforceBestChainLock -- enforcing block 0000002edb614196ae1d0eb908fab026ff3a10837772afd207aa0792cf4d97ea via CLSIG (ChainLockSignature{height=1556562, blockHash=0000002edb614196ae1d0eb908fab026ff3a10837772afd207aa0792cf4d97ea, sig=9627ff94563fc664b123a4f7795dc923a6d599fb9dddd43fae62b007ffccad06f9b177cb62b50f412c69a4b886695c0402568c597b0258886b9aa7814ad37573c1374ba9c785c78f3a288c88d6d1a4b95351284c5c4d0a5e5625d908e5ab7f17})
05:34:46 [AbstractManager autosave thread] BLSJniLibrary - Initializing BLS JNI Library
05:34:46 [NioClientManager] ChainLocksHandler - processed new CLSIG (ChainLockSignature{height=1556562, blockHash=0000002edb614196ae1d0eb908fab026ff3a10837772afd207aa0792cf4d97ea, sig=9627ff94563fc664b123a4f7795dc923a6d599fb9dddd43fae62b007ffccad06f9b177cb62b50f412c69a4b886695c0402568c597b0258886b9aa7814ad37573c1374ba9c785c78f3a288c88d6d1a4b95351284c5c4d0a5e5625d908e5ab7f17}), peer=Peer{[68.67.122.80]:19999, version=70240, subVer=/Dash Core:23.1.8(dcg-masternode-51)/, services=7237 (NETWORK, BLOOM, NETWORK_LIMITED, COMPACT_FILTERS, HEADERS_COMPRESSED, remaining: 1000001000000), time=2026-09-19 00:26:39, height=1556559}
05:34:46 [AbstractManager autosave thread] ManagerFiles - Background saving manager
05:34:46 [AbstractManager autosave thread] FlatDB - Writing ChainLocksHandler-1 to manager6201765589964372697.tmp...
05:34:46 [AbstractManager autosave thread] FlatDB - Written info to /data/user/0/hashengineering.darkcoin.wallet_test/app_masternode/manager6201765589964372697.tmp  0ms
05:34:46 [AbstractManager autosave thread] FlatDB -   ChainLocksHandler(73b76d9ad331481c7c44544f74c68e6b96f99725f48a0b9f056855e1c04bc661)
05:34:46 [AbstractManager autosave thread] FlatDB - manager6201765589964372697.tmp dump finished  0ms
05:34:46 [AbstractManager autosave thread] ManagerFiles - Save completed in 734.7 μs to /data/user/0/hashengineering.darkcoin.wallet_test/app_masternode/chainlockshandler-testnet.dat
05:34:46 [DefaultDispatcher-worker-7] CoinJoinMixingService - coinjoin-state: NONE, 785 ms, true, CONNECTED, synced: true, true
05:34:46 [DefaultDispatcher-worker-7] CoinJoinMixingService - coinjoin-state-mixing: NOT_STARTED -> NOT_STARTED
05:34:47 [DefaultDispatcher-worker-5] BlockchainServiceImpl - tx aa57902d1c5547d48cabe6d674babe10b728ab1262f6564bfcca1a6ec7b1bb33; 3 == 3
05:34:49 [DefaultDispatcher-worker-5] BlockchainServiceImpl - network capabilities changed: 100, hasInternet: true, validated: true
05:34:49 [DefaultDispatcher-worker-6] BlockchainServiceImpl - acquiring check() mutex
05:34:49 [DefaultDispatcher-worker-6] BlockchainServiceImpl - check()
05:34:49 [DefaultDispatcher-worker-6] BlockchainServiceImpl - releasing check() mutex
05:34:49 [main] SendCoinsFragment - enterAmountViewModel.blockContinue = true, viewModel.dryRunSuccessful.value = false
05:34:51 [Wallet autosave thread] WalletFiles - Background saving wallet; last seen block is height 1556562, date 2026-09-19T05:31:52Z, hash 0000002edb614196ae1d0eb908fab026ff3a10837772afd207aa0792cf4d97ea
05:34:51 [Wallet autosave thread] CoinJoinExtension - CoinJoinExtension serialization: 4ms total (keys:2ms[2006], cache:0ms[0], salt:0ms, io:1ms, size:208967bytes, buffer:64KB)
05:34:51 [Wallet autosave thread] WalletProtobufSerializer - walletToProto (serial=11) timing: 12ms total, init=0ms, tx=0ms[1], keys=0ms, scripts=0ms[0], metadata=0ms, ext=10ms, friendRecv=0ms, friendSend=0ms, build=0ms
05:34:51 [Wallet autosave thread] WalletProtobufSerializer - writeWallet timing: 11ms total (11ms/100% serialization, 0ms/0% I/O) buffer=8KB
05:34:51 [Wallet autosave thread] WalletFiles - Save completed in 14.69 ms (274262 bytes); /data/user/0/hashengineering.darkcoin.wallet_test/files/wallet-protobuf-testnet
05:34:52 [DefaultDispatcher-worker-6] BlockchainServiceImpl - network capabilities changed: 100, hasInternet: true, validated: true
05:34:52 [DefaultDispatcher-worker-6] BlockchainServiceImpl - acquiring check() mutex
05:34:52 [DefaultDispatcher-worker-6] BlockchainServiceImpl - check()
05:34:52 [DefaultDispatcher-worker-6] BlockchainServiceImpl - releasing check() mutex
05:34:52 [main] SendCoinsFragment - enterAmountViewModel.blockContinue = true, viewModel.dryRunSuccessful.value = false
05:34:55 [DefaultDispatcher-worker-7] BlockchainServiceImpl - network capabilities changed: 100, hasInternet: true, validated: true
05:34:55 [DefaultDispatcher-worker-7] BlockchainServiceImpl - acquiring check() mutex
05:34:55 [DefaultDispatcher-worker-7] BlockchainServiceImpl - check()
05:34:55 [DefaultDispatcher-worker-7] BlockchainServiceImpl - releasing check() mutex
05:34:55 [main] SendCoinsFragment - enterAmountViewModel.blockContinue = true, viewModel.dryRunSuccessful.value = false
05:34:56 [quorum-state-QuorumState] AbstractQuorumState - sendMessageFuture check: last request received GetSimplifiedMasternodeListDiff
05:34:58 [DefaultDispatcher-worker-5] BlockchainServiceImpl - network capabilities changed: 100, hasInternet: true, validated: true
05:34:58 [DefaultDispatcher-worker-5] BlockchainServiceImpl - acquiring check() mutex
05:34:58 [DefaultDispatcher-worker-5] BlockchainServiceImpl - check()
05:34:58 [DefaultDispatcher-worker-5] BlockchainServiceImpl - releasing check() mutex
05:34:58 [main] SendCoinsFragment - enterAmountViewModel.blockContinue = true, viewModel.dryRunSuccessful.value = false
05:35:00 [main] BlockchainServiceImpl - History of transactions/blocks/headers/mnlistdiff: 0/1/0/0, 0/0/0/0, 0/0/0/0, 0/1/0/0, 0/1/0/0, 1/0/0/0, 0/0/0/0, 0/151119/63119/6
05:35:01 [DefaultDispatcher-worker-7] BlockchainServiceImpl - network capabilities changed: 100, hasInternet: true, validated: true
05:35:01 [DefaultDispatcher-worker-7] BlockchainServiceImpl - acquiring check() mutex
05:35:01 [DefaultDispatcher-worker-7] BlockchainServiceImpl - check()
05:35:01 [DefaultDispatcher-worker-7] BlockchainServiceImpl - releasing check() mutex
05:35:01 [main] SendCoinsFragment - enterAmountViewModel.blockContinue = true, viewModel.dryRunSuccessful.value = false
05:35:04 [DefaultDispatcher-worker-5] BlockchainServiceImpl - network capabilities changed: 100, hasInternet: true, validated: true
05:35:04 [DefaultDispatcher-worker-5] BlockchainServiceImpl - acquiring check() mutex
05:35:04 [DefaultDispatcher-worker-5] BlockchainServiceImpl - check()
05:35:04 [DefaultDispatcher-worker-5] BlockchainServiceImpl - releasing check() mutex
05:35:04 [main] SendCoinsFragment - enterAmountViewModel.blockContinue = true, viewModel.dryRunSuccessful.value = false
05:35:13 [DefaultDispatcher-worker-7] SendCoinsViewModel - executeDryRun started
05:35:13 [DefaultDispatcher-worker-7] BLSJniLibrary - Initializing BLS JNI Library
05:35:13 [DefaultDispatcher-worker-7] BLSJniLibrary - Initializing BLS JNI Library
05:35:13 [DefaultDispatcher-worker-7] BLSJniLibrary - Initializing BLS JNI Library
05:35:13 [DefaultDispatcher-worker-7] SecurityGuard - loading security guard [healthy=true] with keys: [keystore_healthy, fallback_pin_wallet_password_key, primary_ui_pin_key, modern_encryption_migration_complete, fallback_mnemonic_wallet_password_key, primary_wallet_password_key, fallback_mnemonic_ui_pin_key]
05:35:13 [DefaultDispatcher-worker-7] ModernEncryptionProvider - Decrypted data for alias: wallet_password_key
05:35:13 [DefaultDispatcher-worker-7] KeyCrypterScrypt - Deriving key took 114.4 ms for N=65536, r=8, p=1.
05:35:13 [DefaultDispatcher-worker-7] Wallet - Completing send tx with 1 outputs totalling 0.05 DASH and a fee of 0.00001 DASH/kB
05:35:13 [DefaultDispatcher-worker-7] Wallet -   with 0.94999773 DASH change
05:35:13 [DefaultDispatcher-worker-7] Wallet -   completed: Transaction{1a1dac75452c890f0c976a000315cfd96a702feded36e2d57f7828340c3a330a
purpose: USER_PAYMENT
   in   PUSHDATA(71)[30440220510a554215931f67974c54fd4d1546d38afb3e33d980d9e1b3d665f656863c1102206f9b4b3b6c52e9126ed01382c241cdf0972125fd837fb4bfe3888d7d2107af9c01] PUSHDATA(33)[03de5fdf64c87a72f7e825d59036ef323ca06c634a3c346bfb08f31061127b9bea]  1.00 DASH
        P2PKH addr:yLRHLPYFiRXPQPm2CaD5AsifEfqpYbSRKo  outpoint:aa57902d1c5547d48cabe6d674babe10b728ab1262f6564bfcca1a6ec7b1bb33:0
   out  DUP HASH160 PUSHDATA(20)[0ddad833844a886ab85ed9959c90079998ed7c92] EQUALVERIFY CHECKSIG  0.05 DASH
        P2PKH addr:yMahoHJCR7ZGztjQwxZ7FZpBEMDdnTpRjh
   out  DUP HASH160 PUSHDATA(20)[d8e144e26103cecc0f7496b785c72f65f5131fb6] EQUALVERIFY CHECKSIG  0.94999773 DASH
        P2PKH addr:yg6CfcF5yBA9eNaJGgrczqEGLxcAAyJiSq
   fee  0.00001008 DASH/kB, 0.00000227 DASH for 225 bytes
}
05:35:13 [DefaultDispatcher-worker-7] BLSJniLibrary - Initializing BLS JNI Library
05:35:13 [DefaultDispatcher-worker-7] SendCoinsViewModel -   start completeTx
05:35:13 [DefaultDispatcher-worker-7] Wallet - Completing send tx with 1 outputs totalling 0.05 DASH and a fee of 0.00001 DASH/kB
05:35:13 [DefaultDispatcher-worker-7] Wallet -   with 0.94999773 DASH change
05:35:13 [DefaultDispatcher-worker-7] Wallet -   completed: Transaction{267b6ddfa21dd4ead607b2d55eaac631149605fe90d5553527d63186c620c1fa
purpose: USER_PAYMENT
   in   <empty>  1.00 DASH
        P2PKH addr:yLRHLPYFiRXPQPm2CaD5AsifEfqpYbSRKo  outpoint:aa57902d1c5547d48cabe6d674babe10b728ab1262f6564bfcca1a6ec7b1bb33:0
   out  DUP HASH160 PUSHDATA(20)[0ddad833844a886ab85ed9959c90079998ed7c92] EQUALVERIFY CHECKSIG  0.05 DASH
        P2PKH addr:yMahoHJCR7ZGztjQwxZ7FZpBEMDdnTpRjh
   out  DUP HASH160 PUSHDATA(20)[d8e144e26103cecc0f7496b785c72f65f5131fb6] EQUALVERIFY CHECKSIG  0.94999773 DASH
        P2PKH addr:yg6CfcF5yBA9eNaJGgrczqEGLxcAAyJiSq
   fee  0.00001907 DASH/kB, 0.00000227 DASH for 119 bytes
}
05:35:13 [DefaultDispatcher-worker-7] SendCoinsViewModel - executeDryRun finished
05:35:13 [main] SendCoinsFragment - enterAmountViewModel.blockContinue = false, viewModel.dryRunSuccessful.value = true
05:35:15 [LLMQBackgroundThread] LLMQBackgroundThread - InstantSendManager:  pendingInstantSendLocks 0, DB: SPVISDB:  isLockCache:  0, txidCache: 0, outpointCache: 0, isLockHashHeight: 0
05:35:30 [main] BiometricHelper - No biometric credentials
05:35:30 [main] SendCoinsTaskRunner - authenticate with pin
05:35:30 [main] SecurityGuard - loading security guard [healthy=true] with keys: [keystore_healthy, fallback_pin_wallet_password_key, primary_ui_pin_key, modern_encryption_migration_complete, fallback_mnemonic_wallet_password_key, primary_wallet_password_key, fallback_mnemonic_ui_pin_key]
05:35:30 [DefaultDispatcher-worker-3] BlockchainServiceImpl - network lost: 101, remaining networks: 1
05:35:34 [DefaultDispatcher-worker-3] BlockchainServiceImpl - network capabilities changed: 100, hasInternet: true, validated: true
05:35:34 [DefaultDispatcher-worker-3] BlockchainServiceImpl - acquiring check() mutex
05:35:34 [DefaultDispatcher-worker-3] BlockchainServiceImpl - check()
05:35:34 [DefaultDispatcher-worker-3] BlockchainServiceImpl - releasing check() mutex
05:35:34 [main] SendCoinsFragment - enterAmountViewModel.blockContinue = false, viewModel.dryRunSuccessful.value = true
05:35:37 [DefaultDispatcher-worker-3] BlockchainServiceImpl - network capabilities changed: 100, hasInternet: true, validated: true
05:35:37 [DefaultDispatcher-worker-3] BlockchainServiceImpl - acquiring check() mutex
05:35:37 [DefaultDispatcher-worker-3] BlockchainServiceImpl - check()
05:35:37 [DefaultDispatcher-worker-3] BlockchainServiceImpl - releasing check() mutex
05:35:37 [main] SendCoinsFragment - enterAmountViewModel.blockContinue = false, viewModel.dryRunSuccessful.value = true
05:35:40 [DefaultDispatcher-worker-4] BlockchainServiceImpl - network capabilities changed: 100, hasInternet: true, validated: true
05:35:40 [DefaultDispatcher-worker-4] BlockchainServiceImpl - acquiring check() mutex
05:35:40 [DefaultDispatcher-worker-4] BlockchainServiceImpl - check()
05:35:40 [DefaultDispatcher-worker-4] BlockchainServiceImpl - releasing check() mutex
05:35:40 [main] SendCoinsFragment - enterAmountViewModel.blockContinue = false, viewModel.dryRunSuccessful.value = true
05:35:50 [main] SecurityGuard - loading security guard [healthy=true] with keys: [keystore_healthy, fallback_pin_wallet_password_key, primary_ui_pin_key, modern_encryption_migration_complete, fallback_mnemonic_wallet_password_key, primary_wallet_password_key, fallback_mnemonic_ui_pin_key]
05:35:50 [main] ModernEncryptionProvider - Decrypted data for alias: ui_pin_key
05:35:50 [main] AmountView - Exchange rate is not initialized
05:35:50 [main] AmountView - Exchange rate is not initialized
05:35:55 [Wallet autosave thread] BLSJniLibrary - Initializing BLS JNI Library
05:35:55 [dashj user thread] AbstractQuorumState - adding 1 block to the GetSimplifiedMasternodeListDiff pending queue of size: 0 : 1556555/0000003faa50aeffea325b032e908c28fff93e7bd2aeb162821e7c7615e7f7ae
05:35:55 [dashj user thread] AbstractQuorumState - requesting: next
05:35:55 [dashj user thread] AbstractQuorumState - download peer = Peer{[68.67.122.82]:19999, version=70240, subVer=/Dash Core:23.1.8(dcg-masternode-53)/, services=7237 (NETWORK, BLOOM, NETWORK_LIMITED, COMPACT_FILTERS, HEADERS_COMPRESSED, remaining: 1000001000000), time=2026-09-19 00:26:39, height=1556559}, but obtaining backup from peerGroup downloadPeer
05:35:55 [dashj user thread] AbstractQuorumState - backup download peer = Peer{[68.67.122.82]:19999, version=70240, subVer=/Dash Core:23.1.8(dcg-masternode-53)/, services=7237 (NETWORK, BLOOM, NETWORK_LIMITED, COMPACT_FILTERS, HEADERS_COMPRESSED, remaining: 1000001000000), time=2026-09-19 00:26:39, height=1556559}
05:35:55 [dashj user thread] AbstractQuorumState - handling next mnlistdiff: 1
05:35:55 [dashj user thread] AbstractQuorumState - sending GetSimplifiedMasternodeListDiff from 1556554 to 1556555; 
  From 000000395cd34f77bcdd3871e68bdc69f9702a58b6f206454ebcc3496ad38f9f
 To 0000003faa50aeffea325b032e908c28fff93e7bd2aeb162821e7c7615e7f7ae
05:35:55 [dashj user thread] AbstractQuorumState - sendMessageFuture cancel: GetSimplifiedMasternodeListDiff
05:35:55 [dashj user thread] BLSJniLibrary - Initializing BLS JNI Library
05:35:55 [dashj user thread] AbstractQuorumState - message = GetSimplifiedMasternodeListDiff{baseBlockHash=000000395cd34f77bcdd3871e68bdc69f9702a58b6f206454ebcc3496ad38f9f, blockHash=0000003faa50aeffea325b032e908c28fff93e7bd2aeb162821e7c7615e7f7ae}
05:35:55 [DefaultDispatcher-worker-3] MainViewModel - blockchain state update: mnlist=1556554; chain=1556563
05:35:55 [DefaultDispatcher-worker-3] CoinJoinMixingService - coinjoin: new block: 1556563
05:35:55 [DefaultDispatcher-worker-3] BLSJniLibrary - Initializing BLS JNI Library
05:35:55 [main] SendCoinsFragment - enterAmountViewModel.blockContinue = false, viewModel.dryRunSuccessful.value = true
05:35:55 [DefaultDispatcher-worker-3] CoinJoinMixingService - coinjoin: anonymizable balance 0.00 DASH, denominatedBalance: 0.00 DASH
05:35:55 [DefaultDispatcher-worker-3] CoinJoinMixingService - timing: denominatedBalance 316.5 μs
05:35:55 [DefaultDispatcher-worker-3] CoinJoinMixingService - timing: denominatedBalance 9.542 μs
05:35:55 [DefaultDispatcher-worker-3] CoinJoinMixingService - timing: coinJoinBalance 138.9 μs
05:35:55 [DefaultDispatcher-worker-3] CoinJoinMixingService - coinjoin: can mix balance: true = balance: (false && canDenominate: true) || partially-mixed: false
05:35:55 [NioClientManager] BlockchainServiceImpl - masternodeListDiffDownloaded:Received
05:35:55 [NioClientManager] QuorumState - processing requested mnlistdiff (headersFirst=false) between : 1556554 & 1556555; Simplified MNList Diff{ adding 0 and removing 0 masternodes while adding 3 and removing 3 quorums }
  000000395cd34f77bcdd3871e68bdc69f9702a58b6f206454ebcc3496ad38f9f -> 0000003faa50aeffea325b032e908c28fff93e7bd2aeb162821e7c7615e7f7ae from Peer{[68.67.122.82]:19999, version=70240, subVer=/Dash Core:23.1.8(dcg-masternode-53)/, services=7237 (NETWORK, BLOOM, NETWORK_LIMITED, COMPACT_FILTERS, HEADERS_COMPRESSED, remaining: 1000001000000), time=2026-09-19 00:26:39, height=1556559}
05:35:55 [NioClientManager] QuorumState - lock acquired when processing mnlistdiff
05:35:55 [NioClientManager] SimplifiedQuorumList - masternode list is missing to verify quorum: 0000006e16bfdcb3a27255c4712ff302762874c532c3f9cf19a7e7610aaeeaba
05:35:55 [NioClientManager] SimplifiedQuorumList - masternode list is missing to verify quorum: 0000006e16bfdcb3a27255c4712ff302762874c532c3f9cf19a7e7610aaeeaba
05:35:55 [NioClientManager] SimplifiedQuorumList - masternode list is missing to verify quorum: 0000006e16bfdcb3a27255c4712ff302762874c532c3f9cf19a7e7610aaeeaba
05:35:55 [NioClientManager] QuorumState - applyDiff processing times: mn 93.42 μs; quorums: 6.777 ms
05:35:55 [NioClientManager] QuorumState - QuorumState{mnList=Simplified MN List(count: 373 height: 1556555), quorumList=SimplifiedQuorumList(count: 109; 1556555), mnListsCacheSize=1, quorumsCacheSize=1}
05:35:55 [NioClientManager] QuorumState - processing mnlistdiff times : Total: 7.233 ms mnList: 0.000 ns quorums: 0.000 ns mnlistdiff: Simplified MNList Diff{ adding 0 and removing 0 masternodes while adding 3 and removing 3 quorums }
  000000395cd34f77bcdd3871e68bdc69f9702a58b6f206454ebcc3496ad38f9f -> 0000003faa50aeffea325b032e908c28fff93e7bd2aeb162821e7c7615e7f7ae
05:35:55 [NioClientManager] QuorumState - QuorumState{mnList=Simplified MN List(count: 373 height: 1556555), quorumList=SimplifiedQuorumList(count: 109; 1556555), mnListsCacheSize=1, quorumsCacheSize=1}
05:35:55 [NioClientManager] AbstractQuorumState - download peer = Peer{[68.67.122.82]:19999, version=70240, subVer=/Dash Core:23.1.8(dcg-masternode-53)/, services=7237 (NETWORK, BLOOM, NETWORK_LIMITED, COMPACT_FILTERS, HEADERS_COMPRESSED, remaining: 1000001000000), time=2026-09-19 00:26:39, height=1556559}, but obtaining backup from peerGroup downloadPeer
05:35:55 [NioClientManager] AbstractQuorumState - backup download peer = Peer{[68.67.122.82]:19999, version=70240, subVer=/Dash Core:23.1.8(dcg-masternode-53)/, services=7237 (NETWORK, BLOOM, NETWORK_LIMITED, COMPACT_FILTERS, HEADERS_COMPRESSED, remaining: 1000001000000), time=2026-09-19 00:26:39, height=1556559}
05:35:55 [NioClientManager] AbstractQuorumState - handling next mnlistdiff: 0
05:35:55 [NioClientManager] AbstractQuorumState - There are no pending blocks to request: GetSimplifiedMasternodeListDiff{baseBlockHash=000000395cd34f77bcdd3871e68bdc69f9702a58b6f206454ebcc3496ad38f9f, blockHash=0000003faa50aeffea325b032e908c28fff93e7bd2aeb162821e7c7615e7f7ae}
05:35:55 [NioClientManager] BLSJniLibrary - Initializing BLS JNI Library
05:35:55 [AbstractManager autosave thread] BLSJniLibrary - Initializing BLS JNI Library
05:35:55 [DefaultDispatcher-worker-3] CoinJoinMixingService - coinjoin-state: NONE, 994 ms, true, CONNECTED, synced: true, true
05:35:55 [DefaultDispatcher-worker-3] CoinJoinMixingService - coinjoin-state-mixing: NOT_STARTED -> NOT_STARTED
05:35:56 [AbstractManager autosave thread] ManagerFiles - Background saving manager
05:35:56 [AbstractManager autosave thread] FlatDB - Writing SimplifiedMasternodeListManager-5 to manager1925895104045935217.tmp...
05:35:56 [AbstractManager autosave thread] FlatDB - Written info to /data/user/0/hashengineering.darkcoin.wallet_test/app_masternode/manager1925895104045935217.tmp  12ms
05:35:56 [AbstractManager autosave thread] FlatDB -   SimplifiedMNListManager:  {tip:Simplified MN List(count: 373 height: 1556344), SimplifiedQuorumList(count: 109; 1556555), SimplifiedQuorumList(count: 32; 1556344), pending blocks: 0 / 0}
05:35:56 [AbstractManager autosave thread] FlatDB - manager1925895104045935217.tmp dump finished  13ms
05:35:56 [AbstractManager autosave thread] ManagerFiles - Save completed in 13.56 ms to /data/user/0/hashengineering.darkcoin.wallet_test/app_masternode/simplifiedmasternodelistmanager-testnet.dat
05:35:56 [NioClientManager] ChainLocksHandler - process chainlock: f0bbad3f46884ebb5aa6da1563c45630b88150e89aaf4e88b84d8712b1c76e2c
05:35:56 [NioClientManager] SigningManager - signature was validated with Quorum(type=1, quorumHash=000000af73e7be04f89cfe6b6ceacb565aa8263106d8a66b32a39ef1539dc308, qfc=FinalCommitment(version=3, llmqType=1, quorumHash=000000af73e7be04f89cfe6b6ceacb565aa8263106d8a66b32a39ef1539dc308, signers=50, validMembers=50, quorumPublicKey=b8bd5380b2c29a9ab56d42d1adfde50ac9fa037d666e33cc8a228c535b02362834c95a2b8c9274d00a7381ddf6a7e7ae), msg: 00000050e96db3d9381dde85c28ad3d54625fd78f0727eb308f41dec02ecc087, id: 28ce792429265cc2a5a59634ba9d650f4676d887ecc15608a8a89621aa04165c, signHash: ed653633cb080ae16e32c44262ad89cdfb73597a22e87ab8032dce40c533fd84
05:35:56 [NioClientManager] SigningManager - dash-cli quorum selectquorum 1 28ce792429265cc2a5a59634ba9d650f4676d887ecc15608a8a89621aa04165c
05:35:56 [NioClientManager] BLSJniLibrary - Initializing BLS JNI Library
05:35:56 [NioClientManager] ChainLocksHandler - enforceBestChainLock -- enforcing block 00000050e96db3d9381dde85c28ad3d54625fd78f0727eb308f41dec02ecc087 via CLSIG (ChainLockSignature{height=1556563, blockHash=00000050e96db3d9381dde85c28ad3d54625fd78f0727eb308f41dec02ecc087, sig=9183d5ab163a2eff2d6eb8424f63acba00845d1ae6dd908940bdaa16c4aab8f9b028a431771ab89b6281f6a9fda19a890ab430ae99f197832aa5022d3348c8b324bd9eb9ba8a6eee83fde42b68f3a917bfbb43d12de409bdc0e93de80c6e9080})
05:35:56 [NioClientManager] ChainLocksHandler - processed new CLSIG (ChainLockSignature{height=1556563, blockHash=00000050e96db3d9381dde85c28ad3d54625fd78f0727eb308f41dec02ecc087, sig=9183d5ab163a2eff2d6eb8424f63acba00845d1ae6dd908940bdaa16c4aab8f9b028a431771ab89b6281f6a9fda19a890ab430ae99f197832aa5022d3348c8b324bd9eb9ba8a6eee83fde42b68f3a917bfbb43d12de409bdc0e93de80c6e9080}), peer=Peer{[68.67.122.82]:19999, version=70240, subVer=/Dash Core:23.1.8(dcg-masternode-53)/, services=7237 (NETWORK, BLOOM, NETWORK_LIMITED, COMPACT_FILTERS, HEADERS_COMPRESSED, remaining: 1000001000000), time=2026-09-19 00:26:39, height=1556559}
05:35:56 [AbstractManager autosave thread] BLSJniLibrary - Initializing BLS JNI Library
05:35:56 [DefaultDispatcher-worker-3] BlockchainServiceImpl - tx aa57902d1c5547d48cabe6d674babe10b728ab1262f6564bfcca1a6ec7b1bb33; 4 == 4
05:35:56 [AbstractManager autosave thread] ManagerFiles - Background saving manager
05:35:56 [AbstractManager autosave thread] FlatDB - Writing ChainLocksHandler-1 to manager4864607062651397930.tmp...
05:35:56 [AbstractManager autosave thread] FlatDB - Written info to /data/user/0/hashengineering.darkcoin.wallet_test/app_masternode/manager4864607062651397930.tmp  0ms
05:35:56 [AbstractManager autosave thread] FlatDB -   ChainLocksHandler(f0bbad3f46884ebb5aa6da1563c45630b88150e89aaf4e88b84d8712b1c76e2c)
05:35:56 [AbstractManager autosave thread] FlatDB - manager4864607062651397930.tmp dump finished  0ms
05:35:56 [AbstractManager autosave thread] ManagerFiles - Save completed in 536.4 μs to /data/user/0/hashengineering.darkcoin.wallet_test/app_masternode/chainlockshandler-testnet.dat
05:36:00 [main] BlockchainServiceImpl - History of transactions/blocks/headers/mnlistdiff: 0/1/0/0, 0/1/0/0, 0/0/0/0, 0/0/0/0, 0/1/0/0, 0/1/0/0, 1/0/0/0, 0/0/0/0, 0/151119/63119/6
05:36:00 [Wallet autosave thread] WalletFiles - Background saving wallet; last seen block is height 1556563, date 2026-09-19T05:35:33Z, hash 00000050e96db3d9381dde85c28ad3d54625fd78f0727eb308f41dec02ecc087
05:36:00 [Wallet autosave thread] CoinJoinExtension - CoinJoinExtension serialization: 4ms total (keys:3ms[2006], cache:0ms[0], salt:0ms, io:1ms, size:208967bytes, buffer:64KB)
05:36:00 [Wallet autosave thread] WalletProtobufSerializer - walletToProto (serial=12) timing: 12ms total, init=0ms, tx=0ms[1], keys=1ms, scripts=0ms[0], metadata=0ms, ext=11ms, friendRecv=0ms, friendSend=0ms, build=0ms
05:36:00 [Wallet autosave thread] WalletProtobufSerializer - writeWallet timing: 14ms total (12ms/85% serialization, 2ms/14% I/O) buffer=8KB
05:36:00 [Wallet autosave thread] WalletFiles - Save completed in 16.50 ms (274262 bytes); /data/user/0/hashengineering.darkcoin.wallet_test/files/wallet-protobuf-testnet
05:36:01 [LLMQBackgroundThread] LLMQBackgroundThread - InstantSendManager:  pendingInstantSendLocks 0, DB: SPVISDB:  isLockCache:  0, txidCache: 0, outpointCache: 0, isLockHashHeight: 0
05:36:01 [DefaultDispatcher-worker-3] BlockchainServiceImpl - network capabilities changed: 100, hasInternet: true, validated: true
05:36:01 [DefaultDispatcher-worker-3] BlockchainServiceImpl - acquiring check() mutex
05:36:01 [DefaultDispatcher-worker-3] BlockchainServiceImpl - check()
05:36:01 [DefaultDispatcher-worker-3] BlockchainServiceImpl - releasing check() mutex
05:36:01 [main] SendCoinsFragment - enterAmountViewModel.blockContinue = false, viewModel.dryRunSuccessful.value = true
05:36:04 [DefaultDispatcher-worker-2] BLSJniLibrary - Initializing BLS JNI Library
05:36:04 [DefaultDispatcher-worker-2] BLSJniLibrary - Initializing BLS JNI Library
05:36:04 [DefaultDispatcher-worker-2] BLSJniLibrary - Initializing BLS JNI Library
05:36:04 [DefaultDispatcher-worker-2] BLSJniLibrary - Initializing BLS JNI Library
05:36:04 [DefaultDispatcher-worker-2] SendCoinsTaskRunner - sending: SendRequest{emptyWallet=false, feePerKb=1000, ensureMinRequiredFee=false, signInputs=true, coinSelector=org.bitcoinj.wallet.ZeroConfCoinSelector@4d31b06, shuffleOutputs=true, recipientsPayFees=false}
05:36:04 [DefaultDispatcher-worker-2] BLSJniLibrary - Initializing BLS JNI Library
05:36:04 [DefaultDispatcher-worker-2] SecurityGuard - loading security guard [healthy=true] with keys: [keystore_healthy, fallback_pin_wallet_password_key, primary_ui_pin_key, modern_encryption_migration_complete, fallback_mnemonic_wallet_password_key, primary_wallet_password_key, fallback_mnemonic_ui_pin_key]
05:36:04 [DefaultDispatcher-worker-2] ModernEncryptionProvider - Decrypted data for alias: wallet_password_key
05:36:04 [main] SendCoinsFragment - enterAmountViewModel.blockContinue = true, viewModel.dryRunSuccessful.value = true
05:36:04 [DefaultDispatcher-worker-2] KeyCrypterScrypt - Deriving key took 208.9 ms for N=65536, r=8, p=1.
05:36:04 [DefaultDispatcher-worker-2] Wallet - Completing send tx with 1 outputs totalling 0.05 DASH and a fee of 0.00001 DASH/kB
05:36:04 [DefaultDispatcher-worker-2] Wallet -   with 0.94999773 DASH change
05:36:04 [DefaultDispatcher-worker-2] Wallet -   completed: Transaction{1a1dac75452c890f0c976a000315cfd96a702feded36e2d57f7828340c3a330a
purpose: USER_PAYMENT
   in   PUSHDATA(71)[30440220510a554215931f67974c54fd4d1546d38afb3e33d980d9e1b3d665f656863c1102206f9b4b3b6c52e9126ed01382c241cdf0972125fd837fb4bfe3888d7d2107af9c01] PUSHDATA(33)[03de5fdf64c87a72f7e825d59036ef323ca06c634a3c346bfb08f31061127b9bea]  1.00 DASH
        P2PKH addr:yLRHLPYFiRXPQPm2CaD5AsifEfqpYbSRKo  outpoint:aa57902d1c5547d48cabe6d674babe10b728ab1262f6564bfcca1a6ec7b1bb33:0
   out  DUP HASH160 PUSHDATA(20)[0ddad833844a886ab85ed9959c90079998ed7c92] EQUALVERIFY CHECKSIG  0.05 DASH
        P2PKH addr:yMahoHJCR7ZGztjQwxZ7FZpBEMDdnTpRjh
   out  DUP HASH160 PUSHDATA(20)[d8e144e26103cecc0f7496b785c72f65f5131fb6] EQUALVERIFY CHECKSIG  0.94999773 DASH
        P2PKH addr:yg6CfcF5yBA9eNaJGgrczqEGLxcAAyJiSq
   fee  0.00001008 DASH/kB, 0.00000227 DASH for 225 bytes
}
05:36:04 [DefaultDispatcher-worker-2] Wallet - commitTx of 1a1dac75452c890f0c976a000315cfd96a702feded36e2d57f7828340c3a330a
05:36:04 [DefaultDispatcher-worker-2] Wallet - commitTx of 1a1dac75452c890f0c976a000315cfd96a702feded36e2d57f7828340c3a330a
05:36:04 [DefaultDispatcher-worker-2] Wallet -   marked aa57902d1c5547d48cabe6d674babe10b728ab1262f6564bfcca1a6ec7b1bb33:0 as spent by 1a1dac75452c890f0c976a000315cfd96a702feded36e2d57f7828340c3a330a
05:36:04 [DefaultDispatcher-worker-2] Wallet -   aa57902d1c5547d48cabe6d674babe10b728ab1262f6564bfcca1a6ec7b1bb33 prevtx <-unspent ->spent
05:36:04 [DefaultDispatcher-worker-2] Wallet - ->pending: 1a1dac75452c890f0c976a000315cfd96a702feded36e2d57f7828340c3a330a
05:36:04 [DefaultDispatcher-worker-2] Wallet - Estimated balance is now: 0.99999773 DASH
05:36:04 [DefaultDispatcher-worker-2] KeyChainGroup - Marking key as used: DeterministicKey{pub=024351aec7ae0406a3c37bdc33810e3cdcbd44184103f52cdd8133bcb2da658f1d, chainCode=fd13c4ad3cb6df8726e0461b4b8f29dd54d25eb784f4711e1125fd8425fa9a34, path=M/44H/1H/0H/0/1, isEncrypted=true, isPubKeyOnly=true}
05:36:04 [DefaultDispatcher-worker-2] KeyChainGroup - Marking key as used: DeterministicKey{pub=037e631d18b840c57c8e9d074ebd501ae9b27438f15c0425e32c1421f1f1243ab5, chainCode=673b0ea996febae10b4d8f8d5432500cb53478309f882aa8c2eb51ee77e53c23, path=M/44H/1H/0H/1/0, isEncrypted=true, isPubKeyOnly=true}
05:36:04 [DefaultDispatcher-worker-2] BlockchainServiceImpl - onCoinsReceived: 1a1dac75452c890f0c976a000315cfd96a702feded36e2d57f7828340c3a330a; rate: org.bitcoinj.utils.ExchangeRate@8018787; replaying: false; inside: true, config: PENDING; will update false
05:36:04 [dashj user thread] WalletObserver - observing transaction received: 1a1dac75452c890f0c976a000315cfd96a702feded36e2d57f7828340c3a330a [=====] de.schildbach.wallet.transactions.WalletObserver@567951e
05:36:04 [dashj user thread] WalletObserver - observing transaction: start listening to 1a1dac75452c890f0c976a000315cfd96a702feded36e2d57f7828340c3a330a
05:36:04 [DefaultDispatcher-worker-1] WalletTransactionMetadataProvider - sync transaction metadata: 1a1dac75452c890f0c976a000315cfd96a702feded36e2d57f7828340c3a330a
05:36:04 [DefaultDispatcher-worker-6] WalletTransactionMetadataProvider - sync transaction metadata not exists: 1a1dac75452c890f0c976a000315cfd96a702feded36e2d57f7828340c3a330a
05:36:04 [DefaultDispatcher-worker-2] BlockchainServiceImpl - onCoinsSent: 1a1dac75452c890f0c976a000315cfd96a702feded36e2d57f7828340c3a330a
05:36:04 [dashj user thread] WalletObserver - observing transaction sent: 1a1dac75452c890f0c976a000315cfd96a702feded36e2d57f7828340c3a330a [=====] de.schildbach.wallet.transactions.WalletObserver@567951e
05:36:04 [dashj user thread] WalletObserver - observing transaction: start listening to 1a1dac75452c890f0c976a000315cfd96a702feded36e2d57f7828340c3a330a
05:36:04 [DefaultDispatcher-worker-3] WalletTransactionMetadataProvider - sync transaction metadata: 1a1dac75452c890f0c976a000315cfd96a702feded36e2d57f7828340c3a330a
05:36:04 [DefaultDispatcher-worker-3] WalletTransactionMetadataProvider - sync transaction metadata not exists: 1a1dac75452c890f0c976a000315cfd96a702feded36e2d57f7828340c3a330a
05:36:04 [DefaultDispatcher-worker-2] WalletFiles - Saving wallet; last seen block is height 1556563, date 2026-09-19T05:35:33Z, hash 00000050e96db3d9381dde85c28ad3d54625fd78f0727eb308f41dec02ecc087
05:36:04 [DefaultDispatcher-worker-1] BLSJniLibrary - Initializing BLS JNI Library
05:36:04 [DefaultDispatcher-worker-5] BLSJniLibrary - Initializing BLS JNI Library
05:36:04 [DefaultDispatcher-worker-2] CoinJoinExtension - CoinJoinExtension serialization: 9ms total (keys:7ms[2006], cache:0ms[0], salt:0ms, io:1ms, size:208967bytes, buffer:64KB)
05:36:04 [DefaultDispatcher-worker-2] WalletProtobufSerializer - walletToProto (serial=15) timing: 18ms total, init=0ms, tx=0ms[2], keys=1ms, scripts=0ms[0], metadata=0ms, ext=17ms, friendRecv=0ms, friendSend=0ms, build=0ms
05:36:04 [DefaultDispatcher-worker-2] WalletProtobufSerializer - writeWallet timing: 19ms total (18ms/94% serialization, 1ms/5% I/O) buffer=8KB
05:36:04 [DefaultDispatcher-worker-2] WalletFiles - Save completed in 22.82 ms (274613 bytes); /data/user/0/hashengineering.darkcoin.wallet_test/files/wallet-protobuf-testnet
05:36:04 [DefaultDispatcher-worker-2] SendCoinsTaskRunner - send successful, transaction committed in 260.6 ms: 1a1dac75452c890f0c976a000315cfd96a702feded36e2d57f7828340c3a330a 
05:36:04 [DefaultDispatcher-worker-2] SendCoinsTaskRunner -   transaction: 010000000133bbb1c76e1acafc4b56f66212ab28b710beba74d6e6ab8cd447551c2d9057aa000000006a4730440220510a554215931f67974c54fd4d1546d38afb3e33d980d9e1b3d665f656863c1102206f9b4b3b6c52e9126ed01382c241cdf0972125fd837fb4bfe3888d7d2107af9c012103de5fdf64c87a72f7e825d59036ef323ca06c634a3c346bfb08f31061127b9beaffffffff02404b4c00000000001976a9140ddad833844a886ab85ed9959c90079998ed7c9288acdd94a905000000001976a914d8e144e26103cecc0f7496b785c72f65f5131fb688ac00000000
05:36:04 [DefaultDispatcher-worker-6] BLSJniLibrary - Initializing BLS JNI Library
05:36:04 [DefaultDispatcher-worker-5] WalletBalanceObserver - process emit balance time: 24 ms, selector MaxOutputAmountCoinSelector
05:36:04 [DefaultDispatcher-worker-3] BLSJniLibrary - Initializing BLS JNI Library
05:36:04 [main] BlockchainServiceImpl - .onStartCommand(Intent { act=de.schildbach.wallet.service.broadcast_transaction cmp=hashengineering.darkcoin.wallet_test/de.schildbach.wallet.service.BlockchainServiceImpl (has extras) })
05:36:04 [main] SendCoinsFragment - enterAmountViewModel.blockContinue = true, viewModel.dryRunSuccessful.value = true
05:36:04 [DefaultDispatcher-worker-7] BlockchainServiceImpl - onStartCommand waiting for onCreate to complete...
05:36:04 [DefaultDispatcher-worker-7] BlockchainServiceImpl - onCreate completed, processing onStartCommand
05:36:04 [DefaultDispatcher-worker-7] BLSJniLibrary - Initializing BLS JNI Library
05:36:04 [DefaultDispatcher-worker-7] BlockchainServiceImpl - service start command: Intent { act=de.schildbach.wallet.service.broadcast_transaction cmp=hashengineering.darkcoin.wallet_test/de.schildbach.wallet.service.BlockchainServiceImpl (has extras) }
05:36:04 [DefaultDispatcher-worker-7] BlockchainServiceImpl - broadcast transaction requested for hash: 1a1dac75452c890f0c976a000315cfd96a702feded36e2d57f7828340c3a330a
05:36:04 [DefaultDispatcher-worker-7] BlockchainServiceImpl - found transaction 1a1dac75452c890f0c976a000315cfd96a702feded36e2d57f7828340c3a330a in wallet
05:36:04 [DefaultDispatcher-worker-7] BlockchainServiceImpl - broadcasting transaction 1a1dac75452c890f0c976a000315cfd96a702feded36e2d57f7828340c3a330a with 6 connected peers
05:36:04 [DefaultDispatcher-worker-7] TransactionBroadcast - Waiting for 3 peers required for broadcast, we have 6 ...
05:36:04 [DefaultDispatcher-worker-7] BLSJniLibrary - Initializing BLS JNI Library
05:36:04 [DefaultDispatcher-worker-7] TransactionBroadcast - broadcastTransaction: We have 6 peers, adding 1a1dac75452c890f0c976a000315cfd96a702feded36e2d57f7828340c3a330a to the memory pool
05:36:04 [DefaultDispatcher-worker-7] TransactionBroadcast - Sending to 3 peers, will wait for 2, sending to: Peer{[68.67.122.82]:19999, version=70240, subVer=/Dash Core:23.1.8(dcg-masternode-53)/, services=7237 (NETWORK, BLOOM, NETWORK_LIMITED, COMPACT_FILTERS, HEADERS_COMPRESSED, remaining: 1000001000000), time=2026-09-19 00:26:39, height=1556559},Peer{[68.67.122.78]:19999, version=70240, subVer=/Dash Core:23.1.8(dcg-masternode-49)/, services=7237 (NETWORK, BLOOM, NETWORK_LIMITED, COMPACT_FILTERS, HEADERS_COMPRESSED, remaining: 1000001000000), time=2026-09-19 00:26:39, height=1556559},Peer{[68.67.122.30]:19999, version=70240, subVer=/Dash Core:23.1.8(dcg-masternode-1)/, services=7237 (NETWORK, BLOOM, NETWORK_LIMITED, COMPACT_FILTERS, HEADERS_COMPRESSED, remaining: 1000001000000), time=2026-09-19 00:26:39, height=1556559}
05:36:04 [DefaultDispatcher-worker-7] BlockchainServiceImpl - transaction 1a1dac75452c890f0c976a000315cfd96a702feded36e2d57f7828340c3a330a broadcast initiated
05:36:04 [DefaultDispatcher-worker-7] BlockchainServiceImpl - .onStartCommand(Intent { act=de.schildbach.wallet.service.broadcast_transaction cmp=hashengineering.darkcoin.wallet_test/de.schildbach.wallet.service.BlockchainServiceImpl (has extras) }) finished
05:36:04 [dashj user thread] TransactionBroadcast - broadcastTransaction: SENT:  TX 1a1dac75452c890f0c976a000315cfd96a702feded36e2d57f7828340c3a330a seen by 0 peers
05:36:04 [dashj user thread] TransactionBroadcast - broadcastTransaction: SENT:  TX 1a1dac75452c890f0c976a000315cfd96a702feded36e2d57f7828340c3a330a seen by 0 peers
05:36:04 [dashj user thread] TransactionBroadcast - broadcastTransaction: SENT:  TX 1a1dac75452c890f0c976a000315cfd96a702feded36e2d57f7828340c3a330a seen by 0 peers
05:36:04 [DefaultDispatcher-worker-6] WalletTransactionMetadataProvider - saving to cache: true = saving: false && current: Sat Sep 19 00:36:04 CDT 2026 > safe after: Wed Dec 31 18:00:00 CST 1969
05:36:04 [DefaultDispatcher-worker-6] WalletTransactionMetadataProvider - saving to cache: true = saving: false && current: Sat Sep 19 00:36:04 CDT 2026 > safe after: Wed Dec 31 18:00:00 CST 1969
05:36:04 [DefaultDispatcher-worker-2] WalletTransactionMetadataProvider - txmetadata: inserting TransactionMetadata(txId=1a1dac75452c890f0c976a000315cfd96a702feded36e2d57f7828340c3a330a, timestamp=1789796164476, value=-227, type=Internal, taxCategory=null, currencyCode=USD, rate=61.3896, memo=, service=null, customIconId=null)
05:36:04 [DefaultDispatcher-worker-2] WalletTransactionMetadataProvider - txmetadata: inserting TransactionMetadata(txId=1a1dac75452c890f0c976a000315cfd96a702feded36e2d57f7828340c3a330a, timestamp=1789796164476, value=-227, type=Internal, taxCategory=null, currencyCode=USD, rate=61.3896, memo=, service=null, customIconId=null)
05:36:04 [Threading.THREAD_POOL worker] BLSJniLibrary - Initializing BLS JNI Library
05:36:04 [Threading.THREAD_POOL worker] BLSJniLibrary - Initializing BLS JNI Library
05:36:04 [Threading.THREAD_POOL worker] BLSJniLibrary - Initializing BLS JNI Library
05:36:04 [main] SendCoinsFragment - enterAmountViewModel.blockContinue = true, viewModel.dryRunSuccessful.value = true
05:36:04 [DefaultDispatcher-worker-8] BLSJniLibrary - Initializing BLS JNI Library
05:36:04 [DefaultDispatcher-worker-8] CoinJoinMixingService - coinjoin: anonymizable balance 0.00 DASH, denominatedBalance: 0.00 DASH
05:36:04 [DefaultDispatcher-worker-8] CoinJoinMixingService - timing: denominatedBalance 105.8 μs
05:36:04 [DefaultDispatcher-worker-8] CoinJoinMixingService - timing: denominatedBalance 6.417 μs
05:36:04 [DefaultDispatcher-worker-8] CoinJoinMixingService - timing: coinJoinBalance 20.00 μs
05:36:04 [DefaultDispatcher-worker-8] CoinJoinMixingService - coinjoin: can mix balance: true = balance: (false && canDenominate: true) || partially-mixed: false
05:36:04 [DefaultDispatcher-worker-8] TimeUtils - timeskew: 994; using last value
05:36:04 [DefaultDispatcher-worker-8] CoinJoinMixingService - coinjoin-state: NONE, 994 ms, true, CONNECTED, synced: true, true
05:36:04 [DefaultDispatcher-worker-8] CoinJoinMixingService - coinjoin-state-mixing: NOT_STARTED -> NOT_STARTED
05:36:04 [main] WalletActivityTracker - activity lifecycle: current: SendCoinsActivity, activities: 2 visible: 1 foreground: 0
05:36:04 [main] SendCoinsFragment - enterAmountViewModel.blockContinue = false, viewModel.dryRunSuccessful.value = true
05:36:04 [DefaultDispatcher-worker-5] Constants - --> GET https://rates.ctx.com/rates?source=ctx
05:36:04 [DefaultDispatcher-worker-2] TxDisplayCacheService - updateWrappedList: 1 batch txs → 1 affected wrappers | display 1 → 2 rows
05:36:04 [main] WalletActivityTracker - activity lifecycle: activity TransactionResultActivity created
05:36:04 [main] WalletActivityTracker - activity lifecycle: current: TransactionResultActivity, activities: 3 visible: 1 foreground: 0
05:36:04 [main] SecurityGuard - loading security guard [healthy=true] with keys: [keystore_healthy, fallback_pin_wallet_password_key, primary_ui_pin_key, modern_encryption_migration_complete, fallback_mnemonic_wallet_password_key, primary_wallet_password_key, fallback_mnemonic_ui_pin_key]
05:36:04 [main] SecurityGuard - loading security guard [healthy=true] with keys: [keystore_healthy, fallback_pin_wallet_password_key, primary_ui_pin_key, modern_encryption_migration_complete, fallback_mnemonic_wallet_password_key, primary_wallet_password_key, fallback_mnemonic_ui_pin_key]
05:36:04 [main] ModernEncryptionProvider - Decrypted data for alias: wallet_password_key
05:36:04 [main] ModernEncryptionProvider - Decrypted data for alias: ui_pin_key
05:36:04 [main] WalletActivityTracker - activity lifecycle: current: TransactionResultActivity, activities: 3 visible: 2 foreground: 0
05:36:04 [main] SecurityGuard - loading security guard [healthy=true] with keys: [keystore_healthy, fallback_pin_wallet_password_key, primary_ui_pin_key, modern_encryption_migration_complete, fallback_mnemonic_wallet_password_key, primary_wallet_password_key, fallback_mnemonic_ui_pin_key]
05:36:04 [main] SecurityGuard - loading security guard [healthy=true] with keys: [keystore_healthy, fallback_pin_wallet_password_key, primary_ui_pin_key, modern_encryption_migration_complete, fallback_mnemonic_wallet_password_key, primary_wallet_password_key, fallback_mnemonic_ui_pin_key]
05:36:04 [main] LockScreenActivity - show lock screen false = ![keepUnlocked=false] && autologout=true && (keepUnlockedUntilPenEntered=false || shouldLogout=false) || isHealthy=true
05:36:04 [main] WalletActivityTracker - activity lifecycle: current: TransactionResultActivity, activities: 3 visible: 2 foreground: 1
05:36:04 [DefaultDispatcher-worker-5] Constants - <-- 200 https://rates.ctx.com/rates?source=ctx (81ms, unknown-length body)
05:36:04 [DefaultDispatcher-worker-3] BlockchainServiceImpl - network capabilities changed: 100, hasInternet: true, validated: true
05:36:04 [DefaultDispatcher-worker-3] BlockchainServiceImpl - acquiring check() mutex
05:36:04 [DefaultDispatcher-worker-3] BlockchainServiceImpl - check()
05:36:04 [DefaultDispatcher-worker-3] BlockchainServiceImpl - releasing check() mutex
05:36:04 [main] BlockchainServiceImpl - .onStartCommand(Intent { cmp=hashengineering.darkcoin.wallet_test/de.schildbach.wallet.service.BlockchainServiceImpl })
05:36:04 [DefaultDispatcher-worker-8] BlockchainServiceImpl - onStartCommand waiting for onCreate to complete...
05:36:04 [DefaultDispatcher-worker-8] BlockchainServiceImpl - onCreate completed, processing onStartCommand
05:36:04 [DefaultDispatcher-worker-8] BLSJniLibrary - Initializing BLS JNI Library
05:36:04 [DefaultDispatcher-worker-8] BlockchainServiceImpl - service start command: Intent { cmp=hashengineering.darkcoin.wallet_test/de.schildbach.wallet.service.BlockchainServiceImpl }
05:36:04 [DefaultDispatcher-worker-8] BlockchainServiceImpl - .onStartCommand(Intent { cmp=hashengineering.darkcoin.wallet_test/de.schildbach.wallet.service.BlockchainServiceImpl }) finished
05:36:04 [DefaultDispatcher-worker-2] ExchangeRatesRepository - exchange rates updated successfully with de.schildbach.wallet.rates.DashRetailClient@6fd60bc
05:36:04 [DefaultDispatcher-worker-2] WalletTransactionMetadataProvider - txmetadata for 1a1dac75452c890f0c976a000315cfd96a702feded36e2d57f7828340c3a330a exists, only do update
05:36:04 [DefaultDispatcher-worker-2] WalletTransactionMetadataProvider - metadata: TxOut of 0.05 DASH to yMahoHJCR7ZGztjQwxZ7FZpBEMDdnTpRjh script:DUP HASH160 PUSHDATA(20)[0ddad833844a886ab85ed9959c90079998ed7c92] EQUALVERIFY CHECKSIG
05:36:04 [DefaultDispatcher-worker-2] WalletTransactionMetadataProvider - metadata: TxOut of 0.94999773 DASH to yg6CfcF5yBA9eNaJGgrczqEGLxcAAyJiSq script:DUP HASH160 PUSHDATA(20)[d8e144e26103cecc0f7496b785c72f65f5131fb6] EQUALVERIFY CHECKSIG
05:36:04 [DefaultDispatcher-worker-2] ExchangeRatesRepository - updateTrigger
05:36:04 [main] SendCoinsFragment - enterAmountViewModel.blockContinue = false, viewModel.dryRunSuccessful.value = true
05:36:04 [main] WalletActivityTracker - activity lifecycle: current: SendCoinsActivity, activities: 3 visible: 1 foreground: 1
05:36:04 [main] WalletActivityTracker - activity lifecycle: activity SendCoinsActivity destroyed
05:36:04 [main] WalletActivityTracker - activity lifecycle: current: SendCoinsActivity, activities: 2 visible: 1 foreground: 1
05:36:05 [NioClientManager] InstantSendManager - received islock:  txid=1a1dac75452c890f0c976a000315cfd96a702feded36e2d57f7828340c3a330a, islock=ba41b0562450938f97999a25dbee8ca4b633677048b369975adb337c5dc5df4d , peer=35731818
05:36:05 [dashj user thread] TransactionBroadcast - broadcastTransaction: IX_TYPE:  TX 1a1dac75452c890f0c976a000315cfd96a702feded36e2d57f7828340c3a330a seen by 0 peers
05:36:05 [main] BLSJniLibrary - Initializing BLS JNI Library
05:36:05 [LLMQBackgroundThread] SPVQuorumManager - quorum list is old, the quorums may not match
05:36:05 [LLMQBackgroundThread] InstantSendManager - InstantSendManager -- verified locks. count=1, alreadyVerified=0, vt=8.720 ms, nodes=1
05:36:05 [LLMQBackgroundThread] InstantSendManager - processing islock txid=1a1dac75452c890f0c976a000315cfd96a702feded36e2d57f7828340c3a330a, islock=ba41b0562450938f97999a25dbee8ca4b633677048b369975adb337c5dc5df4d:  peer=35731818
05:36:05 [dashj user thread] WalletObserver - observing transaction: stop listening to 1a1dac75452c890f0c976a000315cfd96a702feded36e2d57f7828340c3a330a at depth 0 with ISLock: true; chainlock: false
05:36:05 [LLMQBackgroundThread] InstantSendManager - passing reconstructed recSig to signing mgr -- txid=1a1dac75452c890f0c976a000315cfd96a702feded36e2d57f7828340c3a330a, islock=ba41b0562450938f97999a25dbee8ca4b633677048b369975adb337c5dc5df4d: peer=35731818
05:36:05 [main] BLSJniLibrary - Initializing BLS JNI Library
05:36:05 [dashj user thread] WalletObserver - observing transaction: stop listening to 1a1dac75452c890f0c976a000315cfd96a702feded36e2d57f7828340c3a330a at depth 0 with ISLock: true; chainlock: false
05:36:05 [dashj user thread] TransactionBroadcast - broadcastTransaction: IX_TYPE:  TX 1a1dac75452c890f0c976a000315cfd96a702feded36e2d57f7828340c3a330a seen by 0 peers
05:36:05 [LLMQBackgroundThread] SigningManager - valid recSig. signHash=296cb6a36b0cc6287602d6ac380887ac94127335bb37ac6d1472018bed500340, id=c7e83c15a998be0a32df4052622b1b5f6e7de170de2023505ab88f25ddefd698, msgHash=1a1dac75452c890f0c976a000315cfd96a702feded36e2d57f7828340c3a330a, node=-1
05:36:05 [Threading.THREAD_POOL worker] PeerGroup - [68.67.122.78]:19999: Peer died      (5 connected, 0 pending, 6 max)
05:36:05 [PeerGroup Thread] PeerGroup - Waiting 1000 ms before next connect attempt to [68.67.122.77]:19999
05:36:05 [Threading.THREAD_POOL worker] PeerGroup - [68.67.122.30]:19999: Peer died      (4 connected, 0 pending, 6 max)
05:36:05 [PeerGroup Thread] PeerGroup - Waiting 1500 ms before next connect attempt to [68.67.122.31]:19999
05:36:05 [Threading.THREAD_POOL worker] TransactionBroadcast - not dropping the download peer after sending a transaction
05:36:05 [LLMQBackgroundThread] InstantSendManager - islock: signature has already been verified: 1a1dac75452c890f0c976a000315cfd96a702feded36e2d57f7828340c3a330a
05:36:05 [LLMQBackgroundThread] InstantSendManager - processing islock txid=1a1dac75452c890f0c976a000315cfd96a702feded36e2d57f7828340c3a330a, islock=ba41b0562450938f97999a25dbee8ca4b633677048b369975adb337c5dc5df4d:  peer=-1
05:36:05 [dashj user thread] TransactionBroadcast - broadcastTransaction: IX_TYPE:  TX 1a1dac75452c890f0c976a000315cfd96a702feded36e2d57f7828340c3a330a seen by 0 peers
05:36:05 [LLMQBackgroundThread] InstantSendManager - InstantSendManager -- verified locks. count=0, alreadyVerified=0, vt=55.21 μs, nodes=0
05:36:05 [main] BLSJniLibrary - Initializing BLS JNI Library
05:36:05 [LLMQBackgroundThread] InstantSendManager - processing islock txid=1a1dac75452c890f0c976a000315cfd96a702feded36e2d57f7828340c3a330a, islock=ba41b0562450938f97999a25dbee8ca4b633677048b369975adb337c5dc5df4d:  peer=-1
05:36:05 [dashj user thread] TransactionBroadcast - broadcastTransaction: IX_TYPE:  TX 1a1dac75452c890f0c976a000315cfd96a702feded36e2d57f7828340c3a330a seen by 0 peers
05:36:05 [main] BLSJniLibrary - Initializing BLS JNI Library
05:36:05 [quorum-state-QuorumState] AbstractQuorumState - sendMessageFuture check: last request received GetSimplifiedMasternodeListDiff
05:36:06 [PeerGroup Thread] PeerGroup - Waiting 495 ms before next connect attempt to [68.67.122.33]:19999
05:36:07 [PeerGroup Thread] PeerGroup - Attempting connection to [68.67.122.31]:19999     (4 connected, 1 pending, 6 max)
05:36:07 [PeerGroup Thread] PeerGroup - Attempting connection to [68.67.122.33]:19999     (4 connected, 2 pending, 6 max)
05:36:07 [PeerGroup Thread] PeerGroup - Attempting connection to [68.67.122.77]:19999     (4 connected, 3 pending, 6 max)
05:36:07 [NioClientManager] NioClientManager - Connected to /68.67.122.31:19999
05:36:07 [NioClientManager] Peer - Announcing to /68.67.122.31:19999 with protocol 70235 as: /DashJ:22.0.5/Dash Wallet:11.9.0/
05:36:07 [NioClientManager] NioClientManager - Connected to /68.67.122.33:19999
05:36:07 [NioClientManager] Peer - Announcing to /68.67.122.33:19999 with protocol 70235 as: /DashJ:22.0.5/Dash Wallet:11.9.0/
05:36:07 [NioClientManager] NioClientManager - Connected to /68.67.122.77:19999
05:36:07 [NioClientManager] Peer - Announcing to /68.67.122.77:19999 with protocol 70235 as: /DashJ:22.0.5/Dash Wallet:11.9.0/
05:36:07 [NioClientManager] Peer - Peer{[68.67.122.33]:19999, version=70240, subVer=/Dash Core:23.1.8(dcg-masternode-4)/, services=7237 (NETWORK, BLOOM, NETWORK_LIMITED, COMPACT_FILTERS, HEADERS_COMPRESSED, remaining: 1000001000000), time=2026-09-19 00:36:06, height=1556563}
05:36:07 [NioClientManager] PeerGroup - Peer{[68.67.122.33]:19999, version=70240, subVer=/Dash Core:23.1.8(dcg-masternode-4)/, services=7237 (NETWORK, BLOOM, NETWORK_LIMITED, COMPACT_FILTERS, HEADERS_COMPRESSED, remaining: 1000001000000), time=2026-09-19 00:36:06, height=1556563}: New peer      (5 connected, 2 pending, 6 max)
05:36:07 [NioClientManager] Peer - Peer{[68.67.122.33]:19999, version=70240, subVer=/Dash Core:23.1.8(dcg-masternode-4)/, services=7237 (NETWORK, BLOOM, NETWORK_LIMITED, COMPACT_FILTERS, HEADERS_COMPRESSED, remaining: 1000001000000), time=2026-09-19 00:36:06, height=1556563}: Sending Bloom filter and querying mempool
05:36:07 [NioClientManager] AllowLockTimeRiskAnalysis$Analyzer - risk analysis: net time diff 0; peer time diff -1 1789796166 1789796167
05:36:07 [NioClientManager] Peer - Peer{[68.67.122.31]:19999, version=70240, subVer=/Dash Core:23.1.8(dcg-masternode-2)/, services=7237 (NETWORK, BLOOM, NETWORK_LIMITED, COMPACT_FILTERS, HEADERS_COMPRESSED, remaining: 1000001000000), time=2026-09-19 00:36:06, height=1556563}
05:36:07 [NioClientManager] PeerGroup - Peer{[68.67.122.31]:19999, version=70240, subVer=/Dash Core:23.1.8(dcg-masternode-2)/, services=7237 (NETWORK, BLOOM, NETWORK_LIMITED, COMPACT_FILTERS, HEADERS_COMPRESSED, remaining: 1000001000000), time=2026-09-19 00:36:06, height=1556563}: New peer      (6 connected, 1 pending, 6 max)
05:36:07 [NioClientManager] Peer - Peer{[68.67.122.31]:19999, version=70240, subVer=/Dash Core:23.1.8(dcg-masternode-2)/, services=7237 (NETWORK, BLOOM, NETWORK_LIMITED, COMPACT_FILTERS, HEADERS_COMPRESSED, remaining: 1000001000000), time=2026-09-19 00:36:06, height=1556563}: Sending Bloom filter and querying mempool
05:36:07 [NioClientManager] AllowLockTimeRiskAnalysis$Analyzer - risk analysis: net time diff 0; peer time diff -1 1789796166 1789796167
05:36:07 [dashj user thread] AbstractQuorumState - peer connected and setting download peer to Peer{[68.67.122.82]:19999, version=70240, subVer=/Dash Core:23.1.8(dcg-masternode-53)/, services=7237 (NETWORK, BLOOM, NETWORK_LIMITED, COMPACT_FILTERS, HEADERS_COMPRESSED, remaining: 1000001000000), time=2026-09-19 00:26:39, height=1556559} with onPeerConnected
05:36:07 [dashj user thread] AbstractQuorumState - peer connected and setting download peer to Peer{[68.67.122.82]:19999, version=70240, subVer=/Dash Core:23.1.8(dcg-masternode-53)/, services=7237 (NETWORK, BLOOM, NETWORK_LIMITED, COMPACT_FILTERS, HEADERS_COMPRESSED, remaining: 1000001000000), time=2026-09-19 00:26:39, height=1556559} with onPeerConnected
05:36:07 [dashj user thread] AbstractQuorumState - peer connected and setting download peer to Peer{[68.67.122.82]:19999, version=70240, subVer=/Dash Core:23.1.8(dcg-masternode-53)/, services=7237 (NETWORK, BLOOM, NETWORK_LIMITED, COMPACT_FILTERS, HEADERS_COMPRESSED, remaining: 1000001000000), time=2026-09-19 00:26:39, height=1556559} with onPeerConnected
05:36:07 [dashj user thread] AbstractQuorumState - peer connected and setting download peer to Peer{[68.67.122.82]:19999, version=70240, subVer=/Dash Core:23.1.8(dcg-masternode-53)/, services=7237 (NETWORK, BLOOM, NETWORK_LIMITED, COMPACT_FILTERS, HEADERS_COMPRESSED, remaining: 1000001000000), time=2026-09-19 00:26:39, height=1556559} with onPeerConnected
05:36:07 [NioClientManager] Peer - Peer{[68.67.122.77]:19999, version=70240, subVer=/Dash Core:23.1.8(dcg-masternode-48)/, services=7237 (NETWORK, BLOOM, NETWORK_LIMITED, COMPACT_FILTERS, HEADERS_COMPRESSED, remaining: 1000001000000), time=2026-09-19 00:36:06, height=1556563}
05:36:07 [NioClientManager] PeerGroup - Peer{[68.67.122.77]:19999, version=70240, subVer=/Dash Core:23.1.8(dcg-masternode-48)/, services=7237 (NETWORK, BLOOM, NETWORK_LIMITED, COMPACT_FILTERS, HEADERS_COMPRESSED, remaining: 1000001000000), time=2026-09-19 00:36:06, height=1556563}: New peer      (7 connected, 0 pending, 6 max)
05:36:07 [NioClientManager] Peer - Peer{[68.67.122.77]:19999, version=70240, subVer=/Dash Core:23.1.8(dcg-masternode-48)/, services=7237 (NETWORK, BLOOM, NETWORK_LIMITED, COMPACT_FILTERS, HEADERS_COMPRESSED, remaining: 1000001000000), time=2026-09-19 00:36:06, height=1556563}: Sending Bloom filter and querying mempool
05:36:07 [NioClientManager] AllowLockTimeRiskAnalysis$Analyzer - risk analysis: net time diff 0; peer time diff -1 1789796166 1789796167
05:36:07 [dashj user thread] AbstractQuorumState - peer connected and setting download peer to Peer{[68.67.122.82]:19999, version=70240, subVer=/Dash Core:23.1.8(dcg-masternode-53)/, services=7237 (NETWORK, BLOOM, NETWORK_LIMITED, COMPACT_FILTERS, HEADERS_COMPRESSED, remaining: 1000001000000), time=2026-09-19 00:26:39, height=1556559} with onPeerConnected
05:36:07 [dashj user thread] AbstractQuorumState - peer connected and setting download peer to Peer{[68.67.122.82]:19999, version=70240, subVer=/Dash Core:23.1.8(dcg-masternode-53)/, services=7237 (NETWORK, BLOOM, NETWORK_LIMITED, COMPACT_FILTERS, HEADERS_COMPRESSED, remaining: 1000001000000), time=2026-09-19 00:26:39, height=1556559} with onPeerConnected
05:36:07 [NioClientManager] Peer - Peer{[68.67.122.33]:19999, version=70240, subVer=/Dash Core:23.1.8(dcg-masternode-4)/, services=7237 (NETWORK, BLOOM, NETWORK_LIMITED, COMPACT_FILTERS, HEADERS_COMPRESSED, remaining: 1000001000000), time=2026-09-19 00:36:06, height=1556563}: Received unhandled message: org.bitcoinj.core.SendCompactBlocksMessage@d717e28
05:36:07 [NioClientManager] Peer - Peer{[68.67.122.33]:19999, version=70240, subVer=/Dash Core:23.1.8(dcg-masternode-4)/, services=7237 (NETWORK, BLOOM, NETWORK_LIMITED, COMPACT_FILTERS, HEADERS_COMPRESSED, remaining: 1000001000000), time=2026-09-19 00:36:06, height=1556563}: Received unhandled message: SendDsq(send=true)
05:36:07 [NioClientManager] Peer - Peer{[68.67.122.31]:19999, version=70240, subVer=/Dash Core:23.1.8(dcg-masternode-2)/, services=7237 (NETWORK, BLOOM, NETWORK_LIMITED, COMPACT_FILTERS, HEADERS_COMPRESSED, remaining: 1000001000000), time=2026-09-19 00:36:06, height=1556563}: Received unhandled message: org.bitcoinj.core.SendCompactBlocksMessage@8b31741
05:36:07 [NioClientManager] Peer - Peer{[68.67.122.31]:19999, version=70240, subVer=/Dash Core:23.1.8(dcg-masternode-2)/, services=7237 (NETWORK, BLOOM, NETWORK_LIMITED, COMPACT_FILTERS, HEADERS_COMPRESSED, remaining: 1000001000000), time=2026-09-19 00:36:06, height=1556563}: Received unhandled message: SendDsq(send=true)
05:36:07 [NioClientManager] Peer - Peer{[68.67.122.77]:19999, version=70240, subVer=/Dash Core:23.1.8(dcg-masternode-48)/, services=7237 (NETWORK, BLOOM, NETWORK_LIMITED, COMPACT_FILTERS, HEADERS_COMPRESSED, remaining: 1000001000000), time=2026-09-19 00:36:06, height=1556563}: Received unhandled message: org.bitcoinj.core.SendCompactBlocksMessage@29ce4e6
05:36:07 [NioClientManager] Peer - Peer{[68.67.122.77]:19999, version=70240, subVer=/Dash Core:23.1.8(dcg-masternode-48)/, services=7237 (NETWORK, BLOOM, NETWORK_LIMITED, COMPACT_FILTERS, HEADERS_COMPRESSED, remaining: 1000001000000), time=2026-09-19 00:36:06, height=1556563}: Received unhandled message: SendDsq(send=true)
05:36:07 [NioClientManager] SporkManager - SPORK -- hash: d1d32f00374284b19ee33f9ef19386055fd15091ce4a476ab58701603594cc5e id: 10002 (SPORK_3_INSTANTSEND_BLOCK_FILTERING) value:          0 bestHeight: 1556563 peer=/68.67.122.31:19999 seen 
05:36:07 [NioClientManager] SporkManager - SPORK -- hash: c68903921495975e0f00ebd6bca4f6701d1483c897c8224341d8a91dcd110b2e id: 10020 (      SPORK_21_QUORUM_ALL_CONNECTED) value:          1 bestHeight: 1556563 peer=/68.67.122.31:19999 seen 
05:36:07 [NioClientManager] SporkManager - SPORK -- hash: b9d783455f2df58f1844e4b13ec13bccd1170ed0250c0be09ee6a7664175db47 id: 10008 (        SPORK_9_SUPERBLOCKS_ENABLED) value:          0 bestHeight: 1556563 peer=/68.67.122.31:19999 seen 
05:36:07 [NioClientManager] SporkManager - SPORK -- hash: a954a3dde9d3f8f6d4db268edfacf58e9e86b9f0eedaf666c792a144eea62deb id: 10022 (               SPORK_23_QUORUM_POSE) value:          0 bestHeight: 1556563 peer=/68.67.122.31:19999 seen 
05:36:07 [NioClientManager] SporkManager - SPORK -- hash: 2d1a2040ab918d5e8240e9e92e3a42a46a97073c90679a3df125ee6de113938c id: 10001 (        SPORK_2_INSTANTSEND_ENABLED) value:          0 bestHeight: 1556563 peer=/68.67.122.31:19999 seen 
05:36:07 [NioClientManager] SporkManager - SPORK -- hash: c0fa2288bfc94099c0bee6c074c950fa990db674024807a67d601153dadfe539 id: 10018 (        SPORK_19_CHAINLOCKS_ENABLED) value:          0 bestHeight: 1556563 peer=/68.67.122.31:19999 seen 
05:36:07 [NioClientManager] SporkManager - SPORK -- hash: e22c8dbbf3b6277346baec16495ba489ced20755a14e2b5051700d2bfa51fb5b id: 10016 (        SPORK_17_QUORUM_DKG_ENABLED) value:          0 bestHeight: 1556563 peer=/68.67.122.31:19999 seen 
05:36:07 [NioClientManager] SporkManager - SPORK -- hash: c68903921495975e0f00ebd6bca4f6701d1483c897c8224341d8a91dcd110b2e id: 10020 (      SPORK_21_QUORUM_ALL_CONNECTED) value:          1 bestHeight: 1556563 peer=/68.67.122.77:19999 seen 
05:36:07 [NioClientManager] SporkManager - SPORK -- hash: b9d783455f2df58f1844e4b13ec13bccd1170ed0250c0be09ee6a7664175db47 id: 10008 (        SPORK_9_SUPERBLOCKS_ENABLED) value:          0 bestHeight: 1556563 peer=/68.67.122.77:19999 seen 
05:36:07 [NioClientManager] SporkManager - SPORK -- hash: c0fa2288bfc94099c0bee6c074c950fa990db674024807a67d601153dadfe539 id: 10018 (        SPORK_19_CHAINLOCKS_ENABLED) value:          0 bestHeight: 1556563 peer=/68.67.122.77:19999 seen 
05:36:07 [NioClientManager] SporkManager - SPORK -- hash: d1d32f00374284b19ee33f9ef19386055fd15091ce4a476ab58701603594cc5e id: 10002 (SPORK_3_INSTANTSEND_BLOCK_FILTERING) value:          0 bestHeight: 1556563 peer=/68.67.122.77:19999 seen 
05:36:07 [NioClientManager] SporkManager - SPORK -- hash: e22c8dbbf3b6277346baec16495ba489ced20755a14e2b5051700d2bfa51fb5b id: 10016 (        SPORK_17_QUORUM_DKG_ENABLED) value:          0 bestHeight: 1556563 peer=/68.67.122.77:19999 seen 
05:36:07 [NioClientManager] SporkManager - SPORK -- hash: 2d1a2040ab918d5e8240e9e92e3a42a46a97073c90679a3df125ee6de113938c id: 10001 (        SPORK_2_INSTANTSEND_ENABLED) value:          0 bestHeight: 1556563 peer=/68.67.122.77:19999 seen 
05:36:07 [NioClientManager] SporkManager - SPORK -- hash: a954a3dde9d3f8f6d4db268edfacf58e9e86b9f0eedaf666c792a144eea62deb id: 10022 (               SPORK_23_QUORUM_POSE) value:          0 bestHeight: 1556563 peer=/68.67.122.77:19999 seen 
05:36:07 [NioClientManager] SporkManager - SPORK -- hash: c68903921495975e0f00ebd6bca4f6701d1483c897c8224341d8a91dcd110b2e id: 10020 (      SPORK_21_QUORUM_ALL_CONNECTED) value:          1 bestHeight: 1556563 peer=/68.67.122.33:19999 seen 
05:36:07 [NioClientManager] SporkManager - SPORK -- hash: 2d1a2040ab918d5e8240e9e92e3a42a46a97073c90679a3df125ee6de113938c id: 10001 (        SPORK_2_INSTANTSEND_ENABLED) value:          0 bestHeight: 1556563 peer=/68.67.122.33:19999 seen 
05:36:07 [NioClientManager] SporkManager - SPORK -- hash: b9d783455f2df58f1844e4b13ec13bccd1170ed0250c0be09ee6a7664175db47 id: 10008 (        SPORK_9_SUPERBLOCKS_ENABLED) value:          0 bestHeight: 1556563 peer=/68.67.122.33:19999 seen 
05:36:07 [NioClientManager] SporkManager - SPORK -- hash: c0fa2288bfc94099c0bee6c074c950fa990db674024807a67d601153dadfe539 id: 10018 (        SPORK_19_CHAINLOCKS_ENABLED) value:          0 bestHeight: 1556563 peer=/68.67.122.33:19999 seen 
05:36:07 [NioClientManager] SporkManager - SPORK -- hash: e22c8dbbf3b6277346baec16495ba489ced20755a14e2b5051700d2bfa51fb5b id: 10016 (        SPORK_17_QUORUM_DKG_ENABLED) value:          0 bestHeight: 1556563 peer=/68.67.122.33:19999 seen 
05:36:07 [NioClientManager] SporkManager - SPORK -- hash: d1d32f00374284b19ee33f9ef19386055fd15091ce4a476ab58701603594cc5e id: 10002 (SPORK_3_INSTANTSEND_BLOCK_FILTERING) value:          0 bestHeight: 1556563 peer=/68.67.122.33:19999 seen 
05:36:07 [NioClientManager] SporkManager - SPORK -- hash: a954a3dde9d3f8f6d4db268edfacf58e9e86b9f0eedaf666c792a144eea62deb id: 10022 (               SPORK_23_QUORUM_POSE) value:          0 bestHeight: 1556563 peer=/68.67.122.33:19999 seen 
05:36:07 [LLMQBackgroundThread] InstantSendManager - islock: signature has already been verified: 1a1dac75452c890f0c976a000315cfd96a702feded36e2d57f7828340c3a330a
05:36:07 [LLMQBackgroundThread] InstantSendManager - processing islock txid=1a1dac75452c890f0c976a000315cfd96a702feded36e2d57f7828340c3a330a, islock=ba41b0562450938f97999a25dbee8ca4b633677048b369975adb337c5dc5df4d:  peer=-1
05:36:07 [dashj user thread] TransactionBroadcast - broadcastTransaction: IX_TYPE:  TX 1a1dac75452c890f0c976a000315cfd96a702feded36e2d57f7828340c3a330a seen by 0 peers
05:36:07 [LLMQBackgroundThread] InstantSendManager - InstantSendManager -- verified locks. count=0, alreadyVerified=0, vt=16.83 μs, nodes=0
05:36:07 [LLMQBackgroundThread] InstantSendManager - processing islock txid=1a1dac75452c890f0c976a000315cfd96a702feded36e2d57f7828340c3a330a, islock=ba41b0562450938f97999a25dbee8ca4b633677048b369975adb337c5dc5df4d:  peer=-1
05:36:07 [main] BLSJniLibrary - Initializing BLS JNI Library
05:36:07 [dashj user thread] TransactionBroadcast - broadcastTransaction: IX_TYPE:  TX 1a1dac75452c890f0c976a000315cfd96a702feded36e2d57f7828340c3a330a seen by 0 peers
05:36:07 [main] BLSJniLibrary - Initializing BLS JNI Library
05:36:10 [Wallet autosave thread] WalletFiles - Background saving wallet; last seen block is height 1556563, date 2026-09-19T05:35:33Z, hash 00000050e96db3d9381dde85c28ad3d54625fd78f0727eb308f41dec02ecc087
05:36:10 [Wallet autosave thread] CoinJoinExtension - CoinJoinExtension serialization: 8ms total (keys:7ms[2006], cache:0ms[0], salt:0ms, io:1ms, size:208967bytes, buffer:64KB)
05:36:10 [Wallet autosave thread] WalletProtobufSerializer - walletToProto (serial=15) timing: 10ms total, init=0ms, tx=0ms[2], keys=0ms, scripts=0ms[0], metadata=0ms, ext=9ms, friendRecv=0ms, friendSend=0ms, build=0ms
05:36:10 [Wallet autosave thread] WalletProtobufSerializer - writeWallet timing: 10ms total (10ms/100% serialization, 0ms/0% I/O) buffer=8KB
05:36:10 [Wallet autosave thread] WalletFiles - Save completed in 18.14 ms (274621 bytes); /data/user/0/hashengineering.darkcoin.wallet_test/files/wallet-protobuf-testnet
05:36:27 [main] WalletActivityTracker - activity lifecycle: current: TransactionResultActivity, activities: 2 visible: 1 foreground: 0
05:36:27 [main] WalletActivityTracker - activity lifecycle: current: MainActivity, activities: 2 visible: 2 foreground: 0
05:36:27 [main] SecurityGuard - loading security guard [healthy=true] with keys: [keystore_healthy, fallback_pin_wallet_password_key, primary_ui_pin_key, modern_encryption_migration_complete, fallback_mnemonic_wallet_password_key, primary_wallet_password_key, fallback_mnemonic_ui_pin_key]
05:36:27 [main] SecurityGuard - loading security guard [healthy=true] with keys: [keystore_healthy, fallback_pin_wallet_password_key, primary_ui_pin_key, modern_encryption_migration_complete, fallback_mnemonic_wallet_password_key, primary_wallet_password_key, fallback_mnemonic_ui_pin_key]
05:36:27 [main] LockScreenActivity - show lock screen false = ![keepUnlocked=false] && autologout=true && (keepUnlockedUntilPenEntered=false || shouldLogout=false) || isHealthy=true
05:36:27 [main] MainViewModel - platform available: true; no identity creation is progress: true
05:36:27 [main] MainActivity - updateTrigger => rateStale: RateRetrievalState(lastAttemptFailed=false, staleRates=false, volatile=false)
05:36:27 [main] WalletActivityTracker - activity lifecycle: current: MainActivity, activities: 2 visible: 2 foreground: 1
05:36:27 [DefaultDispatcher-worker-3] TimeUtils - timeskew: 994; using last value
05:36:27 [DefaultDispatcher-worker-3] CoinJoinMixingService - coinjoin-state: NONE, 994 ms, true, CONNECTED, synced: true, true
05:36:27 [DefaultDispatcher-worker-3] CoinJoinMixingService - coinjoin-state-mixing: NOT_STARTED -> NOT_STARTED
05:36:27 [main] DeviceInfoProvider - Detecting currency based on device, mobile network or locale:
05:36:27 [main] DeviceInfoProvider - Device Sim Country: us
05:36:27 [main] MainViewModel - Updating currency exchange rate based on country: US
05:36:27 [main] WalletTransactionsFragment - STARTUP WalletTransactionsFragment.onViewCreated at 1789796187384
05:36:27 [main] WalletTransactionsFragment - STARTUP submitData called on thread=main at 1789796187385
05:36:27 [main] HistoryHeaderAdapter - set invite, synced = true
05:36:27 [main] HistoryHeaderAdapter - set invite = null
05:36:27 [main] HistoryHeaderAdapter - set invite, synced = true
05:36:27 [main] BlockchainServiceImpl - .onStartCommand(Intent { cmp=hashengineering.darkcoin.wallet_test/de.schildbach.wallet.service.BlockchainServiceImpl })
05:36:27 [DefaultDispatcher-worker-5] BlockchainServiceImpl - onStartCommand waiting for onCreate to complete...
05:36:27 [DefaultDispatcher-worker-5] BlockchainServiceImpl - onCreate completed, processing onStartCommand
05:36:27 [DefaultDispatcher-worker-5] BLSJniLibrary - Initializing BLS JNI Library
05:36:27 [DefaultDispatcher-worker-5] BlockchainServiceImpl - service start command: Intent { cmp=hashengineering.darkcoin.wallet_test/de.schildbach.wallet.service.BlockchainServiceImpl }
05:36:27 [DefaultDispatcher-worker-5] BlockchainServiceImpl - .onStartCommand(Intent { cmp=hashengineering.darkcoin.wallet_test/de.schildbach.wallet.service.BlockchainServiceImpl }) finished
05:36:27 [main] BlockchainServiceImpl - .onStartCommand(Intent { act=de.schildbach.wallet.service.cancel_coins_received cmp=hashengineering.darkcoin.wallet_test/de.schildbach.wallet.service.BlockchainServiceImpl })
05:36:27 [DefaultDispatcher-worker-2] BlockchainServiceImpl - onStartCommand waiting for onCreate to complete...
05:36:27 [DefaultDispatcher-worker-2] BlockchainServiceImpl - onCreate completed, processing onStartCommand
05:36:27 [DefaultDispatcher-worker-2] BLSJniLibrary - Initializing BLS JNI Library
05:36:27 [DefaultDispatcher-worker-2] BlockchainServiceImpl - service start command: Intent { act=de.schildbach.wallet.service.cancel_coins_received cmp=hashengineering.darkcoin.wallet_test/de.schildbach.wallet.service.BlockchainServiceImpl }
05:36:27 [DefaultDispatcher-worker-2] BlockchainServiceImpl - .onStartCommand(Intent { act=de.schildbach.wallet.service.cancel_coins_received cmp=hashengineering.darkcoin.wallet_test/de.schildbach.wallet.service.BlockchainServiceImpl }) finished
05:36:27 [main] WalletTransactionsFragment - STARTUP swapping to live adapter: 3 items at 1789796187441
05:36:27 [main] WalletActivityTracker - activity lifecycle: current: TransactionResultActivity, activities: 2 visible: 1 foreground: 1
05:36:27 [main] WalletActivityTracker - activity lifecycle: activity TransactionResultActivity destroyed
05:36:27 [main] WalletActivityTracker - activity lifecycle: current: TransactionResultActivity, activities: 1 visible: 1 foreground: 1
05:36:42 [main] BlockchainIdentityData - creation: BlockchainIdentityData(NONE, null, null, null, null, null)
05:36:42 [main] BlockchainIdentityData - creation: BlockchainIdentityData(NONE, null, null, null, null, null)
05:36:42 [main] BlockchainIdentityData - creation: BlockchainIdentityData(NONE, null, null, null, null, null)
05:36:46 [LLMQBackgroundThread] LLMQBackgroundThread - InstantSendManager:  pendingInstantSendLocks 0, DB: SPVISDB:  isLockCache:  1, txidCache: 1, outpointCache: 1, isLockHashHeight: 0
05:36:52 [DefaultDispatcher-worker-4] BlockchainServiceImpl - network capabilities changed: 100, hasInternet: true, validated: true
05:36:52 [DefaultDispatcher-worker-4] BlockchainServiceImpl - acquiring check() mutex
05:36:52 [DefaultDispatcher-worker-4] BlockchainServiceImpl - check()
05:36:52 [DefaultDispatcher-worker-4] BlockchainServiceImpl - releasing check() mutex
05:36:54 [main] TransactionMetadataSettingsViewModel - last save date: null
05:36:54 [main] TransactionMetadataSettingsViewModel - future save date: null
05:36:54 [DefaultDispatcher-worker-8] Constants - --> GET https://rates.ctx.com/rates?source=ctx
05:36:54 [main] BlockchainIdentityData - creation: BlockchainIdentityData(NONE, null, null, null, null, null)
05:36:54 [DefaultDispatcher-worker-7] WalletTransactionMetadataProvider - metadata: TxOut of 0.05 DASH to yMahoHJCR7ZGztjQwxZ7FZpBEMDdnTpRjh script:DUP HASH160 PUSHDATA(20)[0ddad833844a886ab85ed9959c90079998ed7c92] EQUALVERIFY CHECKSIG
05:36:54 [DefaultDispatcher-worker-5] WalletTransactionMetadataProvider - metadata: TxOut of 0.94999773 DASH to yg6CfcF5yBA9eNaJGgrczqEGLxcAAyJiSq script:DUP HASH160 PUSHDATA(20)[d8e144e26103cecc0f7496b785c72f65f5131fb6] EQUALVERIFY CHECKSIG
05:36:54 [DefaultDispatcher-worker-2] TransactionMetadataSettingsViewModel - unsaved count: 4
05:36:54 [DefaultDispatcher-worker-3] WalletTransactionMetadataProvider - metadata: TxOut of 1.00 DASH to yLRHLPYFiRXPQPm2CaD5AsifEfqpYbSRKo script:DUP HASH160 PUSHDATA(20)[011a8dc9c32f4ce55f8d34578bf142c92f9c20b6] EQUALVERIFY CHECKSIG
05:36:54 [DefaultDispatcher-worker-3] WalletTransactionMetadataProvider - metadata: TxOut of 2.9999955 DASH to yPrynRN6ViX2rCcRL5SoSi8ntcWgdHSEaS script:DUP HASH160 PUSHDATA(20)[26df1860ef5c819a6af08533db64a026bd840756] EQUALVERIFY CHECKSIG
05:36:54 [DefaultDispatcher-worker-3] PlatformSynchronizationService - determining unsaved transactions: 9.060 ms, 2 txes
05:36:54 [DefaultDispatcher-worker-3] TransactionMetadataSettingsViewModel - old unsaved count: 2
05:36:55 [DefaultDispatcher-worker-8] Constants - <-- 200 https://rates.ctx.com/rates?source=ctx (82ms, unknown-length body)
05:36:55 [DefaultDispatcher-worker-8] ExchangeRatesRepository - exchange rates updated successfully with de.schildbach.wallet.rates.DashRetailClient@6fd60bc
05:36:55 [DefaultDispatcher-worker-8] ExchangeRatesRepository - updateTrigger
05:36:55 [DefaultDispatcher-worker-9] BlockchainServiceImpl - network capabilities changed: 100, hasInternet: true, validated: true
05:36:55 [DefaultDispatcher-worker-9] BlockchainServiceImpl - acquiring check() mutex
05:36:55 [DefaultDispatcher-worker-9] BlockchainServiceImpl - check()
05:36:55 [DefaultDispatcher-worker-9] BlockchainServiceImpl - releasing check() mutex
05:36:59 [DefaultDispatcher-worker-8] BlockchainServiceImpl - network capabilities changed: 100, hasInternet: true, validated: true
05:36:59 [DefaultDispatcher-worker-8] BlockchainServiceImpl - acquiring check() mutex
05:36:59 [DefaultDispatcher-worker-8] BlockchainServiceImpl - check()
05:36:59 [DefaultDispatcher-worker-8] BlockchainServiceImpl - releasing check() mutex
05:37:00 [main] BlockchainServiceImpl - History of transactions/blocks/headers/mnlistdiff: 2/0/0/0, 0/1/0/0, 0/1/0/0, 0/0/0/0, 0/0/0/0, 0/1/0/0, 0/1/0/0, 1/0/0/0, 0/0/0/0
05:37:02 [DefaultDispatcher-worker-2] BlockchainServiceImpl - network capabilities changed: 100, hasInternet: true, validated: true
05:37:02 [DefaultDispatcher-worker-2] BlockchainServiceImpl - acquiring check() mutex
05:37:02 [DefaultDispatcher-worker-2] BlockchainServiceImpl - check()
05:37:02 [DefaultDispatcher-worker-2] BlockchainServiceImpl - releasing check() mutex
05:37:07 [DefaultDispatcher-worker-7] Constants - --> GET https://rates.ctx.com/rates?source=ctx
05:37:07 [DefaultDispatcher-worker-7] Constants - <-- 200 https://rates.ctx.com/rates?source=ctx (89ms, unknown-length body)
05:37:07 [DefaultDispatcher-worker-7] ExchangeRatesRepository - exchange rates updated successfully with de.schildbach.wallet.rates.DashRetailClient@6fd60bc
05:37:07 [DefaultDispatcher-worker-7] ExchangeRatesRepository - updateTrigger
05:37:23 [DefaultDispatcher-worker-6] BlockchainServiceImpl - network capabilities changed: 100, hasInternet: true, validated: true
05:37:23 [DefaultDispatcher-worker-6] BlockchainServiceImpl - acquiring check() mutex
05:37:23 [DefaultDispatcher-worker-6] BlockchainServiceImpl - check()
05:37:23 [DefaultDispatcher-worker-6] BlockchainServiceImpl - releasing check() mutex
05:37:26 [DefaultDispatcher-worker-4] BlockchainServiceImpl - network capabilities changed: 100, hasInternet: true, validated: true
05:37:26 [DefaultDispatcher-worker-4] BlockchainServiceImpl - acquiring check() mutex
05:37:26 [DefaultDispatcher-worker-4] BlockchainServiceImpl - check()
05:37:26 [DefaultDispatcher-worker-4] BlockchainServiceImpl - releasing check() mutex
05:37:27 [NioClientManager] InstantSendManager - received islock:  txid=3968b130d027618b0ee528729a8b0b077169d49069450add192293d6ed30f15a, islock=8df3e75e04c49820c367251059c508a63a0634b283df48b76a9d65e8d6ac1555 , peer=35731818
05:37:27 [NioClientManager] InstantSendManager - received islock:  txid=3968b130d027618b0ee528729a8b0b077169d49069450add192293d6ed30f15a, islock=8df3e75e04c49820c367251059c508a63a0634b283df48b76a9d65e8d6ac1555 , peer=116426327
05:37:27 [LLMQBackgroundThread] SPVQuorumManager - quorum list is old, the quorums may not match
05:37:27 [LLMQBackgroundThread] InstantSendManager - InstantSendManager -- verified locks. count=1, alreadyVerified=0, vt=2.950 ms, nodes=1
05:37:27 [LLMQBackgroundThread] InstantSendManager - processing islock txid=3968b130d027618b0ee528729a8b0b077169d49069450add192293d6ed30f15a, islock=8df3e75e04c49820c367251059c508a63a0634b283df48b76a9d65e8d6ac1555:  peer=35731818
05:37:27 [LLMQBackgroundThread] InstantSendManager - passing reconstructed recSig to signing mgr -- txid=3968b130d027618b0ee528729a8b0b077169d49069450add192293d6ed30f15a, islock=8df3e75e04c49820c367251059c508a63a0634b283df48b76a9d65e8d6ac1555: peer=35731818
05:37:27 [LLMQBackgroundThread] SigningManager - valid recSig. signHash=7ee32500d1a7d01b721a1de912c5126d5c7b4574a96aa20f9ea04b2023cd953c, id=78826388baf0e8b7a1232cae7e2dfa11f0b1b89a4266789de49919037ab8f2a3, msgHash=3968b130d027618b0ee528729a8b0b077169d49069450add192293d6ed30f15a, node=-1
05:37:27 [LLMQBackgroundThread] InstantSendManager - islock: signature has already been verified: 3968b130d027618b0ee528729a8b0b077169d49069450add192293d6ed30f15a
05:37:27 [LLMQBackgroundThread] InstantSendManager - processing islock txid=3968b130d027618b0ee528729a8b0b077169d49069450add192293d6ed30f15a, islock=8df3e75e04c49820c367251059c508a63a0634b283df48b76a9d65e8d6ac1555:  peer=116426327
05:37:27 [LLMQBackgroundThread] InstantSendManager - InstantSendManager -- verified locks. count=0, alreadyVerified=0, vt=13.33 μs, nodes=0
05:37:27 [LLMQBackgroundThread] InstantSendManager - processing islock txid=3968b130d027618b0ee528729a8b0b077169d49069450add192293d6ed30f15a, islock=8df3e75e04c49820c367251059c508a63a0634b283df48b76a9d65e8d6ac1555:  peer=116426327
05:37:29 [DefaultDispatcher-worker-2] BlockchainServiceImpl - network capabilities changed: 100, hasInternet: true, validated: true
05:37:29 [DefaultDispatcher-worker-2] BlockchainServiceImpl - acquiring check() mutex
05:37:29 [DefaultDispatcher-worker-2] BlockchainServiceImpl - check()
05:37:29 [DefaultDispatcher-worker-2] BlockchainServiceImpl - releasing check() mutex
05:37:32 [DefaultDispatcher-worker-6] BlockchainServiceImpl - network capabilities changed: 100, hasInternet: true, validated: true
05:37:32 [DefaultDispatcher-worker-6] BlockchainServiceImpl - acquiring check() mutex
05:37:32 [DefaultDispatcher-worker-6] BlockchainServiceImpl - check()
05:37:32 [DefaultDispatcher-worker-6] BlockchainServiceImpl - releasing check() mutex
05:37:32 [LLMQBackgroundThread] LLMQBackgroundThread - InstantSendManager:  pendingInstantSendLocks 0, DB: SPVISDB:  isLockCache:  2, txidCache: 2, outpointCache: 5, isLockHashHeight: 0
05:37:35 [DefaultDispatcher-worker-6] BlockchainServiceImpl - network capabilities changed: 100, hasInternet: true, validated: true
05:37:35 [DefaultDispatcher-worker-6] BlockchainServiceImpl - acquiring check() mutex
05:37:35 [DefaultDispatcher-worker-6] BlockchainServiceImpl - check()
05:37:35 [DefaultDispatcher-worker-6] BlockchainServiceImpl - releasing check() mutex
05:37:36 [LLMQBackgroundThread] InstantSendManager - islock: signature has already been verified: 3968b130d027618b0ee528729a8b0b077169d49069450add192293d6ed30f15a
05:37:36 [LLMQBackgroundThread] InstantSendManager - processing islock txid=3968b130d027618b0ee528729a8b0b077169d49069450add192293d6ed30f15a, islock=8df3e75e04c49820c367251059c508a63a0634b283df48b76a9d65e8d6ac1555:  peer=-1
05:37:36 [LLMQBackgroundThread] InstantSendManager - InstantSendManager -- verified locks. count=0, alreadyVerified=0, vt=15.13 μs, nodes=0
05:37:36 [LLMQBackgroundThread] InstantSendManager - processing islock txid=3968b130d027618b0ee528729a8b0b077169d49069450add192293d6ed30f15a, islock=8df3e75e04c49820c367251059c508a63a0634b283df48b76a9d65e8d6ac1555:  peer=-1
05:37:38 [DefaultDispatcher-worker-6] BlockchainServiceImpl - network capabilities changed: 100, hasInternet: true, validated: true
05:37:38 [DefaultDispatcher-worker-6] BlockchainServiceImpl - acquiring check() mutex
05:37:38 [DefaultDispatcher-worker-6] BlockchainServiceImpl - check()
05:37:38 [DefaultDispatcher-worker-6] BlockchainServiceImpl - releasing check() mutex
05:37:47 [DefaultDispatcher-worker-1] BlockchainServiceImpl - network capabilities changed: 100, hasInternet: true, validated: true
05:37:47 [DefaultDispatcher-worker-1] BlockchainServiceImpl - acquiring check() mutex
05:37:47 [DefaultDispatcher-worker-1] BlockchainServiceImpl - check()
05:37:47 [DefaultDispatcher-worker-1] BlockchainServiceImpl - releasing check() mutex
05:37:47 [DefaultDispatcher-worker-6] Constants - --> GET https://rates.ctx.com/rates?source=ctx
05:37:47 [DefaultDispatcher-worker-3] Constants - --> GET https://rates.ctx.com/rates?source=ctx
05:37:48 [DefaultDispatcher-worker-3] Constants - <-- 200 https://rates.ctx.com/rates?source=ctx (86ms, unknown-length body)
05:37:48 [DefaultDispatcher-worker-6] Constants - <-- 200 https://rates.ctx.com/rates?source=ctx (89ms, unknown-length body)
05:37:48 [DefaultDispatcher-worker-7] ExchangeRatesRepository - exchange rates updated successfully with de.schildbach.wallet.rates.DashRetailClient@6fd60bc
05:37:48 [DefaultDispatcher-worker-7] ExchangeRatesRepository - updateTrigger
05:37:48 [DefaultDispatcher-worker-2] ExchangeRatesRepository - exchange rates updated successfully with de.schildbach.wallet.rates.DashRetailClient@6fd60bc
05:37:48 [DefaultDispatcher-worker-7] ExchangeRatesRepository - updateTrigger
05:37:50 [DefaultDispatcher-worker-6] BlockchainServiceImpl - network capabilities changed: 100, hasInternet: true, validated: true
05:37:50 [DefaultDispatcher-worker-6] BlockchainServiceImpl - acquiring check() mutex
05:37:50 [DefaultDispatcher-worker-6] BlockchainServiceImpl - check()
05:37:50 [DefaultDispatcher-worker-6] BlockchainServiceImpl - releasing check() mutex
05:37:53 [DefaultDispatcher-worker-6] BlockchainServiceImpl - network capabilities changed: 100, hasInternet: true, validated: true
05:37:53 [DefaultDispatcher-worker-6] BlockchainServiceImpl - acquiring check() mutex
05:37:53 [DefaultDispatcher-worker-6] BlockchainServiceImpl - check()
05:37:53 [DefaultDispatcher-worker-6] BlockchainServiceImpl - releasing check() mutex
05:37:59 [main] WalletActivityTracker - activity lifecycle: current: MainActivity, activities: 1 visible: 1 foreground: 0
05:37:59 [main] BlockchainServiceImpl - onTrimMemory(20) called
05:38:00 [main] BlockchainServiceImpl - onTrimMemory(40) called
05:38:00 [main] BlockchainServiceImpl - low memory detected, stopping service
05:38:00 [main] WalletActivityTracker - activity lifecycle: current: MainActivity, activities: 1 visible: 0 foreground: 0
05:38:00 [main] WalletActivityTracker - activity lifecycle: activity MainActivity destroyed
05:38:00 [main] WalletActivityTracker - activity lifecycle: current: MainActivity, activities: 0 visible: 0 foreground: 0
05:38:00 [main] WalletActivityTracker - activity lifecycle: app closed
05:38:00 [main] BlockchainServiceImpl - .onDestroy()
05:38:00 [main] BlockchainServiceImpl - receivers unregistered, Now starting coroutine to finish the rest of the cleanup
05:38:00 [main] BlockchainServiceImpl - service was up for 11 minutes
05:38:00 [DefaultDispatcher-worker-4] BlockchainServiceImpl - The onCreateCompleted is active: false
05:38:00 [DefaultDispatcher-worker-4] BlockchainServiceImpl - The check() mutex is locked: false
05:38:00 [DefaultDispatcher-worker-4] BlockchainServiceImpl - Created new cleanupDeferred for coordination (previous was null)
05:38:00 [DefaultDispatcher-worker-4] BlockchainServiceImpl - detaching from wallet
05:38:00 [DefaultDispatcher-worker-4] WalletApplication - last used 11 minutes ago, rescheduling blockchain sync in roughly 15 minutes
05:38:00 [DefaultDispatcher-worker-4] BlockchainServiceImpl - stop monitoring 2 old transactions
05:38:00 [DefaultDispatcher-worker-4] BlockchainServiceImpl - shutting down peerGroup and system services
05:38:00 [DefaultDispatcher-worker-4] BLSJniLibrary - Initializing BLS JNI Library
05:38:00 [DefaultDispatcher-worker-4] CoinJoinMixingService - coinjoin: preparing for shutdown - blocking new refreshUnusedKeys and awaiting any in-progress call
05:38:00 [DefaultDispatcher-worker-4] BlockchainServiceImpl - CLEANUP STEP 1: peerGroup listeners and wallet removed
05:38:00 [DefaultDispatcher-worker-4] BlockchainServiceImpl - CLEANUP STEP 2: About to call peerGroup.forceStop(7000)
05:38:00 [DefaultDispatcher-worker-4] PeerGroup - stopAsync() called - executor shutdown: false, terminated: false
05:38:00 [DefaultDispatcher-worker-4] PeerGroup - Executor queue size: 2, active threads: 0
05:38:00 [DefaultDispatcher-worker-4] PeerGroup - Remaining job: java.util.concurrent.ScheduledThreadPoolExecutor$ScheduledFutureTask@995ce3a[Not completed] (class: ScheduledFutureTask)
05:38:00 [DefaultDispatcher-worker-4] PeerGroup - Remaining job: java.util.concurrent.ScheduledThreadPoolExecutor$ScheduledFutureTask@47aaaeb[Not completed] (class: ScheduledFutureTask)
05:38:00 [DefaultDispatcher-worker-4] PeerGroup - Found PeerGroup thread: PeerGroup Thread (state: TIMED_WAITING)
05:38:00 [DefaultDispatcher-worker-1] CoinJoinMixingService - coinjoin-state: NONE, 994 ms, true, DISCONNECTING, synced: true, true
05:38:00 [DefaultDispatcher-worker-1] CoinJoinMixingService - coinjoin-state-mixing: NOT_STARTED -> NOT_STARTED
05:38:00 [DefaultDispatcher-worker-4] PeerGroup - Stack trace for thread PeerGroup Thread:
05:38:00 [DefaultDispatcher-worker-4] PeerGroup -   at jdk.internal.misc.Unsafe.park(Native Method)
05:38:00 [DefaultDispatcher-worker-4] PeerGroup -   at java.util.concurrent.locks.LockSupport.parkNanos(LockSupport.java:252)
05:38:00 [DefaultDispatcher-worker-4] PeerGroup -   at java.util.concurrent.locks.AbstractQueuedSynchronizer$ConditionObject.awaitNanos(AbstractQueuedSynchronizer.java:1672)
05:38:00 [DefaultDispatcher-worker-4] PeerGroup -   at java.util.concurrent.ScheduledThreadPoolExecutor$DelayedWorkQueue.take(ScheduledThreadPoolExecutor.java:1188)
05:38:00 [DefaultDispatcher-worker-4] PeerGroup -   at java.util.concurrent.ScheduledThreadPoolExecutor$DelayedWorkQueue.take(ScheduledThreadPoolExecutor.java:905)
05:38:00 [DefaultDispatcher-worker-4] PeerGroup -   at java.util.concurrent.ThreadPoolExecutor.getTask(ThreadPoolExecutor.java:1071)
05:38:00 [DefaultDispatcher-worker-4] PeerGroup -   at java.util.concurrent.ThreadPoolExecutor.runWorker(ThreadPoolExecutor.java:1131)
05:38:00 [DefaultDispatcher-worker-4] PeerGroup -   at java.util.concurrent.ThreadPoolExecutor$Worker.run(ThreadPoolExecutor.java:644)
05:38:00 [DefaultDispatcher-worker-4] PeerGroup -   at org.bitcoinj.utils.ContextPropagatingThreadFactory$1.run(ContextPropagatingThreadFactory.java:48)
05:38:00 [DefaultDispatcher-worker-4] PeerGroup -   at java.lang.Thread.run(Thread.java:1012)
05:38:00 [DefaultDispatcher-worker-4] PeerGroup - Found PeerGroup thread: PeerGroup Thread (state: WAITING)
05:38:00 [DefaultDispatcher-worker-4] PeerGroup - Stack trace for thread PeerGroup Thread:
05:38:00 [DefaultDispatcher-worker-4] PeerGroup -   at jdk.internal.misc.Unsafe.park(Native Method)
05:38:00 [DefaultDispatcher-worker-4] PeerGroup -   at java.util.concurrent.locks.LockSupport.park(LockSupport.java:211)
05:38:00 [DefaultDispatcher-worker-4] PeerGroup -   at java.util.concurrent.locks.AbstractQueuedSynchronizer.acquire(AbstractQueuedSynchronizer.java:715)
05:38:00 [DefaultDispatcher-worker-4] PeerGroup -   at java.util.concurrent.locks.AbstractQueuedSynchronizer.acquireSharedInterruptibly(AbstractQueuedSynchronizer.java:1047)
05:38:00 [DefaultDispatcher-worker-4] PeerGroup -   at java.util.concurrent.CountDownLatch.await(CountDownLatch.java:230)
05:38:00 [DefaultDispatcher-worker-4] PeerGroup -   at com.google.common.util.concurrent.Uninterruptibles.awaitUninterruptibly(Uninterruptibles.java:59)
05:38:00 [DefaultDispatcher-worker-4] PeerGroup -   at org.bitcoinj.core.PeerGroup$6.run(PeerGroup.java:509)
05:38:00 [DefaultDispatcher-worker-4] PeerGroup -   at java.util.concurrent.Executors$RunnableAdapter.call(Executors.java:487)
05:38:00 [DefaultDispatcher-worker-4] PeerGroup -   at java.util.concurrent.FutureTask.run(FutureTask.java:264)
05:38:00 [DefaultDispatcher-worker-4] PeerGroup -   at java.util.concurrent.ScheduledThreadPoolExecutor$ScheduledFutureTask.run(ScheduledThreadPoolExecutor.java:307)
05:38:00 [DefaultDispatcher-worker-4] PeerGroup -   at java.util.concurrent.ThreadPoolExecutor.runWorker(ThreadPoolExecutor.java:1145)
05:38:00 [DefaultDispatcher-worker-4] PeerGroup -   at java.util.concurrent.ThreadPoolExecutor$Worker.run(ThreadPoolExecutor.java:644)
05:38:00 [DefaultDispatcher-worker-4] PeerGroup -   at org.bitcoinj.utils.ContextPropagatingThreadFactory$1.run(ContextPropagatingThreadFactory.java:48)
05:38:00 [DefaultDispatcher-worker-4] PeerGroup -   at java.lang.Thread.run(Thread.java:1012)
05:38:00 [DefaultDispatcher-worker-4] PeerGroup - About to submit shutdown task to executor
05:38:00 [DefaultDispatcher-worker-4] PeerGroup - Awaiting PeerGroup shutdown ... (forcing after 7 second(s))
05:38:00 [PeerGroup Thread] PeerGroup - Stopping ...
05:38:00 [PeerGroup Thread] PeerGroup - Unsetting download peer: Peer{[68.67.122.82]:19999, version=70240, subVer=/Dash Core:23.1.8(dcg-masternode-53)/, services=7237 (NETWORK, BLOOM, NETWORK_LIMITED, COMPACT_FILTERS, HEADERS_COMPRESSED, remaining: 1000001000000), time=2026-09-19 00:26:39, height=1556559}
05:38:00 [PeerGroup Thread] DashSystem - stopping LLMQThread
05:38:00 [PeerGroup Thread] CoinJoinManager - CoinJoinManager stopping...
05:38:00 [LLMQBackgroundThread] LLMQBackgroundThread - stopping LLMQBackgroundThread via InterruptedException
05:38:00 [PeerGroup Thread] PeerGroup - Stopped, took 20.00 ms.
05:38:00 [DefaultDispatcher-worker-4] PeerGroup - ... took 26.55 ms (timed out: false)
05:38:00 [DefaultDispatcher-worker-4] PeerGroup - PeerGroup shutdown completed in 26.59 ms
05:38:00 [DefaultDispatcher-worker-4] BlockchainServiceImpl - CLEANUP STEP 2: peerGroup.forceStop() completed
05:38:00 [DefaultDispatcher-worker-4] BlockchainServiceImpl - CLEANUP STEP 3: About to close dashSystemService.system
05:38:00 [DefaultDispatcher-worker-4] DashSystem - Closing network spork configuration manager
05:38:00 [DefaultDispatcher-worker-4] DashSystem - Closing masternode synchronization state
05:38:00 [DefaultDispatcher-worker-4] DashSystem - Closing masternode list manager (includes thread pool shutdown)
05:38:00 [DefaultDispatcher-worker-4] AbstractQuorumState - cancel: GetSimplifiedMasternodeListDiff
05:38:00 [DefaultDispatcher-worker-4] AbstractQuorumState - cancel: GetQuorumRotationInfo
05:38:00 [DefaultDispatcher-worker-4] SimplifiedMasternodeListManager - ThreadPool shutdown initiated, not waiting
05:38:00 [DefaultDispatcher-worker-4] ManagerFiles - Saving manager file: /data/user/0/hashengineering.darkcoin.wallet_test/app_masternode/simplifiedmasternodelistmanager-testnet.dat
05:38:00 [DefaultDispatcher-worker-3] CoinJoinMixingService - coinjoin-state: NONE, 994 ms, true, STOPPED, synced: true, true
05:38:00 [DefaultDispatcher-worker-4] FlatDB - Writing SimplifiedMasternodeListManager-5 to manager632356526374954954.tmp...
05:38:00 [DefaultDispatcher-worker-3] CoinJoinMixingService - coinjoin-state-mixing: NOT_STARTED -> NOT_STARTED
05:38:00 [DefaultDispatcher-worker-4] FlatDB - Written info to /data/user/0/hashengineering.darkcoin.wallet_test/app_masternode/manager632356526374954954.tmp  10ms
05:38:00 [DefaultDispatcher-worker-4] FlatDB -   SimplifiedMNListManager:  {tip:Simplified MN List(count: 373 height: 1556344), SimplifiedQuorumList(count: 109; 1556555), SimplifiedQuorumList(count: 32; 1556344), pending blocks: 0 / 0}
05:38:00 [DefaultDispatcher-worker-4] FlatDB - manager632356526374954954.tmp dump finished  12ms
05:38:00 [DefaultDispatcher-worker-4] ManagerFiles - Save completed in 12.58 ms to /data/user/0/hashengineering.darkcoin.wallet_test/app_masternode/simplifiedmasternodelistmanager-testnet.dat
05:38:00 [DefaultDispatcher-worker-4] DashSystem - Closing InstantSend transaction lock manager
05:38:03 [DefaultDispatcher-worker-4] InstantSendManager - scheduled threads still remain
05:38:03 [DefaultDispatcher-worker-4] DashSystem - Closing LLMQ signature signing manager
05:38:03 [DefaultDispatcher-worker-4] DashSystem - Closing ChainLock verification handler
05:38:03 [DefaultDispatcher-worker-4] DashSystem - Closing quorum state manager
05:38:03 [DefaultDispatcher-worker-4] DashSystem - Closing CoinJoin mixing manager
05:38:03 [DefaultDispatcher-worker-4] DashSystem - Stopping LLMQ background thread
05:38:03 [DefaultDispatcher-worker-4] DashSystem - Removing block chain event listener
05:38:03 [DefaultDispatcher-worker-4] DashSystem - Closing main block chain
05:38:03 [DefaultDispatcher-worker-4] DashSystem - Closing header chain
05:38:03 [DefaultDispatcher-worker-4] DashSystem - closing dual blockchain
05:38:03 [DefaultDispatcher-worker-4] DashSystem - Clearing peer group reference
05:38:03 [DefaultDispatcher-worker-4] BlockchainServiceImpl - CLEANUP STEP 3: Dash system services are shutdown
05:38:03 [DefaultDispatcher-worker-4] BlockchainServiceImpl - CLEANUP STEP 4: About to shutdown riskAnalyzer
05:38:03 [DefaultDispatcher-worker-4] BlockchainServiceImpl - CLEANUP STEP 4: riskAnalyzer shutdown completed, peergroup fully stopped
05:38:03 [DefaultDispatcher-worker-4] BlockchainServiceImpl - CLEANUP STEP 5: About to stop peerConnectivityListener
05:38:03 [DefaultDispatcher-worker-4] BlockchainServiceImpl - CLEANUP STEP 5: peerConnectivityListener stopped
05:38:03 [DefaultDispatcher-worker-4] BlockchainServiceImpl - CLEANUP STEP 6: delayHandler callbacks cleared
05:38:03 [DefaultDispatcher-worker-4] BlockchainServiceImpl - closing blockchain stores
05:38:03 [DefaultDispatcher-worker-4] BLSJniLibrary - Initializing BLS JNI Library
05:38:03 [DefaultDispatcher-worker-3] CoinJoinMixingService - setting blockchain in clientManager to null
05:38:03 [DefaultDispatcher-worker-3] CoinJoinMixingService - coinjoin-state: NONE, 994 ms, true, STOPPED, synced: true, false
05:38:03 [DefaultDispatcher-worker-3] CoinJoinMixingService - coinjoin-state-mixing: NOT_STARTED -> NOT_STARTED
05:38:03 [DefaultDispatcher-worker-4] CoinJoinExtension - CoinJoinExtension serialization: 4ms total (keys:3ms[2006], cache:0ms[0], salt:0ms, io:1ms, size:208967bytes, buffer:64KB)
05:38:03 [DefaultDispatcher-worker-4] WalletProtobufSerializer - walletToProto (serial=15) timing: 7ms total, init=0ms, tx=0ms[2], keys=0ms, scripts=0ms[0], metadata=0ms, ext=5ms, friendRecv=0ms, friendSend=0ms, build=0ms
05:38:03 [DefaultDispatcher-worker-4] WalletProtobufSerializer - writeWallet timing: 8ms total (7ms/87% serialization, 1ms/12% I/O) buffer=8KB
05:38:03 [DefaultDispatcher-worker-4] WalletApplication - wallet saved to: '/data/user/0/hashengineering.darkcoin.wallet_test/files/wallet-protobuf-testnet', took 10.87 ms
05:38:03 [DefaultDispatcher-worker-4] BlockchainServiceImpl - closing bootstrap streams
05:38:03 [DefaultDispatcher-worker-4] BlockchainServiceImpl - serviceJob cancelled after 11 minutes
05:38:23 [main] WalletActivityTracker - activity lifecycle: app started
05:38:23 [main] WalletActivityTracker - activity lifecycle: activity OnboardingActivity created
05:38:23 [main] WalletActivityTracker - activity lifecycle: current: OnboardingActivity, activities: 1 visible: 0 foreground: 0
05:38:23 [main] WalletActivityTracker - activity lifecycle: activity MainActivity created
05:38:23 [main] WalletActivityTracker - activity lifecycle: current: MainActivity, activities: 2 visible: 0 foreground: 0
05:38:23 [main] SecurityGuard - loading security guard [healthy=true] with keys: [keystore_healthy, fallback_pin_wallet_password_key, primary_ui_pin_key, modern_encryption_migration_complete, fallback_mnemonic_wallet_password_key, primary_wallet_password_key, fallback_mnemonic_ui_pin_key]
05:38:23 [main] SecurityGuard - loading security guard [healthy=true] with keys: [keystore_healthy, fallback_pin_wallet_password_key, primary_ui_pin_key, modern_encryption_migration_complete, fallback_mnemonic_wallet_password_key, primary_wallet_password_key, fallback_mnemonic_ui_pin_key]
05:38:23 [main] ModernEncryptionProvider - Decrypted data for alias: wallet_password_key
05:38:23 [main] ModernEncryptionProvider - Decrypted data for alias: ui_pin_key
05:38:23 [main] BlockchainIdentityData - creation: BlockchainIdentityData(NONE, null, null, null, null, null)
05:38:23 [main] MainViewModel - STARTUP MainViewModel init at 1789796303166
05:38:23 [main] Configuration - just being used - last used 11 minutes ago
05:38:23 [DefaultDispatcher-worker-5] DapiClient - getDocuments(contractId=GWRSAVFMjXx8HpQFaNJMqBV7MBgMK4br5UESsB4S31Ec, type=domain, {limit=5, where=[]})
05:38:23 [main] WalletActivityTracker - activity lifecycle: current: MainActivity, activities: 2 visible: 1 foreground: 0
05:38:23 [DefaultDispatcher-worker-1] DapiClient - getDocuments(contractId=GWRSAVFMjXx8HpQFaNJMqBV7MBgMK4br5UESsB4S31Ec, type=domain, {limit=5, where=[]})
05:38:23 [DefaultDispatcher-worker-8] DapiClient - getDocuments(contractId=GWRSAVFMjXx8HpQFaNJMqBV7MBgMK4br5UESsB4S31Ec, type=domain, {limit=5, where=[]})
05:38:23 [DefaultDispatcher-worker-4] Constants - --> GET https://rates.ctx.com/rates?source=ctx
05:38:23 [DefaultDispatcher-worker-3] MainViewModel - blockchain state update: mnlist=1556554; chain=1556563
05:38:23 [DefaultDispatcher-worker-3] CrowdNodeApiAggregator - restoring CrowdNode status
05:38:23 [DefaultDispatcher-worker-3] BLSJniLibrary - Initializing BLS JNI Library
05:38:23 [main] WalletTransactionsFragment - STARTUP WalletTransactionsFragment.onViewCreated at 1789796303186
05:38:23 [main] WalletTransactionsFragment - STARTUP submitData called on thread=main at 1789796303187
05:38:23 [main] BlockchainIdentityData - creation: BlockchainIdentityData(NONE, null, null, null, null, null)
05:38:23 [main] HistoryHeaderAdapter - set invite = null
05:38:23 [main] HistoryHeaderAdapter - set invite, synced = false
05:38:23 [main] SecurityGuard - loading security guard [healthy=true] with keys: [keystore_healthy, fallback_pin_wallet_password_key, primary_ui_pin_key, modern_encryption_migration_complete, fallback_mnemonic_wallet_password_key, primary_wallet_password_key, fallback_mnemonic_ui_pin_key]
05:38:23 [main] SecurityGuard - loading security guard [healthy=true] with keys: [keystore_healthy, fallback_pin_wallet_password_key, primary_ui_pin_key, modern_encryption_migration_complete, fallback_mnemonic_wallet_password_key, primary_wallet_password_key, fallback_mnemonic_ui_pin_key]
05:38:23 [main] LockScreenActivity - show lock screen false = ![keepUnlocked=false] && autologout=true && (keepUnlockedUntilPenEntered=false || shouldLogout=false) || isHealthy=true
05:38:23 [main] MainActivity - updateTrigger => rateStale: RateRetrievalState(lastAttemptFailed=false, staleRates=false, volatile=false)
05:38:23 [main] WalletActivityTracker - activity lifecycle: current: MainActivity, activities: 2 visible: 1 foreground: 1
05:38:23 [main] DeviceInfoProvider - Detecting currency based on device, mobile network or locale:
05:38:23 [main] DeviceInfoProvider - Device Sim Country: us
05:38:23 [main] MainViewModel - Updating currency exchange rate based on country: US
05:38:23 [main] MainViewModel - Setting Local Currency: USD
05:38:23 [DefaultDispatcher-worker-8] DapiClient - searching for quorum: 6, 000000258e7f1cd8cc9858cf6e67912ac9c946a0ec1158744399eb2b292c4a6d, 1556563
05:38:23 [DefaultDispatcher-worker-1] DapiClient - searching for quorum: 6, 000000258e7f1cd8cc9858cf6e67912ac9c946a0ec1158744399eb2b292c4a6d, 1556563
05:38:23 [DefaultDispatcher-worker-5] DapiClient - searching for quorum: 6, 000000258e7f1cd8cc9858cf6e67912ac9c946a0ec1158744399eb2b292c4a6d, 1556563
05:38:23 [DefaultDispatcher-worker-8] DapiClient - searching for quorum: result: 8a400aec55ecc331d6516279407ce7dc28f92ca215881982544a2938b96b1b65bc25d8821ef20efcec5b02d613c6a486
05:38:23 [DefaultDispatcher-worker-8] Platform - platform check: 233.8 ms
05:38:23 [DefaultDispatcher-worker-1] DapiClient - searching for quorum: result: 8a400aec55ecc331d6516279407ce7dc28f92ca215881982544a2938b96b1b65bc25d8821ef20efcec5b02d613c6a486
05:38:23 [DefaultDispatcher-worker-4] Constants - <-- 200 https://rates.ctx.com/rates?source=ctx (251ms, unknown-length body)
05:38:23 [DefaultDispatcher-worker-5] DapiClient - searching for quorum: result: 8a400aec55ecc331d6516279407ce7dc28f92ca215881982544a2938b96b1b65bc25d8821ef20efcec5b02d613c6a486
05:38:23 [DefaultDispatcher-worker-1] Platform - platform check: 255.9 ms
05:38:23 [DefaultDispatcher-worker-5] Platform - platform check: 258.4 ms
05:38:23 [DefaultDispatcher-worker-5] PlatformServiceImplementation - platform available 3 of 3: true
05:38:23 [DefaultDispatcher-worker-7] ExchangeRatesRepository - exchange rates updated successfully with de.schildbach.wallet.rates.DashRetailClient@6fd60bc
05:38:23 [main] MainViewModel - platform available: false; no identity creation is progress: true
05:38:23 [main] HistoryHeaderAdapter - set invite, synced = true
05:38:23 [main] WalletTransactionsFragment - STARTUP swapping to live adapter: 3 items at 1789796303461
05:38:23 [main] BlockchainServiceImpl - .onCreate()
05:38:23 [main] DashPaymentIntentParser - network parameters = org.darkcoin.test
05:38:23 [main] BlockchainServiceImpl - start foreground service
05:38:23 [main] BlockchainServiceImpl - .onStartCommand(Intent { cmp=hashengineering.darkcoin.wallet_test/de.schildbach.wallet.service.BlockchainServiceImpl })
05:38:23 [DefaultDispatcher-worker-5] BlockchainServiceImpl - onCreate() serviceScope waiting for cleanup false
05:38:23 [DefaultDispatcher-worker-5] BLSJniLibrary - Initializing BLS JNI Library
05:38:23 [DefaultDispatcher-worker-5] BlockchainServiceImpl - cannot load the bootstrap stream: mnlistdiff-testnet.dat
05:38:23 [DefaultDispatcher-worker-5] BlockchainServiceImpl - cannot load the bootstrap stream: qrinfo-testnet.dat
05:38:23 [DefaultDispatcher-worker-8] BlockchainServiceImpl - onStartCommand waiting for onCreate to complete...
05:38:23 [main] BlockchainServiceImpl - .onStartCommand(Intent { act=de.schildbach.wallet.service.cancel_coins_received cmp=hashengineering.darkcoin.wallet_test/de.schildbach.wallet.service.BlockchainServiceImpl })
05:38:23 [DefaultDispatcher-worker-1] BlockchainServiceImpl - onStartCommand waiting for onCreate to complete...
05:38:23 [main] MainViewModel - platform available: true; no identity creation is progress: true
05:38:23 [main] BlockchainServiceImpl - verifying backupBlockStore
05:38:23 [main] BlockchainServiceImpl - verifying headerStore
05:38:23 [DefaultDispatcher-worker-8] ExchangeRatesRepository - updateTrigger
05:38:23 [pool-56-thread-1] BlockchainServiceImpl - verify blockstore: 1.003 ms, 100 loaded
05:38:23 [main] BlockchainServiceImpl - verifying blockStore
05:38:23 [pool-56-thread-1] BlockchainServiceImpl - verify blockstore: 921.4 μs, 100 loaded
05:38:23 [main] BlockchainServiceImpl - blockstore files verified: true, true
05:38:23 [DefaultDispatcher-worker-1] BLSJniLibrary - Initializing BLS JNI Library
05:38:23 [DefaultDispatcher-worker-1] AbstractBlockChain - chain head is at height 1556563:
 block: 
   hash: 00000050e96db3d9381dde85c28ad3d54625fd78f0727eb308f41dec02ecc087
   version: 536870912 (0x20000000) (BIP34, BIP66, BIP65)
   previous block: 0000002edb614196ae1d0eb908fab026ff3a10837772afd207aa0792cf4d97ea
   merkle root: e2203b69c6fa981988012b2c5e379ad3e194d3c0fd696815b8a3e3423b5a3178
   time: 1789796133 (2026-09-19T05:35:33Z)
   difficulty target (nBits): 492513588
   nonce: 946537472

05:38:23 [main] WalletActivityTracker - activity lifecycle: activity OnboardingActivity destroyed
05:38:23 [main] WalletActivityTracker - activity lifecycle: current: MainActivity, activities: 1 visible: 1 foreground: 1
05:38:23 [DefaultDispatcher-worker-1] AbstractBlockChain - chain head is at height 1556559:
 block: 
   hash: 0000000c5842449fbe943f43a83bf18d49ebba6165d651f9797fb6b57d90c532
   version: 536870912 (0x20000000) (BIP34, BIP66, BIP65)
   previous block: 00000026ed7f6e4cfe13952f2bc710c0855ee71a9ce47a5df98d64375e207b2c
   merkle root: f510ec6e1af67a7d699276c62faedc76158a2fe3940ed780e4cefcde69f89d88
   time: 1789795222 (2026-09-19T05:20:22Z)
   difficulty target (nBits): 491094618
   nonce: 2995259904

05:38:23 [DefaultDispatcher-worker-1] CoinJoinMixingService - setting blockchain in clientManager to 1556563
05:38:23 [DefaultDispatcher-worker-1] CoinJoinMixingService - coinjoin-state: NONE, 994 ms, true, STOPPED, synced: true, true
05:38:23 [DefaultDispatcher-worker-1] CoinJoinMixingService - coinjoin-state-mixing: NOT_STARTED -> NOT_STARTED
05:38:23 [main] SecurityGuard - loading security guard [healthy=true] with keys: [keystore_healthy, fallback_pin_wallet_password_key, primary_ui_pin_key, modern_encryption_migration_complete, fallback_mnemonic_wallet_password_key, primary_wallet_password_key, fallback_mnemonic_ui_pin_key]
05:38:23 [main] BlockchainServiceImpl - network callback registered with NetworkRequest: de.schildbach.wallet.service.BlockchainServiceImpl$NetworkCallbackImpl@d11bccd
05:38:23 [DefaultDispatcher-worker-4] BlockchainServiceImpl - monitoring 2 old transactions
05:38:23 [DefaultDispatcher-worker-8] BlockchainServiceImpl - network capabilities changed: 100, hasInternet: true, validated: true
05:38:23 [DefaultDispatcher-worker-5] BlockchainServiceImpl - network available: 100, hasInternet: true, validated: true, type: WiFi
05:38:23 [main] BlockchainServiceImpl - receiver register: tickReceiver, de.schildbach.wallet.service.BlockchainServiceImpl$tickReceiver$1@fd6b885
05:38:23 [DefaultDispatcher-worker-8] BlockchainServiceImpl - onCreate completed, processing onStartCommand
05:38:23 [DefaultDispatcher-worker-4] BlockchainServiceImpl - onCreate completed, processing onStartCommand
05:38:23 [DefaultDispatcher-worker-5] BlockchainServiceImpl - .onCreate() finished
05:38:23 [DefaultDispatcher-worker-10] BlockchainServiceImpl - acquiring check() mutex
05:38:23 [DefaultDispatcher-worker-1] BlockchainServiceImpl - acquiring check() mutex
05:38:23 [DefaultDispatcher-worker-8] BLSJniLibrary - Initializing BLS JNI Library
05:38:23 [DefaultDispatcher-worker-6] BlockchainServiceImpl - acquiring check() mutex
05:38:23 [DefaultDispatcher-worker-8] BlockchainServiceImpl - service start command: Intent { cmp=hashengineering.darkcoin.wallet_test/de.schildbach.wallet.service.BlockchainServiceImpl }
05:38:23 [DefaultDispatcher-worker-10] BlockchainServiceImpl - check()
05:38:23 [DefaultDispatcher-worker-10] BLSJniLibrary - Initializing BLS JNI Library
05:38:23 [DefaultDispatcher-worker-4] BLSJniLibrary - Initializing BLS JNI Library
05:38:23 [DefaultDispatcher-worker-10] BlockchainServiceImpl - starting peergroup
05:38:23 [DefaultDispatcher-worker-10] Wallet - New broadcaster so uploading waiting tx 1a1dac75452c890f0c976a000315cfd96a702feded36e2d57f7828340c3a330a
05:38:23 [DefaultDispatcher-worker-10] TransactionBroadcast - Waiting for 1 peers required for broadcast, we have 0 ...
05:38:23 [DefaultDispatcher-worker-10] BlockchainServiceImpl - Adding PeerConnectivityListener to peerGroup: listener=de.schildbach.wallet.service.BlockchainServiceImpl$PeerConnectivityListener@2811025, stopped=false
05:38:23 [DefaultDispatcher-worker-10] BlockchainServiceImpl - Successfully added peer listeners to peerGroup
05:38:23 [PeerGroup Thread] BLSJniLibrary - Initializing BLS JNI Library
05:38:23 [DefaultDispatcher-worker-10] BlockchainServiceImpl - releasing check() mutex
05:38:23 [DefaultDispatcher-worker-10] BlockchainServiceImpl - check()
05:38:23 [DefaultDispatcher-worker-10] BlockchainServiceImpl - releasing check() mutex
05:38:23 [DefaultDispatcher-worker-10] BlockchainServiceImpl - check()
05:38:23 [DefaultDispatcher-worker-10] BlockchainServiceImpl - releasing check() mutex
05:38:23 [DefaultDispatcher-worker-8] BlockchainServiceImpl - .onStartCommand(Intent { cmp=hashengineering.darkcoin.wallet_test/de.schildbach.wallet.service.BlockchainServiceImpl }) finished
05:38:23 [DefaultDispatcher-worker-4] BlockchainServiceImpl - service start command: Intent { act=de.schildbach.wallet.service.cancel_coins_received cmp=hashengineering.darkcoin.wallet_test/de.schildbach.wallet.service.BlockchainServiceImpl }
05:38:23 [DefaultDispatcher-worker-4] BlockchainServiceImpl - .onStartCommand(Intent { act=de.schildbach.wallet.service.cancel_coins_received cmp=hashengineering.darkcoin.wallet_test/de.schildbach.wallet.service.BlockchainServiceImpl }) finished
05:38:23 [PeerGroup Thread] BLSJniLibrary - Initializing BLS JNI Library
05:38:23 [DefaultDispatcher-worker-4] CoinJoinMixingService - coinjoin-state: NONE, 994 ms, true, CONNECTING, synced: true, true
05:38:23 [DefaultDispatcher-worker-4] CoinJoinMixingService - coinjoin-state-mixing: NOT_STARTED -> NOT_STARTED
05:38:23 [PeerGroup Thread] PeerGroup - merge bloom filters: 9.847 ms
05:38:23 [PeerGroup Thread] PeerGroup - Starting ...
05:38:23 [NioClientManager] BLSJniLibrary - Initializing BLS JNI Library
05:38:23 [PeerGroup Thread] DashSystem - starting LLMQThread
05:38:23 [PeerGroup Thread] PeerGroup - Peer discovery took 354.7 μs and returned 88 items from 1 discoverers
05:38:23 [PeerGroup Thread] PeerGroup - Waiting 1000 ms before next connect attempt to [78.17.70.175]:19899
05:38:23 [LLMQBackgroundThread] BLSJniLibrary - Initializing BLS JNI Library
05:38:23 [LLMQBackgroundThread] LLMQBackgroundThread - starting LLMQBackgroundThread.run
05:38:24 [PeerGroup Thread] PeerGroup - Attempting connection to [78.17.70.175]:19899     (0 connected, 1 pending, 6 max)
05:38:24 [PeerGroup Thread] PeerGroup - Attempting connection to [68.67.122.2]:19999     (0 connected, 2 pending, 6 max)
05:38:24 [PeerGroup Thread] PeerGroup - Attempting connection to [68.67.122.23]:19999     (0 connected, 3 pending, 6 max)
05:38:24 [PeerGroup Thread] PeerGroup - Attempting connection to [206.245.167.63]:19999     (0 connected, 4 pending, 6 max)
05:38:24 [PeerGroup Thread] PeerGroup - Attempting connection to [68.67.122.58]:19999     (0 connected, 5 pending, 6 max)
05:38:24 [PeerGroup Thread] PeerGroup - Attempting connection to [68.67.122.32]:19999     (0 connected, 6 pending, 6 max)
05:38:24 [NioClientManager] NioClientManager - Connected to /68.67.122.2:19999
05:38:24 [NioClientManager] Peer - Announcing to /68.67.122.2:19999 with protocol 70235 as: /DashJ:22.0.5/Dash Wallet:11.9.0/
05:38:24 [NioClientManager] NioClientManager - Connected to /68.67.122.23:19999
05:38:24 [NioClientManager] Peer - Announcing to /68.67.122.23:19999 with protocol 70235 as: /DashJ:22.0.5/Dash Wallet:11.9.0/
05:38:24 [NioClientManager] NioClientManager - Connected to /68.67.122.58:19999
05:38:24 [NioClientManager] Peer - Announcing to /68.67.122.58:19999 with protocol 70235 as: /DashJ:22.0.5/Dash Wallet:11.9.0/
05:38:24 [NioClientManager] NioClientManager - Connected to /68.67.122.32:19999
05:38:24 [NioClientManager] Peer - Announcing to /68.67.122.32:19999 with protocol 70235 as: /DashJ:22.0.5/Dash Wallet:11.9.0/
05:38:24 [NioClientManager] Peer - Peer{[68.67.122.2]:19999, version=70240, subVer=/Dash Core:23.1.8/, services=7237 (NETWORK, BLOOM, NETWORK_LIMITED, COMPACT_FILTERS, HEADERS_COMPRESSED, remaining: 1000001000000), time=2026-09-19 00:38:24, height=1556563}
05:38:24 [NioClientManager] PeerGroup - Peer{[68.67.122.2]:19999, version=70240, subVer=/Dash Core:23.1.8/, services=7237 (NETWORK, BLOOM, NETWORK_LIMITED, COMPACT_FILTERS, HEADERS_COMPRESSED, remaining: 1000001000000), time=2026-09-19 00:38:24, height=1556563}: New peer      (1 connected, 5 pending, 6 max)
05:38:24 [NioClientManager] Peer - Peer{[68.67.122.2]:19999, version=70240, subVer=/Dash Core:23.1.8/, services=7237 (NETWORK, BLOOM, NETWORK_LIMITED, COMPACT_FILTERS, HEADERS_COMPRESSED, remaining: 1000001000000), time=2026-09-19 00:38:24, height=1556563}: Sending Bloom filter and querying mempool
05:38:24 [NioClientManager] AllowLockTimeRiskAnalysis$Analyzer - risk analysis: net time diff 0; peer time diff 0 1789796304 1789796304
05:38:24 [dashj user thread] AbstractQuorumState - peer connected and setting download peer to null with onPeerConnected
05:38:24 [dashj user thread] AbstractQuorumState - peer connected and setting download peer to null with onPeerConnected
05:38:24 [dashj user thread] BLSJniLibrary - Initializing BLS JNI Library
05:38:24 [dashj user thread] TransactionBroadcast - broadcastTransaction: We have 1 peers, adding 1a1dac75452c890f0c976a000315cfd96a702feded36e2d57f7828340c3a330a to the memory pool
05:38:24 [dashj user thread] TransactionBroadcast - Sending to 1 peers, will wait for 0, sending to: Peer{[68.67.122.2]:19999, version=70240, subVer=/Dash Core:23.1.8/, services=7237 (NETWORK, BLOOM, NETWORK_LIMITED, COMPACT_FILTERS, HEADERS_COMPRESSED, remaining: 1000001000000), time=2026-09-19 00:38:24, height=1556563}
05:38:24 [dashj user thread] TransactionBroadcast - broadcastTransaction: SENT:  TX 1a1dac75452c890f0c976a000315cfd96a702feded36e2d57f7828340c3a330a seen by 0 peers
05:38:24 [dashj user thread] TransactionBroadcast - broadcastTransaction: SENT:  TX 1a1dac75452c890f0c976a000315cfd96a702feded36e2d57f7828340c3a330a seen by 0 peers
05:38:24 [dashj user thread] TransactionBroadcast - broadcastTransaction: 1a1dac75452c890f0c976a000315cfd96a702feded36e2d57f7828340c3a330a complete
05:38:24 [DefaultDispatcher-worker-11] CoinJoinMixingService - coinjoin-state: NONE, 994 ms, true, CONNECTED, synced: true, true
05:38:24 [DefaultDispatcher-worker-11] CoinJoinMixingService - coinjoin-state-mixing: NOT_STARTED -> NOT_STARTED
05:38:24 [Threading.THREAD_POOL worker] BLSJniLibrary - Initializing BLS JNI Library
05:38:24 [NioClientManager] Peer - Peer{[68.67.122.23]:19999, version=70240, subVer=/Dash Core:23.1.8/, services=7237 (NETWORK, BLOOM, NETWORK_LIMITED, COMPACT_FILTERS, HEADERS_COMPRESSED, remaining: 1000001000000), time=2026-09-19 00:38:24, height=1556563}
05:38:24 [NioClientManager] PeerGroup - Peer{[68.67.122.23]:19999, version=70240, subVer=/Dash Core:23.1.8/, services=7237 (NETWORK, BLOOM, NETWORK_LIMITED, COMPACT_FILTERS, HEADERS_COMPRESSED, remaining: 1000001000000), time=2026-09-19 00:38:24, height=1556563}: New peer      (2 connected, 4 pending, 6 max)
05:38:24 [NioClientManager] Peer - Peer{[68.67.122.23]:19999, version=70240, subVer=/Dash Core:23.1.8/, services=7237 (NETWORK, BLOOM, NETWORK_LIMITED, COMPACT_FILTERS, HEADERS_COMPRESSED, remaining: 1000001000000), time=2026-09-19 00:38:24, height=1556563}: Sending Bloom filter and querying mempool
05:38:24 [NioClientManager] AllowLockTimeRiskAnalysis$Analyzer - risk analysis: net time diff 0; peer time diff 0 1789796304 1789796304
05:38:24 [NioClientManager] Peer - Peer{[68.67.122.58]:19999, version=70240, subVer=/Dash Core:23.1.8(dcg-masternode-29)/, services=7237 (NETWORK, BLOOM, NETWORK_LIMITED, COMPACT_FILTERS, HEADERS_COMPRESSED, remaining: 1000001000000), time=2026-09-19 00:38:24, height=1556563}
05:38:24 [dashj user thread] AbstractQuorumState - peer connected and setting download peer to null with onPeerConnected
05:38:24 [dashj user thread] AbstractQuorumState - peer connected and setting download peer to null with onPeerConnected
05:38:24 [NioClientManager] PeerGroup - Peer{[68.67.122.58]:19999, version=70240, subVer=/Dash Core:23.1.8(dcg-masternode-29)/, services=7237 (NETWORK, BLOOM, NETWORK_LIMITED, COMPACT_FILTERS, HEADERS_COMPRESSED, remaining: 1000001000000), time=2026-09-19 00:38:24, height=1556563}: New peer      (3 connected, 3 pending, 6 max)
05:38:24 [NioClientManager] Peer - Peer{[68.67.122.58]:19999, version=70240, subVer=/Dash Core:23.1.8(dcg-masternode-29)/, services=7237 (NETWORK, BLOOM, NETWORK_LIMITED, COMPACT_FILTERS, HEADERS_COMPRESSED, remaining: 1000001000000), time=2026-09-19 00:38:24, height=1556563}: Sending Bloom filter and querying mempool
05:38:24 [NioClientManager] AllowLockTimeRiskAnalysis$Analyzer - risk analysis: net time diff 0; peer time diff 0 1789796304 1789796304
05:38:24 [NioClientManager] Peer - Peer{[68.67.122.32]:19999, version=70240, subVer=/Dash Core:23.1.8(dcg-masternode-3)/, services=7237 (NETWORK, BLOOM, NETWORK_LIMITED, COMPACT_FILTERS, HEADERS_COMPRESSED, remaining: 1000001000000), time=2026-09-19 00:38:24, height=1556563}
05:38:24 [NioClientManager] PeerGroup - Peer{[68.67.122.32]:19999, version=70240, subVer=/Dash Core:23.1.8(dcg-masternode-3)/, services=7237 (NETWORK, BLOOM, NETWORK_LIMITED, COMPACT_FILTERS, HEADERS_COMPRESSED, remaining: 1000001000000), time=2026-09-19 00:38:24, height=1556563}: New peer      (4 connected, 2 pending, 6 max)
05:38:24 [NioClientManager] Peer - Peer{[68.67.122.32]:19999, version=70240, subVer=/Dash Core:23.1.8(dcg-masternode-3)/, services=7237 (NETWORK, BLOOM, NETWORK_LIMITED, COMPACT_FILTERS, HEADERS_COMPRESSED, remaining: 1000001000000), time=2026-09-19 00:38:24, height=1556563}: Sending Bloom filter and querying mempool
05:38:24 [NioClientManager] PeerGroup - Setting download peer: Peer{[68.67.122.23]:19999, version=70240, subVer=/Dash Core:23.1.8/, services=7237 (NETWORK, BLOOM, NETWORK_LIMITED, COMPACT_FILTERS, HEADERS_COMPRESSED, remaining: 1000001000000), time=2026-09-19 00:38:24, height=1556563}
05:38:24 [NioClientManager] PeerGroup - Initiating Synchronization with Peer{[68.67.122.23]:19999, version=70240, subVer=/Dash Core:23.1.8/, services=7237 (NETWORK, BLOOM, NETWORK_LIMITED, COMPACT_FILTERS, HEADERS_COMPRESSED, remaining: 1000001000000), time=2026-09-19 00:38:24, height=1556563}
05:38:24 [NioClientManager] PeerGroup - Attempting to sync headers first
05:38:24 [NioClientManager] PeerGroup - Sync Stage change from OFFLINE to HEADERS
05:38:24 [NioClientManager] Peer - Requesting compressed headers from: Peer{[68.67.122.23]:19999, version=70240, subVer=/Dash Core:23.1.8/, services=7237 (NETWORK, BLOOM, NETWORK_LIMITED, COMPACT_FILTERS, HEADERS_COMPRESSED, remaining: 1000001000000), time=2026-09-19 00:38:24, height=1556563}
05:38:24 [NioClientManager] AllowLockTimeRiskAnalysis$Analyzer - risk analysis: net time diff 0; peer time diff 0 1789796304 1789796304
05:38:24 [dashj user thread] AbstractQuorumState - peer connected and setting download peer to Peer{[68.67.122.23]:19999, version=70240, subVer=/Dash Core:23.1.8/, services=7237 (NETWORK, BLOOM, NETWORK_LIMITED, COMPACT_FILTERS, HEADERS_COMPRESSED, remaining: 1000001000000), time=2026-09-19 00:38:24, height=1556563} with onPeerConnected
05:38:24 [dashj user thread] AbstractQuorumState - peer connected and setting download peer to Peer{[68.67.122.23]:19999, version=70240, subVer=/Dash Core:23.1.8/, services=7237 (NETWORK, BLOOM, NETWORK_LIMITED, COMPACT_FILTERS, HEADERS_COMPRESSED, remaining: 1000001000000), time=2026-09-19 00:38:24, height=1556563} with onPeerConnected
05:38:24 [dashj user thread] AbstractQuorumState - setting download peer with onHeadersDownloadStarted: Peer{[68.67.122.23]:19999, version=70240, subVer=/Dash Core:23.1.8/, services=7237 (NETWORK, BLOOM, NETWORK_LIMITED, COMPACT_FILTERS, HEADERS_COMPRESSED, remaining: 1000001000000), time=2026-09-19 00:38:24, height=1556563}
05:38:24 [dashj user thread] AbstractQuorumState - setting download peer with onHeadersDownloadStarted: Peer{[68.67.122.23]:19999, version=70240, subVer=/Dash Core:23.1.8/, services=7237 (NETWORK, BLOOM, NETWORK_LIMITED, COMPACT_FILTERS, HEADERS_COMPRESSED, remaining: 1000001000000), time=2026-09-19 00:38:24, height=1556563}
05:38:24 [dashj user thread] AbstractQuorumState - peer connected and setting download peer to Peer{[68.67.122.23]:19999, version=70240, subVer=/Dash Core:23.1.8/, services=7237 (NETWORK, BLOOM, NETWORK_LIMITED, COMPACT_FILTERS, HEADERS_COMPRESSED, remaining: 1000001000000), time=2026-09-19 00:38:24, height=1556563} with onPeerConnected
05:38:24 [dashj user thread] AbstractQuorumState - peer connected and setting download peer to Peer{[68.67.122.23]:19999, version=70240, subVer=/Dash Core:23.1.8/, services=7237 (NETWORK, BLOOM, NETWORK_LIMITED, COMPACT_FILTERS, HEADERS_COMPRESSED, remaining: 1000001000000), time=2026-09-19 00:38:24, height=1556563} with onPeerConnected
05:38:24 [NioClientManager] Peer - Peer{[68.67.122.2]:19999, version=70240, subVer=/Dash Core:23.1.8/, services=7237 (NETWORK, BLOOM, NETWORK_LIMITED, COMPACT_FILTERS, HEADERS_COMPRESSED, remaining: 1000001000000), time=2026-09-19 00:38:24, height=1556563}: Received unhandled message: org.bitcoinj.core.SendCompactBlocksMessage@706c7bf
05:38:24 [NioClientManager] Peer - Peer{[68.67.122.2]:19999, version=70240, subVer=/Dash Core:23.1.8/, services=7237 (NETWORK, BLOOM, NETWORK_LIMITED, COMPACT_FILTERS, HEADERS_COMPRESSED, remaining: 1000001000000), time=2026-09-19 00:38:24, height=1556563}: Received unhandled message: SendDsq(send=true)
05:38:24 [NioClientManager] Peer - Peer{[68.67.122.23]:19999, version=70240, subVer=/Dash Core:23.1.8/, services=7237 (NETWORK, BLOOM, NETWORK_LIMITED, COMPACT_FILTERS, HEADERS_COMPRESSED, remaining: 1000001000000), time=2026-09-19 00:38:24, height=1556563}: Received unhandled message: org.bitcoinj.core.SendCompactBlocksMessage@b796e8c
05:38:24 [NioClientManager] Peer - Peer{[68.67.122.23]:19999, version=70240, subVer=/Dash Core:23.1.8/, services=7237 (NETWORK, BLOOM, NETWORK_LIMITED, COMPACT_FILTERS, HEADERS_COMPRESSED, remaining: 1000001000000), time=2026-09-19 00:38:24, height=1556563}: Received unhandled message: SendDsq(send=true)
05:38:24 [NioClientManager] Peer - Peer{[68.67.122.58]:19999, version=70240, subVer=/Dash Core:23.1.8(dcg-masternode-29)/, services=7237 (NETWORK, BLOOM, NETWORK_LIMITED, COMPACT_FILTERS, HEADERS_COMPRESSED, remaining: 1000001000000), time=2026-09-19 00:38:24, height=1556563}: Received unhandled message: org.bitcoinj.core.SendCompactBlocksMessage@eaae9d5
05:38:24 [NioClientManager] Peer - Peer{[68.67.122.58]:19999, version=70240, subVer=/Dash Core:23.1.8(dcg-masternode-29)/, services=7237 (NETWORK, BLOOM, NETWORK_LIMITED, COMPACT_FILTERS, HEADERS_COMPRESSED, remaining: 1000001000000), time=2026-09-19 00:38:24, height=1556563}: Received unhandled message: SendDsq(send=true)
05:38:24 [NioClientManager] Peer - Peer{[68.67.122.32]:19999, version=70240, subVer=/Dash Core:23.1.8(dcg-masternode-3)/, services=7237 (NETWORK, BLOOM, NETWORK_LIMITED, COMPACT_FILTERS, HEADERS_COMPRESSED, remaining: 1000001000000), time=2026-09-19 00:38:24, height=1556563}: Received unhandled message: org.bitcoinj.core.SendCompactBlocksMessage@1c2a5ea
05:38:24 [NioClientManager] Peer - Peer{[68.67.122.32]:19999, version=70240, subVer=/Dash Core:23.1.8(dcg-masternode-3)/, services=7237 (NETWORK, BLOOM, NETWORK_LIMITED, COMPACT_FILTERS, HEADERS_COMPRESSED, remaining: 1000001000000), time=2026-09-19 00:38:24, height=1556563}: Received unhandled message: SendDsq(send=true)
05:38:25 [NioClientManager] SporkManager - SPORK -- hash: b9d783455f2df58f1844e4b13ec13bccd1170ed0250c0be09ee6a7664175db47 id: 10008 (        SPORK_9_SUPERBLOCKS_ENABLED) value:          0 bestHeight: 1556563 peer=/68.67.122.2:19999 seen 
05:38:25 [NioClientManager] SporkManager - SPORK -- hash: a954a3dde9d3f8f6d4db268edfacf58e9e86b9f0eedaf666c792a144eea62deb id: 10022 (               SPORK_23_QUORUM_POSE) value:          0 bestHeight: 1556563 peer=/68.67.122.2:19999 seen 
05:38:25 [NioClientManager] SporkManager - SPORK -- hash: c0fa2288bfc94099c0bee6c074c950fa990db674024807a67d601153dadfe539 id: 10018 (        SPORK_19_CHAINLOCKS_ENABLED) value:          0 bestHeight: 1556563 peer=/68.67.122.2:19999 seen 
05:38:25 [NioClientManager] SporkManager - SPORK -- hash: c68903921495975e0f00ebd6bca4f6701d1483c897c8224341d8a91dcd110b2e id: 10020 (      SPORK_21_QUORUM_ALL_CONNECTED) value:          1 bestHeight: 1556563 peer=/68.67.122.2:19999 seen 
05:38:25 [NioClientManager] SporkManager - SPORK -- hash: 2d1a2040ab918d5e8240e9e92e3a42a46a97073c90679a3df125ee6de113938c id: 10001 (        SPORK_2_INSTANTSEND_ENABLED) value:          0 bestHeight: 1556563 peer=/68.67.122.2:19999 seen 
05:38:25 [NioClientManager] SporkManager - SPORK -- hash: d1d32f00374284b19ee33f9ef19386055fd15091ce4a476ab58701603594cc5e id: 10002 (SPORK_3_INSTANTSEND_BLOCK_FILTERING) value:          0 bestHeight: 1556563 peer=/68.67.122.2:19999 seen 
05:38:25 [NioClientManager] SporkManager - SPORK -- hash: e22c8dbbf3b6277346baec16495ba489ced20755a14e2b5051700d2bfa51fb5b id: 10016 (        SPORK_17_QUORUM_DKG_ENABLED) value:          0 bestHeight: 1556563 peer=/68.67.122.2:19999 seen 
05:38:25 [NioClientManager] SporkManager - SPORK -- hash: c0fa2288bfc94099c0bee6c074c950fa990db674024807a67d601153dadfe539 id: 10018 (        SPORK_19_CHAINLOCKS_ENABLED) value:          0 bestHeight: 1556563 peer=/68.67.122.23:19999 seen 
05:38:25 [NioClientManager] SporkManager - SPORK -- hash: d1d32f00374284b19ee33f9ef19386055fd15091ce4a476ab58701603594cc5e id: 10002 (SPORK_3_INSTANTSEND_BLOCK_FILTERING) value:          0 bestHeight: 1556563 peer=/68.67.122.23:19999 seen 
05:38:25 [NioClientManager] SporkManager - SPORK -- hash: e22c8dbbf3b6277346baec16495ba489ced20755a14e2b5051700d2bfa51fb5b id: 10016 (        SPORK_17_QUORUM_DKG_ENABLED) value:          0 bestHeight: 1556563 peer=/68.67.122.23:19999 seen 
05:38:25 [NioClientManager] SporkManager - SPORK -- hash: c68903921495975e0f00ebd6bca4f6701d1483c897c8224341d8a91dcd110b2e id: 10020 (      SPORK_21_QUORUM_ALL_CONNECTED) value:          1 bestHeight: 1556563 peer=/68.67.122.23:19999 seen 
05:38:25 [NioClientManager] SporkManager - SPORK -- hash: a954a3dde9d3f8f6d4db268edfacf58e9e86b9f0eedaf666c792a144eea62deb id: 10022 (               SPORK_23_QUORUM_POSE) value:          0 bestHeight: 1556563 peer=/68.67.122.23:19999 seen 
05:38:25 [NioClientManager] SporkManager - SPORK -- hash: 2d1a2040ab918d5e8240e9e92e3a42a46a97073c90679a3df125ee6de113938c id: 10001 (        SPORK_2_INSTANTSEND_ENABLED) value:          0 bestHeight: 1556563 peer=/68.67.122.23:19999 seen 
05:38:25 [NioClientManager] SporkManager - SPORK -- hash: b9d783455f2df58f1844e4b13ec13bccd1170ed0250c0be09ee6a7664175db47 id: 10008 (        SPORK_9_SUPERBLOCKS_ENABLED) value:          0 bestHeight: 1556563 peer=/68.67.122.23:19999 seen 
05:38:25 [NioClientManager] NioClientManager - Connected to /206.245.167.63:19999
05:38:25 [NioClientManager] Peer - Announcing to /206.245.167.63:19999 with protocol 70235 as: /DashJ:22.0.5/Dash Wallet:11.9.0/
05:38:25 [NioClientManager] SporkManager - SPORK -- hash: 2d1a2040ab918d5e8240e9e92e3a42a46a97073c90679a3df125ee6de113938c id: 10001 (        SPORK_2_INSTANTSEND_ENABLED) value:          0 bestHeight: 1556563 peer=/68.67.122.58:19999 seen 
05:38:25 [NioClientManager] SporkManager - SPORK -- hash: c0fa2288bfc94099c0bee6c074c950fa990db674024807a67d601153dadfe539 id: 10018 (        SPORK_19_CHAINLOCKS_ENABLED) value:          0 bestHeight: 1556563 peer=/68.67.122.58:19999 seen 
05:38:25 [NioClientManager] SporkManager - SPORK -- hash: a954a3dde9d3f8f6d4db268edfacf58e9e86b9f0eedaf666c792a144eea62deb id: 10022 (               SPORK_23_QUORUM_POSE) value:          0 bestHeight: 1556563 peer=/68.67.122.58:19999 seen 
05:38:25 [NioClientManager] SporkManager - SPORK -- hash: b9d783455f2df58f1844e4b13ec13bccd1170ed0250c0be09ee6a7664175db47 id: 10008 (        SPORK_9_SUPERBLOCKS_ENABLED) value:          0 bestHeight: 1556563 peer=/68.67.122.58:19999 seen 
05:38:25 [NioClientManager] SporkManager - SPORK -- hash: e22c8dbbf3b6277346baec16495ba489ced20755a14e2b5051700d2bfa51fb5b id: 10016 (        SPORK_17_QUORUM_DKG_ENABLED) value:          0 bestHeight: 1556563 peer=/68.67.122.58:19999 seen 
05:38:25 [NioClientManager] SporkManager - SPORK -- hash: c68903921495975e0f00ebd6bca4f6701d1483c897c8224341d8a91dcd110b2e id: 10020 (      SPORK_21_QUORUM_ALL_CONNECTED) value:          1 bestHeight: 1556563 peer=/68.67.122.58:19999 seen 
05:38:25 [NioClientManager] SporkManager - SPORK -- hash: d1d32f00374284b19ee33f9ef19386055fd15091ce4a476ab58701603594cc5e id: 10002 (SPORK_3_INSTANTSEND_BLOCK_FILTERING) value:          0 bestHeight: 1556563 peer=/68.67.122.58:19999 seen 
05:38:25 [NioClientManager] SporkManager - SPORK -- hash: e22c8dbbf3b6277346baec16495ba489ced20755a14e2b5051700d2bfa51fb5b id: 10016 (        SPORK_17_QUORUM_DKG_ENABLED) value:          0 bestHeight: 1556563 peer=/68.67.122.32:19999 seen 
05:38:25 [NioClientManager] SporkManager - SPORK -- hash: b9d783455f2df58f1844e4b13ec13bccd1170ed0250c0be09ee6a7664175db47 id: 10008 (        SPORK_9_SUPERBLOCKS_ENABLED) value:          0 bestHeight: 1556563 peer=/68.67.122.32:19999 seen 
05:38:25 [NioClientManager] SporkManager - SPORK -- hash: 2d1a2040ab918d5e8240e9e92e3a42a46a97073c90679a3df125ee6de113938c id: 10001 (        SPORK_2_INSTANTSEND_ENABLED) value:          0 bestHeight: 1556563 peer=/68.67.122.32:19999 seen 
05:38:25 [NioClientManager] SporkManager - SPORK -- hash: c0fa2288bfc94099c0bee6c074c950fa990db674024807a67d601153dadfe539 id: 10018 (        SPORK_19_CHAINLOCKS_ENABLED) value:          0 bestHeight: 1556563 peer=/68.67.122.32:19999 seen 
05:38:25 [NioClientManager] SporkManager - SPORK -- hash: a954a3dde9d3f8f6d4db268edfacf58e9e86b9f0eedaf666c792a144eea62deb id: 10022 (               SPORK_23_QUORUM_POSE) value:          0 bestHeight: 1556563 peer=/68.67.122.32:19999 seen 
05:38:25 [NioClientManager] SporkManager - SPORK -- hash: d1d32f00374284b19ee33f9ef19386055fd15091ce4a476ab58701603594cc5e id: 10002 (SPORK_3_INSTANTSEND_BLOCK_FILTERING) value:          0 bestHeight: 1556563 peer=/68.67.122.32:19999 seen 
05:38:25 [NioClientManager] SporkManager - SPORK -- hash: c68903921495975e0f00ebd6bca4f6701d1483c897c8224341d8a91dcd110b2e id: 10020 (      SPORK_21_QUORUM_ALL_CONNECTED) value:          1 bestHeight: 1556563 peer=/68.67.122.32:19999 seen 
05:38:25 [NioClientManager] NioClientManager - Connected to /78.17.70.175:19899
05:38:25 [NioClientManager] Peer - Announcing to /78.17.70.175:19899 with protocol 70235 as: /DashJ:22.0.5/Dash Wallet:11.9.0/
05:38:25 [NioClientManager] Headers2Message - Parsing headers2 message: numHeaders=0, payloadLength=1
05:38:25 [NioClientManager] DownloadProgressTracker - Chain download 0% done with 0 blocks to go, block date 2026-09-19T05:35:33Z
05:38:25 [NioClientManager] BlockchainServiceImpl - progress 0
05:38:25 [NioClientManager] Peer - processing headers till 1556563
05:38:25 [PeerGroup Thread] PeerGroup - Stage header download completed successfully: true
05:38:25 [PeerGroup Thread] PeerGroup - Sync Stage change from HEADERS to MNLIST
05:38:25 [PeerGroup Thread] PeerGroup - Stage masternode list download successful: 1
05:38:25 [PeerGroup Thread] PeerGroup - Sync Stage change from MNLIST to PREBLOCKS
05:38:25 [pool-53-thread-1] BlockchainServiceImpl - onPreBlocksDownload using peer Peer{[68.67.122.23]:19999, version=70240, subVer=/Dash Core:23.1.8/, services=7237 (NETWORK, BLOOM, NETWORK_LIMITED, COMPACT_FILTERS, HEADERS_COMPRESSED, remaining: 1000001000000), time=2026-09-19 00:38:24, height=1556563}
05:38:25 [DefaultDispatcher-worker-11] PlatformSynchronizationService - preBlockDownload: starting
05:38:25 [DefaultDispatcher-worker-11] BlockchainIdentityData - creation: BlockchainIdentityData(NONE, null, null, null, null, null)
05:38:25 [DefaultDispatcher-worker-11] PlatformSynchronizationService - preBlockDownload: checking for existing associated identity
05:38:25 [DefaultDispatcher-worker-11] SecurityGuard - loading security guard [healthy=true] with keys: [keystore_healthy, fallback_pin_wallet_password_key, primary_ui_pin_key, modern_encryption_migration_complete, fallback_mnemonic_wallet_password_key, primary_wallet_password_key, fallback_mnemonic_ui_pin_key]
05:38:25 [DefaultDispatcher-worker-12] MainViewModel - blockchain state update: mnlist=1556555; chain=1556563
05:38:25 [DefaultDispatcher-worker-8] CoinJoinMixingService - coinjoin-state: NONE, 994 ms, true, CONNECTED, synced: false, true
05:38:25 [main] HistoryHeaderAdapter - set invite, synced = false
05:38:25 [DefaultDispatcher-worker-11] ModernEncryptionProvider - Decrypted data for alias: wallet_password_key
05:38:25 [DefaultDispatcher-worker-8] CoinJoinMixingService - coinjoin-state-mixing: NOT_STARTED -> NOT_STARTED
05:38:25 [dashj user thread] DownloadProgressTracker - Chain download 0% done with 0 blocks to go, block date 2026-09-19T05:35:33Z
05:38:25 [dashj user thread] DownloadProgressTracker - Chain download 0% done with -1 blocks to go, block date 1970-01-21T17:09:56Z
05:38:25 [DefaultDispatcher-worker-11] KeyCrypterScrypt - Deriving key took 140.5 ms for N=65536, r=8, p=1.
05:38:25 [DefaultDispatcher-worker-11] DapiClient - getIdentityByFirstPublicKey(92de174e242370dc1e5a04e3ce341760b401b338)
05:38:25 [NioClientManager] Peer - Peer{[78.17.70.175]:19899, version=70240, subVer=/Dash Core:23.1.8/, services=7237 (NETWORK, BLOOM, NETWORK_LIMITED, COMPACT_FILTERS, HEADERS_COMPRESSED, remaining: 1000001000000), time=2026-09-19 00:38:25, height=1556563}
05:38:25 [NioClientManager] PeerGroup - Peer{[78.17.70.175]:19899, version=70240, subVer=/Dash Core:23.1.8/, services=7237 (NETWORK, BLOOM, NETWORK_LIMITED, COMPACT_FILTERS, HEADERS_COMPRESSED, remaining: 1000001000000), time=2026-09-19 00:38:25, height=1556563}: New peer      (5 connected, 1 pending, 6 max)
05:38:25 [NioClientManager] Peer - Peer{[78.17.70.175]:19899, version=70240, subVer=/Dash Core:23.1.8/, services=7237 (NETWORK, BLOOM, NETWORK_LIMITED, COMPACT_FILTERS, HEADERS_COMPRESSED, remaining: 1000001000000), time=2026-09-19 00:38:25, height=1556563}: Sending Bloom filter and querying mempool
05:38:25 [NioClientManager] AllowLockTimeRiskAnalysis$Analyzer - risk analysis: net time diff 0; peer time diff 0 1789796305 1789796305
05:38:25 [dashj user thread] AbstractQuorumState - peer connected and setting download peer to Peer{[68.67.122.23]:19999, version=70240, subVer=/Dash Core:23.1.8/, services=7237 (NETWORK, BLOOM, NETWORK_LIMITED, COMPACT_FILTERS, HEADERS_COMPRESSED, remaining: 1000001000000), time=2026-09-19 00:38:24, height=1556563} with onPeerConnected
05:38:25 [dashj user thread] AbstractQuorumState - peer connected and setting download peer to Peer{[68.67.122.23]:19999, version=70240, subVer=/Dash Core:23.1.8/, services=7237 (NETWORK, BLOOM, NETWORK_LIMITED, COMPACT_FILTERS, HEADERS_COMPRESSED, remaining: 1000001000000), time=2026-09-19 00:38:24, height=1556563} with onPeerConnected
05:38:25 [DefaultDispatcher-worker-11] PlatformSynchronizationService - preBlockDownload: no existing identity found
05:38:25 [DefaultDispatcher-worker-11] PlatformSynchronizationService - PreBlockDownload: complete
05:38:25 [DefaultDispatcher-worker-11] PlatformSynchronizationService - PreBlockDownload: SettableFuture@47b92bc[status=PENDING]
05:38:25 [PeerGroup Thread] PeerGroup - Stage preblock successful
05:38:25 [PeerGroup Thread] PeerGroup - Sync Stage change from PREBLOCKS to BLOCKS
05:38:25 [PeerGroup Thread] BlockchainServiceImpl - DoneDownload 0 in 0.000 ns
05:38:25 [dashj user thread] AbstractQuorumState - setting download peer with onChainDownloadStarted Peer{[68.67.122.23]:19999, version=70240, subVer=/Dash Core:23.1.8/, services=7237 (NETWORK, BLOOM, NETWORK_LIMITED, COMPACT_FILTERS, HEADERS_COMPRESSED, remaining: 1000001000000), time=2026-09-19 00:38:24, height=1556563}
05:38:25 [dashj user thread] AbstractQuorumState - maybe requesting GetSimplifiedMasternodeListDiff from 1556555 to 1556563; 
  From 0000003faa50aeffea325b032e908c28fff93e7bd2aeb162821e7c7615e7f7ae
  To 00000050e96db3d9381dde85c28ad3d54625fd78f0727eb308f41dec02ecc087
05:38:25 [dashj user thread] AbstractQuorumState - download peer = Peer{[68.67.122.23]:19999, version=70240, subVer=/Dash Core:23.1.8/, services=7237 (NETWORK, BLOOM, NETWORK_LIMITED, COMPACT_FILTERS, HEADERS_COMPRESSED, remaining: 1000001000000), time=2026-09-19 00:38:24, height=1556563}, but obtaining backup from peerGroup downloadPeer
05:38:25 [dashj user thread] AbstractQuorumState - backup download peer = Peer{[68.67.122.23]:19999, version=70240, subVer=/Dash Core:23.1.8/, services=7237 (NETWORK, BLOOM, NETWORK_LIMITED, COMPACT_FILTERS, HEADERS_COMPRESSED, remaining: 1000001000000), time=2026-09-19 00:38:24, height=1556563}
05:38:25 [dashj user thread] AbstractQuorumState - handling next mnlistdiff: 0
05:38:25 [dashj user thread] AbstractQuorumState - There are no pending blocks to request: GetSimplifiedMasternodeListDiff{baseBlockHash=000000395cd34f77bcdd3871e68bdc69f9702a58b6f206454ebcc3496ad38f9f, blockHash=0000003faa50aeffea325b032e908c28fff93e7bd2aeb162821e7c7615e7f7ae}
05:38:25 [dashj user thread] AbstractQuorumState - setting download peer with onChainDownloadStarted Peer{[68.67.122.23]:19999, version=70240, subVer=/Dash Core:23.1.8/, services=7237 (NETWORK, BLOOM, NETWORK_LIMITED, COMPACT_FILTERS, HEADERS_COMPRESSED, remaining: 1000001000000), time=2026-09-19 00:38:24, height=1556563}
05:38:25 [dashj user thread] AbstractQuorumState - maybe requesting GetQuorumRotationInfo from 1556344 to 1556563; 
  From 0000002ba192aa8b562eba9eed0577f0ddcc273e095a7f1534b14478bdf07dd8
  To 00000050e96db3d9381dde85c28ad3d54625fd78f0727eb308f41dec02ecc087
05:38:25 [dashj user thread] AbstractQuorumState - download peer = Peer{[68.67.122.23]:19999, version=70240, subVer=/Dash Core:23.1.8/, services=7237 (NETWORK, BLOOM, NETWORK_LIMITED, COMPACT_FILTERS, HEADERS_COMPRESSED, remaining: 1000001000000), time=2026-09-19 00:38:24, height=1556563}, but obtaining backup from peerGroup downloadPeer
05:38:25 [dashj user thread] AbstractQuorumState - backup download peer = Peer{[68.67.122.23]:19999, version=70240, subVer=/Dash Core:23.1.8/, services=7237 (NETWORK, BLOOM, NETWORK_LIMITED, COMPACT_FILTERS, HEADERS_COMPRESSED, remaining: 1000001000000), time=2026-09-19 00:38:24, height=1556563}
05:38:25 [dashj user thread] AbstractQuorumState - handling next mnlistdiff: 0
05:38:25 [dashj user thread] AbstractQuorumState - There are no pending blocks to request: GetQuorumRotationInfo{, baseBlockHashes=[00000026ed7f6e4cfe13952f2bc710c0855ee71a9ce47a5df98d64375e207b2c, 00000bafbc94add76cb75e2ec92894837288a481e5c005f6563d91623bf8bc2c], blockRequestHash=0000000c5842449fbe943f43a83bf18d49ebba6165d651f9797fb6b57d90c532, extraShare=true}
05:38:25 [DefaultDispatcher-worker-8] CoinJoinMixingService - coinjoin-state: NONE, 994 ms, true, CONNECTED, synced: true, true
05:38:25 [DefaultDispatcher-worker-8] CoinJoinMixingService - coinjoin-state-mixing: NOT_STARTED -> NOT_STARTED
05:38:25 [DefaultDispatcher-worker-8] CoinJoinMixingService - coinjoin: new block: 1556563
05:38:25 [DefaultDispatcher-worker-8] BLSJniLibrary - Initializing BLS JNI Library
05:38:25 [DefaultDispatcher-worker-8] CoinJoinMixingService - coinjoin: anonymizable balance 0.00 DASH, denominatedBalance: 0.00 DASH
05:38:25 [DefaultDispatcher-worker-8] CoinJoinMixingService - timing: denominatedBalance 75.50 μs
05:38:25 [DefaultDispatcher-worker-8] CoinJoinMixingService - timing: denominatedBalance 9.959 μs
05:38:25 [DefaultDispatcher-worker-8] CoinJoinMixingService - timing: coinJoinBalance 33.75 μs
05:38:25 [DefaultDispatcher-worker-8] CoinJoinMixingService - coinjoin: can mix balance: true = balance: (false && canDenominate: true) || partially-mixed: false
05:38:25 [DefaultDispatcher-worker-11] MainViewModel - blockchain state update: mnlist=1556555; chain=1556563
05:38:25 [NioClientManager] Peer - Peer{[78.17.70.175]:19899, version=70240, subVer=/Dash Core:23.1.8/, services=7237 (NETWORK, BLOOM, NETWORK_LIMITED, COMPACT_FILTERS, HEADERS_COMPRESSED, remaining: 1000001000000), time=2026-09-19 00:38:25, height=1556563}: Received unhandled message: org.bitcoinj.core.SendCompactBlocksMessage@7f0f6cb
05:38:25 [NioClientManager] Peer - Peer{[78.17.70.175]:19899, version=70240, subVer=/Dash Core:23.1.8/, services=7237 (NETWORK, BLOOM, NETWORK_LIMITED, COMPACT_FILTERS, HEADERS_COMPRESSED, remaining: 1000001000000), time=2026-09-19 00:38:25, height=1556563}: Received unhandled message: SendDsq(send=true)
05:38:25 [main] HistoryHeaderAdapter - set invite, synced = true
05:38:25 [NioClientManager] Peer - Peer{[206.245.167.63]:19999, version=70240, subVer=/Dash Core:23.1.8/, services=7237 (NETWORK, BLOOM, NETWORK_LIMITED, COMPACT_FILTERS, HEADERS_COMPRESSED, remaining: 1000001000000), time=2026-09-19 00:38:25, height=1556563}
05:38:25 [NioClientManager] PeerGroup - Peer{[206.245.167.63]:19999, version=70240, subVer=/Dash Core:23.1.8/, services=7237 (NETWORK, BLOOM, NETWORK_LIMITED, COMPACT_FILTERS, HEADERS_COMPRESSED, remaining: 1000001000000), time=2026-09-19 00:38:25, height=1556563}: New peer      (6 connected, 0 pending, 6 max)
05:38:25 [NioClientManager] Peer - Peer{[206.245.167.63]:19999, version=70240, subVer=/Dash Core:23.1.8/, services=7237 (NETWORK, BLOOM, NETWORK_LIMITED, COMPACT_FILTERS, HEADERS_COMPRESSED, remaining: 1000001000000), time=2026-09-19 00:38:25, height=1556563}: Sending Bloom filter and querying mempool
05:38:25 [NioClientManager] AllowLockTimeRiskAnalysis$Analyzer - risk analysis: net time diff 0; peer time diff 0 1789796305 1789796305
05:38:25 [dashj user thread] AbstractQuorumState - peer connected and setting download peer to Peer{[68.67.122.23]:19999, version=70240, subVer=/Dash Core:23.1.8/, services=7237 (NETWORK, BLOOM, NETWORK_LIMITED, COMPACT_FILTERS, HEADERS_COMPRESSED, remaining: 1000001000000), time=2026-09-19 00:38:24, height=1556563} with onPeerConnected
05:38:25 [dashj user thread] AbstractQuorumState - peer connected and setting download peer to Peer{[68.67.122.23]:19999, version=70240, subVer=/Dash Core:23.1.8/, services=7237 (NETWORK, BLOOM, NETWORK_LIMITED, COMPACT_FILTERS, HEADERS_COMPRESSED, remaining: 1000001000000), time=2026-09-19 00:38:24, height=1556563} with onPeerConnected
05:38:25 [NioClientManager] SporkManager - SPORK -- hash: b9d783455f2df58f1844e4b13ec13bccd1170ed0250c0be09ee6a7664175db47 id: 10008 (        SPORK_9_SUPERBLOCKS_ENABLED) value:          0 bestHeight: 1556563 peer=/78.17.70.175:19899 seen 
05:38:25 [NioClientManager] SporkManager - SPORK -- hash: e22c8dbbf3b6277346baec16495ba489ced20755a14e2b5051700d2bfa51fb5b id: 10016 (        SPORK_17_QUORUM_DKG_ENABLED) value:          0 bestHeight: 1556563 peer=/78.17.70.175:19899 seen 
05:38:25 [NioClientManager] SporkManager - SPORK -- hash: a954a3dde9d3f8f6d4db268edfacf58e9e86b9f0eedaf666c792a144eea62deb id: 10022 (               SPORK_23_QUORUM_POSE) value:          0 bestHeight: 1556563 peer=/78.17.70.175:19899 seen 
05:38:25 [NioClientManager] SporkManager - SPORK -- hash: d1d32f00374284b19ee33f9ef19386055fd15091ce4a476ab58701603594cc5e id: 10002 (SPORK_3_INSTANTSEND_BLOCK_FILTERING) value:          0 bestHeight: 1556563 peer=/78.17.70.175:19899 seen 
05:38:25 [NioClientManager] SporkManager - SPORK -- hash: 2d1a2040ab918d5e8240e9e92e3a42a46a97073c90679a3df125ee6de113938c id: 10001 (        SPORK_2_INSTANTSEND_ENABLED) value:          0 bestHeight: 1556563 peer=/78.17.70.175:19899 seen 
05:38:25 [NioClientManager] SporkManager - SPORK -- hash: c0fa2288bfc94099c0bee6c074c950fa990db674024807a67d601153dadfe539 id: 10018 (        SPORK_19_CHAINLOCKS_ENABLED) value:          0 bestHeight: 1556563 peer=/78.17.70.175:19899 seen 
05:38:25 [NioClientManager] SporkManager - SPORK -- hash: c68903921495975e0f00ebd6bca4f6701d1483c897c8224341d8a91dcd110b2e id: 10020 (      SPORK_21_QUORUM_ALL_CONNECTED) value:          1 bestHeight: 1556563 peer=/78.17.70.175:19899 seen 
05:38:25 [Threading.THREAD_POOL worker] PeerGroup - [68.67.122.2]:19999: Peer died      (5 connected, 0 pending, 6 max)
05:38:25 [PeerGroup Thread] PeerGroup$ChainDownloadSpeedCalculator - End of sync detected at height 1556563.
05:38:25 [PeerGroup Thread] PeerGroup - Waiting 999 ms before next connect attempt to [68.67.122.69]:19999
05:38:26 [NioClientManager] Peer - Peer{[206.245.167.63]:19999, version=70240, subVer=/Dash Core:23.1.8/, services=7237 (NETWORK, BLOOM, NETWORK_LIMITED, COMPACT_FILTERS, HEADERS_COMPRESSED, remaining: 1000001000000), time=2026-09-19 00:38:25, height=1556563}: Received unhandled message: org.bitcoinj.core.SendCompactBlocksMessage@c677443
05:38:26 [NioClientManager] Peer - Peer{[206.245.167.63]:19999, version=70240, subVer=/Dash Core:23.1.8/, services=7237 (NETWORK, BLOOM, NETWORK_LIMITED, COMPACT_FILTERS, HEADERS_COMPRESSED, remaining: 1000001000000), time=2026-09-19 00:38:25, height=1556563}: Received unhandled message: SendDsq(send=true)
05:38:26 [DefaultDispatcher-worker-4] BlockchainServiceImpl - network capabilities changed: 100, hasInternet: true, validated: true
05:38:26 [DefaultDispatcher-worker-4] BlockchainServiceImpl - acquiring check() mutex
05:38:26 [DefaultDispatcher-worker-4] BlockchainServiceImpl - check()
05:38:26 [DefaultDispatcher-worker-4] BlockchainServiceImpl - releasing check() mutex
05:38:26 [NioClientManager] SporkManager - SPORK -- hash: a954a3dde9d3f8f6d4db268edfacf58e9e86b9f0eedaf666c792a144eea62deb id: 10022 (               SPORK_23_QUORUM_POSE) value:          0 bestHeight: 1556563 peer=/206.245.167.63:19999 seen 
05:38:26 [NioClientManager] SporkManager - SPORK -- hash: c0fa2288bfc94099c0bee6c074c950fa990db674024807a67d601153dadfe539 id: 10018 (        SPORK_19_CHAINLOCKS_ENABLED) value:          0 bestHeight: 1556563 peer=/206.245.167.63:19999 seen 
05:38:26 [NioClientManager] SporkManager - SPORK -- hash: e22c8dbbf3b6277346baec16495ba489ced20755a14e2b5051700d2bfa51fb5b id: 10016 (        SPORK_17_QUORUM_DKG_ENABLED) value:          0 bestHeight: 1556563 peer=/206.245.167.63:19999 seen 
05:38:26 [NioClientManager] SporkManager - SPORK -- hash: d1d32f00374284b19ee33f9ef19386055fd15091ce4a476ab58701603594cc5e id: 10002 (SPORK_3_INSTANTSEND_BLOCK_FILTERING) value:          0 bestHeight: 1556563 peer=/206.245.167.63:19999 seen 
05:38:26 [NioClientManager] SporkManager - SPORK -- hash: c68903921495975e0f00ebd6bca4f6701d1483c897c8224341d8a91dcd110b2e id: 10020 (      SPORK_21_QUORUM_ALL_CONNECTED) value:          1 bestHeight: 1556563 peer=/206.245.167.63:19999 seen 
05:38:26 [NioClientManager] SporkManager - SPORK -- hash: 2d1a2040ab918d5e8240e9e92e3a42a46a97073c90679a3df125ee6de113938c id: 10001 (        SPORK_2_INSTANTSEND_ENABLED) value:          0 bestHeight: 1556563 peer=/206.245.167.63:19999 seen 
05:38:26 [NioClientManager] SporkManager - SPORK -- hash: b9d783455f2df58f1844e4b13ec13bccd1170ed0250c0be09ee6a7664175db47 id: 10008 (        SPORK_9_SUPERBLOCKS_ENABLED) value:          0 bestHeight: 1556563 peer=/206.245.167.63:19999 seen 
05:38:27 [PeerGroup Thread] PeerGroup - Attempting connection to [68.67.122.17]:19999     (5 connected, 1 pending, 6 max)
05:38:27 [NioClientManager] NioClientManager - Connected to /68.67.122.17:19999
05:38:27 [NioClientManager] Peer - Announcing to /68.67.122.17:19999 with protocol 70235 as: /DashJ:22.0.5/Dash Wallet:11.9.0/
05:38:27 [NioClientManager] Peer - Peer{[68.67.122.17]:19999, version=70240, subVer=/Dash Core:23.1.8/, services=7237 (NETWORK, BLOOM, NETWORK_LIMITED, COMPACT_FILTERS, HEADERS_COMPRESSED, remaining: 1000001000000), time=2026-09-19 00:38:26, height=1556563}
05:38:27 [NioClientManager] PeerGroup - Peer{[68.67.122.17]:19999, version=70240, subVer=/Dash Core:23.1.8/, services=7237 (NETWORK, BLOOM, NETWORK_LIMITED, COMPACT_FILTERS, HEADERS_COMPRESSED, remaining: 1000001000000), time=2026-09-19 00:38:26, height=1556563}: New peer      (6 connected, 0 pending, 6 max)
05:38:27 [NioClientManager] Peer - Peer{[68.67.122.17]:19999, version=70240, subVer=/Dash Core:23.1.8/, services=7237 (NETWORK, BLOOM, NETWORK_LIMITED, COMPACT_FILTERS, HEADERS_COMPRESSED, remaining: 1000001000000), time=2026-09-19 00:38:26, height=1556563}: Sending Bloom filter and querying mempool
05:38:27 [NioClientManager] AllowLockTimeRiskAnalysis$Analyzer - risk analysis: net time diff 0; peer time diff -1 1789796306 1789796307
05:38:27 [dashj user thread] AbstractQuorumState - peer connected and setting download peer to Peer{[68.67.122.23]:19999, version=70240, subVer=/Dash Core:23.1.8/, services=7237 (NETWORK, BLOOM, NETWORK_LIMITED, COMPACT_FILTERS, HEADERS_COMPRESSED, remaining: 1000001000000), time=2026-09-19 00:38:24, height=1556563} with onPeerConnected
05:38:27 [dashj user thread] AbstractQuorumState - peer connected and setting download peer to Peer{[68.67.122.23]:19999, version=70240, subVer=/Dash Core:23.1.8/, services=7237 (NETWORK, BLOOM, NETWORK_LIMITED, COMPACT_FILTERS, HEADERS_COMPRESSED, remaining: 1000001000000), time=2026-09-19 00:38:24, height=1556563} with onPeerConnected
05:38:27 [NioClientManager] Peer - Peer{[68.67.122.17]:19999, version=70240, subVer=/Dash Core:23.1.8/, services=7237 (NETWORK, BLOOM, NETWORK_LIMITED, COMPACT_FILTERS, HEADERS_COMPRESSED, remaining: 1000001000000), time=2026-09-19 00:38:26, height=1556563}: Received unhandled message: org.bitcoinj.core.SendCompactBlocksMessage@f9128bb
05:38:27 [NioClientManager] Peer - Peer{[68.67.122.17]:19999, version=70240, subVer=/Dash Core:23.1.8/, services=7237 (NETWORK, BLOOM, NETWORK_LIMITED, COMPACT_FILTERS, HEADERS_COMPRESSED, remaining: 1000001000000), time=2026-09-19 00:38:26, height=1556563}: Received unhandled message: SendDsq(send=true)
05:38:27 [NioClientManager] SporkManager - SPORK -- hash: c68903921495975e0f00ebd6bca4f6701d1483c897c8224341d8a91dcd110b2e id: 10020 (      SPORK_21_QUORUM_ALL_CONNECTED) value:          1 bestHeight: 1556563 peer=/68.67.122.17:19999 seen 
05:38:27 [NioClientManager] SporkManager - SPORK -- hash: c0fa2288bfc94099c0bee6c074c950fa990db674024807a67d601153dadfe539 id: 10018 (        SPORK_19_CHAINLOCKS_ENABLED) value:          0 bestHeight: 1556563 peer=/68.67.122.17:19999 seen 
05:38:27 [NioClientManager] SporkManager - SPORK -- hash: b9d783455f2df58f1844e4b13ec13bccd1170ed0250c0be09ee6a7664175db47 id: 10008 (        SPORK_9_SUPERBLOCKS_ENABLED) value:          0 bestHeight: 1556563 peer=/68.67.122.17:19999 seen 
05:38:27 [NioClientManager] SporkManager - SPORK -- hash: d1d32f00374284b19ee33f9ef19386055fd15091ce4a476ab58701603594cc5e id: 10002 (SPORK_3_INSTANTSEND_BLOCK_FILTERING) value:          0 bestHeight: 1556563 peer=/68.67.122.17:19999 seen 
05:38:27 [NioClientManager] SporkManager - SPORK -- hash: 2d1a2040ab918d5e8240e9e92e3a42a46a97073c90679a3df125ee6de113938c id: 10001 (        SPORK_2_INSTANTSEND_ENABLED) value:          0 bestHeight: 1556563 peer=/68.67.122.17:19999 seen 
05:38:27 [NioClientManager] SporkManager - SPORK -- hash: a954a3dde9d3f8f6d4db268edfacf58e9e86b9f0eedaf666c792a144eea62deb id: 10022 (               SPORK_23_QUORUM_POSE) value:          0 bestHeight: 1556563 peer=/68.67.122.17:19999 seen 
05:38:27 [NioClientManager] SporkManager - SPORK -- hash: e22c8dbbf3b6277346baec16495ba489ced20755a14e2b5051700d2bfa51fb5b id: 10016 (        SPORK_17_QUORUM_DKG_ENABLED) value:          0 bestHeight: 1556563 peer=/68.67.122.17:19999 seen 
05:38:27 [LLMQBackgroundThread] InstantSendManager - islock: signature has already been verified: 1a1dac75452c890f0c976a000315cfd96a702feded36e2d57f7828340c3a330a
05:38:27 [LLMQBackgroundThread] InstantSendManager - processing islock txid=1a1dac75452c890f0c976a000315cfd96a702feded36e2d57f7828340c3a330a, islock=ba41b0562450938f97999a25dbee8ca4b633677048b369975adb337c5dc5df4d:  peer=-1
05:38:27 [LLMQBackgroundThread] InstantSendManager - InstantSendManager -- verified locks. count=0, alreadyVerified=0, vt=19.79 μs, nodes=0
05:38:27 [dashj user thread] TransactionBroadcast - broadcastTransaction: IX_TYPE:  TX 1a1dac75452c890f0c976a000315cfd96a702feded36e2d57f7828340c3a330a seen by 0 peers
05:38:27 [LLMQBackgroundThread] InstantSendManager - processing islock txid=1a1dac75452c890f0c976a000315cfd96a702feded36e2d57f7828340c3a330a, islock=ba41b0562450938f97999a25dbee8ca4b633677048b369975adb337c5dc5df4d:  peer=-1
05:38:27 [Wallet autosave thread] BLSJniLibrary - Initializing BLS JNI Library
05:38:27 [dashj user thread] TransactionBroadcast - broadcastTransaction: IX_TYPE:  TX 1a1dac75452c890f0c976a000315cfd96a702feded36e2d57f7828340c3a330a seen by 0 peers
05:38:29 [OkHttp https://www.dash.org/...] Constants - --> HEAD https://www.dash.org/
05:38:29 [DefaultDispatcher-worker-3] BlockchainServiceImpl - network capabilities changed: 100, hasInternet: true, validated: true
05:38:29 [DefaultDispatcher-worker-3] BlockchainServiceImpl - acquiring check() mutex
05:38:29 [DefaultDispatcher-worker-3] BlockchainServiceImpl - check()
05:38:29 [DefaultDispatcher-worker-3] BlockchainServiceImpl - releasing check() mutex
05:38:29 [OkHttp https://www.dash.org/...] Constants - <-- 200 https://www.dash.org/ (133ms, 0-byte body)
05:38:29 [DefaultDispatcher-worker-3] TimeUtils - timeskew: network time is 1789796309000
05:38:29 [DefaultDispatcher-worker-3] CoinJoinMixingService - coinjoin-state: NONE, 579 ms, true, CONNECTED, synced: true, true
05:38:29 [DefaultDispatcher-worker-3] CoinJoinMixingService - coinjoin-state-mixing: NOT_STARTED -> NOT_STARTED
05:38:32 [Wallet autosave thread] WalletFiles - Background saving wallet; last seen block is height 1556563, date 2026-09-19T05:35:33Z, hash 00000050e96db3d9381dde85c28ad3d54625fd78f0727eb308f41dec02ecc087
05:38:32 [Wallet autosave thread] CoinJoinExtension - CoinJoinExtension serialization: 5ms total (keys:3ms[2006], cache:0ms[0], salt:0ms, io:1ms, size:208967bytes, buffer:64KB)
05:38:32 [Wallet autosave thread] WalletProtobufSerializer - walletToProto (serial=15) timing: 11ms total, init=0ms, tx=0ms[2], keys=0ms, scripts=0ms[0], metadata=0ms, ext=10ms, friendRecv=0ms, friendSend=0ms, build=0ms
05:38:32 [Wallet autosave thread] WalletProtobufSerializer - writeWallet timing: 11ms total (11ms/100% serialization, 0ms/0% I/O) buffer=8KB
05:38:32 [Wallet autosave thread] WalletFiles - Save completed in 13.70 ms (274621 bytes); /data/user/0/hashengineering.darkcoin.wallet_test/files/wallet-protobuf-testnet
05:38:35 [LLMQBackgroundThread] InstantSendManager - islock: signature has already been verified: 1a1dac75452c890f0c976a000315cfd96a702feded36e2d57f7828340c3a330a
05:38:35 [LLMQBackgroundThread] InstantSendManager - processing islock txid=1a1dac75452c890f0c976a000315cfd96a702feded36e2d57f7828340c3a330a, islock=ba41b0562450938f97999a25dbee8ca4b633677048b369975adb337c5dc5df4d:  peer=-1
05:38:35 [LLMQBackgroundThread] InstantSendManager - InstantSendManager -- verified locks. count=0, alreadyVerified=0, vt=30.08 μs, nodes=0
05:38:35 [dashj user thread] TransactionBroadcast - broadcastTransaction: IX_TYPE:  TX 1a1dac75452c890f0c976a000315cfd96a702feded36e2d57f7828340c3a330a seen by 0 peers
05:38:35 [LLMQBackgroundThread] InstantSendManager - processing islock txid=1a1dac75452c890f0c976a000315cfd96a702feded36e2d57f7828340c3a330a, islock=ba41b0562450938f97999a25dbee8ca4b633677048b369975adb337c5dc5df4d:  peer=-1
05:38:35 [dashj user thread] TransactionBroadcast - broadcastTransaction: IX_TYPE:  TX 1a1dac75452c890f0c976a000315cfd96a702feded36e2d57f7828340c3a330a seen by 0 peers
05:38:37 [OkHttp https://www.dash.org/...] Constants - --> HEAD https://www.dash.org/
05:38:37 [OkHttp https://www.dash.org/...] Constants - <-- 200 https://www.dash.org/ (70ms, 0-byte body)
05:38:37 [DefaultDispatcher-worker-8] TimeUtils - timeskew: network time is 1789796317000
05:38:37 [DefaultDispatcher-worker-8] CoinJoinMixingService - coinjoin-state: NONE, 857 ms, true, CONNECTED, synced: true, true
05:38:37 [DefaultDispatcher-worker-8] CoinJoinMixingService - coinjoin-state-mixing: NOT_STARTED -> NOT_STARTED
05:38:38 [DefaultDispatcher-worker-4] BlockchainServiceImpl - network capabilities changed: 100, hasInternet: true, validated: true
05:38:38 [DefaultDispatcher-worker-4] BlockchainServiceImpl - acquiring check() mutex
05:38:38 [DefaultDispatcher-worker-4] BlockchainServiceImpl - check()
05:38:38 [DefaultDispatcher-worker-4] BlockchainServiceImpl - releasing check() mutex
05:38:40 [Wallet autosave thread] WalletFiles - Background saving wallet; last seen block is height 1556563, date 2026-09-19T05:35:33Z, hash 00000050e96db3d9381dde85c28ad3d54625fd78f0727eb308f41dec02ecc087
05:38:40 [Wallet autosave thread] CoinJoinExtension - CoinJoinExtension serialization: 4ms total (keys:1ms[2006], cache:0ms[0], salt:0ms, io:3ms, size:208967bytes, buffer:64KB)
05:38:40 [Wallet autosave thread] WalletProtobufSerializer - walletToProto (serial=15) timing: 7ms total, init=0ms, tx=0ms[2], keys=0ms, scripts=0ms[0], metadata=0ms, ext=5ms, friendRecv=0ms, friendSend=0ms, build=0ms
05:38:40 [Wallet autosave thread] WalletProtobufSerializer - writeWallet timing: 7ms total (7ms/100% serialization, 0ms/0% I/O) buffer=8KB
05:38:40 [Wallet autosave thread] WalletFiles - Save completed in 10.41 ms (274621 bytes); /data/user/0/hashengineering.darkcoin.wallet_test/files/wallet-protobuf-testnet
05:38:41 [DefaultDispatcher-worker-4] BlockchainServiceImpl - network capabilities changed: 100, hasInternet: true, validated: true
05:38:41 [DefaultDispatcher-worker-4] BlockchainServiceImpl - acquiring check() mutex
05:38:41 [DefaultDispatcher-worker-4] BlockchainServiceImpl - check()
05:38:41 [DefaultDispatcher-worker-4] BlockchainServiceImpl - releasing check() mutex
05:38:44 [DefaultDispatcher-worker-5] BlockchainServiceImpl - network capabilities changed: 100, hasInternet: true, validated: true
05:38:44 [DefaultDispatcher-worker-5] BlockchainServiceImpl - acquiring check() mutex
05:38:44 [DefaultDispatcher-worker-5] BlockchainServiceImpl - check()
05:38:44 [DefaultDispatcher-worker-5] BlockchainServiceImpl - releasing check() mutex
05:38:47 [DefaultDispatcher-worker-4] BlockchainServiceImpl - network capabilities changed: 100, hasInternet: true, validated: true
05:38:47 [DefaultDispatcher-worker-4] BlockchainServiceImpl - acquiring check() mutex
05:38:47 [DefaultDispatcher-worker-4] BlockchainServiceImpl - check()
05:38:47 [DefaultDispatcher-worker-4] BlockchainServiceImpl - releasing check() mutex
05:38:50 [DefaultDispatcher-worker-12] BlockchainServiceImpl - network capabilities changed: 100, hasInternet: true, validated: true
05:38:50 [DefaultDispatcher-worker-12] BlockchainServiceImpl - acquiring check() mutex
05:38:50 [DefaultDispatcher-worker-12] BlockchainServiceImpl - check()
05:38:50 [DefaultDispatcher-worker-12] BlockchainServiceImpl - releasing check() mutex
05:38:59 [DefaultDispatcher-worker-4] BlockchainServiceImpl - network capabilities changed: 100, hasInternet: true, validated: true
05:38:59 [DefaultDispatcher-worker-4] BlockchainServiceImpl - acquiring check() mutex
05:38:59 [DefaultDispatcher-worker-4] BlockchainServiceImpl - check()
05:38:59 [DefaultDispatcher-worker-4] BlockchainServiceImpl - releasing check() mutex
05:39:02 [DefaultDispatcher-worker-12] BlockchainServiceImpl - network capabilities changed: 100, hasInternet: true, validated: true
05:39:02 [DefaultDispatcher-worker-12] BlockchainServiceImpl - acquiring check() mutex
05:39:02 [DefaultDispatcher-worker-12] BlockchainServiceImpl - check()
05:39:02 [DefaultDispatcher-worker-12] BlockchainServiceImpl - releasing check() mutex
05:39:12 [LLMQBackgroundThread] LLMQBackgroundThread - InstantSendManager:  pendingInstantSendLocks 0, DB: SPVISDB:  isLockCache:  2, txidCache: 2, outpointCache: 5, isLockHashHeight: 0
05:39:14 [DefaultDispatcher-worker-5] BlockchainServiceImpl - network capabilities changed: 100, hasInternet: true, validated: true
05:39:14 [DefaultDispatcher-worker-5] BlockchainServiceImpl - acquiring check() mutex
05:39:14 [DefaultDispatcher-worker-5] BlockchainServiceImpl - check()
05:39:14 [DefaultDispatcher-worker-5] BlockchainServiceImpl - releasing check() mutex
05:39:17 [DefaultDispatcher-worker-3] BlockchainServiceImpl - network capabilities changed: 100, hasInternet: true, validated: true
05:39:17 [DefaultDispatcher-worker-3] BlockchainServiceImpl - acquiring check() mutex
05:39:17 [DefaultDispatcher-worker-3] BlockchainServiceImpl - check()
05:39:17 [DefaultDispatcher-worker-3] BlockchainServiceImpl - releasing check() mutex
05:39:20 [DefaultDispatcher-worker-10] BlockchainServiceImpl - network capabilities changed: 100, hasInternet: true, validated: true
05:39:20 [DefaultDispatcher-worker-10] BlockchainServiceImpl - acquiring check() mutex
05:39:20 [DefaultDispatcher-worker-10] BlockchainServiceImpl - check()
05:39:20 [DefaultDispatcher-worker-10] BlockchainServiceImpl - releasing check() mutex
05:39:21 [main] BlockchainIdentityData - creation: BlockchainIdentityData(NONE, null, null, null, null, null)
05:39:21 [main] BlockchainIdentityData - creation: BlockchainIdentityData(NONE, null, null, null, null, null)
05:39:21 [main] BlockchainIdentityData - creation: BlockchainIdentityData(NONE, null, null, null, null, null)
05:39:23 [DefaultDispatcher-worker-5] BlockchainServiceImpl - network capabilities changed: 100, hasInternet: true, validated: true
05:39:23 [DefaultDispatcher-worker-5] BlockchainServiceImpl - acquiring check() mutex
05:39:23 [DefaultDispatcher-worker-5] BlockchainServiceImpl - check()
05:39:23 [DefaultDispatcher-worker-5] BlockchainServiceImpl - releasing check() mutex
05:39:27 [main] TransactionMetadataSettingsViewModel - last save date: null
05:39:27 [main] TransactionMetadataSettingsViewModel - future save date: null
05:39:27 [main] BlockchainIdentityData - creation: BlockchainIdentityData(NONE, null, null, null, null, null)
05:39:27 [DefaultDispatcher-worker-7] Constants - --> GET https://rates.ctx.com/rates?source=ctx
05:39:27 [DefaultDispatcher-worker-3] TransactionMetadataSettingsViewModel - unsaved count: 4
05:39:27 [DefaultDispatcher-worker-2] WalletTransactionMetadataProvider - metadata: TxOut of 0.05 DASH to yMahoHJCR7ZGztjQwxZ7FZpBEMDdnTpRjh script:DUP HASH160 PUSHDATA(20)[0ddad833844a886ab85ed9959c90079998ed7c92] EQUALVERIFY CHECKSIG
05:39:27 [DefaultDispatcher-worker-2] WalletTransactionMetadataProvider - metadata: TxOut of 0.94999773 DASH to yg6CfcF5yBA9eNaJGgrczqEGLxcAAyJiSq script:DUP HASH160 PUSHDATA(20)[d8e144e26103cecc0f7496b785c72f65f5131fb6] EQUALVERIFY CHECKSIG
05:39:27 [DefaultDispatcher-worker-2] WalletTransactionMetadataProvider - metadata: TxOut of 1.00 DASH to yLRHLPYFiRXPQPm2CaD5AsifEfqpYbSRKo script:DUP HASH160 PUSHDATA(20)[011a8dc9c32f4ce55f8d34578bf142c92f9c20b6] EQUALVERIFY CHECKSIG
05:39:27 [DefaultDispatcher-worker-2] WalletTransactionMetadataProvider - metadata: TxOut of 2.9999955 DASH to yPrynRN6ViX2rCcRL5SoSi8ntcWgdHSEaS script:DUP HASH160 PUSHDATA(20)[26df1860ef5c819a6af08533db64a026bd840756] EQUALVERIFY CHECKSIG
05:39:27 [DefaultDispatcher-worker-1] PlatformSynchronizationService - determining unsaved transactions: 34.36 ms, 2 txes
05:39:27 [DefaultDispatcher-worker-1] TransactionMetadataSettingsViewModel - old unsaved count: 2
05:39:27 [DefaultDispatcher-worker-7] Constants - <-- 200 https://rates.ctx.com/rates?source=ctx (78ms, unknown-length body)
05:39:27 [DefaultDispatcher-worker-7] ExchangeRatesRepository - exchange rates updated successfully with de.schildbach.wallet.rates.DashRetailClient@6fd60bc
05:39:27 [DefaultDispatcher-worker-7] ExchangeRatesRepository - updateTrigger
05:39:45 [DefaultDispatcher-worker-1] BlockchainServiceImpl - network capabilities changed: 100, hasInternet: true, validated: true
05:39:45 [DefaultDispatcher-worker-1] BlockchainServiceImpl - acquiring check() mutex
05:39:45 [DefaultDispatcher-worker-1] BlockchainServiceImpl - check()
05:39:45 [DefaultDispatcher-worker-1] BlockchainServiceImpl - releasing check() mutex
05:39:47 [DefaultDispatcher-worker-1] Constants - --> GET https://rates.ctx.com/rates?source=ctx
05:39:47 [DefaultDispatcher-worker-1] Constants - <-- 200 https://rates.ctx.com/rates?source=ctx (75ms, unknown-length body)
05:39:47 [DefaultDispatcher-worker-1] ExchangeRatesRepository - exchange rates updated successfully with de.schildbach.wallet.rates.DashRetailClient@6fd60bc
05:39:47 [DefaultDispatcher-worker-1] ExchangeRatesRepository - updateTrigger
05:39:48 [DefaultDispatcher-worker-1] BlockchainServiceImpl - network capabilities changed: 100, hasInternet: true, validated: true
05:39:48 [DefaultDispatcher-worker-1] BlockchainServiceImpl - acquiring check() mutex
05:39:48 [DefaultDispatcher-worker-1] BlockchainServiceImpl - check()
05:39:48 [DefaultDispatcher-worker-1] BlockchainServiceImpl - releasing check() mutex
05:39:59 [LLMQBackgroundThread] LLMQBackgroundThread - InstantSendManager:  pendingInstantSendLocks 0, DB: SPVISDB:  isLockCache:  2, txidCache: 2, outpointCache: 5, isLockHashHeight: 0
05:40:00 [main] BlockchainServiceImpl - History of transactions/blocks/headers/mnlistdiff: 0/0/0/0
05:40:00 [DefaultDispatcher-worker-3] BlockchainServiceImpl - network capabilities changed: 100, hasInternet: true, validated: true
05:40:00 [DefaultDispatcher-worker-3] BlockchainServiceImpl - acquiring check() mutex
05:40:00 [DefaultDispatcher-worker-3] BlockchainServiceImpl - check()
05:40:00 [DefaultDispatcher-worker-3] BlockchainServiceImpl - releasing check() mutex
05:40:00 [DefaultDispatcher-worker-2] Constants - --> GET https://rates.ctx.com/rates?source=ctx
05:40:00 [DefaultDispatcher-worker-2] Constants - <-- 200 https://rates.ctx.com/rates?source=ctx (94ms, unknown-length body)
05:40:00 [DefaultDispatcher-worker-7] ExchangeRatesRepository - exchange rates updated successfully with de.schildbach.wallet.rates.DashRetailClient@6fd60bc
05:40:00 [DefaultDispatcher-worker-7] ExchangeRatesRepository - updateTrigger
05:40:03 [DefaultDispatcher-worker-7] BlockchainServiceImpl - network capabilities changed: 100, hasInternet: true, validated: true
05:40:03 [DefaultDispatcher-worker-7] BlockchainServiceImpl - acquiring check() mutex
05:40:03 [DefaultDispatcher-worker-7] BlockchainServiceImpl - check()
05:40:03 [DefaultDispatcher-worker-7] BlockchainServiceImpl - releasing check() mutex
05:40:09 [DefaultDispatcher-worker-5] BlockchainServiceImpl - network capabilities changed: 100, hasInternet: true, validated: true
05:40:09 [DefaultDispatcher-worker-5] BlockchainServiceImpl - acquiring check() mutex
05:40:09 [DefaultDispatcher-worker-5] BlockchainServiceImpl - check()
05:40:09 [DefaultDispatcher-worker-5] BlockchainServiceImpl - releasing check() mutex
05:40:14 [main] WalletActivityTracker - activity lifecycle: current: MainActivity, activities: 1 visible: 1 foreground: 0
05:40:14 [main] BlockchainServiceImpl - onTrimMemory(20) called
05:40:14 [main] WalletActivityTracker - activity lifecycle: current: MainActivity, activities: 1 visible: 0 foreground: 0
05:40:14 [main] WalletActivityTracker - activity lifecycle: activity MainActivity destroyed
05:40:14 [main] WalletActivityTracker - activity lifecycle: current: MainActivity, activities: 0 visible: 0 foreground: 0
05:40:14 [main] WalletActivityTracker - activity lifecycle: app closed
05:40:14 [main] BlockchainServiceImpl - onTrimMemory(40) called
05:40:14 [main] BlockchainServiceImpl - low memory detected, stopping service
05:40:14 [main] BlockchainServiceImpl - .onDestroy()
05:40:14 [main] BlockchainServiceImpl - receivers unregistered, Now starting coroutine to finish the rest of the cleanup
05:40:14 [main] BlockchainServiceImpl - service was up for 1 minutes
05:40:14 [DefaultDispatcher-worker-6] BlockchainServiceImpl - The onCreateCompleted is active: false
05:40:14 [DefaultDispatcher-worker-6] BlockchainServiceImpl - The check() mutex is locked: false
05:40:14 [DefaultDispatcher-worker-6] BlockchainServiceImpl - Created new cleanupDeferred for coordination (previous was completed)
05:40:14 [DefaultDispatcher-worker-6] BlockchainServiceImpl - detaching from wallet
05:40:14 [DefaultDispatcher-worker-6] WalletApplication - last used 1 minutes ago, rescheduling blockchain sync in roughly 15 minutes
05:40:14 [DefaultDispatcher-worker-8] BlockchainServiceImpl - stop monitoring 2 old transactions
05:40:14 [DefaultDispatcher-worker-8] BlockchainServiceImpl - shutting down peerGroup and system services
05:40:14 [DefaultDispatcher-worker-8] BLSJniLibrary - Initializing BLS JNI Library
05:40:14 [DefaultDispatcher-worker-8] CoinJoinMixingService - coinjoin: preparing for shutdown - blocking new refreshUnusedKeys and awaiting any in-progress call
05:40:14 [DefaultDispatcher-worker-8] BlockchainServiceImpl - CLEANUP STEP 1: peerGroup listeners and wallet removed
05:40:14 [DefaultDispatcher-worker-8] BlockchainServiceImpl - CLEANUP STEP 2: About to call peerGroup.forceStop(7000)
05:40:14 [DefaultDispatcher-worker-8] PeerGroup - stopAsync() called - executor shutdown: false, terminated: false
05:40:14 [DefaultDispatcher-worker-8] PeerGroup - Executor queue size: 2, active threads: 0
05:40:14 [DefaultDispatcher-worker-8] PeerGroup - Remaining job: java.util.concurrent.ScheduledThreadPoolExecutor$ScheduledFutureTask@ff33901[Not completed] (class: ScheduledFutureTask)
05:40:14 [DefaultDispatcher-worker-5] CoinJoinMixingService - coinjoin-state: NONE, 857 ms, true, DISCONNECTING, synced: true, true
05:40:14 [DefaultDispatcher-worker-5] CoinJoinMixingService - coinjoin-state-mixing: NOT_STARTED -> NOT_STARTED
05:40:14 [DefaultDispatcher-worker-8] PeerGroup - Remaining job: java.util.concurrent.ScheduledThreadPoolExecutor$ScheduledFutureTask@db3c3a6[Not completed] (class: ScheduledFutureTask)
05:40:14 [DefaultDispatcher-worker-8] PeerGroup - Found PeerGroup thread: PeerGroup Thread (state: WAITING)
05:40:14 [DefaultDispatcher-worker-8] PeerGroup - Stack trace for thread PeerGroup Thread:
05:40:14 [DefaultDispatcher-worker-8] PeerGroup -   at jdk.internal.misc.Unsafe.park(Native Method)
05:40:14 [DefaultDispatcher-worker-8] PeerGroup -   at java.util.concurrent.locks.LockSupport.park(LockSupport.java:211)
05:40:14 [DefaultDispatcher-worker-8] PeerGroup -   at java.util.concurrent.locks.AbstractQueuedSynchronizer.acquire(AbstractQueuedSynchronizer.java:715)
05:40:14 [DefaultDispatcher-worker-8] PeerGroup -   at java.util.concurrent.locks.AbstractQueuedSynchronizer.acquireSharedInterruptibly(AbstractQueuedSynchronizer.java:1047)
05:40:14 [DefaultDispatcher-worker-8] PeerGroup -   at java.util.concurrent.CountDownLatch.await(CountDownLatch.java:230)
05:40:14 [DefaultDispatcher-worker-8] PeerGroup -   at com.google.common.util.concurrent.Uninterruptibles.awaitUninterruptibly(Uninterruptibles.java:59)
05:40:14 [DefaultDispatcher-worker-8] PeerGroup -   at org.bitcoinj.core.PeerGroup$6.run(PeerGroup.java:509)
05:40:14 [DefaultDispatcher-worker-8] PeerGroup -   at java.util.concurrent.Executors$RunnableAdapter.call(Executors.java:487)
05:40:14 [DefaultDispatcher-worker-8] PeerGroup -   at java.util.concurrent.FutureTask.run(FutureTask.java:264)
05:40:14 [DefaultDispatcher-worker-8] PeerGroup -   at java.util.concurrent.ScheduledThreadPoolExecutor$ScheduledFutureTask.run(ScheduledThreadPoolExecutor.java:307)
05:40:14 [DefaultDispatcher-worker-8] PeerGroup -   at java.util.concurrent.ThreadPoolExecutor.runWorker(ThreadPoolExecutor.java:1145)
05:40:14 [DefaultDispatcher-worker-8] PeerGroup -   at java.util.concurrent.ThreadPoolExecutor$Worker.run(ThreadPoolExecutor.java:644)
05:40:14 [DefaultDispatcher-worker-8] PeerGroup -   at org.bitcoinj.utils.ContextPropagatingThreadFactory$1.run(ContextPropagatingThreadFactory.java:48)
05:40:14 [DefaultDispatcher-worker-8] PeerGroup -   at java.lang.Thread.run(Thread.java:1012)
05:40:14 [DefaultDispatcher-worker-8] PeerGroup - Found PeerGroup thread: PeerGroup Thread (state: TIMED_WAITING)
05:40:14 [DefaultDispatcher-worker-8] PeerGroup - Stack trace for thread PeerGroup Thread:
05:40:14 [DefaultDispatcher-worker-8] PeerGroup -   at jdk.internal.misc.Unsafe.park(Native Method)
05:40:14 [DefaultDispatcher-worker-8] PeerGroup -   at java.util.concurrent.locks.LockSupport.parkNanos(LockSupport.java:252)
05:40:14 [DefaultDispatcher-worker-8] PeerGroup -   at java.util.concurrent.locks.AbstractQueuedSynchronizer$ConditionObject.awaitNanos(AbstractQueuedSynchronizer.java:1672)
05:40:14 [DefaultDispatcher-worker-8] PeerGroup -   at java.util.concurrent.ScheduledThreadPoolExecutor$DelayedWorkQueue.take(ScheduledThreadPoolExecutor.java:1188)
05:40:14 [DefaultDispatcher-worker-8] PeerGroup -   at java.util.concurrent.ScheduledThreadPoolExecutor$DelayedWorkQueue.take(ScheduledThreadPoolExecutor.java:905)
05:40:14 [DefaultDispatcher-worker-8] PeerGroup -   at java.util.concurrent.ThreadPoolExecutor.getTask(ThreadPoolExecutor.java:1071)
05:40:14 [DefaultDispatcher-worker-8] PeerGroup -   at java.util.concurrent.ThreadPoolExecutor.runWorker(ThreadPoolExecutor.java:1131)
05:40:14 [DefaultDispatcher-worker-8] PeerGroup -   at java.util.concurrent.ThreadPoolExecutor$Worker.run(ThreadPoolExecutor.java:644)
05:40:14 [DefaultDispatcher-worker-8] PeerGroup -   at org.bitcoinj.utils.ContextPropagatingThreadFactory$1.run(ContextPropagatingThreadFactory.java:48)
05:40:14 [DefaultDispatcher-worker-8] PeerGroup -   at java.lang.Thread.run(Thread.java:1012)
05:40:14 [DefaultDispatcher-worker-8] PeerGroup - Found PeerGroup thread: PeerGroup Thread (state: WAITING)
05:40:14 [DefaultDispatcher-worker-8] PeerGroup - Stack trace for thread PeerGroup Thread:
05:40:14 [DefaultDispatcher-worker-8] PeerGroup -   at jdk.internal.misc.Unsafe.park(Native Method)
05:40:14 [DefaultDispatcher-worker-8] PeerGroup -   at java.util.concurrent.locks.LockSupport.park(LockSupport.java:211)
05:40:14 [DefaultDispatcher-worker-8] PeerGroup -   at java.util.concurrent.locks.AbstractQueuedSynchronizer.acquire(AbstractQueuedSynchronizer.java:715)
05:40:14 [DefaultDispatcher-worker-8] PeerGroup -   at java.util.concurrent.locks.AbstractQueuedSynchronizer.acquireSharedInterruptibly(AbstractQueuedSynchronizer.java:1047)
05:40:14 [DefaultDispatcher-worker-8] PeerGroup -   at java.util.concurrent.CountDownLatch.await(CountDownLatch.java:230)
05:40:14 [DefaultDispatcher-worker-8] PeerGroup -   at com.google.common.util.concurrent.Uninterruptibles.awaitUninterruptibly(Uninterruptibles.java:59)
05:40:14 [DefaultDispatcher-worker-8] PeerGroup -   at org.bitcoinj.core.PeerGroup$6.run(PeerGroup.java:509)
05:40:14 [DefaultDispatcher-worker-8] PeerGroup -   at java.util.concurrent.Executors$RunnableAdapter.call(Executors.java:487)
05:40:14 [DefaultDispatcher-worker-8] PeerGroup -   at java.util.concurrent.FutureTask.run(FutureTask.java:264)
05:40:14 [DefaultDispatcher-worker-8] PeerGroup -   at java.util.concurrent.ScheduledThreadPoolExecutor$ScheduledFutureTask.run(ScheduledThreadPoolExecutor.java:307)
05:40:14 [DefaultDispatcher-worker-8] PeerGroup -   at java.util.concurrent.ThreadPoolExecutor.runWorker(ThreadPoolExecutor.java:1145)
05:40:14 [DefaultDispatcher-worker-8] PeerGroup -   at java.util.concurrent.ThreadPoolExecutor$Worker.run(ThreadPoolExecutor.java:644)
05:40:14 [DefaultDispatcher-worker-8] PeerGroup -   at org.bitcoinj.utils.ContextPropagatingThreadFactory$1.run(ContextPropagatingThreadFactory.java:48)
05:40:14 [DefaultDispatcher-worker-8] PeerGroup -   at java.lang.Thread.run(Thread.java:1012)
05:40:14 [DefaultDispatcher-worker-8] PeerGroup - About to submit shutdown task to executor
05:40:14 [PeerGroup Thread] PeerGroup - Stopping ...
05:40:14 [PeerGroup Thread] PeerGroup - Unsetting download peer: Peer{[68.67.122.23]:19999, version=70240, subVer=/Dash Core:23.1.8/, services=7237 (NETWORK, BLOOM, NETWORK_LIMITED, COMPACT_FILTERS, HEADERS_COMPRESSED, remaining: 1000001000000), time=2026-09-19 00:38:24, height=1556563}
05:40:14 [DefaultDispatcher-worker-8] PeerGroup - Awaiting PeerGroup shutdown ... (forcing after 7 second(s))
05:40:14 [PeerGroup Thread] DashSystem - stopping LLMQThread
05:40:14 [PeerGroup Thread] CoinJoinManager - CoinJoinManager stopping...
05:40:14 [LLMQBackgroundThread] LLMQBackgroundThread - stopping LLMQBackgroundThread via InterruptedException
05:40:14 [PeerGroup Thread] PeerGroup - Stopped, took 1.013 ms.
05:40:14 [DefaultDispatcher-worker-8] PeerGroup - ... took 5.849 ms (timed out: false)
05:40:14 [DefaultDispatcher-worker-8] PeerGroup - PeerGroup shutdown completed in 5.865 ms
05:40:14 [DefaultDispatcher-worker-8] BlockchainServiceImpl - CLEANUP STEP 2: peerGroup.forceStop() completed
05:40:14 [DefaultDispatcher-worker-8] BlockchainServiceImpl - CLEANUP STEP 3: About to close dashSystemService.system
05:40:14 [DefaultDispatcher-worker-8] DashSystem - Closing network spork configuration manager
05:40:14 [DefaultDispatcher-worker-8] DashSystem - Closing masternode synchronization state
05:40:14 [DefaultDispatcher-worker-8] DashSystem - Closing masternode list manager (includes thread pool shutdown)
05:40:14 [DefaultDispatcher-worker-8] ManagerFiles - Saving manager file: /data/user/0/hashengineering.darkcoin.wallet_test/app_masternode/simplifiedmasternodelistmanager-testnet.dat
05:40:14 [DefaultDispatcher-worker-8] FlatDB - Writing SimplifiedMasternodeListManager-5 to manager3592389139257594634.tmp...
05:40:14 [DefaultDispatcher-worker-7] CoinJoinMixingService - coinjoin-state: NONE, 857 ms, true, STOPPED, synced: true, true
05:40:14 [DefaultDispatcher-worker-7] CoinJoinMixingService - coinjoin-state-mixing: NOT_STARTED -> NOT_STARTED
05:40:14 [DefaultDispatcher-worker-8] FlatDB - Written info to /data/user/0/hashengineering.darkcoin.wallet_test/app_masternode/manager3592389139257594634.tmp  14ms
05:40:14 [DefaultDispatcher-worker-8] FlatDB -   SimplifiedMNListManager:  {tip:Simplified MN List(count: 373 height: 1556344), SimplifiedQuorumList(count: 109; 1556555), SimplifiedQuorumList(count: 32; 1556344), pending blocks: 0 / 0}
05:40:14 [DefaultDispatcher-worker-8] FlatDB - manager3592389139257594634.tmp dump finished  14ms
05:40:14 [DefaultDispatcher-worker-8] ManagerFiles - Save completed in 15.21 ms to /data/user/0/hashengineering.darkcoin.wallet_test/app_masternode/simplifiedmasternodelistmanager-testnet.dat
05:40:14 [DefaultDispatcher-worker-8] DashSystem - Closing InstantSend transaction lock manager
05:40:17 [DefaultDispatcher-worker-8] InstantSendManager - scheduled threads still remain
05:40:17 [DefaultDispatcher-worker-8] DashSystem - Closing LLMQ signature signing manager
05:40:17 [DefaultDispatcher-worker-8] DashSystem - Closing ChainLock verification handler
05:40:17 [DefaultDispatcher-worker-8] DashSystem - Closing quorum state manager
05:40:17 [DefaultDispatcher-worker-8] DashSystem - Closing CoinJoin mixing manager
05:40:17 [DefaultDispatcher-worker-8] DashSystem - Stopping LLMQ background thread
05:40:17 [DefaultDispatcher-worker-8] DashSystem - Removing block chain event listener
05:40:17 [DefaultDispatcher-worker-8] DashSystem - Closing main block chain
05:40:17 [DefaultDispatcher-worker-8] DashSystem - Closing header chain
05:40:17 [DefaultDispatcher-worker-8] DashSystem - closing dual blockchain
05:40:17 [DefaultDispatcher-worker-8] DashSystem - Clearing peer group reference
05:40:17 [DefaultDispatcher-worker-8] BlockchainServiceImpl - CLEANUP STEP 3: Dash system services are shutdown
05:40:17 [DefaultDispatcher-worker-8] BlockchainServiceImpl - CLEANUP STEP 4: About to shutdown riskAnalyzer
05:40:17 [DefaultDispatcher-worker-8] BlockchainServiceImpl - CLEANUP STEP 4: riskAnalyzer shutdown completed, peergroup fully stopped
05:40:17 [DefaultDispatcher-worker-8] BlockchainServiceImpl - CLEANUP STEP 5: About to stop peerConnectivityListener
05:40:17 [DefaultDispatcher-worker-8] BlockchainServiceImpl - CLEANUP STEP 5: peerConnectivityListener stopped
05:40:17 [DefaultDispatcher-worker-8] BlockchainServiceImpl - CLEANUP STEP 6: delayHandler callbacks cleared
05:40:17 [DefaultDispatcher-worker-8] BlockchainServiceImpl - closing blockchain stores
05:40:17 [DefaultDispatcher-worker-8] BLSJniLibrary - Initializing BLS JNI Library
05:40:17 [DefaultDispatcher-worker-7] CoinJoinMixingService - setting blockchain in clientManager to null
05:40:17 [DefaultDispatcher-worker-7] CoinJoinMixingService - coinjoin-state: NONE, 857 ms, true, STOPPED, synced: true, false
05:40:17 [DefaultDispatcher-worker-7] CoinJoinMixingService - coinjoin-state-mixing: NOT_STARTED -> NOT_STARTED
05:40:17 [DefaultDispatcher-worker-8] CoinJoinExtension - CoinJoinExtension serialization: 3ms total (keys:2ms[2006], cache:0ms[0], salt:0ms, io:1ms, size:208967bytes, buffer:64KB)
05:40:17 [DefaultDispatcher-worker-8] WalletProtobufSerializer - walletToProto (serial=15) timing: 5ms total, init=0ms, tx=0ms[2], keys=0ms, scripts=0ms[0], metadata=0ms, ext=4ms, friendRecv=0ms, friendSend=0ms, build=0ms
05:40:17 [DefaultDispatcher-worker-8] WalletProtobufSerializer - writeWallet timing: 5ms total (5ms/100% serialization, 0ms/0% I/O) buffer=8KB
05:40:17 [DefaultDispatcher-worker-8] WalletApplication - wallet saved to: '/data/user/0/hashengineering.darkcoin.wallet_test/files/wallet-protobuf-testnet', took 7.655 ms
05:40:17 [DefaultDispatcher-worker-8] BlockchainServiceImpl - closing bootstrap streams
05:40:17 [DefaultDispatcher-worker-8] BlockchainServiceImpl - serviceJob cancelled after 1 minutes
05:40:34 [main] WalletActivityTracker - activity lifecycle: app started
05:40:34 [main] WalletActivityTracker - activity lifecycle: activity OnboardingActivity created
05:40:34 [main] WalletActivityTracker - activity lifecycle: current: OnboardingActivity, activities: 1 visible: 0 foreground: 0
05:40:34 [main] WalletActivityTracker - activity lifecycle: activity MainActivity created
05:40:34 [main] WalletActivityTracker - activity lifecycle: current: MainActivity, activities: 2 visible: 0 foreground: 0
05:40:34 [main] SecurityGuard - loading security guard [healthy=true] with keys: [keystore_healthy, fallback_pin_wallet_password_key, primary_ui_pin_key, modern_encryption_migration_complete, fallback_mnemonic_wallet_password_key, primary_wallet_password_key, fallback_mnemonic_ui_pin_key]
05:40:34 [main] SecurityGuard - loading security guard [healthy=true] with keys: [keystore_healthy, fallback_pin_wallet_password_key, primary_ui_pin_key, modern_encryption_migration_complete, fallback_mnemonic_wallet_password_key, primary_wallet_password_key, fallback_mnemonic_ui_pin_key]
05:40:34 [main] ModernEncryptionProvider - Decrypted data for alias: wallet_password_key
05:40:34 [main] ModernEncryptionProvider - Decrypted data for alias: ui_pin_key
05:40:34 [main] BlockchainIdentityData - creation: BlockchainIdentityData(NONE, null, null, null, null, null)
05:40:34 [main] MainViewModel - STARTUP MainViewModel init at 1789796434383
05:40:34 [DefaultDispatcher-worker-6] MainViewModel - blockchain state update: mnlist=1556555; chain=1556563
05:40:34 [main] Configuration - just being used - last used 2 minutes ago
05:40:34 [DefaultDispatcher-worker-5] DapiClient - getDocuments(contractId=GWRSAVFMjXx8HpQFaNJMqBV7MBgMK4br5UESsB4S31Ec, type=domain, {limit=5, where=[]})
05:40:34 [main] WalletActivityTracker - activity lifecycle: current: MainActivity, activities: 2 visible: 1 foreground: 0
05:40:34 [DefaultDispatcher-worker-8] Constants - --> GET https://rates.ctx.com/rates?source=ctx
05:40:34 [DefaultDispatcher-worker-1] CrowdNodeApiAggregator - restoring CrowdNode status
05:40:34 [DefaultDispatcher-worker-1] BLSJniLibrary - Initializing BLS JNI Library
05:40:34 [main] WalletTransactionsFragment - STARTUP WalletTransactionsFragment.onViewCreated at 1789796434389
05:40:34 [main] WalletTransactionsFragment - STARTUP submitData called on thread=main at 1789796434389
05:40:34 [main] BlockchainIdentityData - creation: BlockchainIdentityData(NONE, null, null, null, null, null)
05:40:34 [main] HistoryHeaderAdapter - set invite = null
05:40:34 [main] HistoryHeaderAdapter - set invite, synced = false
05:40:34 [main] SecurityGuard - loading security guard [healthy=true] with keys: [keystore_healthy, fallback_pin_wallet_password_key, primary_ui_pin_key, modern_encryption_migration_complete, fallback_mnemonic_wallet_password_key, primary_wallet_password_key, fallback_mnemonic_ui_pin_key]
05:40:34 [main] SecurityGuard - loading security guard [healthy=true] with keys: [keystore_healthy, fallback_pin_wallet_password_key, primary_ui_pin_key, modern_encryption_migration_complete, fallback_mnemonic_wallet_password_key, primary_wallet_password_key, fallback_mnemonic_ui_pin_key]
05:40:34 [main] LockScreenActivity - show lock screen false = ![keepUnlocked=false] && autologout=true && (keepUnlockedUntilPenEntered=false || shouldLogout=false) || isHealthy=true
05:40:34 [main] MainActivity - updateTrigger => rateStale: RateRetrievalState(lastAttemptFailed=false, staleRates=false, volatile=false)
05:40:34 [main] WalletActivityTracker - activity lifecycle: current: MainActivity, activities: 2 visible: 1 foreground: 1
05:40:34 [DefaultDispatcher-worker-6] DapiClient - getDocuments(contractId=GWRSAVFMjXx8HpQFaNJMqBV7MBgMK4br5UESsB4S31Ec, type=domain, {limit=5, where=[]})
05:40:34 [DefaultDispatcher-worker-3] DapiClient - getDocuments(contractId=GWRSAVFMjXx8HpQFaNJMqBV7MBgMK4br5UESsB4S31Ec, type=domain, {limit=5, where=[]})
05:40:34 [main] MainViewModel - platform available: false; no identity creation is progress: true
05:40:34 [main] HistoryHeaderAdapter - set invite, synced = true
05:40:34 [main] WalletTransactionsFragment - STARTUP swapping to live adapter: 3 items at 1789796434522
05:40:34 [main] BlockchainServiceImpl - .onCreate()
05:40:34 [main] DashPaymentIntentParser - network parameters = org.darkcoin.test
05:40:34 [main] BlockchainServiceImpl - start foreground service
05:40:34 [DefaultDispatcher-worker-9] BlockchainServiceImpl - onCreate() serviceScope waiting for cleanup false
05:40:34 [main] BlockchainServiceImpl - .onStartCommand(Intent { cmp=hashengineering.darkcoin.wallet_test/de.schildbach.wallet.service.BlockchainServiceImpl })
05:40:34 [DefaultDispatcher-worker-9] BLSJniLibrary - Initializing BLS JNI Library
05:40:34 [DefaultDispatcher-worker-1] BlockchainServiceImpl - onStartCommand waiting for onCreate to complete...
05:40:34 [DefaultDispatcher-worker-9] BlockchainServiceImpl - cannot load the bootstrap stream: mnlistdiff-testnet.dat
05:40:34 [DefaultDispatcher-worker-9] BlockchainServiceImpl - cannot load the bootstrap stream: qrinfo-testnet.dat
05:40:34 [main] BlockchainServiceImpl - .onStartCommand(Intent { act=de.schildbach.wallet.service.cancel_coins_received cmp=hashengineering.darkcoin.wallet_test/de.schildbach.wallet.service.BlockchainServiceImpl })
05:40:34 [DefaultDispatcher-worker-4] BlockchainServiceImpl - onStartCommand waiting for onCreate to complete...
05:40:34 [main] WalletActivityTracker - activity lifecycle: activity OnboardingActivity destroyed
05:40:34 [main] WalletActivityTracker - activity lifecycle: current: MainActivity, activities: 1 visible: 1 foreground: 1
05:40:34 [main] BlockchainServiceImpl - verifying backupBlockStore
05:40:34 [main] BlockchainServiceImpl - verifying headerStore
05:40:34 [DefaultDispatcher-worker-5] Platform - platform check: 168.0 ms
05:40:34 [DefaultDispatcher-worker-6] Platform - platform check: 162.0 ms
05:40:34 [DefaultDispatcher-worker-3] Platform - platform check: 183.1 ms
05:40:34 [DefaultDispatcher-worker-3] PlatformServiceImplementation - platform available 3 of 3: true
05:40:34 [DefaultDispatcher-worker-7] CoinJoinMixingService - coinjoin-state: NONE, 580 ms, true, STOPPED, synced: true, false
05:40:34 [DefaultDispatcher-worker-7] CoinJoinMixingService - coinjoin-state-mixing: NOT_STARTED -> NOT_STARTED
05:40:34 [pool-60-thread-1] BlockchainServiceImpl - verify blockstore: 1.044 ms, 100 loaded
05:40:34 [main] BlockchainServiceImpl - verifying blockStore
05:40:34 [DefaultDispatcher-worker-8] Constants - <-- 200 https://rates.ctx.com/rates?source=ctx (280ms, unknown-length body)
05:40:34 [DefaultDispatcher-worker-8] ExchangeRatesRepository - exchange rates updated successfully with de.schildbach.wallet.rates.DashRetailClient@6fd60bc
05:40:34 [pool-60-thread-1] BlockchainServiceImpl - verify blockstore: 931.0 μs, 100 loaded
05:40:34 [main] BlockchainServiceImpl - blockstore files verified: true, true
05:40:34 [DefaultDispatcher-worker-8] BLSJniLibrary - Initializing BLS JNI Library
05:40:34 [DefaultDispatcher-worker-8] AbstractBlockChain - chain head is at height 1556563:
 block: 
   hash: 00000050e96db3d9381dde85c28ad3d54625fd78f0727eb308f41dec02ecc087
   version: 536870912 (0x20000000) (BIP34, BIP66, BIP65)
   previous block: 0000002edb614196ae1d0eb908fab026ff3a10837772afd207aa0792cf4d97ea
   merkle root: e2203b69c6fa981988012b2c5e379ad3e194d3c0fd696815b8a3e3423b5a3178
   time: 1789796133 (2026-09-19T05:35:33Z)
   difficulty target (nBits): 492513588
   nonce: 946537472

05:40:34 [DefaultDispatcher-worker-8] AbstractBlockChain - chain head is at height 1556563:
 block: 
   hash: 00000050e96db3d9381dde85c28ad3d54625fd78f0727eb308f41dec02ecc087
   version: 536870912 (0x20000000) (BIP34, BIP66, BIP65)
   previous block: 0000002edb614196ae1d0eb908fab026ff3a10837772afd207aa0792cf4d97ea
   merkle root: e2203b69c6fa981988012b2c5e379ad3e194d3c0fd696815b8a3e3423b5a3178
   time: 1789796133 (2026-09-19T05:35:33Z)
   difficulty target (nBits): 492513588
   nonce: 946537472

05:40:34 [DefaultDispatcher-worker-8] CoinJoinMixingService - setting blockchain in clientManager to 1556563
05:40:34 [DefaultDispatcher-worker-8] CoinJoinMixingService - coinjoin-state: NONE, 580 ms, true, STOPPED, synced: true, true
05:40:34 [DefaultDispatcher-worker-8] CoinJoinMixingService - coinjoin-state-mixing: NOT_STARTED -> NOT_STARTED
05:40:34 [main] MainViewModel - platform available: true; no identity creation is progress: true
05:40:34 [main] SecurityGuard - loading security guard [healthy=true] with keys: [keystore_healthy, fallback_pin_wallet_password_key, primary_ui_pin_key, modern_encryption_migration_complete, fallback_mnemonic_wallet_password_key, primary_wallet_password_key, fallback_mnemonic_ui_pin_key]
05:40:34 [DefaultDispatcher-worker-8] ExchangeRatesRepository - updateTrigger
05:40:34 [main] BlockchainServiceImpl - network callback registered with NetworkRequest: de.schildbach.wallet.service.BlockchainServiceImpl$NetworkCallbackImpl@33f1534
05:40:34 [DefaultDispatcher-worker-3] BlockchainServiceImpl - monitoring 2 old transactions
05:40:34 [DefaultDispatcher-worker-1] BlockchainServiceImpl - network capabilities changed: 100, hasInternet: true, validated: true
05:40:34 [DefaultDispatcher-worker-4] BlockchainServiceImpl - network available: 100, hasInternet: true, validated: true, type: WiFi
05:40:34 [main] BlockchainServiceImpl - receiver register: tickReceiver, de.schildbach.wallet.service.BlockchainServiceImpl$tickReceiver$1@d98b8f7
05:40:34 [DefaultDispatcher-worker-9] BlockchainServiceImpl - onCreate completed, processing onStartCommand
05:40:34 [DefaultDispatcher-worker-6] BlockchainServiceImpl - onCreate completed, processing onStartCommand
05:40:34 [DefaultDispatcher-worker-5] BlockchainServiceImpl - acquiring check() mutex
05:40:34 [DefaultDispatcher-worker-9] BLSJniLibrary - Initializing BLS JNI Library
05:40:34 [DefaultDispatcher-worker-3] BlockchainServiceImpl - acquiring check() mutex
05:40:34 [DefaultDispatcher-worker-3] BlockchainServiceImpl - check()
05:40:34 [DefaultDispatcher-worker-9] BlockchainServiceImpl - service start command: Intent { cmp=hashengineering.darkcoin.wallet_test/de.schildbach.wallet.service.BlockchainServiceImpl }
05:40:34 [DefaultDispatcher-worker-9] BlockchainServiceImpl - .onStartCommand(Intent { cmp=hashengineering.darkcoin.wallet_test/de.schildbach.wallet.service.BlockchainServiceImpl }) finished
05:40:34 [DefaultDispatcher-worker-6] BLSJniLibrary - Initializing BLS JNI Library
05:40:34 [DefaultDispatcher-worker-3] BLSJniLibrary - Initializing BLS JNI Library
05:40:34 [DefaultDispatcher-worker-3] BlockchainServiceImpl - starting peergroup
05:40:34 [DefaultDispatcher-worker-6] BlockchainServiceImpl - service start command: Intent { act=de.schildbach.wallet.service.cancel_coins_received cmp=hashengineering.darkcoin.wallet_test/de.schildbach.wallet.service.BlockchainServiceImpl }
05:40:34 [DefaultDispatcher-worker-8] BlockchainServiceImpl - acquiring check() mutex
05:40:34 [DefaultDispatcher-worker-2] BlockchainServiceImpl - .onCreate() finished
05:40:34 [PeerGroup Thread] BLSJniLibrary - Initializing BLS JNI Library
05:40:34 [PeerGroup Thread] BLSJniLibrary - Initializing BLS JNI Library
05:40:34 [DefaultDispatcher-worker-3] Wallet - New broadcaster so uploading waiting tx 1a1dac75452c890f0c976a000315cfd96a702feded36e2d57f7828340c3a330a
05:40:34 [DefaultDispatcher-worker-3] TransactionBroadcast - Waiting for 1 peers required for broadcast, we have 0 ...
05:40:34 [DefaultDispatcher-worker-3] BlockchainServiceImpl - Adding PeerConnectivityListener to peerGroup: listener=de.schildbach.wallet.service.BlockchainServiceImpl$PeerConnectivityListener@b1aaa43, stopped=false
05:40:34 [DefaultDispatcher-worker-3] BlockchainServiceImpl - Successfully added peer listeners to peerGroup
05:40:34 [DefaultDispatcher-worker-3] BlockchainServiceImpl - releasing check() mutex
05:40:34 [DefaultDispatcher-worker-3] BlockchainServiceImpl - check()
05:40:34 [DefaultDispatcher-worker-3] BlockchainServiceImpl - releasing check() mutex
05:40:34 [DefaultDispatcher-worker-6] BlockchainServiceImpl - .onStartCommand(Intent { act=de.schildbach.wallet.service.cancel_coins_received cmp=hashengineering.darkcoin.wallet_test/de.schildbach.wallet.service.BlockchainServiceImpl }) finished
05:40:34 [DefaultDispatcher-worker-2] BlockchainServiceImpl - check()
05:40:34 [DefaultDispatcher-worker-5] CoinJoinMixingService - coinjoin-state: NONE, 580 ms, true, CONNECTING, synced: true, true
05:40:34 [DefaultDispatcher-worker-5] CoinJoinMixingService - coinjoin-state-mixing: NOT_STARTED -> NOT_STARTED
05:40:34 [DefaultDispatcher-worker-2] BlockchainServiceImpl - releasing check() mutex
05:40:34 [PeerGroup Thread] PeerGroup - merge bloom filters: 9.960 ms
05:40:34 [PeerGroup Thread] PeerGroup - Starting ...
05:40:34 [NioClientManager] BLSJniLibrary - Initializing BLS JNI Library
05:40:34 [PeerGroup Thread] DashSystem - starting LLMQThread
05:40:34 [LLMQBackgroundThread] BLSJniLibrary - Initializing BLS JNI Library
05:40:34 [LLMQBackgroundThread] LLMQBackgroundThread - starting LLMQBackgroundThread.run
05:40:34 [PeerGroup Thread] PeerGroup - Peer discovery took 822.9 μs and returned 88 items from 1 discoverers
05:40:34 [PeerGroup Thread] PeerGroup - Waiting 1001 ms before next connect attempt to [78.17.70.175]:19899
05:40:35 [PeerGroup Thread] PeerGroup - Attempting connection to [78.17.70.175]:19899     (0 connected, 1 pending, 6 max)
05:40:35 [PeerGroup Thread] PeerGroup - Attempting connection to [68.67.122.2]:19999     (0 connected, 2 pending, 6 max)
05:40:35 [PeerGroup Thread] PeerGroup - Attempting connection to [68.67.122.23]:19999     (0 connected, 3 pending, 6 max)
05:40:35 [PeerGroup Thread] PeerGroup - Attempting connection to [206.245.167.63]:19999     (0 connected, 4 pending, 6 max)
05:40:35 [PeerGroup Thread] PeerGroup - Attempting connection to [68.67.122.58]:19999     (0 connected, 5 pending, 6 max)
05:40:35 [PeerGroup Thread] PeerGroup - Attempting connection to [68.67.122.32]:19999     (0 connected, 6 pending, 6 max)
05:40:35 [NioClientManager] NioClientManager - Connected to /68.67.122.2:19999
05:40:35 [NioClientManager] Peer - Announcing to /68.67.122.2:19999 with protocol 70235 as: /DashJ:22.0.5/Dash Wallet:11.9.0/
05:40:35 [NioClientManager] NioClientManager - Connected to /68.67.122.23:19999
05:40:35 [NioClientManager] Peer - Announcing to /68.67.122.23:19999 with protocol 70235 as: /DashJ:22.0.5/Dash Wallet:11.9.0/
05:40:35 [NioClientManager] NioClientManager - Connected to /68.67.122.58:19999
05:40:35 [NioClientManager] Peer - Announcing to /68.67.122.58:19999 with protocol 70235 as: /DashJ:22.0.5/Dash Wallet:11.9.0/
05:40:35 [NioClientManager] NioClientManager - Connected to /68.67.122.32:19999
05:40:35 [NioClientManager] Peer - Announcing to /68.67.122.32:19999 with protocol 70235 as: /DashJ:22.0.5/Dash Wallet:11.9.0/
05:40:35 [NioClientManager] Peer - Peer{[68.67.122.2]:19999, version=70240, subVer=/Dash Core:23.1.8/, services=7237 (NETWORK, BLOOM, NETWORK_LIMITED, COMPACT_FILTERS, HEADERS_COMPRESSED, remaining: 1000001000000), time=2026-09-19 00:40:35, height=1556563}
05:40:35 [NioClientManager] PeerGroup - Peer{[68.67.122.2]:19999, version=70240, subVer=/Dash Core:23.1.8/, services=7237 (NETWORK, BLOOM, NETWORK_LIMITED, COMPACT_FILTERS, HEADERS_COMPRESSED, remaining: 1000001000000), time=2026-09-19 00:40:35, height=1556563}: New peer      (1 connected, 5 pending, 6 max)
05:40:35 [NioClientManager] Peer - Peer{[68.67.122.2]:19999, version=70240, subVer=/Dash Core:23.1.8/, services=7237 (NETWORK, BLOOM, NETWORK_LIMITED, COMPACT_FILTERS, HEADERS_COMPRESSED, remaining: 1000001000000), time=2026-09-19 00:40:35, height=1556563}: Sending Bloom filter and querying mempool
05:40:35 [NioClientManager] AllowLockTimeRiskAnalysis$Analyzer - risk analysis: net time diff 0; peer time diff 0 1789796435 1789796435
05:40:35 [dashj user thread] AbstractQuorumState - peer connected and setting download peer to null with onPeerConnected
05:40:35 [dashj user thread] AbstractQuorumState - peer connected and setting download peer to null with onPeerConnected
05:40:35 [dashj user thread] BLSJniLibrary - Initializing BLS JNI Library
05:40:35 [dashj user thread] TransactionBroadcast - broadcastTransaction: We have 1 peers, adding 1a1dac75452c890f0c976a000315cfd96a702feded36e2d57f7828340c3a330a to the memory pool
05:40:35 [NioClientManager] Peer - Peer{[68.67.122.23]:19999, version=70240, subVer=/Dash Core:23.1.8/, services=7237 (NETWORK, BLOOM, NETWORK_LIMITED, COMPACT_FILTERS, HEADERS_COMPRESSED, remaining: 1000001000000), time=2026-09-19 00:40:35, height=1556563}
05:40:35 [NioClientManager] PeerGroup - Peer{[68.67.122.23]:19999, version=70240, subVer=/Dash Core:23.1.8/, services=7237 (NETWORK, BLOOM, NETWORK_LIMITED, COMPACT_FILTERS, HEADERS_COMPRESSED, remaining: 1000001000000), time=2026-09-19 00:40:35, height=1556563}: New peer      (2 connected, 4 pending, 6 max)
05:40:35 [dashj user thread] TransactionBroadcast - Sending to 1 peers, will wait for 0, sending to: Peer{[68.67.122.2]:19999, version=70240, subVer=/Dash Core:23.1.8/, services=7237 (NETWORK, BLOOM, NETWORK_LIMITED, COMPACT_FILTERS, HEADERS_COMPRESSED, remaining: 1000001000000), time=2026-09-19 00:40:35, height=1556563}
05:40:35 [NioClientManager] Peer - Peer{[68.67.122.23]:19999, version=70240, subVer=/Dash Core:23.1.8/, services=7237 (NETWORK, BLOOM, NETWORK_LIMITED, COMPACT_FILTERS, HEADERS_COMPRESSED, remaining: 1000001000000), time=2026-09-19 00:40:35, height=1556563}: Sending Bloom filter and querying mempool
05:40:35 [NioClientManager] AllowLockTimeRiskAnalysis$Analyzer - risk analysis: net time diff 0; peer time diff 0 1789796435 1789796435
05:40:35 [dashj user thread] TransactionBroadcast - broadcastTransaction: SENT:  TX 1a1dac75452c890f0c976a000315cfd96a702feded36e2d57f7828340c3a330a seen by 0 peers
05:40:35 [dashj user thread] TransactionBroadcast - broadcastTransaction: SENT:  TX 1a1dac75452c890f0c976a000315cfd96a702feded36e2d57f7828340c3a330a seen by 0 peers
05:40:35 [dashj user thread] TransactionBroadcast - broadcastTransaction: 1a1dac75452c890f0c976a000315cfd96a702feded36e2d57f7828340c3a330a complete
05:40:35 [DefaultDispatcher-worker-5] CoinJoinMixingService - coinjoin-state: NONE, 580 ms, true, CONNECTED, synced: true, true
05:40:35 [dashj user thread] AbstractQuorumState - peer connected and setting download peer to null with onPeerConnected
05:40:35 [DefaultDispatcher-worker-5] CoinJoinMixingService - coinjoin-state-mixing: NOT_STARTED -> NOT_STARTED
05:40:35 [dashj user thread] AbstractQuorumState - peer connected and setting download peer to null with onPeerConnected
05:40:35 [NioClientManager] Peer - Peer{[68.67.122.58]:19999, version=70240, subVer=/Dash Core:23.1.8(dcg-masternode-29)/, services=7237 (NETWORK, BLOOM, NETWORK_LIMITED, COMPACT_FILTERS, HEADERS_COMPRESSED, remaining: 1000001000000), time=2026-09-19 00:40:35, height=1556563}
05:40:35 [NioClientManager] PeerGroup - Peer{[68.67.122.58]:19999, version=70240, subVer=/Dash Core:23.1.8(dcg-masternode-29)/, services=7237 (NETWORK, BLOOM, NETWORK_LIMITED, COMPACT_FILTERS, HEADERS_COMPRESSED, remaining: 1000001000000), time=2026-09-19 00:40:35, height=1556563}: New peer      (3 connected, 3 pending, 6 max)
05:40:35 [NioClientManager] Peer - Peer{[68.67.122.58]:19999, version=70240, subVer=/Dash Core:23.1.8(dcg-masternode-29)/, services=7237 (NETWORK, BLOOM, NETWORK_LIMITED, COMPACT_FILTERS, HEADERS_COMPRESSED, remaining: 1000001000000), time=2026-09-19 00:40:35, height=1556563}: Sending Bloom filter and querying mempool
05:40:35 [NioClientManager] AllowLockTimeRiskAnalysis$Analyzer - risk analysis: net time diff 0; peer time diff 0 1789796435 1789796435
05:40:35 [dashj user thread] AbstractQuorumState - peer connected and setting download peer to null with onPeerConnected
05:40:35 [Threading.THREAD_POOL worker] BLSJniLibrary - Initializing BLS JNI Library
05:40:35 [dashj user thread] AbstractQuorumState - peer connected and setting download peer to null with onPeerConnected
05:40:35 [NioClientManager] Peer - Peer{[68.67.122.32]:19999, version=70240, subVer=/Dash Core:23.1.8(dcg-masternode-3)/, services=7237 (NETWORK, BLOOM, NETWORK_LIMITED, COMPACT_FILTERS, HEADERS_COMPRESSED, remaining: 1000001000000), time=2026-09-19 00:40:35, height=1556563}
05:40:35 [NioClientManager] PeerGroup - Peer{[68.67.122.32]:19999, version=70240, subVer=/Dash Core:23.1.8(dcg-masternode-3)/, services=7237 (NETWORK, BLOOM, NETWORK_LIMITED, COMPACT_FILTERS, HEADERS_COMPRESSED, remaining: 1000001000000), time=2026-09-19 00:40:35, height=1556563}: New peer      (4 connected, 2 pending, 6 max)
05:40:35 [NioClientManager] Peer - Peer{[68.67.122.32]:19999, version=70240, subVer=/Dash Core:23.1.8(dcg-masternode-3)/, services=7237 (NETWORK, BLOOM, NETWORK_LIMITED, COMPACT_FILTERS, HEADERS_COMPRESSED, remaining: 1000001000000), time=2026-09-19 00:40:35, height=1556563}: Sending Bloom filter and querying mempool
05:40:35 [NioClientManager] PeerGroup - Setting download peer: Peer{[68.67.122.2]:19999, version=70240, subVer=/Dash Core:23.1.8/, services=7237 (NETWORK, BLOOM, NETWORK_LIMITED, COMPACT_FILTERS, HEADERS_COMPRESSED, remaining: 1000001000000), time=2026-09-19 00:40:35, height=1556563}
05:40:35 [NioClientManager] PeerGroup - Initiating Synchronization with Peer{[68.67.122.2]:19999, version=70240, subVer=/Dash Core:23.1.8/, services=7237 (NETWORK, BLOOM, NETWORK_LIMITED, COMPACT_FILTERS, HEADERS_COMPRESSED, remaining: 1000001000000), time=2026-09-19 00:40:35, height=1556563}
05:40:35 [NioClientManager] PeerGroup - Attempting to sync headers first
05:40:35 [NioClientManager] PeerGroup - Sync Stage change from OFFLINE to PREBLOCKS
05:40:35 [NioClientManager] AllowLockTimeRiskAnalysis$Analyzer - risk analysis: net time diff 0; peer time diff 0 1789796435 1789796435
05:40:35 [pool-57-thread-1] BlockchainServiceImpl - onPreBlocksDownload using peer Peer{[68.67.122.2]:19999, version=70240, subVer=/Dash Core:23.1.8/, services=7237 (NETWORK, BLOOM, NETWORK_LIMITED, COMPACT_FILTERS, HEADERS_COMPRESSED, remaining: 1000001000000), time=2026-09-19 00:40:35, height=1556563}
05:40:35 [DefaultDispatcher-worker-4] PlatformSynchronizationService - preBlockDownload: starting
05:40:35 [DefaultDispatcher-worker-4] BlockchainIdentityData - creation: BlockchainIdentityData(NONE, null, null, null, null, null)
05:40:35 [DefaultDispatcher-worker-4] PlatformSynchronizationService - preBlockDownload: checking for existing associated identity
05:40:35 [DefaultDispatcher-worker-4] SecurityGuard - loading security guard [healthy=true] with keys: [keystore_healthy, fallback_pin_wallet_password_key, primary_ui_pin_key, modern_encryption_migration_complete, fallback_mnemonic_wallet_password_key, primary_wallet_password_key, fallback_mnemonic_ui_pin_key]
05:40:35 [dashj user thread] AbstractQuorumState - peer connected and setting download peer to Peer{[68.67.122.2]:19999, version=70240, subVer=/Dash Core:23.1.8/, services=7237 (NETWORK, BLOOM, NETWORK_LIMITED, COMPACT_FILTERS, HEADERS_COMPRESSED, remaining: 1000001000000), time=2026-09-19 00:40:35, height=1556563} with onPeerConnected
05:40:35 [dashj user thread] AbstractQuorumState - peer connected and setting download peer to Peer{[68.67.122.2]:19999, version=70240, subVer=/Dash Core:23.1.8/, services=7237 (NETWORK, BLOOM, NETWORK_LIMITED, COMPACT_FILTERS, HEADERS_COMPRESSED, remaining: 1000001000000), time=2026-09-19 00:40:35, height=1556563} with onPeerConnected
05:40:35 [DefaultDispatcher-worker-4] ModernEncryptionProvider - Decrypted data for alias: wallet_password_key
05:40:36 [NioClientManager] Peer - Peer{[68.67.122.23]:19999, version=70240, subVer=/Dash Core:23.1.8/, services=7237 (NETWORK, BLOOM, NETWORK_LIMITED, COMPACT_FILTERS, HEADERS_COMPRESSED, remaining: 1000001000000), time=2026-09-19 00:40:35, height=1556563}: Received unhandled message: org.bitcoinj.core.SendCompactBlocksMessage@d96ca65
05:40:36 [NioClientManager] Peer - Peer{[68.67.122.23]:19999, version=70240, subVer=/Dash Core:23.1.8/, services=7237 (NETWORK, BLOOM, NETWORK_LIMITED, COMPACT_FILTERS, HEADERS_COMPRESSED, remaining: 1000001000000), time=2026-09-19 00:40:35, height=1556563}: Received unhandled message: SendDsq(send=true)
05:40:36 [NioClientManager] Peer - Peer{[68.67.122.58]:19999, version=70240, subVer=/Dash Core:23.1.8(dcg-masternode-29)/, services=7237 (NETWORK, BLOOM, NETWORK_LIMITED, COMPACT_FILTERS, HEADERS_COMPRESSED, remaining: 1000001000000), time=2026-09-19 00:40:35, height=1556563}: Received unhandled message: org.bitcoinj.core.SendCompactBlocksMessage@9fd233a
05:40:36 [NioClientManager] Peer - Peer{[68.67.122.58]:19999, version=70240, subVer=/Dash Core:23.1.8(dcg-masternode-29)/, services=7237 (NETWORK, BLOOM, NETWORK_LIMITED, COMPACT_FILTERS, HEADERS_COMPRESSED, remaining: 1000001000000), time=2026-09-19 00:40:35, height=1556563}: Received unhandled message: SendDsq(send=true)
05:40:36 [NioClientManager] Peer - Peer{[68.67.122.2]:19999, version=70240, subVer=/Dash Core:23.1.8/, services=7237 (NETWORK, BLOOM, NETWORK_LIMITED, COMPACT_FILTERS, HEADERS_COMPRESSED, remaining: 1000001000000), time=2026-09-19 00:40:35, height=1556563}: Received unhandled message: org.bitcoinj.core.SendCompactBlocksMessage@a5fdbeb
05:40:36 [NioClientManager] Peer - Peer{[68.67.122.2]:19999, version=70240, subVer=/Dash Core:23.1.8/, services=7237 (NETWORK, BLOOM, NETWORK_LIMITED, COMPACT_FILTERS, HEADERS_COMPRESSED, remaining: 1000001000000), time=2026-09-19 00:40:35, height=1556563}: Received unhandled message: SendDsq(send=true)
05:40:36 [NioClientManager] Peer - Peer{[68.67.122.32]:19999, version=70240, subVer=/Dash Core:23.1.8(dcg-masternode-3)/, services=7237 (NETWORK, BLOOM, NETWORK_LIMITED, COMPACT_FILTERS, HEADERS_COMPRESSED, remaining: 1000001000000), time=2026-09-19 00:40:35, height=1556563}: Received unhandled message: org.bitcoinj.core.SendCompactBlocksMessage@2946d48
05:40:36 [NioClientManager] Peer - Peer{[68.67.122.32]:19999, version=70240, subVer=/Dash Core:23.1.8(dcg-masternode-3)/, services=7237 (NETWORK, BLOOM, NETWORK_LIMITED, COMPACT_FILTERS, HEADERS_COMPRESSED, remaining: 1000001000000), time=2026-09-19 00:40:35, height=1556563}: Received unhandled message: SendDsq(send=true)
05:40:36 [NioClientManager] SporkManager - SPORK -- hash: c0fa2288bfc94099c0bee6c074c950fa990db674024807a67d601153dadfe539 id: 10018 (        SPORK_19_CHAINLOCKS_ENABLED) value:          0 bestHeight: 1556563 peer=/68.67.122.23:19999 seen 
05:40:36 [NioClientManager] SporkManager - SPORK -- hash: d1d32f00374284b19ee33f9ef19386055fd15091ce4a476ab58701603594cc5e id: 10002 (SPORK_3_INSTANTSEND_BLOCK_FILTERING) value:          0 bestHeight: 1556563 peer=/68.67.122.23:19999 seen 
05:40:36 [NioClientManager] SporkManager - SPORK -- hash: e22c8dbbf3b6277346baec16495ba489ced20755a14e2b5051700d2bfa51fb5b id: 10016 (        SPORK_17_QUORUM_DKG_ENABLED) value:          0 bestHeight: 1556563 peer=/68.67.122.23:19999 seen 
05:40:36 [NioClientManager] SporkManager - SPORK -- hash: c68903921495975e0f00ebd6bca4f6701d1483c897c8224341d8a91dcd110b2e id: 10020 (      SPORK_21_QUORUM_ALL_CONNECTED) value:          1 bestHeight: 1556563 peer=/68.67.122.23:19999 seen 
05:40:36 [NioClientManager] SporkManager - SPORK -- hash: a954a3dde9d3f8f6d4db268edfacf58e9e86b9f0eedaf666c792a144eea62deb id: 10022 (               SPORK_23_QUORUM_POSE) value:          0 bestHeight: 1556563 peer=/68.67.122.23:19999 seen 
05:40:36 [NioClientManager] SporkManager - SPORK -- hash: 2d1a2040ab918d5e8240e9e92e3a42a46a97073c90679a3df125ee6de113938c id: 10001 (        SPORK_2_INSTANTSEND_ENABLED) value:          0 bestHeight: 1556563 peer=/68.67.122.23:19999 seen 
05:40:36 [NioClientManager] SporkManager - SPORK -- hash: b9d783455f2df58f1844e4b13ec13bccd1170ed0250c0be09ee6a7664175db47 id: 10008 (        SPORK_9_SUPERBLOCKS_ENABLED) value:          0 bestHeight: 1556563 peer=/68.67.122.23:19999 seen 
05:40:36 [NioClientManager] SporkManager - SPORK -- hash: 2d1a2040ab918d5e8240e9e92e3a42a46a97073c90679a3df125ee6de113938c id: 10001 (        SPORK_2_INSTANTSEND_ENABLED) value:          0 bestHeight: 1556563 peer=/68.67.122.58:19999 seen 
05:40:36 [NioClientManager] SporkManager - SPORK -- hash: c0fa2288bfc94099c0bee6c074c950fa990db674024807a67d601153dadfe539 id: 10018 (        SPORK_19_CHAINLOCKS_ENABLED) value:          0 bestHeight: 1556563 peer=/68.67.122.58:19999 seen 
05:40:36 [NioClientManager] SporkManager - SPORK -- hash: a954a3dde9d3f8f6d4db268edfacf58e9e86b9f0eedaf666c792a144eea62deb id: 10022 (               SPORK_23_QUORUM_POSE) value:          0 bestHeight: 1556563 peer=/68.67.122.58:19999 seen 
05:40:36 [DefaultDispatcher-worker-4] KeyCrypterScrypt - Deriving key took 99.30 ms for N=65536, r=8, p=1.
05:40:36 [DefaultDispatcher-worker-4] DapiClient - getIdentityByFirstPublicKey(92de174e242370dc1e5a04e3ce341760b401b338)
05:40:36 [NioClientManager] SporkManager - SPORK -- hash: b9d783455f2df58f1844e4b13ec13bccd1170ed0250c0be09ee6a7664175db47 id: 10008 (        SPORK_9_SUPERBLOCKS_ENABLED) value:          0 bestHeight: 1556563 peer=/68.67.122.58:19999 seen 
05:40:36 [NioClientManager] SporkManager - SPORK -- hash: e22c8dbbf3b6277346baec16495ba489ced20755a14e2b5051700d2bfa51fb5b id: 10016 (        SPORK_17_QUORUM_DKG_ENABLED) value:          0 bestHeight: 1556563 peer=/68.67.122.58:19999 seen 
05:40:36 [NioClientManager] SporkManager - SPORK -- hash: c68903921495975e0f00ebd6bca4f6701d1483c897c8224341d8a91dcd110b2e id: 10020 (      SPORK_21_QUORUM_ALL_CONNECTED) value:          1 bestHeight: 1556563 peer=/68.67.122.58:19999 seen 
05:40:36 [NioClientManager] SporkManager - SPORK -- hash: d1d32f00374284b19ee33f9ef19386055fd15091ce4a476ab58701603594cc5e id: 10002 (SPORK_3_INSTANTSEND_BLOCK_FILTERING) value:          0 bestHeight: 1556563 peer=/68.67.122.58:19999 seen 
05:40:36 [NioClientManager] SporkManager - SPORK -- hash: b9d783455f2df58f1844e4b13ec13bccd1170ed0250c0be09ee6a7664175db47 id: 10008 (        SPORK_9_SUPERBLOCKS_ENABLED) value:          0 bestHeight: 1556563 peer=/68.67.122.2:19999 seen 
05:40:36 [NioClientManager] SporkManager - SPORK -- hash: a954a3dde9d3f8f6d4db268edfacf58e9e86b9f0eedaf666c792a144eea62deb id: 10022 (               SPORK_23_QUORUM_POSE) value:          0 bestHeight: 1556563 peer=/68.67.122.2:19999 seen 
05:40:36 [NioClientManager] SporkManager - SPORK -- hash: c0fa2288bfc94099c0bee6c074c950fa990db674024807a67d601153dadfe539 id: 10018 (        SPORK_19_CHAINLOCKS_ENABLED) value:          0 bestHeight: 1556563 peer=/68.67.122.2:19999 seen 
05:40:36 [NioClientManager] SporkManager - SPORK -- hash: c68903921495975e0f00ebd6bca4f6701d1483c897c8224341d8a91dcd110b2e id: 10020 (      SPORK_21_QUORUM_ALL_CONNECTED) value:          1 bestHeight: 1556563 peer=/68.67.122.2:19999 seen 
05:40:36 [NioClientManager] SporkManager - SPORK -- hash: 2d1a2040ab918d5e8240e9e92e3a42a46a97073c90679a3df125ee6de113938c id: 10001 (        SPORK_2_INSTANTSEND_ENABLED) value:          0 bestHeight: 1556563 peer=/68.67.122.2:19999 seen 
05:40:36 [NioClientManager] SporkManager - SPORK -- hash: d1d32f00374284b19ee33f9ef19386055fd15091ce4a476ab58701603594cc5e id: 10002 (SPORK_3_INSTANTSEND_BLOCK_FILTERING) value:          0 bestHeight: 1556563 peer=/68.67.122.2:19999 seen 
05:40:36 [NioClientManager] SporkManager - SPORK -- hash: e22c8dbbf3b6277346baec16495ba489ced20755a14e2b5051700d2bfa51fb5b id: 10016 (        SPORK_17_QUORUM_DKG_ENABLED) value:          0 bestHeight: 1556563 peer=/68.67.122.2:19999 seen 
05:40:36 [NioClientManager] NioClientManager - Connected to /206.245.167.63:19999
05:40:36 [NioClientManager] Peer - Announcing to /206.245.167.63:19999 with protocol 70235 as: /DashJ:22.0.5/Dash Wallet:11.9.0/
05:40:36 [NioClientManager] SporkManager - SPORK -- hash: e22c8dbbf3b6277346baec16495ba489ced20755a14e2b5051700d2bfa51fb5b id: 10016 (        SPORK_17_QUORUM_DKG_ENABLED) value:          0 bestHeight: 1556563 peer=/68.67.122.32:19999 seen 
05:40:36 [NioClientManager] SporkManager - SPORK -- hash: b9d783455f2df58f1844e4b13ec13bccd1170ed0250c0be09ee6a7664175db47 id: 10008 (        SPORK_9_SUPERBLOCKS_ENABLED) value:          0 bestHeight: 1556563 peer=/68.67.122.32:19999 seen 
05:40:36 [NioClientManager] SporkManager - SPORK -- hash: 2d1a2040ab918d5e8240e9e92e3a42a46a97073c90679a3df125ee6de113938c id: 10001 (        SPORK_2_INSTANTSEND_ENABLED) value:          0 bestHeight: 1556563 peer=/68.67.122.32:19999 seen 
05:40:36 [NioClientManager] SporkManager - SPORK -- hash: c0fa2288bfc94099c0bee6c074c950fa990db674024807a67d601153dadfe539 id: 10018 (        SPORK_19_CHAINLOCKS_ENABLED) value:          0 bestHeight: 1556563 peer=/68.67.122.32:19999 seen 
05:40:36 [NioClientManager] SporkManager - SPORK -- hash: a954a3dde9d3f8f6d4db268edfacf58e9e86b9f0eedaf666c792a144eea62deb id: 10022 (               SPORK_23_QUORUM_POSE) value:          0 bestHeight: 1556563 peer=/68.67.122.32:19999 seen 
05:40:36 [NioClientManager] SporkManager - SPORK -- hash: d1d32f00374284b19ee33f9ef19386055fd15091ce4a476ab58701603594cc5e id: 10002 (SPORK_3_INSTANTSEND_BLOCK_FILTERING) value:          0 bestHeight: 1556563 peer=/68.67.122.32:19999 seen 
05:40:36 [NioClientManager] SporkManager - SPORK -- hash: c68903921495975e0f00ebd6bca4f6701d1483c897c8224341d8a91dcd110b2e id: 10020 (      SPORK_21_QUORUM_ALL_CONNECTED) value:          1 bestHeight: 1556563 peer=/68.67.122.32:19999 seen 
05:40:36 [NioClientManager] NioClientManager - Connected to /78.17.70.175:19899
05:40:36 [NioClientManager] Peer - Announcing to /78.17.70.175:19899 with protocol 70235 as: /DashJ:22.0.5/Dash Wallet:11.9.0/
05:40:36 [NioClientManager] Peer - Peer{[206.245.167.63]:19999, version=70240, subVer=/Dash Core:23.1.8/, services=7237 (NETWORK, BLOOM, NETWORK_LIMITED, COMPACT_FILTERS, HEADERS_COMPRESSED, remaining: 1000001000000), time=2026-09-19 00:40:35, height=1556563}
05:40:36 [NioClientManager] PeerGroup - Peer{[206.245.167.63]:19999, version=70240, subVer=/Dash Core:23.1.8/, services=7237 (NETWORK, BLOOM, NETWORK_LIMITED, COMPACT_FILTERS, HEADERS_COMPRESSED, remaining: 1000001000000), time=2026-09-19 00:40:35, height=1556563}: New peer      (5 connected, 1 pending, 6 max)
05:40:36 [NioClientManager] Peer - Peer{[206.245.167.63]:19999, version=70240, subVer=/Dash Core:23.1.8/, services=7237 (NETWORK, BLOOM, NETWORK_LIMITED, COMPACT_FILTERS, HEADERS_COMPRESSED, remaining: 1000001000000), time=2026-09-19 00:40:35, height=1556563}: Sending Bloom filter and querying mempool
05:40:36 [NioClientManager] AllowLockTimeRiskAnalysis$Analyzer - risk analysis: net time diff 0; peer time diff -1 1789796435 1789796436
05:40:36 [dashj user thread] AbstractQuorumState - peer connected and setting download peer to Peer{[68.67.122.2]:19999, version=70240, subVer=/Dash Core:23.1.8/, services=7237 (NETWORK, BLOOM, NETWORK_LIMITED, COMPACT_FILTERS, HEADERS_COMPRESSED, remaining: 1000001000000), time=2026-09-19 00:40:35, height=1556563} with onPeerConnected
05:40:36 [dashj user thread] AbstractQuorumState - peer connected and setting download peer to Peer{[68.67.122.2]:19999, version=70240, subVer=/Dash Core:23.1.8/, services=7237 (NETWORK, BLOOM, NETWORK_LIMITED, COMPACT_FILTERS, HEADERS_COMPRESSED, remaining: 1000001000000), time=2026-09-19 00:40:35, height=1556563} with onPeerConnected
05:40:36 [DefaultDispatcher-worker-4] PlatformSynchronizationService - preBlockDownload: no existing identity found
05:40:36 [DefaultDispatcher-worker-4] PlatformSynchronizationService - PreBlockDownload: complete
05:40:36 [DefaultDispatcher-worker-4] PlatformSynchronizationService - PreBlockDownload: SettableFuture@780df92[status=PENDING]
05:40:36 [PeerGroup Thread] PeerGroup - Stage preblock successful
05:40:36 [PeerGroup Thread] PeerGroup - Sync Stage change from PREBLOCKS to BLOCKS
05:40:36 [PeerGroup Thread] BlockchainServiceImpl - DoneDownload 0 in 0.000 ns
05:40:36 [dashj user thread] AbstractQuorumState - setting download peer with onChainDownloadStarted Peer{[68.67.122.2]:19999, version=70240, subVer=/Dash Core:23.1.8/, services=7237 (NETWORK, BLOOM, NETWORK_LIMITED, COMPACT_FILTERS, HEADERS_COMPRESSED, remaining: 1000001000000), time=2026-09-19 00:40:35, height=1556563}
05:40:36 [dashj user thread] AbstractQuorumState - maybe requesting GetSimplifiedMasternodeListDiff from 1556555 to 1556563; 
  From 0000003faa50aeffea325b032e908c28fff93e7bd2aeb162821e7c7615e7f7ae
  To 00000050e96db3d9381dde85c28ad3d54625fd78f0727eb308f41dec02ecc087
05:40:36 [dashj user thread] AbstractQuorumState - download peer = Peer{[68.67.122.2]:19999, version=70240, subVer=/Dash Core:23.1.8/, services=7237 (NETWORK, BLOOM, NETWORK_LIMITED, COMPACT_FILTERS, HEADERS_COMPRESSED, remaining: 1000001000000), time=2026-09-19 00:40:35, height=1556563}, but obtaining backup from peerGroup downloadPeer
05:40:36 [dashj user thread] AbstractQuorumState - backup download peer = Peer{[68.67.122.2]:19999, version=70240, subVer=/Dash Core:23.1.8/, services=7237 (NETWORK, BLOOM, NETWORK_LIMITED, COMPACT_FILTERS, HEADERS_COMPRESSED, remaining: 1000001000000), time=2026-09-19 00:40:35, height=1556563}
05:40:36 [dashj user thread] AbstractQuorumState - handling next mnlistdiff: 0
05:40:36 [dashj user thread] AbstractQuorumState - There are no pending blocks to request: GetSimplifiedMasternodeListDiff{baseBlockHash=000000395cd34f77bcdd3871e68bdc69f9702a58b6f206454ebcc3496ad38f9f, blockHash=0000003faa50aeffea325b032e908c28fff93e7bd2aeb162821e7c7615e7f7ae}
05:40:36 [dashj user thread] AbstractQuorumState - setting download peer with onChainDownloadStarted Peer{[68.67.122.2]:19999, version=70240, subVer=/Dash Core:23.1.8/, services=7237 (NETWORK, BLOOM, NETWORK_LIMITED, COMPACT_FILTERS, HEADERS_COMPRESSED, remaining: 1000001000000), time=2026-09-19 00:40:35, height=1556563}
05:40:36 [dashj user thread] AbstractQuorumState - maybe requesting GetQuorumRotationInfo from 1556344 to 1556563; 
  From 0000002ba192aa8b562eba9eed0577f0ddcc273e095a7f1534b14478bdf07dd8
  To 00000050e96db3d9381dde85c28ad3d54625fd78f0727eb308f41dec02ecc087
05:40:36 [dashj user thread] AbstractQuorumState - download peer = Peer{[68.67.122.2]:19999, version=70240, subVer=/Dash Core:23.1.8/, services=7237 (NETWORK, BLOOM, NETWORK_LIMITED, COMPACT_FILTERS, HEADERS_COMPRESSED, remaining: 1000001000000), time=2026-09-19 00:40:35, height=1556563}, but obtaining backup from peerGroup downloadPeer
05:40:36 [dashj user thread] AbstractQuorumState - backup download peer = Peer{[68.67.122.2]:19999, version=70240, subVer=/Dash Core:23.1.8/, services=7237 (NETWORK, BLOOM, NETWORK_LIMITED, COMPACT_FILTERS, HEADERS_COMPRESSED, remaining: 1000001000000), time=2026-09-19 00:40:35, height=1556563}
05:40:36 [dashj user thread] AbstractQuorumState - handling next mnlistdiff: 0
05:40:36 [dashj user thread] AbstractQuorumState - There are no pending blocks to request: GetQuorumRotationInfo{, baseBlockHashes=[00000026ed7f6e4cfe13952f2bc710c0855ee71a9ce47a5df98d64375e207b2c, 00000bafbc94add76cb75e2ec92894837288a481e5c005f6563d91623bf8bc2c], blockRequestHash=0000000c5842449fbe943f43a83bf18d49ebba6165d651f9797fb6b57d90c532, extraShare=true}
05:40:36 [NioClientManager] Peer - Peer{[78.17.70.175]:19899, version=70240, subVer=/Dash Core:23.1.8/, services=7237 (NETWORK, BLOOM, NETWORK_LIMITED, COMPACT_FILTERS, HEADERS_COMPRESSED, remaining: 1000001000000), time=2026-09-19 00:40:36, height=1556563}
05:40:36 [NioClientManager] PeerGroup - Peer{[78.17.70.175]:19899, version=70240, subVer=/Dash Core:23.1.8/, services=7237 (NETWORK, BLOOM, NETWORK_LIMITED, COMPACT_FILTERS, HEADERS_COMPRESSED, remaining: 1000001000000), time=2026-09-19 00:40:36, height=1556563}: New peer      (6 connected, 0 pending, 6 max)
05:40:36 [NioClientManager] Peer - Peer{[78.17.70.175]:19899, version=70240, subVer=/Dash Core:23.1.8/, services=7237 (NETWORK, BLOOM, NETWORK_LIMITED, COMPACT_FILTERS, HEADERS_COMPRESSED, remaining: 1000001000000), time=2026-09-19 00:40:36, height=1556563}: Sending Bloom filter and querying mempool
05:40:36 [NioClientManager] AllowLockTimeRiskAnalysis$Analyzer - risk analysis: net time diff 0; peer time diff 0 1789796436 1789796436
05:40:36 [dashj user thread] AbstractQuorumState - peer connected and setting download peer to Peer{[68.67.122.2]:19999, version=70240, subVer=/Dash Core:23.1.8/, services=7237 (NETWORK, BLOOM, NETWORK_LIMITED, COMPACT_FILTERS, HEADERS_COMPRESSED, remaining: 1000001000000), time=2026-09-19 00:40:35, height=1556563} with onPeerConnected
05:40:36 [dashj user thread] AbstractQuorumState - peer connected and setting download peer to Peer{[68.67.122.2]:19999, version=70240, subVer=/Dash Core:23.1.8/, services=7237 (NETWORK, BLOOM, NETWORK_LIMITED, COMPACT_FILTERS, HEADERS_COMPRESSED, remaining: 1000001000000), time=2026-09-19 00:40:35, height=1556563} with onPeerConnected
05:40:36 [NioClientManager] Peer - Peer{[206.245.167.63]:19999, version=70240, subVer=/Dash Core:23.1.8/, services=7237 (NETWORK, BLOOM, NETWORK_LIMITED, COMPACT_FILTERS, HEADERS_COMPRESSED, remaining: 1000001000000), time=2026-09-19 00:40:35, height=1556563}: Received unhandled message: org.bitcoinj.core.SendCompactBlocksMessage@be816d5
05:40:36 [NioClientManager] Peer - Peer{[206.245.167.63]:19999, version=70240, subVer=/Dash Core:23.1.8/, services=7237 (NETWORK, BLOOM, NETWORK_LIMITED, COMPACT_FILTERS, HEADERS_COMPRESSED, remaining: 1000001000000), time=2026-09-19 00:40:35, height=1556563}: Received unhandled message: SendDsq(send=true)
05:40:36 [LLMQBackgroundThread] InstantSendManager - islock: signature has already been verified: 1a1dac75452c890f0c976a000315cfd96a702feded36e2d57f7828340c3a330a
05:40:36 [LLMQBackgroundThread] InstantSendManager - processing islock txid=1a1dac75452c890f0c976a000315cfd96a702feded36e2d57f7828340c3a330a, islock=ba41b0562450938f97999a25dbee8ca4b633677048b369975adb337c5dc5df4d:  peer=-1
05:40:36 [LLMQBackgroundThread] InstantSendManager - InstantSendManager -- verified locks. count=0, alreadyVerified=0, vt=23.21 μs, nodes=0
05:40:36 [LLMQBackgroundThread] InstantSendManager - processing islock txid=1a1dac75452c890f0c976a000315cfd96a702feded36e2d57f7828340c3a330a, islock=ba41b0562450938f97999a25dbee8ca4b633677048b369975adb337c5dc5df4d:  peer=-1
05:40:36 [Wallet autosave thread] BLSJniLibrary - Initializing BLS JNI Library
05:40:36 [dashj user thread] TransactionBroadcast - broadcastTransaction: IX_TYPE:  TX 1a1dac75452c890f0c976a000315cfd96a702feded36e2d57f7828340c3a330a seen by 0 peers
05:40:36 [dashj user thread] TransactionBroadcast - broadcastTransaction: IX_TYPE:  TX 1a1dac75452c890f0c976a000315cfd96a702feded36e2d57f7828340c3a330a seen by 0 peers
05:40:36 [NioClientManager] Peer - Peer{[78.17.70.175]:19899, version=70240, subVer=/Dash Core:23.1.8/, services=7237 (NETWORK, BLOOM, NETWORK_LIMITED, COMPACT_FILTERS, HEADERS_COMPRESSED, remaining: 1000001000000), time=2026-09-19 00:40:36, height=1556563}: Received unhandled message: org.bitcoinj.core.SendCompactBlocksMessage@9395db
05:40:36 [NioClientManager] Peer - Peer{[78.17.70.175]:19899, version=70240, subVer=/Dash Core:23.1.8/, services=7237 (NETWORK, BLOOM, NETWORK_LIMITED, COMPACT_FILTERS, HEADERS_COMPRESSED, remaining: 1000001000000), time=2026-09-19 00:40:36, height=1556563}: Received unhandled message: SendDsq(send=true)
05:40:36 [NioClientManager] SporkManager - SPORK -- hash: b9d783455f2df58f1844e4b13ec13bccd1170ed0250c0be09ee6a7664175db47 id: 10008 (        SPORK_9_SUPERBLOCKS_ENABLED) value:          0 bestHeight: 1556563 peer=/78.17.70.175:19899 seen 
05:40:36 [NioClientManager] SporkManager - SPORK -- hash: e22c8dbbf3b6277346baec16495ba489ced20755a14e2b5051700d2bfa51fb5b id: 10016 (        SPORK_17_QUORUM_DKG_ENABLED) value:          0 bestHeight: 1556563 peer=/78.17.70.175:19899 seen 
05:40:36 [NioClientManager] SporkManager - SPORK -- hash: a954a3dde9d3f8f6d4db268edfacf58e9e86b9f0eedaf666c792a144eea62deb id: 10022 (               SPORK_23_QUORUM_POSE) value:          0 bestHeight: 1556563 peer=/78.17.70.175:19899 seen 
05:40:36 [NioClientManager] SporkManager - SPORK -- hash: d1d32f00374284b19ee33f9ef19386055fd15091ce4a476ab58701603594cc5e id: 10002 (SPORK_3_INSTANTSEND_BLOCK_FILTERING) value:          0 bestHeight: 1556563 peer=/78.17.70.175:19899 seen 
05:40:36 [NioClientManager] SporkManager - SPORK -- hash: 2d1a2040ab918d5e8240e9e92e3a42a46a97073c90679a3df125ee6de113938c id: 10001 (        SPORK_2_INSTANTSEND_ENABLED) value:          0 bestHeight: 1556563 peer=/78.17.70.175:19899 seen 
05:40:36 [NioClientManager] SporkManager - SPORK -- hash: c0fa2288bfc94099c0bee6c074c950fa990db674024807a67d601153dadfe539 id: 10018 (        SPORK_19_CHAINLOCKS_ENABLED) value:          0 bestHeight: 1556563 peer=/78.17.70.175:19899 seen 
05:40:36 [NioClientManager] SporkManager - SPORK -- hash: c68903921495975e0f00ebd6bca4f6701d1483c897c8224341d8a91dcd110b2e id: 10020 (      SPORK_21_QUORUM_ALL_CONNECTED) value:          1 bestHeight: 1556563 peer=/78.17.70.175:19899 seen 
05:40:36 [Threading.THREAD_POOL worker] PeerGroup - [68.67.122.2]:19999: Peer died      (5 connected, 0 pending, 6 max)
05:40:36 [Threading.THREAD_POOL worker] PeerGroup - Download peer died. Picking a new one.
05:40:36 [Threading.THREAD_POOL worker] PeerGroup - Unsetting download peer: Peer{[68.67.122.2]:19999, version=70240, subVer=/Dash Core:23.1.8/, services=7237 (NETWORK, BLOOM, NETWORK_LIMITED, COMPACT_FILTERS, HEADERS_COMPRESSED, remaining: 1000001000000), time=2026-09-19 00:40:35, height=1556563}
05:40:36 [Threading.THREAD_POOL worker] PeerGroup - Setting download peer: Peer{[206.245.167.63]:19999, version=70240, subVer=/Dash Core:23.1.8/, services=7237 (NETWORK, BLOOM, NETWORK_LIMITED, COMPACT_FILTERS, HEADERS_COMPRESSED, remaining: 1000001000000), time=2026-09-19 00:40:35, height=1556563}
05:40:36 [Threading.THREAD_POOL worker] PeerGroup - Initiating Synchronization with Peer{[206.245.167.63]:19999, version=70240, subVer=/Dash Core:23.1.8/, services=7237 (NETWORK, BLOOM, NETWORK_LIMITED, COMPACT_FILTERS, HEADERS_COMPRESSED, remaining: 1000001000000), time=2026-09-19 00:40:35, height=1556563}
05:40:36 [Threading.THREAD_POOL worker] PeerGroup - Attempting to sync headers first
05:40:36 [Threading.THREAD_POOL worker] PeerGroup - Sync Stage change from BLOCKS to BLOCKS
05:40:36 [Threading.THREAD_POOL worker] DownloadProgressTracker - Chain download switched to Peer{[206.245.167.63]:19999, version=70240, subVer=/Dash Core:23.1.8/, services=7237 (NETWORK, BLOOM, NETWORK_LIMITED, COMPACT_FILTERS, HEADERS_COMPRESSED, remaining: 1000001000000), time=2026-09-19 00:40:35, height=1556563}
05:40:36 [Threading.THREAD_POOL worker] BlockchainServiceImpl - DoneDownload 100 in 667.8 ms
05:40:36 [dashj user thread] DownloadProgressTracker - Chain download switched to Peer{[206.245.167.63]:19999, version=70240, subVer=/Dash Core:23.1.8/, services=7237 (NETWORK, BLOOM, NETWORK_LIMITED, COMPACT_FILTERS, HEADERS_COMPRESSED, remaining: 1000001000000), time=2026-09-19 00:40:35, height=1556563}
05:40:36 [dashj user thread] AbstractQuorumState - setting download peer with onChainDownloadStarted Peer{[206.245.167.63]:19999, version=70240, subVer=/Dash Core:23.1.8/, services=7237 (NETWORK, BLOOM, NETWORK_LIMITED, COMPACT_FILTERS, HEADERS_COMPRESSED, remaining: 1000001000000), time=2026-09-19 00:40:35, height=1556563}
05:40:36 [dashj user thread] AbstractQuorumState - maybe requesting GetSimplifiedMasternodeListDiff from 1556555 to 1556563; 
  From 0000003faa50aeffea325b032e908c28fff93e7bd2aeb162821e7c7615e7f7ae
  To 00000050e96db3d9381dde85c28ad3d54625fd78f0727eb308f41dec02ecc087
05:40:36 [dashj user thread] AbstractQuorumState - download peer = Peer{[206.245.167.63]:19999, version=70240, subVer=/Dash Core:23.1.8/, services=7237 (NETWORK, BLOOM, NETWORK_LIMITED, COMPACT_FILTERS, HEADERS_COMPRESSED, remaining: 1000001000000), time=2026-09-19 00:40:35, height=1556563}, but obtaining backup from peerGroup downloadPeer
05:40:36 [dashj user thread] AbstractQuorumState - backup download peer = Peer{[206.245.167.63]:19999, version=70240, subVer=/Dash Core:23.1.8/, services=7237 (NETWORK, BLOOM, NETWORK_LIMITED, COMPACT_FILTERS, HEADERS_COMPRESSED, remaining: 1000001000000), time=2026-09-19 00:40:35, height=1556563}
05:40:36 [dashj user thread] AbstractQuorumState - handling next mnlistdiff: 0
05:40:36 [dashj user thread] AbstractQuorumState - There are no pending blocks to request: GetSimplifiedMasternodeListDiff{baseBlockHash=000000395cd34f77bcdd3871e68bdc69f9702a58b6f206454ebcc3496ad38f9f, blockHash=0000003faa50aeffea325b032e908c28fff93e7bd2aeb162821e7c7615e7f7ae}
05:40:36 [dashj user thread] AbstractQuorumState - setting download peer with onChainDownloadStarted Peer{[206.245.167.63]:19999, version=70240, subVer=/Dash Core:23.1.8/, services=7237 (NETWORK, BLOOM, NETWORK_LIMITED, COMPACT_FILTERS, HEADERS_COMPRESSED, remaining: 1000001000000), time=2026-09-19 00:40:35, height=1556563}
05:40:36 [dashj user thread] AbstractQuorumState - maybe requesting GetQuorumRotationInfo from 1556344 to 1556563; 
  From 0000002ba192aa8b562eba9eed0577f0ddcc273e095a7f1534b14478bdf07dd8
  To 00000050e96db3d9381dde85c28ad3d54625fd78f0727eb308f41dec02ecc087
05:40:36 [dashj user thread] AbstractQuorumState - download peer = Peer{[206.245.167.63]:19999, version=70240, subVer=/Dash Core:23.1.8/, services=7237 (NETWORK, BLOOM, NETWORK_LIMITED, COMPACT_FILTERS, HEADERS_COMPRESSED, remaining: 1000001000000), time=2026-09-19 00:40:35, height=1556563}, but obtaining backup from peerGroup downloadPeer
05:40:36 [dashj user thread] AbstractQuorumState - backup download peer = Peer{[206.245.167.63]:19999, version=70240, subVer=/Dash Core:23.1.8/, services=7237 (NETWORK, BLOOM, NETWORK_LIMITED, COMPACT_FILTERS, HEADERS_COMPRESSED, remaining: 1000001000000), time=2026-09-19 00:40:35, height=1556563}
05:40:36 [dashj user thread] AbstractQuorumState - handling next mnlistdiff: 0
05:40:36 [dashj user thread] AbstractQuorumState - There are no pending blocks to request: GetQuorumRotationInfo{, baseBlockHashes=[00000026ed7f6e4cfe13952f2bc710c0855ee71a9ce47a5df98d64375e207b2c, 00000bafbc94add76cb75e2ec92894837288a481e5c005f6563d91623bf8bc2c], blockRequestHash=0000000c5842449fbe943f43a83bf18d49ebba6165d651f9797fb6b57d90c532, extraShare=true}
05:40:36 [PeerGroup Thread] PeerGroup$ChainDownloadSpeedCalculator - End of sync detected at height 1556563.
05:40:36 [PeerGroup Thread] PeerGroup - Waiting 1000 ms before next connect attempt to [68.67.122.69]:19999
05:40:38 [PeerGroup Thread] PeerGroup - Attempting connection to [68.67.122.17]:19999     (5 connected, 1 pending, 6 max)
05:40:38 [NioClientManager] NioClientManager - Connected to /68.67.122.17:19999
05:40:38 [NioClientManager] Peer - Announcing to /68.67.122.17:19999 with protocol 70235 as: /DashJ:22.0.5/Dash Wallet:11.9.0/
05:40:38 [NioClientManager] Peer - Peer{[68.67.122.17]:19999, version=70240, subVer=/Dash Core:23.1.8/, services=7237 (NETWORK, BLOOM, NETWORK_LIMITED, COMPACT_FILTERS, HEADERS_COMPRESSED, remaining: 1000001000000), time=2026-09-19 00:40:37, height=1556563}
05:40:38 [NioClientManager] PeerGroup - Peer{[68.67.122.17]:19999, version=70240, subVer=/Dash Core:23.1.8/, services=7237 (NETWORK, BLOOM, NETWORK_LIMITED, COMPACT_FILTERS, HEADERS_COMPRESSED, remaining: 1000001000000), time=2026-09-19 00:40:37, height=1556563}: New peer      (6 connected, 0 pending, 6 max)
05:40:38 [NioClientManager] Peer - Peer{[68.67.122.17]:19999, version=70240, subVer=/Dash Core:23.1.8/, services=7237 (NETWORK, BLOOM, NETWORK_LIMITED, COMPACT_FILTERS, HEADERS_COMPRESSED, remaining: 1000001000000), time=2026-09-19 00:40:37, height=1556563}: Sending Bloom filter and querying mempool
05:40:38 [NioClientManager] AllowLockTimeRiskAnalysis$Analyzer - risk analysis: net time diff 0; peer time diff -1 1789796437 1789796438
05:40:38 [dashj user thread] AbstractQuorumState - peer connected and setting download peer to Peer{[206.245.167.63]:19999, version=70240, subVer=/Dash Core:23.1.8/, services=7237 (NETWORK, BLOOM, NETWORK_LIMITED, COMPACT_FILTERS, HEADERS_COMPRESSED, remaining: 1000001000000), time=2026-09-19 00:40:35, height=1556563} with onPeerConnected
05:40:38 [dashj user thread] AbstractQuorumState - peer connected and setting download peer to Peer{[206.245.167.63]:19999, version=70240, subVer=/Dash Core:23.1.8/, services=7237 (NETWORK, BLOOM, NETWORK_LIMITED, COMPACT_FILTERS, HEADERS_COMPRESSED, remaining: 1000001000000), time=2026-09-19 00:40:35, height=1556563} with onPeerConnected
05:40:38 [NioClientManager] Peer - Peer{[68.67.122.17]:19999, version=70240, subVer=/Dash Core:23.1.8/, services=7237 (NETWORK, BLOOM, NETWORK_LIMITED, COMPACT_FILTERS, HEADERS_COMPRESSED, remaining: 1000001000000), time=2026-09-19 00:40:37, height=1556563}: Received unhandled message: org.bitcoinj.core.SendCompactBlocksMessage@a7c5142
05:40:38 [NioClientManager] Peer - Peer{[68.67.122.17]:19999, version=70240, subVer=/Dash Core:23.1.8/, services=7237 (NETWORK, BLOOM, NETWORK_LIMITED, COMPACT_FILTERS, HEADERS_COMPRESSED, remaining: 1000001000000), time=2026-09-19 00:40:37, height=1556563}: Received unhandled message: SendDsq(send=true)
05:40:38 [NioClientManager] SporkManager - SPORK -- hash: c68903921495975e0f00ebd6bca4f6701d1483c897c8224341d8a91dcd110b2e id: 10020 (      SPORK_21_QUORUM_ALL_CONNECTED) value:          1 bestHeight: 1556563 peer=/68.67.122.17:19999 seen 
05:40:38 [NioClientManager] SporkManager - SPORK -- hash: c0fa2288bfc94099c0bee6c074c950fa990db674024807a67d601153dadfe539 id: 10018 (        SPORK_19_CHAINLOCKS_ENABLED) value:          0 bestHeight: 1556563 peer=/68.67.122.17:19999 seen 
05:40:38 [NioClientManager] SporkManager - SPORK -- hash: b9d783455f2df58f1844e4b13ec13bccd1170ed0250c0be09ee6a7664175db47 id: 10008 (        SPORK_9_SUPERBLOCKS_ENABLED) value:          0 bestHeight: 1556563 peer=/68.67.122.17:19999 seen 
05:40:38 [NioClientManager] SporkManager - SPORK -- hash: d1d32f00374284b19ee33f9ef19386055fd15091ce4a476ab58701603594cc5e id: 10002 (SPORK_3_INSTANTSEND_BLOCK_FILTERING) value:          0 bestHeight: 1556563 peer=/68.67.122.17:19999 seen 
05:40:38 [NioClientManager] SporkManager - SPORK -- hash: 2d1a2040ab918d5e8240e9e92e3a42a46a97073c90679a3df125ee6de113938c id: 10001 (        SPORK_2_INSTANTSEND_ENABLED) value:          0 bestHeight: 1556563 peer=/68.67.122.17:19999 seen 
05:40:38 [NioClientManager] SporkManager - SPORK -- hash: a954a3dde9d3f8f6d4db268edfacf58e9e86b9f0eedaf666c792a144eea62deb id: 10022 (               SPORK_23_QUORUM_POSE) value:          0 bestHeight: 1556563 peer=/68.67.122.17:19999 seen 
05:40:38 [NioClientManager] SporkManager - SPORK -- hash: e22c8dbbf3b6277346baec16495ba489ced20755a14e2b5051700d2bfa51fb5b id: 10016 (        SPORK_17_QUORUM_DKG_ENABLED) value:          0 bestHeight: 1556563 peer=/68.67.122.17:19999 seen 
05:40:39 [NioClientManager] SporkManager - SPORK -- hash: a954a3dde9d3f8f6d4db268edfacf58e9e86b9f0eedaf666c792a144eea62deb id: 10022 (               SPORK_23_QUORUM_POSE) value:          0 bestHeight: 1556563 peer=/206.245.167.63:19999 seen 
05:40:39 [NioClientManager] SporkManager - SPORK -- hash: c0fa2288bfc94099c0bee6c074c950fa990db674024807a67d601153dadfe539 id: 10018 (        SPORK_19_CHAINLOCKS_ENABLED) value:          0 bestHeight: 1556563 peer=/206.245.167.63:19999 seen 
05:40:39 [NioClientManager] SporkManager - SPORK -- hash: e22c8dbbf3b6277346baec16495ba489ced20755a14e2b5051700d2bfa51fb5b id: 10016 (        SPORK_17_QUORUM_DKG_ENABLED) value:          0 bestHeight: 1556563 peer=/206.245.167.63:19999 seen 
05:40:39 [NioClientManager] SporkManager - SPORK -- hash: d1d32f00374284b19ee33f9ef19386055fd15091ce4a476ab58701603594cc5e id: 10002 (SPORK_3_INSTANTSEND_BLOCK_FILTERING) value:          0 bestHeight: 1556563 peer=/206.245.167.63:19999 seen 
05:40:39 [NioClientManager] SporkManager - SPORK -- hash: c68903921495975e0f00ebd6bca4f6701d1483c897c8224341d8a91dcd110b2e id: 10020 (      SPORK_21_QUORUM_ALL_CONNECTED) value:          1 bestHeight: 1556563 peer=/206.245.167.63:19999 seen 
05:40:39 [NioClientManager] SporkManager - SPORK -- hash: 2d1a2040ab918d5e8240e9e92e3a42a46a97073c90679a3df125ee6de113938c id: 10001 (        SPORK_2_INSTANTSEND_ENABLED) value:          0 bestHeight: 1556563 peer=/206.245.167.63:19999 seen 
05:40:39 [NioClientManager] SporkManager - SPORK -- hash: b9d783455f2df58f1844e4b13ec13bccd1170ed0250c0be09ee6a7664175db47 id: 10008 (        SPORK_9_SUPERBLOCKS_ENABLED) value:          0 bestHeight: 1556563 peer=/206.245.167.63:19999 seen 
05:40:39 [LLMQBackgroundThread] InstantSendManager - islock: signature has already been verified: 1a1dac75452c890f0c976a000315cfd96a702feded36e2d57f7828340c3a330a
05:40:39 [LLMQBackgroundThread] InstantSendManager - processing islock txid=1a1dac75452c890f0c976a000315cfd96a702feded36e2d57f7828340c3a330a, islock=ba41b0562450938f97999a25dbee8ca4b633677048b369975adb337c5dc5df4d:  peer=-1
05:40:39 [LLMQBackgroundThread] InstantSendManager - InstantSendManager -- verified locks. count=0, alreadyVerified=0, vt=30.50 μs, nodes=0
05:40:39 [LLMQBackgroundThread] InstantSendManager - processing islock txid=1a1dac75452c890f0c976a000315cfd96a702feded36e2d57f7828340c3a330a, islock=ba41b0562450938f97999a25dbee8ca4b633677048b369975adb337c5dc5df4d:  peer=-1
05:40:39 [dashj user thread] TransactionBroadcast - broadcastTransaction: IX_TYPE:  TX 1a1dac75452c890f0c976a000315cfd96a702feded36e2d57f7828340c3a330a seen by 0 peers
05:40:39 [dashj user thread] TransactionBroadcast - broadcastTransaction: IX_TYPE:  TX 1a1dac75452c890f0c976a000315cfd96a702feded36e2d57f7828340c3a330a seen by 0 peers
05:40:41 [Wallet autosave thread] WalletFiles - Background saving wallet; last seen block is height 1556563, date 2026-09-19T05:35:33Z, hash 00000050e96db3d9381dde85c28ad3d54625fd78f0727eb308f41dec02ecc087
05:40:41 [Wallet autosave thread] CoinJoinExtension - CoinJoinExtension serialization: 3ms total (keys:2ms[2006], cache:0ms[0], salt:0ms, io:1ms, size:208967bytes, buffer:64KB)
05:40:41 [Wallet autosave thread] WalletProtobufSerializer - walletToProto (serial=15) timing: 14ms total, init=0ms, tx=0ms[2], keys=0ms, scripts=0ms[0], metadata=0ms, ext=12ms, friendRecv=0ms, friendSend=0ms, build=0ms
05:40:41 [Wallet autosave thread] WalletProtobufSerializer - writeWallet timing: 13ms total (13ms/100% serialization, 0ms/0% I/O) buffer=8KB
05:40:41 [Wallet autosave thread] WalletFiles - Save completed in 15.99 ms (274621 bytes); /data/user/0/hashengineering.darkcoin.wallet_test/files/wallet-protobuf-testnet
05:40:42 [NioClientManager] ChainLocksHandler - process chainlock: 5e737fb2c06833cbbc5a442a5aedc1f72f1fd41a8823fa18623b4703675da509
05:40:42 [NioClientManager] SPVQuorumManager - quorum list is old, the quorums may not match
05:40:42 [NioClientManager] SPVQuorumManager - quorum list for 1556556 not found, using most recent quorum list: 1556555
05:40:42 [NioClientManager] SigningManager - signature was validated with Quorum(type=1, quorumHash=0000004a1367d671546a082ee63b3c9b0cfbffbab0c512bbc519c4f36acaf84c, qfc=FinalCommitment(version=3, llmqType=1, quorumHash=0000004a1367d671546a082ee63b3c9b0cfbffbab0c512bbc519c4f36acaf84c, signers=50, validMembers=50, quorumPublicKey=aff3d8af0efbb6d86d04c0e7b8cb4f24712a4a322f6e46b267d74a921ed412f4db237df3d94bbb6cd96be8e0a4d2cb63), msg: 00000049b67f498236ecede779724ce0bf725af4e62bca152673a58eea3ed4de, id: 3304abb58df0c5dcc21316f74e103ae835effd2821b6431f5f8c4c9cb63c0fa3, signHash: 90beb16186f3627b3ce9cd11ae93fecb3c5ecc5716fa05b86d59c34c76f36ef0
05:40:42 [NioClientManager] SigningManager - dash-cli quorum selectquorum 1 3304abb58df0c5dcc21316f74e103ae835effd2821b6431f5f8c4c9cb63c0fa3
05:40:42 [NioClientManager] BLSJniLibrary - Initializing BLS JNI Library
05:40:42 [AbstractManager autosave thread] BLSJniLibrary - Initializing BLS JNI Library
05:40:42 [AbstractManager autosave thread] ManagerFiles - Background saving manager
05:40:42 [AbstractManager autosave thread] FlatDB - Writing ChainLocksHandler-1 to manager5459211633926508951.tmp...
05:40:42 [AbstractManager autosave thread] FlatDB - Written info to /data/user/0/hashengineering.darkcoin.wallet_test/app_masternode/manager5459211633926508951.tmp  0ms
05:40:42 [AbstractManager autosave thread] FlatDB -   ChainLocksHandler(5e737fb2c06833cbbc5a442a5aedc1f72f1fd41a8823fa18623b4703675da509)
05:40:42 [AbstractManager autosave thread] FlatDB - manager5459211633926508951.tmp dump finished  0ms
05:40:42 [AbstractManager autosave thread] ManagerFiles - Save completed in 359.2 μs to /data/user/0/hashengineering.darkcoin.wallet_test/app_masternode/chainlockshandler-testnet.dat
05:40:42 [NioClientManager] Wallet - Received tx for -0.00000227 DASH: 1a1dac75452c890f0c976a000315cfd96a702feded36e2d57f7828340c3a330a [0] in block 00000049b67f498236ecede779724ce0bf725af4e62bca152673a58eea3ed4de
05:40:42 [NioClientManager] Wallet -   <-pending
05:40:42 [NioClientManager] Wallet -   tx 1a1dac75452c890f0c976a000315cfd96a702feded36e2d57f7828340c3a330a ->unspent
05:40:42 [NioClientManager] Wallet - unlock output: aa57902d1c5547d48cabe6d674babe10b728ab1262f6564bfcca1a6ec7b1bb33:0
05:40:42 [NioClientManager] Wallet - Balance is now: 0.99999773 DASH
05:40:42 [dashj user thread] TransactionBroadcast - broadcastTransaction: TYPE:  TX 1a1dac75452c890f0c976a000315cfd96a702feded36e2d57f7828340c3a330a seen by 0 peers and mined
05:40:42 [dashj user thread] TransactionBroadcast - broadcastTransaction: 1a1dac75452c890f0c976a000315cfd96a702feded36e2d57f7828340c3a330a complete
05:40:42 [NioClientManager] BlockchainServiceImpl - progress 200
05:40:42 [NioClientManager] BlockchainServiceImpl - DoneDownload 100 in 6.577 s
05:40:42 [dashj user thread] AbstractQuorumState - adding 1 block to the GetSimplifiedMasternodeListDiff pending queue of size: 0 : 1556556/0000000024cc3ae59524577a65e1bb99ea6da59d4f8fe572ec2f596649fb82c9
05:40:42 [dashj user thread] AbstractQuorumState - requesting: next
05:40:42 [dashj user thread] AbstractQuorumState - download peer = Peer{[206.245.167.63]:19999, version=70240, subVer=/Dash Core:23.1.8/, services=7237 (NETWORK, BLOOM, NETWORK_LIMITED, COMPACT_FILTERS, HEADERS_COMPRESSED, remaining: 1000001000000), time=2026-09-19 00:40:35, height=1556563}, but obtaining backup from peerGroup downloadPeer
05:40:42 [dashj user thread] AbstractQuorumState - backup download peer = Peer{[206.245.167.63]:19999, version=70240, subVer=/Dash Core:23.1.8/, services=7237 (NETWORK, BLOOM, NETWORK_LIMITED, COMPACT_FILTERS, HEADERS_COMPRESSED, remaining: 1000001000000), time=2026-09-19 00:40:35, height=1556563}
05:40:42 [dashj user thread] AbstractQuorumState - handling next mnlistdiff: 1
05:40:42 [dashj user thread] AbstractQuorumState - sending GetSimplifiedMasternodeListDiff from 1556555 to 1556556; 
  From 0000003faa50aeffea325b032e908c28fff93e7bd2aeb162821e7c7615e7f7ae
 To 0000000024cc3ae59524577a65e1bb99ea6da59d4f8fe572ec2f596649fb82c9
05:40:42 [dashj user thread] BLSJniLibrary - Initializing BLS JNI Library
05:40:42 [DefaultDispatcher-worker-10] CoinJoinMixingService - coinjoin: new block: 1556564
05:40:42 [DefaultDispatcher-worker-10] BLSJniLibrary - Initializing BLS JNI Library
05:40:42 [DefaultDispatcher-worker-10] CoinJoinMixingService - coinjoin: anonymizable balance 0.00 DASH, denominatedBalance: 0.00 DASH
05:40:42 [DefaultDispatcher-worker-10] CoinJoinMixingService - timing: denominatedBalance 105.5 μs
05:40:42 [DefaultDispatcher-worker-10] CoinJoinMixingService - timing: denominatedBalance 3.625 μs
05:40:42 [DefaultDispatcher-worker-10] CoinJoinMixingService - timing: coinJoinBalance 12.96 μs
05:40:42 [DefaultDispatcher-worker-10] CoinJoinMixingService - coinjoin: can mix balance: true = balance: (false && canDenominate: true) || partially-mixed: false
05:40:42 [dashj user thread] AbstractQuorumState - message = GetSimplifiedMasternodeListDiff{baseBlockHash=0000003faa50aeffea325b032e908c28fff93e7bd2aeb162821e7c7615e7f7ae, blockHash=0000000024cc3ae59524577a65e1bb99ea6da59d4f8fe572ec2f596649fb82c9}
05:40:42 [DefaultDispatcher-worker-1] MainViewModel - blockchain state update: mnlist=1556555; chain=1556564
05:40:42 [DefaultDispatcher-worker-10] TimeUtils - timeskew: 580; using last value
05:40:42 [DefaultDispatcher-worker-10] CoinJoinMixingService - coinjoin-state: NONE, 580 ms, true, CONNECTED, synced: true, true
05:40:42 [DefaultDispatcher-worker-10] CoinJoinMixingService - coinjoin-state-mixing: NOT_STARTED -> NOT_STARTED
05:40:42 [LLMQBackgroundThread] InstantSendManager - islock: signature has already been verified: 1a1dac75452c890f0c976a000315cfd96a702feded36e2d57f7828340c3a330a
05:40:42 [LLMQBackgroundThread] InstantSendManager - processing islock txid=1a1dac75452c890f0c976a000315cfd96a702feded36e2d57f7828340c3a330a, islock=ba41b0562450938f97999a25dbee8ca4b633677048b369975adb337c5dc5df4d:  peer=-1
05:40:42 [LLMQBackgroundThread] InstantSendManager - InstantSendManager -- verified locks. count=0, alreadyVerified=0, vt=12.88 μs, nodes=0
05:40:42 [LLMQBackgroundThread] InstantSendManager - processing islock txid=1a1dac75452c890f0c976a000315cfd96a702feded36e2d57f7828340c3a330a, islock=ba41b0562450938f97999a25dbee8ca4b633677048b369975adb337c5dc5df4d:  peer=-1
05:40:43 [NioClientManager] BlockchainServiceImpl - masternodeListDiffDownloaded:Received
05:40:43 [NioClientManager] QuorumState - processing requested mnlistdiff (headersFirst=false) between : 1556555 & 1556556; Simplified MNList Diff{ adding 0 and removing 0 masternodes while adding 0 and removing 0 quorums }
  0000003faa50aeffea325b032e908c28fff93e7bd2aeb162821e7c7615e7f7ae -> 0000000024cc3ae59524577a65e1bb99ea6da59d4f8fe572ec2f596649fb82c9 from Peer{[206.245.167.63]:19999, version=70240, subVer=/Dash Core:23.1.8/, services=7237 (NETWORK, BLOOM, NETWORK_LIMITED, COMPACT_FILTERS, HEADERS_COMPRESSED, remaining: 1000001000000), time=2026-09-19 00:40:35, height=1556563}
05:40:43 [NioClientManager] QuorumState - lock acquired when processing mnlistdiff
05:40:43 [NioClientManager] QuorumState - applyDiff processing times: mn 39.54 μs; quorums: 39.08 μs
05:40:43 [NioClientManager] QuorumState - QuorumState{mnList=Simplified MN List(count: 373 height: 1556556), quorumList=SimplifiedQuorumList(count: 109; 1556556), mnListsCacheSize=1, quorumsCacheSize=1}
05:40:43 [NioClientManager] QuorumState - processing mnlistdiff times : Total: 259.5 μs mnList: 0.000 ns quorums: 0.000 ns mnlistdiff: Simplified MNList Diff{ adding 0 and removing 0 masternodes while adding 0 and removing 0 quorums }
  0000003faa50aeffea325b032e908c28fff93e7bd2aeb162821e7c7615e7f7ae -> 0000000024cc3ae59524577a65e1bb99ea6da59d4f8fe572ec2f596649fb82c9
05:40:43 [NioClientManager] QuorumState - QuorumState{mnList=Simplified MN List(count: 373 height: 1556556), quorumList=SimplifiedQuorumList(count: 109; 1556556), mnListsCacheSize=1, quorumsCacheSize=1}
05:40:43 [NioClientManager] AbstractQuorumState - download peer = Peer{[206.245.167.63]:19999, version=70240, subVer=/Dash Core:23.1.8/, services=7237 (NETWORK, BLOOM, NETWORK_LIMITED, COMPACT_FILTERS, HEADERS_COMPRESSED, remaining: 1000001000000), time=2026-09-19 00:40:35, height=1556563}, but obtaining backup from peerGroup downloadPeer
05:40:43 [NioClientManager] AbstractQuorumState - backup download peer = Peer{[206.245.167.63]:19999, version=70240, subVer=/Dash Core:23.1.8/, services=7237 (NETWORK, BLOOM, NETWORK_LIMITED, COMPACT_FILTERS, HEADERS_COMPRESSED, remaining: 1000001000000), time=2026-09-19 00:40:35, height=1556563}
05:40:43 [NioClientManager] AbstractQuorumState - handling next mnlistdiff: 0
05:40:43 [NioClientManager] AbstractQuorumState - There are no pending blocks to request: GetSimplifiedMasternodeListDiff{baseBlockHash=0000003faa50aeffea325b032e908c28fff93e7bd2aeb162821e7c7615e7f7ae, blockHash=0000000024cc3ae59524577a65e1bb99ea6da59d4f8fe572ec2f596649fb82c9}
05:40:43 [NioClientManager] BLSJniLibrary - Initializing BLS JNI Library
05:40:43 [AbstractManager autosave thread] BLSJniLibrary - Initializing BLS JNI Library
05:40:43 [AbstractManager autosave thread] ManagerFiles - Background saving manager
05:40:43 [AbstractManager autosave thread] FlatDB - Writing SimplifiedMasternodeListManager-5 to manager235509574449554604.tmp...
05:40:43 [AbstractManager autosave thread] FlatDB - Written info to /data/user/0/hashengineering.darkcoin.wallet_test/app_masternode/manager235509574449554604.tmp  8ms
05:40:43 [AbstractManager autosave thread] FlatDB -   SimplifiedMNListManager:  {tip:Simplified MN List(count: 373 height: 1556344), SimplifiedQuorumList(count: 109; 1556556), SimplifiedQuorumList(count: 32; 1556344), pending blocks: 0 / 0}
05:40:43 [AbstractManager autosave thread] FlatDB - manager235509574449554604.tmp dump finished  8ms
05:40:43 [AbstractManager autosave thread] ManagerFiles - Save completed in 8.679 ms to /data/user/0/hashengineering.darkcoin.wallet_test/app_masternode/simplifiedmasternodelistmanager-testnet.dat
05:40:43 [DefaultDispatcher-worker-10] BlockchainServiceImpl - tx 1a1dac75452c890f0c976a000315cfd96a702feded36e2d57f7828340c3a330a; 1 == 1
05:40:43 [DefaultDispatcher-worker-10] BlockchainServiceImpl - tx aa57902d1c5547d48cabe6d674babe10b728ab1262f6564bfcca1a6ec7b1bb33; 5 == 5
05:40:45 [DefaultDispatcher-worker-1] BlockchainServiceImpl - network capabilities changed: 100, hasInternet: true, validated: true
05:40:45 [DefaultDispatcher-worker-1] BlockchainServiceImpl - acquiring check() mutex
05:40:45 [DefaultDispatcher-worker-1] BlockchainServiceImpl - check()
05:40:45 [DefaultDispatcher-worker-1] BlockchainServiceImpl - releasing check() mutex
05:40:47 [Wallet autosave thread] WalletFiles - Background saving wallet; last seen block is height 1556564, date 2026-09-19T05:40:11Z, hash 00000049b67f498236ecede779724ce0bf725af4e62bca152673a58eea3ed4de
05:40:47 [Wallet autosave thread] CoinJoinExtension - CoinJoinExtension serialization: 3ms total (keys:2ms[2006], cache:0ms[0], salt:0ms, io:1ms, size:208967bytes, buffer:64KB)
05:40:47 [Wallet autosave thread] WalletProtobufSerializer - walletToProto (serial=15) timing: 5ms total, init=0ms, tx=0ms[2], keys=0ms, scripts=0ms[0], metadata=0ms, ext=3ms, friendRecv=0ms, friendSend=0ms, build=0ms
05:40:47 [Wallet autosave thread] WalletProtobufSerializer - writeWallet timing: 4ms total (4ms/100% serialization, 0ms/0% I/O) buffer=8KB
05:40:47 [Wallet autosave thread] WalletFiles - Save completed in 6.945 ms (274663 bytes); /data/user/0/hashengineering.darkcoin.wallet_test/files/wallet-protobuf-testnet
05:40:48 [DefaultDispatcher-worker-1] BlockchainServiceImpl - network capabilities changed: 100, hasInternet: true, validated: true
05:40:48 [DefaultDispatcher-worker-1] BlockchainServiceImpl - acquiring check() mutex
05:40:48 [DefaultDispatcher-worker-1] BlockchainServiceImpl - check()
05:40:48 [DefaultDispatcher-worker-1] BlockchainServiceImpl - releasing check() mutex
05:40:52 [quorum-state-QuorumState] AbstractQuorumState - sendMessageFuture check: last request received GetSimplifiedMasternodeListDiff
05:40:54 [DefaultDispatcher-worker-10] BlockchainServiceImpl - network capabilities changed: 100, hasInternet: true, validated: true
05:40:54 [DefaultDispatcher-worker-10] BlockchainServiceImpl - acquiring check() mutex
05:40:54 [DefaultDispatcher-worker-10] BlockchainServiceImpl - check()
05:40:54 [DefaultDispatcher-worker-10] BlockchainServiceImpl - releasing check() mutex
05:40:57 [DefaultDispatcher-worker-2] BlockchainServiceImpl - network capabilities changed: 100, hasInternet: true, validated: true
05:40:57 [DefaultDispatcher-worker-2] BlockchainServiceImpl - acquiring check() mutex
05:40:57 [DefaultDispatcher-worker-2] BlockchainServiceImpl - check()
05:40:57 [DefaultDispatcher-worker-2] BlockchainServiceImpl - releasing check() mutex
05:41:09 [DefaultDispatcher-worker-1] BlockchainServiceImpl - network capabilities changed: 100, hasInternet: true, validated: true
05:41:09 [DefaultDispatcher-worker-1] BlockchainServiceImpl - acquiring check() mutex
05:41:09 [DefaultDispatcher-worker-1] BlockchainServiceImpl - check()
05:41:09 [DefaultDispatcher-worker-1] BlockchainServiceImpl - releasing check() mutex
05:41:15 [DefaultDispatcher-worker-3] BlockchainServiceImpl - network capabilities changed: 100, hasInternet: true, validated: true
05:41:15 [DefaultDispatcher-worker-3] BlockchainServiceImpl - acquiring check() mutex
05:41:15 [DefaultDispatcher-worker-3] BlockchainServiceImpl - check()
05:41:15 [DefaultDispatcher-worker-3] BlockchainServiceImpl - releasing check() mutex
05:41:21 [LLMQBackgroundThread] LLMQBackgroundThread - InstantSendManager:  pendingInstantSendLocks 0, DB: SPVISDB:  isLockCache:  2, txidCache: 2, outpointCache: 5, isLockHashHeight: 1
05:41:29 [DefaultDispatcher-worker-1] WalletTransactionMetadataProvider - txmetadata for aa57902d1c5547d48cabe6d674babe10b728ab1262f6564bfcca1a6ec7b1bb33 exists, only do update
05:41:29 [DefaultDispatcher-worker-1] WalletTransactionMetadataProvider - metadata: TxOut of 1.00 DASH to yLRHLPYFiRXPQPm2CaD5AsifEfqpYbSRKo script:DUP HASH160 PUSHDATA(20)[011a8dc9c32f4ce55f8d34578bf142c92f9c20b6] EQUALVERIFY CHECKSIG
05:41:29 [DefaultDispatcher-worker-1] WalletTransactionMetadataProvider - metadata: TxOut of 2.9999955 DASH to yPrynRN6ViX2rCcRL5SoSi8ntcWgdHSEaS script:DUP HASH160 PUSHDATA(20)[26df1860ef5c819a6af08533db64a026bd840756] EQUALVERIFY CHECKSIG
05:41:30 [DefaultDispatcher-worker-10] BlockchainServiceImpl - network capabilities changed: 100, hasInternet: true, validated: true
05:41:30 [DefaultDispatcher-worker-10] BlockchainServiceImpl - acquiring check() mutex
05:41:30 [DefaultDispatcher-worker-10] BlockchainServiceImpl - check()
05:41:30 [DefaultDispatcher-worker-10] BlockchainServiceImpl - releasing check() mutex
05:41:33 [DefaultDispatcher-worker-1] BlockchainServiceImpl - network capabilities changed: 100, hasInternet: true, validated: true
05:41:33 [DefaultDispatcher-worker-1] BlockchainServiceImpl - acquiring check() mutex
05:41:33 [DefaultDispatcher-worker-1] BlockchainServiceImpl - check()
05:41:33 [DefaultDispatcher-worker-1] BlockchainServiceImpl - releasing check() mutex
05:41:36 [DefaultDispatcher-worker-3] BlockchainServiceImpl - network capabilities changed: 100, hasInternet: true, validated: true
05:41:36 [DefaultDispatcher-worker-3] BlockchainServiceImpl - acquiring check() mutex
05:41:36 [DefaultDispatcher-worker-3] BlockchainServiceImpl - check()
05:41:36 [DefaultDispatcher-worker-3] BlockchainServiceImpl - releasing check() mutex
05:41:45 [DefaultDispatcher-worker-1] BlockchainServiceImpl - network capabilities changed: 100, hasInternet: true, validated: true
05:41:45 [DefaultDispatcher-worker-1] BlockchainServiceImpl - acquiring check() mutex
05:41:45 [DefaultDispatcher-worker-1] BlockchainServiceImpl - check()
05:41:45 [DefaultDispatcher-worker-1] BlockchainServiceImpl - releasing check() mutex
05:41:48 [DefaultDispatcher-worker-2] BlockchainServiceImpl - network capabilities changed: 100, hasInternet: true, validated: true
05:41:48 [DefaultDispatcher-worker-2] BlockchainServiceImpl - acquiring check() mutex
05:41:48 [DefaultDispatcher-worker-2] BlockchainServiceImpl - check()
05:41:48 [DefaultDispatcher-worker-2] BlockchainServiceImpl - releasing check() mutex
05:41:51 [DefaultDispatcher-worker-3] BlockchainServiceImpl - network capabilities changed: 100, hasInternet: true, validated: true
05:41:51 [DefaultDispatcher-worker-3] BlockchainServiceImpl - acquiring check() mutex
05:41:51 [DefaultDispatcher-worker-3] BlockchainServiceImpl - check()
05:41:51 [DefaultDispatcher-worker-3] BlockchainServiceImpl - releasing check() mutex
05:41:54 [DefaultDispatcher-worker-4] BlockchainServiceImpl - network capabilities changed: 100, hasInternet: true, validated: true
05:41:54 [DefaultDispatcher-worker-4] BlockchainServiceImpl - acquiring check() mutex
05:41:54 [DefaultDispatcher-worker-4] BlockchainServiceImpl - check()
05:41:54 [DefaultDispatcher-worker-4] BlockchainServiceImpl - releasing check() mutex
05:41:57 [DefaultDispatcher-worker-2] BlockchainServiceImpl - network capabilities changed: 100, hasInternet: true, validated: true
05:41:57 [DefaultDispatcher-worker-2] BlockchainServiceImpl - acquiring check() mutex
05:41:57 [DefaultDispatcher-worker-2] BlockchainServiceImpl - check()
05:41:57 [DefaultDispatcher-worker-2] BlockchainServiceImpl - releasing check() mutex
05:42:00 [main] BlockchainServiceImpl - History of transactions/blocks/headers/mnlistdiff: 0/0/0/0
