16:43:59 [main] StartupBreadcrumbs - STARTUP breadcrumb: 1 LOGGING_INITIALIZED +5ms
16:43:59 [main] StartupBreadcrumbs - STARTUP breadcrumb: 2 FIREBASE_INITIALIZED +6ms
16:43:59 [main] WalletApplication - STARTUP WalletApplication.onCreate()
16:43:59 [main] StartupBreadcrumbs - STARTUP breadcrumb: 3 CONFIG_LOADED +7ms
16:43:59 [process-exit-reasons] ProcessExitReasons - PROCESS EXIT REASON: none recorded (fresh install, or the history was cleared)
16:43:59 [main] StartupBreadcrumbs - STARTUP breadcrumb: 11 ONCREATE_COMPLETE +17ms
16:43:59 [main] BootstrapReceiver - got broadcast: Intent { act=android.intent.action.BOOT_COMPLETED flg=0x9000030 pkg=hashengineering.darkcoin.wallet_test cmp=hashengineering.darkcoin.wallet_test/de.schildbach.wallet.service.BootstrapReceiver (has extras) }
16:43:59 [bootstrap] BLSJniLibrary - Initializing BLS JNI Library
16:43:59 [bootstrap] BLSJniLibrary - Initializing BLS JNI Library
16:43:59 [bootstrap] BootstrapReceiver - wallet does not exist, not showing inactivity warning
16:43:59 [main] WalletActivityTracker - activity lifecycle: app started
16:43:59 [main] WalletActivityTracker - activity lifecycle: activity OnboardingActivity created
16:43:59 [main] WalletActivityTracker - activity lifecycle: current: OnboardingActivity, activities: 1 visible: 0 foreground: 0
16:43:59 [main] AppForegroundMonitor - App moved to foreground
16:43:59 [main] WalletActivityTracker - activity lifecycle: current: OnboardingActivity, activities: 1 visible: 1 foreground: 0
16:43:59 [main] WalletActivityTracker - activity lifecycle: current: OnboardingActivity, activities: 1 visible: 1 foreground: 1
16:44:00 [DefaultDispatcher-worker-2] ExploreSyncWorker - sync explore db started
16:44:00 [DefaultDispatcher-worker-2] ExploreDataSyncStatus - sync explore data progress: 0.0
16:44:00 [DefaultDispatcher-worker-2] GCExploreDatabase - preloading explore db from assets /data/user/0/hashengineering.darkcoin.wallet_test/cache/explore.db, test database: true
16:44:00 [DefaultDispatcher-worker-2] GCExploreDatabase - preloading explore db from assets /data/user/0/hashengineering.darkcoin.wallet_test/cache/explore.db, test database: false
16:44:00 [DefaultDispatcher-worker-2] GCExploreDatabase - missing preloaded database explore/explore.db
16:44:00 [DefaultDispatcher-worker-2] ExploreSyncWorker - local data timestamp: 0 (Wed Dec 31 18:00:00 CST 1969)
16:44:00 [DefaultDispatcher-worker-2] GCExploreDatabase - error getting remote data timestamp
com.google.firebase.FirebaseException: An internal error has occurred. [ API key not valid. Please pass a valid API key. ]
	at com.google.android.gms.internal.firebase-auth-api.zzaag.zza(com.google.firebase:firebase-auth@@22.0.0:4)
	at com.google.android.gms.internal.firebase-auth-api.zzabf.zza(com.google.firebase:firebase-auth@@22.0.0:26)
	at com.google.android.gms.internal.firebase-auth-api.zzabg.zzl(com.google.firebase:firebase-auth@@22.0.0:1)
	at com.google.android.gms.internal.firebase-auth-api.zzabd.zzh(com.google.firebase:firebase-auth@@22.0.0:25)
	at com.google.android.gms.internal.firebase-auth-api.zzaae.zzh(com.google.firebase:firebase-auth@@22.0.0:1)
	at com.google.android.gms.internal.firebase-auth-api.zzyb.zza(com.google.firebase:firebase-auth@@22.0.0:2)
	at com.google.android.gms.internal.firebase-auth-api.zzabo.zzc(com.google.firebase:firebase-auth@@22.0.0:10)
	at com.google.android.gms.internal.firebase-auth-api.zzabo.zzb(com.google.firebase:firebase-auth@@22.0.0:14)
	at com.google.android.gms.internal.firebase-auth-api.zzaat.zzn(com.google.firebase:firebase-auth@@22.0.0:4)
	at com.google.android.gms.internal.firebase-auth-api.zzyh.zzz(com.google.firebase:firebase-auth@@22.0.0:2)
	at com.google.android.gms.internal.firebase-auth-api.zzaaf.zzv(com.google.firebase:firebase-auth@@22.0.0:2)
	at com.google.android.gms.internal.firebase-auth-api.zzzk.zzc(com.google.firebase:firebase-auth@@22.0.0:1)
	at com.google.android.gms.internal.firebase-auth-api.zzabh.run(com.google.firebase:firebase-auth@@22.0.0:1)
	at java.util.concurrent.ThreadPoolExecutor.runWorker(ThreadPoolExecutor.java:1145)
	at java.util.concurrent.ThreadPoolExecutor$Worker.run(ThreadPoolExecutor.java:644)
	at com.google.firebase.concurrent.CustomThreadFactory.lambda$newThread$0(CustomThreadFactory.java:47)
	at com.google.firebase.concurrent.CustomThreadFactory.$r8$lambda$XB8AY3Hcio74byWuTzgVEC3Hiek(CustomThreadFactory.java:0)
	at com.google.firebase.concurrent.CustomThreadFactory$$ExternalSyntheticLambda0.run(R8$$SyntheticClass:0)
	at java.lang.Thread.run(Thread.java:1012)
16:44:00 [DefaultDispatcher-worker-2] ExploreSyncWorker - remote data timestamp: -1 (Wed Dec 31 17:59:59 CST 1969)
16:44:00 [DefaultDispatcher-worker-2] ExploreSyncWorker - unable to delete /data/user/0/hashengineering.darkcoin.wallet_test/cache/explore.db
16:44:00 [DefaultDispatcher-worker-2] ExploreSyncWorker - explore db is up to date, nothing to sync
16:44:00 [DefaultDispatcher-worker-2] ExploreDataSyncStatus - sync explore data progress: 100.0
16:44:00 [DefaultDispatcher-worker-2] ExploreDatabase - Open database explore-database
16:44:00 [DefaultDispatcher-worker-2] ExploreSyncWorker - adding PiggyCards test merchants
16:44:00 [DefaultDispatcher-worker-4] ExploreSyncWorker - PiggyCards test merchant added successfully
16:44:22 [main] WalletActivityTracker - activity lifecycle: current: OnboardingActivity, activities: 1 visible: 1 foreground: 0
16:44:22 [main] WalletActivityTracker - activity lifecycle: activity SelectSecurityLevelActivity created
16:44:22 [main] WalletActivityTracker - activity lifecycle: current: SelectSecurityLevelActivity, activities: 2 visible: 1 foreground: 0
16:44:22 [main] WalletActivityTracker - activity lifecycle: current: SelectSecurityLevelActivity, activities: 2 visible: 2 foreground: 0
16:44:22 [main] WalletActivityTracker - activity lifecycle: current: SelectSecurityLevelActivity, activities: 2 visible: 2 foreground: 1
16:44:23 [main] WalletActivityTracker - activity lifecycle: current: OnboardingActivity, activities: 2 visible: 1 foreground: 1
16:44:42 [main] WalletActivityTracker - activity lifecycle: current: SelectSecurityLevelActivity, activities: 2 visible: 1 foreground: 0
16:44:42 [main] WalletActivityTracker - activity lifecycle: current: OnboardingActivity, activities: 2 visible: 2 foreground: 0
16:44:42 [main] WalletActivityTracker - activity lifecycle: current: OnboardingActivity, activities: 2 visible: 2 foreground: 1
16:44:42 [DefaultDispatcher-worker-6] BLSJniLibrary - Initializing BLS JNI Library
16:44:42 [DefaultDispatcher-worker-6] WalletApplication - === starting app using configuration: _testNet3, org.darkcoin.test
16:44:42 [DefaultDispatcher-worker-6] MnemonicCodeExt - BIP39 wordlist loaded from: 'bip39-wordlists/english.txt', took 1.881 ms
16:44:42 [DefaultDispatcher-worker-6] MnemonicCode - PBKDF2 took 11.92 ms
16:44:42 [DefaultDispatcher-worker-6] OnboardingViewModel - successfully created new wallet
16:44:42 [DefaultDispatcher-worker-2] BLSJniLibrary - Initializing BLS JNI Library
16:44:42 [DefaultDispatcher-worker-2] TxDisplayCacheService - rebuildWrappedList: 0 raw txs → 0 wrappers → 0 sorted | getTransactions=1ms wrapAll=0ms sort=0ms total=1ms
16:44:42 [DefaultDispatcher-worker-6] KeyChainGroup - Activating a new HD chain: DeterministicKeyChain{P2PKH, accountPath=[44H, 1H, 0H], lookaheadSize=100, lookaheadThreshold=33}
16:44:42 [DefaultDispatcher-worker-4] TxDisplayCacheService - updateDisplayCache: 0 rows in 0ms
16:44:42 [DefaultDispatcher-worker-4] TxDisplayCacheService - STARTUP rebuildWrappedList DONE (_transactionsLoaded=true) at 1789836282280
16:44:42 [DefaultDispatcher-worker-4] WalletObserver - observing transactions start de.schildbach.wallet.transactions.WalletObserver@dccfc34
16:44:42 [DefaultDispatcher-worker-4] BLSJniLibrary - Initializing BLS JNI Library
16:44:42 [dashj user thread] BLSJniLibrary - Initializing BLS JNI Library
16:44:42 [DefaultDispatcher-worker-6] AnyKeyChainGroup - Activating a new HD chain: AuthenticationKeyChain{BLOCKCHAIN_IDENTITY, ECDSA, P2PKH, accountPath=[9H, 1H, 5H, 0H, 0H, 0H], lookaheadSize=0, lookaheadThreshold=0}
16:44:42 [DefaultDispatcher-worker-6] AnyKeyChainGroup - Activating a new HD chain: AuthenticationKeyChain{BLOCKCHAIN_IDENTITY_FUNDING, ECDSA, P2PKH, accountPath=[9H, 1H, 5H, 1H], lookaheadSize=5, lookaheadThreshold=5}
16:44:42 [DefaultDispatcher-worker-6] AnyKeyChainGroup - Activating a new HD chain: AuthenticationKeyChain{MASTERNODE_OWNER, ECDSA, P2PKH, accountPath=[9H, 1H, 3H, 2H], lookaheadSize=5, lookaheadThreshold=5}
16:44:42 [DefaultDispatcher-worker-6] BLSJniLibrary - Initializing BLS JNI Library
16:44:42 [DefaultDispatcher-worker-6] AnyKeyChainGroup - Activating a new HD chain: AuthenticationKeyChain{MASTERNODE_OPERATOR, BLS, P2PKH, accountPath=[9H, 1H, 3H, 3H], lookaheadSize=5, lookaheadThreshold=5}
16:44:42 [DefaultDispatcher-worker-6] AnyKeyChainGroup - Activating a new HD chain: AuthenticationKeyChain{MASTERNODE_VOTING, ECDSA, P2PKH, accountPath=[9H, 1H, 3H, 1H], lookaheadSize=5, lookaheadThreshold=5}
16:44:42 [main] WalletActivityTracker - activity lifecycle: current: SelectSecurityLevelActivity, activities: 2 visible: 1 foreground: 1
16:44:42 [main] WalletActivityTracker - activity lifecycle: activity SelectSecurityLevelActivity destroyed
16:44:42 [main] WalletActivityTracker - activity lifecycle: current: SelectSecurityLevelActivity, activities: 1 visible: 1 foreground: 1
16:44:42 [DefaultDispatcher-worker-6] AnyKeyChainGroup - Activating a new HD chain: AuthenticationKeyChain{BLOCKCHAIN_IDENTITY_TOPUP, ECDSA, P2PKH, accountPath=[9H, 1H, 5H, 2H], lookaheadSize=5, lookaheadThreshold=5}
16:44:42 [DefaultDispatcher-worker-6] AnyKeyChainGroup - Activating a new HD chain: AuthenticationKeyChain{INVITATION_FUNDING, ECDSA, P2PKH, accountPath=[9H, 1H, 5H, 3H], lookaheadSize=5, lookaheadThreshold=5}
16:44:42 [DefaultDispatcher-worker-6] AnyKeyChainGroup - Activating a new HD chain: AuthenticationKeyChain{MASTERNODE_PLATFORM_OPERATOR, EdDSA, P2PKH, accountPath=[9H, 1H, 3H, 4H], lookaheadSize=0, lookaheadThreshold=0}
16:44:42 [DefaultDispatcher-worker-6] AnyKeyChainGroup - Activating a new HD chain: AnyDeterministicKeyChain{ECDSA, P2PKH, accountPath=[9H, 1H, 4H, 0H], lookaheadSize=100, lookaheadThreshold=33}
16:44:42 [DefaultDispatcher-worker-1] CutoverCoordinator - cutover state DUAL_RUNNING -> CUT_OVER (fresh-wallet setup (restore/new))
16:44:42 [main] WalletActivityTracker - activity lifecycle: current: OnboardingActivity, activities: 1 visible: 1 foreground: 0
16:44:42 [main] WalletActivityTracker - activity lifecycle: activity SetPinActivity created
16:44:42 [main] WalletActivityTracker - activity lifecycle: current: SetPinActivity, activities: 2 visible: 1 foreground: 0
16:44:42 [main] SecurityGuard - loading security guard [healthy=true] with keys: [modern_encryption_migration_complete]
16:44:42 [main] SecurityGuard - loading security guard [healthy=true] with keys: [modern_encryption_migration_complete]
16:44:42 [main] WalletActivityTracker - activity lifecycle: current: SetPinActivity, activities: 2 visible: 2 foreground: 0
16:44:42 [main] WalletActivityTracker - activity lifecycle: current: SetPinActivity, activities: 2 visible: 2 foreground: 1
16:44:42 [main] WalletActivityTracker - activity lifecycle: current: OnboardingActivity, activities: 2 visible: 1 foreground: 1
16:45:29 [main] SecurityGuard - removing security keys
16:45:29 [main] ModernEncryptionProvider - deleting ui_pin_key
16:45:29 [main] ModernEncryptionProvider - deleting wallet_password_key
16:45:29 [main] SecurityGuard - Cleared DataStore backups
16:45:29 [main] ModernEncryptionProvider - key store does not have ui_pin_key, but has android.security.keystore2.AndroidKeyStoreSpi$KeyEntriesEnumerator@37206d4, generating new key. Stack trace:
  at dalvik.system.VMStack.getThreadStackTrace(Native Method)
  at java.lang.Thread.getStackTrace(Thread.java:1841)
  at de.schildbach.wallet.security.ModernEncryptionProvider.getSecretKey(ModernEncryptionProvider.kt:175)
  at de.schildbach.wallet.security.ModernEncryptionProvider.encrypt(ModernEncryptionProvider.kt:79)
  at de.schildbach.wallet.security.DualFallbackEncryptionProvider.encrypt(DualFallbackEncryptionProvider.kt:85)
  at de.schildbach.wallet.security.SecurityGuard.validateKeyIntegrity(SecurityGuard.java:307)
  at de.schildbach.wallet.security.SecurityGuard.savePin(SecurityGuard.java:262)
  at de.schildbach.wallet.livedata.EncryptWalletLiveData.savePin(EncryptWalletLiveData.kt:106)
  at de.schildbach.wallet.ui.SetPinViewModel.savePinAndEncrypt(SetPinViewModel.kt:74)
  at de.schildbach.wallet.ui.SetPinViewModel.savePinAndEncrypt(SetPinViewModel.kt:65)
  at de.schildbach.wallet.ui.SetPinActivity$nextStep$submit$1.run(SetPinActivity.kt:289)
  at android.os.Handler.handleCallback(Handler.java:959)
  at android.os.Handler.dispatchMessage(Handler.java:100)
  at android.os.Looper.loopOnce(Looper.java:232)
  at android.os.Looper.loop(Looper.java:317)
  at android.app.ActivityThread.main(ActivityThread.java:8705)
  at java.lang.reflect.Method.invoke(Native Method)
  at com.android.internal.os.RuntimeInit$MethodAndArgsCaller.run(RuntimeInit.java:580)
  at com.android.internal.os.ZygoteInit.main(ZygoteInit.java:886)
16:45:29 [main] SecurityGuard - Notifying 1 health listeners of status change: HEALTHY
16:45:29 [main] SecurityGuard - Notifying 1 health listeners of status change: HEALTHY
16:45:29 [main] ModernEncryptionProvider - Decrypted data for alias: ui_pin_key
16:45:29 [main] SecurityGuard - Notifying 1 health listeners of status change: HEALTHY
16:45:29 [main] ModernEncryptionProvider - Decrypted data for alias: ui_pin_key
16:45:30 [main] MnemonicBasedKeyProvider - Derived key from mnemonic for alias: ui_pin_key
16:45:30 [main] SecurityGuard - Notifying 1 health listeners of status change: HEALTHY
16:45:30 [main] DualFallbackEncryptionProvider - Added mnemonic-fallback for ui_pin_key
16:45:30 [AsyncTask #1] BLSJniLibrary - Initializing BLS JNI Library
16:45:30 [AsyncTask #1] KeyCrypterScrypt - Deriving key took 112.3 ms for N=65536, r=8, p=1.
16:45:30 [AsyncTask #1] ModernEncryptionProvider - key store does not have wallet_password_key, but has android.security.keystore2.AndroidKeyStoreSpi$KeyEntriesEnumerator@a722bcd, generating new key. Stack trace:
  at dalvik.system.VMStack.getThreadStackTrace(Native Method)
  at java.lang.Thread.getStackTrace(Thread.java:1841)
  at de.schildbach.wallet.security.ModernEncryptionProvider.getSecretKey(ModernEncryptionProvider.kt:175)
  at de.schildbach.wallet.security.ModernEncryptionProvider.encrypt(ModernEncryptionProvider.kt:79)
  at de.schildbach.wallet.security.DualFallbackEncryptionProvider.encrypt(DualFallbackEncryptionProvider.kt:85)
  at de.schildbach.wallet.security.SecurityGuard.validateKeyIntegrity(SecurityGuard.java:307)
  at de.schildbach.wallet.security.SecurityGuard.savePassword(SecurityGuard.java:204)
  at de.schildbach.wallet.livedata.EncryptWalletLiveData$EncryptWalletTask.doInBackground$lambda$0(EncryptWalletLiveData.kt:188)
  at de.schildbach.wallet.livedata.EncryptWalletLiveData$EncryptWalletTask.$r8$lambda$0CMI4LnZeajmC7OpxOq-bClhh3o(EncryptWalletLiveData.kt:0)
  at de.schildbach.wallet.livedata.EncryptWalletLiveData$EncryptWalletTask$$ExternalSyntheticLambda0.invoke(R8$$SyntheticClass:0)
  at de.schildbach.wallet.livedata.EncryptWalletLiveData$Companion.encryptAndSavePassword$wallet__testNet3Release(EncryptWalletLiveData.kt:58)
  at de.schildbach.wallet.livedata.EncryptWalletLiveData$EncryptWalletTask.doInBackground(EncryptWalletLiveData.kt:188)
  at de.schildbach.wallet.livedata.EncryptWalletLiveData$EncryptWalletTask.doInBackground(EncryptWalletLiveData.kt:172)
  at android.os.AsyncTask$3.call(AsyncTask.java:394)
  at java.util.concurrent.FutureTask.run(FutureTask.java:264)
  at android.os.AsyncTask$SerialExecutor$1.run(AsyncTask.java:305)
  at java.util.concurrent.ThreadPoolExecutor.runWorker(ThreadPoolExecutor.java:1145)
  at java.util.concurrent.ThreadPoolExecutor$Worker.run(ThreadPoolExecutor.java:644)
  at java.lang.Thread.run(Thread.java:1012)
16:45:30 [main] SecurityGuard - Notifying 1 health listeners of status change: HEALTHY
16:45:30 [AsyncTask #1] ModernEncryptionProvider - Decrypted data for alias: wallet_password_key
16:45:30 [AsyncTask #1] EncryptWalletLiveData - wallet successfully encrypted, using key derived by new spending password (65536 scrypt iterations)
16:45:30 [main] SecurityGuard - Notifying 1 health listeners of status change: HEALTHY
16:45:30 [main] CoinJoinExtension - CoinJoinExtension serialization: 0ms total (keys:0ms[8], cache:0ms[0], salt:0ms, io:0ms, size:1447bytes, buffer:64KB)
16:45:30 [main] WalletProtobufSerializer - walletToProto (serial=8) timing: 14ms total, init=0ms, tx=0ms[0], keys=1ms, scripts=0ms[0], metadata=0ms, ext=12ms, friendRecv=0ms, friendSend=0ms, build=0ms
16:45:30 [main] WalletProtobufSerializer - writeWallet timing: 16ms total (14ms/87% serialization, 2ms/12% I/O) buffer=8KB
16:45:30 [main] WalletApplication - wallet saved to: '/data/user/0/hashengineering.darkcoin.wallet_test/files/wallet-protobuf-testnet', took 21.52 ms
16:45:30 [main] CoinJoinExtension - CoinJoinExtension serialization: 0ms total (keys:0ms[8], cache:0ms[0], salt:0ms, io:0ms, size:1447bytes, buffer:64KB)
16:45:30 [main] WalletProtobufSerializer - walletToProto (serial=8) timing: 1ms total, init=0ms, tx=0ms[0], keys=0ms, scripts=0ms[0], metadata=0ms, ext=1ms, friendRecv=0ms, friendSend=0ms, build=0ms
16:45:30 [main] WalletApplication - wallet backed up to: 'key-backup-protobuf-testnet', took 2.813 ms
16:45:30 [main] StartupBreadcrumbs - STARTUP breadcrumb: 7 FINALIZE_INIT_BEGIN +90495ms
16:45:30 [main] SecurityGuard - loading security guard [healthy=true] with keys: [keystore_healthy, modern_encryption_migration_complete, primary_ui_pin_key, primary_wallet_password_key, fallback_mnemonic_ui_pin_key]
16:45:30 [main] SecurityGuard - loading security guard [healthy=true] with keys: [keystore_healthy, modern_encryption_migration_complete, primary_ui_pin_key, primary_wallet_password_key, fallback_mnemonic_ui_pin_key]
16:45:30 [main] ModernEncryptionProvider - Decrypted data for alias: wallet_password_key
16:45:30 [main] KeyCrypterScrypt - Deriving key took 116.4 ms for N=65536, r=8, p=1.
16:45:30 [main] ModernEncryptionProvider - Decrypted data for alias: wallet_password_key
16:45:30 [main] MnemonicBasedKeyProvider - Derived key from mnemonic for alias: wallet_password_key
16:45:30 [main] SecurityGuard - Notifying 1 health listeners of status change: HEALTHY
16:45:30 [main] DualFallbackEncryptionProvider - Added mnemonic-fallback for wallet_password_key
16:45:30 [main] SecurityGuard - Mnemonic-based fallbacks ensured for PIN and wallet password
16:45:30 [main] WalletApplication - Mnemonic-based fallbacks ensured
16:45:30 [main] ModernEncryptionProvider - Decrypted data for alias: ui_pin_key
16:45:30 [main] ModernEncryptionProvider - Decrypted data for alias: wallet_password_key
16:45:30 [main] SecurityGuard - Notifying 1 health listeners of status change: HEALTHY_WITH_FALLBACKS
16:45:30 [main] DualFallbackEncryptionProvider - Added PIN-fallback for wallet_password_key
16:45:30 [main] SecurityGuard - PIN-based fallback ensured for wallet password
16:45:30 [main] WalletApplication - PIN-based fallback added successfully
16:45:30 [main] WalletApplication - STARTUP finalizeInit: securityGuard done in 237ms
16:45:30 [main] WalletApplication - STARTUP finalizeInit: initDash done in 8ms
16:45:30 [main] StartupBreadcrumbs - STARTUP breadcrumb: 8 INIT_DASH_DONE +90740ms
16:45:30 [main] Configuration - detected app upgrade: 0 -> 12000000
16:45:30 [main] WalletApplication - STARTUP finalizeInit: afterLoadWallet done in 2ms
16:45:30 [main] StartupBreadcrumbs - STARTUP breadcrumb: 9 AFTER_LOAD_WALLET_DONE +90742ms
16:45:30 [main] StartupBreadcrumbs - STARTUP breadcrumb: 20 SDK_BIND_KICKED +90746ms
16:45:30 [DefaultDispatcher-worker-9] BlockchainIdentityData - creation: BlockchainIdentityData(NONE, null, null, null, null, null)
16:45:30 [main] PlatformSynchronizationService - Starting the platform sync job
16:45:30 [main] StartupBreadcrumbs - STARTUP breadcrumb: 10 PLATFORM_INIT_KICKED +90746ms
16:45:30 [main] WalletApplication - STARTUP finalizeInit: initPlatform+channels done in 4ms
16:45:30 [DefaultDispatcher-worker-5] SecurityGuard - loading security guard [healthy=true] with keys: [keystore_healthy, fallback_pin_wallet_password_key, primary_ui_pin_key, modern_encryption_migration_complete, fallback_mnemonic_wallet_password_key, primary_wallet_password_key, fallback_mnemonic_ui_pin_key]
16:45:30 [DefaultDispatcher-worker-5] ModernEncryptionProvider - Decrypted data for alias: wallet_password_key
16:45:30 [main] WalletApplication - STARTUP finalizeInit: integrations done in 68ms
16:45:30 [main] WalletActivityTracker - activity lifecycle: current: SetPinActivity, activities: 2 visible: 1 foreground: 0
16:45:30 [main] WalletActivityTracker - activity lifecycle: activity OnboardingActivity destroyed
16:45:30 [main] WalletActivityTracker - activity lifecycle: current: SetPinActivity, activities: 1 visible: 1 foreground: 0
16:45:30 [main] WalletActivityTracker - activity lifecycle: activity VerifySeedActivity created
16:45:30 [main] WalletActivityTracker - activity lifecycle: current: VerifySeedActivity, activities: 2 visible: 1 foreground: 0
16:45:30 [main] SecurityGuard - loading security guard [healthy=true] with keys: [keystore_healthy, fallback_pin_wallet_password_key, primary_ui_pin_key, modern_encryption_migration_complete, fallback_mnemonic_wallet_password_key, primary_wallet_password_key, fallback_mnemonic_ui_pin_key]
16:45:30 [main] SecurityGuard - loading security guard [healthy=true] with keys: [keystore_healthy, fallback_pin_wallet_password_key, primary_ui_pin_key, modern_encryption_migration_complete, fallback_mnemonic_wallet_password_key, primary_wallet_password_key, fallback_mnemonic_ui_pin_key]
16:45:30 [main] WalletActivityTracker - activity lifecycle: current: VerifySeedActivity, activities: 2 visible: 2 foreground: 0
16:45:30 [main] WalletActivityTracker - activity lifecycle: current: VerifySeedActivity, activities: 2 visible: 2 foreground: 1
16:45:30 [DefaultDispatcher-worker-5] KeyCrypterScrypt - Deriving key took 188.2 ms for N=65536, r=8, p=1.
16:45:30 [DefaultDispatcher-worker-5] DashSdkServiceImpl - bootstrapping Dash Platform SDK for network=testnet (flavor=_testNet3)
16:45:30 [DefaultDispatcher-worker-5] DashSdkServiceImpl - SDK tracing file logging (INFO) at /data/user/0/hashengineering.darkcoin.wallet_test/files/sdk-logs/platform_wallet/run.log: NOT installed (subscriber already set or dir unwritable)
16:45:30 [main] WalletActivityTracker - activity lifecycle: current: SetPinActivity, activities: 2 visible: 1 foreground: 1
16:45:30 [main] WalletActivityTracker - activity lifecycle: activity SetPinActivity destroyed
16:45:30 [main] WalletActivityTracker - activity lifecycle: current: SetPinActivity, activities: 1 visible: 1 foreground: 1
16:45:30 [DefaultDispatcher-worker-2] DashSdkServiceImpl - Dash Platform SDK started: version=4.2.0-dev.8, restored 0 wallet(s)
16:45:30 [DefaultDispatcher-worker-2] CheckpointManager - Read 2440 checkpoints up to time 2026-01-20T11:13:46Z, hash is 64631969817a1892a432d246a7c17a63d5c57d76d2ddf0404b48486637fe32a0
16:45:30 [DefaultDispatcher-worker-2] BirthHeightResolver - resolved birth time 1789836282 to SDK birth height 1401408 (checkpoint height 1405440, margin 4032 blocks)
16:45:30 [DefaultDispatcher-worker-2] DashSdkServiceImpl - app wallet bound to new SDK wallet e4c92342… (birthHeight=1401408 via checkpoint mapping; 0 = full scan from genesis)
16:45:31 [DefaultDispatcher-worker-2] DashSdkServiceImpl - widenAddressWindows: BIP44 account 0 gap -> 1000 on e4c92342…
16:45:31 [DefaultDispatcher-worker-2] DashSdkServiceImpl - widenAddressWindows: BIP32 account 0 gap -> 1000 on e4c92342…
16:45:31 [DefaultDispatcher-worker-2] DashSdkServiceImpl - widenAddressWindows: COIN_JOIN account 0 gap -> 1000 on e4c92342…
16:45:31 [DefaultDispatcher-worker-5] CheckpointManager - Read 2440 checkpoints up to time 2026-01-20T11:13:46Z, hash is 64631969817a1892a432d246a7c17a63d5c57d76d2ddf0404b48486637fe32a0
16:45:31 [DefaultDispatcher-worker-5] BirthHeightResolver - resolved birth time 1789836282 to SDK birth height 1401408 (checkpoint height 1405440, margin 4032 blocks)
16:45:31 [DefaultDispatcher-worker-5] DashSdkServiceImpl - armSpvRescan: filter watermark rewind to 1401408 armed on e4c92342…
16:45:31 [DefaultDispatcher-worker-7] SdkWalletBinder - address-window heal v2 applied on e4c92342…: gaps widened, backfill coverage invalidated — next gate pass rewinds with the widened script set
16:45:31 [DefaultDispatcher-worker-7] SdkWalletBinder - SDK wallet bound; identity not yet registered — discovery deferred
16:45:31 [DefaultDispatcher-worker-2] SdkBindRetryService - SDK bind established — clearing the pending state (no blocker recorded in this process)
16:45:31 [DefaultDispatcher-worker-7] PlatformSynchronizationService - SDK L1 engine not started from Application init — it starts from the foreground blockchain service (resume())
16:45:31 [DefaultDispatcher-worker-4] CutoverUiDataService - cutover committed — serving home-screen data from the SDK
16:45:31 [DefaultDispatcher-worker-4] CutoverUiDataService - cutover UI active but the engine wallet-event tap is not running (USE_KOTLIN_SDK_L1_SHADOW off, or L1ShadowSyncService not started) — instant receives degrade to the Room-snapshot/block cadence
16:45:31 [DefaultDispatcher-worker-8] SdkBlockchainStateService - cutover committed — deriving BlockchainState from the SDK SPV feed
16:45:31 [DefaultDispatcher-worker-7] StartupBreadcrumbs - STARTUP breadcrumb: 23 CUTOVER_SERVICES_STARTED +91521ms
16:45:31 [DefaultDispatcher-worker-1] CutoverUiDataService - SDK balance published: 0 duffs (was none) | l1Synced=false rescanArmedHold=true dashPayBackfill(armed=false,replaying=false) deferredContactBuilds=0 (unchangedReads=1) persistedAsLastKnown=false lastKnown=none
16:45:31 [DefaultDispatcher-worker-1] CutoverTxSeamService - cutover committed — priming the SDK seam tx feed
16:45:31 [DefaultDispatcher-worker-1] CutoverTxSeamService - seam tx feed primed (0 recent records, 0 in the priming window); serving seam tx reads from the SDK store
16:45:31 [DefaultDispatcher-worker-8] TxDisplayCacheService - Sync complete (cutoverCommitted=true): SDK=0 records | dashj wallet=0 txs | group cache=0 txs/0 groups | display=0 rows — cache is complete (SDK holds 0 records, display has 0 rows)
16:45:31 [DefaultDispatcher-worker-7] ShieldedBalanceServiceImpl - shielded runtime ready on SDK wallet e4c92342… (account 0, sync loop running)
16:47:14 [main] WalletActivityTracker - activity lifecycle: current: VerifySeedActivity, activities: 1 visible: 1 foreground: 0
16:47:15 [main] WalletActivityTracker - activity lifecycle: activity MainActivity created
16:47:15 [main] WalletActivityTracker - activity lifecycle: current: MainActivity, activities: 2 visible: 1 foreground: 0
16:47:15 [main] SecurityGuard - loading security guard [healthy=true] with keys: [keystore_healthy, fallback_pin_wallet_password_key, primary_ui_pin_key, modern_encryption_migration_complete, fallback_mnemonic_wallet_password_key, primary_wallet_password_key, fallback_mnemonic_ui_pin_key]
16:47:15 [main] SecurityGuard - loading security guard [healthy=true] with keys: [keystore_healthy, fallback_pin_wallet_password_key, primary_ui_pin_key, modern_encryption_migration_complete, fallback_mnemonic_wallet_password_key, primary_wallet_password_key, fallback_mnemonic_ui_pin_key]
16:47:15 [main] ModernEncryptionProvider - Decrypted data for alias: wallet_password_key
16:47:15 [main] ModernEncryptionProvider - Decrypted data for alias: ui_pin_key
16:47:15 [main] DashPaymentIntentParser - network parameters = org.darkcoin.test
16:47:15 [main] DashPaymentIntentParser - network parameters = org.darkcoin.test
16:47:15 [main] MainViewModel - STARTUP MainViewModel init at 1789836435104
16:47:15 [DefaultDispatcher-worker-2] MainViewModel - blockchain state update: mnlist=0; chain=0; wallet=0
16:47:15 [main] StartupBreadcrumbs - STARTUP breadcrumb: 12 MAIN_UI_SHOWN +195429ms
16:47:15 [DefaultDispatcher-worker-6] DapiClient - getDocuments(contractId=GWRSAVFMjXx8HpQFaNJMqBV7MBgMK4br5UESsB4S31Ec, type=domain, {limit=5, where=[]})
16:47:15 [DefaultDispatcher-worker-4] DapiClient - getDocuments(contractId=GWRSAVFMjXx8HpQFaNJMqBV7MBgMK4br5UESsB4S31Ec, type=domain, {limit=5, where=[]})
16:47:15 [main] Configuration - just being used - last used 29830607 minutes ago
16:47:15 [DefaultDispatcher-worker-3] DapiClient - getDocuments(contractId=GWRSAVFMjXx8HpQFaNJMqBV7MBgMK4br5UESsB4S31Ec, type=domain, {limit=5, where=[]})
16:47:15 [main] WalletActivityTracker - activity lifecycle: current: MainActivity, activities: 2 visible: 2 foreground: 0
16:47:15 [DefaultDispatcher-worker-5] CrowdNodeApiAggregator - restoring CrowdNode status
16:47:15 [DefaultDispatcher-worker-5] BLSJniLibrary - Initializing BLS JNI Library
16:47:15 [main] WalletTransactionsFragment - STARTUP WalletTransactionsFragment.onViewCreated at 1789836435138
16:47:15 [main] HistoryHeaderAdapter - set invite, synced = false
16:47:15 [DefaultDispatcher-worker-9] BLSJniLibrary - Initializing BLS JNI Library
16:47:15 [main] HistoryHeaderAdapter - set invite = null
16:47:15 [main] HistoryHeaderAdapter - set invite, synced = false
16:47:15 [main] SecurityGuard - loading security guard [healthy=true] with keys: [keystore_healthy, fallback_pin_wallet_password_key, primary_ui_pin_key, modern_encryption_migration_complete, fallback_mnemonic_wallet_password_key, primary_wallet_password_key, fallback_mnemonic_ui_pin_key]
16:47:15 [main] SecurityGuard - loading security guard [healthy=true] with keys: [keystore_healthy, fallback_pin_wallet_password_key, primary_ui_pin_key, modern_encryption_migration_complete, fallback_mnemonic_wallet_password_key, primary_wallet_password_key, fallback_mnemonic_ui_pin_key]
16:47:15 [main] LockScreenActivity - show lock screen false = ![keepUnlocked=false] && autologout=true && (keepUnlockedUntilPenEntered=false || shouldLogout=false) || isHealthy=true
16:47:15 [main] MainActivity - updateTrigger => rateStale: RateRetrievalState(lastAttemptFailed=false, staleRates=false, volatile=false)
16:47:15 [main] WalletActivityTracker - activity lifecycle: current: MainActivity, activities: 2 visible: 2 foreground: 1
16:47:15 [main] BlockchainIdentityData - creation: BlockchainIdentityData(NONE, null, null, null, null, null)
16:47:15 [main] BlockchainIdentityData - creation: BlockchainIdentityData(NONE, null, null, null, null, null)
16:47:15 [main] BlockchainServiceImpl - .onCreate()
16:47:15 [main] DashPaymentIntentParser - network parameters = org.darkcoin.test
16:47:15 [main] BlockchainServiceImpl - start foreground service
16:47:15 [DefaultDispatcher-worker-8] BlockchainServiceImpl - onCreate() serviceScope waiting for cleanup null
16:47:15 [DefaultDispatcher-worker-8] BLSJniLibrary - Initializing BLS JNI Library
16:47:15 [main] BlockchainServiceImpl - .onStartCommand(Intent { cmp=hashengineering.darkcoin.wallet_test/de.schildbach.wallet.service.BlockchainServiceImpl })
16:47:15 [main] WalletTransactionsFragment - STARTUP submitData called on thread=main at 1789836435284
16:47:15 [DefaultDispatcher-worker-7] BlockchainServiceImpl - onStartCommand waiting for onCreate to complete...
16:47:15 [main] BlockchainServiceImpl - .onStartCommand(Intent { act=de.schildbach.wallet.service.cancel_coins_received cmp=hashengineering.darkcoin.wallet_test/de.schildbach.wallet.service.BlockchainServiceImpl })
16:47:15 [DefaultDispatcher-worker-5] BlockchainServiceImpl - onStartCommand waiting for onCreate to complete...
16:47:15 [DefaultDispatcher-worker-8] BlockchainServiceImpl - Phase 5d cutover gate: dashjEngineMayStart=false (coordinatorAllowsDashj=false, dashjHeldByCutover=true, dashjSyncDiagnostic=false)
16:47:15 [DefaultDispatcher-worker-4] DapiClient - searching for quorum: 6, 0000004ad90f6f1bbf369d9c803c4d8bd7953f3dfe232ebdd270d1f90324160b, 1556855
16:47:15 [DefaultDispatcher-worker-6] DapiClient - searching for quorum: 6, 0000004ad90f6f1bbf369d9c803c4d8bd7953f3dfe232ebdd270d1f90324160b, 1556855
16:47:15 [DefaultDispatcher-worker-8] BlockchainServiceImpl - cannot load the bootstrap stream: mnlistdiff-testnet.dat
16:47:15 [DefaultDispatcher-worker-8] BlockchainServiceImpl - cannot load the bootstrap stream: qrinfo-testnet.dat
16:47:15 [DefaultDispatcher-worker-8] BLSJniLibrary - Initializing BLS JNI Library
16:47:15 [DefaultDispatcher-worker-8] BlockchainServiceImpl - blockchain does not exist, resetting wallet
16:47:15 [main] MainViewModel - platform available: false; no identity creation is progress: true
16:47:15 [DefaultDispatcher-worker-3] DapiClient - searching for quorum: 6, 0000004ad90f6f1bbf369d9c803c4d8bd7953f3dfe232ebdd270d1f90324160b, 1556855
16:47:15 [DefaultDispatcher-worker-8] AbstractQuorumState - resetting masternode list; force: true, requestFreshList: false
16:47:15 [DefaultDispatcher-worker-8] AbstractQuorumState - resetting masternode list; force: true, requestFreshList: false
16:47:15 [Wallet autosave thread] BLSJniLibrary - Initializing BLS JNI Library
16:47:15 [DefaultDispatcher-worker-8] SPVBlockStore - Creating new SPV block chain file /data/user/0/hashengineering.darkcoin.wallet_test/app_blockstore/blockchain-testnet
16:47:15 [DefaultDispatcher-worker-8] SPVBlockStore - Creating new SPV block chain file /data/user/0/hashengineering.darkcoin.wallet_test/app_blockstore/headers-testnet
16:47:15 [DefaultDispatcher-worker-8] BlockchainServiceImpl - verifying backupBlockStore
16:47:15 [DefaultDispatcher-worker-8] BlockchainServiceImpl - verifying headerStore
16:47:15 [DefaultDispatcher-worker-10] BLSJniLibrary - Initializing BLS JNI Library
16:47:15 [main] DeviceInfoProvider - Detecting currency based on device, mobile network or locale:
16:47:15 [main] DeviceInfoProvider - Device Sim Country: us
16:47:15 [main] MainViewModel - Updating currency exchange rate based on country: US
16:47:15 [pool-48-thread-1] BlockchainServiceImpl - verify blockstore: 227.6 μs, 0 loaded
16:47:15 [DefaultDispatcher-worker-8] BlockchainServiceImpl - verifying blockStore
16:47:15 [main] WalletActivityTracker - activity lifecycle: current: VerifySeedActivity, activities: 2 visible: 1 foreground: 1
16:47:15 [main] WalletActivityTracker - activity lifecycle: activity VerifySeedActivity destroyed
16:47:15 [main] WalletActivityTracker - activity lifecycle: current: VerifySeedActivity, activities: 1 visible: 1 foreground: 1
16:47:15 [main] MainViewModel - Using default Country: US
16:47:15 [main] MainViewModel - Using default currency: USD
16:47:15 [DefaultDispatcher-worker-4] DapiClient - searching for quorum: 6, 0000004ad90f6f1bbf369d9c803c4d8bd7953f3dfe232ebdd270d1f90324160b, 1556855
16:47:15 [DefaultDispatcher-worker-6] DapiClient - searching for quorum: 6, 0000004ad90f6f1bbf369d9c803c4d8bd7953f3dfe232ebdd270d1f90324160b, 1556855
16:47:15 [DefaultDispatcher-worker-3] DapiClient - searching for quorum: 6, 0000004ad90f6f1bbf369d9c803c4d8bd7953f3dfe232ebdd270d1f90324160b, 1556855
16:47:15 [DefaultDispatcher-worker-7] Constants - --> GET https://rates.ctx.com/rates?source=ctx
16:47:15 [pool-48-thread-1] BlockchainServiceImpl - verify blockstore: 2.142 ms, 0 loaded
16:47:15 [DefaultDispatcher-worker-8] BlockchainServiceImpl - blockstore files verified: true, true
16:47:15 [DefaultDispatcher-worker-8] CheckpointManager - Attempting to initialize a new block store with a checkpoint for time 1789231482 (2026-09-12T16:44:42Z)
16:47:15 [DefaultDispatcher-worker-8] CheckpointManager - Read 2440 checkpoints up to time 2026-01-20T11:13:46Z, hash is 64631969817a1892a432d246a7c17a63d5c57d76d2ddf0404b48486637fe32a0
16:47:15 [DefaultDispatcher-worker-8] CheckpointManager - Attempting to initialize a new block store with a checkpoint for time 1789231635 (2026-09-12T16:47:15Z)
16:47:15 [DefaultDispatcher-worker-8] CheckpointManager - Read 2440 checkpoints up to time 2026-01-20T11:13:46Z, hash is 64631969817a1892a432d246a7c17a63d5c57d76d2ddf0404b48486637fe32a0
16:47:15 [DefaultDispatcher-worker-8] BlockchainServiceImpl - checkpoints loaded from 'checkpoints-testnet.txt', took 129.9 ms
16:47:15 [DefaultDispatcher-worker-8] BLSJniLibrary - Initializing BLS JNI Library
16:47:15 [DefaultDispatcher-worker-8] AbstractBlockChain - chain head is at height 1405440:
 block: 
   hash: 000000173e6c9dd4ca8a5a75699fbb5dc4713bc238d2ce98aec7fe3a77febfeb
   version: 536870912 (0x20000000) (BIP34, BIP66, BIP65)
   previous block: 000000773d05044b4db27c023a9a12bc59eaf1f396ad7e5180ef4cb14d366150
   merkle root: ea3165fb830ba2267ad050760183eb5b8241c694406868382bdf6c2307c8e936
   time: 1768907626 (2026-01-20T11:13:46Z)
   difficulty target (nBits): 503367276
   nonce: 128740

16:47:15 [DefaultDispatcher-worker-8] AbstractBlockChain - chain head is at height 1405440:
 block: 
   hash: 000000173e6c9dd4ca8a5a75699fbb5dc4713bc238d2ce98aec7fe3a77febfeb
   version: 536870912 (0x20000000) (BIP34, BIP66, BIP65)
   previous block: 000000773d05044b4db27c023a9a12bc59eaf1f396ad7e5180ef4cb14d366150
   merkle root: ea3165fb830ba2267ad050760183eb5b8241c694406868382bdf6c2307c8e936
   time: 1768907626 (2026-01-20T11:13:46Z)
   difficulty target (nBits): 503367276
   nonce: 128740

16:47:15 [main] SecurityGuard - loading security guard [healthy=true] with keys: [keystore_healthy, fallback_pin_wallet_password_key, primary_ui_pin_key, modern_encryption_migration_complete, fallback_mnemonic_wallet_password_key, primary_wallet_password_key, fallback_mnemonic_ui_pin_key]
16:47:15 [main] BlockchainServiceImpl - network callback registered with NetworkRequest: de.schildbach.wallet.service.BlockchainServiceImpl$NetworkCallbackImpl@ab61245
16:47:15 [DefaultDispatcher-worker-1] BlockchainServiceImpl - monitoring 0 old transactions
16:47:15 [DefaultDispatcher-worker-8] BlockchainServiceImpl - network capabilities changed: 101, hasInternet: true, validated: true
16:47:15 [DefaultDispatcher-worker-2] BlockchainServiceImpl - network available: 101, hasInternet: true, validated: true, type: WiFi
16:47:15 [main] BlockchainServiceImpl - receiver register: tickReceiver, de.schildbach.wallet.service.BlockchainServiceImpl$tickReceiver$1@93116cb
16:47:15 [DefaultDispatcher-worker-13] BlockchainServiceImpl - cutover committed — Platform quorum lookups wired to the SDK-sourced quorum list
16:47:15 [DefaultDispatcher-worker-13] StartupBreadcrumbs - STARTUP breadcrumb: 20 SDK_BIND_KICKED +196001ms
16:47:15 [DefaultDispatcher-worker-13] BlockchainServiceImpl - .onCreate() finished
16:47:15 [DefaultDispatcher-worker-3] DapiClient - searching for quorum: 6, 0000004ad90f6f1bbf369d9c803c4d8bd7953f3dfe232ebdd270d1f90324160b, 1556855
16:47:15 [DefaultDispatcher-worker-5] SdkWalletBinder - SDK wallet bound; identity not yet registered — discovery deferred
16:47:15 [DefaultDispatcher-worker-8] StartupBreadcrumbs - STARTUP breadcrumb: 21 SDK_L1_ENGINE_STARTING +196002ms
16:47:15 [DefaultDispatcher-worker-11] BlockchainServiceImpl - onCreate completed, processing onStartCommand
16:47:15 [DefaultDispatcher-worker-11] BLSJniLibrary - Initializing BLS JNI Library
16:47:15 [DefaultDispatcher-worker-11] BlockchainServiceImpl - service start command: Intent { cmp=hashengineering.darkcoin.wallet_test/de.schildbach.wallet.service.BlockchainServiceImpl }
16:47:15 [DefaultDispatcher-worker-11] BlockchainServiceImpl - .onStartCommand(Intent { cmp=hashengineering.darkcoin.wallet_test/de.schildbach.wallet.service.BlockchainServiceImpl }) finished
16:47:15 [DefaultDispatcher-worker-11] BlockchainServiceImpl - onCreate completed, processing onStartCommand
16:47:15 [DefaultDispatcher-worker-11] BLSJniLibrary - Initializing BLS JNI Library
16:47:15 [DefaultDispatcher-worker-11] BlockchainServiceImpl - service start command: Intent { act=de.schildbach.wallet.service.cancel_coins_received cmp=hashengineering.darkcoin.wallet_test/de.schildbach.wallet.service.BlockchainServiceImpl }
16:47:15 [DefaultDispatcher-worker-11] BlockchainServiceImpl - .onStartCommand(Intent { act=de.schildbach.wallet.service.cancel_coins_received cmp=hashengineering.darkcoin.wallet_test/de.schildbach.wallet.service.BlockchainServiceImpl }) finished
16:47:15 [DefaultDispatcher-worker-11] BlockchainServiceImpl - acquiring check() mutex
16:47:15 [DefaultDispatcher-worker-11] BlockchainServiceImpl - check()
16:47:15 [DefaultDispatcher-worker-11] BlockchainServiceImpl - cutover committed — holding the dashj L1 engine; SDK owns L1 this launch
16:47:15 [DefaultDispatcher-worker-11] BlockchainServiceImpl - releasing check() mutex
16:47:15 [DefaultDispatcher-worker-11] BlockchainServiceImpl - acquiring check() mutex
16:47:15 [DefaultDispatcher-worker-11] BlockchainServiceImpl - check()
16:47:15 [DefaultDispatcher-worker-11] BlockchainServiceImpl - cutover committed — holding the dashj L1 engine; SDK owns L1 this launch
16:47:15 [DefaultDispatcher-worker-11] BlockchainServiceImpl - releasing check() mutex
16:47:15 [DefaultDispatcher-worker-13] BlockchainServiceImpl - acquiring check() mutex
16:47:15 [DefaultDispatcher-worker-13] BlockchainServiceImpl - check()
16:47:15 [DefaultDispatcher-worker-13] BlockchainServiceImpl - cutover committed — holding the dashj L1 engine; SDK owns L1 this launch
16:47:15 [DefaultDispatcher-worker-13] BlockchainServiceImpl - releasing check() mutex
16:47:15 [DefaultDispatcher-worker-4] DapiClient - searching for quorum: 6, 0000004ad90f6f1bbf369d9c803c4d8bd7953f3dfe232ebdd270d1f90324160b, 1556855
16:47:15 [DefaultDispatcher-worker-6] DapiClient - searching for quorum: 6, 0000004ad90f6f1bbf369d9c803c4d8bd7953f3dfe232ebdd270d1f90324160b, 1556855
16:47:15 [DefaultDispatcher-worker-7] Constants - <-- 200 https://rates.ctx.com/rates?source=ctx (273ms, unknown-length body)
16:47:15 [DefaultDispatcher-worker-3] SdkQuorumDataSource - SDK quorum keys refreshed: 24 fetched, 24 cached
16:47:15 [DefaultDispatcher-worker-6] DapiClient - searching for quorum: result: 95f2339b8d65205a58ded0b968173b5779d787a637dfd154ec1d2d3dd7ad1350f75b66aacf436aa6ff7e92c0bb38591b
16:47:15 [DefaultDispatcher-worker-5] ExchangeRatesRepository - exchange rates updated successfully with de.schildbach.wallet.rates.DashRetailClient@8c522d9
16:47:15 [DefaultDispatcher-worker-3] DapiClient - searching for quorum: result: 95f2339b8d65205a58ded0b968173b5779d787a637dfd154ec1d2d3dd7ad1350f75b66aacf436aa6ff7e92c0bb38591b
16:47:15 [DefaultDispatcher-worker-4] DapiClient - searching for quorum: result: 95f2339b8d65205a58ded0b968173b5779d787a637dfd154ec1d2d3dd7ad1350f75b66aacf436aa6ff7e92c0bb38591b
16:47:15 [DefaultDispatcher-worker-7] ExchangeRatesRepository - updateTrigger
16:47:15 [DefaultDispatcher-worker-6] Platform - platform check: 886.8 ms
16:47:16 [DefaultDispatcher-worker-4] Platform - platform check: 896.7 ms
16:47:16 [DefaultDispatcher-worker-3] Platform - platform check: 900.7 ms
16:47:16 [DefaultDispatcher-worker-3] PlatformServiceImplementation - platform available 3 of 3: true
16:47:16 [DefaultDispatcher-worker-8] L1ShadowSyncService - DashPay bring-up before SPV: status=NO_IDENTITY discovery=1 dashPaySyncRan=false drained=0 pending=0 elapsedMs=326
16:47:16 [DefaultDispatcher-worker-4] L1ShadowSyncService - L1Shadow phase=IDLE 0.0% headers 0/0 filters 0/0 wallet 0
16:47:16 [DefaultDispatcher-worker-4] L1ShadowSyncService - ReplayMemTelemetry phase=IDLE nativeHeapAllocated=102075024 nativeHeapSize=119422976 jvmUsed=20017408 jvmMax=603979776 headers 0/0 filters 0 wallet 0
16:47:16 [DefaultDispatcher-worker-8] L1ShadowSyncService - L1 shadow SPV started for SDK wallet e4c92342… (dataDir=/data/user/0/hashengineering.darkcoin.wallet_test/files/l1_shadow_spv/testnet, default peer discovery); debug-only instrumentation — two SPV engines are now running
16:47:16 [DefaultDispatcher-worker-8] StartupBreadcrumbs - STARTUP breadcrumb: 22 SDK_L1_ENGINE_STARTED +196336ms
16:47:16 [DefaultDispatcher-worker-8] StartupBreadcrumbs - STARTUP breadcrumb: 23 CUTOVER_SERVICES_STARTED +196337ms
16:47:16 [DefaultDispatcher-worker-10] L1ShadowSyncService - WalletHistoryFacts: displayDbEmpty count=0 dashjEarliestKeyTime=2026-09-19T16:44:42Z (real line follows at first sync settle)
16:47:16 [DefaultDispatcher-worker-10] L1ShadowSyncService - L1Parity probing suspended: the cutover is committed and the dashj engine is held, so its balance is frozen at the cutover snapshot — any comparison against it is a guaranteed MISMATCH that measures nothing. Turn on the Tools 'dashj sync (diagnostic)' toggle to un-hold dashj and resume probing.
16:47:16 [DefaultDispatcher-worker-16] L1ShadowSyncService - L1Parity cadence relaxing 10000ms -> 60000ms (cutover already committed)
16:47:16 [DefaultDispatcher-worker-14] L1ShadowSyncService - ReplayMemTelemetry phase=CONNECTING nativeHeapAllocated=111633744 nativeHeapSize=128872448 jvmUsed=20279552 jvmMax=603979776 headers 1400000/1400000 filters 1401407 wallet 0 SETTLED
16:47:16 [DefaultDispatcher-worker-14] L1ShadowSyncService - WalletHistoryFacts: displayDbEmpty count=0 dashjEarliestKeyTime=2026-09-19T16:44:42Z (real line follows at first sync settle)
16:47:16 [DefaultDispatcher-worker-17] MainViewModel - blockchain state update: mnlist=0; chain=1400000; wallet=-1
16:47:16 [DefaultDispatcher-worker-14] L1ShadowSyncService - WalletBalanceFacts: total=0 accounts={bip44:0, bip32:0, coinjoin:0, identityRegistration:0, identityTopUpUnbound:0, identityInvitation:0, assetLockTopUp:0, assetLockShieldedTopUp:0, providerVoting:0, providerOwner:0, providerOperator:0, providerPlatform:0} confirmed=0 unconfirmed=0 txCount=0
16:47:16 [main] MainViewModel - platform available: true; no identity creation is progress: true
16:47:16 [main] HistoryHeaderAdapter - set invite, synced = true
16:47:16 [DefaultDispatcher-worker-19] MainViewModel - blockchain state update: mnlist=0; chain=1400000; wallet=-1
16:47:17 [main] HistoryHeaderAdapter - set invite, synced = false
16:47:20 [Wallet autosave thread] WalletFiles - Background saving wallet; last seen block is height -1, date unknown, hash null
16:47:20 [Wallet autosave thread] CoinJoinExtension - CoinJoinExtension serialization: 0ms total (keys:0ms[8], cache:0ms[0], salt:0ms, io:0ms, size:1447bytes, buffer:64KB)
16:47:20 [Wallet autosave thread] WalletProtobufSerializer - walletToProto (serial=8) timing: 7ms total, init=0ms, tx=0ms[0], keys=0ms, scripts=0ms[0], metadata=0ms, ext=6ms, friendRecv=0ms, friendSend=0ms, build=0ms
16:47:20 [Wallet autosave thread] WalletProtobufSerializer - writeWallet timing: 6ms total (6ms/100% serialization, 0ms/0% I/O) buffer=8KB
16:47:20 [Wallet autosave thread] WalletFiles - Save completed in 10.11 ms (15498 bytes); /data/user/0/hashengineering.darkcoin.wallet_test/files/wallet-protobuf-testnet
16:47:26 [DefaultDispatcher-worker-2] BlockchainServiceImpl - network capabilities changed: 101, hasInternet: true, validated: true
16:47:26 [DefaultDispatcher-worker-2] BlockchainServiceImpl - acquiring check() mutex
16:47:26 [DefaultDispatcher-worker-2] BlockchainServiceImpl - check()
16:47:26 [DefaultDispatcher-worker-2] BlockchainServiceImpl - cutover committed — holding the dashj L1 engine; SDK owns L1 this launch
16:47:26 [DefaultDispatcher-worker-2] BlockchainServiceImpl - releasing check() mutex
16:47:29 [native-log-bridge] DashSdkNative - --------- beginning of main
16:47:29 [native-log-bridge] DashSdkNative - 09-19 11:47:23.124  4078  4559 I DashSDK : platform_wallet::changeset::core_bridge: wallet-event batch: folded=1 wallets=1 synced_height_persisted=Some(1401999) synced_height_frozen=None synced_height_rejected=None faulted=0
16:47:29 [native-log-bridge] DashSdkNative - 09-19 11:47:23.257  4078  4562 I DashSDK : platform_wallet::changeset::core_bridge: wallet-event batch: folded=1 wallets=1 synced_height_persisted=Some(1403999) synced_height_frozen=None synced_height_rejected=None faulted=0
16:47:29 [native-log-bridge] DashSdkNative - 09-19 11:47:23.259  4078  4560 I DashSDK : platform_wallet::changeset::core_bridge: wallet-event batch: folded=1 wallets=1 synced_height_persisted=Some(1405999) synced_height_frozen=None synced_height_rejected=None faulted=0
16:47:29 [native-log-bridge] DashSdkNative - 09-19 11:47:23.359  4078  4559 I DashSDK : platform_wallet::changeset::core_bridge: wallet-event batch: folded=1 wallets=1 synced_height_persisted=Some(1408000) synced_height_frozen=None synced_height_rejected=None faulted=0
16:47:29 [native-log-bridge] DashSdkNative - 09-19 11:47:25.804  4078  4559 I DashSDK : platform_wallet::changeset::core_bridge: wallet-event batch: folded=1 wallets=1 synced_height_persisted=Some(1410000) synced_height_frozen=None synced_height_rejected=None faulted=0
16:47:29 [native-log-bridge] DashSdkNative - 09-19 11:47:26.321  4078  4561 I DashSDK : platform_wallet::changeset::core_bridge: wallet-event batch: folded=1 wallets=1 synced_height_persisted=Some(1412000) synced_height_frozen=None synced_height_rejected=None faulted=0
16:47:29 [native-log-bridge] DashSdkNative - 09-19 11:47:26.976  4078  4560 I DashSDK : platform_wallet::changeset::core_bridge: wallet-event batch: folded=1 wallets=1 synced_height_persisted=Some(1414000) synced_height_frozen=None synced_height_rejected=None faulted=0
16:47:29 [native-log-bridge] DashSdkNative - 09-19 11:47:27.168  4078  4559 I DashSDK : platform_wallet::changeset::core_bridge: wallet-event batch: folded=1 wallets=1 synced_height_persisted=Some(1416000) synced_height_frozen=None synced_height_rejected=None faulted=0
16:47:29 [native-log-bridge] DashSdkNative - 09-19 11:47:27.847  4078  4560 I DashSDK : platform_wallet::changeset::core_bridge: wallet-event batch: folded=1 wallets=1 synced_height_persisted=Some(1421000) synced_height_frozen=None synced_height_rejected=None faulted=0
16:47:29 [native-log-bridge] DashSdkNative - 09-19 11:47:28.407  4078  4560 I DashSDK : platform_wallet::changeset::core_bridge: wallet-event batch: folded=1 wallets=1 synced_height_persisted=Some(1424000) synced_height_frozen=None synced_height_rejected=None faulted=0
16:47:29 [native-log-bridge] DashSdkNative - 09-19 11:47:28.987  4078  4559 I DashSDK : platform_wallet::changeset::core_bridge: wallet-event batch: folded=1 wallets=1 synced_height_persisted=Some(1429000) synced_height_frozen=None synced_height_rejected=None faulted=0
16:47:29 [DefaultDispatcher-worker-5] BlockchainServiceImpl - network capabilities changed: 101, hasInternet: true, validated: true
16:47:29 [DefaultDispatcher-worker-3] BlockchainServiceImpl - acquiring check() mutex
16:47:29 [DefaultDispatcher-worker-3] BlockchainServiceImpl - check()
16:47:29 [DefaultDispatcher-worker-3] BlockchainServiceImpl - cutover committed — holding the dashj L1 engine; SDK owns L1 this launch
16:47:29 [DefaultDispatcher-worker-3] BlockchainServiceImpl - releasing check() mutex
16:47:30 [DefaultDispatcher-worker-5] BlockchainServiceImpl - network capabilities changed: 100, hasInternet: true, validated: true
16:47:30 [DefaultDispatcher-worker-5] BlockchainServiceImpl - acquiring check() mutex
16:47:30 [DefaultDispatcher-worker-5] BlockchainServiceImpl - check()
16:47:30 [DefaultDispatcher-worker-5] BlockchainServiceImpl - cutover committed — holding the dashj L1 engine; SDK owns L1 this launch
16:47:30 [DefaultDispatcher-worker-5] BlockchainServiceImpl - releasing check() mutex
16:47:30 [DefaultDispatcher-worker-16] BlockchainServiceImpl - network available: 100, hasInternet: true, validated: true, type: Cellular
16:47:30 [DefaultDispatcher-worker-16] BlockchainServiceImpl - acquiring check() mutex
16:47:30 [DefaultDispatcher-worker-16] BlockchainServiceImpl - check()
16:47:30 [DefaultDispatcher-worker-16] BlockchainServiceImpl - cutover committed — holding the dashj L1 engine; SDK owns L1 this launch
16:47:30 [DefaultDispatcher-worker-16] BlockchainServiceImpl - releasing check() mutex
16:47:36 [DefaultDispatcher-worker-18] BlockchainServiceImpl - network capabilities changed: 101, hasInternet: true, validated: true
16:47:36 [DefaultDispatcher-worker-3] BlockchainServiceImpl - acquiring check() mutex
16:47:36 [DefaultDispatcher-worker-3] BlockchainServiceImpl - check()
16:47:36 [DefaultDispatcher-worker-3] BlockchainServiceImpl - cutover committed — holding the dashj L1 engine; SDK owns L1 this launch
16:47:36 [DefaultDispatcher-worker-3] BlockchainServiceImpl - releasing check() mutex
16:47:39 [DefaultDispatcher-worker-7] BlockchainServiceImpl - network capabilities changed: 101, hasInternet: true, validated: true
16:47:39 [DefaultDispatcher-worker-7] BlockchainServiceImpl - acquiring check() mutex
16:47:39 [DefaultDispatcher-worker-7] BlockchainServiceImpl - check()
16:47:39 [DefaultDispatcher-worker-7] BlockchainServiceImpl - cutover committed — holding the dashj L1 engine; SDK owns L1 this launch
16:47:39 [DefaultDispatcher-worker-7] BlockchainServiceImpl - releasing check() mutex
16:47:42 [DefaultDispatcher-worker-5] BlockchainServiceImpl - network capabilities changed: 101, hasInternet: true, validated: true
16:47:42 [DefaultDispatcher-worker-5] BlockchainServiceImpl - acquiring check() mutex
16:47:42 [DefaultDispatcher-worker-5] BlockchainServiceImpl - check()
16:47:42 [DefaultDispatcher-worker-5] BlockchainServiceImpl - cutover committed — holding the dashj L1 engine; SDK owns L1 this launch
16:47:42 [DefaultDispatcher-worker-5] BlockchainServiceImpl - releasing check() mutex
16:47:45 [DefaultDispatcher-worker-2] BlockchainServiceImpl - network capabilities changed: 101, hasInternet: true, validated: true
16:47:45 [DefaultDispatcher-worker-2] BlockchainServiceImpl - acquiring check() mutex
16:47:45 [DefaultDispatcher-worker-2] BlockchainServiceImpl - check()
16:47:45 [DefaultDispatcher-worker-2] BlockchainServiceImpl - cutover committed — holding the dashj L1 engine; SDK owns L1 this launch
16:47:45 [DefaultDispatcher-worker-2] BlockchainServiceImpl - releasing check() mutex
16:47:45 [main] StartupBreadcrumbs - STARTUP breadcrumb: 13 LAUNCH_SURVIVED +225500ms
16:47:45 [main] BlockchainIdentityData - creation: BlockchainIdentityData(NONE, null, null, null, null, null)
16:47:45 [DefaultDispatcher-worker-11] BLSJniLibrary - Initializing BLS JNI Library
16:47:45 [DefaultDispatcher-worker-11] DeterministicKeyChain - 1 keys needed for M/44H/1H/0H/0 = 1 issued + 0 lookahead size + 0 lookahead threshold - 0 num children
16:47:45 [DefaultDispatcher-worker-11] DeterministicKeyChain - Took 598.1 μs
16:47:46 [DefaultDispatcher-worker-18] L1ShadowSyncService - L1Shadow phase=FILTERS 99.9% headers 1556857/1556857 filters 1554000/1556857 wallet 1554000
16:47:46 [DefaultDispatcher-worker-18] L1ShadowSyncService - ReplayMemTelemetry phase=FILTERS nativeHeapAllocated=172337520 nativeHeapSize=193044480 jvmUsed=22335616 jvmMax=603979776 headers 1556857/1556857 filters 1554000 wallet 1554000
16:47:46 [DefaultDispatcher-worker-18] L1ShadowSyncService - L1 engine chainlock height 0 -> 1556857
16:47:47 [DefaultDispatcher-worker-16] L1ShadowSyncService - L1Shadow phase=SYNCED 100.0% headers 1556857/1556857 filters 1556857/1556857 wallet 1556857
16:47:47 [DefaultDispatcher-worker-16] L1ShadowSyncService - ReplayMemTelemetry phase=SYNCED nativeHeapAllocated=171158048 nativeHeapSize=192811008 jvmUsed=22433920 jvmMax=603979776 headers 1556857/1556857 filters 1556857 wallet 1556857 SETTLED
16:47:47 [DefaultDispatcher-worker-4] L1ShadowSyncService - WalletBalanceFacts: total=0 accounts={bip44:0, bip32:0, coinjoin:0, identityRegistration:0, identityTopUpUnbound:0, identityInvitation:0, assetLockTopUp:0, assetLockShieldedTopUp:0, providerVoting:0, providerOwner:0, providerOperator:0, providerPlatform:0} confirmed=0 unconfirmed=0 txCount=0
16:47:47 [DefaultDispatcher-worker-18] MainViewModel - blockchain state update: mnlist=1556857; chain=1556857; wallet=-1
16:47:47 [DefaultDispatcher-worker-13] TxDisplayCacheService - Sync complete (cutoverCommitted=true): SDK=0 records | dashj wallet=0 txs | group cache=0 txs/0 groups | display=0 rows — cache is complete (SDK holds 0 records, display has 0 rows)
16:47:47 [main] BlockchainServiceImpl - cutover committed and SDK L1 scan synced — triggering identity/contacts discovery
16:47:47 [DefaultDispatcher-worker-18] BlockchainIdentityData - creation: BlockchainIdentityData(NONE, null, null, null, null, null)
16:47:47 [DefaultDispatcher-worker-18] PlatformSynchronizationService - discoverAndRecoverIdentity: checking for existing associated identity
16:47:47 [DefaultDispatcher-worker-18] SecurityGuard - loading security guard [healthy=true] with keys: [keystore_healthy, fallback_pin_wallet_password_key, primary_ui_pin_key, modern_encryption_migration_complete, fallback_mnemonic_wallet_password_key, primary_wallet_password_key, fallback_mnemonic_ui_pin_key]
16:47:47 [DefaultDispatcher-worker-18] ModernEncryptionProvider - Decrypted data for alias: wallet_password_key
16:47:47 [DefaultDispatcher-worker-18] KeyCrypterScrypt - Deriving key took 166.2 ms for N=65536, r=8, p=1.
16:47:47 [DefaultDispatcher-worker-18] DapiClient - getIdentityByFirstPublicKey(48ccf9a43eee96f92a0ca7f8dced9dc2630d05f2)
16:47:47 [DefaultDispatcher-worker-18] PlatformSynchronizationService - discoverAndRecoverIdentity: no existing identity found
16:47:47 [DefaultDispatcher-worker-18] PlatformSynchronizationService - identity-discovery guard released (no identity found) — a later discovery may run again
16:47:47 [DefaultDispatcher-worker-13] PlatformSynchronizationService - TxMetadata publish: not publishing — saveToNetwork is OFF (per-device setting; the default for a new or restored install, and it does NOT travel with the wallet)
16:47:47 [DefaultDispatcher-worker-18] BlockchainServiceImpl - post-cutover identity discovery found nothing and the wallet has no identity — re-arming; next attempt no sooner than 120000 ms from now
16:47:47 [DefaultDispatcher-worker-11] PlatformSynchronizationService - TxMetadata settings: saveToNetwork=false frequency=afterTenTransactions saveAfter=9223372036854775807 paymentCategory=false taxCategory=false exchangeRates=false memos=false giftCards=false storedDocuments=0
16:47:48 [DefaultDispatcher-worker-19] BlockchainServiceImpl - network capabilities changed: 101, hasInternet: true, validated: true
16:47:48 [DefaultDispatcher-worker-19] BlockchainServiceImpl - acquiring check() mutex
16:47:48 [DefaultDispatcher-worker-19] BlockchainServiceImpl - check()
16:47:48 [DefaultDispatcher-worker-19] BlockchainServiceImpl - cutover committed — holding the dashj L1 engine; SDK owns L1 this launch
16:47:48 [DefaultDispatcher-worker-19] BlockchainServiceImpl - releasing check() mutex
16:47:54 [DefaultDispatcher-worker-16] BlockchainServiceImpl - network capabilities changed: 101, hasInternet: true, validated: true
16:47:54 [DefaultDispatcher-worker-16] BlockchainServiceImpl - acquiring check() mutex
16:47:54 [DefaultDispatcher-worker-16] BlockchainServiceImpl - check()
16:47:54 [DefaultDispatcher-worker-16] BlockchainServiceImpl - cutover committed — holding the dashj L1 engine; SDK owns L1 this launch
16:47:54 [DefaultDispatcher-worker-16] BlockchainServiceImpl - releasing check() mutex
16:47:57 [DefaultDispatcher-worker-14] BlockchainServiceImpl - network capabilities changed: 101, hasInternet: true, validated: true
16:47:57 [DefaultDispatcher-worker-14] BlockchainServiceImpl - acquiring check() mutex
16:47:57 [DefaultDispatcher-worker-14] BlockchainServiceImpl - check()
16:47:57 [DefaultDispatcher-worker-14] BlockchainServiceImpl - cutover committed — holding the dashj L1 engine; SDK owns L1 this launch
16:47:57 [DefaultDispatcher-worker-14] BlockchainServiceImpl - releasing check() mutex
16:47:59 [native-log-bridge] DashSdkNative - 09-19 11:47:35.688  4078  4562 I DashSDK : platform_wallet::changeset::core_bridge: wallet-event batch: folded=1 wallets=1 synced_height_persisted=Some(1434000) synced_height_frozen=None synced_height_rejected=None faulted=0
16:47:59 [native-log-bridge] DashSdkNative - 09-19 11:47:38.935  4078  4562 I DashSDK : platform_wallet::changeset::core_bridge: wallet-event batch: folded=1 wallets=1 synced_height_persisted=Some(1439000) synced_height_frozen=None synced_height_rejected=None faulted=0
16:47:59 [native-log-bridge] DashSdkNative - 09-19 11:47:39.386  4078  4561 I DashSDK : platform_wallet::changeset::core_bridge: wallet-event batch: folded=1 wallets=1 synced_height_persisted=Some(1444000) synced_height_frozen=None synced_height_rejected=None faulted=0
16:47:59 [native-log-bridge] DashSdkNative - 09-19 11:47:40.052  4078  4561 I DashSDK : platform_wallet::changeset::core_bridge: wallet-event batch: folded=1 wallets=1 synced_height_persisted=Some(1449000) synced_height_frozen=None synced_height_rejected=None faulted=0
16:47:59 [native-log-bridge] DashSdkNative - 09-19 11:47:40.551  4078  4561 I DashSDK : platform_wallet::changeset::core_bridge: wallet-event batch: folded=1 wallets=1 synced_height_persisted=Some(1454000) synced_height_frozen=None synced_height_rejected=None faulted=0
16:47:59 [native-log-bridge] DashSdkNative - 09-19 11:47:40.832  4078  4562 I DashSDK : platform_wallet::changeset::core_bridge: wallet-event batch: folded=1 wallets=1 synced_height_persisted=Some(1459000) synced_height_frozen=None synced_height_rejected=None faulted=0
16:47:59 [native-log-bridge] DashSdkNative - 09-19 11:47:41.185  4078  4559 I DashSDK : platform_wallet::changeset::core_bridge: wallet-event batch: folded=1 wallets=1 synced_height_persisted=Some(1464000) synced_height_frozen=None synced_height_rejected=None faulted=0
16:47:59 [native-log-bridge] DashSdkNative - 09-19 11:47:41.538  4078  4560 I DashSDK : platform_wallet::changeset::core_bridge: wallet-event batch: folded=1 wallets=1 synced_height_persisted=Some(1469000) synced_height_frozen=None synced_height_rejected=None faulted=0
16:47:59 [native-log-bridge] DashSdkNative - 09-19 11:47:41.780  4078  4561 I DashSDK : platform_wallet::changeset::core_bridge: wallet-event batch: folded=1 wallets=1 synced_height_persisted=Some(1474000) synced_height_frozen=None synced_height_rejected=None faulted=0
16:47:59 [native-log-bridge] DashSdkNative - 09-19 11:47:42.039  4078  4561 I DashSDK : platform_wallet::changeset::core_bridge: wallet-event batch: folded=1 wallets=1 synced_height_persisted=Some(1479000) synced_height_frozen=None synced_height_rejected=None faulted=0
16:47:59 [native-log-bridge] DashSdkNative - 09-19 11:47:42.348  4078  4561 I DashSDK : platform_wallet::changeset::core_bridge: wallet-event batch: folded=1 wallets=1 synced_height_persisted=Some(1484000) synced_height_frozen=None synced_height_rejected=None faulted=0
16:47:59 [native-log-bridge] DashSdkNative - 09-19 11:47:42.350  4078  4561 I DashSDK : platform_wallet::changeset::core_bridge: wallet-event batch: folded=1 wallets=1 synced_height_persisted=Some(1489000) synced_height_frozen=None synced_height_rejected=None faulted=0
16:47:59 [native-log-bridge] DashSdkNative - 09-19 11:47:43.111  4078  4562 I DashSDK : platform_wallet::changeset::core_bridge: wallet-event batch: folded=1 wallets=1 synced_height_persisted=Some(1494000) synced_height_frozen=None synced_height_rejected=None faulted=0
16:47:59 [native-log-bridge] DashSdkNative - 09-19 11:47:43.335  4078  4562 I DashSDK : platform_wallet::changeset::core_bridge: wallet-event batch: folded=1 wallets=1 synced_height_persisted=Some(1499000) synced_height_frozen=None synced_height_rejected=None faulted=0
16:47:59 [native-log-bridge] DashSdkNative - 09-19 11:47:43.636  4078  4559 I DashSDK : platform_wallet::changeset::core_bridge: wallet-event batch: folded=1 wallets=1 synced_height_persisted=Some(1504000) synced_height_frozen=None synced_height_rejected=None faulted=0
16:47:59 [native-log-bridge] DashSdkNative - 09-19 11:47:43.903  4078  4559 I DashSDK : platform_wallet::changeset::core_bridge: wallet-event batch: folded=1 wallets=1 synced_height_persisted=Some(1509000) synced_height_frozen=None synced_height_rejected=None faulted=0
16:47:59 [native-log-bridge] DashSdkNative - 09-19 11:47:44.142  4078  4559 I DashSDK : platform_wallet::changeset::core_bridge: wallet-event batch: folded=1 wallets=1 synced_height_persisted=Some(1514000) synced_height_frozen=None synced_height_rejected=None faulted=0
16:47:59 [native-log-bridge] DashSdkNative - 09-19 11:47:44.421  4078  4559 I DashSDK : platform_wallet::changeset::core_bridge: wallet-event batch: folded=1 wallets=1 synced_height_persisted=Some(1519000) synced_height_frozen=None synced_height_rejected=None faulted=0
16:47:59 [native-log-bridge] DashSdkNative - 09-19 11:47:44.739  4078  4559 I DashSDK : platform_wallet::changeset::core_bridge: wallet-event batch: folded=1 wallets=1 synced_height_persisted=Some(1524000) synced_height_frozen=None synced_height_rejected=None faulted=0
16:47:59 [native-log-bridge] DashSdkNative - 09-19 11:47:44.742  4078  4559 I DashSDK : platform_wallet::changeset::core_bridge: wallet-event batch: folded=1 wallets=1 synced_height_persisted=Some(1529000) synced_height_frozen=None synced_height_rejected=None faulted=0
16:47:59 [native-log-bridge] DashSdkNative - 09-19 11:47:45.347  4078  4562 I DashSDK : platform_wallet::changeset::core_bridge: wallet-event batch: folded=1 wallets=1 synced_height_persisted=Some(1534000) synced_height_frozen=None synced_height_rejected=None faulted=0
16:47:59 [native-log-bridge] DashSdkNative - 09-19 11:47:45.727  4078  4560 I DashSDK : platform_wallet::changeset::core_bridge: wallet-event batch: folded=1 wallets=1 synced_height_persisted=Some(1539000) synced_height_frozen=None synced_height_rejected=None faulted=0
16:47:59 [native-log-bridge] DashSdkNative - 09-19 11:47:45.730  4078  4562 I DashSDK : platform_wallet::changeset::core_bridge: wallet-event batch: folded=1 wallets=1 synced_height_persisted=Some(1544000) synced_height_frozen=None synced_height_rejected=None faulted=0
16:47:59 [native-log-bridge] DashSdkNative - 09-19 11:47:46.043  4078  4561 I DashSDK : platform_wallet::changeset::core_bridge: wallet-event batch: folded=1 wallets=1 synced_height_persisted=Some(1549000) synced_height_frozen=None synced_height_rejected=None faulted=0
16:47:59 [native-log-bridge] DashSdkNative - 09-19 11:47:46.141  4078  4559 I DashSDK : platform_wallet::changeset::core_bridge: wallet-event batch: folded=1 wallets=1 synced_height_persisted=Some(1554000) synced_height_frozen=None synced_height_rejected=None faulted=0
16:47:59 [native-log-bridge] DashSdkNative - 09-19 11:47:46.285  4078  4562 I DashSDK : platform_wallet::changeset::core_bridge: wallet-event batch: folded=1 wallets=1 synced_height_persisted=Some(1556857) synced_height_frozen=None synced_height_rejected=None faulted=0
16:47:59 [native-log-bridge] DashSdkNative - 09-19 11:47:46.286  4078  4562 I DashSDK : platform_wallet::changeset::core_bridge: wallet-event batch: folded=1 wallets=1 synced_height_persisted=None synced_height_frozen=None synced_height_rejected=None faulted=0
16:48:00 [main] BlockchainServiceImpl - MEM pss=283MB nativeHeap=153/176MB jvm=22/576MB
16:48:06 [DefaultDispatcher-worker-13] BlockchainServiceImpl - network capabilities changed: 101, hasInternet: true, validated: true
16:48:06 [DefaultDispatcher-worker-13] BlockchainServiceImpl - acquiring check() mutex
16:48:06 [DefaultDispatcher-worker-13] BlockchainServiceImpl - check()
16:48:06 [DefaultDispatcher-worker-13] BlockchainServiceImpl - cutover committed — holding the dashj L1 engine; SDK owns L1 this launch
16:48:06 [DefaultDispatcher-worker-13] BlockchainServiceImpl - releasing check() mutex
16:48:11 [DefaultDispatcher-worker-18] BlockchainServiceImpl - network lost: 100, remaining networks: 1
16:48:15 [DefaultDispatcher-worker-14] BlockchainServiceImpl - network capabilities changed: 101, hasInternet: true, validated: true
16:48:15 [DefaultDispatcher-worker-14] BlockchainServiceImpl - acquiring check() mutex
16:48:15 [DefaultDispatcher-worker-14] BlockchainServiceImpl - check()
16:48:15 [DefaultDispatcher-worker-14] BlockchainServiceImpl - cutover committed — holding the dashj L1 engine; SDK owns L1 this launch
16:48:15 [DefaultDispatcher-worker-14] BlockchainServiceImpl - releasing check() mutex
16:48:24 [DefaultDispatcher-worker-18] BlockchainServiceImpl - network capabilities changed: 101, hasInternet: true, validated: true
16:48:24 [DefaultDispatcher-worker-18] BlockchainServiceImpl - acquiring check() mutex
16:48:24 [DefaultDispatcher-worker-18] BlockchainServiceImpl - check()
16:48:24 [DefaultDispatcher-worker-18] BlockchainServiceImpl - cutover committed — holding the dashj L1 engine; SDK owns L1 this launch
16:48:24 [DefaultDispatcher-worker-18] BlockchainServiceImpl - releasing check() mutex
16:48:30 [DefaultDispatcher-worker-15] BlockchainServiceImpl - network capabilities changed: 101, hasInternet: true, validated: true
16:48:30 [DefaultDispatcher-worker-15] BlockchainServiceImpl - acquiring check() mutex
16:48:30 [DefaultDispatcher-worker-15] BlockchainServiceImpl - check()
16:48:30 [DefaultDispatcher-worker-15] BlockchainServiceImpl - cutover committed — holding the dashj L1 engine; SDK owns L1 this launch
16:48:30 [DefaultDispatcher-worker-15] BlockchainServiceImpl - releasing check() mutex
16:48:40 [main] WalletTransactionsFragment - STARTUP WalletTransactionsFragment.onViewCreated at 1789836520447
16:48:40 [main] HistoryHeaderAdapter - set invite, synced = true
16:48:40 [main] WalletTransactionsFragment - STARTUP submitData called on thread=main at 1789836520448
16:48:40 [DefaultDispatcher-worker-15] BLSJniLibrary - Initializing BLS JNI Library
16:48:40 [main] HistoryHeaderAdapter - set invite = null
16:48:40 [main] HistoryHeaderAdapter - set invite, synced = true
16:48:45 [main] BuyAndSellIntegrationsFragment - starting Buy and Sell Dash fragment
16:48:45 [OkHttp http://ip-api.com/...] Constants - --> GET http://ip-api.com/json/?fields=status,message,countryCode
16:48:45 [OkHttp http://ip-api.com/...] Constants - --> GET http://ip-api.com/json/?fields=status,message,countryCode
16:48:45 [OkHttp https://api.topperpay.com/...] Constants - --> GET https://api.topperpay.com/assets/crypto-onramp
16:48:45 [DefaultDispatcher-worker-12] Constants - --> GET https://rates.ctx.com/rates?source=ctx
16:48:45 [DefaultDispatcher-worker-12] Constants - <-- 200 https://rates.ctx.com/rates?source=ctx (71ms, unknown-length body)
16:48:45 [OkHttp http://ip-api.com/...] Constants - <-- 200 OK http://ip-api.com/json/?fields=status,message,countryCode (110ms, 39-byte body)
16:48:45 [OkHttp http://ip-api.com/...] Constants - <-- 200 OK http://ip-api.com/json/?fields=status,message,countryCode (118ms, 39-byte body)
16:48:45 [DefaultDispatcher-worker-7] ExchangeRatesRepository - exchange rates updated successfully with de.schildbach.wallet.rates.DashRetailClient@8c522d9
16:48:45 [DefaultDispatcher-worker-13] ExchangeRatesRepository - updateTrigger
16:48:45 [OkHttp https://api.topperpay.com/...] Constants - <-- 200 https://api.topperpay.com/assets/crypto-onramp (320ms, unknown-length body)
16:48:45 [OkHttp https://api.topperpay.com/...] Constants - --> GET https://api.topperpay.com/payment-methods/crypto-onramp
16:48:45 [OkHttp https://api.topperpay.com/...] Constants - <-- 200 https://api.topperpay.com/payment-methods/crypto-onramp (118ms, unknown-length body)
16:48:51 [DefaultDispatcher-worker-7] BlockchainServiceImpl - network capabilities changed: 101, hasInternet: true, validated: true
16:48:51 [DefaultDispatcher-worker-7] BlockchainServiceImpl - acquiring check() mutex
16:48:51 [DefaultDispatcher-worker-7] BlockchainServiceImpl - check()
16:48:51 [DefaultDispatcher-worker-7] BlockchainServiceImpl - cutover committed — holding the dashj L1 engine; SDK owns L1 this launch
16:48:51 [DefaultDispatcher-worker-7] BlockchainServiceImpl - releasing check() mutex
16:48:54 [DefaultDispatcher-worker-4] BlockchainServiceImpl - network capabilities changed: 101, hasInternet: true, validated: true
16:48:54 [DefaultDispatcher-worker-4] BlockchainServiceImpl - acquiring check() mutex
16:48:54 [DefaultDispatcher-worker-4] BlockchainServiceImpl - check()
16:48:54 [DefaultDispatcher-worker-4] BlockchainServiceImpl - cutover committed — holding the dashj L1 engine; SDK owns L1 this launch
16:48:54 [DefaultDispatcher-worker-4] BlockchainServiceImpl - releasing check() mutex
16:49:00 [main] BlockchainServiceImpl - MEM pss=288MB nativeHeap=160/182MB jvm=25/576MB
16:49:00 [main] BlockchainServiceImpl - History of transactions/blocks/headers/mnlistdiff (sdk): 0/0/0/0
16:49:05 [DefaultDispatcher-worker-15] L1ShadowSyncService - L1 engine tx event: Detected(txidHex=057b1808741470e8f084aeee2fa377934366d9d06e80477cd2f1ff8a3574410b, netAmountDuffs=100000000, feeDuffs=null, contextCode=0, directionCode=0)
16:49:05 [DefaultDispatcher-worker-6] CutoverUiDataService - engine detected tx 057b1808741470e8f084aeee2fa377934366d9d06e80477cd2f1ff8a3574410b pre-block (context=0, net=100000000 duffs) — syncing display row now
16:49:05 [DefaultDispatcher-worker-4] CutoverUiDataService - SDK balance published: 100000000 duffs (was 0) | l1Synced=true rescanArmedHold=true dashPayBackfill(armed=false,replaying=false) deferredContactBuilds=0 (unchangedReads=3) persistedAsLastKnown=false lastKnown=none
16:49:05 [DefaultDispatcher-worker-15] CutoverUiDataService - cutover UI display sync: 1 SDK records → 1 inserts, 0 status updates
16:49:05 [DefaultDispatcher-worker-15] CutoverUiDataService - engine-detected receive 057b1808741470e8f084aeee2fa377934366d9d06e80477cd2f1ff8a3574410b (100000000 duffs) — notifying in 2000ms unless an outgoing sibling classifies it internal
16:49:05 [DefaultDispatcher-worker-5] L1ShadowSyncService - L1 engine tx event: InstantLocked(txidHex=057b1808741470e8f084aeee2fa377934366d9d06e80477cd2f1ff8a3574410b)
16:49:05 [DefaultDispatcher-worker-2] CutoverUiDataService - engine IS lock for 057b1808741470e8f084aeee2fa377934366d9d06e80477cd2f1ff8a3574410b — display row flipped pre-block
16:49:06 [DefaultDispatcher-worker-12] BlockchainServiceImpl - network capabilities changed: 101, hasInternet: true, validated: true
16:49:06 [DefaultDispatcher-worker-12] BlockchainServiceImpl - acquiring check() mutex
16:49:06 [DefaultDispatcher-worker-12] BlockchainServiceImpl - check()
16:49:06 [DefaultDispatcher-worker-12] BlockchainServiceImpl - cutover committed — holding the dashj L1 engine; SDK owns L1 this launch
16:49:06 [DefaultDispatcher-worker-12] BlockchainServiceImpl - releasing check() mutex
16:49:09 [DefaultDispatcher-worker-5] BlockchainServiceImpl - network capabilities changed: 101, hasInternet: true, validated: true
16:49:09 [DefaultDispatcher-worker-5] BlockchainServiceImpl - acquiring check() mutex
16:49:09 [DefaultDispatcher-worker-5] BlockchainServiceImpl - check()
16:49:09 [DefaultDispatcher-worker-5] BlockchainServiceImpl - cutover committed — holding the dashj L1 engine; SDK owns L1 this launch
16:49:09 [DefaultDispatcher-worker-5] BlockchainServiceImpl - releasing check() mutex
16:49:15 [DefaultDispatcher-worker-4] BlockchainServiceImpl - network capabilities changed: 101, hasInternet: true, validated: true
16:49:15 [DefaultDispatcher-worker-4] BlockchainServiceImpl - acquiring check() mutex
16:49:15 [DefaultDispatcher-worker-4] BlockchainServiceImpl - check()
16:49:15 [DefaultDispatcher-worker-4] BlockchainServiceImpl - cutover committed — holding the dashj L1 engine; SDK owns L1 this launch
16:49:15 [DefaultDispatcher-worker-4] BlockchainServiceImpl - releasing check() mutex
16:49:18 [DefaultDispatcher-worker-6] BlockchainServiceImpl - network capabilities changed: 101, hasInternet: true, validated: true
16:49:18 [DefaultDispatcher-worker-4] BlockchainServiceImpl - acquiring check() mutex
16:49:18 [DefaultDispatcher-worker-4] BlockchainServiceImpl - check()
16:49:18 [DefaultDispatcher-worker-4] BlockchainServiceImpl - cutover committed — holding the dashj L1 engine; SDK owns L1 this launch
16:49:18 [DefaultDispatcher-worker-4] BlockchainServiceImpl - releasing check() mutex
16:49:29 [native-log-bridge] DashSdkNative - 09-19 11:49:05.690  4078  4561 I DashSDK : platform_wallet::changeset::core_bridge: wallet-event batch: folded=1 wallets=1 synced_height_persisted=None synced_height_frozen=None synced_height_rejected=None faulted=0
16:49:29 [native-log-bridge] DashSdkNative - 09-19 11:49:05.933  4078  4562 I DashSDK : platform_wallet::changeset::core_bridge: wallet-event batch: folded=1 wallets=1 synced_height_persisted=None synced_height_frozen=None synced_height_rejected=None faulted=0
16:49:34 [main] WalletActivityTracker - activity lifecycle: current: MainActivity, activities: 1 visible: 1 foreground: 0
16:49:34 [main] BlockchainServiceImpl - onTrimMemory(20) called
16:49:34 [main] AppForegroundMonitor - App moved to background
16:49:34 [main] WalletActivityTracker - activity lifecycle: current: MainActivity, activities: 1 visible: 0 foreground: 0
16:50:00 [main] BlockchainServiceImpl - MEM pss=282MB nativeHeap=152/177MB jvm=21/576MB
16:50:00 [main] BlockchainServiceImpl - History of transactions/blocks/headers/mnlistdiff (sdk): 2/0/0/0, 0/0/0/0
16:50:00 [main] AppForegroundMonitor - App moved to foreground
16:50:00 [main] WalletActivityTracker - activity lifecycle: current: MainActivity, activities: 1 visible: 1 foreground: 0
16:50:00 [main] SecurityGuard - loading security guard [healthy=true] with keys: [keystore_healthy, fallback_pin_wallet_password_key, primary_ui_pin_key, modern_encryption_migration_complete, fallback_mnemonic_wallet_password_key, primary_wallet_password_key, fallback_mnemonic_ui_pin_key]
16:50:00 [main] SecurityGuard - loading security guard [healthy=true] with keys: [keystore_healthy, fallback_pin_wallet_password_key, primary_ui_pin_key, modern_encryption_migration_complete, fallback_mnemonic_wallet_password_key, primary_wallet_password_key, fallback_mnemonic_ui_pin_key]
16:50:00 [main] LockScreenActivity - show lock screen false = ![keepUnlocked=false] && autologout=true && (keepUnlockedUntilPenEntered=false || shouldLogout=false) || isHealthy=true
16:50:00 [main] MainViewModel - platform available: true; no identity creation is progress: true
16:50:00 [main] MainActivity - updateTrigger => rateStale: RateRetrievalState(lastAttemptFailed=false, staleRates=false, volatile=false)
16:50:00 [main] WalletActivityTracker - activity lifecycle: current: MainActivity, activities: 1 visible: 1 foreground: 1
16:50:00 [main] BlockchainServiceImpl - .onStartCommand(Intent { cmp=hashengineering.darkcoin.wallet_test/de.schildbach.wallet.service.BlockchainServiceImpl })
16:50:00 [DefaultDispatcher-worker-10] BlockchainServiceImpl - onStartCommand waiting for onCreate to complete...
16:50:00 [DefaultDispatcher-worker-10] BlockchainServiceImpl - onCreate completed, processing onStartCommand
16:50:00 [DefaultDispatcher-worker-10] BLSJniLibrary - Initializing BLS JNI Library
16:50:00 [DefaultDispatcher-worker-10] BlockchainServiceImpl - service start command: Intent { cmp=hashengineering.darkcoin.wallet_test/de.schildbach.wallet.service.BlockchainServiceImpl }
16:50:00 [DefaultDispatcher-worker-10] BlockchainServiceImpl - .onStartCommand(Intent { cmp=hashengineering.darkcoin.wallet_test/de.schildbach.wallet.service.BlockchainServiceImpl }) finished
16:50:00 [main] BlockchainServiceImpl - .onStartCommand(Intent { act=de.schildbach.wallet.service.cancel_coins_received cmp=hashengineering.darkcoin.wallet_test/de.schildbach.wallet.service.BlockchainServiceImpl })
16:50:00 [DefaultDispatcher-worker-4] BlockchainServiceImpl - onStartCommand waiting for onCreate to complete...
16:50:00 [DefaultDispatcher-worker-4] BlockchainServiceImpl - onCreate completed, processing onStartCommand
16:50:00 [DefaultDispatcher-worker-4] BLSJniLibrary - Initializing BLS JNI Library
16:50:00 [DefaultDispatcher-worker-4] BlockchainServiceImpl - service start command: Intent { act=de.schildbach.wallet.service.cancel_coins_received cmp=hashengineering.darkcoin.wallet_test/de.schildbach.wallet.service.BlockchainServiceImpl }
16:50:00 [DefaultDispatcher-worker-4] BlockchainServiceImpl - .onStartCommand(Intent { act=de.schildbach.wallet.service.cancel_coins_received cmp=hashengineering.darkcoin.wallet_test/de.schildbach.wallet.service.BlockchainServiceImpl }) finished
16:50:00 [main] DeviceInfoProvider - Detecting currency based on device, mobile network or locale:
16:50:00 [main] DeviceInfoProvider - Device Sim Country: us
16:50:00 [main] MainViewModel - Updating currency exchange rate based on country: US
16:50:31 [DefaultDispatcher-worker-11] Constants - --> GET https://rates.ctx.com/rates?source=ctx
16:50:31 [DefaultDispatcher-worker-11] Constants - <-- 200 https://rates.ctx.com/rates?source=ctx (72ms, unknown-length body)
16:50:31 [DefaultDispatcher-worker-11] ExchangeRatesRepository - exchange rates updated successfully with de.schildbach.wallet.rates.DashRetailClient@8c522d9
16:50:31 [DefaultDispatcher-worker-11] ExchangeRatesRepository - updateTrigger
16:50:43 [DefaultDispatcher-worker-6] BlockchainServiceImpl - network capabilities changed: 101, hasInternet: true, validated: true
16:50:43 [DefaultDispatcher-worker-6] BlockchainServiceImpl - acquiring check() mutex
16:50:43 [DefaultDispatcher-worker-6] BlockchainServiceImpl - check()
16:50:43 [DefaultDispatcher-worker-6] BlockchainServiceImpl - cutover committed — holding the dashj L1 engine; SDK owns L1 this launch
16:50:43 [DefaultDispatcher-worker-6] BlockchainServiceImpl - releasing check() mutex
16:50:43 [main] BlockchainServiceImpl - cutover committed and SDK L1 scan synced — triggering identity/contacts discovery
16:50:43 [DefaultDispatcher-worker-4] BlockchainIdentityData - creation: BlockchainIdentityData(NONE, null, null, null, null, null)
16:50:43 [DefaultDispatcher-worker-4] PlatformSynchronizationService - discoverAndRecoverIdentity: checking for existing associated identity
16:50:43 [DefaultDispatcher-worker-4] SecurityGuard - loading security guard [healthy=true] with keys: [keystore_healthy, fallback_pin_wallet_password_key, primary_ui_pin_key, modern_encryption_migration_complete, fallback_mnemonic_wallet_password_key, primary_wallet_password_key, fallback_mnemonic_ui_pin_key]
16:50:43 [DefaultDispatcher-worker-4] ModernEncryptionProvider - Decrypted data for alias: wallet_password_key
16:50:43 [DefaultDispatcher-worker-4] KeyCrypterScrypt - Deriving key took 107.7 ms for N=65536, r=8, p=1.
16:50:43 [DefaultDispatcher-worker-4] DapiClient - getIdentityByFirstPublicKey(48ccf9a43eee96f92a0ca7f8dced9dc2630d05f2)
16:50:43 [DefaultDispatcher-worker-4] PlatformSynchronizationService - discoverAndRecoverIdentity: no existing identity found
16:50:43 [DefaultDispatcher-worker-4] PlatformSynchronizationService - identity-discovery guard released (no identity found) — a later discovery may run again
16:50:43 [DefaultDispatcher-worker-4] BlockchainServiceImpl - post-cutover identity discovery found nothing and the wallet has no identity — re-arming; next attempt no sooner than 120000 ms from now
16:50:43 [DefaultDispatcher-worker-10] PlatformSynchronizationService - TxMetadata settings: saveToNetwork=false frequency=afterTenTransactions saveAfter=9223372036854775807 paymentCategory=false taxCategory=false exchangeRates=false memos=false giftCards=false storedDocuments=0
16:50:55 [DefaultDispatcher-worker-10] BlockchainServiceImpl - network capabilities changed: 101, hasInternet: true, validated: true
16:50:55 [DefaultDispatcher-worker-10] BlockchainServiceImpl - acquiring check() mutex
16:50:55 [DefaultDispatcher-worker-10] BlockchainServiceImpl - check()
16:50:55 [DefaultDispatcher-worker-10] BlockchainServiceImpl - cutover committed — holding the dashj L1 engine; SDK owns L1 this launch
16:50:55 [DefaultDispatcher-worker-10] BlockchainServiceImpl - releasing check() mutex
16:51:00 [main] BlockchainServiceImpl - MEM pss=288MB nativeHeap=151/176MB jvm=21/576MB
16:51:00 [main] BlockchainServiceImpl - History of transactions/blocks/headers/mnlistdiff (sdk): 0/0/0/0, 2/0/0/0, 0/0/0/0
16:51:01 [main] BiometricHelper - No biometric credentials
16:51:01 [main] LockScreenActivity - fingerprint was disabled
16:51:01 [main] LockScreenActivity - LockState = ENTER_PIN
16:51:22 [DefaultDispatcher-worker-6] BlockchainServiceImpl - network capabilities changed: 101, hasInternet: true, validated: true
16:51:22 [DefaultDispatcher-worker-6] BlockchainServiceImpl - acquiring check() mutex
16:51:22 [DefaultDispatcher-worker-6] BlockchainServiceImpl - check()
16:51:22 [DefaultDispatcher-worker-6] BlockchainServiceImpl - cutover committed — holding the dashj L1 engine; SDK owns L1 this launch
16:51:22 [DefaultDispatcher-worker-6] BlockchainServiceImpl - releasing check() mutex
16:51:34 [DefaultDispatcher-worker-8] BlockchainServiceImpl - network capabilities changed: 101, hasInternet: true, validated: true
16:51:34 [DefaultDispatcher-worker-8] BlockchainServiceImpl - acquiring check() mutex
16:51:34 [DefaultDispatcher-worker-8] BlockchainServiceImpl - check()
16:51:34 [DefaultDispatcher-worker-8] BlockchainServiceImpl - cutover committed — holding the dashj L1 engine; SDK owns L1 this launch
16:51:34 [DefaultDispatcher-worker-8] BlockchainServiceImpl - releasing check() mutex
16:51:47 [DefaultDispatcher-worker-8] L1ShadowSyncService - L1 engine chainlock height 1556857 -> 1556858
16:51:47 [DefaultDispatcher-worker-10] MainViewModel - blockchain state update: mnlist=1556857; chain=1556857; wallet=-1
16:51:51 [DefaultDispatcher-worker-4] L1ShadowSyncService - L1Shadow phase=SYNCED 100.0% headers 1556858/1556858 filters 1556857/1556857 wallet 1556857
16:51:51 [DefaultDispatcher-worker-1] MainViewModel - blockchain state update: mnlist=1556857; chain=1556858; wallet=-1
16:51:51 [DefaultDispatcher-worker-9] MainViewModel - blockchain state update: mnlist=1556857; chain=1556858; wallet=-1
16:51:52 [DefaultDispatcher-worker-6] MainViewModel - blockchain state update: mnlist=1556858; chain=1556858; wallet=-1
16:52:00 [main] BlockchainServiceImpl - MEM pss=280MB nativeHeap=152/177MB jvm=19/576MB
16:52:00 [main] BlockchainServiceImpl - History of transactions/blocks/headers/mnlistdiff (sdk): 0/1/1/1, 0/0/0/0, 2/0/0/0, 0/0/0/0
16:52:02 [native-log-bridge] DashSdkNative - 09-19 11:51:47.963  4078  4559 I DashSDK : platform_wallet::changeset::core_bridge: wallet-event batch: folded=1 wallets=1 synced_height_persisted=None synced_height_frozen=None synced_height_rejected=None faulted=0
16:52:02 [native-log-bridge] DashSdkNative - 09-19 11:51:51.391  4078  4559 I DashSDK : platform_wallet::changeset::core_bridge: wallet-event batch: folded=1 wallets=1 synced_height_persisted=None synced_height_frozen=None synced_height_rejected=None faulted=0
16:52:02 [native-log-bridge] DashSdkNative - 09-19 11:51:51.392  4078  4562 I DashSDK : platform_wallet::changeset::core_bridge: wallet-event batch: folded=1 wallets=1 synced_height_persisted=Some(1556858) synced_height_frozen=None synced_height_rejected=None faulted=0
16:52:44 [DefaultDispatcher-worker-10] BlockchainServiceImpl - network capabilities changed: 101, hasInternet: true, validated: true
16:52:44 [DefaultDispatcher-worker-10] BlockchainServiceImpl - acquiring check() mutex
16:52:44 [DefaultDispatcher-worker-10] BlockchainServiceImpl - check()
16:52:44 [DefaultDispatcher-worker-10] BlockchainServiceImpl - cutover committed — holding the dashj L1 engine; SDK owns L1 this launch
16:52:44 [DefaultDispatcher-worker-10] BlockchainServiceImpl - releasing check() mutex
16:52:44 [main] BlockchainServiceImpl - cutover committed and SDK L1 scan synced — triggering identity/contacts discovery
16:52:44 [DefaultDispatcher-worker-9] BlockchainIdentityData - creation: BlockchainIdentityData(NONE, null, null, null, null, null)
16:52:44 [DefaultDispatcher-worker-9] PlatformSynchronizationService - discoverAndRecoverIdentity: checking for existing associated identity
16:52:44 [DefaultDispatcher-worker-9] SecurityGuard - loading security guard [healthy=true] with keys: [keystore_healthy, fallback_pin_wallet_password_key, primary_ui_pin_key, modern_encryption_migration_complete, fallback_mnemonic_wallet_password_key, primary_wallet_password_key, fallback_mnemonic_ui_pin_key]
16:52:44 [DefaultDispatcher-worker-9] ModernEncryptionProvider - Decrypted data for alias: wallet_password_key
16:52:44 [DefaultDispatcher-worker-9] KeyCrypterScrypt - Deriving key took 172.3 ms for N=65536, r=8, p=1.
16:52:44 [DefaultDispatcher-worker-9] DapiClient - getIdentityByFirstPublicKey(48ccf9a43eee96f92a0ca7f8dced9dc2630d05f2)
16:52:44 [DefaultDispatcher-worker-9] PlatformSynchronizationService - discoverAndRecoverIdentity: no existing identity found
16:52:44 [DefaultDispatcher-worker-9] PlatformSynchronizationService - identity-discovery guard released (no identity found) — a later discovery may run again
16:52:44 [DefaultDispatcher-worker-9] BlockchainServiceImpl - post-cutover identity discovery found nothing and the wallet has no identity — re-arming; next attempt no sooner than 120000 ms from now
16:52:44 [DefaultDispatcher-worker-9] PlatformSynchronizationService - TxMetadata settings: saveToNetwork=false frequency=afterTenTransactions saveAfter=9223372036854775807 paymentCategory=false taxCategory=false exchangeRates=false memos=false giftCards=false storedDocuments=0
16:52:47 [DefaultDispatcher-worker-9] BlockchainServiceImpl - network capabilities changed: 101, hasInternet: true, validated: true
16:52:47 [DefaultDispatcher-worker-9] BlockchainServiceImpl - acquiring check() mutex
16:52:47 [DefaultDispatcher-worker-9] BlockchainServiceImpl - check()
16:52:47 [DefaultDispatcher-worker-9] BlockchainServiceImpl - cutover committed — holding the dashj L1 engine; SDK owns L1 this launch
16:52:47 [DefaultDispatcher-worker-9] BlockchainServiceImpl - releasing check() mutex
16:52:49 [DefaultDispatcher-worker-6] BlockchainServiceImpl - network capabilities changed: 100, hasInternet: true, validated: true
16:52:49 [DefaultDispatcher-worker-4] BlockchainServiceImpl - network available: 100, hasInternet: true, validated: true, type: Cellular
16:52:49 [DefaultDispatcher-worker-4] BlockchainServiceImpl - acquiring check() mutex
16:52:49 [DefaultDispatcher-worker-4] BlockchainServiceImpl - check()
16:52:49 [DefaultDispatcher-worker-4] BlockchainServiceImpl - cutover committed — holding the dashj L1 engine; SDK owns L1 this launch
16:52:49 [DefaultDispatcher-worker-4] BlockchainServiceImpl - releasing check() mutex
16:52:49 [DefaultDispatcher-worker-6] BlockchainServiceImpl - acquiring check() mutex
16:52:49 [DefaultDispatcher-worker-6] BlockchainServiceImpl - check()
16:52:49 [DefaultDispatcher-worker-6] BlockchainServiceImpl - cutover committed — holding the dashj L1 engine; SDK owns L1 this launch
16:52:49 [DefaultDispatcher-worker-6] BlockchainServiceImpl - releasing check() mutex
16:52:50 [DefaultDispatcher-worker-5] BlockchainServiceImpl - network capabilities changed: 101, hasInternet: true, validated: true
16:52:50 [DefaultDispatcher-worker-5] BlockchainServiceImpl - acquiring check() mutex
16:52:50 [DefaultDispatcher-worker-5] BlockchainServiceImpl - check()
16:52:50 [DefaultDispatcher-worker-5] BlockchainServiceImpl - cutover committed — holding the dashj L1 engine; SDK owns L1 this launch
16:52:50 [DefaultDispatcher-worker-5] BlockchainServiceImpl - releasing check() mutex
16:52:53 [DefaultDispatcher-worker-2] BlockchainServiceImpl - network capabilities changed: 101, hasInternet: true, validated: true
16:52:53 [DefaultDispatcher-worker-2] BlockchainServiceImpl - acquiring check() mutex
16:52:53 [DefaultDispatcher-worker-2] BlockchainServiceImpl - check()
16:52:53 [DefaultDispatcher-worker-2] BlockchainServiceImpl - cutover committed — holding the dashj L1 engine; SDK owns L1 this launch
16:52:53 [DefaultDispatcher-worker-2] BlockchainServiceImpl - releasing check() mutex
16:53:00 [main] BlockchainServiceImpl - MEM pss=289MB nativeHeap=152/177MB jvm=19/576MB
16:53:00 [main] BlockchainServiceImpl - History of transactions/blocks/headers/mnlistdiff (sdk): 0/0/0/0, 0/1/1/1, 0/0/0/0, 2/0/0/0, 0/0/0/0
16:53:05 [DefaultDispatcher-worker-5] L1ShadowSyncService - L1Shadow phase=SYNCED 100.0% headers 1556859/1556859 filters 1556858/1556858 wallet 1556858
16:53:05 [DefaultDispatcher-worker-11] MainViewModel - blockchain state update: mnlist=1556858; chain=1556859; wallet=-1
16:53:05 [DefaultDispatcher-worker-2] L1ShadowSyncService - L1 engine chainlock height 1556858 -> 1556859
16:53:05 [DefaultDispatcher-worker-1] MainViewModel - blockchain state update: mnlist=1556858; chain=1556859; wallet=-1
16:53:06 [DefaultDispatcher-worker-9] MainViewModel - blockchain state update: mnlist=1556859; chain=1556859; wallet=-1
16:53:32 [native-log-bridge] DashSdkNative - 09-19 11:53:05.620  4078  4560 I DashSDK : platform_wallet::changeset::core_bridge: wallet-event batch: folded=1 wallets=1 synced_height_persisted=None synced_height_frozen=None synced_height_rejected=None faulted=0
16:53:32 [native-log-bridge] DashSdkNative - 09-19 11:53:05.765  4078  4559 I DashSDK : platform_wallet::changeset::core_bridge: wallet-event batch: folded=1 wallets=1 synced_height_persisted=Some(1556859) synced_height_frozen=None synced_height_rejected=None faulted=0
16:53:41 [DefaultDispatcher-worker-3] BlockchainServiceImpl - network capabilities changed: 101, hasInternet: true, validated: true
16:53:41 [DefaultDispatcher-worker-3] BlockchainServiceImpl - acquiring check() mutex
16:53:41 [DefaultDispatcher-worker-3] BlockchainServiceImpl - check()
16:53:41 [DefaultDispatcher-worker-3] BlockchainServiceImpl - cutover committed — holding the dashj L1 engine; SDK owns L1 this launch
16:53:41 [DefaultDispatcher-worker-3] BlockchainServiceImpl - releasing check() mutex
16:53:44 [DefaultDispatcher-worker-6] BlockchainServiceImpl - network capabilities changed: 101, hasInternet: true, validated: true
16:53:44 [DefaultDispatcher-worker-6] BlockchainServiceImpl - acquiring check() mutex
16:53:44 [DefaultDispatcher-worker-6] BlockchainServiceImpl - check()
16:53:44 [DefaultDispatcher-worker-6] BlockchainServiceImpl - cutover committed — holding the dashj L1 engine; SDK owns L1 this launch
16:53:44 [DefaultDispatcher-worker-6] BlockchainServiceImpl - releasing check() mutex
16:54:00 [main] BlockchainServiceImpl - MEM pss=283MB nativeHeap=153/178MB jvm=19/576MB
16:54:00 [main] BlockchainServiceImpl - History of transactions/blocks/headers/mnlistdiff (sdk): 0/1/1/1, 0/0/0/0, 0/1/1/1, 0/0/0/0, 2/0/0/0, 0/0/0/0
16:54:07 [DefaultDispatcher-worker-8] BlockchainServiceImpl - network lost: 100, remaining networks: 1
16:54:45 [main] SecurityGuard - loading security guard [healthy=true] with keys: [keystore_healthy, fallback_pin_wallet_password_key, primary_ui_pin_key, modern_encryption_migration_complete, fallback_mnemonic_wallet_password_key, primary_wallet_password_key, fallback_mnemonic_ui_pin_key]
16:54:45 [main] ModernEncryptionProvider - Decrypted data for alias: ui_pin_key
16:54:45 [main] BiometricHelper - No biometric credentials
16:55:00 [main] BlockchainServiceImpl - MEM pss=282MB nativeHeap=153/178MB jvm=18/576MB
16:55:00 [main] BlockchainServiceImpl - History of transactions/blocks/headers/mnlistdiff (sdk): 0/0/0/0, 0/1/1/1, 0/0/0/0, 0/1/1/1, 0/0/0/0, 2/0/0/0, 0/0/0/0
16:55:29 [main] BuyAndSellIntegrationsFragment - starting Buy and Sell Dash fragment
16:55:32 [main] WalletTransactionsFragment - STARTUP WalletTransactionsFragment.onViewCreated at 1789836932029
16:55:32 [main] HistoryHeaderAdapter - set invite, synced = true
16:55:32 [main] WalletTransactionsFragment - STARTUP submitData called on thread=main at 1789836932030
16:55:32 [DefaultDispatcher-worker-8] BLSJniLibrary - Initializing BLS JNI Library
16:55:32 [main] HistoryHeaderAdapter - set invite = null
16:55:32 [main] HistoryHeaderAdapter - set invite, synced = true
16:55:32 [main] WalletTransactionsFragment - STARTUP swapping to live adapter: 2 items at 1789836932061
16:55:58 [main] WalletActivityTracker - activity lifecycle: current: MainActivity, activities: 1 visible: 1 foreground: 0
16:55:58 [main] WalletActivityTracker - activity lifecycle: activity SendCoinsActivity created
16:55:58 [main] WalletActivityTracker - activity lifecycle: current: SendCoinsActivity, activities: 2 visible: 1 foreground: 0
16:55:58 [main] SecurityGuard - loading security guard [healthy=true] with keys: [keystore_healthy, fallback_pin_wallet_password_key, primary_ui_pin_key, modern_encryption_migration_complete, fallback_mnemonic_wallet_password_key, primary_wallet_password_key, fallback_mnemonic_ui_pin_key]
16:55:58 [main] SecurityGuard - loading security guard [healthy=true] with keys: [keystore_healthy, fallback_pin_wallet_password_key, primary_ui_pin_key, modern_encryption_migration_complete, fallback_mnemonic_wallet_password_key, primary_wallet_password_key, fallback_mnemonic_ui_pin_key]
16:55:58 [main] ModernEncryptionProvider - Decrypted data for alias: wallet_password_key
16:55:58 [main] ModernEncryptionProvider - Decrypted data for alias: ui_pin_key
16:55:58 [main] DashPaymentIntentParser - network parameters = org.darkcoin.test
16:55:58 [main] WalletActivityTracker - activity lifecycle: current: SendCoinsActivity, activities: 2 visible: 2 foreground: 0
16:55:58 [main] SecurityGuard - loading security guard [healthy=true] with keys: [keystore_healthy, fallback_pin_wallet_password_key, primary_ui_pin_key, modern_encryption_migration_complete, fallback_mnemonic_wallet_password_key, primary_wallet_password_key, fallback_mnemonic_ui_pin_key]
16:55:58 [main] SecurityGuard - loading security guard [healthy=true] with keys: [keystore_healthy, fallback_pin_wallet_password_key, primary_ui_pin_key, modern_encryption_migration_complete, fallback_mnemonic_wallet_password_key, primary_wallet_password_key, fallback_mnemonic_ui_pin_key]
16:55:58 [main] LockScreenActivity - show lock screen false = ![keepUnlocked=true] && autologout=true && (keepUnlockedUntilPenEntered=false || shouldLogout=false) || isHealthy=true
16:55:58 [main] WalletActivityTracker - activity lifecycle: current: SendCoinsActivity, activities: 2 visible: 2 foreground: 1
16:55:58 [main] BlockchainServiceImpl - .onStartCommand(Intent { cmp=hashengineering.darkcoin.wallet_test/de.schildbach.wallet.service.BlockchainServiceImpl })
16:55:58 [DefaultDispatcher-worker-2] BlockchainServiceImpl - onStartCommand waiting for onCreate to complete...
16:55:58 [DefaultDispatcher-worker-2] BlockchainServiceImpl - onCreate completed, processing onStartCommand
16:55:58 [DefaultDispatcher-worker-2] BLSJniLibrary - Initializing BLS JNI Library
16:55:58 [DefaultDispatcher-worker-2] BlockchainServiceImpl - service start command: Intent { cmp=hashengineering.darkcoin.wallet_test/de.schildbach.wallet.service.BlockchainServiceImpl }
16:55:58 [DefaultDispatcher-worker-2] BlockchainServiceImpl - .onStartCommand(Intent { cmp=hashengineering.darkcoin.wallet_test/de.schildbach.wallet.service.BlockchainServiceImpl }) finished
16:55:58 [main] DashPaymentIntentParser - network parameters = org.darkcoin.test
16:55:58 [main] SendCoinsViewModel - got PaymentIntent[BIP21,[Output[0.01,Xg6ZyruE7ZZkebLDvRPwgrPzTC6AtJiYzN]],null]
16:55:58 [DefaultDispatcher-worker-2] BLSJniLibrary - Initializing BLS JNI Library
16:55:58 [DefaultDispatcher-worker-2] WalletBalanceObserver - process emit balance time: 0 ms, selector MaxOutputAmountCoinSelector
16:55:58 [DefaultDispatcher-worker-6] Constants - --> GET https://rates.ctx.com/rates?source=ctx
16:55:58 [main] AmountView - Exchange rate is not initialized
16:55:58 [main] AmountView - Exchange rate is not initialized
16:55:58 [main] SendCoinsFragment - enterAmountViewModel.blockContinue = true, viewModel.dryRunSuccessful.value = false
16:55:58 [main] SendCoinsFragment - enterAmountViewModel.blockContinue = true, viewModel.dryRunSuccessful.value = false
16:55:58 [main] SendCoinsViewModel - proceeding with PaymentIntent[BIP21,[Output[0.01,Xg6ZyruE7ZZkebLDvRPwgrPzTC6AtJiYzN]],null]
16:55:58 [main] SendCoinsFragment - enterAmountViewModel.blockContinue = true, viewModel.dryRunSuccessful.value = false
16:55:58 [main] BlockchainServiceImpl - .onStartCommand(Intent { cmp=hashengineering.darkcoin.wallet_test/de.schildbach.wallet.service.BlockchainServiceImpl })
16:55:58 [DefaultDispatcher-worker-1] BlockchainServiceImpl - onStartCommand waiting for onCreate to complete...
16:55:58 [DefaultDispatcher-worker-1] BlockchainServiceImpl - onCreate completed, processing onStartCommand
16:55:58 [DefaultDispatcher-worker-1] BLSJniLibrary - Initializing BLS JNI Library
16:55:58 [DefaultDispatcher-worker-1] BlockchainServiceImpl - service start command: Intent { cmp=hashengineering.darkcoin.wallet_test/de.schildbach.wallet.service.BlockchainServiceImpl }
16:55:58 [DefaultDispatcher-worker-1] BlockchainServiceImpl - .onStartCommand(Intent { cmp=hashengineering.darkcoin.wallet_test/de.schildbach.wallet.service.BlockchainServiceImpl }) finished
16:55:58 [main] SendCoinsFragment - enterAmountViewModel.blockContinue = true, viewModel.dryRunSuccessful.value = false
16:55:58 [main] SendCoinsFragment - enterAmountViewModel.blockContinue = true, viewModel.dryRunSuccessful.value = false
16:55:58 [main] WalletActivityTracker - activity lifecycle: current: MainActivity, activities: 2 visible: 1 foreground: 1
16:55:58 [DefaultDispatcher-worker-7] SendCoinsViewModel - executeDryRun started
16:55:58 [DefaultDispatcher-worker-7] BLSJniLibrary - Initializing BLS JNI Library
16:55:58 [DefaultDispatcher-worker-7] BLSJniLibrary - Initializing BLS JNI Library
16:55:58 [DefaultDispatcher-worker-7] SendCoinsViewModel - executeDryRun finished (cutover-aware: SDK-overlaid affordability)
16:55:58 [main] SendCoinsFragment - enterAmountViewModel.blockContinue = false, viewModel.dryRunSuccessful.value = true
16:55:59 [DefaultDispatcher-worker-6] Constants - <-- 200 https://rates.ctx.com/rates?source=ctx (908ms, unknown-length body)
16:55:59 [DefaultDispatcher-worker-6] ExchangeRatesRepository - exchange rates updated successfully with de.schildbach.wallet.rates.DashRetailClient@8c522d9
16:55:59 [DefaultDispatcher-worker-9] ExchangeRatesRepository - updateTrigger
16:56:00 [main] BlockchainServiceImpl - MEM pss=303MB nativeHeap=163/186MB jvm=26/576MB
16:56:00 [main] BlockchainServiceImpl - History of transactions/blocks/headers/mnlistdiff (sdk): 0/0/0/0, 0/0/0/0, 0/1/1/1, 0/0/0/0, 0/1/1/1, 0/0/0/0, 2/0/0/0, 0/0/0/0
16:56:00 [DefaultDispatcher-worker-1] BlockchainServiceImpl - network capabilities changed: 101, hasInternet: true, validated: true
16:56:00 [DefaultDispatcher-worker-1] BlockchainServiceImpl - acquiring check() mutex
16:56:00 [DefaultDispatcher-worker-1] BlockchainServiceImpl - check()
16:56:00 [DefaultDispatcher-worker-1] BlockchainServiceImpl - cutover committed — holding the dashj L1 engine; SDK owns L1 this launch
16:56:00 [DefaultDispatcher-worker-1] BlockchainServiceImpl - releasing check() mutex
16:56:00 [main] SendCoinsFragment - enterAmountViewModel.blockContinue = false, viewModel.dryRunSuccessful.value = true
16:56:00 [main] BlockchainServiceImpl - cutover committed and SDK L1 scan synced — triggering identity/contacts discovery
16:56:00 [DefaultDispatcher-worker-5] BlockchainIdentityData - creation: BlockchainIdentityData(NONE, null, null, null, null, null)
16:56:00 [DefaultDispatcher-worker-5] PlatformSynchronizationService - discoverAndRecoverIdentity: checking for existing associated identity
16:56:00 [DefaultDispatcher-worker-5] SecurityGuard - loading security guard [healthy=true] with keys: [keystore_healthy, fallback_pin_wallet_password_key, primary_ui_pin_key, modern_encryption_migration_complete, fallback_mnemonic_wallet_password_key, primary_wallet_password_key, fallback_mnemonic_ui_pin_key]
16:56:00 [DefaultDispatcher-worker-5] ModernEncryptionProvider - Decrypted data for alias: wallet_password_key
16:56:00 [DefaultDispatcher-worker-5] KeyCrypterScrypt - Deriving key took 111.0 ms for N=65536, r=8, p=1.
16:56:00 [DefaultDispatcher-worker-5] DapiClient - getIdentityByFirstPublicKey(48ccf9a43eee96f92a0ca7f8dced9dc2630d05f2)
16:56:02 [DefaultDispatcher-worker-5] PlatformSynchronizationService - discoverAndRecoverIdentity: no existing identity found
16:56:02 [DefaultDispatcher-worker-5] PlatformSynchronizationService - identity-discovery guard released (no identity found) — a later discovery may run again
16:56:02 [DefaultDispatcher-worker-5] BlockchainServiceImpl - post-cutover identity discovery found nothing and the wallet has no identity — re-arming; next attempt no sooner than 120000 ms from now
16:56:02 [DefaultDispatcher-worker-9] PlatformSynchronizationService - TxMetadata settings: saveToNetwork=false frequency=afterTenTransactions saveAfter=9223372036854775807 paymentCategory=false taxCategory=false exchangeRates=false memos=false giftCards=false storedDocuments=0
16:56:03 [DefaultDispatcher-worker-5] BlockchainServiceImpl - network capabilities changed: 101, hasInternet: true, validated: true
16:56:03 [DefaultDispatcher-worker-5] BlockchainServiceImpl - acquiring check() mutex
16:56:03 [DefaultDispatcher-worker-5] BlockchainServiceImpl - check()
16:56:03 [DefaultDispatcher-worker-5] BlockchainServiceImpl - cutover committed — holding the dashj L1 engine; SDK owns L1 this launch
16:56:03 [DefaultDispatcher-worker-5] BlockchainServiceImpl - releasing check() mutex
16:56:03 [main] SendCoinsFragment - enterAmountViewModel.blockContinue = false, viewModel.dryRunSuccessful.value = true
16:56:18 [main] BiometricHelper - No biometric credentials
16:56:18 [main] SendCoinsTaskRunner - authenticate with pin
16:56:18 [main] SecurityGuard - loading security guard [healthy=true] with keys: [keystore_healthy, fallback_pin_wallet_password_key, primary_ui_pin_key, modern_encryption_migration_complete, fallback_mnemonic_wallet_password_key, primary_wallet_password_key, fallback_mnemonic_ui_pin_key]
16:56:41 [main] SecurityGuard - loading security guard [healthy=true] with keys: [keystore_healthy, fallback_pin_wallet_password_key, primary_ui_pin_key, modern_encryption_migration_complete, fallback_mnemonic_wallet_password_key, primary_wallet_password_key, fallback_mnemonic_ui_pin_key]
16:56:41 [main] ModernEncryptionProvider - Decrypted data for alias: ui_pin_key
16:56:41 [main] AmountView - Exchange rate is not initialized
16:56:41 [main] AmountView - Exchange rate is not initialized
16:56:48 [DefaultDispatcher-worker-1] BlockchainServiceImpl - network capabilities changed: 101, hasInternet: true, validated: true
16:56:48 [DefaultDispatcher-worker-1] BlockchainServiceImpl - acquiring check() mutex
16:56:48 [DefaultDispatcher-worker-1] BlockchainServiceImpl - check()
16:56:48 [DefaultDispatcher-worker-1] BlockchainServiceImpl - cutover committed — holding the dashj L1 engine; SDK owns L1 this launch
16:56:48 [DefaultDispatcher-worker-1] BlockchainServiceImpl - releasing check() mutex
16:56:48 [main] SendCoinsFragment - enterAmountViewModel.blockContinue = false, viewModel.dryRunSuccessful.value = true
16:56:51 [DefaultDispatcher-worker-11] BlockchainServiceImpl - network capabilities changed: 101, hasInternet: true, validated: true
16:56:51 [DefaultDispatcher-worker-11] BlockchainServiceImpl - acquiring check() mutex
16:56:51 [DefaultDispatcher-worker-11] BlockchainServiceImpl - check()
16:56:51 [DefaultDispatcher-worker-11] BlockchainServiceImpl - cutover committed — holding the dashj L1 engine; SDK owns L1 this launch
16:56:51 [DefaultDispatcher-worker-11] BlockchainServiceImpl - releasing check() mutex
16:56:51 [main] SendCoinsFragment - enterAmountViewModel.blockContinue = false, viewModel.dryRunSuccessful.value = true
16:56:54 [DefaultDispatcher-worker-10] BlockchainServiceImpl - network capabilities changed: 101, hasInternet: true, validated: true
16:56:54 [DefaultDispatcher-worker-10] BlockchainServiceImpl - acquiring check() mutex
16:56:54 [DefaultDispatcher-worker-10] BlockchainServiceImpl - check()
16:56:54 [DefaultDispatcher-worker-10] BlockchainServiceImpl - cutover committed — holding the dashj L1 engine; SDK owns L1 this launch
16:56:54 [DefaultDispatcher-worker-10] BlockchainServiceImpl - releasing check() mutex
16:56:54 [main] SendCoinsFragment - enterAmountViewModel.blockContinue = false, viewModel.dryRunSuccessful.value = true
16:57:00 [main] BlockchainServiceImpl - MEM pss=293MB nativeHeap=159/181MB jvm=22/576MB
16:57:00 [main] BlockchainServiceImpl - History of transactions/blocks/headers/mnlistdiff (sdk): 0/0/0/0, 0/0/0/0, 0/0/0/0, 0/1/1/1, 0/0/0/0, 0/1/1/1, 0/0/0/0, 2/0/0/0, 0/0/0/0
16:57:00 [DefaultDispatcher-worker-1] BlockchainServiceImpl - network capabilities changed: 101, hasInternet: true, validated: true
16:57:00 [DefaultDispatcher-worker-1] BlockchainServiceImpl - acquiring check() mutex
16:57:00 [DefaultDispatcher-worker-1] BlockchainServiceImpl - check()
16:57:00 [DefaultDispatcher-worker-1] BlockchainServiceImpl - cutover committed — holding the dashj L1 engine; SDK owns L1 this launch
16:57:00 [DefaultDispatcher-worker-1] BlockchainServiceImpl - releasing check() mutex
16:57:00 [main] SendCoinsFragment - enterAmountViewModel.blockContinue = false, viewModel.dryRunSuccessful.value = true
16:57:01 [DefaultDispatcher-worker-4] BLSJniLibrary - Initializing BLS JNI Library
16:57:01 [DefaultDispatcher-worker-4] BLSJniLibrary - Initializing BLS JNI Library
16:57:01 [DefaultDispatcher-worker-4] BLSJniLibrary - Initializing BLS JNI Library
16:57:01 [DefaultDispatcher-worker-4] BLSJniLibrary - Initializing BLS JNI Library
16:57:01 [DefaultDispatcher-worker-4] SendCoinsTaskRunner - cutover committed: routing the SendRequest payment via the SDK bridge (1000000 duffs to yRjAzoyf…)
16:57:01 [DefaultDispatcher-worker-3] L1ShadowSyncService - L1 engine tx event: Detected(txidHex=aa659fc9ab82b67a6741e3e88db4fa1e3ef45de3360d33a77e9b0db872854ccc, netAmountDuffs=-1000226, feeDuffs=null, contextCode=0, directionCode=1)
16:57:01 [DefaultDispatcher-worker-3] CutoverUiDataService - engine detected tx aa659fc9ab82b67a6741e3e88db4fa1e3ef45de3360d33a77e9b0db872854ccc pre-block (context=0, net=-1000226 duffs) — syncing display row now
16:57:01 [DefaultDispatcher-worker-3] CutoverUiDataService - SDK balance published: 98999774 duffs (was 100000000) | l1Synced=true rescanArmedHold=false dashPayBackfill(armed=false,replaying=false) deferredContactBuilds=0 (unchangedReads=3) persistedAsLastKnown=true lastKnown=none
16:57:01 [main] SendCoinsFragment - enterAmountViewModel.blockContinue = true, viewModel.dryRunSuccessful.value = true
16:57:01 [DefaultDispatcher-worker-1] Constants - --> GET https://rates.ctx.com/rates?source=ctx
16:57:01 [DefaultDispatcher-worker-1] Constants - <-- 200 https://rates.ctx.com/rates?source=ctx (126ms, unknown-length body)
16:57:01 [DefaultDispatcher-worker-1] ExchangeRatesRepository - exchange rates updated successfully with de.schildbach.wallet.rates.DashRetailClient@8c522d9
16:57:01 [DefaultDispatcher-worker-1] ExchangeRatesRepository - updateTrigger
16:57:01 [DefaultDispatcher-worker-11] CutoverUiDataService - cutover UI display sync: 1 SDK records → 1 inserts, 0 status updates
16:57:01 [main] WalletTransactionsFragment - STARTUP submitData called on thread=main at 1789837021473
16:57:01 [DefaultDispatcher-worker-4] SdkL1SendService - SDK l1Send: broadcast 1000000 duffs to yRjAzoyf…, txid aa659fc9ab82b67a6741e3e88db4fa1e3ef45de3360d33a77e9b0db872854ccc
16:57:01 [DefaultDispatcher-worker-3] L1ShadowSyncService - L1 engine tx event: InstantLocked(txidHex=aa659fc9ab82b67a6741e3e88db4fa1e3ef45de3360d33a77e9b0db872854ccc)
16:57:01 [DefaultDispatcher-worker-7] BLSJniLibrary - Initializing BLS JNI Library
16:57:01 [DefaultDispatcher-worker-5] CutoverUiDataService - engine IS lock for aa659fc9ab82b67a6741e3e88db4fa1e3ef45de3360d33a77e9b0db872854ccc — display row flipped pre-block
16:57:01 [DefaultDispatcher-worker-7] Wallet - commitTx of aa659fc9ab82b67a6741e3e88db4fa1e3ef45de3360d33a77e9b0db872854ccc
16:57:01 [DefaultDispatcher-worker-7] Wallet - commitTx of aa659fc9ab82b67a6741e3e88db4fa1e3ef45de3360d33a77e9b0db872854ccc
16:57:01 [DefaultDispatcher-worker-7] Wallet - ->pending: aa659fc9ab82b67a6741e3e88db4fa1e3ef45de3360d33a77e9b0db872854ccc
16:57:01 [DefaultDispatcher-worker-7] Wallet - Estimated balance is now: 0.00 DASH
16:57:01 [main] WalletTransactionsFragment - STARTUP submitData called on thread=main at 1789837021820
16:57:01 [DefaultDispatcher-worker-7] WalletFiles - Saving wallet; last seen block is height -1, date unknown, hash null
16:57:01 [DefaultDispatcher-worker-7] CoinJoinExtension - CoinJoinExtension serialization: 0ms total (keys:0ms[8], cache:0ms[0], salt:0ms, io:0ms, size:1447bytes, buffer:64KB)
16:57:01 [DefaultDispatcher-worker-7] WalletProtobufSerializer - walletToProto (serial=10) timing: 8ms total, init=0ms, tx=1ms[1], keys=0ms, scripts=0ms[0], metadata=0ms, ext=6ms, friendRecv=0ms, friendSend=0ms, build=0ms
16:57:01 [DefaultDispatcher-worker-7] WalletProtobufSerializer - writeWallet timing: 7ms total (7ms/100% serialization, 0ms/0% I/O) buffer=8KB
16:57:01 [DefaultDispatcher-worker-7] WalletFiles - Save completed in 10.02 ms (15874 bytes); /data/user/0/hashengineering.darkcoin.wallet_test/files/wallet-protobuf-testnet
16:57:01 [DefaultDispatcher-worker-7] SdkBridgedTransactionFactory - bridged SDK tx aa659fc9ab82b67a6741e3e88db4fa1e3ef45de3360d33a77e9b0db872854ccc into the dashj wallet (committed)
16:57:01 [main] BlockchainServiceImpl - .onStartCommand(Intent { act=de.schildbach.wallet.service.broadcast_transaction cmp=hashengineering.darkcoin.wallet_test/de.schildbach.wallet.service.BlockchainServiceImpl (has extras) })
16:57:01 [DefaultDispatcher-worker-7] BlockchainServiceImpl - onStartCommand waiting for onCreate to complete...
16:57:01 [DefaultDispatcher-worker-7] BlockchainServiceImpl - onCreate completed, processing onStartCommand
16:57:01 [DefaultDispatcher-worker-7] BLSJniLibrary - Initializing BLS JNI Library
16:57:01 [main] SendCoinsFragment - enterAmountViewModel.blockContinue = true, viewModel.dryRunSuccessful.value = true
16:57:01 [DefaultDispatcher-worker-7] BlockchainServiceImpl - service start command: Intent { act=de.schildbach.wallet.service.broadcast_transaction cmp=hashengineering.darkcoin.wallet_test/de.schildbach.wallet.service.BlockchainServiceImpl (has extras) }
16:57:01 [DefaultDispatcher-worker-7] BlockchainServiceImpl - broadcast transaction requested for hash: aa659fc9ab82b67a6741e3e88db4fa1e3ef45de3360d33a77e9b0db872854ccc
16:57:01 [DefaultDispatcher-worker-7] BlockchainServiceImpl - found transaction aa659fc9ab82b67a6741e3e88db4fa1e3ef45de3360d33a77e9b0db872854ccc in wallet
16:57:01 [DefaultDispatcher-worker-7] BlockchainServiceImpl - peergroup not available, not broadcasting transaction aa659fc9ab82b67a6741e3e88db4fa1e3ef45de3360d33a77e9b0db872854ccc
16:57:01 [DefaultDispatcher-worker-7] BlockchainServiceImpl - .onStartCommand(Intent { act=de.schildbach.wallet.service.broadcast_transaction cmp=hashengineering.darkcoin.wallet_test/de.schildbach.wallet.service.BlockchainServiceImpl (has extras) }) finished
16:57:01 [main] SendCoinsFragment - enterAmountViewModel.blockContinue = true, viewModel.dryRunSuccessful.value = true
16:57:01 [main] WalletActivityTracker - activity lifecycle: current: SendCoinsActivity, activities: 2 visible: 1 foreground: 0
16:57:01 [main] SendCoinsFragment - enterAmountViewModel.blockContinue = false, viewModel.dryRunSuccessful.value = true
16:57:01 [main] WalletActivityTracker - activity lifecycle: activity TransactionResultActivity created
16:57:01 [main] WalletActivityTracker - activity lifecycle: current: TransactionResultActivity, activities: 3 visible: 1 foreground: 0
16:57:01 [main] SecurityGuard - loading security guard [healthy=true] with keys: [keystore_healthy, fallback_pin_wallet_password_key, primary_ui_pin_key, modern_encryption_migration_complete, fallback_mnemonic_wallet_password_key, primary_wallet_password_key, fallback_mnemonic_ui_pin_key]
16:57:01 [main] SecurityGuard - loading security guard [healthy=true] with keys: [keystore_healthy, fallback_pin_wallet_password_key, primary_ui_pin_key, modern_encryption_migration_complete, fallback_mnemonic_wallet_password_key, primary_wallet_password_key, fallback_mnemonic_ui_pin_key]
16:57:01 [main] ModernEncryptionProvider - Decrypted data for alias: wallet_password_key
16:57:01 [main] ModernEncryptionProvider - Decrypted data for alias: ui_pin_key
16:57:01 [main] WalletActivityTracker - activity lifecycle: current: TransactionResultActivity, activities: 3 visible: 2 foreground: 0
16:57:01 [main] SecurityGuard - loading security guard [healthy=true] with keys: [keystore_healthy, fallback_pin_wallet_password_key, primary_ui_pin_key, modern_encryption_migration_complete, fallback_mnemonic_wallet_password_key, primary_wallet_password_key, fallback_mnemonic_ui_pin_key]
16:57:01 [main] SecurityGuard - loading security guard [healthy=true] with keys: [keystore_healthy, fallback_pin_wallet_password_key, primary_ui_pin_key, modern_encryption_migration_complete, fallback_mnemonic_wallet_password_key, primary_wallet_password_key, fallback_mnemonic_ui_pin_key]
16:57:01 [main] LockScreenActivity - show lock screen false = ![keepUnlocked=false] && autologout=true && (keepUnlockedUntilPenEntered=false || shouldLogout=false) || isHealthy=true
16:57:01 [main] WalletActivityTracker - activity lifecycle: current: TransactionResultActivity, activities: 3 visible: 2 foreground: 1
16:57:01 [main] BlockchainServiceImpl - .onStartCommand(Intent { cmp=hashengineering.darkcoin.wallet_test/de.schildbach.wallet.service.BlockchainServiceImpl })
16:57:01 [DefaultDispatcher-worker-3] BlockchainServiceImpl - onStartCommand waiting for onCreate to complete...
16:57:01 [DefaultDispatcher-worker-3] BlockchainServiceImpl - onCreate completed, processing onStartCommand
16:57:01 [DefaultDispatcher-worker-3] BLSJniLibrary - Initializing BLS JNI Library
16:57:01 [DefaultDispatcher-worker-3] BlockchainServiceImpl - service start command: Intent { cmp=hashengineering.darkcoin.wallet_test/de.schildbach.wallet.service.BlockchainServiceImpl }
16:57:01 [DefaultDispatcher-worker-3] BlockchainServiceImpl - .onStartCommand(Intent { cmp=hashengineering.darkcoin.wallet_test/de.schildbach.wallet.service.BlockchainServiceImpl }) finished
16:57:02 [DefaultDispatcher-worker-7] WalletTransactionMetadataProvider - txmetadata for aa659fc9ab82b67a6741e3e88db4fa1e3ef45de3360d33a77e9b0db872854ccc does not exist, perform insert, then update
16:57:02 [DefaultDispatcher-worker-7] BLSJniLibrary - Initializing BLS JNI Library
16:57:02 [DefaultDispatcher-worker-7] WalletTransactionMetadataProvider - txmetadata: inserting TransactionMetadata(txId=aa659fc9ab82b67a6741e3e88db4fa1e3ef45de3360d33a77e9b0db872854ccc, timestamp=1789837021819, value=0, type=Sent, taxCategory=null, currencyCode=null, rate=null, memo=, service=null, customIconId=null)
16:57:02 [DefaultDispatcher-worker-6] WalletTransactionMetadataProvider - metadata: TxOut of 0.01 DASH to yRjAzoyfZ7DpzLFmVGiLispLjUaYKRnL52 script:DUP HASH160 PUSHDATA(20)[3b556137f0c995630dc70df441c65b1dded6136d] EQUALVERIFY CHECKSIG
16:57:02 [DefaultDispatcher-worker-6] WalletTransactionMetadataProvider - metadata: TxOut of 0.98999774 DASH to yQJ66b2xF2EzXpiyYGYzQ8P8vP4RBp3Bic script:DUP HASH160 PUSHDATA(20)[2b9ec3a81d5cb0f2aa202d84c515a579784d7453] EQUALVERIFY CHECKSIG
16:57:02 [main] WalletActivityTracker - activity lifecycle: current: SendCoinsActivity, activities: 3 visible: 1 foreground: 1
16:57:02 [main] WalletActivityTracker - activity lifecycle: activity SendCoinsActivity destroyed
16:57:02 [main] WalletActivityTracker - activity lifecycle: current: SendCoinsActivity, activities: 2 visible: 1 foreground: 1
16:57:02 [native-log-bridge] DashSdkNative - 09-19 11:57:01.097  4078  4560 I DashSDK : platform_wallet::changeset::core_bridge: wallet-event batch: folded=1 wallets=1 synced_height_persisted=None synced_height_frozen=None synced_height_rejected=None faulted=0
16:57:02 [native-log-bridge] DashSdkNative - 09-19 11:57:01.821  4078  4560 I DashSDK : platform_wallet::changeset::core_bridge: wallet-event batch: folded=1 wallets=1 synced_height_persisted=None synced_height_frozen=None synced_height_rejected=None faulted=0
16:57:06 [DefaultDispatcher-worker-7] BlockchainServiceImpl - network capabilities changed: 101, hasInternet: true, validated: true
16:57:06 [DefaultDispatcher-worker-7] BlockchainServiceImpl - acquiring check() mutex
16:57:06 [DefaultDispatcher-worker-7] BlockchainServiceImpl - check()
16:57:06 [DefaultDispatcher-worker-7] BlockchainServiceImpl - cutover committed — holding the dashj L1 engine; SDK owns L1 this launch
16:57:06 [DefaultDispatcher-worker-7] BlockchainServiceImpl - releasing check() mutex
16:57:09 [DefaultDispatcher-worker-3] BlockchainServiceImpl - network capabilities changed: 101, hasInternet: true, validated: true
16:57:09 [DefaultDispatcher-worker-3] BlockchainServiceImpl - acquiring check() mutex
16:57:09 [DefaultDispatcher-worker-3] BlockchainServiceImpl - check()
16:57:09 [DefaultDispatcher-worker-3] BlockchainServiceImpl - cutover committed — holding the dashj L1 engine; SDK owns L1 this launch
16:57:09 [DefaultDispatcher-worker-3] BlockchainServiceImpl - releasing check() mutex
16:57:22 [DefaultDispatcher-worker-10] BlockchainServiceImpl - network capabilities changed: 101, hasInternet: true, validated: true
16:57:22 [DefaultDispatcher-worker-4] BlockchainServiceImpl - acquiring check() mutex
16:57:22 [DefaultDispatcher-worker-4] BlockchainServiceImpl - check()
16:57:22 [DefaultDispatcher-worker-4] BlockchainServiceImpl - cutover committed — holding the dashj L1 engine; SDK owns L1 this launch
16:57:22 [DefaultDispatcher-worker-4] BlockchainServiceImpl - releasing check() mutex
16:57:25 [DefaultDispatcher-worker-10] BlockchainServiceImpl - network capabilities changed: 101, hasInternet: true, validated: true
16:57:25 [DefaultDispatcher-worker-10] BlockchainServiceImpl - acquiring check() mutex
16:57:25 [DefaultDispatcher-worker-10] BlockchainServiceImpl - check()
16:57:25 [DefaultDispatcher-worker-10] BlockchainServiceImpl - cutover committed — holding the dashj L1 engine; SDK owns L1 this launch
16:57:25 [DefaultDispatcher-worker-10] BlockchainServiceImpl - releasing check() mutex
16:57:51 [DefaultDispatcher-worker-7] L1ShadowSyncService - L1Shadow phase=SYNCED 100.0% headers 1556860/1556860 filters 1556859/1556859 wallet 1556859
16:57:51 [DefaultDispatcher-worker-5] MainViewModel - blockchain state update: mnlist=1556859; chain=1556859; wallet=-1
16:57:51 [DefaultDispatcher-worker-10] MainViewModel - blockchain state update: mnlist=1556859; chain=1556860; wallet=-1
16:57:51 [DefaultDispatcher-worker-5] L1ShadowSyncService - L1 engine chainlock height 1556859 -> 1556860
16:57:51 [DefaultDispatcher-worker-10] MainViewModel - blockchain state update: mnlist=1556859; chain=1556860; wallet=-1
16:57:52 [DefaultDispatcher-worker-8] MainViewModel - blockchain state update: mnlist=1556860; chain=1556860; wallet=-1
16:57:55 [DefaultDispatcher-worker-8] BlockchainServiceImpl - network capabilities changed: 101, hasInternet: true, validated: true
16:57:55 [DefaultDispatcher-worker-8] BlockchainServiceImpl - acquiring check() mutex
16:57:55 [DefaultDispatcher-worker-8] BlockchainServiceImpl - check()
16:57:55 [DefaultDispatcher-worker-8] BlockchainServiceImpl - cutover committed — holding the dashj L1 engine; SDK owns L1 this launch
16:57:55 [DefaultDispatcher-worker-8] BlockchainServiceImpl - releasing check() mutex
16:57:58 [DefaultDispatcher-worker-9] BlockchainServiceImpl - network capabilities changed: 101, hasInternet: true, validated: true
16:57:58 [DefaultDispatcher-worker-9] BlockchainServiceImpl - acquiring check() mutex
16:57:58 [DefaultDispatcher-worker-9] BlockchainServiceImpl - check()
16:57:58 [DefaultDispatcher-worker-9] BlockchainServiceImpl - cutover committed — holding the dashj L1 engine; SDK owns L1 this launch
16:57:58 [DefaultDispatcher-worker-9] BlockchainServiceImpl - releasing check() mutex
16:58:00 [main] BlockchainServiceImpl - MEM pss=294MB nativeHeap=159/183MB jvm=22/576MB
16:58:00 [main] BlockchainServiceImpl - History of transactions/blocks/headers/mnlistdiff (sdk): 2/1/1/1, 0/0/0/0, 0/0/0/0, 0/0/0/0, 0/1/1/1, 0/0/0/0, 0/1/1/1, 0/0/0/0, 2/0/0/0
16:58:01 [main] BiometricHelper - No biometric credentials
16:58:01 [main] LockScreenActivity - fingerprint was disabled
16:58:01 [main] LockScreenActivity - LockState = ENTER_PIN
16:58:02 [native-log-bridge] DashSdkNative - 09-19 11:57:51.486  4078  4562 I DashSDK : platform_wallet::changeset::core_bridge: wallet-event batch: folded=1 wallets=1 synced_height_persisted=None synced_height_frozen=None synced_height_rejected=None faulted=0
16:58:02 [native-log-bridge] DashSdkNative - 09-19 11:57:51.521  4078  4561 I DashSDK : platform_wallet::changeset::core_bridge: wallet-event batch: folded=1 wallets=1 synced_height_persisted=None synced_height_frozen=None synced_height_rejected=None faulted=0
16:58:02 [native-log-bridge] DashSdkNative - 09-19 11:57:51.527  4078  4562 I DashSDK : platform_wallet::changeset::core_bridge: wallet-event batch: folded=1 wallets=1 synced_height_persisted=Some(1556860) synced_height_frozen=None synced_height_rejected=None faulted=0
16:58:36 [DefaultDispatcher-worker-5] L1ShadowSyncService - L1 engine chainlock height 1556860 -> 1556861
16:58:36 [DefaultDispatcher-worker-2] MainViewModel - blockchain state update: mnlist=1556860; chain=1556860; wallet=-1
16:58:36 [main] BlockchainServiceImpl - cutover committed and SDK L1 scan synced — triggering identity/contacts discovery
16:58:36 [DefaultDispatcher-worker-6] BlockchainIdentityData - creation: BlockchainIdentityData(NONE, null, null, null, null, null)
16:58:36 [DefaultDispatcher-worker-6] PlatformSynchronizationService - discoverAndRecoverIdentity: checking for existing associated identity
16:58:36 [DefaultDispatcher-worker-6] SecurityGuard - loading security guard [healthy=true] with keys: [keystore_healthy, fallback_pin_wallet_password_key, primary_ui_pin_key, modern_encryption_migration_complete, fallback_mnemonic_wallet_password_key, primary_wallet_password_key, fallback_mnemonic_ui_pin_key]
16:58:36 [DefaultDispatcher-worker-6] ModernEncryptionProvider - Decrypted data for alias: wallet_password_key
16:58:36 [DefaultDispatcher-worker-6] KeyCrypterScrypt - Deriving key took 129.1 ms for N=65536, r=8, p=1.
16:58:36 [DefaultDispatcher-worker-6] DapiClient - getIdentityByFirstPublicKey(48ccf9a43eee96f92a0ca7f8dced9dc2630d05f2)
16:58:37 [DefaultDispatcher-worker-9] L1ShadowSyncService - L1Shadow phase=SYNCED 100.0% headers 1556861/1556861 filters 1556861/1556861 wallet 1556861
16:58:37 [DefaultDispatcher-worker-3] MainViewModel - blockchain state update: mnlist=1556861; chain=1556861; wallet=-1
16:58:37 [DefaultDispatcher-worker-6] PlatformSynchronizationService - discoverAndRecoverIdentity: no existing identity found
16:58:37 [DefaultDispatcher-worker-6] PlatformSynchronizationService - identity-discovery guard released (no identity found) — a later discovery may run again
16:58:37 [DefaultDispatcher-worker-6] BlockchainServiceImpl - post-cutover identity discovery found nothing and the wallet has no identity — re-arming; next attempt no sooner than 120000 ms from now
16:58:37 [DefaultDispatcher-worker-7] PlatformSynchronizationService - TxMetadata settings: saveToNetwork=false frequency=afterTenTransactions saveAfter=9223372036854775807 paymentCategory=false taxCategory=false exchangeRates=false memos=false giftCards=false storedDocuments=0
16:58:37 [DefaultDispatcher-worker-1] BlockchainServiceImpl - network capabilities changed: 101, hasInternet: true, validated: true
16:58:37 [DefaultDispatcher-worker-1] BlockchainServiceImpl - acquiring check() mutex
16:58:37 [DefaultDispatcher-worker-1] BlockchainServiceImpl - check()
16:58:37 [DefaultDispatcher-worker-1] BlockchainServiceImpl - cutover committed — holding the dashj L1 engine; SDK owns L1 this launch
16:58:37 [DefaultDispatcher-worker-1] BlockchainServiceImpl - releasing check() mutex
16:58:46 [DefaultDispatcher-worker-10] BlockchainServiceImpl - network capabilities changed: 101, hasInternet: true, validated: true
16:58:46 [DefaultDispatcher-worker-10] BlockchainServiceImpl - acquiring check() mutex
16:58:46 [DefaultDispatcher-worker-10] BlockchainServiceImpl - check()
16:58:46 [DefaultDispatcher-worker-10] BlockchainServiceImpl - cutover committed — holding the dashj L1 engine; SDK owns L1 this launch
16:58:46 [DefaultDispatcher-worker-10] BlockchainServiceImpl - releasing check() mutex
16:59:00 [main] BlockchainServiceImpl - MEM pss=298MB nativeHeap=159/184MB jvm=21/576MB
16:59:00 [main] BlockchainServiceImpl - History of transactions/blocks/headers/mnlistdiff (sdk): 0/1/1/1, 2/1/1/1, 0/0/0/0, 0/0/0/0, 0/0/0/0, 0/1/1/1, 0/0/0/0, 0/1/1/1, 0/0/0/0
16:59:02 [native-log-bridge] DashSdkNative - 09-19 11:58:36.705  4078  4560 I DashSDK : platform_wallet::changeset::core_bridge: wallet-event batch: folded=1 wallets=1 synced_height_persisted=Some(1556861) synced_height_frozen=None synced_height_rejected=None faulted=0
16:59:02 [native-log-bridge] DashSdkNative - 09-19 11:58:36.846  4078  4559 I DashSDK : platform_wallet::changeset::core_bridge: wallet-event batch: folded=1 wallets=1 synced_height_persisted=None synced_height_frozen=None synced_height_rejected=None faulted=0
16:59:17 [main] SecurityGuard - loading security guard [healthy=true] with keys: [keystore_healthy, fallback_pin_wallet_password_key, primary_ui_pin_key, modern_encryption_migration_complete, fallback_mnemonic_wallet_password_key, primary_wallet_password_key, fallback_mnemonic_ui_pin_key]
16:59:17 [main] ModernEncryptionProvider - Decrypted data for alias: ui_pin_key
16:59:17 [main] BiometricHelper - No biometric credentials
16:59:22 [DefaultDispatcher-worker-3] BlockchainServiceImpl - network capabilities changed: 101, hasInternet: true, validated: true
16:59:22 [DefaultDispatcher-worker-3] BlockchainServiceImpl - acquiring check() mutex
16:59:22 [DefaultDispatcher-worker-3] BlockchainServiceImpl - check()
16:59:22 [DefaultDispatcher-worker-3] BlockchainServiceImpl - cutover committed — holding the dashj L1 engine; SDK owns L1 this launch
16:59:22 [DefaultDispatcher-worker-3] BlockchainServiceImpl - releasing check() mutex
16:59:26 [DefaultDispatcher-worker-6] BlockchainServiceImpl - network capabilities changed: 101, hasInternet: true, validated: true
16:59:26 [DefaultDispatcher-worker-6] BlockchainServiceImpl - acquiring check() mutex
16:59:26 [DefaultDispatcher-worker-6] BlockchainServiceImpl - check()
16:59:26 [DefaultDispatcher-worker-6] BlockchainServiceImpl - cutover committed — holding the dashj L1 engine; SDK owns L1 this launch
16:59:26 [DefaultDispatcher-worker-6] BlockchainServiceImpl - releasing check() mutex
16:59:34 [main] WalletActivityTracker - activity lifecycle: current: TransactionResultActivity, activities: 2 visible: 1 foreground: 0
16:59:34 [main] WalletActivityTracker - activity lifecycle: current: MainActivity, activities: 2 visible: 2 foreground: 0
16:59:34 [main] HistoryHeaderAdapter - set invite = null
16:59:34 [main] HistoryHeaderAdapter - set invite, synced = true
16:59:34 [main] MainViewModel - platform available: true; no identity creation is progress: true
16:59:34 [main] SecurityGuard - loading security guard [healthy=true] with keys: [keystore_healthy, fallback_pin_wallet_password_key, primary_ui_pin_key, modern_encryption_migration_complete, fallback_mnemonic_wallet_password_key, primary_wallet_password_key, fallback_mnemonic_ui_pin_key]
16:59:34 [main] SecurityGuard - loading security guard [healthy=true] with keys: [keystore_healthy, fallback_pin_wallet_password_key, primary_ui_pin_key, modern_encryption_migration_complete, fallback_mnemonic_wallet_password_key, primary_wallet_password_key, fallback_mnemonic_ui_pin_key]
16:59:34 [main] LockScreenActivity - show lock screen false = ![keepUnlocked=false] && autologout=true && (keepUnlockedUntilPenEntered=false || shouldLogout=false) || isHealthy=true
16:59:34 [main] MainActivity - updateTrigger => rateStale: RateRetrievalState(lastAttemptFailed=false, staleRates=false, volatile=false)
16:59:34 [main] WalletActivityTracker - activity lifecycle: current: MainActivity, activities: 2 visible: 2 foreground: 1
16:59:34 [main] DeviceInfoProvider - Detecting currency based on device, mobile network or locale:
16:59:34 [main] DeviceInfoProvider - Device Sim Country: us
16:59:34 [main] MainViewModel - Updating currency exchange rate based on country: US
16:59:34 [main] BlockchainServiceImpl - .onStartCommand(Intent { cmp=hashengineering.darkcoin.wallet_test/de.schildbach.wallet.service.BlockchainServiceImpl })
16:59:34 [DefaultDispatcher-worker-11] BlockchainServiceImpl - onStartCommand waiting for onCreate to complete...
16:59:34 [DefaultDispatcher-worker-11] BlockchainServiceImpl - onCreate completed, processing onStartCommand
16:59:34 [DefaultDispatcher-worker-11] BLSJniLibrary - Initializing BLS JNI Library
16:59:34 [DefaultDispatcher-worker-11] BlockchainServiceImpl - service start command: Intent { cmp=hashengineering.darkcoin.wallet_test/de.schildbach.wallet.service.BlockchainServiceImpl }
16:59:34 [DefaultDispatcher-worker-11] BlockchainServiceImpl - .onStartCommand(Intent { cmp=hashengineering.darkcoin.wallet_test/de.schildbach.wallet.service.BlockchainServiceImpl }) finished
16:59:34 [main] BlockchainServiceImpl - .onStartCommand(Intent { act=de.schildbach.wallet.service.cancel_coins_received cmp=hashengineering.darkcoin.wallet_test/de.schildbach.wallet.service.BlockchainServiceImpl })
16:59:34 [DefaultDispatcher-worker-11] BlockchainServiceImpl - onStartCommand waiting for onCreate to complete...
16:59:34 [DefaultDispatcher-worker-11] BlockchainServiceImpl - onCreate completed, processing onStartCommand
16:59:34 [DefaultDispatcher-worker-11] BLSJniLibrary - Initializing BLS JNI Library
16:59:34 [DefaultDispatcher-worker-11] BlockchainServiceImpl - service start command: Intent { act=de.schildbach.wallet.service.cancel_coins_received cmp=hashengineering.darkcoin.wallet_test/de.schildbach.wallet.service.BlockchainServiceImpl }
16:59:34 [DefaultDispatcher-worker-11] BlockchainServiceImpl - .onStartCommand(Intent { act=de.schildbach.wallet.service.cancel_coins_received cmp=hashengineering.darkcoin.wallet_test/de.schildbach.wallet.service.BlockchainServiceImpl }) finished
16:59:34 [main] WalletActivityTracker - activity lifecycle: current: TransactionResultActivity, activities: 2 visible: 1 foreground: 1
16:59:34 [main] WalletActivityTracker - activity lifecycle: activity TransactionResultActivity destroyed
16:59:34 [main] WalletActivityTracker - activity lifecycle: current: TransactionResultActivity, activities: 1 visible: 1 foreground: 1
16:59:50 [DefaultDispatcher-worker-11] WalletTransactionMetadataProvider - txmetadata for 057b1808741470e8f084aeee2fa377934366d9d06e80477cd2f1ff8a3574410b does not exist, perform insert, then update
16:59:50 [DefaultDispatcher-worker-11] BLSJniLibrary - Initializing BLS JNI Library
16:59:50 [DefaultDispatcher-worker-11] WalletTransactionMetadataProvider - txmetadata for 057b1808741470e8f084aeee2fa377934366d9d06e80477cd2f1ff8a3574410b DROPPED — no wallet tx and no fallback row; any platform metadata for this transaction will not be displayed
17:00:00 [main] BlockchainServiceImpl - MEM pss=301MB nativeHeap=161/185MB jvm=23/576MB
17:00:00 [main] BlockchainServiceImpl - History of transactions/blocks/headers/mnlistdiff (sdk): 0/0/0/0, 0/1/1/1, 2/1/1/1, 0/0/0/0, 0/0/0/0, 0/0/0/0, 0/1/1/1, 0/0/0/0, 0/1/1/1
17:00:05 [DefaultDispatcher-worker-3] BlockchainServiceImpl - network capabilities changed: 101, hasInternet: true, validated: true
17:00:05 [DefaultDispatcher-worker-3] BlockchainServiceImpl - acquiring check() mutex
17:00:05 [DefaultDispatcher-worker-3] BlockchainServiceImpl - check()
17:00:05 [DefaultDispatcher-worker-3] BlockchainServiceImpl - cutover committed — holding the dashj L1 engine; SDK owns L1 this launch
17:00:05 [DefaultDispatcher-worker-3] BlockchainServiceImpl - releasing check() mutex
17:00:07 [DefaultDispatcher-worker-3] L1ShadowSyncService - L1 engine chainlock height 1556861 -> 1556862
17:00:07 [DefaultDispatcher-worker-9] MainViewModel - blockchain state update: mnlist=1556861; chain=1556861; wallet=-1
17:00:07 [DefaultDispatcher-worker-2] L1ShadowSyncService - L1Shadow phase=SYNCED 100.0% headers 1556862/1556862 filters 1556862/1556862 wallet 1556862
17:00:07 [DefaultDispatcher-worker-1] MainViewModel - blockchain state update: mnlist=1556862; chain=1556862; wallet=-1
17:00:08 [DefaultDispatcher-worker-9] BlockchainServiceImpl - network capabilities changed: 101, hasInternet: true, validated: true
17:00:08 [DefaultDispatcher-worker-9] BlockchainServiceImpl - acquiring check() mutex
17:00:08 [DefaultDispatcher-worker-9] BlockchainServiceImpl - check()
17:00:08 [DefaultDispatcher-worker-9] BlockchainServiceImpl - cutover committed — holding the dashj L1 engine; SDK owns L1 this launch
17:00:08 [DefaultDispatcher-worker-9] BlockchainServiceImpl - releasing check() mutex
17:00:15 [main] BlockchainIdentityData - creation: BlockchainIdentityData(NONE, null, null, null, null, null)
17:00:15 [main] BlockchainIdentityData - creation: BlockchainIdentityData(NONE, null, null, null, null, null)
17:00:15 [main] BlockchainIdentityData - creation: BlockchainIdentityData(NONE, null, null, null, null, null)
17:00:32 [native-log-bridge] DashSdkNative - 09-19 12:00:07.204  4078  4560 I DashSDK : platform_wallet::changeset::core_bridge: wallet-event batch: folded=1 wallets=1 synced_height_persisted=Some(1556862) synced_height_frozen=None synced_height_rejected=None faulted=0
17:00:32 [native-log-bridge] DashSdkNative - 09-19 12:00:07.262  4078  4562 I DashSDK : platform_wallet::changeset::core_bridge: wallet-event batch: folded=1 wallets=1 synced_height_persisted=None synced_height_frozen=None synced_height_rejected=None faulted=0
17:00:50 [DefaultDispatcher-worker-3] BlockchainServiceImpl - network capabilities changed: 100, hasInternet: true, validated: true
17:00:50 [DefaultDispatcher-worker-3] BlockchainServiceImpl - acquiring check() mutex
17:00:50 [DefaultDispatcher-worker-3] BlockchainServiceImpl - check()
17:00:50 [DefaultDispatcher-worker-3] BlockchainServiceImpl - cutover committed — holding the dashj L1 engine; SDK owns L1 this launch
17:00:50 [DefaultDispatcher-worker-3] BlockchainServiceImpl - releasing check() mutex
17:00:50 [DefaultDispatcher-worker-4] BlockchainServiceImpl - network available: 100, hasInternet: true, validated: true, type: Cellular
17:00:50 [DefaultDispatcher-worker-4] BlockchainServiceImpl - acquiring check() mutex
17:00:50 [DefaultDispatcher-worker-4] BlockchainServiceImpl - check()
17:00:50 [DefaultDispatcher-worker-4] BlockchainServiceImpl - cutover committed — holding the dashj L1 engine; SDK owns L1 this launch
17:00:50 [DefaultDispatcher-worker-4] BlockchainServiceImpl - releasing check() mutex
17:00:50 [main] BlockchainServiceImpl - cutover committed and SDK L1 scan synced — triggering identity/contacts discovery
17:00:50 [DefaultDispatcher-worker-5] BlockchainIdentityData - creation: BlockchainIdentityData(NONE, null, null, null, null, null)
17:00:50 [DefaultDispatcher-worker-5] PlatformSynchronizationService - discoverAndRecoverIdentity: checking for existing associated identity
17:00:50 [DefaultDispatcher-worker-5] SecurityGuard - loading security guard [healthy=true] with keys: [keystore_healthy, fallback_pin_wallet_password_key, primary_ui_pin_key, modern_encryption_migration_complete, fallback_mnemonic_wallet_password_key, primary_wallet_password_key, fallback_mnemonic_ui_pin_key]
17:00:50 [DefaultDispatcher-worker-5] ModernEncryptionProvider - Decrypted data for alias: wallet_password_key
17:00:50 [DefaultDispatcher-worker-5] KeyCrypterScrypt - Deriving key took 117.4 ms for N=65536, r=8, p=1.
17:00:50 [DefaultDispatcher-worker-5] DapiClient - getIdentityByFirstPublicKey(48ccf9a43eee96f92a0ca7f8dced9dc2630d05f2)
17:00:51 [DefaultDispatcher-worker-5] PlatformSynchronizationService - discoverAndRecoverIdentity: no existing identity found
17:00:51 [DefaultDispatcher-worker-5] PlatformSynchronizationService - identity-discovery guard released (no identity found) — a later discovery may run again
17:00:51 [DefaultDispatcher-worker-5] BlockchainServiceImpl - post-cutover identity discovery found nothing and the wallet has no identity — re-arming; next attempt no sooner than 120000 ms from now
17:00:51 [DefaultDispatcher-worker-3] PlatformSynchronizationService - TxMetadata settings: saveToNetwork=false frequency=afterTenTransactions saveAfter=9223372036854775807 paymentCategory=false taxCategory=false exchangeRates=false memos=false giftCards=false storedDocuments=0
17:00:56 [DefaultDispatcher-worker-10] BlockchainServiceImpl - network capabilities changed: 101, hasInternet: true, validated: true
17:00:56 [DefaultDispatcher-worker-10] BlockchainServiceImpl - acquiring check() mutex
17:00:56 [DefaultDispatcher-worker-10] BlockchainServiceImpl - check()
17:00:56 [DefaultDispatcher-worker-10] BlockchainServiceImpl - cutover committed — holding the dashj L1 engine; SDK owns L1 this launch
17:00:56 [DefaultDispatcher-worker-10] BlockchainServiceImpl - releasing check() mutex
17:00:59 [main] ExportCSVDialog - invoked chooser for exporting transaction history
17:00:59 [main] WalletActivityTracker - activity lifecycle: current: MainActivity, activities: 1 visible: 1 foreground: 0
17:00:59 [DefaultDispatcher-worker-2] BlockchainServiceImpl - network capabilities changed: 101, hasInternet: true, validated: true
17:00:59 [DefaultDispatcher-worker-1] BlockchainServiceImpl - acquiring check() mutex
17:00:59 [DefaultDispatcher-worker-1] BlockchainServiceImpl - check()
17:00:59 [DefaultDispatcher-worker-1] BlockchainServiceImpl - cutover committed — holding the dashj L1 engine; SDK owns L1 this launch
17:00:59 [DefaultDispatcher-worker-1] BlockchainServiceImpl - releasing check() mutex
17:01:00 [main] BlockchainServiceImpl - MEM pss=312MB nativeHeap=170/193MB jvm=27/576MB
17:01:00 [main] BlockchainServiceImpl - History of transactions/blocks/headers/mnlistdiff (sdk): 0/1/1/1, 0/0/0/0, 0/1/1/1, 2/1/1/1, 0/0/0/0, 0/0/0/0, 0/0/0/0, 0/1/1/1, 0/0/0/0
17:01:25 [main] WalletActivityTracker - activity lifecycle: current: MainActivity, activities: 1 visible: 1 foreground: 1
17:01:25 [main] BlockchainServiceImpl - .onStartCommand(Intent { act=de.schildbach.wallet.service.cancel_coins_received cmp=hashengineering.darkcoin.wallet_test/de.schildbach.wallet.service.BlockchainServiceImpl })
17:01:25 [DefaultDispatcher-worker-11] BlockchainServiceImpl - onStartCommand waiting for onCreate to complete...
17:01:25 [DefaultDispatcher-worker-11] BlockchainServiceImpl - onCreate completed, processing onStartCommand
17:01:25 [DefaultDispatcher-worker-11] BLSJniLibrary - Initializing BLS JNI Library
17:01:25 [DefaultDispatcher-worker-11] BlockchainServiceImpl - service start command: Intent { act=de.schildbach.wallet.service.cancel_coins_received cmp=hashengineering.darkcoin.wallet_test/de.schildbach.wallet.service.BlockchainServiceImpl }
17:01:25 [DefaultDispatcher-worker-11] BlockchainServiceImpl - .onStartCommand(Intent { act=de.schildbach.wallet.service.cancel_coins_received cmp=hashengineering.darkcoin.wallet_test/de.schildbach.wallet.service.BlockchainServiceImpl }) finished
17:01:25 [main] DeviceInfoProvider - Detecting currency based on device, mobile network or locale:
17:01:25 [main] DeviceInfoProvider - Device Sim Country: us
17:01:25 [main] MainViewModel - Updating currency exchange rate based on country: US
17:01:29 [main] WalletTransactionsFragment - STARTUP WalletTransactionsFragment.onViewCreated at 1789837289524
17:01:29 [main] HistoryHeaderAdapter - set invite, synced = true
17:01:29 [main] WalletTransactionsFragment - STARTUP submitData called on thread=main at 1789837289524
17:01:29 [DefaultDispatcher-worker-3] BLSJniLibrary - Initializing BLS JNI Library
17:01:29 [main] HistoryHeaderAdapter - set invite = null
17:01:29 [main] HistoryHeaderAdapter - set invite, synced = true
17:01:29 [main] WalletFragment - most recent transaction: aa659fc9ab82b67a6741e3e88db4fa1e3ef45de3360d33a77e9b0db872854ccc
17:01:29 [main] WalletTransactionsFragment - STARTUP swapping to live adapter: 3 items at 1789837289541
17:01:31 [main] WalletActivityTracker - activity lifecycle: current: MainActivity, activities: 1 visible: 1 foreground: 0
17:01:31 [main] WalletActivityTracker - activity lifecycle: activity SendCoinsActivity created
17:01:31 [main] WalletActivityTracker - activity lifecycle: current: SendCoinsActivity, activities: 2 visible: 1 foreground: 0
17:01:31 [main] SecurityGuard - loading security guard [healthy=true] with keys: [keystore_healthy, fallback_pin_wallet_password_key, primary_ui_pin_key, modern_encryption_migration_complete, fallback_mnemonic_wallet_password_key, primary_wallet_password_key, fallback_mnemonic_ui_pin_key]
17:01:31 [main] SecurityGuard - loading security guard [healthy=true] with keys: [keystore_healthy, fallback_pin_wallet_password_key, primary_ui_pin_key, modern_encryption_migration_complete, fallback_mnemonic_wallet_password_key, primary_wallet_password_key, fallback_mnemonic_ui_pin_key]
17:01:31 [main] ModernEncryptionProvider - Decrypted data for alias: wallet_password_key
17:01:32 [main] ModernEncryptionProvider - Decrypted data for alias: ui_pin_key
17:01:32 [main] DashPaymentIntentParser - network parameters = org.darkcoin.test
17:01:32 [main] WalletActivityTracker - activity lifecycle: current: SendCoinsActivity, activities: 2 visible: 2 foreground: 0
17:01:32 [main] SecurityGuard - loading security guard [healthy=true] with keys: [keystore_healthy, fallback_pin_wallet_password_key, primary_ui_pin_key, modern_encryption_migration_complete, fallback_mnemonic_wallet_password_key, primary_wallet_password_key, fallback_mnemonic_ui_pin_key]
17:01:32 [main] SecurityGuard - loading security guard [healthy=true] with keys: [keystore_healthy, fallback_pin_wallet_password_key, primary_ui_pin_key, modern_encryption_migration_complete, fallback_mnemonic_wallet_password_key, primary_wallet_password_key, fallback_mnemonic_ui_pin_key]
17:01:32 [main] LockScreenActivity - show lock screen false = ![keepUnlocked=true] && autologout=true && (keepUnlockedUntilPenEntered=false || shouldLogout=false) || isHealthy=true
17:01:32 [main] WalletActivityTracker - activity lifecycle: current: SendCoinsActivity, activities: 2 visible: 2 foreground: 1
17:01:32 [main] BlockchainServiceImpl - .onStartCommand(Intent { cmp=hashengineering.darkcoin.wallet_test/de.schildbach.wallet.service.BlockchainServiceImpl })
17:01:32 [DefaultDispatcher-worker-4] BlockchainServiceImpl - onStartCommand waiting for onCreate to complete...
17:01:32 [DefaultDispatcher-worker-4] BlockchainServiceImpl - onCreate completed, processing onStartCommand
17:01:32 [DefaultDispatcher-worker-4] BLSJniLibrary - Initializing BLS JNI Library
17:01:32 [DefaultDispatcher-worker-4] BlockchainServiceImpl - service start command: Intent { cmp=hashengineering.darkcoin.wallet_test/de.schildbach.wallet.service.BlockchainServiceImpl }
17:01:32 [DefaultDispatcher-worker-4] BlockchainServiceImpl - .onStartCommand(Intent { cmp=hashengineering.darkcoin.wallet_test/de.schildbach.wallet.service.BlockchainServiceImpl }) finished
17:01:32 [main] DashPaymentIntentParser - network parameters = org.darkcoin.test
17:01:32 [main] SendCoinsViewModel - got PaymentIntent[BIP21,[Output[null,Xg6ZyruE7ZZkebLDvRPwgrPzTC6AtJiYzN]],null]
17:01:32 [DefaultDispatcher-worker-8] BLSJniLibrary - Initializing BLS JNI Library
17:01:32 [DefaultDispatcher-worker-8] WalletBalanceObserver - process emit balance time: 0 ms, selector MaxOutputAmountCoinSelector
17:01:32 [DefaultDispatcher-worker-5] Constants - --> GET https://rates.ctx.com/rates?source=ctx
17:01:32 [main] AmountView - Exchange rate is not initialized
17:01:32 [main] AmountView - Exchange rate is not initialized
17:01:32 [main] SendCoinsFragment - enterAmountViewModel.blockContinue = true, viewModel.dryRunSuccessful.value = false
17:01:32 [main] SendCoinsFragment - enterAmountViewModel.blockContinue = true, viewModel.dryRunSuccessful.value = false
17:01:32 [main] BlockchainServiceImpl - .onStartCommand(Intent { cmp=hashengineering.darkcoin.wallet_test/de.schildbach.wallet.service.BlockchainServiceImpl })
17:01:32 [main] SendCoinsViewModel - proceeding with PaymentIntent[BIP21,[Output[null,Xg6ZyruE7ZZkebLDvRPwgrPzTC6AtJiYzN]],null]
17:01:32 [main] SendCoinsFragment - enterAmountViewModel.blockContinue = true, viewModel.dryRunSuccessful.value = false
17:01:32 [DefaultDispatcher-worker-9] BlockchainServiceImpl - onStartCommand waiting for onCreate to complete...
17:01:32 [DefaultDispatcher-worker-9] BlockchainServiceImpl - onCreate completed, processing onStartCommand
17:01:32 [DefaultDispatcher-worker-9] BLSJniLibrary - Initializing BLS JNI Library
17:01:32 [DefaultDispatcher-worker-9] BlockchainServiceImpl - service start command: Intent { cmp=hashengineering.darkcoin.wallet_test/de.schildbach.wallet.service.BlockchainServiceImpl }
17:01:32 [DefaultDispatcher-worker-9] BlockchainServiceImpl - .onStartCommand(Intent { cmp=hashengineering.darkcoin.wallet_test/de.schildbach.wallet.service.BlockchainServiceImpl }) finished
17:01:32 [DefaultDispatcher-worker-5] Constants - <-- 200 https://rates.ctx.com/rates?source=ctx (135ms, unknown-length body)
17:01:32 [DefaultDispatcher-worker-9] ExchangeRatesRepository - exchange rates updated successfully with de.schildbach.wallet.rates.DashRetailClient@8c522d9
17:01:32 [main] SendCoinsFragment - enterAmountViewModel.blockContinue = true, viewModel.dryRunSuccessful.value = false
17:01:32 [main] SendCoinsFragment - enterAmountViewModel.blockContinue = true, viewModel.dryRunSuccessful.value = false
17:01:32 [DefaultDispatcher-worker-9] ExchangeRatesRepository - updateTrigger
17:01:32 [main] SendCoinsFragment - enterAmountViewModel.blockContinue = true, viewModel.dryRunSuccessful.value = false
17:01:32 [main] WalletActivityTracker - activity lifecycle: current: MainActivity, activities: 2 visible: 1 foreground: 1
17:01:48 [DefaultDispatcher-worker-3] L1ShadowSyncService - L1 engine chainlock height 1556862 -> 1556863
17:01:48 [main] SendCoinsFragment - enterAmountViewModel.blockContinue = true, viewModel.dryRunSuccessful.value = false
17:01:48 [DefaultDispatcher-worker-1] MainViewModel - blockchain state update: mnlist=1556862; chain=1556862; wallet=-1
17:01:49 [DefaultDispatcher-worker-9] L1ShadowSyncService - L1Shadow phase=SYNCED 100.0% headers 1556863/1556863 filters 1556863/1556863 wallet 1556863
17:01:49 [DefaultDispatcher-worker-8] MainViewModel - blockchain state update: mnlist=1556863; chain=1556863; wallet=-1
17:01:49 [main] SendCoinsFragment - enterAmountViewModel.blockContinue = true, viewModel.dryRunSuccessful.value = false
17:01:49 [main] SendCoinsFragment - enterAmountViewModel.blockContinue = true, viewModel.dryRunSuccessful.value = false
17:01:57 [DefaultDispatcher-worker-6] SendCoinsViewModel - executeDryRun started
17:01:57 [DefaultDispatcher-worker-6] BLSJniLibrary - Initializing BLS JNI Library
17:01:57 [DefaultDispatcher-worker-6] BLSJniLibrary - Initializing BLS JNI Library
17:01:57 [DefaultDispatcher-worker-6] SendCoinsViewModel - executeDryRun finished (cutover-aware: SDK-overlaid affordability)
17:01:57 [main] SendCoinsFragment - enterAmountViewModel.blockContinue = false, viewModel.dryRunSuccessful.value = true
17:01:57 [DefaultDispatcher-worker-10] SendCoinsViewModel - executeDryRun started
17:01:57 [DefaultDispatcher-worker-10] BLSJniLibrary - Initializing BLS JNI Library
17:01:57 [DefaultDispatcher-worker-10] BLSJniLibrary - Initializing BLS JNI Library
17:01:57 [DefaultDispatcher-worker-10] SendCoinsViewModel - executeDryRun finished (cutover-aware: SDK-overlaid affordability)
17:01:57 [main] SendCoinsFragment - enterAmountViewModel.blockContinue = false, viewModel.dryRunSuccessful.value = true
17:01:58 [DefaultDispatcher-worker-11] SendCoinsViewModel - executeDryRun started
17:01:58 [DefaultDispatcher-worker-11] BLSJniLibrary - Initializing BLS JNI Library
17:01:58 [DefaultDispatcher-worker-11] BLSJniLibrary - Initializing BLS JNI Library
17:01:58 [DefaultDispatcher-worker-11] SendCoinsViewModel - executeDryRun finished (cutover-aware: SDK-overlaid affordability)
17:01:58 [main] SendCoinsFragment - enterAmountViewModel.blockContinue = false, viewModel.dryRunSuccessful.value = true
17:01:58 [DefaultDispatcher-worker-3] SendCoinsViewModel - executeDryRun started
17:01:58 [DefaultDispatcher-worker-3] BLSJniLibrary - Initializing BLS JNI Library
17:01:58 [DefaultDispatcher-worker-3] BLSJniLibrary - Initializing BLS JNI Library
17:01:58 [DefaultDispatcher-worker-4] SendCoinsViewModel - executeDryRun started
17:01:58 [DefaultDispatcher-worker-4] BLSJniLibrary - Initializing BLS JNI Library
17:01:58 [DefaultDispatcher-worker-4] BLSJniLibrary - Initializing BLS JNI Library
17:01:58 [DefaultDispatcher-worker-4] SendCoinsViewModel - executeDryRun finished (cutover-aware: SDK-overlaid affordability)
17:01:58 [main] SendCoinsFragment - enterAmountViewModel.blockContinue = false, viewModel.dryRunSuccessful.value = true
17:02:00 [main] BlockchainServiceImpl - MEM pss=308MB nativeHeap=171/193MB jvm=29/576MB
17:02:00 [main] BlockchainServiceImpl - History of transactions/blocks/headers/mnlistdiff (sdk): 0/1/1/1, 0/1/1/1, 0/0/0/0, 0/1/1/1, 2/1/1/1, 0/0/0/0, 0/0/0/0, 0/0/0/0, 0/1/1/1
17:02:02 [native-log-bridge] DashSdkNative - 09-19 12:01:48.885  4078  4561 I DashSDK : platform_wallet::changeset::core_bridge: wallet-event batch: folded=1 wallets=1 synced_height_persisted=Some(1556863) synced_height_frozen=None synced_height_rejected=None faulted=0
17:02:02 [native-log-bridge] DashSdkNative - 09-19 12:01:48.920  4078  4562 I DashSDK : platform_wallet::changeset::core_bridge: wallet-event batch: folded=1 wallets=1 synced_height_persisted=None synced_height_frozen=None synced_height_rejected=None faulted=0
17:02:09 [DefaultDispatcher-worker-7] BlockchainServiceImpl - network lost: 100, remaining networks: 1
17:02:20 [DefaultDispatcher-worker-7] SendCoinsViewModel - executeDryRun started
17:02:20 [DefaultDispatcher-worker-7] BLSJniLibrary - Initializing BLS JNI Library
17:02:20 [DefaultDispatcher-worker-7] BLSJniLibrary - Initializing BLS JNI Library
17:02:20 [DefaultDispatcher-worker-7] SendCoinsViewModel - executeDryRun finished (cutover-aware: SDK-overlaid affordability)
17:02:20 [main] SendCoinsFragment - enterAmountViewModel.blockContinue = false, viewModel.dryRunSuccessful.value = true
17:02:20 [DefaultDispatcher-worker-10] SendCoinsViewModel - executeDryRun started
17:02:20 [DefaultDispatcher-worker-10] BLSJniLibrary - Initializing BLS JNI Library
17:02:20 [DefaultDispatcher-worker-10] BLSJniLibrary - Initializing BLS JNI Library
17:02:20 [DefaultDispatcher-worker-10] SendCoinsViewModel - executeDryRun finished (cutover-aware: SDK-overlaid affordability)
17:02:20 [main] SendCoinsFragment - enterAmountViewModel.blockContinue = false, viewModel.dryRunSuccessful.value = true
17:02:20 [DefaultDispatcher-worker-2] SendCoinsViewModel - executeDryRun started
17:02:20 [DefaultDispatcher-worker-2] BLSJniLibrary - Initializing BLS JNI Library
17:02:20 [DefaultDispatcher-worker-2] BLSJniLibrary - Initializing BLS JNI Library
17:02:20 [DefaultDispatcher-worker-2] SendCoinsViewModel - executeDryRun finished (cutover-aware: SDK-overlaid affordability)
17:02:20 [main] SendCoinsFragment - enterAmountViewModel.blockContinue = false, viewModel.dryRunSuccessful.value = true
17:02:21 [DefaultDispatcher-worker-11] SendCoinsViewModel - executeDryRun started
17:02:21 [DefaultDispatcher-worker-11] BLSJniLibrary - Initializing BLS JNI Library
17:02:21 [DefaultDispatcher-worker-11] BLSJniLibrary - Initializing BLS JNI Library
17:02:21 [DefaultDispatcher-worker-11] SendCoinsViewModel - executeDryRun finished (cutover-aware: SDK-overlaid affordability)
17:02:21 [main] SendCoinsFragment - enterAmountViewModel.blockContinue = false, viewModel.dryRunSuccessful.value = true
17:02:21 [DefaultDispatcher-worker-5] SendCoinsViewModel - executeDryRun started
17:02:21 [DefaultDispatcher-worker-5] BLSJniLibrary - Initializing BLS JNI Library
17:02:21 [DefaultDispatcher-worker-5] BLSJniLibrary - Initializing BLS JNI Library
17:02:21 [DefaultDispatcher-worker-5] SendCoinsViewModel - executeDryRun finished (cutover-aware: SDK-overlaid affordability)
17:02:21 [main] SendCoinsFragment - enterAmountViewModel.blockContinue = false, viewModel.dryRunSuccessful.value = true
17:02:21 [DefaultDispatcher-worker-6] SendCoinsViewModel - executeDryRun started
17:02:21 [DefaultDispatcher-worker-6] BLSJniLibrary - Initializing BLS JNI Library
17:02:21 [DefaultDispatcher-worker-6] BLSJniLibrary - Initializing BLS JNI Library
17:02:21 [DefaultDispatcher-worker-6] SendCoinsViewModel - executeDryRun finished (cutover-aware: SDK-overlaid affordability)
17:02:21 [main] SendCoinsFragment - enterAmountViewModel.blockContinue = false, viewModel.dryRunSuccessful.value = true
17:02:22 [DefaultDispatcher-worker-3] SendCoinsViewModel - executeDryRun started
17:02:22 [DefaultDispatcher-worker-3] BLSJniLibrary - Initializing BLS JNI Library
17:02:22 [DefaultDispatcher-worker-3] BLSJniLibrary - Initializing BLS JNI Library
17:02:22 [DefaultDispatcher-worker-3] SendCoinsViewModel - executeDryRun finished (cutover-aware: SDK-overlaid affordability)
17:02:22 [main] SendCoinsFragment - enterAmountViewModel.blockContinue = false, viewModel.dryRunSuccessful.value = true
17:02:22 [main] SendCoinsFragment - enterAmountViewModel.blockContinue = true, viewModel.dryRunSuccessful.value = false
17:02:26 [DefaultDispatcher-worker-3] L1ShadowSyncService - L1 engine chainlock height 1556863 -> 1556864
17:02:26 [main] SendCoinsFragment - enterAmountViewModel.blockContinue = true, viewModel.dryRunSuccessful.value = false
17:02:26 [DefaultDispatcher-worker-2] MainViewModel - blockchain state update: mnlist=1556863; chain=1556863; wallet=-1
17:02:27 [DefaultDispatcher-worker-1] L1ShadowSyncService - L1Shadow phase=SYNCED 100.0% headers 1556864/1556864 filters 1556864/1556864 wallet 1556864
17:02:27 [DefaultDispatcher-worker-6] MainViewModel - blockchain state update: mnlist=1556863; chain=1556864; wallet=-1
17:02:27 [main] SendCoinsFragment - enterAmountViewModel.blockContinue = true, viewModel.dryRunSuccessful.value = false
17:02:27 [main] SendCoinsFragment - enterAmountViewModel.blockContinue = true, viewModel.dryRunSuccessful.value = false
17:02:27 [DefaultDispatcher-worker-1] BlockchainServiceImpl - network capabilities changed: 101, hasInternet: true, validated: true
17:02:27 [DefaultDispatcher-worker-1] BlockchainServiceImpl - acquiring check() mutex
17:02:27 [DefaultDispatcher-worker-1] BlockchainServiceImpl - check()
17:02:27 [DefaultDispatcher-worker-1] BlockchainServiceImpl - cutover committed — holding the dashj L1 engine; SDK owns L1 this launch
17:02:27 [DefaultDispatcher-worker-1] BlockchainServiceImpl - releasing check() mutex
17:02:27 [main] SendCoinsFragment - enterAmountViewModel.blockContinue = true, viewModel.dryRunSuccessful.value = false
17:02:30 [DefaultDispatcher-worker-3] BlockchainServiceImpl - network capabilities changed: 101, hasInternet: true, validated: true
17:02:30 [DefaultDispatcher-worker-3] BlockchainServiceImpl - acquiring check() mutex
17:02:30 [DefaultDispatcher-worker-3] BlockchainServiceImpl - check()
17:02:30 [DefaultDispatcher-worker-3] BlockchainServiceImpl - cutover committed — holding the dashj L1 engine; SDK owns L1 this launch
17:02:30 [DefaultDispatcher-worker-3] BlockchainServiceImpl - releasing check() mutex
17:02:30 [main] SendCoinsFragment - enterAmountViewModel.blockContinue = true, viewModel.dryRunSuccessful.value = false
17:02:31 [DefaultDispatcher-worker-3] SendCoinsViewModel - executeDryRun started
17:02:31 [DefaultDispatcher-worker-3] BLSJniLibrary - Initializing BLS JNI Library
17:02:31 [DefaultDispatcher-worker-3] BLSJniLibrary - Initializing BLS JNI Library
17:02:31 [DefaultDispatcher-worker-3] SendCoinsViewModel - executeDryRun finished (cutover-aware: SDK-overlaid affordability)
17:02:31 [main] SendCoinsFragment - enterAmountViewModel.blockContinue = false, viewModel.dryRunSuccessful.value = true
17:02:32 [DefaultDispatcher-worker-9] SendCoinsViewModel - executeDryRun started
17:02:32 [DefaultDispatcher-worker-9] BLSJniLibrary - Initializing BLS JNI Library
17:02:32 [DefaultDispatcher-worker-9] BLSJniLibrary - Initializing BLS JNI Library
17:02:32 [DefaultDispatcher-worker-9] SendCoinsViewModel - executeDryRun finished (cutover-aware: SDK-overlaid affordability)
17:02:32 [main] SendCoinsFragment - enterAmountViewModel.blockContinue = false, viewModel.dryRunSuccessful.value = true
17:02:32 [native-log-bridge] DashSdkNative - 09-19 12:02:26.467  4078  4562 I DashSDK : platform_wallet::changeset::core_bridge: wallet-event batch: folded=1 wallets=1 synced_height_persisted=Some(1556864) synced_height_frozen=None synced_height_rejected=None faulted=0
17:02:32 [native-log-bridge] DashSdkNative - 09-19 12:02:26.489  4078  4561 I DashSDK : platform_wallet::changeset::core_bridge: wallet-event batch: folded=1 wallets=1 synced_height_persisted=None synced_height_frozen=None synced_height_rejected=None faulted=0
17:02:33 [DefaultDispatcher-worker-6] SendCoinsViewModel - executeDryRun started
17:02:33 [DefaultDispatcher-worker-6] BLSJniLibrary - Initializing BLS JNI Library
17:02:33 [DefaultDispatcher-worker-6] BLSJniLibrary - Initializing BLS JNI Library
17:02:33 [DefaultDispatcher-worker-6] SendCoinsViewModel - executeDryRun finished (cutover-aware: SDK-overlaid affordability)
17:02:33 [main] SendCoinsFragment - enterAmountViewModel.blockContinue = false, viewModel.dryRunSuccessful.value = true
17:02:34 [DefaultDispatcher-worker-6] SendCoinsViewModel - executeDryRun started
17:02:34 [DefaultDispatcher-worker-6] BLSJniLibrary - Initializing BLS JNI Library
17:02:34 [DefaultDispatcher-worker-6] BLSJniLibrary - Initializing BLS JNI Library
17:02:34 [DefaultDispatcher-worker-10] SendCoinsViewModel - executeDryRun started
17:02:34 [DefaultDispatcher-worker-10] BLSJniLibrary - Initializing BLS JNI Library
17:02:34 [DefaultDispatcher-worker-10] BLSJniLibrary - Initializing BLS JNI Library
17:02:34 [DefaultDispatcher-worker-10] SendCoinsViewModel - executeDryRun finished (cutover-aware: SDK-overlaid affordability)
17:02:34 [main] SendCoinsFragment - enterAmountViewModel.blockContinue = false, viewModel.dryRunSuccessful.value = true
17:02:42 [DefaultDispatcher-worker-7] MainViewModel - blockchain state update: mnlist=1556864; chain=1556864; wallet=-1
17:02:42 [main] SendCoinsFragment - enterAmountViewModel.blockContinue = false, viewModel.dryRunSuccessful.value = true
17:03:00 [main] BlockchainServiceImpl - MEM pss=304MB nativeHeap=164/188MB jvm=23/576MB
17:03:00 [main] BlockchainServiceImpl - History of transactions/blocks/headers/mnlistdiff (sdk): 0/1/1/1, 0/1/1/1, 0/1/1/1, 0/0/0/0, 0/1/1/1, 2/1/1/1, 0/0/0/0, 0/0/0/0, 0/0/0/0
17:03:00 [main] BlockchainServiceImpl - MEM pss=304MB nativeHeap=164/188MB jvm=23/576MB
17:03:00 [main] BlockchainServiceImpl - History of transactions/blocks/headers/mnlistdiff (sdk): 0/0/0/0, 0/1/1/1, 0/1/1/1, 0/1/1/1, 0/0/0/0, 0/1/1/1, 2/1/1/1, 0/0/0/0, 0/0/0/0
17:03:00 [DefaultDispatcher-worker-3] SendCoinsViewModel - executeDryRun started
17:03:00 [DefaultDispatcher-worker-3] BLSJniLibrary - Initializing BLS JNI Library
17:03:00 [DefaultDispatcher-worker-3] BLSJniLibrary - Initializing BLS JNI Library
17:03:00 [DefaultDispatcher-worker-3] SendCoinsViewModel - executeDryRun finished (cutover-aware: SDK-overlaid affordability)
17:03:00 [main] SendCoinsFragment - enterAmountViewModel.blockContinue = false, viewModel.dryRunSuccessful.value = true
17:03:00 [DefaultDispatcher-worker-5] SendCoinsViewModel - executeDryRun started
17:03:00 [DefaultDispatcher-worker-5] BLSJniLibrary - Initializing BLS JNI Library
17:03:00 [DefaultDispatcher-worker-5] BLSJniLibrary - Initializing BLS JNI Library
17:03:00 [DefaultDispatcher-worker-5] SendCoinsViewModel - executeDryRun finished (cutover-aware: SDK-overlaid affordability)
17:03:00 [main] SendCoinsFragment - enterAmountViewModel.blockContinue = false, viewModel.dryRunSuccessful.value = true
17:03:00 [DefaultDispatcher-worker-4] SendCoinsViewModel - executeDryRun started
17:03:00 [DefaultDispatcher-worker-4] BLSJniLibrary - Initializing BLS JNI Library
17:03:00 [DefaultDispatcher-worker-4] BLSJniLibrary - Initializing BLS JNI Library
17:03:00 [DefaultDispatcher-worker-4] SendCoinsViewModel - executeDryRun finished (cutover-aware: SDK-overlaid affordability)
17:03:00 [main] SendCoinsFragment - enterAmountViewModel.blockContinue = false, viewModel.dryRunSuccessful.value = true
17:03:01 [DefaultDispatcher-worker-4] SendCoinsViewModel - executeDryRun started
17:03:01 [DefaultDispatcher-worker-4] BLSJniLibrary - Initializing BLS JNI Library
17:03:01 [DefaultDispatcher-worker-4] BLSJniLibrary - Initializing BLS JNI Library
17:03:01 [DefaultDispatcher-worker-4] SendCoinsViewModel - executeDryRun finished (cutover-aware: SDK-overlaid affordability)
17:03:01 [main] SendCoinsFragment - enterAmountViewModel.blockContinue = false, viewModel.dryRunSuccessful.value = true
17:03:01 [DefaultDispatcher-worker-9] SendCoinsViewModel - executeDryRun started
17:03:01 [DefaultDispatcher-worker-9] BLSJniLibrary - Initializing BLS JNI Library
17:03:01 [DefaultDispatcher-worker-9] BLSJniLibrary - Initializing BLS JNI Library
17:03:01 [DefaultDispatcher-worker-9] SendCoinsViewModel - executeDryRun finished (cutover-aware: SDK-overlaid affordability)
17:03:01 [main] SendCoinsFragment - enterAmountViewModel.blockContinue = false, viewModel.dryRunSuccessful.value = true
17:03:01 [DefaultDispatcher-worker-2] SendCoinsViewModel - executeDryRun started
17:03:01 [DefaultDispatcher-worker-2] BLSJniLibrary - Initializing BLS JNI Library
17:03:01 [DefaultDispatcher-worker-2] BLSJniLibrary - Initializing BLS JNI Library
17:03:01 [DefaultDispatcher-worker-2] SendCoinsViewModel - executeDryRun finished (cutover-aware: SDK-overlaid affordability)
17:03:01 [main] SendCoinsFragment - enterAmountViewModel.blockContinue = false, viewModel.dryRunSuccessful.value = true
17:03:01 [DefaultDispatcher-worker-11] SendCoinsViewModel - executeDryRun started
17:03:01 [DefaultDispatcher-worker-11] BLSJniLibrary - Initializing BLS JNI Library
17:03:01 [DefaultDispatcher-worker-11] BLSJniLibrary - Initializing BLS JNI Library
17:03:01 [DefaultDispatcher-worker-11] SendCoinsViewModel - executeDryRun finished (cutover-aware: SDK-overlaid affordability)
17:03:01 [main] SendCoinsFragment - enterAmountViewModel.blockContinue = false, viewModel.dryRunSuccessful.value = true
17:03:02 [main] SendCoinsFragment - enterAmountViewModel.blockContinue = true, viewModel.dryRunSuccessful.value = false
17:03:08 [DefaultDispatcher-worker-2] SendCoinsViewModel - executeDryRun started
17:03:08 [DefaultDispatcher-worker-2] BLSJniLibrary - Initializing BLS JNI Library
17:03:08 [DefaultDispatcher-worker-2] BLSJniLibrary - Initializing BLS JNI Library
17:03:08 [DefaultDispatcher-worker-2] SendCoinsViewModel - executeDryRun finished (cutover-aware: SDK-overlaid affordability)
17:03:08 [main] SendCoinsFragment - enterAmountViewModel.blockContinue = false, viewModel.dryRunSuccessful.value = true
17:03:09 [DefaultDispatcher-worker-2] SendCoinsViewModel - executeDryRun started
17:03:09 [DefaultDispatcher-worker-2] BLSJniLibrary - Initializing BLS JNI Library
17:03:09 [DefaultDispatcher-worker-2] BLSJniLibrary - Initializing BLS JNI Library
17:03:09 [main] SendCoinsFragment - dryRunException:
org.bitcoinj.core.InsufficientMoneyException: Insufficient money,  missing 0.00010226 DASH
	at de.schildbach.wallet.ui.send.SendCoinsViewModel.executeDryrun(SendCoinsViewModel.kt:523)
	at de.schildbach.wallet.ui.send.SendCoinsViewModel.access$executeDryrun(SendCoinsViewModel.kt:77)
	at de.schildbach.wallet.ui.send.SendCoinsViewModel$3$1.invokeSuspend(SendCoinsViewModel.kt:195)
	at kotlin.coroutines.jvm.internal.BaseContinuationImpl.resumeWith(ContinuationImpl.kt:33)
	at kotlinx.coroutines.DispatchedTask.run(DispatchedTask.kt:100)
	at kotlinx.coroutines.internal.LimitedDispatcher$Worker.run(LimitedDispatcher.kt:124)
	at kotlinx.coroutines.scheduling.TaskImpl.run(Tasks.kt:89)
	at kotlinx.coroutines.scheduling.CoroutineScheduler.runSafely(CoroutineScheduler.kt:586)
	at kotlinx.coroutines.scheduling.CoroutineScheduler$Worker.executeTask(CoroutineScheduler.kt:820)
	at kotlinx.coroutines.scheduling.CoroutineScheduler$Worker.runWorker(CoroutineScheduler.kt:717)
	at kotlinx.coroutines.scheduling.CoroutineScheduler$Worker.run(CoroutineScheduler.kt:704)
17:03:09 [main] SendCoinsFragment - enterAmountViewModel.blockContinue = true, viewModel.dryRunSuccessful.value = false
17:03:10 [DefaultDispatcher-worker-2] SendCoinsViewModel - executeDryRun started
17:03:10 [DefaultDispatcher-worker-2] BLSJniLibrary - Initializing BLS JNI Library
17:03:10 [DefaultDispatcher-worker-2] BLSJniLibrary - Initializing BLS JNI Library
17:03:10 [main] SendCoinsFragment - dryRunException:
org.bitcoinj.core.InsufficientMoneyException: Insufficient money,  missing 0.00910226 DASH
	at de.schildbach.wallet.ui.send.SendCoinsViewModel.executeDryrun(SendCoinsViewModel.kt:523)
	at de.schildbach.wallet.ui.send.SendCoinsViewModel.access$executeDryrun(SendCoinsViewModel.kt:77)
	at de.schildbach.wallet.ui.send.SendCoinsViewModel$3$1.invokeSuspend(SendCoinsViewModel.kt:195)
	at kotlin.coroutines.jvm.internal.BaseContinuationImpl.resumeWith(ContinuationImpl.kt:33)
	at kotlinx.coroutines.DispatchedTask.run(DispatchedTask.kt:100)
	at kotlinx.coroutines.internal.LimitedDispatcher$Worker.run(LimitedDispatcher.kt:124)
	at kotlinx.coroutines.scheduling.TaskImpl.run(Tasks.kt:89)
	at kotlinx.coroutines.scheduling.CoroutineScheduler.runSafely(CoroutineScheduler.kt:586)
	at kotlinx.coroutines.scheduling.CoroutineScheduler$Worker.executeTask(CoroutineScheduler.kt:820)
	at kotlinx.coroutines.scheduling.CoroutineScheduler$Worker.runWorker(CoroutineScheduler.kt:717)
	at kotlinx.coroutines.scheduling.CoroutineScheduler$Worker.run(CoroutineScheduler.kt:704)
17:03:10 [main] SendCoinsFragment - enterAmountViewModel.blockContinue = true, viewModel.dryRunSuccessful.value = false
17:03:11 [DefaultDispatcher-worker-6] SendCoinsViewModel - executeDryRun started
17:03:11 [DefaultDispatcher-worker-6] BLSJniLibrary - Initializing BLS JNI Library
17:03:11 [DefaultDispatcher-worker-6] BLSJniLibrary - Initializing BLS JNI Library
17:03:11 [main] SendCoinsFragment - dryRunException:
org.bitcoinj.core.InsufficientMoneyException: Insufficient money,  missing 0.01000226 DASH
	at de.schildbach.wallet.ui.send.SendCoinsViewModel.executeDryrun(SendCoinsViewModel.kt:523)
	at de.schildbach.wallet.ui.send.SendCoinsViewModel.access$executeDryrun(SendCoinsViewModel.kt:77)
	at de.schildbach.wallet.ui.send.SendCoinsViewModel$3$1.invokeSuspend(SendCoinsViewModel.kt:195)
	at kotlin.coroutines.jvm.internal.BaseContinuationImpl.resumeWith(ContinuationImpl.kt:33)
	at kotlinx.coroutines.DispatchedTask.run(DispatchedTask.kt:100)
	at kotlinx.coroutines.internal.LimitedDispatcher$Worker.run(LimitedDispatcher.kt:124)
	at kotlinx.coroutines.scheduling.TaskImpl.run(Tasks.kt:89)
	at kotlinx.coroutines.scheduling.CoroutineScheduler.runSafely(CoroutineScheduler.kt:586)
	at kotlinx.coroutines.scheduling.CoroutineScheduler$Worker.executeTask(CoroutineScheduler.kt:820)
	at kotlinx.coroutines.scheduling.CoroutineScheduler$Worker.runWorker(CoroutineScheduler.kt:717)
	at kotlinx.coroutines.scheduling.CoroutineScheduler$Worker.run(CoroutineScheduler.kt:704)
17:03:11 [main] SendCoinsFragment - enterAmountViewModel.blockContinue = true, viewModel.dryRunSuccessful.value = false
17:03:12 [DefaultDispatcher-worker-9] SendCoinsViewModel - executeDryRun started
17:03:12 [DefaultDispatcher-worker-9] BLSJniLibrary - Initializing BLS JNI Library
17:03:12 [DefaultDispatcher-worker-9] BLSJniLibrary - Initializing BLS JNI Library
17:03:12 [main] SendCoinsFragment - dryRunException:
org.bitcoinj.core.InsufficientMoneyException: Insufficient money,  missing 0.01009226 DASH
	at de.schildbach.wallet.ui.send.SendCoinsViewModel.executeDryrun(SendCoinsViewModel.kt:523)
	at de.schildbach.wallet.ui.send.SendCoinsViewModel.access$executeDryrun(SendCoinsViewModel.kt:77)
	at de.schildbach.wallet.ui.send.SendCoinsViewModel$3$1.invokeSuspend(SendCoinsViewModel.kt:195)
	at kotlin.coroutines.jvm.internal.BaseContinuationImpl.resumeWith(ContinuationImpl.kt:33)
	at kotlinx.coroutines.DispatchedTask.run(DispatchedTask.kt:100)
	at kotlinx.coroutines.internal.LimitedDispatcher$Worker.run(LimitedDispatcher.kt:124)
	at kotlinx.coroutines.scheduling.TaskImpl.run(Tasks.kt:89)
	at kotlinx.coroutines.scheduling.CoroutineScheduler.runSafely(CoroutineScheduler.kt:586)
	at kotlinx.coroutines.scheduling.CoroutineScheduler$Worker.executeTask(CoroutineScheduler.kt:820)
	at kotlinx.coroutines.scheduling.CoroutineScheduler$Worker.runWorker(CoroutineScheduler.kt:717)
	at kotlinx.coroutines.scheduling.CoroutineScheduler$Worker.run(CoroutineScheduler.kt:704)
17:03:12 [main] SendCoinsFragment - enterAmountViewModel.blockContinue = true, viewModel.dryRunSuccessful.value = false
17:03:13 [DefaultDispatcher-worker-6] SendCoinsViewModel - executeDryRun started
17:03:13 [DefaultDispatcher-worker-6] BLSJniLibrary - Initializing BLS JNI Library
17:03:13 [DefaultDispatcher-worker-6] BLSJniLibrary - Initializing BLS JNI Library
17:03:13 [main] SendCoinsFragment - dryRunException:
org.bitcoinj.core.InsufficientMoneyException: Insufficient money,  missing 0.01010126 DASH
	at de.schildbach.wallet.ui.send.SendCoinsViewModel.executeDryrun(SendCoinsViewModel.kt:523)
	at de.schildbach.wallet.ui.send.SendCoinsViewModel.access$executeDryrun(SendCoinsViewModel.kt:77)
	at de.schildbach.wallet.ui.send.SendCoinsViewModel$3$1.invokeSuspend(SendCoinsViewModel.kt:195)
	at kotlin.coroutines.jvm.internal.BaseContinuationImpl.resumeWith(ContinuationImpl.kt:33)
	at kotlinx.coroutines.DispatchedTask.run(DispatchedTask.kt:100)
	at kotlinx.coroutines.internal.LimitedDispatcher$Worker.run(LimitedDispatcher.kt:124)
	at kotlinx.coroutines.scheduling.TaskImpl.run(Tasks.kt:89)
	at kotlinx.coroutines.scheduling.CoroutineScheduler.runSafely(CoroutineScheduler.kt:586)
	at kotlinx.coroutines.scheduling.CoroutineScheduler$Worker.executeTask(CoroutineScheduler.kt:820)
	at kotlinx.coroutines.scheduling.CoroutineScheduler$Worker.runWorker(CoroutineScheduler.kt:717)
	at kotlinx.coroutines.scheduling.CoroutineScheduler$Worker.run(CoroutineScheduler.kt:704)
17:03:13 [main] SendCoinsFragment - enterAmountViewModel.blockContinue = true, viewModel.dryRunSuccessful.value = false
17:03:14 [DefaultDispatcher-worker-8] SendCoinsViewModel - executeDryRun started
17:03:14 [DefaultDispatcher-worker-8] BLSJniLibrary - Initializing BLS JNI Library
17:03:14 [DefaultDispatcher-worker-8] BLSJniLibrary - Initializing BLS JNI Library
17:03:14 [main] SendCoinsFragment - dryRunException:
org.bitcoinj.core.InsufficientMoneyException: Insufficient money,  missing 0.01010216 DASH
	at de.schildbach.wallet.ui.send.SendCoinsViewModel.executeDryrun(SendCoinsViewModel.kt:523)
	at de.schildbach.wallet.ui.send.SendCoinsViewModel.access$executeDryrun(SendCoinsViewModel.kt:77)
	at de.schildbach.wallet.ui.send.SendCoinsViewModel$3$1.invokeSuspend(SendCoinsViewModel.kt:195)
	at kotlin.coroutines.jvm.internal.BaseContinuationImpl.resumeWith(ContinuationImpl.kt:33)
	at kotlinx.coroutines.DispatchedTask.run(DispatchedTask.kt:100)
	at kotlinx.coroutines.internal.LimitedDispatcher$Worker.run(LimitedDispatcher.kt:124)
	at kotlinx.coroutines.scheduling.TaskImpl.run(Tasks.kt:89)
	at kotlinx.coroutines.scheduling.CoroutineScheduler.runSafely(CoroutineScheduler.kt:586)
	at kotlinx.coroutines.scheduling.CoroutineScheduler$Worker.executeTask(CoroutineScheduler.kt:820)
	at kotlinx.coroutines.scheduling.CoroutineScheduler$Worker.runWorker(CoroutineScheduler.kt:717)
	at kotlinx.coroutines.scheduling.CoroutineScheduler$Worker.run(CoroutineScheduler.kt:704)
17:03:14 [main] SendCoinsFragment - enterAmountViewModel.blockContinue = true, viewModel.dryRunSuccessful.value = false
17:03:15 [DefaultDispatcher-worker-4] SendCoinsViewModel - executeDryRun started
17:03:15 [DefaultDispatcher-worker-4] BLSJniLibrary - Initializing BLS JNI Library
17:03:15 [DefaultDispatcher-worker-4] BLSJniLibrary - Initializing BLS JNI Library
17:03:15 [main] SendCoinsFragment - dryRunException:
org.bitcoinj.core.InsufficientMoneyException: Insufficient money,  missing 0.01010225 DASH
	at de.schildbach.wallet.ui.send.SendCoinsViewModel.executeDryrun(SendCoinsViewModel.kt:523)
	at de.schildbach.wallet.ui.send.SendCoinsViewModel.access$executeDryrun(SendCoinsViewModel.kt:77)
	at de.schildbach.wallet.ui.send.SendCoinsViewModel$3$1.invokeSuspend(SendCoinsViewModel.kt:195)
	at kotlin.coroutines.jvm.internal.BaseContinuationImpl.resumeWith(ContinuationImpl.kt:33)
	at kotlinx.coroutines.DispatchedTask.run(DispatchedTask.kt:100)
	at kotlinx.coroutines.internal.LimitedDispatcher$Worker.run(LimitedDispatcher.kt:124)
	at kotlinx.coroutines.scheduling.TaskImpl.run(Tasks.kt:89)
	at kotlinx.coroutines.scheduling.CoroutineScheduler.runSafely(CoroutineScheduler.kt:586)
	at kotlinx.coroutines.scheduling.CoroutineScheduler$Worker.executeTask(CoroutineScheduler.kt:820)
	at kotlinx.coroutines.scheduling.CoroutineScheduler$Worker.runWorker(CoroutineScheduler.kt:717)
	at kotlinx.coroutines.scheduling.CoroutineScheduler$Worker.run(CoroutineScheduler.kt:704)
17:03:15 [main] SendCoinsFragment - enterAmountViewModel.blockContinue = true, viewModel.dryRunSuccessful.value = false
17:03:21 [DefaultDispatcher-worker-11] SendCoinsViewModel - executeDryRun started
17:03:21 [DefaultDispatcher-worker-11] BLSJniLibrary - Initializing BLS JNI Library
17:03:21 [DefaultDispatcher-worker-11] BLSJniLibrary - Initializing BLS JNI Library
17:03:21 [main] SendCoinsFragment - dryRunException:
org.bitcoinj.core.InsufficientMoneyException: Insufficient money,  missing 0.01010216 DASH
	at de.schildbach.wallet.ui.send.SendCoinsViewModel.executeDryrun(SendCoinsViewModel.kt:523)
	at de.schildbach.wallet.ui.send.SendCoinsViewModel.access$executeDryrun(SendCoinsViewModel.kt:77)
	at de.schildbach.wallet.ui.send.SendCoinsViewModel$3$1.invokeSuspend(SendCoinsViewModel.kt:195)
	at kotlin.coroutines.jvm.internal.BaseContinuationImpl.resumeWith(ContinuationImpl.kt:33)
	at kotlinx.coroutines.DispatchedTask.run(DispatchedTask.kt:100)
	at kotlinx.coroutines.internal.LimitedDispatcher$Worker.run(LimitedDispatcher.kt:124)
	at kotlinx.coroutines.scheduling.TaskImpl.run(Tasks.kt:89)
	at kotlinx.coroutines.scheduling.CoroutineScheduler.runSafely(CoroutineScheduler.kt:586)
	at kotlinx.coroutines.scheduling.CoroutineScheduler$Worker.executeTask(CoroutineScheduler.kt:820)
	at kotlinx.coroutines.scheduling.CoroutineScheduler$Worker.runWorker(CoroutineScheduler.kt:717)
	at kotlinx.coroutines.scheduling.CoroutineScheduler$Worker.run(CoroutineScheduler.kt:704)
17:03:21 [main] SendCoinsFragment - enterAmountViewModel.blockContinue = true, viewModel.dryRunSuccessful.value = false
17:03:22 [DefaultDispatcher-worker-6] SendCoinsViewModel - executeDryRun started
17:03:22 [DefaultDispatcher-worker-6] BLSJniLibrary - Initializing BLS JNI Library
17:03:22 [DefaultDispatcher-worker-6] BLSJniLibrary - Initializing BLS JNI Library
17:03:22 [main] SendCoinsFragment - dryRunException:
org.bitcoinj.core.InsufficientMoneyException: Insufficient money,  missing 0.01010126 DASH
	at de.schildbach.wallet.ui.send.SendCoinsViewModel.executeDryrun(SendCoinsViewModel.kt:523)
	at de.schildbach.wallet.ui.send.SendCoinsViewModel.access$executeDryrun(SendCoinsViewModel.kt:77)
	at de.schildbach.wallet.ui.send.SendCoinsViewModel$3$1.invokeSuspend(SendCoinsViewModel.kt:195)
	at kotlin.coroutines.jvm.internal.BaseContinuationImpl.resumeWith(ContinuationImpl.kt:33)
	at kotlinx.coroutines.DispatchedTask.run(DispatchedTask.kt:100)
	at kotlinx.coroutines.internal.LimitedDispatcher$Worker.run(LimitedDispatcher.kt:124)
	at kotlinx.coroutines.scheduling.TaskImpl.run(Tasks.kt:89)
	at kotlinx.coroutines.scheduling.CoroutineScheduler.runSafely(CoroutineScheduler.kt:586)
	at kotlinx.coroutines.scheduling.CoroutineScheduler$Worker.executeTask(CoroutineScheduler.kt:820)
	at kotlinx.coroutines.scheduling.CoroutineScheduler$Worker.runWorker(CoroutineScheduler.kt:717)
	at kotlinx.coroutines.scheduling.CoroutineScheduler$Worker.run(CoroutineScheduler.kt:704)
17:03:22 [main] SendCoinsFragment - enterAmountViewModel.blockContinue = true, viewModel.dryRunSuccessful.value = false
17:03:22 [DefaultDispatcher-worker-9] SendCoinsViewModel - executeDryRun started
17:03:22 [DefaultDispatcher-worker-9] BLSJniLibrary - Initializing BLS JNI Library
17:03:22 [DefaultDispatcher-worker-9] BLSJniLibrary - Initializing BLS JNI Library
17:03:22 [main] SendCoinsFragment - dryRunException:
org.bitcoinj.core.InsufficientMoneyException: Insufficient money,  missing 0.01009226 DASH
	at de.schildbach.wallet.ui.send.SendCoinsViewModel.executeDryrun(SendCoinsViewModel.kt:523)
	at de.schildbach.wallet.ui.send.SendCoinsViewModel.access$executeDryrun(SendCoinsViewModel.kt:77)
	at de.schildbach.wallet.ui.send.SendCoinsViewModel$3$1.invokeSuspend(SendCoinsViewModel.kt:195)
	at kotlin.coroutines.jvm.internal.BaseContinuationImpl.resumeWith(ContinuationImpl.kt:33)
	at kotlinx.coroutines.DispatchedTask.run(DispatchedTask.kt:100)
	at kotlinx.coroutines.internal.LimitedDispatcher$Worker.run(LimitedDispatcher.kt:124)
	at kotlinx.coroutines.scheduling.TaskImpl.run(Tasks.kt:89)
	at kotlinx.coroutines.scheduling.CoroutineScheduler.runSafely(CoroutineScheduler.kt:586)
	at kotlinx.coroutines.scheduling.CoroutineScheduler$Worker.executeTask(CoroutineScheduler.kt:820)
	at kotlinx.coroutines.scheduling.CoroutineScheduler$Worker.runWorker(CoroutineScheduler.kt:717)
	at kotlinx.coroutines.scheduling.CoroutineScheduler$Worker.run(CoroutineScheduler.kt:704)
17:03:22 [main] SendCoinsFragment - enterAmountViewModel.blockContinue = true, viewModel.dryRunSuccessful.value = false
17:03:22 [DefaultDispatcher-worker-6] SendCoinsViewModel - executeDryRun started
17:03:22 [DefaultDispatcher-worker-6] BLSJniLibrary - Initializing BLS JNI Library
17:03:22 [DefaultDispatcher-worker-6] BLSJniLibrary - Initializing BLS JNI Library
17:03:22 [main] SendCoinsFragment - dryRunException:
org.bitcoinj.core.InsufficientMoneyException: Insufficient money,  missing 0.01000226 DASH
	at de.schildbach.wallet.ui.send.SendCoinsViewModel.executeDryrun(SendCoinsViewModel.kt:523)
	at de.schildbach.wallet.ui.send.SendCoinsViewModel.access$executeDryrun(SendCoinsViewModel.kt:77)
	at de.schildbach.wallet.ui.send.SendCoinsViewModel$3$1.invokeSuspend(SendCoinsViewModel.kt:195)
	at kotlin.coroutines.jvm.internal.BaseContinuationImpl.resumeWith(ContinuationImpl.kt:33)
	at kotlinx.coroutines.DispatchedTask.run(DispatchedTask.kt:100)
	at kotlinx.coroutines.internal.LimitedDispatcher$Worker.run(LimitedDispatcher.kt:124)
	at kotlinx.coroutines.scheduling.TaskImpl.run(Tasks.kt:89)
	at kotlinx.coroutines.scheduling.CoroutineScheduler.runSafely(CoroutineScheduler.kt:586)
	at kotlinx.coroutines.scheduling.CoroutineScheduler$Worker.executeTask(CoroutineScheduler.kt:820)
	at kotlinx.coroutines.scheduling.CoroutineScheduler$Worker.runWorker(CoroutineScheduler.kt:717)
	at kotlinx.coroutines.scheduling.CoroutineScheduler$Worker.run(CoroutineScheduler.kt:704)
17:03:22 [main] SendCoinsFragment - enterAmountViewModel.blockContinue = true, viewModel.dryRunSuccessful.value = false
17:03:22 [DefaultDispatcher-worker-2] SendCoinsViewModel - executeDryRun started
17:03:22 [DefaultDispatcher-worker-2] BLSJniLibrary - Initializing BLS JNI Library
17:03:22 [DefaultDispatcher-worker-2] BLSJniLibrary - Initializing BLS JNI Library
17:03:22 [main] SendCoinsFragment - dryRunException:
org.bitcoinj.core.InsufficientMoneyException: Insufficient money,  missing 0.00910226 DASH
	at de.schildbach.wallet.ui.send.SendCoinsViewModel.executeDryrun(SendCoinsViewModel.kt:523)
	at de.schildbach.wallet.ui.send.SendCoinsViewModel.access$executeDryrun(SendCoinsViewModel.kt:77)
	at de.schildbach.wallet.ui.send.SendCoinsViewModel$3$1.invokeSuspend(SendCoinsViewModel.kt:195)
	at kotlin.coroutines.jvm.internal.BaseContinuationImpl.resumeWith(ContinuationImpl.kt:33)
	at kotlinx.coroutines.DispatchedTask.run(DispatchedTask.kt:100)
	at kotlinx.coroutines.internal.LimitedDispatcher$Worker.run(LimitedDispatcher.kt:124)
	at kotlinx.coroutines.scheduling.TaskImpl.run(Tasks.kt:89)
	at kotlinx.coroutines.scheduling.CoroutineScheduler.runSafely(CoroutineScheduler.kt:586)
	at kotlinx.coroutines.scheduling.CoroutineScheduler$Worker.executeTask(CoroutineScheduler.kt:820)
	at kotlinx.coroutines.scheduling.CoroutineScheduler$Worker.runWorker(CoroutineScheduler.kt:717)
	at kotlinx.coroutines.scheduling.CoroutineScheduler$Worker.run(CoroutineScheduler.kt:704)
17:03:22 [main] SendCoinsFragment - enterAmountViewModel.blockContinue = true, viewModel.dryRunSuccessful.value = false
17:03:23 [DefaultDispatcher-worker-11] SendCoinsViewModel - executeDryRun started
17:03:23 [DefaultDispatcher-worker-11] BLSJniLibrary - Initializing BLS JNI Library
17:03:23 [DefaultDispatcher-worker-11] BLSJniLibrary - Initializing BLS JNI Library
17:03:23 [main] SendCoinsFragment - dryRunException:
org.bitcoinj.core.InsufficientMoneyException: Insufficient money,  missing 0.00010226 DASH
	at de.schildbach.wallet.ui.send.SendCoinsViewModel.executeDryrun(SendCoinsViewModel.kt:523)
	at de.schildbach.wallet.ui.send.SendCoinsViewModel.access$executeDryrun(SendCoinsViewModel.kt:77)
	at de.schildbach.wallet.ui.send.SendCoinsViewModel$3$1.invokeSuspend(SendCoinsViewModel.kt:195)
	at kotlin.coroutines.jvm.internal.BaseContinuationImpl.resumeWith(ContinuationImpl.kt:33)
	at kotlinx.coroutines.DispatchedTask.run(DispatchedTask.kt:100)
	at kotlinx.coroutines.internal.LimitedDispatcher$Worker.run(LimitedDispatcher.kt:124)
	at kotlinx.coroutines.scheduling.TaskImpl.run(Tasks.kt:89)
	at kotlinx.coroutines.scheduling.CoroutineScheduler.runSafely(CoroutineScheduler.kt:586)
	at kotlinx.coroutines.scheduling.CoroutineScheduler$Worker.executeTask(CoroutineScheduler.kt:820)
	at kotlinx.coroutines.scheduling.CoroutineScheduler$Worker.runWorker(CoroutineScheduler.kt:717)
	at kotlinx.coroutines.scheduling.CoroutineScheduler$Worker.run(CoroutineScheduler.kt:704)
17:03:23 [main] SendCoinsFragment - enterAmountViewModel.blockContinue = true, viewModel.dryRunSuccessful.value = false
17:03:23 [DefaultDispatcher-worker-4] SendCoinsViewModel - executeDryRun started
17:03:23 [DefaultDispatcher-worker-4] BLSJniLibrary - Initializing BLS JNI Library
17:03:23 [DefaultDispatcher-worker-4] BLSJniLibrary - Initializing BLS JNI Library
17:03:23 [DefaultDispatcher-worker-4] SendCoinsViewModel - executeDryRun finished (cutover-aware: SDK-overlaid affordability)
17:03:23 [main] SendCoinsFragment - enterAmountViewModel.blockContinue = false, viewModel.dryRunSuccessful.value = true
17:03:23 [main] SendCoinsFragment - enterAmountViewModel.blockContinue = true, viewModel.dryRunSuccessful.value = false
17:03:30 [DefaultDispatcher-worker-7] SendCoinsViewModel - executeDryRun started
17:03:30 [DefaultDispatcher-worker-7] BLSJniLibrary - Initializing BLS JNI Library
17:03:30 [DefaultDispatcher-worker-7] BLSJniLibrary - Initializing BLS JNI Library
17:03:30 [DefaultDispatcher-worker-7] SendCoinsViewModel - executeDryRun finished (cutover-aware: SDK-overlaid affordability)
17:03:30 [main] SendCoinsFragment - enterAmountViewModel.blockContinue = false, viewModel.dryRunSuccessful.value = true
17:03:52 [main] SendCoinsFragment - enterAmountViewModel.blockContinue = true, viewModel.dryRunSuccessful.value = false
17:03:57 [DefaultDispatcher-worker-6] BlockchainServiceImpl - network capabilities changed: 101, hasInternet: true, validated: true
17:03:57 [DefaultDispatcher-worker-6] BlockchainServiceImpl - acquiring check() mutex
17:03:57 [DefaultDispatcher-worker-6] BlockchainServiceImpl - check()
17:03:57 [DefaultDispatcher-worker-6] BlockchainServiceImpl - cutover committed — holding the dashj L1 engine; SDK owns L1 this launch
17:03:57 [DefaultDispatcher-worker-6] BlockchainServiceImpl - releasing check() mutex
17:03:57 [main] BlockchainServiceImpl - cutover committed and SDK L1 scan synced — triggering identity/contacts discovery
17:03:57 [main] SendCoinsFragment - enterAmountViewModel.blockContinue = true, viewModel.dryRunSuccessful.value = false
17:03:57 [DefaultDispatcher-worker-11] BlockchainIdentityData - creation: BlockchainIdentityData(NONE, null, null, null, null, null)
17:03:57 [DefaultDispatcher-worker-11] PlatformSynchronizationService - discoverAndRecoverIdentity: checking for existing associated identity
17:03:57 [DefaultDispatcher-worker-11] SecurityGuard - loading security guard [healthy=true] with keys: [keystore_healthy, fallback_pin_wallet_password_key, primary_ui_pin_key, modern_encryption_migration_complete, fallback_mnemonic_wallet_password_key, primary_wallet_password_key, fallback_mnemonic_ui_pin_key]
17:03:57 [DefaultDispatcher-worker-11] ModernEncryptionProvider - Decrypted data for alias: wallet_password_key
17:03:57 [DefaultDispatcher-worker-11] KeyCrypterScrypt - Deriving key took 106.4 ms for N=65536, r=8, p=1.
17:03:57 [DefaultDispatcher-worker-11] DapiClient - getIdentityByFirstPublicKey(48ccf9a43eee96f92a0ca7f8dced9dc2630d05f2)
17:03:58 [DefaultDispatcher-worker-11] PlatformSynchronizationService - discoverAndRecoverIdentity: no existing identity found
17:03:58 [DefaultDispatcher-worker-11] PlatformSynchronizationService - identity-discovery guard released (no identity found) — a later discovery may run again
17:03:58 [DefaultDispatcher-worker-11] BlockchainServiceImpl - post-cutover identity discovery found nothing and the wallet has no identity — re-arming; next attempt no sooner than 120000 ms from now
17:03:58 [DefaultDispatcher-worker-9] PlatformSynchronizationService - TxMetadata settings: saveToNetwork=false frequency=afterTenTransactions saveAfter=9223372036854775807 paymentCategory=false taxCategory=false exchangeRates=false memos=false giftCards=false storedDocuments=0
17:04:00 [main] BlockchainServiceImpl - MEM pss=296MB nativeHeap=162/187MB jvm=24/576MB
17:04:00 [main] BlockchainServiceImpl - History of transactions/blocks/headers/mnlistdiff (sdk): 0/0/0/0, 0/0/0/0, 0/1/1/1, 0/1/1/1, 0/1/1/1, 0/0/0/0, 0/1/1/1, 2/1/1/1, 0/0/0/0
17:04:00 [DefaultDispatcher-worker-11] BlockchainServiceImpl - network capabilities changed: 101, hasInternet: true, validated: true
17:04:00 [DefaultDispatcher-worker-11] BlockchainServiceImpl - acquiring check() mutex
17:04:00 [DefaultDispatcher-worker-11] BlockchainServiceImpl - check()
17:04:00 [DefaultDispatcher-worker-11] BlockchainServiceImpl - cutover committed — holding the dashj L1 engine; SDK owns L1 this launch
17:04:00 [DefaultDispatcher-worker-11] BlockchainServiceImpl - releasing check() mutex
17:04:00 [main] SendCoinsFragment - enterAmountViewModel.blockContinue = true, viewModel.dryRunSuccessful.value = false
17:04:00 [DefaultDispatcher-worker-1] SendCoinsViewModel - executeDryRun started
17:04:00 [DefaultDispatcher-worker-1] BLSJniLibrary - Initializing BLS JNI Library
17:04:00 [DefaultDispatcher-worker-1] BLSJniLibrary - Initializing BLS JNI Library
17:04:00 [DefaultDispatcher-worker-1] SendCoinsViewModel - executeDryRun finished (cutover-aware: SDK-overlaid affordability)
17:04:00 [main] SendCoinsFragment - enterAmountViewModel.blockContinue = false, viewModel.dryRunSuccessful.value = true
17:04:01 [DefaultDispatcher-worker-6] SendCoinsViewModel - executeDryRun started
17:04:01 [DefaultDispatcher-worker-6] BLSJniLibrary - Initializing BLS JNI Library
17:04:01 [DefaultDispatcher-worker-6] BLSJniLibrary - Initializing BLS JNI Library
17:04:01 [DefaultDispatcher-worker-6] SendCoinsViewModel - executeDryRun finished (cutover-aware: SDK-overlaid affordability)
17:04:01 [main] SendCoinsFragment - enterAmountViewModel.blockContinue = false, viewModel.dryRunSuccessful.value = true
17:04:02 [DefaultDispatcher-worker-9] SendCoinsViewModel - executeDryRun started
17:04:02 [DefaultDispatcher-worker-9] BLSJniLibrary - Initializing BLS JNI Library
17:04:02 [DefaultDispatcher-worker-9] BLSJniLibrary - Initializing BLS JNI Library
17:04:02 [DefaultDispatcher-worker-9] SendCoinsViewModel - executeDryRun finished (cutover-aware: SDK-overlaid affordability)
17:04:02 [main] SendCoinsFragment - enterAmountViewModel.blockContinue = false, viewModel.dryRunSuccessful.value = true
17:04:04 [DefaultDispatcher-worker-10] SendCoinsViewModel - executeDryRun started
17:04:04 [DefaultDispatcher-worker-10] BLSJniLibrary - Initializing BLS JNI Library
17:04:04 [DefaultDispatcher-worker-10] BLSJniLibrary - Initializing BLS JNI Library
17:04:04 [DefaultDispatcher-worker-9] SendCoinsViewModel - executeDryRun started
17:04:04 [DefaultDispatcher-worker-9] BLSJniLibrary - Initializing BLS JNI Library
17:04:04 [DefaultDispatcher-worker-9] BLSJniLibrary - Initializing BLS JNI Library
17:04:04 [DefaultDispatcher-worker-9] SendCoinsViewModel - executeDryRun finished (cutover-aware: SDK-overlaid affordability)
17:04:04 [main] SendCoinsFragment - enterAmountViewModel.blockContinue = false, viewModel.dryRunSuccessful.value = true
17:04:06 [DefaultDispatcher-worker-1] BlockchainServiceImpl - network capabilities changed: 101, hasInternet: true, validated: true
17:04:06 [DefaultDispatcher-worker-1] BlockchainServiceImpl - acquiring check() mutex
17:04:06 [DefaultDispatcher-worker-1] BlockchainServiceImpl - check()
17:04:06 [DefaultDispatcher-worker-1] BlockchainServiceImpl - cutover committed — holding the dashj L1 engine; SDK owns L1 this launch
17:04:06 [DefaultDispatcher-worker-1] BlockchainServiceImpl - releasing check() mutex
17:04:06 [main] SendCoinsFragment - enterAmountViewModel.blockContinue = false, viewModel.dryRunSuccessful.value = true
17:04:09 [DefaultDispatcher-worker-5] BlockchainServiceImpl - network capabilities changed: 101, hasInternet: true, validated: true
17:04:09 [DefaultDispatcher-worker-5] BlockchainServiceImpl - acquiring check() mutex
17:04:09 [DefaultDispatcher-worker-5] BlockchainServiceImpl - check()
17:04:09 [DefaultDispatcher-worker-5] BlockchainServiceImpl - cutover committed — holding the dashj L1 engine; SDK owns L1 this launch
17:04:09 [DefaultDispatcher-worker-5] BlockchainServiceImpl - releasing check() mutex
17:04:09 [main] SendCoinsFragment - enterAmountViewModel.blockContinue = false, viewModel.dryRunSuccessful.value = true
17:04:13 [DefaultDispatcher-worker-11] SendCoinsViewModel - executeDryRun started
17:04:13 [DefaultDispatcher-worker-11] BLSJniLibrary - Initializing BLS JNI Library
17:04:13 [DefaultDispatcher-worker-11] BLSJniLibrary - Initializing BLS JNI Library
17:04:13 [DefaultDispatcher-worker-11] SendCoinsViewModel - executeDryRun finished (cutover-aware: SDK-overlaid affordability)
17:04:13 [main] SendCoinsFragment - enterAmountViewModel.blockContinue = false, viewModel.dryRunSuccessful.value = true
17:04:13 [DefaultDispatcher-worker-7] SendCoinsViewModel - executeDryRun started
17:04:13 [DefaultDispatcher-worker-7] BLSJniLibrary - Initializing BLS JNI Library
17:04:13 [DefaultDispatcher-worker-7] BLSJniLibrary - Initializing BLS JNI Library
17:04:13 [DefaultDispatcher-worker-7] SendCoinsViewModel - executeDryRun finished (cutover-aware: SDK-overlaid affordability)
17:04:13 [main] SendCoinsFragment - enterAmountViewModel.blockContinue = false, viewModel.dryRunSuccessful.value = true
17:04:13 [DefaultDispatcher-worker-4] SendCoinsViewModel - executeDryRun started
17:04:13 [DefaultDispatcher-worker-4] BLSJniLibrary - Initializing BLS JNI Library
17:04:13 [DefaultDispatcher-worker-4] BLSJniLibrary - Initializing BLS JNI Library
17:04:13 [DefaultDispatcher-worker-4] SendCoinsViewModel - executeDryRun finished (cutover-aware: SDK-overlaid affordability)
17:04:13 [main] SendCoinsFragment - enterAmountViewModel.blockContinue = false, viewModel.dryRunSuccessful.value = true
17:04:14 [DefaultDispatcher-worker-7] SendCoinsViewModel - executeDryRun started
17:04:14 [DefaultDispatcher-worker-7] BLSJniLibrary - Initializing BLS JNI Library
17:04:14 [DefaultDispatcher-worker-7] BLSJniLibrary - Initializing BLS JNI Library
17:04:14 [DefaultDispatcher-worker-7] SendCoinsViewModel - executeDryRun finished (cutover-aware: SDK-overlaid affordability)
17:04:14 [main] SendCoinsFragment - enterAmountViewModel.blockContinue = false, viewModel.dryRunSuccessful.value = true
17:04:14 [DefaultDispatcher-worker-4] SendCoinsViewModel - executeDryRun started
17:04:14 [DefaultDispatcher-worker-4] BLSJniLibrary - Initializing BLS JNI Library
17:04:14 [DefaultDispatcher-worker-4] BLSJniLibrary - Initializing BLS JNI Library
17:04:14 [DefaultDispatcher-worker-4] SendCoinsViewModel - executeDryRun finished (cutover-aware: SDK-overlaid affordability)
17:04:14 [main] SendCoinsFragment - enterAmountViewModel.blockContinue = false, viewModel.dryRunSuccessful.value = true
17:04:14 [DefaultDispatcher-worker-10] SendCoinsViewModel - executeDryRun started
17:04:14 [DefaultDispatcher-worker-10] BLSJniLibrary - Initializing BLS JNI Library
17:04:14 [DefaultDispatcher-worker-10] BLSJniLibrary - Initializing BLS JNI Library
17:04:14 [DefaultDispatcher-worker-10] SendCoinsViewModel - executeDryRun finished (cutover-aware: SDK-overlaid affordability)
17:04:14 [main] SendCoinsFragment - enterAmountViewModel.blockContinue = false, viewModel.dryRunSuccessful.value = true
17:04:15 [DefaultDispatcher-worker-7] SendCoinsViewModel - executeDryRun started
17:04:15 [DefaultDispatcher-worker-7] BLSJniLibrary - Initializing BLS JNI Library
17:04:15 [DefaultDispatcher-worker-7] BLSJniLibrary - Initializing BLS JNI Library
17:04:15 [DefaultDispatcher-worker-7] SendCoinsViewModel - executeDryRun finished (cutover-aware: SDK-overlaid affordability)
17:04:15 [main] SendCoinsFragment - enterAmountViewModel.blockContinue = false, viewModel.dryRunSuccessful.value = true
17:04:15 [main] SendCoinsFragment - enterAmountViewModel.blockContinue = true, viewModel.dryRunSuccessful.value = false
17:04:18 [DefaultDispatcher-worker-2] BlockchainServiceImpl - network capabilities changed: 101, hasInternet: true, validated: true
17:04:18 [DefaultDispatcher-worker-2] BlockchainServiceImpl - acquiring check() mutex
17:04:18 [DefaultDispatcher-worker-2] BlockchainServiceImpl - check()
17:04:18 [DefaultDispatcher-worker-2] BlockchainServiceImpl - cutover committed — holding the dashj L1 engine; SDK owns L1 this launch
17:04:18 [DefaultDispatcher-worker-2] BlockchainServiceImpl - releasing check() mutex
17:04:18 [main] SendCoinsFragment - enterAmountViewModel.blockContinue = true, viewModel.dryRunSuccessful.value = false
17:04:21 [DefaultDispatcher-worker-1] SendCoinsViewModel - executeDryRun started
17:04:21 [DefaultDispatcher-worker-1] BLSJniLibrary - Initializing BLS JNI Library
17:04:21 [DefaultDispatcher-worker-1] BLSJniLibrary - Initializing BLS JNI Library
17:04:21 [DefaultDispatcher-worker-1] SendCoinsViewModel - executeDryRun finished (cutover-aware: SDK-overlaid affordability)
17:04:21 [main] SendCoinsFragment - enterAmountViewModel.blockContinue = false, viewModel.dryRunSuccessful.value = true
17:04:22 [DefaultDispatcher-worker-6] SendCoinsViewModel - executeDryRun started
17:04:22 [DefaultDispatcher-worker-6] BLSJniLibrary - Initializing BLS JNI Library
17:04:22 [DefaultDispatcher-worker-6] BLSJniLibrary - Initializing BLS JNI Library
17:04:22 [DefaultDispatcher-worker-6] SendCoinsViewModel - executeDryRun finished (cutover-aware: SDK-overlaid affordability)
17:04:22 [main] SendCoinsFragment - enterAmountViewModel.blockContinue = false, viewModel.dryRunSuccessful.value = true
17:04:23 [DefaultDispatcher-worker-6] SendCoinsViewModel - executeDryRun started
17:04:23 [DefaultDispatcher-worker-6] BLSJniLibrary - Initializing BLS JNI Library
17:04:23 [DefaultDispatcher-worker-6] BLSJniLibrary - Initializing BLS JNI Library
17:04:23 [DefaultDispatcher-worker-6] SendCoinsViewModel - executeDryRun finished (cutover-aware: SDK-overlaid affordability)
17:04:23 [main] SendCoinsFragment - enterAmountViewModel.blockContinue = false, viewModel.dryRunSuccessful.value = true
17:04:24 [DefaultDispatcher-worker-3] SendCoinsViewModel - executeDryRun started
17:04:24 [DefaultDispatcher-worker-3] BLSJniLibrary - Initializing BLS JNI Library
17:04:24 [DefaultDispatcher-worker-3] BLSJniLibrary - Initializing BLS JNI Library
17:04:24 [DefaultDispatcher-worker-1] BlockchainServiceImpl - network capabilities changed: 101, hasInternet: true, validated: true
17:04:24 [DefaultDispatcher-worker-1] BlockchainServiceImpl - acquiring check() mutex
17:04:24 [DefaultDispatcher-worker-1] BlockchainServiceImpl - check()
17:04:24 [DefaultDispatcher-worker-1] BlockchainServiceImpl - cutover committed — holding the dashj L1 engine; SDK owns L1 this launch
17:04:24 [DefaultDispatcher-worker-1] BlockchainServiceImpl - releasing check() mutex
17:04:24 [main] SendCoinsFragment - dryRunException:
org.bitcoinj.core.InsufficientMoneyException: Insufficient money,  missing 0.00000226 DASH
	at de.schildbach.wallet.ui.send.SendCoinsViewModel.executeDryrun(SendCoinsViewModel.kt:523)
	at de.schildbach.wallet.ui.send.SendCoinsViewModel.access$executeDryrun(SendCoinsViewModel.kt:77)
	at de.schildbach.wallet.ui.send.SendCoinsViewModel$3$1.invokeSuspend(SendCoinsViewModel.kt:195)
	at kotlin.coroutines.jvm.internal.BaseContinuationImpl.resumeWith(ContinuationImpl.kt:33)
	at kotlinx.coroutines.DispatchedTask.run(DispatchedTask.kt:100)
	at kotlinx.coroutines.internal.LimitedDispatcher$Worker.run(LimitedDispatcher.kt:124)
	at kotlinx.coroutines.scheduling.TaskImpl.run(Tasks.kt:89)
	at kotlinx.coroutines.scheduling.CoroutineScheduler.runSafely(CoroutineScheduler.kt:586)
	at kotlinx.coroutines.scheduling.CoroutineScheduler$Worker.executeTask(CoroutineScheduler.kt:820)
	at kotlinx.coroutines.scheduling.CoroutineScheduler$Worker.runWorker(CoroutineScheduler.kt:717)
	at kotlinx.coroutines.scheduling.CoroutineScheduler$Worker.run(CoroutineScheduler.kt:704)
17:04:24 [main] SendCoinsFragment - enterAmountViewModel.blockContinue = true, viewModel.dryRunSuccessful.value = false
17:04:24 [DefaultDispatcher-worker-11] SendCoinsViewModel - executeDryRun started
17:04:24 [DefaultDispatcher-worker-11] BLSJniLibrary - Initializing BLS JNI Library
17:04:24 [DefaultDispatcher-worker-11] BLSJniLibrary - Initializing BLS JNI Library
17:04:24 [DefaultDispatcher-worker-11] SendCoinsViewModel - executeDryRun finished (cutover-aware: SDK-overlaid affordability)
17:04:24 [main] SendCoinsFragment - enterAmountViewModel.blockContinue = false, viewModel.dryRunSuccessful.value = true
17:04:33 [DefaultDispatcher-worker-7] SendCoinsViewModel - executeDryRun started
17:04:33 [DefaultDispatcher-worker-7] BLSJniLibrary - Initializing BLS JNI Library
17:04:33 [DefaultDispatcher-worker-7] BLSJniLibrary - Initializing BLS JNI Library
17:04:33 [DefaultDispatcher-worker-7] SendCoinsViewModel - executeDryRun finished (cutover-aware: SDK-overlaid affordability)
17:04:33 [main] SendCoinsFragment - enterAmountViewModel.blockContinue = false, viewModel.dryRunSuccessful.value = true
17:04:34 [DefaultDispatcher-worker-7] SendCoinsViewModel - executeDryRun started
17:04:34 [DefaultDispatcher-worker-7] BLSJniLibrary - Initializing BLS JNI Library
17:04:34 [DefaultDispatcher-worker-7] BLSJniLibrary - Initializing BLS JNI Library
17:04:34 [DefaultDispatcher-worker-7] SendCoinsViewModel - executeDryRun finished (cutover-aware: SDK-overlaid affordability)
17:04:34 [main] SendCoinsFragment - enterAmountViewModel.blockContinue = false, viewModel.dryRunSuccessful.value = true
17:04:34 [DefaultDispatcher-worker-6] SendCoinsViewModel - executeDryRun started
17:04:34 [DefaultDispatcher-worker-6] BLSJniLibrary - Initializing BLS JNI Library
17:04:34 [DefaultDispatcher-worker-6] BLSJniLibrary - Initializing BLS JNI Library
17:04:34 [DefaultDispatcher-worker-6] SendCoinsViewModel - executeDryRun finished (cutover-aware: SDK-overlaid affordability)
17:04:34 [main] SendCoinsFragment - enterAmountViewModel.blockContinue = false, viewModel.dryRunSuccessful.value = true
17:04:34 [DefaultDispatcher-worker-7] SendCoinsViewModel - executeDryRun started
17:04:34 [DefaultDispatcher-worker-7] BLSJniLibrary - Initializing BLS JNI Library
17:04:34 [DefaultDispatcher-worker-7] BLSJniLibrary - Initializing BLS JNI Library
17:04:34 [DefaultDispatcher-worker-7] SendCoinsViewModel - executeDryRun finished (cutover-aware: SDK-overlaid affordability)
17:04:34 [main] SendCoinsFragment - enterAmountViewModel.blockContinue = false, viewModel.dryRunSuccessful.value = true
17:04:34 [DefaultDispatcher-worker-8] SendCoinsViewModel - executeDryRun started
17:04:34 [DefaultDispatcher-worker-8] BLSJniLibrary - Initializing BLS JNI Library
17:04:34 [DefaultDispatcher-worker-8] BLSJniLibrary - Initializing BLS JNI Library
17:04:34 [DefaultDispatcher-worker-8] SendCoinsViewModel - executeDryRun finished (cutover-aware: SDK-overlaid affordability)
17:04:34 [main] SendCoinsFragment - enterAmountViewModel.blockContinue = false, viewModel.dryRunSuccessful.value = true
17:04:35 [DefaultDispatcher-worker-1] SendCoinsViewModel - executeDryRun started
17:04:35 [DefaultDispatcher-worker-1] BLSJniLibrary - Initializing BLS JNI Library
17:04:35 [DefaultDispatcher-worker-1] BLSJniLibrary - Initializing BLS JNI Library
17:04:35 [DefaultDispatcher-worker-1] SendCoinsViewModel - executeDryRun finished (cutover-aware: SDK-overlaid affordability)
17:04:35 [main] SendCoinsFragment - enterAmountViewModel.blockContinue = false, viewModel.dryRunSuccessful.value = true
17:04:35 [DefaultDispatcher-worker-1] SendCoinsViewModel - executeDryRun started
17:04:35 [DefaultDispatcher-worker-1] BLSJniLibrary - Initializing BLS JNI Library
17:04:35 [DefaultDispatcher-worker-1] BLSJniLibrary - Initializing BLS JNI Library
17:04:35 [DefaultDispatcher-worker-1] SendCoinsViewModel - executeDryRun finished (cutover-aware: SDK-overlaid affordability)
17:04:35 [main] SendCoinsFragment - enterAmountViewModel.blockContinue = false, viewModel.dryRunSuccessful.value = true
17:04:35 [main] SendCoinsFragment - enterAmountViewModel.blockContinue = true, viewModel.dryRunSuccessful.value = false
17:04:42 [DefaultDispatcher-worker-10] SendCoinsViewModel - executeDryRun started
17:04:42 [DefaultDispatcher-worker-10] BLSJniLibrary - Initializing BLS JNI Library
17:04:42 [DefaultDispatcher-worker-10] BLSJniLibrary - Initializing BLS JNI Library
17:04:42 [DefaultDispatcher-worker-10] SendCoinsViewModel - executeDryRun finished (cutover-aware: SDK-overlaid affordability)
17:04:42 [main] SendCoinsFragment - enterAmountViewModel.blockContinue = false, viewModel.dryRunSuccessful.value = true
17:04:43 [DefaultDispatcher-worker-1] SendCoinsViewModel - executeDryRun started
17:04:43 [DefaultDispatcher-worker-1] BLSJniLibrary - Initializing BLS JNI Library
17:04:43 [DefaultDispatcher-worker-1] BLSJniLibrary - Initializing BLS JNI Library
17:04:43 [DefaultDispatcher-worker-1] SendCoinsViewModel - executeDryRun finished (cutover-aware: SDK-overlaid affordability)
17:04:43 [main] SendCoinsFragment - enterAmountViewModel.blockContinue = false, viewModel.dryRunSuccessful.value = true
17:04:44 [DefaultDispatcher-worker-6] SendCoinsViewModel - executeDryRun started
17:04:44 [DefaultDispatcher-worker-6] BLSJniLibrary - Initializing BLS JNI Library
17:04:44 [DefaultDispatcher-worker-6] BLSJniLibrary - Initializing BLS JNI Library
17:04:44 [DefaultDispatcher-worker-6] SendCoinsViewModel - executeDryRun finished (cutover-aware: SDK-overlaid affordability)
17:04:44 [main] SendCoinsFragment - enterAmountViewModel.blockContinue = false, viewModel.dryRunSuccessful.value = true
17:04:45 [DefaultDispatcher-worker-8] SendCoinsViewModel - executeDryRun started
17:04:45 [DefaultDispatcher-worker-8] BLSJniLibrary - Initializing BLS JNI Library
17:04:45 [DefaultDispatcher-worker-8] BLSJniLibrary - Initializing BLS JNI Library
17:04:45 [DefaultDispatcher-worker-9] SendCoinsViewModel - executeDryRun started
17:04:45 [DefaultDispatcher-worker-9] BLSJniLibrary - Initializing BLS JNI Library
17:04:45 [DefaultDispatcher-worker-9] BLSJniLibrary - Initializing BLS JNI Library
17:04:45 [DefaultDispatcher-worker-9] SendCoinsViewModel - executeDryRun finished (cutover-aware: SDK-overlaid affordability)
17:04:45 [main] SendCoinsFragment - enterAmountViewModel.blockContinue = false, viewModel.dryRunSuccessful.value = true
17:04:54 [DefaultDispatcher-worker-9] SendCoinsViewModel - executeDryRun started
17:04:54 [DefaultDispatcher-worker-9] BLSJniLibrary - Initializing BLS JNI Library
17:04:54 [DefaultDispatcher-worker-9] BLSJniLibrary - Initializing BLS JNI Library
17:04:54 [DefaultDispatcher-worker-9] SendCoinsViewModel - executeDryRun finished (cutover-aware: SDK-overlaid affordability)
17:04:54 [main] SendCoinsFragment - enterAmountViewModel.blockContinue = false, viewModel.dryRunSuccessful.value = true
17:04:54 [DefaultDispatcher-worker-3] BlockchainServiceImpl - network capabilities changed: 101, hasInternet: true, validated: true
17:04:54 [DefaultDispatcher-worker-3] BlockchainServiceImpl - acquiring check() mutex
17:04:54 [DefaultDispatcher-worker-3] BlockchainServiceImpl - check()
17:04:54 [DefaultDispatcher-worker-3] BlockchainServiceImpl - cutover committed — holding the dashj L1 engine; SDK owns L1 this launch
17:04:54 [DefaultDispatcher-worker-3] BlockchainServiceImpl - releasing check() mutex
17:04:54 [main] SendCoinsFragment - enterAmountViewModel.blockContinue = false, viewModel.dryRunSuccessful.value = true
17:04:54 [DefaultDispatcher-worker-11] SendCoinsViewModel - executeDryRun started
17:04:54 [DefaultDispatcher-worker-11] BLSJniLibrary - Initializing BLS JNI Library
17:04:54 [DefaultDispatcher-worker-11] BLSJniLibrary - Initializing BLS JNI Library
17:04:54 [DefaultDispatcher-worker-11] SendCoinsViewModel - executeDryRun finished (cutover-aware: SDK-overlaid affordability)
17:04:54 [main] SendCoinsFragment - enterAmountViewModel.blockContinue = false, viewModel.dryRunSuccessful.value = true
17:04:55 [DefaultDispatcher-worker-8] SendCoinsViewModel - executeDryRun started
17:04:55 [DefaultDispatcher-worker-8] BLSJniLibrary - Initializing BLS JNI Library
17:04:55 [DefaultDispatcher-worker-8] BLSJniLibrary - Initializing BLS JNI Library
17:04:55 [DefaultDispatcher-worker-8] SendCoinsViewModel - executeDryRun finished (cutover-aware: SDK-overlaid affordability)
17:04:55 [main] SendCoinsFragment - enterAmountViewModel.blockContinue = false, viewModel.dryRunSuccessful.value = true
17:04:55 [DefaultDispatcher-worker-2] SendCoinsViewModel - executeDryRun started
17:04:55 [DefaultDispatcher-worker-2] BLSJniLibrary - Initializing BLS JNI Library
17:04:55 [DefaultDispatcher-worker-2] BLSJniLibrary - Initializing BLS JNI Library
17:04:55 [DefaultDispatcher-worker-2] SendCoinsViewModel - executeDryRun finished (cutover-aware: SDK-overlaid affordability)
17:04:55 [main] SendCoinsFragment - enterAmountViewModel.blockContinue = false, viewModel.dryRunSuccessful.value = true
17:04:55 [DefaultDispatcher-worker-4] SendCoinsViewModel - executeDryRun started
17:04:55 [DefaultDispatcher-worker-4] BLSJniLibrary - Initializing BLS JNI Library
17:04:55 [DefaultDispatcher-worker-4] BLSJniLibrary - Initializing BLS JNI Library
17:04:55 [DefaultDispatcher-worker-4] SendCoinsViewModel - executeDryRun finished (cutover-aware: SDK-overlaid affordability)
17:04:55 [main] SendCoinsFragment - enterAmountViewModel.blockContinue = false, viewModel.dryRunSuccessful.value = true
17:04:56 [DefaultDispatcher-worker-6] SendCoinsViewModel - executeDryRun started
17:04:56 [DefaultDispatcher-worker-6] BLSJniLibrary - Initializing BLS JNI Library
17:04:56 [DefaultDispatcher-worker-6] BLSJniLibrary - Initializing BLS JNI Library
17:04:56 [DefaultDispatcher-worker-6] SendCoinsViewModel - executeDryRun finished (cutover-aware: SDK-overlaid affordability)
17:04:56 [main] SendCoinsFragment - enterAmountViewModel.blockContinue = false, viewModel.dryRunSuccessful.value = true
17:04:56 [DefaultDispatcher-worker-11] SendCoinsViewModel - executeDryRun started
17:04:56 [DefaultDispatcher-worker-11] BLSJniLibrary - Initializing BLS JNI Library
17:04:56 [DefaultDispatcher-worker-11] BLSJniLibrary - Initializing BLS JNI Library
17:04:56 [DefaultDispatcher-worker-11] SendCoinsViewModel - executeDryRun finished (cutover-aware: SDK-overlaid affordability)
17:04:56 [main] SendCoinsFragment - enterAmountViewModel.blockContinue = false, viewModel.dryRunSuccessful.value = true
17:04:56 [main] SendCoinsFragment - enterAmountViewModel.blockContinue = true, viewModel.dryRunSuccessful.value = false
17:04:57 [DefaultDispatcher-worker-11] BlockchainServiceImpl - network capabilities changed: 101, hasInternet: true, validated: true
17:04:57 [DefaultDispatcher-worker-11] BlockchainServiceImpl - acquiring check() mutex
17:04:57 [DefaultDispatcher-worker-11] BlockchainServiceImpl - check()
17:04:57 [DefaultDispatcher-worker-11] BlockchainServiceImpl - cutover committed — holding the dashj L1 engine; SDK owns L1 this launch
17:04:57 [DefaultDispatcher-worker-11] BlockchainServiceImpl - releasing check() mutex
17:04:57 [main] SendCoinsFragment - enterAmountViewModel.blockContinue = true, viewModel.dryRunSuccessful.value = false
17:05:00 [main] BlockchainServiceImpl - MEM pss=298MB nativeHeap=163/187MB jvm=24/576MB
17:05:00 [main] BlockchainServiceImpl - History of transactions/blocks/headers/mnlistdiff (sdk): 0/0/0/0, 0/0/0/0, 0/0/0/0, 0/1/1/1, 0/1/1/1, 0/1/1/1, 0/0/0/0, 0/1/1/1, 2/1/1/1
17:05:06 [DefaultDispatcher-worker-3] BlockchainServiceImpl - network capabilities changed: 101, hasInternet: true, validated: true
17:05:06 [DefaultDispatcher-worker-3] BlockchainServiceImpl - acquiring check() mutex
17:05:06 [DefaultDispatcher-worker-3] BlockchainServiceImpl - check()
17:05:06 [DefaultDispatcher-worker-3] BlockchainServiceImpl - cutover committed — holding the dashj L1 engine; SDK owns L1 this launch
17:05:06 [DefaultDispatcher-worker-3] BlockchainServiceImpl - releasing check() mutex
17:05:06 [main] SendCoinsFragment - enterAmountViewModel.blockContinue = true, viewModel.dryRunSuccessful.value = false
17:05:12 [DefaultDispatcher-worker-1] BlockchainServiceImpl - network capabilities changed: 101, hasInternet: true, validated: true
17:05:12 [DefaultDispatcher-worker-1] BlockchainServiceImpl - acquiring check() mutex
17:05:12 [DefaultDispatcher-worker-1] BlockchainServiceImpl - check()
17:05:12 [DefaultDispatcher-worker-1] BlockchainServiceImpl - cutover committed — holding the dashj L1 engine; SDK owns L1 this launch
17:05:12 [DefaultDispatcher-worker-1] BlockchainServiceImpl - releasing check() mutex
17:05:12 [main] SendCoinsFragment - enterAmountViewModel.blockContinue = true, viewModel.dryRunSuccessful.value = false
17:05:17 [DefaultDispatcher-worker-7] SendCoinsViewModel - executeDryRun started
17:05:17 [DefaultDispatcher-worker-7] BLSJniLibrary - Initializing BLS JNI Library
17:05:17 [DefaultDispatcher-worker-7] BLSJniLibrary - Initializing BLS JNI Library
17:05:17 [DefaultDispatcher-worker-7] SendCoinsViewModel - executeDryRun finished (cutover-aware: SDK-overlaid affordability)
17:05:17 [main] SendCoinsFragment - enterAmountViewModel.blockContinue = false, viewModel.dryRunSuccessful.value = true
17:05:18 [DefaultDispatcher-worker-9] SendCoinsViewModel - executeDryRun started
17:05:18 [DefaultDispatcher-worker-9] BLSJniLibrary - Initializing BLS JNI Library
17:05:18 [DefaultDispatcher-worker-9] BLSJniLibrary - Initializing BLS JNI Library
17:05:18 [DefaultDispatcher-worker-9] SendCoinsViewModel - executeDryRun finished (cutover-aware: SDK-overlaid affordability)
17:05:18 [main] SendCoinsFragment - enterAmountViewModel.blockContinue = false, viewModel.dryRunSuccessful.value = true
17:05:19 [DefaultDispatcher-worker-4] SendCoinsViewModel - executeDryRun started
17:05:19 [DefaultDispatcher-worker-4] BLSJniLibrary - Initializing BLS JNI Library
17:05:19 [DefaultDispatcher-worker-4] BLSJniLibrary - Initializing BLS JNI Library
17:05:19 [DefaultDispatcher-worker-4] SendCoinsViewModel - executeDryRun finished (cutover-aware: SDK-overlaid affordability)
17:05:19 [main] SendCoinsFragment - enterAmountViewModel.blockContinue = false, viewModel.dryRunSuccessful.value = true
17:05:20 [DefaultDispatcher-worker-6] SendCoinsViewModel - executeDryRun started
17:05:20 [DefaultDispatcher-worker-6] BLSJniLibrary - Initializing BLS JNI Library
17:05:20 [DefaultDispatcher-worker-6] BLSJniLibrary - Initializing BLS JNI Library
17:05:20 [DefaultDispatcher-worker-3] SendCoinsViewModel - executeDryRun started
17:05:20 [DefaultDispatcher-worker-3] BLSJniLibrary - Initializing BLS JNI Library
17:05:20 [DefaultDispatcher-worker-3] BLSJniLibrary - Initializing BLS JNI Library
17:05:20 [DefaultDispatcher-worker-3] SendCoinsViewModel - executeDryRun finished (cutover-aware: SDK-overlaid affordability)
17:05:20 [main] SendCoinsFragment - enterAmountViewModel.blockContinue = false, viewModel.dryRunSuccessful.value = true
17:05:46 [DefaultDispatcher-worker-8] L1ShadowSyncService - L1 engine chainlock height 1556864 -> 1556865
17:05:46 [DefaultDispatcher-worker-3] MainViewModel - blockchain state update: mnlist=1556864; chain=1556864; wallet=-1
17:05:46 [main] SendCoinsFragment - enterAmountViewModel.blockContinue = false, viewModel.dryRunSuccessful.value = true
17:05:46 [DefaultDispatcher-worker-5] L1ShadowSyncService - L1Shadow phase=SYNCED 100.0% headers 1556865/1556865 filters 1556865/1556865 wallet 1556865
17:05:46 [main] SendCoinsFragment - enterAmountViewModel.blockContinue = false, viewModel.dryRunSuccessful.value = true
17:05:46 [DefaultDispatcher-worker-5] MainViewModel - blockchain state update: mnlist=1556865; chain=1556865; wallet=-1
17:06:00 [main] BlockchainServiceImpl - MEM pss=298MB nativeHeap=162/187MB jvm=22/576MB
17:06:00 [main] BlockchainServiceImpl - History of transactions/blocks/headers/mnlistdiff (sdk): 0/1/1/1, 0/0/0/0, 0/0/0/0, 0/0/0/0, 0/1/1/1, 0/1/1/1, 0/1/1/1, 0/0/0/0, 0/1/1/1
17:06:03 [native-log-bridge] DashSdkNative - 09-19 12:05:46.445  4078  4560 I DashSDK : platform_wallet::changeset::core_bridge: wallet-event batch: folded=1 wallets=1 synced_height_persisted=Some(1556865) synced_height_frozen=None synced_height_rejected=None faulted=0
17:06:03 [native-log-bridge] DashSdkNative - 09-19 12:05:46.466  4078  4560 I DashSDK : platform_wallet::changeset::core_bridge: wallet-event batch: folded=1 wallets=1 synced_height_persisted=None synced_height_frozen=None synced_height_rejected=None faulted=0
17:06:07 [DefaultDispatcher-worker-4] BlockchainServiceImpl - network capabilities changed: 101, hasInternet: true, validated: true
17:06:07 [DefaultDispatcher-worker-4] BlockchainServiceImpl - acquiring check() mutex
17:06:07 [DefaultDispatcher-worker-4] BlockchainServiceImpl - check()
17:06:07 [DefaultDispatcher-worker-4] BlockchainServiceImpl - cutover committed — holding the dashj L1 engine; SDK owns L1 this launch
17:06:07 [DefaultDispatcher-worker-4] BlockchainServiceImpl - releasing check() mutex
17:06:07 [main] BlockchainServiceImpl - cutover committed and SDK L1 scan synced — triggering identity/contacts discovery
17:06:07 [main] SendCoinsFragment - enterAmountViewModel.blockContinue = false, viewModel.dryRunSuccessful.value = true
17:06:07 [DefaultDispatcher-worker-10] BlockchainIdentityData - creation: BlockchainIdentityData(NONE, null, null, null, null, null)
17:06:07 [DefaultDispatcher-worker-10] PlatformSynchronizationService - discoverAndRecoverIdentity: checking for existing associated identity
17:06:07 [DefaultDispatcher-worker-10] SecurityGuard - loading security guard [healthy=true] with keys: [keystore_healthy, fallback_pin_wallet_password_key, primary_ui_pin_key, modern_encryption_migration_complete, fallback_mnemonic_wallet_password_key, primary_wallet_password_key, fallback_mnemonic_ui_pin_key]
17:06:07 [DefaultDispatcher-worker-10] ModernEncryptionProvider - Decrypted data for alias: wallet_password_key
17:06:07 [DefaultDispatcher-worker-10] KeyCrypterScrypt - Deriving key took 120.3 ms for N=65536, r=8, p=1.
17:06:07 [DefaultDispatcher-worker-10] DapiClient - getIdentityByFirstPublicKey(48ccf9a43eee96f92a0ca7f8dced9dc2630d05f2)
17:06:07 [DefaultDispatcher-worker-10] PlatformSynchronizationService - discoverAndRecoverIdentity: no existing identity found
17:06:07 [DefaultDispatcher-worker-10] PlatformSynchronizationService - identity-discovery guard released (no identity found) — a later discovery may run again
17:06:07 [DefaultDispatcher-worker-10] BlockchainServiceImpl - post-cutover identity discovery found nothing and the wallet has no identity — re-arming; next attempt no sooner than 120000 ms from now
17:06:07 [DefaultDispatcher-worker-2] PlatformSynchronizationService - TxMetadata settings: saveToNetwork=false frequency=afterTenTransactions saveAfter=9223372036854775807 paymentCategory=false taxCategory=false exchangeRates=false memos=false giftCards=false storedDocuments=0
17:06:09 [DefaultDispatcher-worker-8] SendCoinsViewModel - executeDryRun started
17:06:09 [DefaultDispatcher-worker-8] BLSJniLibrary - Initializing BLS JNI Library
17:06:09 [DefaultDispatcher-worker-8] BLSJniLibrary - Initializing BLS JNI Library
17:06:09 [DefaultDispatcher-worker-8] SendCoinsViewModel - executeDryRun finished (cutover-aware: SDK-overlaid affordability)
17:06:09 [main] SendCoinsFragment - enterAmountViewModel.blockContinue = false, viewModel.dryRunSuccessful.value = true
17:06:10 [DefaultDispatcher-worker-9] SendCoinsViewModel - executeDryRun started
17:06:10 [DefaultDispatcher-worker-9] BLSJniLibrary - Initializing BLS JNI Library
17:06:10 [DefaultDispatcher-worker-9] BLSJniLibrary - Initializing BLS JNI Library
17:06:10 [DefaultDispatcher-worker-9] SendCoinsViewModel - executeDryRun finished (cutover-aware: SDK-overlaid affordability)
17:06:10 [main] SendCoinsFragment - enterAmountViewModel.blockContinue = false, viewModel.dryRunSuccessful.value = true
17:06:10 [DefaultDispatcher-worker-9] BlockchainServiceImpl - network capabilities changed: 101, hasInternet: true, validated: true
17:06:10 [DefaultDispatcher-worker-9] BlockchainServiceImpl - acquiring check() mutex
17:06:10 [DefaultDispatcher-worker-9] BlockchainServiceImpl - check()
17:06:10 [DefaultDispatcher-worker-9] BlockchainServiceImpl - cutover committed — holding the dashj L1 engine; SDK owns L1 this launch
17:06:10 [DefaultDispatcher-worker-9] BlockchainServiceImpl - releasing check() mutex
17:06:10 [main] SendCoinsFragment - enterAmountViewModel.blockContinue = false, viewModel.dryRunSuccessful.value = true
17:06:10 [DefaultDispatcher-worker-9] SendCoinsViewModel - executeDryRun started
17:06:10 [DefaultDispatcher-worker-9] BLSJniLibrary - Initializing BLS JNI Library
17:06:10 [DefaultDispatcher-worker-9] BLSJniLibrary - Initializing BLS JNI Library
17:06:10 [DefaultDispatcher-worker-9] SendCoinsViewModel - executeDryRun finished (cutover-aware: SDK-overlaid affordability)
17:06:10 [main] SendCoinsFragment - enterAmountViewModel.blockContinue = false, viewModel.dryRunSuccessful.value = true
17:06:10 [DefaultDispatcher-worker-6] SendCoinsViewModel - executeDryRun started
17:06:10 [DefaultDispatcher-worker-6] BLSJniLibrary - Initializing BLS JNI Library
17:06:10 [DefaultDispatcher-worker-6] BLSJniLibrary - Initializing BLS JNI Library
17:06:10 [DefaultDispatcher-worker-6] SendCoinsViewModel - executeDryRun finished (cutover-aware: SDK-overlaid affordability)
17:06:10 [main] SendCoinsFragment - enterAmountViewModel.blockContinue = false, viewModel.dryRunSuccessful.value = true
17:06:11 [DefaultDispatcher-worker-11] SendCoinsViewModel - executeDryRun started
17:06:11 [DefaultDispatcher-worker-11] BLSJniLibrary - Initializing BLS JNI Library
17:06:11 [DefaultDispatcher-worker-11] BLSJniLibrary - Initializing BLS JNI Library
17:06:11 [DefaultDispatcher-worker-11] SendCoinsViewModel - executeDryRun finished (cutover-aware: SDK-overlaid affordability)
17:06:11 [main] SendCoinsFragment - enterAmountViewModel.blockContinue = false, viewModel.dryRunSuccessful.value = true
17:06:11 [DefaultDispatcher-worker-11] SendCoinsViewModel - executeDryRun started
17:06:11 [DefaultDispatcher-worker-11] BLSJniLibrary - Initializing BLS JNI Library
17:06:11 [DefaultDispatcher-worker-11] BLSJniLibrary - Initializing BLS JNI Library
17:06:11 [DefaultDispatcher-worker-11] SendCoinsViewModel - executeDryRun finished (cutover-aware: SDK-overlaid affordability)
17:06:11 [main] SendCoinsFragment - enterAmountViewModel.blockContinue = false, viewModel.dryRunSuccessful.value = true
17:06:11 [DefaultDispatcher-worker-11] SendCoinsViewModel - executeDryRun started
17:06:11 [DefaultDispatcher-worker-11] BLSJniLibrary - Initializing BLS JNI Library
17:06:11 [DefaultDispatcher-worker-11] BLSJniLibrary - Initializing BLS JNI Library
17:06:11 [DefaultDispatcher-worker-11] SendCoinsViewModel - executeDryRun finished (cutover-aware: SDK-overlaid affordability)
17:06:11 [main] SendCoinsFragment - enterAmountViewModel.blockContinue = false, viewModel.dryRunSuccessful.value = true
17:06:12 [main] SendCoinsFragment - enterAmountViewModel.blockContinue = true, viewModel.dryRunSuccessful.value = false
17:06:16 [DefaultDispatcher-worker-5] BlockchainServiceImpl - network capabilities changed: 101, hasInternet: true, validated: true
17:06:16 [DefaultDispatcher-worker-5] BlockchainServiceImpl - acquiring check() mutex
17:06:16 [DefaultDispatcher-worker-5] BlockchainServiceImpl - check()
17:06:16 [DefaultDispatcher-worker-5] BlockchainServiceImpl - cutover committed — holding the dashj L1 engine; SDK owns L1 this launch
17:06:16 [DefaultDispatcher-worker-5] BlockchainServiceImpl - releasing check() mutex
17:06:16 [main] SendCoinsFragment - enterAmountViewModel.blockContinue = true, viewModel.dryRunSuccessful.value = false
17:06:17 [main] BiometricHelper - No biometric credentials
17:06:17 [main] SendCoinsTaskRunner - authenticate with pin
17:06:17 [main] SecurityGuard - loading security guard [healthy=true] with keys: [keystore_healthy, fallback_pin_wallet_password_key, primary_ui_pin_key, modern_encryption_migration_complete, fallback_mnemonic_wallet_password_key, primary_wallet_password_key, fallback_mnemonic_ui_pin_key]
17:06:19 [DefaultDispatcher-worker-1] BlockchainServiceImpl - network capabilities changed: 101, hasInternet: true, validated: true
17:06:19 [DefaultDispatcher-worker-1] BlockchainServiceImpl - acquiring check() mutex
17:06:19 [DefaultDispatcher-worker-1] BlockchainServiceImpl - check()
17:06:19 [DefaultDispatcher-worker-1] BlockchainServiceImpl - cutover committed — holding the dashj L1 engine; SDK owns L1 this launch
17:06:19 [DefaultDispatcher-worker-1] BlockchainServiceImpl - releasing check() mutex
17:06:19 [main] SendCoinsFragment - enterAmountViewModel.blockContinue = true, viewModel.dryRunSuccessful.value = false
17:06:21 [DefaultDispatcher-worker-3] L1ShadowSyncService - L1 engine chainlock height 1556865 -> 1556866
17:06:21 [DefaultDispatcher-worker-4] MainViewModel - blockchain state update: mnlist=1556865; chain=1556865; wallet=-1
17:06:21 [main] SendCoinsFragment - enterAmountViewModel.blockContinue = true, viewModel.dryRunSuccessful.value = false
17:06:22 [DefaultDispatcher-worker-11] L1ShadowSyncService - L1Shadow phase=SYNCED 100.0% headers 1556866/1556866 filters 1556866/1556866 wallet 1556866
17:06:22 [DefaultDispatcher-worker-3] MainViewModel - blockchain state update: mnlist=1556866; chain=1556866; wallet=-1
17:06:22 [main] SendCoinsFragment - enterAmountViewModel.blockContinue = true, viewModel.dryRunSuccessful.value = false
17:06:22 [DefaultDispatcher-worker-3] BlockchainServiceImpl - network capabilities changed: 101, hasInternet: true, validated: true
17:06:22 [DefaultDispatcher-worker-3] BlockchainServiceImpl - acquiring check() mutex
17:06:22 [DefaultDispatcher-worker-3] BlockchainServiceImpl - check()
17:06:22 [DefaultDispatcher-worker-3] BlockchainServiceImpl - cutover committed — holding the dashj L1 engine; SDK owns L1 this launch
17:06:22 [DefaultDispatcher-worker-3] BlockchainServiceImpl - releasing check() mutex
17:06:22 [main] SendCoinsFragment - enterAmountViewModel.blockContinue = true, viewModel.dryRunSuccessful.value = false
17:06:28 [DefaultDispatcher-worker-9] BlockchainServiceImpl - network capabilities changed: 101, hasInternet: true, validated: true
17:06:28 [DefaultDispatcher-worker-9] BlockchainServiceImpl - acquiring check() mutex
17:06:28 [DefaultDispatcher-worker-9] BlockchainServiceImpl - check()
17:06:28 [DefaultDispatcher-worker-9] BlockchainServiceImpl - cutover committed — holding the dashj L1 engine; SDK owns L1 this launch
17:06:28 [DefaultDispatcher-worker-9] BlockchainServiceImpl - releasing check() mutex
17:06:28 [main] SendCoinsFragment - enterAmountViewModel.blockContinue = true, viewModel.dryRunSuccessful.value = false
17:06:33 [native-log-bridge] DashSdkNative - 09-19 12:06:21.482  4078  4559 I DashSDK : platform_wallet::changeset::core_bridge: wallet-event batch: folded=1 wallets=1 synced_height_persisted=Some(1556866) synced_height_frozen=None synced_height_rejected=None faulted=0
17:06:33 [native-log-bridge] DashSdkNative - 09-19 12:06:21.525  4078  4559 I DashSDK : platform_wallet::changeset::core_bridge: wallet-event batch: folded=1 wallets=1 synced_height_persisted=None synced_height_frozen=None synced_height_rejected=None faulted=0
17:06:46 [DefaultDispatcher-worker-5] BlockchainServiceImpl - network capabilities changed: 101, hasInternet: true, validated: true
17:06:46 [DefaultDispatcher-worker-5] BlockchainServiceImpl - acquiring check() mutex
17:06:46 [DefaultDispatcher-worker-5] BlockchainServiceImpl - check()
17:06:46 [DefaultDispatcher-worker-5] BlockchainServiceImpl - cutover committed — holding the dashj L1 engine; SDK owns L1 this launch
17:06:46 [DefaultDispatcher-worker-5] BlockchainServiceImpl - releasing check() mutex
17:06:46 [main] SendCoinsFragment - enterAmountViewModel.blockContinue = true, viewModel.dryRunSuccessful.value = false
17:06:50 [main] SecurityGuard - loading security guard [healthy=true] with keys: [keystore_healthy, fallback_pin_wallet_password_key, primary_ui_pin_key, modern_encryption_migration_complete, fallback_mnemonic_wallet_password_key, primary_wallet_password_key, fallback_mnemonic_ui_pin_key]
17:06:50 [main] ModernEncryptionProvider - Decrypted data for alias: ui_pin_key
17:06:50 [DefaultDispatcher-worker-2] SendCoinsViewModel - executeDryRun started
17:06:50 [DefaultDispatcher-worker-2] BLSJniLibrary - Initializing BLS JNI Library
17:06:50 [DefaultDispatcher-worker-2] BLSJniLibrary - Initializing BLS JNI Library
17:06:50 [DefaultDispatcher-worker-2] SendCoinsViewModel - executeDryRun finished (cutover-aware: SDK send-all / drain)
17:06:50 [main] SendCoinsFragment - enterAmountViewModel.blockContinue = false, viewModel.dryRunSuccessful.value = true
17:06:52 [DefaultDispatcher-worker-8] BlockchainServiceImpl - network capabilities changed: 101, hasInternet: true, validated: true
17:06:52 [DefaultDispatcher-worker-8] BlockchainServiceImpl - acquiring check() mutex
17:06:52 [DefaultDispatcher-worker-8] BlockchainServiceImpl - check()
17:06:52 [DefaultDispatcher-worker-8] BlockchainServiceImpl - cutover committed — holding the dashj L1 engine; SDK owns L1 this launch
17:06:52 [DefaultDispatcher-worker-8] BlockchainServiceImpl - releasing check() mutex
17:06:52 [main] SendCoinsFragment - enterAmountViewModel.blockContinue = false, viewModel.dryRunSuccessful.value = true
17:07:00 [main] BlockchainServiceImpl - MEM pss=300MB nativeHeap=164/187MB jvm=23/576MB
17:07:00 [main] BlockchainServiceImpl - History of transactions/blocks/headers/mnlistdiff (sdk): 0/1/1/1, 0/1/1/1, 0/0/0/0, 0/0/0/0, 0/0/0/0, 0/1/1/1, 0/1/1/1, 0/1/1/1, 0/0/0/0
17:07:15 [main] BiometricHelper - No biometric credentials
17:07:15 [main] LockScreenActivity - fingerprint was disabled
17:07:15 [main] LockScreenActivity - LockState = ENTER_PIN
17:07:56 [main] SecurityGuard - loading security guard [healthy=true] with keys: [keystore_healthy, fallback_pin_wallet_password_key, primary_ui_pin_key, modern_encryption_migration_complete, fallback_mnemonic_wallet_password_key, primary_wallet_password_key, fallback_mnemonic_ui_pin_key]
17:07:56 [main] ModernEncryptionProvider - Decrypted data for alias: ui_pin_key
17:07:56 [main] PinRetryController - PIN entered incorrectly 1times
17:07:56 [main] LockScreenActivity - LockState = INVALID_PIN
17:08:00 [main] BlockchainServiceImpl - MEM pss=296MB nativeHeap=165/189MB jvm=21/576MB
17:08:00 [main] BlockchainServiceImpl - History of transactions/blocks/headers/mnlistdiff (sdk): 0/0/0/0, 0/1/1/1, 0/1/1/1, 0/0/0/0, 0/0/0/0, 0/0/0/0, 0/1/1/1, 0/1/1/1, 0/1/1/1
17:08:07 [DefaultDispatcher-worker-11] BlockchainServiceImpl - network capabilities changed: 101, hasInternet: true, validated: true
17:08:07 [DefaultDispatcher-worker-11] BlockchainServiceImpl - acquiring check() mutex
17:08:07 [DefaultDispatcher-worker-11] BlockchainServiceImpl - check()
17:08:07 [DefaultDispatcher-worker-11] BlockchainServiceImpl - cutover committed — holding the dashj L1 engine; SDK owns L1 this launch
17:08:07 [DefaultDispatcher-worker-11] BlockchainServiceImpl - releasing check() mutex
17:08:07 [main] BlockchainServiceImpl - cutover committed and SDK L1 scan synced — triggering identity/contacts discovery
17:08:07 [main] SendCoinsFragment - enterAmountViewModel.blockContinue = false, viewModel.dryRunSuccessful.value = true
17:08:07 [DefaultDispatcher-worker-11] BlockchainIdentityData - creation: BlockchainIdentityData(NONE, null, null, null, null, null)
17:08:08 [DefaultDispatcher-worker-11] PlatformSynchronizationService - discoverAndRecoverIdentity: checking for existing associated identity
17:08:08 [DefaultDispatcher-worker-11] SecurityGuard - loading security guard [healthy=true] with keys: [keystore_healthy, fallback_pin_wallet_password_key, primary_ui_pin_key, modern_encryption_migration_complete, fallback_mnemonic_wallet_password_key, primary_wallet_password_key, fallback_mnemonic_ui_pin_key]
17:08:08 [DefaultDispatcher-worker-11] ModernEncryptionProvider - Decrypted data for alias: wallet_password_key
17:08:08 [DefaultDispatcher-worker-11] KeyCrypterScrypt - Deriving key took 112.8 ms for N=65536, r=8, p=1.
17:08:08 [DefaultDispatcher-worker-11] DapiClient - getIdentityByFirstPublicKey(48ccf9a43eee96f92a0ca7f8dced9dc2630d05f2)
17:08:08 [DefaultDispatcher-worker-11] PlatformSynchronizationService - discoverAndRecoverIdentity: no existing identity found
17:08:08 [DefaultDispatcher-worker-11] PlatformSynchronizationService - identity-discovery guard released (no identity found) — a later discovery may run again
17:08:08 [DefaultDispatcher-worker-11] BlockchainServiceImpl - post-cutover identity discovery found nothing and the wallet has no identity — re-arming; next attempt no sooner than 120000 ms from now
17:08:08 [DefaultDispatcher-worker-5] PlatformSynchronizationService - TxMetadata settings: saveToNetwork=false frequency=afterTenTransactions saveAfter=9223372036854775807 paymentCategory=false taxCategory=false exchangeRates=false memos=false giftCards=false storedDocuments=0
17:08:09 [main] SecurityGuard - loading security guard [healthy=true] with keys: [keystore_healthy, fallback_pin_wallet_password_key, primary_ui_pin_key, modern_encryption_migration_complete, fallback_mnemonic_wallet_password_key, primary_wallet_password_key, fallback_mnemonic_ui_pin_key]
17:08:09 [main] ModernEncryptionProvider - Decrypted data for alias: ui_pin_key
17:08:09 [main] PinRetryController - PIN entered incorrectly 2times
17:08:09 [main] LockScreenActivity - LockState = INVALID_PIN
17:08:11 [DefaultDispatcher-worker-6] BlockchainServiceImpl - network capabilities changed: 101, hasInternet: true, validated: true
17:08:11 [DefaultDispatcher-worker-6] BlockchainServiceImpl - acquiring check() mutex
17:08:11 [DefaultDispatcher-worker-6] BlockchainServiceImpl - check()
17:08:11 [DefaultDispatcher-worker-6] BlockchainServiceImpl - cutover committed — holding the dashj L1 engine; SDK owns L1 this launch
17:08:11 [DefaultDispatcher-worker-6] BlockchainServiceImpl - releasing check() mutex
17:08:11 [main] SendCoinsFragment - enterAmountViewModel.blockContinue = false, viewModel.dryRunSuccessful.value = true
17:08:26 [DefaultDispatcher-worker-2] BlockchainServiceImpl - network capabilities changed: 101, hasInternet: true, validated: true
17:08:26 [DefaultDispatcher-worker-2] BlockchainServiceImpl - acquiring check() mutex
17:08:26 [DefaultDispatcher-worker-2] BlockchainServiceImpl - check()
17:08:26 [DefaultDispatcher-worker-2] BlockchainServiceImpl - cutover committed — holding the dashj L1 engine; SDK owns L1 this launch
17:08:26 [DefaultDispatcher-worker-2] BlockchainServiceImpl - releasing check() mutex
17:08:26 [main] SendCoinsFragment - enterAmountViewModel.blockContinue = false, viewModel.dryRunSuccessful.value = true
17:08:29 [DefaultDispatcher-worker-7] BlockchainServiceImpl - network capabilities changed: 101, hasInternet: true, validated: true
17:08:29 [DefaultDispatcher-worker-7] BlockchainServiceImpl - acquiring check() mutex
17:08:29 [DefaultDispatcher-worker-7] BlockchainServiceImpl - check()
17:08:29 [DefaultDispatcher-worker-7] BlockchainServiceImpl - cutover committed — holding the dashj L1 engine; SDK owns L1 this launch
17:08:29 [DefaultDispatcher-worker-7] BlockchainServiceImpl - releasing check() mutex
17:08:29 [main] SendCoinsFragment - enterAmountViewModel.blockContinue = false, viewModel.dryRunSuccessful.value = true
17:08:39 [main] SecurityGuard - loading security guard [healthy=true] with keys: [keystore_healthy, fallback_pin_wallet_password_key, primary_ui_pin_key, modern_encryption_migration_complete, fallback_mnemonic_wallet_password_key, primary_wallet_password_key, fallback_mnemonic_ui_pin_key]
17:08:39 [main] ModernEncryptionProvider - Decrypted data for alias: ui_pin_key
17:08:39 [main] BiometricHelper - No biometric credentials
17:09:00 [main] BlockchainServiceImpl - MEM pss=296MB nativeHeap=164/189MB jvm=21/576MB
17:09:00 [main] BlockchainServiceImpl - History of transactions/blocks/headers/mnlistdiff (sdk): 0/0/0/0, 0/0/0/0, 0/1/1/1, 0/1/1/1, 0/0/0/0, 0/0/0/0, 0/0/0/0, 0/1/1/1, 0/1/1/1
17:09:03 [DefaultDispatcher-worker-2] SendCoinsViewModel - executeDryRun started
17:09:03 [DefaultDispatcher-worker-2] BLSJniLibrary - Initializing BLS JNI Library
17:09:03 [DefaultDispatcher-worker-2] BLSJniLibrary - Initializing BLS JNI Library
17:09:04 [DefaultDispatcher-worker-6] SendCoinsViewModel - executeDryRun started
17:09:04 [DefaultDispatcher-worker-6] BLSJniLibrary - Initializing BLS JNI Library
17:09:04 [DefaultDispatcher-worker-6] BLSJniLibrary - Initializing BLS JNI Library
17:09:04 [DefaultDispatcher-worker-6] SendCoinsViewModel - executeDryRun finished (cutover-aware: SDK-overlaid affordability)
17:09:04 [main] SendCoinsFragment - enterAmountViewModel.blockContinue = false, viewModel.dryRunSuccessful.value = true
17:09:04 [DefaultDispatcher-worker-2] SendCoinsViewModel - executeDryRun started
17:09:04 [DefaultDispatcher-worker-2] BLSJniLibrary - Initializing BLS JNI Library
17:09:04 [DefaultDispatcher-worker-2] BLSJniLibrary - Initializing BLS JNI Library
17:09:04 [DefaultDispatcher-worker-2] SendCoinsViewModel - executeDryRun finished (cutover-aware: SDK-overlaid affordability)
17:09:04 [main] SendCoinsFragment - enterAmountViewModel.blockContinue = false, viewModel.dryRunSuccessful.value = true
17:09:04 [DefaultDispatcher-worker-2] SendCoinsViewModel - executeDryRun started
17:09:04 [DefaultDispatcher-worker-2] BLSJniLibrary - Initializing BLS JNI Library
17:09:04 [DefaultDispatcher-worker-2] BLSJniLibrary - Initializing BLS JNI Library
17:09:04 [DefaultDispatcher-worker-2] SendCoinsViewModel - executeDryRun finished (cutover-aware: SDK-overlaid affordability)
17:09:04 [main] SendCoinsFragment - enterAmountViewModel.blockContinue = false, viewModel.dryRunSuccessful.value = true
17:09:04 [DefaultDispatcher-worker-2] SendCoinsViewModel - executeDryRun started
17:09:04 [DefaultDispatcher-worker-2] BLSJniLibrary - Initializing BLS JNI Library
17:09:04 [DefaultDispatcher-worker-2] BLSJniLibrary - Initializing BLS JNI Library
17:09:04 [DefaultDispatcher-worker-2] SendCoinsViewModel - executeDryRun finished (cutover-aware: SDK-overlaid affordability)
17:09:04 [main] SendCoinsFragment - enterAmountViewModel.blockContinue = false, viewModel.dryRunSuccessful.value = true
17:09:05 [DefaultDispatcher-worker-6] SendCoinsViewModel - executeDryRun started
17:09:05 [DefaultDispatcher-worker-6] BLSJniLibrary - Initializing BLS JNI Library
17:09:05 [DefaultDispatcher-worker-6] BLSJniLibrary - Initializing BLS JNI Library
17:09:05 [DefaultDispatcher-worker-6] SendCoinsViewModel - executeDryRun finished (cutover-aware: SDK-overlaid affordability)
17:09:05 [main] SendCoinsFragment - enterAmountViewModel.blockContinue = false, viewModel.dryRunSuccessful.value = true
17:09:05 [DefaultDispatcher-worker-5] SendCoinsViewModel - executeDryRun started
17:09:05 [DefaultDispatcher-worker-5] BLSJniLibrary - Initializing BLS JNI Library
17:09:05 [DefaultDispatcher-worker-5] BLSJniLibrary - Initializing BLS JNI Library
17:09:05 [DefaultDispatcher-worker-5] SendCoinsViewModel - executeDryRun finished (cutover-aware: SDK-overlaid affordability)
17:09:05 [main] SendCoinsFragment - enterAmountViewModel.blockContinue = false, viewModel.dryRunSuccessful.value = true
17:09:05 [main] SendCoinsFragment - enterAmountViewModel.blockContinue = true, viewModel.dryRunSuccessful.value = false
17:09:07 [DefaultDispatcher-worker-2] SendCoinsViewModel - executeDryRun started
17:09:07 [DefaultDispatcher-worker-2] BLSJniLibrary - Initializing BLS JNI Library
17:09:07 [DefaultDispatcher-worker-2] BLSJniLibrary - Initializing BLS JNI Library
17:09:07 [DefaultDispatcher-worker-2] SendCoinsViewModel - executeDryRun finished (cutover-aware: SDK-overlaid affordability)
17:09:07 [main] SendCoinsFragment - enterAmountViewModel.blockContinue = false, viewModel.dryRunSuccessful.value = true
17:09:08 [DefaultDispatcher-worker-6] SendCoinsViewModel - executeDryRun started
17:09:08 [DefaultDispatcher-worker-6] BLSJniLibrary - Initializing BLS JNI Library
17:09:08 [DefaultDispatcher-worker-6] BLSJniLibrary - Initializing BLS JNI Library
17:09:08 [DefaultDispatcher-worker-6] SendCoinsViewModel - executeDryRun finished (cutover-aware: SDK-overlaid affordability)
17:09:08 [main] SendCoinsFragment - enterAmountViewModel.blockContinue = false, viewModel.dryRunSuccessful.value = true
17:09:08 [DefaultDispatcher-worker-3] SendCoinsViewModel - executeDryRun started
17:09:08 [DefaultDispatcher-worker-3] BLSJniLibrary - Initializing BLS JNI Library
17:09:08 [DefaultDispatcher-worker-3] BLSJniLibrary - Initializing BLS JNI Library
17:09:08 [DefaultDispatcher-worker-3] SendCoinsViewModel - executeDryRun finished (cutover-aware: SDK-overlaid affordability)
17:09:08 [main] SendCoinsFragment - enterAmountViewModel.blockContinue = false, viewModel.dryRunSuccessful.value = true
17:09:08 [DefaultDispatcher-worker-6] SendCoinsViewModel - executeDryRun started
17:09:08 [DefaultDispatcher-worker-6] BLSJniLibrary - Initializing BLS JNI Library
17:09:08 [DefaultDispatcher-worker-6] BLSJniLibrary - Initializing BLS JNI Library
17:09:09 [DefaultDispatcher-worker-6] SendCoinsViewModel - executeDryRun started
17:09:09 [DefaultDispatcher-worker-6] BLSJniLibrary - Initializing BLS JNI Library
17:09:09 [DefaultDispatcher-worker-6] BLSJniLibrary - Initializing BLS JNI Library
17:09:09 [DefaultDispatcher-worker-6] SendCoinsViewModel - executeDryRun finished (cutover-aware: SDK-overlaid affordability)
17:09:09 [main] SendCoinsFragment - enterAmountViewModel.blockContinue = false, viewModel.dryRunSuccessful.value = true
17:09:35 [DefaultDispatcher-worker-6] SendCoinsViewModel - executeDryRun started
17:09:35 [DefaultDispatcher-worker-6] BLSJniLibrary - Initializing BLS JNI Library
17:09:35 [DefaultDispatcher-worker-6] BLSJniLibrary - Initializing BLS JNI Library
17:09:35 [DefaultDispatcher-worker-6] SendCoinsViewModel - executeDryRun finished (cutover-aware: SDK-overlaid affordability)
17:09:35 [main] SendCoinsFragment - enterAmountViewModel.blockContinue = false, viewModel.dryRunSuccessful.value = true
17:09:35 [DefaultDispatcher-worker-2] SendCoinsViewModel - executeDryRun started
17:09:35 [DefaultDispatcher-worker-2] BLSJniLibrary - Initializing BLS JNI Library
17:09:35 [DefaultDispatcher-worker-2] BLSJniLibrary - Initializing BLS JNI Library
17:09:35 [DefaultDispatcher-worker-2] SendCoinsViewModel - executeDryRun finished (cutover-aware: SDK-overlaid affordability)
17:09:35 [main] SendCoinsFragment - enterAmountViewModel.blockContinue = false, viewModel.dryRunSuccessful.value = true
17:09:36 [DefaultDispatcher-worker-11] SendCoinsViewModel - executeDryRun started
17:09:36 [DefaultDispatcher-worker-11] BLSJniLibrary - Initializing BLS JNI Library
17:09:36 [DefaultDispatcher-worker-11] BLSJniLibrary - Initializing BLS JNI Library
17:09:36 [DefaultDispatcher-worker-11] SendCoinsViewModel - executeDryRun finished (cutover-aware: SDK-overlaid affordability)
17:09:36 [main] SendCoinsFragment - enterAmountViewModel.blockContinue = false, viewModel.dryRunSuccessful.value = true
17:09:36 [DefaultDispatcher-worker-11] SendCoinsViewModel - executeDryRun started
17:09:36 [DefaultDispatcher-worker-11] BLSJniLibrary - Initializing BLS JNI Library
17:09:36 [DefaultDispatcher-worker-11] BLSJniLibrary - Initializing BLS JNI Library
17:09:36 [DefaultDispatcher-worker-11] SendCoinsViewModel - executeDryRun finished (cutover-aware: SDK-overlaid affordability)
17:09:36 [main] SendCoinsFragment - enterAmountViewModel.blockContinue = false, viewModel.dryRunSuccessful.value = true
17:09:36 [DefaultDispatcher-worker-11] SendCoinsViewModel - executeDryRun started
17:09:36 [DefaultDispatcher-worker-11] BLSJniLibrary - Initializing BLS JNI Library
17:09:36 [DefaultDispatcher-worker-11] BLSJniLibrary - Initializing BLS JNI Library
17:09:36 [DefaultDispatcher-worker-11] SendCoinsViewModel - executeDryRun finished (cutover-aware: SDK-overlaid affordability)
17:09:36 [main] SendCoinsFragment - enterAmountViewModel.blockContinue = false, viewModel.dryRunSuccessful.value = true
17:09:36 [DefaultDispatcher-worker-2] SendCoinsViewModel - executeDryRun started
17:09:36 [DefaultDispatcher-worker-2] BLSJniLibrary - Initializing BLS JNI Library
17:09:36 [DefaultDispatcher-worker-2] BLSJniLibrary - Initializing BLS JNI Library
17:09:36 [DefaultDispatcher-worker-2] SendCoinsViewModel - executeDryRun finished (cutover-aware: SDK-overlaid affordability)
17:09:36 [main] SendCoinsFragment - enterAmountViewModel.blockContinue = false, viewModel.dryRunSuccessful.value = true
17:09:37 [main] SendCoinsFragment - enterAmountViewModel.blockContinue = true, viewModel.dryRunSuccessful.value = false
17:09:38 [DefaultDispatcher-worker-4] BlockchainServiceImpl - network capabilities changed: 101, hasInternet: true, validated: true
17:09:38 [DefaultDispatcher-worker-4] BlockchainServiceImpl - acquiring check() mutex
17:09:38 [DefaultDispatcher-worker-4] BlockchainServiceImpl - check()
17:09:38 [DefaultDispatcher-worker-4] BlockchainServiceImpl - cutover committed — holding the dashj L1 engine; SDK owns L1 this launch
17:09:38 [DefaultDispatcher-worker-4] BlockchainServiceImpl - releasing check() mutex
17:09:38 [main] SendCoinsFragment - enterAmountViewModel.blockContinue = true, viewModel.dryRunSuccessful.value = false
17:09:39 [DefaultDispatcher-worker-7] SendCoinsViewModel - executeDryRun started
17:09:39 [DefaultDispatcher-worker-7] BLSJniLibrary - Initializing BLS JNI Library
17:09:39 [DefaultDispatcher-worker-7] BLSJniLibrary - Initializing BLS JNI Library
17:09:39 [DefaultDispatcher-worker-7] SendCoinsViewModel - executeDryRun finished (cutover-aware: SDK-overlaid affordability)
17:09:39 [main] SendCoinsFragment - enterAmountViewModel.blockContinue = false, viewModel.dryRunSuccessful.value = true
17:09:39 [DefaultDispatcher-worker-9] SendCoinsViewModel - executeDryRun started
17:09:39 [DefaultDispatcher-worker-9] BLSJniLibrary - Initializing BLS JNI Library
17:09:39 [DefaultDispatcher-worker-9] BLSJniLibrary - Initializing BLS JNI Library
17:09:39 [DefaultDispatcher-worker-9] SendCoinsViewModel - executeDryRun finished (cutover-aware: SDK-overlaid affordability)
17:09:39 [main] SendCoinsFragment - enterAmountViewModel.blockContinue = false, viewModel.dryRunSuccessful.value = true
17:09:40 [DefaultDispatcher-worker-2] SendCoinsViewModel - executeDryRun started
17:09:40 [DefaultDispatcher-worker-2] BLSJniLibrary - Initializing BLS JNI Library
17:09:40 [DefaultDispatcher-worker-2] BLSJniLibrary - Initializing BLS JNI Library
17:09:40 [DefaultDispatcher-worker-2] SendCoinsViewModel - executeDryRun finished (cutover-aware: SDK-overlaid affordability)
17:09:40 [main] SendCoinsFragment - enterAmountViewModel.blockContinue = false, viewModel.dryRunSuccessful.value = true
17:09:40 [DefaultDispatcher-worker-9] SendCoinsViewModel - executeDryRun started
17:09:40 [DefaultDispatcher-worker-9] BLSJniLibrary - Initializing BLS JNI Library
17:09:40 [DefaultDispatcher-worker-9] BLSJniLibrary - Initializing BLS JNI Library
17:09:40 [DefaultDispatcher-worker-2] SendCoinsViewModel - executeDryRun started
17:09:40 [DefaultDispatcher-worker-2] BLSJniLibrary - Initializing BLS JNI Library
17:09:40 [DefaultDispatcher-worker-2] BLSJniLibrary - Initializing BLS JNI Library
17:09:40 [DefaultDispatcher-worker-2] SendCoinsViewModel - executeDryRun finished (cutover-aware: SDK-overlaid affordability)
17:09:40 [main] SendCoinsFragment - enterAmountViewModel.blockContinue = false, viewModel.dryRunSuccessful.value = true
17:09:41 [DefaultDispatcher-worker-4] BlockchainServiceImpl - network capabilities changed: 101, hasInternet: true, validated: true
17:09:41 [DefaultDispatcher-worker-4] BlockchainServiceImpl - acquiring check() mutex
17:09:41 [DefaultDispatcher-worker-4] BlockchainServiceImpl - check()
17:09:41 [DefaultDispatcher-worker-4] BlockchainServiceImpl - cutover committed — holding the dashj L1 engine; SDK owns L1 this launch
17:09:41 [DefaultDispatcher-worker-4] BlockchainServiceImpl - releasing check() mutex
17:09:41 [main] SendCoinsFragment - enterAmountViewModel.blockContinue = false, viewModel.dryRunSuccessful.value = true
17:09:45 [DefaultDispatcher-worker-1] SendCoinsViewModel - executeDryRun started
17:09:45 [DefaultDispatcher-worker-1] BLSJniLibrary - Initializing BLS JNI Library
17:09:45 [DefaultDispatcher-worker-1] BLSJniLibrary - Initializing BLS JNI Library
17:09:45 [DefaultDispatcher-worker-1] SendCoinsViewModel - executeDryRun finished (cutover-aware: SDK-overlaid affordability)
17:09:45 [main] SendCoinsFragment - enterAmountViewModel.blockContinue = false, viewModel.dryRunSuccessful.value = true
17:09:45 [DefaultDispatcher-worker-9] SendCoinsViewModel - executeDryRun started
17:09:45 [DefaultDispatcher-worker-9] BLSJniLibrary - Initializing BLS JNI Library
17:09:45 [DefaultDispatcher-worker-9] BLSJniLibrary - Initializing BLS JNI Library
17:09:45 [DefaultDispatcher-worker-9] SendCoinsViewModel - executeDryRun finished (cutover-aware: SDK-overlaid affordability)
17:09:45 [main] SendCoinsFragment - enterAmountViewModel.blockContinue = false, viewModel.dryRunSuccessful.value = true
17:09:45 [DefaultDispatcher-worker-7] L1ShadowSyncService - L1Shadow phase=SYNCED 100.0% headers 1556867/1556867 filters 1556867/1556867 wallet 1556867
17:09:45 [DefaultDispatcher-worker-10] MainViewModel - blockchain state update: mnlist=1556866; chain=1556867; wallet=-1
17:09:45 [main] SendCoinsFragment - enterAmountViewModel.blockContinue = false, viewModel.dryRunSuccessful.value = true
17:09:45 [main] SendCoinsFragment - enterAmountViewModel.blockContinue = false, viewModel.dryRunSuccessful.value = true
17:09:45 [DefaultDispatcher-worker-6] SendCoinsViewModel - executeDryRun started
17:09:45 [DefaultDispatcher-worker-6] BLSJniLibrary - Initializing BLS JNI Library
17:09:45 [DefaultDispatcher-worker-6] BLSJniLibrary - Initializing BLS JNI Library
17:09:45 [DefaultDispatcher-worker-6] SendCoinsViewModel - executeDryRun finished (cutover-aware: SDK-overlaid affordability)
17:09:45 [main] SendCoinsFragment - enterAmountViewModel.blockContinue = false, viewModel.dryRunSuccessful.value = true
17:09:45 [DefaultDispatcher-worker-5] SendCoinsViewModel - executeDryRun started
17:09:45 [DefaultDispatcher-worker-5] BLSJniLibrary - Initializing BLS JNI Library
17:09:45 [DefaultDispatcher-worker-5] BLSJniLibrary - Initializing BLS JNI Library
17:09:45 [DefaultDispatcher-worker-5] SendCoinsViewModel - executeDryRun finished (cutover-aware: SDK-overlaid affordability)
17:09:45 [main] SendCoinsFragment - enterAmountViewModel.blockContinue = false, viewModel.dryRunSuccessful.value = true
17:09:46 [DefaultDispatcher-worker-6] SendCoinsViewModel - executeDryRun started
17:09:46 [DefaultDispatcher-worker-6] BLSJniLibrary - Initializing BLS JNI Library
17:09:46 [DefaultDispatcher-worker-6] BLSJniLibrary - Initializing BLS JNI Library
17:09:46 [DefaultDispatcher-worker-6] SendCoinsViewModel - executeDryRun finished (cutover-aware: SDK-overlaid affordability)
17:09:46 [main] SendCoinsFragment - enterAmountViewModel.blockContinue = false, viewModel.dryRunSuccessful.value = true
17:09:46 [DefaultDispatcher-worker-11] SendCoinsViewModel - executeDryRun started
17:09:46 [DefaultDispatcher-worker-11] BLSJniLibrary - Initializing BLS JNI Library
17:09:46 [DefaultDispatcher-worker-11] BLSJniLibrary - Initializing BLS JNI Library
17:09:46 [DefaultDispatcher-worker-11] SendCoinsViewModel - executeDryRun finished (cutover-aware: SDK-overlaid affordability)
17:09:46 [main] SendCoinsFragment - enterAmountViewModel.blockContinue = false, viewModel.dryRunSuccessful.value = true
17:09:46 [DefaultDispatcher-worker-8] SendCoinsViewModel - executeDryRun started
17:09:46 [DefaultDispatcher-worker-8] BLSJniLibrary - Initializing BLS JNI Library
17:09:46 [DefaultDispatcher-worker-8] BLSJniLibrary - Initializing BLS JNI Library
17:09:46 [DefaultDispatcher-worker-8] SendCoinsViewModel - executeDryRun finished (cutover-aware: SDK-overlaid affordability)
17:09:46 [main] SendCoinsFragment - enterAmountViewModel.blockContinue = false, viewModel.dryRunSuccessful.value = true
17:09:46 [main] SendCoinsFragment - enterAmountViewModel.blockContinue = true, viewModel.dryRunSuccessful.value = false
17:09:47 [DefaultDispatcher-worker-2] BlockchainServiceImpl - network capabilities changed: 101, hasInternet: true, validated: true
17:09:47 [DefaultDispatcher-worker-2] BlockchainServiceImpl - acquiring check() mutex
17:09:47 [DefaultDispatcher-worker-2] BlockchainServiceImpl - check()
17:09:47 [DefaultDispatcher-worker-2] BlockchainServiceImpl - cutover committed — holding the dashj L1 engine; SDK owns L1 this launch
17:09:47 [DefaultDispatcher-worker-2] BlockchainServiceImpl - releasing check() mutex
17:09:47 [main] SendCoinsFragment - enterAmountViewModel.blockContinue = true, viewModel.dryRunSuccessful.value = false
17:09:48 [DefaultDispatcher-worker-7] L1ShadowSyncService - L1 engine chainlock height 1556866 -> 1556867
17:09:48 [DefaultDispatcher-worker-8] MainViewModel - blockchain state update: mnlist=1556866; chain=1556867; wallet=-1
17:09:48 [main] SendCoinsFragment - enterAmountViewModel.blockContinue = true, viewModel.dryRunSuccessful.value = false
17:09:49 [DefaultDispatcher-worker-7] SendCoinsViewModel - executeDryRun started
17:09:49 [DefaultDispatcher-worker-7] BLSJniLibrary - Initializing BLS JNI Library
17:09:49 [DefaultDispatcher-worker-7] BLSJniLibrary - Initializing BLS JNI Library
17:09:49 [DefaultDispatcher-worker-7] SendCoinsViewModel - executeDryRun finished (cutover-aware: SDK-overlaid affordability)
17:09:49 [main] SendCoinsFragment - enterAmountViewModel.blockContinue = false, viewModel.dryRunSuccessful.value = true
17:09:49 [DefaultDispatcher-worker-6] SendCoinsViewModel - executeDryRun started
17:09:49 [DefaultDispatcher-worker-6] BLSJniLibrary - Initializing BLS JNI Library
17:09:49 [DefaultDispatcher-worker-6] BLSJniLibrary - Initializing BLS JNI Library
17:09:49 [DefaultDispatcher-worker-6] SendCoinsViewModel - executeDryRun finished (cutover-aware: SDK-overlaid affordability)
17:09:49 [main] SendCoinsFragment - enterAmountViewModel.blockContinue = false, viewModel.dryRunSuccessful.value = true
17:09:49 [DefaultDispatcher-worker-9] SendCoinsViewModel - executeDryRun started
17:09:49 [DefaultDispatcher-worker-9] BLSJniLibrary - Initializing BLS JNI Library
17:09:49 [DefaultDispatcher-worker-9] BLSJniLibrary - Initializing BLS JNI Library
17:09:49 [DefaultDispatcher-worker-9] SendCoinsViewModel - executeDryRun finished (cutover-aware: SDK-overlaid affordability)
17:09:49 [main] SendCoinsFragment - enterAmountViewModel.blockContinue = false, viewModel.dryRunSuccessful.value = true
17:09:50 [DefaultDispatcher-worker-3] SendCoinsViewModel - executeDryRun started
17:09:50 [DefaultDispatcher-worker-3] BLSJniLibrary - Initializing BLS JNI Library
17:09:50 [DefaultDispatcher-worker-3] BLSJniLibrary - Initializing BLS JNI Library
17:09:50 [DefaultDispatcher-worker-1] SendCoinsViewModel - executeDryRun started
17:09:50 [DefaultDispatcher-worker-1] BLSJniLibrary - Initializing BLS JNI Library
17:09:50 [DefaultDispatcher-worker-1] BLSJniLibrary - Initializing BLS JNI Library
17:09:50 [DefaultDispatcher-worker-1] SendCoinsViewModel - executeDryRun finished (cutover-aware: SDK-overlaid affordability)
17:09:50 [main] SendCoinsFragment - enterAmountViewModel.blockContinue = false, viewModel.dryRunSuccessful.value = true
17:09:50 [DefaultDispatcher-worker-3] BlockchainServiceImpl - network capabilities changed: 101, hasInternet: true, validated: true
17:09:50 [DefaultDispatcher-worker-3] BlockchainServiceImpl - acquiring check() mutex
17:09:50 [DefaultDispatcher-worker-3] BlockchainServiceImpl - check()
17:09:50 [DefaultDispatcher-worker-3] BlockchainServiceImpl - cutover committed — holding the dashj L1 engine; SDK owns L1 this launch
17:09:50 [DefaultDispatcher-worker-3] BlockchainServiceImpl - releasing check() mutex
17:09:50 [main] SendCoinsFragment - enterAmountViewModel.blockContinue = false, viewModel.dryRunSuccessful.value = true
17:09:52 [DefaultDispatcher-worker-1] MainViewModel - blockchain state update: mnlist=1556867; chain=1556867; wallet=-1
17:09:52 [main] SendCoinsFragment - enterAmountViewModel.blockContinue = false, viewModel.dryRunSuccessful.value = true
17:09:54 [DefaultDispatcher-worker-2] SendCoinsViewModel - executeDryRun started
17:09:54 [DefaultDispatcher-worker-2] BLSJniLibrary - Initializing BLS JNI Library
17:09:54 [DefaultDispatcher-worker-2] BLSJniLibrary - Initializing BLS JNI Library
17:09:54 [DefaultDispatcher-worker-2] SendCoinsViewModel - executeDryRun finished (cutover-aware: SDK-overlaid affordability)
17:09:54 [main] SendCoinsFragment - enterAmountViewModel.blockContinue = false, viewModel.dryRunSuccessful.value = true
17:09:54 [DefaultDispatcher-worker-7] SendCoinsViewModel - executeDryRun started
17:09:54 [DefaultDispatcher-worker-7] BLSJniLibrary - Initializing BLS JNI Library
17:09:54 [DefaultDispatcher-worker-7] BLSJniLibrary - Initializing BLS JNI Library
17:09:54 [DefaultDispatcher-worker-7] SendCoinsViewModel - executeDryRun finished (cutover-aware: SDK-overlaid affordability)
17:09:54 [main] SendCoinsFragment - enterAmountViewModel.blockContinue = false, viewModel.dryRunSuccessful.value = true
17:09:54 [DefaultDispatcher-worker-4] SendCoinsViewModel - executeDryRun started
17:09:54 [DefaultDispatcher-worker-4] BLSJniLibrary - Initializing BLS JNI Library
17:09:54 [DefaultDispatcher-worker-4] BLSJniLibrary - Initializing BLS JNI Library
17:09:54 [DefaultDispatcher-worker-4] SendCoinsViewModel - executeDryRun finished (cutover-aware: SDK-overlaid affordability)
17:09:54 [main] SendCoinsFragment - enterAmountViewModel.blockContinue = false, viewModel.dryRunSuccessful.value = true
17:09:54 [DefaultDispatcher-worker-11] SendCoinsViewModel - executeDryRun started
17:09:54 [DefaultDispatcher-worker-11] BLSJniLibrary - Initializing BLS JNI Library
17:09:54 [DefaultDispatcher-worker-11] BLSJniLibrary - Initializing BLS JNI Library
17:09:54 [DefaultDispatcher-worker-11] SendCoinsViewModel - executeDryRun finished (cutover-aware: SDK-overlaid affordability)
17:09:54 [main] SendCoinsFragment - enterAmountViewModel.blockContinue = false, viewModel.dryRunSuccessful.value = true
17:09:55 [DefaultDispatcher-worker-4] SendCoinsViewModel - executeDryRun started
17:09:55 [DefaultDispatcher-worker-4] BLSJniLibrary - Initializing BLS JNI Library
17:09:55 [DefaultDispatcher-worker-4] BLSJniLibrary - Initializing BLS JNI Library
17:09:55 [DefaultDispatcher-worker-4] SendCoinsViewModel - executeDryRun finished (cutover-aware: SDK-overlaid affordability)
17:09:55 [main] SendCoinsFragment - enterAmountViewModel.blockContinue = false, viewModel.dryRunSuccessful.value = true
17:09:55 [DefaultDispatcher-worker-4] SendCoinsViewModel - executeDryRun started
17:09:55 [DefaultDispatcher-worker-4] BLSJniLibrary - Initializing BLS JNI Library
17:09:55 [DefaultDispatcher-worker-4] BLSJniLibrary - Initializing BLS JNI Library
17:09:55 [DefaultDispatcher-worker-4] SendCoinsViewModel - executeDryRun finished (cutover-aware: SDK-overlaid affordability)
17:09:55 [main] SendCoinsFragment - enterAmountViewModel.blockContinue = false, viewModel.dryRunSuccessful.value = true
17:09:55 [DefaultDispatcher-worker-7] SendCoinsViewModel - executeDryRun started
17:09:55 [DefaultDispatcher-worker-7] BLSJniLibrary - Initializing BLS JNI Library
17:09:55 [DefaultDispatcher-worker-7] BLSJniLibrary - Initializing BLS JNI Library
17:09:55 [DefaultDispatcher-worker-7] SendCoinsViewModel - executeDryRun finished (cutover-aware: SDK-overlaid affordability)
17:09:55 [main] SendCoinsFragment - enterAmountViewModel.blockContinue = false, viewModel.dryRunSuccessful.value = true
17:09:55 [main] SendCoinsFragment - enterAmountViewModel.blockContinue = true, viewModel.dryRunSuccessful.value = false
17:09:58 [DefaultDispatcher-worker-7] SendCoinsViewModel - executeDryRun started
17:09:58 [DefaultDispatcher-worker-7] BLSJniLibrary - Initializing BLS JNI Library
17:09:58 [DefaultDispatcher-worker-7] BLSJniLibrary - Initializing BLS JNI Library
17:09:58 [DefaultDispatcher-worker-7] SendCoinsViewModel - executeDryRun finished (cutover-aware: SDK-overlaid affordability)
17:09:58 [main] SendCoinsFragment - enterAmountViewModel.blockContinue = false, viewModel.dryRunSuccessful.value = true
17:09:58 [DefaultDispatcher-worker-6] SendCoinsViewModel - executeDryRun started
17:09:58 [DefaultDispatcher-worker-6] BLSJniLibrary - Initializing BLS JNI Library
17:09:58 [DefaultDispatcher-worker-6] BLSJniLibrary - Initializing BLS JNI Library
17:09:58 [DefaultDispatcher-worker-6] SendCoinsViewModel - executeDryRun finished (cutover-aware: SDK-overlaid affordability)
17:09:58 [main] SendCoinsFragment - enterAmountViewModel.blockContinue = false, viewModel.dryRunSuccessful.value = true
17:09:59 [DefaultDispatcher-worker-11] SendCoinsViewModel - executeDryRun started
17:09:59 [DefaultDispatcher-worker-11] BLSJniLibrary - Initializing BLS JNI Library
17:09:59 [DefaultDispatcher-worker-11] BLSJniLibrary - Initializing BLS JNI Library
17:09:59 [DefaultDispatcher-worker-11] SendCoinsViewModel - executeDryRun finished (cutover-aware: SDK-overlaid affordability)
17:09:59 [main] SendCoinsFragment - enterAmountViewModel.blockContinue = false, viewModel.dryRunSuccessful.value = true
17:09:59 [DefaultDispatcher-worker-3] SendCoinsViewModel - executeDryRun started
17:09:59 [DefaultDispatcher-worker-3] BLSJniLibrary - Initializing BLS JNI Library
17:09:59 [DefaultDispatcher-worker-3] BLSJniLibrary - Initializing BLS JNI Library
17:09:59 [DefaultDispatcher-worker-9] SendCoinsViewModel - executeDryRun started
17:09:59 [DefaultDispatcher-worker-9] BLSJniLibrary - Initializing BLS JNI Library
17:09:59 [DefaultDispatcher-worker-9] BLSJniLibrary - Initializing BLS JNI Library
17:09:59 [DefaultDispatcher-worker-9] SendCoinsViewModel - executeDryRun finished (cutover-aware: SDK-overlaid affordability)
17:09:59 [main] SendCoinsFragment - enterAmountViewModel.blockContinue = false, viewModel.dryRunSuccessful.value = true
17:10:00 [main] BlockchainServiceImpl - MEM pss=302MB nativeHeap=166/189MB jvm=24/576MB
17:10:00 [main] BlockchainServiceImpl - History of transactions/blocks/headers/mnlistdiff (sdk): 0/1/1/1, 0/0/0/0, 0/0/0/0, 0/1/1/1, 0/1/1/1, 0/0/0/0, 0/0/0/0, 0/0/0/0, 0/1/1/1
17:10:03 [native-log-bridge] DashSdkNative - 09-19 12:09:45.486  4078  4561 I DashSDK : platform_wallet::changeset::core_bridge: wallet-event batch: folded=1 wallets=1 synced_height_persisted=Some(1556867) synced_height_frozen=None synced_height_rejected=None faulted=0
17:10:03 [native-log-bridge] DashSdkNative - 09-19 12:09:48.320  4078  4562 I DashSDK : platform_wallet::changeset::core_bridge: wallet-event batch: folded=1 wallets=1 synced_height_persisted=None synced_height_frozen=None synced_height_rejected=None faulted=0
17:10:05 [DefaultDispatcher-worker-4] SendCoinsViewModel - executeDryRun started
17:10:05 [DefaultDispatcher-worker-4] BLSJniLibrary - Initializing BLS JNI Library
17:10:05 [DefaultDispatcher-worker-4] BLSJniLibrary - Initializing BLS JNI Library
17:10:05 [DefaultDispatcher-worker-4] SendCoinsViewModel - executeDryRun finished (cutover-aware: SDK-overlaid affordability)
17:10:05 [main] SendCoinsFragment - enterAmountViewModel.blockContinue = false, viewModel.dryRunSuccessful.value = true
17:10:05 [DefaultDispatcher-worker-9] SendCoinsViewModel - executeDryRun started
17:10:05 [DefaultDispatcher-worker-9] BLSJniLibrary - Initializing BLS JNI Library
17:10:05 [DefaultDispatcher-worker-9] BLSJniLibrary - Initializing BLS JNI Library
17:10:05 [DefaultDispatcher-worker-9] SendCoinsViewModel - executeDryRun finished (cutover-aware: SDK-overlaid affordability)
17:10:05 [main] SendCoinsFragment - enterAmountViewModel.blockContinue = false, viewModel.dryRunSuccessful.value = true
17:10:05 [DefaultDispatcher-worker-2] SendCoinsViewModel - executeDryRun started
17:10:05 [DefaultDispatcher-worker-2] BLSJniLibrary - Initializing BLS JNI Library
17:10:05 [DefaultDispatcher-worker-2] BLSJniLibrary - Initializing BLS JNI Library
17:10:05 [DefaultDispatcher-worker-2] SendCoinsViewModel - executeDryRun finished (cutover-aware: SDK-overlaid affordability)
17:10:05 [main] SendCoinsFragment - enterAmountViewModel.blockContinue = false, viewModel.dryRunSuccessful.value = true
17:10:06 [DefaultDispatcher-worker-3] SendCoinsViewModel - executeDryRun started
17:10:06 [DefaultDispatcher-worker-3] BLSJniLibrary - Initializing BLS JNI Library
17:10:06 [DefaultDispatcher-worker-3] BLSJniLibrary - Initializing BLS JNI Library
17:10:06 [DefaultDispatcher-worker-3] SendCoinsViewModel - executeDryRun finished (cutover-aware: SDK-overlaid affordability)
17:10:06 [main] SendCoinsFragment - enterAmountViewModel.blockContinue = false, viewModel.dryRunSuccessful.value = true
17:10:06 [DefaultDispatcher-worker-3] SendCoinsViewModel - executeDryRun started
17:10:06 [DefaultDispatcher-worker-3] BLSJniLibrary - Initializing BLS JNI Library
17:10:06 [DefaultDispatcher-worker-3] BLSJniLibrary - Initializing BLS JNI Library
17:10:06 [DefaultDispatcher-worker-3] SendCoinsViewModel - executeDryRun finished (cutover-aware: SDK-overlaid affordability)
17:10:06 [main] SendCoinsFragment - enterAmountViewModel.blockContinue = false, viewModel.dryRunSuccessful.value = true
17:10:06 [DefaultDispatcher-worker-2] SendCoinsViewModel - executeDryRun started
17:10:06 [DefaultDispatcher-worker-2] BLSJniLibrary - Initializing BLS JNI Library
17:10:06 [DefaultDispatcher-worker-2] BLSJniLibrary - Initializing BLS JNI Library
17:10:06 [DefaultDispatcher-worker-2] SendCoinsViewModel - executeDryRun finished (cutover-aware: SDK-overlaid affordability)
17:10:06 [main] SendCoinsFragment - enterAmountViewModel.blockContinue = false, viewModel.dryRunSuccessful.value = true
17:10:06 [DefaultDispatcher-worker-9] SendCoinsViewModel - executeDryRun started
17:10:06 [DefaultDispatcher-worker-9] BLSJniLibrary - Initializing BLS JNI Library
17:10:06 [DefaultDispatcher-worker-9] BLSJniLibrary - Initializing BLS JNI Library
17:10:06 [DefaultDispatcher-worker-9] SendCoinsViewModel - executeDryRun finished (cutover-aware: SDK-overlaid affordability)
17:10:06 [main] SendCoinsFragment - enterAmountViewModel.blockContinue = false, viewModel.dryRunSuccessful.value = true
17:10:06 [main] SendCoinsFragment - enterAmountViewModel.blockContinue = true, viewModel.dryRunSuccessful.value = false
17:10:09 [DefaultDispatcher-worker-10] SendCoinsViewModel - executeDryRun started
17:10:09 [DefaultDispatcher-worker-10] BLSJniLibrary - Initializing BLS JNI Library
17:10:09 [DefaultDispatcher-worker-10] BLSJniLibrary - Initializing BLS JNI Library
17:10:09 [DefaultDispatcher-worker-10] SendCoinsViewModel - executeDryRun finished (cutover-aware: SDK-overlaid affordability)
17:10:09 [main] SendCoinsFragment - enterAmountViewModel.blockContinue = false, viewModel.dryRunSuccessful.value = true
17:10:09 [DefaultDispatcher-worker-1] SendCoinsViewModel - executeDryRun started
17:10:09 [DefaultDispatcher-worker-1] BLSJniLibrary - Initializing BLS JNI Library
17:10:09 [DefaultDispatcher-worker-1] BLSJniLibrary - Initializing BLS JNI Library
17:10:09 [DefaultDispatcher-worker-1] SendCoinsViewModel - executeDryRun finished (cutover-aware: SDK-overlaid affordability)
17:10:09 [main] SendCoinsFragment - enterAmountViewModel.blockContinue = false, viewModel.dryRunSuccessful.value = true
17:10:10 [DefaultDispatcher-worker-10] SendCoinsViewModel - executeDryRun started
17:10:10 [DefaultDispatcher-worker-10] BLSJniLibrary - Initializing BLS JNI Library
17:10:10 [DefaultDispatcher-worker-10] BLSJniLibrary - Initializing BLS JNI Library
17:10:10 [DefaultDispatcher-worker-10] SendCoinsViewModel - executeDryRun finished (cutover-aware: SDK-overlaid affordability)
17:10:10 [main] SendCoinsFragment - enterAmountViewModel.blockContinue = false, viewModel.dryRunSuccessful.value = true
17:10:10 [DefaultDispatcher-worker-2] SendCoinsViewModel - executeDryRun started
17:10:10 [DefaultDispatcher-worker-2] BLSJniLibrary - Initializing BLS JNI Library
17:10:10 [DefaultDispatcher-worker-2] BLSJniLibrary - Initializing BLS JNI Library
17:10:10 [DefaultDispatcher-worker-2] SendCoinsViewModel - executeDryRun started
17:10:11 [DefaultDispatcher-worker-2] BLSJniLibrary - Initializing BLS JNI Library
17:10:11 [DefaultDispatcher-worker-2] BLSJniLibrary - Initializing BLS JNI Library
17:10:11 [DefaultDispatcher-worker-2] SendCoinsViewModel - executeDryRun finished (cutover-aware: SDK-overlaid affordability)
17:10:11 [main] SendCoinsFragment - enterAmountViewModel.blockContinue = false, viewModel.dryRunSuccessful.value = true
17:11:00 [main] BlockchainServiceImpl - MEM pss=301MB nativeHeap=164/190MB jvm=21/576MB
17:11:00 [main] BlockchainServiceImpl - History of transactions/blocks/headers/mnlistdiff (sdk): 0/0/0/0, 0/1/1/1, 0/0/0/0, 0/0/0/0, 0/1/1/1, 0/1/1/1, 0/0/0/0, 0/0/0/0, 0/0/0/0
17:11:02 [DefaultDispatcher-worker-11] SendCoinsViewModel - executeDryRun started
17:11:02 [DefaultDispatcher-worker-11] BLSJniLibrary - Initializing BLS JNI Library
17:11:02 [DefaultDispatcher-worker-11] BLSJniLibrary - Initializing BLS JNI Library
17:11:02 [DefaultDispatcher-worker-11] SendCoinsViewModel - executeDryRun finished (cutover-aware: SDK send-all / drain)
17:11:02 [main] SendCoinsFragment - enterAmountViewModel.blockContinue = false, viewModel.dryRunSuccessful.value = true
17:11:09 [main] SendCoinsTaskRunner - authenticate with pin
17:11:09 [main] SecurityGuard - loading security guard [healthy=true] with keys: [keystore_healthy, fallback_pin_wallet_password_key, primary_ui_pin_key, modern_encryption_migration_complete, fallback_mnemonic_wallet_password_key, primary_wallet_password_key, fallback_mnemonic_ui_pin_key]
17:11:12 [DefaultDispatcher-worker-1] BlockchainServiceImpl - network capabilities changed: 101, hasInternet: true, validated: true
17:11:12 [DefaultDispatcher-worker-1] BlockchainServiceImpl - acquiring check() mutex
17:11:12 [DefaultDispatcher-worker-1] BlockchainServiceImpl - check()
17:11:12 [DefaultDispatcher-worker-1] BlockchainServiceImpl - cutover committed — holding the dashj L1 engine; SDK owns L1 this launch
17:11:12 [DefaultDispatcher-worker-1] BlockchainServiceImpl - releasing check() mutex
17:11:12 [main] BlockchainServiceImpl - cutover committed and SDK L1 scan synced — triggering identity/contacts discovery
17:11:12 [main] SendCoinsFragment - enterAmountViewModel.blockContinue = false, viewModel.dryRunSuccessful.value = true
17:11:12 [DefaultDispatcher-worker-10] BlockchainIdentityData - creation: BlockchainIdentityData(NONE, null, null, null, null, null)
17:11:12 [DefaultDispatcher-worker-10] PlatformSynchronizationService - discoverAndRecoverIdentity: checking for existing associated identity
17:11:12 [DefaultDispatcher-worker-10] SecurityGuard - loading security guard [healthy=true] with keys: [keystore_healthy, fallback_pin_wallet_password_key, primary_ui_pin_key, modern_encryption_migration_complete, fallback_mnemonic_wallet_password_key, primary_wallet_password_key, fallback_mnemonic_ui_pin_key]
17:11:12 [DefaultDispatcher-worker-10] ModernEncryptionProvider - Decrypted data for alias: wallet_password_key
17:11:12 [DefaultDispatcher-worker-10] KeyCrypterScrypt - Deriving key took 119.5 ms for N=65536, r=8, p=1.
17:11:12 [DefaultDispatcher-worker-10] DapiClient - getIdentityByFirstPublicKey(48ccf9a43eee96f92a0ca7f8dced9dc2630d05f2)
17:11:13 [DefaultDispatcher-worker-10] PlatformSynchronizationService - discoverAndRecoverIdentity: no existing identity found
17:11:13 [DefaultDispatcher-worker-10] PlatformSynchronizationService - identity-discovery guard released (no identity found) — a later discovery may run again
17:11:13 [DefaultDispatcher-worker-10] BlockchainServiceImpl - post-cutover identity discovery found nothing and the wallet has no identity — re-arming; next attempt no sooner than 120000 ms from now
17:11:13 [DefaultDispatcher-worker-10] PlatformSynchronizationService - TxMetadata settings: saveToNetwork=false frequency=afterTenTransactions saveAfter=9223372036854775807 paymentCategory=false taxCategory=false exchangeRates=false memos=false giftCards=false storedDocuments=0
17:11:18 [DefaultDispatcher-worker-7] BlockchainServiceImpl - network capabilities changed: 101, hasInternet: true, validated: true
17:11:18 [DefaultDispatcher-worker-7] BlockchainServiceImpl - acquiring check() mutex
17:11:18 [DefaultDispatcher-worker-7] BlockchainServiceImpl - check()
17:11:18 [DefaultDispatcher-worker-7] BlockchainServiceImpl - cutover committed — holding the dashj L1 engine; SDK owns L1 this launch
17:11:18 [DefaultDispatcher-worker-7] BlockchainServiceImpl - releasing check() mutex
17:11:18 [main] SendCoinsFragment - enterAmountViewModel.blockContinue = false, viewModel.dryRunSuccessful.value = true
17:11:32 [main] SecurityGuard - loading security guard [healthy=true] with keys: [keystore_healthy, fallback_pin_wallet_password_key, primary_ui_pin_key, modern_encryption_migration_complete, fallback_mnemonic_wallet_password_key, primary_wallet_password_key, fallback_mnemonic_ui_pin_key]
17:11:32 [main] ModernEncryptionProvider - Decrypted data for alias: ui_pin_key
17:11:32 [main] AmountView - Exchange rate is not initialized
17:11:32 [main] AmountView - Exchange rate is not initialized
17:11:45 [DefaultDispatcher-worker-9] BlockchainServiceImpl - network capabilities changed: 101, hasInternet: true, validated: true
17:11:45 [DefaultDispatcher-worker-9] BlockchainServiceImpl - acquiring check() mutex
17:11:45 [DefaultDispatcher-worker-9] BlockchainServiceImpl - check()
17:11:45 [DefaultDispatcher-worker-9] BlockchainServiceImpl - cutover committed — holding the dashj L1 engine; SDK owns L1 this launch
17:11:45 [DefaultDispatcher-worker-9] BlockchainServiceImpl - releasing check() mutex
17:11:45 [main] SendCoinsFragment - enterAmountViewModel.blockContinue = false, viewModel.dryRunSuccessful.value = true
17:11:47 [DefaultDispatcher-worker-9] BLSJniLibrary - Initializing BLS JNI Library
17:11:47 [DefaultDispatcher-worker-9] BLSJniLibrary - Initializing BLS JNI Library
17:11:47 [DefaultDispatcher-worker-9] BLSJniLibrary - Initializing BLS JNI Library
17:11:47 [DefaultDispatcher-worker-9] BLSJniLibrary - Initializing BLS JNI Library
17:11:47 [DefaultDispatcher-worker-9] SendCoinsTaskRunner - cutover committed: routing the SendRequest payment via the SDK bridge (98999774 duffs to yRjAzoyf…, send-all)
17:11:47 [DefaultDispatcher-worker-9] SdkL1SendService - SDK l1SendAll: floor 98999435 duffs not deliverable at fee; retrying engine-authoritatively
org.dashfoundation.dashsdk.errors.DashSdkError$PlatformWallet$CoreInsufficientFunds: insufficient unreserved Core funds across the pooled funding sources [BIP44, BIP32, AllDashpayReceivingFunds]: available Some(98999774), required Some(98999819)
	at org.dashfoundation.dashsdk.errors.DashSdkError$Companion.fromPlatformWalletNative(DashSdkError.kt:691)
	at org.dashfoundation.dashsdk.errors.DashSdkError$Companion.fromNative(DashSdkError.kt:607)
	at de.schildbach.wallet.service.platform.sdk.DashSdkL1SendSource$sendAllToAddress$2.invokeSuspend(SdkL1SendService.kt:808)
	at de.schildbach.wallet.service.platform.sdk.DashSdkL1SendSource$sendAllToAddress$2.invoke(SdkL1SendService.kt:0)
	at de.schildbach.wallet.service.platform.sdk.DashSdkL1SendSource$sendAllToAddress$2.invoke(SdkL1SendService.kt:0)
	at kotlinx.coroutines.intrinsics.UndispatchedKt.startUndspatched(Undispatched.kt:66)
	at kotlinx.coroutines.intrinsics.UndispatchedKt.startUndispatchedOrReturn(Undispatched.kt:43)
	at kotlinx.coroutines.BuildersKt__Builders_commonKt.withContext(Builders.common.kt:165)
	at kotlinx.coroutines.BuildersKt.withContext(Unknown Source:1)
	at de.schildbach.wallet.service.platform.sdk.DashSdkL1SendSource.sendAllToAddress(SdkL1SendService.kt:923)
	at de.schildbach.wallet.service.platform.sdk.SdkL1SendService$sendToAddress$txidHex$1.invokeSuspend(SdkL1SendService.kt:1362)
	at de.schildbach.wallet.service.platform.sdk.SdkL1SendService$sendToAddress$txidHex$1.invoke(SdkL1SendService.kt:0)
	at de.schildbach.wallet.service.platform.sdk.SdkL1SendService$sendToAddress$txidHex$1.invoke(SdkL1SendService.kt:0)
	at de.schildbach.wallet.service.platform.sdk.DashSdkL1SendSource$withCoreSendLock$2.invokeSuspend(SdkL1SendService.kt:908)
	at de.schildbach.wallet.service.platform.sdk.DashSdkL1SendSource$withCoreSendLock$2.invoke(SdkL1SendService.kt:0)
	at de.schildbach.wallet.service.platform.sdk.DashSdkL1SendSource$withCoreSendLock$2.invoke(SdkL1SendService.kt:0)
	at kotlinx.coroutines.intrinsics.UndispatchedKt.startUndspatched(Undispatched.kt:66)
	at kotlinx.coroutines.intrinsics.UndispatchedKt.startUndispatchedOrReturn(Undispatched.kt:43)
	at kotlinx.coroutines.BuildersKt__Builders_commonKt.withContext(Builders.common.kt:165)
	at kotlinx.coroutines.BuildersKt.withContext(Unknown Source:1)
	at de.schildbach.wallet.service.platform.sdk.DashSdkL1SendSource.withCoreSendLock(SdkL1SendService.kt:907)
	at de.schildbach.wallet.service.platform.sdk.SdkL1SendService.sendToAddress-W09BKDs(SdkL1SendService.kt:1360)
	at de.schildbach.wallet.service.platform.sdk.SdkL1SendService.sendToAddress-W09BKDs$default(SdkL1SendService.kt:1237)
	at de.schildbach.wallet.payments.SendCoinsTaskRunner.sendViaSdkBridged(SendCoinsTaskRunner.kt:434)
	at de.schildbach.wallet.payments.SendCoinsTaskRunner.access$sendViaSdkBridged(SendCoinsTaskRunner.kt:333)
	at de.schildbach.wallet.payments.SendCoinsTaskRunner$sendCoins$5.invokeSuspend(SendCoinsTaskRunner.kt:1179)
	at de.schildbach.wallet.payments.SendCoinsTaskRunner$sendCoins$5.invoke(SendCoinsTaskRunner.kt:0)
	at de.schildbach.wallet.payments.SendCoinsTaskRunner$sendCoins$5.invoke(SendCoinsTaskRunner.kt:0)
	at kotlinx.coroutines.intrinsics.UndispatchedKt.startUndspatched(Undispatched.kt:66)
	at kotlinx.coroutines.intrinsics.UndispatchedKt.startUndispatchedOrReturn(Undispatched.kt:43)
	at kotlinx.coroutines.BuildersKt__Builders_commonKt.withContext(Builders.common.kt:165)
	at kotlinx.coroutines.BuildersKt.withContext(Unknown Source:1)
	at de.schildbach.wallet.payments.SendCoinsTaskRunner.sendCoins(SendCoinsTaskRunner.kt:1145)
	at de.schildbach.wallet.payments.SendCoinsTaskRunner.sendCoins$default(SendCoinsTaskRunner.kt:1137)
	at de.schildbach.wallet.ui.send.SendCoinsViewModel$signAndSendPayment$2.invokeSuspend(SendCoinsViewModel.kt:306)
	at kotlin.coroutines.jvm.internal.BaseContinuationImpl.resumeWith(ContinuationImpl.kt:33)
	at kotlinx.coroutines.DispatchedTask.run(DispatchedTask.kt:100)
	at kotlinx.coroutines.internal.LimitedDispatcher$Worker.run(LimitedDispatcher.kt:124)
	at kotlinx.coroutines.scheduling.TaskImpl.run(Tasks.kt:89)
	at kotlinx.coroutines.scheduling.CoroutineScheduler.runSafely(CoroutineScheduler.kt:586)
	at kotlinx.coroutines.scheduling.CoroutineScheduler$Worker.executeTask(CoroutineScheduler.kt:820)
	at kotlinx.coroutines.scheduling.CoroutineScheduler$Worker.runWorker(CoroutineScheduler.kt:717)
	at kotlinx.coroutines.scheduling.CoroutineScheduler$Worker.run(CoroutineScheduler.kt:704)
Caused by: org.dashfoundation.dashsdk.ffi.DashSDKException: insufficient unreserved Core funds across the pooled funding sources [BIP44, BIP32, AllDashpayReceivingFunds]: available Some(98999774), required Some(98999819)
	at org.dashfoundation.dashsdk.ffi.WalletManagerNative.coreTxBuilderFinalize(Native Method)
	at org.dashfoundation.dashsdk.wallet.CoreTransactionBuilder.finalizeAtomic$sdk_release(CoreTransactionBuilder.kt:144)
	at de.schildbach.wallet.service.platform.sdk.CoreSendAllNative.buildSignBroadcastDrain(CoreSendAllNative.java:238)
	at de.schildbach.wallet.service.platform.sdk.CoreSendAllNative.buildSignBroadcastSendAll(CoreSendAllNative.java:152)
	at de.schildbach.wallet.service.platform.sdk.DashSdkL1SendSource$sendAllToAddress$2.invokeSuspend(SdkL1SendService.kt:925)
	... 40 common frames omitted
17:11:47 [main] SendCoinsFragment - enterAmountViewModel.blockContinue = true, viewModel.dryRunSuccessful.value = true
17:11:47 [DefaultDispatcher-worker-2] L1ShadowSyncService - L1 engine tx event: Detected(txidHex=61dd9f06d875526f683a62e754bdb171d40044a2bae674468d57789a73f79aef, netAmountDuffs=-98999774, feeDuffs=null, contextCode=0, directionCode=1)
17:11:47 [DefaultDispatcher-worker-2] CutoverUiDataService - engine detected tx 61dd9f06d875526f683a62e754bdb171d40044a2bae674468d57789a73f79aef pre-block (context=0, net=-98999774 duffs) — syncing display row now
17:11:47 [DefaultDispatcher-worker-11] CutoverUiDataService - SDK balance published: 0 duffs (was 98999774) | l1Synced=true rescanArmedHold=false dashPayBackfill(armed=false,replaying=false) deferredContactBuilds=0 (unchangedReads=3) persistedAsLastKnown=true lastKnown=none
17:11:47 [DefaultDispatcher-worker-7] Constants - --> GET https://rates.ctx.com/rates?source=ctx
17:11:48 [DefaultDispatcher-worker-7] Constants - <-- 200 https://rates.ctx.com/rates?source=ctx (243ms, unknown-length body)
17:11:48 [DefaultDispatcher-worker-7] ExchangeRatesRepository - exchange rates updated successfully with de.schildbach.wallet.rates.DashRetailClient@8c522d9
17:11:48 [DefaultDispatcher-worker-7] ExchangeRatesRepository - updateTrigger
17:11:48 [DefaultDispatcher-worker-6] CutoverUiDataService - cutover UI display sync: 1 SDK records → 1 inserts, 0 status updates
17:11:48 [main] WalletTransactionsFragment - STARTUP submitData called on thread=main at 1789837908337
17:11:48 [DefaultDispatcher-worker-10] BlockchainServiceImpl - network capabilities changed: 101, hasInternet: true, validated: true
17:11:48 [DefaultDispatcher-worker-10] BlockchainServiceImpl - acquiring check() mutex
17:11:48 [DefaultDispatcher-worker-10] BlockchainServiceImpl - check()
17:11:48 [DefaultDispatcher-worker-10] BlockchainServiceImpl - cutover committed — holding the dashj L1 engine; SDK owns L1 this launch
17:11:48 [DefaultDispatcher-worker-10] BlockchainServiceImpl - releasing check() mutex
17:11:48 [main] SendCoinsFragment - enterAmountViewModel.blockContinue = true, viewModel.dryRunSuccessful.value = true
17:11:48 [DefaultDispatcher-worker-9] SdkL1SendService - SDK l1SendAll: broadcast 98999774 duffs to yRjAzoyf…, txid 61dd9f06d875526f683a62e754bdb171d40044a2bae674468d57789a73f79aef
17:11:48 [DefaultDispatcher-worker-7] L1ShadowSyncService - L1 engine tx event: InstantLocked(txidHex=61dd9f06d875526f683a62e754bdb171d40044a2bae674468d57789a73f79aef)
17:11:48 [DefaultDispatcher-worker-7] BLSJniLibrary - Initializing BLS JNI Library
17:11:48 [DefaultDispatcher-worker-7] Wallet - commitTx of 61dd9f06d875526f683a62e754bdb171d40044a2bae674468d57789a73f79aef
17:11:48 [DefaultDispatcher-worker-7] Wallet - commitTx of 61dd9f06d875526f683a62e754bdb171d40044a2bae674468d57789a73f79aef
17:11:48 [DefaultDispatcher-worker-7] Wallet -   marked aa659fc9ab82b67a6741e3e88db4fa1e3ef45de3360d33a77e9b0db872854ccc:1 as spent by 61dd9f06d875526f683a62e754bdb171d40044a2bae674468d57789a73f79aef
17:11:48 [DefaultDispatcher-worker-7] Wallet - ->pending: 61dd9f06d875526f683a62e754bdb171d40044a2bae674468d57789a73f79aef
17:11:48 [DefaultDispatcher-worker-7] Wallet - Estimated balance is now: 0.00 DASH
17:11:48 [DefaultDispatcher-worker-2] CutoverUiDataService - engine IS lock for 61dd9f06d875526f683a62e754bdb171d40044a2bae674468d57789a73f79aef — display row flipped pre-block
17:11:48 [DefaultDispatcher-worker-7] WalletFiles - Saving wallet; last seen block is height -1, date unknown, hash null
17:11:48 [main] WalletTransactionsFragment - STARTUP submitData called on thread=main at 1789837908847
17:11:48 [DefaultDispatcher-worker-7] CoinJoinExtension - CoinJoinExtension serialization: 0ms total (keys:0ms[8], cache:0ms[0], salt:0ms, io:0ms, size:1447bytes, buffer:64KB)
17:11:48 [DefaultDispatcher-worker-7] WalletProtobufSerializer - walletToProto (serial=11) timing: 3ms total, init=0ms, tx=0ms[2], keys=1ms, scripts=0ms[0], metadata=0ms, ext=1ms, friendRecv=0ms, friendSend=0ms, build=0ms
17:11:48 [DefaultDispatcher-worker-7] WalletProtobufSerializer - writeWallet timing: 3ms total (3ms/100% serialization, 0ms/0% I/O) buffer=8KB
17:11:48 [DefaultDispatcher-worker-7] WalletFiles - Save completed in 6.297 ms (16164 bytes); /data/user/0/hashengineering.darkcoin.wallet_test/files/wallet-protobuf-testnet
17:11:48 [DefaultDispatcher-worker-7] SdkBridgedTransactionFactory - bridged SDK tx 61dd9f06d875526f683a62e754bdb171d40044a2bae674468d57789a73f79aef into the dashj wallet (committed)
17:11:48 [main] BlockchainServiceImpl - .onStartCommand(Intent { act=de.schildbach.wallet.service.broadcast_transaction cmp=hashengineering.darkcoin.wallet_test/de.schildbach.wallet.service.BlockchainServiceImpl (has extras) })
17:11:48 [DefaultDispatcher-worker-2] BlockchainServiceImpl - onStartCommand waiting for onCreate to complete...
17:11:48 [DefaultDispatcher-worker-2] BlockchainServiceImpl - onCreate completed, processing onStartCommand
17:11:48 [DefaultDispatcher-worker-2] BLSJniLibrary - Initializing BLS JNI Library
17:11:48 [DefaultDispatcher-worker-2] BlockchainServiceImpl - service start command: Intent { act=de.schildbach.wallet.service.broadcast_transaction cmp=hashengineering.darkcoin.wallet_test/de.schildbach.wallet.service.BlockchainServiceImpl (has extras) }
17:11:48 [DefaultDispatcher-worker-2] BlockchainServiceImpl - broadcast transaction requested for hash: 61dd9f06d875526f683a62e754bdb171d40044a2bae674468d57789a73f79aef
17:11:48 [DefaultDispatcher-worker-2] BlockchainServiceImpl - found transaction 61dd9f06d875526f683a62e754bdb171d40044a2bae674468d57789a73f79aef in wallet
17:11:48 [DefaultDispatcher-worker-2] BlockchainServiceImpl - peergroup not available, not broadcasting transaction 61dd9f06d875526f683a62e754bdb171d40044a2bae674468d57789a73f79aef
17:11:48 [DefaultDispatcher-worker-2] BlockchainServiceImpl - .onStartCommand(Intent { act=de.schildbach.wallet.service.broadcast_transaction cmp=hashengineering.darkcoin.wallet_test/de.schildbach.wallet.service.BlockchainServiceImpl (has extras) }) finished
17:11:48 [main] SendCoinsFragment - enterAmountViewModel.blockContinue = true, viewModel.dryRunSuccessful.value = true
17:11:48 [main] SendCoinsFragment - enterAmountViewModel.blockContinue = true, viewModel.dryRunSuccessful.value = true
17:11:48 [main] WalletActivityTracker - activity lifecycle: current: SendCoinsActivity, activities: 2 visible: 1 foreground: 0
17:11:48 [main] SendCoinsFragment - enterAmountViewModel.blockContinue = false, viewModel.dryRunSuccessful.value = true
17:11:48 [main] WalletActivityTracker - activity lifecycle: activity TransactionResultActivity created
17:11:48 [main] WalletActivityTracker - activity lifecycle: current: TransactionResultActivity, activities: 3 visible: 1 foreground: 0
17:11:48 [main] SecurityGuard - loading security guard [healthy=true] with keys: [keystore_healthy, fallback_pin_wallet_password_key, primary_ui_pin_key, modern_encryption_migration_complete, fallback_mnemonic_wallet_password_key, primary_wallet_password_key, fallback_mnemonic_ui_pin_key]
17:11:48 [main] SecurityGuard - loading security guard [healthy=true] with keys: [keystore_healthy, fallback_pin_wallet_password_key, primary_ui_pin_key, modern_encryption_migration_complete, fallback_mnemonic_wallet_password_key, primary_wallet_password_key, fallback_mnemonic_ui_pin_key]
17:11:48 [main] ModernEncryptionProvider - Decrypted data for alias: wallet_password_key
17:11:48 [main] ModernEncryptionProvider - Decrypted data for alias: ui_pin_key
17:11:48 [main] WalletActivityTracker - activity lifecycle: current: TransactionResultActivity, activities: 3 visible: 2 foreground: 0
17:11:48 [main] SecurityGuard - loading security guard [healthy=true] with keys: [keystore_healthy, fallback_pin_wallet_password_key, primary_ui_pin_key, modern_encryption_migration_complete, fallback_mnemonic_wallet_password_key, primary_wallet_password_key, fallback_mnemonic_ui_pin_key]
17:11:48 [main] SecurityGuard - loading security guard [healthy=true] with keys: [keystore_healthy, fallback_pin_wallet_password_key, primary_ui_pin_key, modern_encryption_migration_complete, fallback_mnemonic_wallet_password_key, primary_wallet_password_key, fallback_mnemonic_ui_pin_key]
17:11:48 [main] LockScreenActivity - show lock screen false = ![keepUnlocked=false] && autologout=true && (keepUnlockedUntilPenEntered=false || shouldLogout=false) || isHealthy=true
17:11:48 [main] WalletActivityTracker - activity lifecycle: current: TransactionResultActivity, activities: 3 visible: 2 foreground: 1
17:11:49 [main] BlockchainServiceImpl - .onStartCommand(Intent { cmp=hashengineering.darkcoin.wallet_test/de.schildbach.wallet.service.BlockchainServiceImpl })
17:11:49 [DefaultDispatcher-worker-2] BlockchainServiceImpl - onStartCommand waiting for onCreate to complete...
17:11:49 [DefaultDispatcher-worker-2] BlockchainServiceImpl - onCreate completed, processing onStartCommand
17:11:49 [DefaultDispatcher-worker-2] BLSJniLibrary - Initializing BLS JNI Library
17:11:49 [DefaultDispatcher-worker-2] BlockchainServiceImpl - service start command: Intent { cmp=hashengineering.darkcoin.wallet_test/de.schildbach.wallet.service.BlockchainServiceImpl }
17:11:49 [DefaultDispatcher-worker-2] BlockchainServiceImpl - .onStartCommand(Intent { cmp=hashengineering.darkcoin.wallet_test/de.schildbach.wallet.service.BlockchainServiceImpl }) finished
17:11:49 [DefaultDispatcher-worker-7] WalletTransactionMetadataProvider - txmetadata for 61dd9f06d875526f683a62e754bdb171d40044a2bae674468d57789a73f79aef does not exist, perform insert, then update
17:11:49 [DefaultDispatcher-worker-7] BLSJniLibrary - Initializing BLS JNI Library
17:11:49 [DefaultDispatcher-worker-2] WalletTransactionMetadataProvider - txmetadata: inserting TransactionMetadata(txId=61dd9f06d875526f683a62e754bdb171d40044a2bae674468d57789a73f79aef, timestamp=1789837908845, value=0, type=Sent, taxCategory=null, currencyCode=null, rate=null, memo=, service=null, customIconId=null)
17:11:49 [DefaultDispatcher-worker-1] WalletTransactionMetadataProvider - metadata: TxOut of 0.9899939 DASH to yRjAzoyfZ7DpzLFmVGiLispLjUaYKRnL52 script:DUP HASH160 PUSHDATA(20)[3b556137f0c995630dc70df441c65b1dded6136d] EQUALVERIFY CHECKSIG
17:11:49 [main] WalletActivityTracker - activity lifecycle: current: SendCoinsActivity, activities: 3 visible: 1 foreground: 1
17:11:49 [main] WalletActivityTracker - activity lifecycle: activity SendCoinsActivity destroyed
17:11:49 [main] WalletActivityTracker - activity lifecycle: current: SendCoinsActivity, activities: 2 visible: 1 foreground: 1
17:12:00 [main] BlockchainServiceImpl - MEM pss=305MB nativeHeap=169/191MB jvm=29/576MB
17:12:00 [main] BlockchainServiceImpl - History of transactions/blocks/headers/mnlistdiff (sdk): 2/0/0/0, 0/0/0/0, 0/1/1/1, 0/0/0/0, 0/0/0/0, 0/1/1/1, 0/1/1/1, 0/0/0/0, 0/0/0/0
17:12:03 [native-log-bridge] DashSdkNative - 09-19 12:11:47.946  4078  4560 I DashSDK : platform_wallet::changeset::core_bridge: wallet-event batch: folded=1 wallets=1 synced_height_persisted=None synced_height_frozen=None synced_height_rejected=None faulted=0
17:12:03 [native-log-bridge] DashSdkNative - 09-19 12:11:48.845  4078  4562 I DashSDK : platform_wallet::changeset::core_bridge: wallet-event batch: folded=1 wallets=1 synced_height_persisted=None synced_height_frozen=None synced_height_rejected=None faulted=0
17:12:44 [main] BiometricHelper - No biometric credentials
17:12:44 [main] LockScreenActivity - fingerprint was disabled
17:12:44 [main] LockScreenActivity - LockState = ENTER_PIN
17:13:00 [main] BlockchainServiceImpl - MEM pss=300MB nativeHeap=167/191MB jvm=22/576MB
17:13:00 [main] BlockchainServiceImpl - History of transactions/blocks/headers/mnlistdiff (sdk): 0/0/0/0, 2/0/0/0, 0/0/0/0, 0/1/1/1, 0/0/0/0, 0/0/0/0, 0/1/1/1, 0/1/1/1, 0/0/0/0
17:13:45 [main] SecurityGuard - loading security guard [healthy=true] with keys: [keystore_healthy, fallback_pin_wallet_password_key, primary_ui_pin_key, modern_encryption_migration_complete, fallback_mnemonic_wallet_password_key, primary_wallet_password_key, fallback_mnemonic_ui_pin_key]
17:13:45 [main] ModernEncryptionProvider - Decrypted data for alias: ui_pin_key
17:13:45 [main] BiometricHelper - No biometric credentials
17:14:00 [main] BlockchainServiceImpl - MEM pss=301MB nativeHeap=164/192MB jvm=22/576MB
17:14:00 [main] BlockchainServiceImpl - History of transactions/blocks/headers/mnlistdiff (sdk): 0/0/0/0, 0/0/0/0, 2/0/0/0, 0/0/0/0, 0/1/1/1, 0/0/0/0, 0/0/0/0, 0/1/1/1, 0/1/1/1
17:14:12 [main] WalletActivityTracker - activity lifecycle: current: TransactionResultActivity, activities: 2 visible: 1 foreground: 0
17:14:12 [main] WalletActivityTracker - activity lifecycle: current: MainActivity, activities: 2 visible: 2 foreground: 0
17:14:12 [main] HistoryHeaderAdapter - set invite = null
17:14:12 [main] HistoryHeaderAdapter - set invite, synced = true
17:14:12 [main] MainViewModel - platform available: true; no identity creation is progress: true
17:14:12 [main] SecurityGuard - loading security guard [healthy=true] with keys: [keystore_healthy, fallback_pin_wallet_password_key, primary_ui_pin_key, modern_encryption_migration_complete, fallback_mnemonic_wallet_password_key, primary_wallet_password_key, fallback_mnemonic_ui_pin_key]
17:14:12 [main] SecurityGuard - loading security guard [healthy=true] with keys: [keystore_healthy, fallback_pin_wallet_password_key, primary_ui_pin_key, modern_encryption_migration_complete, fallback_mnemonic_wallet_password_key, primary_wallet_password_key, fallback_mnemonic_ui_pin_key]
17:14:12 [main] LockScreenActivity - show lock screen false = ![keepUnlocked=false] && autologout=true && (keepUnlockedUntilPenEntered=false || shouldLogout=false) || isHealthy=true
17:14:12 [main] MainActivity - updateTrigger => rateStale: RateRetrievalState(lastAttemptFailed=false, staleRates=false, volatile=false)
17:14:12 [main] WalletActivityTracker - activity lifecycle: current: MainActivity, activities: 2 visible: 2 foreground: 1
17:14:12 [main] BlockchainServiceImpl - .onStartCommand(Intent { cmp=hashengineering.darkcoin.wallet_test/de.schildbach.wallet.service.BlockchainServiceImpl })
17:14:12 [DefaultDispatcher-worker-11] BlockchainServiceImpl - onStartCommand waiting for onCreate to complete...
17:14:12 [DefaultDispatcher-worker-11] BlockchainServiceImpl - onCreate completed, processing onStartCommand
17:14:12 [DefaultDispatcher-worker-11] BLSJniLibrary - Initializing BLS JNI Library
17:14:12 [DefaultDispatcher-worker-11] BlockchainServiceImpl - service start command: Intent { cmp=hashengineering.darkcoin.wallet_test/de.schildbach.wallet.service.BlockchainServiceImpl }
17:14:12 [DefaultDispatcher-worker-11] BlockchainServiceImpl - .onStartCommand(Intent { cmp=hashengineering.darkcoin.wallet_test/de.schildbach.wallet.service.BlockchainServiceImpl }) finished
17:14:12 [main] BlockchainServiceImpl - .onStartCommand(Intent { act=de.schildbach.wallet.service.cancel_coins_received cmp=hashengineering.darkcoin.wallet_test/de.schildbach.wallet.service.BlockchainServiceImpl })
17:14:12 [DefaultDispatcher-worker-2] BlockchainServiceImpl - onStartCommand waiting for onCreate to complete...
17:14:12 [DefaultDispatcher-worker-2] BlockchainServiceImpl - onCreate completed, processing onStartCommand
17:14:12 [DefaultDispatcher-worker-2] BLSJniLibrary - Initializing BLS JNI Library
17:14:12 [DefaultDispatcher-worker-2] BlockchainServiceImpl - service start command: Intent { act=de.schildbach.wallet.service.cancel_coins_received cmp=hashengineering.darkcoin.wallet_test/de.schildbach.wallet.service.BlockchainServiceImpl }
17:14:12 [DefaultDispatcher-worker-2] BlockchainServiceImpl - .onStartCommand(Intent { act=de.schildbach.wallet.service.cancel_coins_received cmp=hashengineering.darkcoin.wallet_test/de.schildbach.wallet.service.BlockchainServiceImpl }) finished
17:14:12 [main] DeviceInfoProvider - Detecting currency based on device, mobile network or locale:
17:14:12 [main] DeviceInfoProvider - Device Sim Country: us
17:14:12 [main] MainViewModel - Updating currency exchange rate based on country: US
17:14:12 [main] WalletActivityTracker - activity lifecycle: current: TransactionResultActivity, activities: 2 visible: 1 foreground: 1
17:14:12 [main] WalletActivityTracker - activity lifecycle: activity TransactionResultActivity destroyed
17:14:12 [main] WalletActivityTracker - activity lifecycle: current: TransactionResultActivity, activities: 1 visible: 1 foreground: 1
17:14:25 [DefaultDispatcher-worker-9] BlockchainServiceImpl - network capabilities changed: 101, hasInternet: true, validated: true
17:14:25 [DefaultDispatcher-worker-9] BlockchainServiceImpl - acquiring check() mutex
17:14:25 [DefaultDispatcher-worker-9] BlockchainServiceImpl - check()
17:14:25 [DefaultDispatcher-worker-9] BlockchainServiceImpl - cutover committed — holding the dashj L1 engine; SDK owns L1 this launch
17:14:25 [DefaultDispatcher-worker-9] BlockchainServiceImpl - releasing check() mutex
17:14:25 [main] BlockchainServiceImpl - cutover committed and SDK L1 scan synced — triggering identity/contacts discovery
17:14:25 [DefaultDispatcher-worker-5] BlockchainIdentityData - creation: BlockchainIdentityData(NONE, null, null, null, null, null)
17:14:25 [DefaultDispatcher-worker-5] PlatformSynchronizationService - discoverAndRecoverIdentity: checking for existing associated identity
17:14:25 [DefaultDispatcher-worker-5] SecurityGuard - loading security guard [healthy=true] with keys: [keystore_healthy, fallback_pin_wallet_password_key, primary_ui_pin_key, modern_encryption_migration_complete, fallback_mnemonic_wallet_password_key, primary_wallet_password_key, fallback_mnemonic_ui_pin_key]
17:14:25 [DefaultDispatcher-worker-5] ModernEncryptionProvider - Decrypted data for alias: wallet_password_key
17:14:25 [DefaultDispatcher-worker-5] KeyCrypterScrypt - Deriving key took 108.8 ms for N=65536, r=8, p=1.
17:14:25 [DefaultDispatcher-worker-5] DapiClient - getIdentityByFirstPublicKey(48ccf9a43eee96f92a0ca7f8dced9dc2630d05f2)
17:14:27 [DefaultDispatcher-worker-5] PlatformSynchronizationService - discoverAndRecoverIdentity: no existing identity found
17:14:27 [DefaultDispatcher-worker-5] PlatformSynchronizationService - identity-discovery guard released (no identity found) — a later discovery may run again
17:14:27 [DefaultDispatcher-worker-5] BlockchainServiceImpl - post-cutover identity discovery found nothing and the wallet has no identity — re-arming; next attempt no sooner than 120000 ms from now
17:14:27 [DefaultDispatcher-worker-2] PlatformSynchronizationService - TxMetadata settings: saveToNetwork=false frequency=afterTenTransactions saveAfter=9223372036854775807 paymentCategory=false taxCategory=false exchangeRates=false memos=false giftCards=false storedDocuments=0
17:14:28 [DefaultDispatcher-worker-3] BlockchainServiceImpl - network capabilities changed: 101, hasInternet: true, validated: true
17:14:28 [DefaultDispatcher-worker-3] BlockchainServiceImpl - acquiring check() mutex
17:14:28 [DefaultDispatcher-worker-3] BlockchainServiceImpl - check()
17:14:28 [DefaultDispatcher-worker-3] BlockchainServiceImpl - cutover committed — holding the dashj L1 engine; SDK owns L1 this launch
17:14:28 [DefaultDispatcher-worker-3] BlockchainServiceImpl - releasing check() mutex
17:14:31 [DefaultDispatcher-worker-10] BlockchainServiceImpl - network capabilities changed: 101, hasInternet: true, validated: true
17:14:31 [DefaultDispatcher-worker-10] BlockchainServiceImpl - acquiring check() mutex
17:14:31 [DefaultDispatcher-worker-10] BlockchainServiceImpl - check()
17:14:31 [DefaultDispatcher-worker-10] BlockchainServiceImpl - cutover committed — holding the dashj L1 engine; SDK owns L1 this launch
17:14:31 [DefaultDispatcher-worker-10] BlockchainServiceImpl - releasing check() mutex
17:14:37 [DefaultDispatcher-worker-5] BlockchainServiceImpl - network capabilities changed: 101, hasInternet: true, validated: true
17:14:37 [DefaultDispatcher-worker-5] BlockchainServiceImpl - acquiring check() mutex
17:14:37 [DefaultDispatcher-worker-5] BlockchainServiceImpl - check()
17:14:37 [DefaultDispatcher-worker-5] BlockchainServiceImpl - cutover committed — holding the dashj L1 engine; SDK owns L1 this launch
17:14:37 [DefaultDispatcher-worker-5] BlockchainServiceImpl - releasing check() mutex
17:14:39 [main] WalletActivityTracker - activity lifecycle: current: MainActivity, activities: 1 visible: 1 foreground: 0
17:14:39 [main] BlockchainServiceImpl - onTrimMemory(20) called
17:14:40 [main] BlockchainServiceImpl - onTrimMemory(40) called
17:14:40 [main] AppForegroundMonitor - App moved to background
17:14:40 [main] WalletActivityTracker - activity lifecycle: current: MainActivity, activities: 1 visible: 0 foreground: 0
17:14:40 [main] WalletActivityTracker - activity lifecycle: activity MainActivity destroyed
17:14:40 [main] WalletActivityTracker - activity lifecycle: current: MainActivity, activities: 0 visible: 0 foreground: 0
17:14:40 [main] WalletActivityTracker - activity lifecycle: app closed
17:15:00 [main] WalletActivityTracker - activity lifecycle: app started
17:15:00 [main] WalletActivityTracker - activity lifecycle: activity OnboardingActivity created
17:15:00 [main] WalletActivityTracker - activity lifecycle: current: OnboardingActivity, activities: 1 visible: 0 foreground: 0
17:15:01 [main] BlockchainServiceImpl - MEM pss=248MB nativeHeap=156/186MB jvm=24/576MB
17:15:01 [main] BlockchainServiceImpl - History of transactions/blocks/headers/mnlistdiff (sdk): 0/0/0/0, 0/0/0/0, 0/0/0/0, 2/0/0/0, 0/0/0/0, 0/1/1/1, 0/0/0/0, 0/0/0/0, 0/1/1/1
17:15:01 [main] WalletActivityTracker - activity lifecycle: activity MainActivity created
17:15:01 [main] WalletActivityTracker - activity lifecycle: current: MainActivity, activities: 2 visible: 0 foreground: 0
17:15:01 [main] SecurityGuard - loading security guard [healthy=true] with keys: [keystore_healthy, fallback_pin_wallet_password_key, primary_ui_pin_key, modern_encryption_migration_complete, fallback_mnemonic_wallet_password_key, primary_wallet_password_key, fallback_mnemonic_ui_pin_key]
17:15:01 [main] SecurityGuard - loading security guard [healthy=true] with keys: [keystore_healthy, fallback_pin_wallet_password_key, primary_ui_pin_key, modern_encryption_migration_complete, fallback_mnemonic_wallet_password_key, primary_wallet_password_key, fallback_mnemonic_ui_pin_key]
17:15:01 [main] ModernEncryptionProvider - Decrypted data for alias: wallet_password_key
17:15:01 [main] ModernEncryptionProvider - Decrypted data for alias: ui_pin_key
17:15:01 [main] MainViewModel - STARTUP MainViewModel init at 1789838101076
17:15:01 [main] StartupBreadcrumbs - STARTUP breadcrumb: 12 MAIN_UI_SHOWN +1861397ms
17:15:01 [DefaultDispatcher-worker-1] MainViewModel - blockchain state update: mnlist=1556867; chain=1556867; wallet=-1
17:15:01 [DefaultDispatcher-worker-1] DapiClient - getDocuments(contractId=GWRSAVFMjXx8HpQFaNJMqBV7MBgMK4br5UESsB4S31Ec, type=domain, {limit=5, where=[]})
17:15:01 [main] Configuration - just being used - last used 27 minutes ago
17:15:01 [main] AppForegroundMonitor - App moved to foreground
17:15:01 [main] WalletActivityTracker - activity lifecycle: current: MainActivity, activities: 2 visible: 1 foreground: 0
17:15:01 [DefaultDispatcher-worker-9] DapiClient - getDocuments(contractId=GWRSAVFMjXx8HpQFaNJMqBV7MBgMK4br5UESsB4S31Ec, type=domain, {limit=5, where=[]})
17:15:01 [DefaultDispatcher-worker-5] DapiClient - getDocuments(contractId=GWRSAVFMjXx8HpQFaNJMqBV7MBgMK4br5UESsB4S31Ec, type=domain, {limit=5, where=[]})
17:15:01 [DefaultDispatcher-worker-6] CrowdNodeApiAggregator - restoring CrowdNode status
17:15:01 [DefaultDispatcher-worker-6] BLSJniLibrary - Initializing BLS JNI Library
17:15:01 [main] WalletTransactionsFragment - STARTUP WalletTransactionsFragment.onViewCreated at 1789838101086
17:15:01 [main] HistoryHeaderAdapter - set invite, synced = false
17:15:01 [main] BlockchainIdentityData - creation: BlockchainIdentityData(NONE, null, null, null, null, null)
17:15:01 [main] WalletTransactionsFragment - STARTUP submitData called on thread=main at 1789838101087
17:15:01 [main] HistoryHeaderAdapter - set invite = null
17:15:01 [main] HistoryHeaderAdapter - set invite, synced = false
17:15:01 [main] SecurityGuard - loading security guard [healthy=true] with keys: [keystore_healthy, fallback_pin_wallet_password_key, primary_ui_pin_key, modern_encryption_migration_complete, fallback_mnemonic_wallet_password_key, primary_wallet_password_key, fallback_mnemonic_ui_pin_key]
17:15:01 [main] SecurityGuard - loading security guard [healthy=true] with keys: [keystore_healthy, fallback_pin_wallet_password_key, primary_ui_pin_key, modern_encryption_migration_complete, fallback_mnemonic_wallet_password_key, primary_wallet_password_key, fallback_mnemonic_ui_pin_key]
17:15:01 [main] LockScreenActivity - show lock screen false = ![keepUnlocked=false] && autologout=true && (keepUnlockedUntilPenEntered=false || shouldLogout=false) || isHealthy=true
17:15:01 [main] MainActivity - updateTrigger => rateStale: RateRetrievalState(lastAttemptFailed=false, staleRates=false, volatile=false)
17:15:01 [main] WalletActivityTracker - activity lifecycle: current: MainActivity, activities: 2 visible: 1 foreground: 1
17:15:01 [DefaultDispatcher-worker-11] TimeUtils - timeskew: 1193; using last value
17:15:01 [main] BlockchainIdentityData - creation: BlockchainIdentityData(NONE, null, null, null, null, null)
17:15:01 [DefaultDispatcher-worker-6] Constants - --> GET https://rates.ctx.com/rates?source=ctx
17:15:01 [main] HistoryHeaderAdapter - set invite, synced = true
17:15:01 [main] BlockchainServiceImpl - .onStartCommand(Intent { cmp=hashengineering.darkcoin.wallet_test/de.schildbach.wallet.service.BlockchainServiceImpl })
17:15:01 [DefaultDispatcher-worker-7] BlockchainServiceImpl - onStartCommand waiting for onCreate to complete...
17:15:01 [DefaultDispatcher-worker-7] BlockchainServiceImpl - onCreate completed, processing onStartCommand
17:15:01 [DefaultDispatcher-worker-7] BLSJniLibrary - Initializing BLS JNI Library
17:15:01 [DefaultDispatcher-worker-7] BlockchainServiceImpl - service start command: Intent { cmp=hashengineering.darkcoin.wallet_test/de.schildbach.wallet.service.BlockchainServiceImpl }
17:15:01 [DefaultDispatcher-worker-7] BlockchainServiceImpl - .onStartCommand(Intent { cmp=hashengineering.darkcoin.wallet_test/de.schildbach.wallet.service.BlockchainServiceImpl }) finished
17:15:01 [main] BlockchainServiceImpl - .onStartCommand(Intent { act=de.schildbach.wallet.service.cancel_coins_received cmp=hashengineering.darkcoin.wallet_test/de.schildbach.wallet.service.BlockchainServiceImpl })
17:15:01 [DefaultDispatcher-worker-10] BlockchainServiceImpl - onStartCommand waiting for onCreate to complete...
17:15:01 [DefaultDispatcher-worker-10] BlockchainServiceImpl - onCreate completed, processing onStartCommand
17:15:01 [DefaultDispatcher-worker-10] BLSJniLibrary - Initializing BLS JNI Library
17:15:01 [DefaultDispatcher-worker-10] BlockchainServiceImpl - service start command: Intent { act=de.schildbach.wallet.service.cancel_coins_received cmp=hashengineering.darkcoin.wallet_test/de.schildbach.wallet.service.BlockchainServiceImpl }
17:15:01 [DefaultDispatcher-worker-10] BlockchainServiceImpl - .onStartCommand(Intent { act=de.schildbach.wallet.service.cancel_coins_received cmp=hashengineering.darkcoin.wallet_test/de.schildbach.wallet.service.BlockchainServiceImpl }) finished
17:15:01 [main] MainViewModel - platform available: false; no identity creation is progress: true
17:15:01 [main] DeviceInfoProvider - Detecting currency based on device, mobile network or locale:
17:15:01 [main] DeviceInfoProvider - Device Sim Country: us
17:15:01 [main] MainViewModel - Updating currency exchange rate based on country: US
17:15:01 [main] WalletTransactionsFragment - STARTUP swapping to live adapter: 4 items at 1789838101184
17:15:01 [main] WalletActivityTracker - activity lifecycle: activity OnboardingActivity destroyed
17:15:01 [main] WalletActivityTracker - activity lifecycle: current: MainActivity, activities: 1 visible: 1 foreground: 1
17:15:01 [DefaultDispatcher-worker-5] Platform - platform check: 674.6 ms
17:15:01 [DefaultDispatcher-worker-1] Platform - platform check: 680.2 ms
17:15:01 [DefaultDispatcher-worker-9] Platform - platform check: 693.2 ms
17:15:01 [DefaultDispatcher-worker-9] PlatformServiceImplementation - platform available 3 of 3: true
17:15:01 [main] MainViewModel - platform available: true; no identity creation is progress: true
17:15:01 [DefaultDispatcher-worker-6] Constants - <-- 200 https://rates.ctx.com/rates?source=ctx (733ms, unknown-length body)
17:15:01 [DefaultDispatcher-worker-6] ExchangeRatesRepository - exchange rates updated successfully with de.schildbach.wallet.rates.DashRetailClient@8c522d9
17:15:01 [DefaultDispatcher-worker-6] ExchangeRatesRepository - updateTrigger
17:15:01 [DefaultDispatcher-worker-10] L1ShadowSyncService - L1Shadow phase=HEADERS 100.0% headers 1556867/1556867 filters 1556867/1556867 wallet 1556867
17:15:13 [DefaultDispatcher-worker-9] BlockchainServiceImpl - network capabilities changed: 101, hasInternet: true, validated: true
17:15:13 [DefaultDispatcher-worker-9] BlockchainServiceImpl - acquiring check() mutex
17:15:13 [DefaultDispatcher-worker-9] BlockchainServiceImpl - check()
17:15:13 [DefaultDispatcher-worker-9] BlockchainServiceImpl - cutover committed — holding the dashj L1 engine; SDK owns L1 this launch
17:15:13 [DefaultDispatcher-worker-9] BlockchainServiceImpl - releasing check() mutex
17:15:16 [DefaultDispatcher-worker-9] BlockchainServiceImpl - network capabilities changed: 101, hasInternet: true, validated: true
17:15:16 [DefaultDispatcher-worker-9] BlockchainServiceImpl - acquiring check() mutex
17:15:16 [DefaultDispatcher-worker-9] BlockchainServiceImpl - check()
17:15:16 [DefaultDispatcher-worker-9] BlockchainServiceImpl - cutover committed — holding the dashj L1 engine; SDK owns L1 this launch
17:15:16 [DefaultDispatcher-worker-9] BlockchainServiceImpl - releasing check() mutex
17:15:25 [DefaultDispatcher-worker-5] BLSJniLibrary - Initializing BLS JNI Library
17:15:25 [main] BlockchainIdentityData - creation: BlockchainIdentityData(NONE, null, null, null, null, null)
17:15:31 [main] StartupBreadcrumbs - STARTUP breadcrumb: 13 LAUNCH_SURVIVED +1891447ms
17:15:33 [DefaultDispatcher-worker-6] L1ShadowSyncService - L1Shadow phase=SYNCED 100.0% headers 1556867/1556867 filters 1556867/1556867 wallet 1556867
17:16:00 [main] BlockchainServiceImpl - MEM pss=268MB nativeHeap=162/190MB jvm=24/576MB
17:16:00 [main] BlockchainServiceImpl - History of transactions/blocks/headers/mnlistdiff (sdk): 0/0/0/0, 0/0/0/0, 0/0/0/0, 0/0/0/0, 2/0/0/0, 0/0/0/0, 0/1/1/1, 0/0/0/0, 0/0/0/0
17:16:17 [DefaultDispatcher-worker-2] BlockchainServiceImpl - network capabilities changed: 101, hasInternet: true, validated: true
17:16:17 [DefaultDispatcher-worker-2] BlockchainServiceImpl - acquiring check() mutex
17:16:17 [DefaultDispatcher-worker-2] BlockchainServiceImpl - check()
17:16:17 [DefaultDispatcher-worker-2] BlockchainServiceImpl - cutover committed — holding the dashj L1 engine; SDK owns L1 this launch
17:16:17 [DefaultDispatcher-worker-2] BlockchainServiceImpl - releasing check() mutex
17:16:20 [DefaultDispatcher-worker-2] L1ShadowSyncService - L1 engine tx event: Detected(txidHex=c6fe82fdebc597c9061c11afeb64ba40df841f5de11a77e0ef24eb7404f97e41, netAmountDuffs=100000000, feeDuffs=null, contextCode=1, directionCode=0)
17:16:20 [DefaultDispatcher-worker-7] CutoverUiDataService - engine detected tx c6fe82fdebc597c9061c11afeb64ba40df841f5de11a77e0ef24eb7404f97e41 pre-block (context=1, net=100000000 duffs) — syncing display row now
17:16:20 [DefaultDispatcher-worker-11] CutoverUiDataService - SDK balance published: 100000000 duffs (was 0) | l1Synced=true rescanArmedHold=false dashPayBackfill(armed=false,replaying=false) deferredContactBuilds=0 (unchangedReads=3) persistedAsLastKnown=true lastKnown=none
17:16:20 [DefaultDispatcher-worker-9] CutoverUiDataService - cutover UI display sync: 1 SDK records → 1 inserts, 0 status updates
17:16:20 [DefaultDispatcher-worker-9] CutoverUiDataService - engine-detected receive c6fe82fdebc597c9061c11afeb64ba40df841f5de11a77e0ef24eb7404f97e41 (100000000 duffs) — notifying in 2000ms unless an outgoing sibling classifies it internal
17:16:20 [DefaultDispatcher-worker-4] Constants - --> GET https://rates.ctx.com/rates?source=ctx
17:16:20 [DefaultDispatcher-worker-4] Constants - <-- 200 https://rates.ctx.com/rates?source=ctx (80ms, unknown-length body)
17:16:20 [DefaultDispatcher-worker-10] ExchangeRatesRepository - exchange rates updated successfully with de.schildbach.wallet.rates.DashRetailClient@8c522d9
17:16:20 [DefaultDispatcher-worker-2] ExchangeRatesRepository - updateTrigger
17:16:21 [main] BiometricHelper - No biometric credentials
17:16:21 [main] LockScreenActivity - fingerprint was disabled
17:16:21 [main] LockScreenActivity - LockState = ENTER_PIN
17:16:23 [DefaultDispatcher-worker-1] BlockchainServiceImpl - network capabilities changed: 101, hasInternet: true, validated: true
17:16:23 [DefaultDispatcher-worker-1] BlockchainServiceImpl - acquiring check() mutex
17:16:23 [DefaultDispatcher-worker-1] BlockchainServiceImpl - check()
17:16:23 [DefaultDispatcher-worker-1] BlockchainServiceImpl - cutover committed — holding the dashj L1 engine; SDK owns L1 this launch
17:16:23 [DefaultDispatcher-worker-1] BlockchainServiceImpl - releasing check() mutex
17:16:33 [native-log-bridge] DashSdkNative - 09-19 12:16:20.743  4078  4559 I DashSDK : platform_wallet::changeset::core_bridge: wallet-event batch: folded=1 wallets=1 synced_height_persisted=None synced_height_frozen=None synced_height_rejected=None faulted=0
17:17:00 [main] BlockchainServiceImpl - MEM pss=264MB nativeHeap=157/189MB jvm=22/576MB
17:17:00 [main] BlockchainServiceImpl - History of transactions/blocks/headers/mnlistdiff (sdk): 1/0/0/0, 0/0/0/0, 0/0/0/0, 0/0/0/0, 0/0/0/0, 2/0/0/0, 0/0/0/0, 0/1/1/1, 0/0/0/0
17:18:00 [main] BlockchainServiceImpl - MEM pss=262MB nativeHeap=157/189MB jvm=19/576MB
17:18:00 [main] BlockchainServiceImpl - History of transactions/blocks/headers/mnlistdiff (sdk): 0/0/0/0, 1/0/0/0, 0/0/0/0, 0/0/0/0, 0/0/0/0, 0/0/0/0, 2/0/0/0, 0/0/0/0, 0/1/1/1
17:18:30 [DefaultDispatcher-worker-2] BlockchainServiceImpl - network capabilities changed: 101, hasInternet: true, validated: true
17:18:30 [DefaultDispatcher-worker-2] BlockchainServiceImpl - acquiring check() mutex
17:18:30 [DefaultDispatcher-worker-2] BlockchainServiceImpl - check()
17:18:30 [DefaultDispatcher-worker-2] BlockchainServiceImpl - cutover committed — holding the dashj L1 engine; SDK owns L1 this launch
17:18:30 [DefaultDispatcher-worker-2] BlockchainServiceImpl - releasing check() mutex
17:18:30 [main] BlockchainServiceImpl - cutover committed and SDK L1 scan synced — triggering identity/contacts discovery
17:18:30 [DefaultDispatcher-worker-7] BlockchainIdentityData - creation: BlockchainIdentityData(NONE, null, null, null, null, null)
17:18:30 [DefaultDispatcher-worker-7] PlatformSynchronizationService - discoverAndRecoverIdentity: checking for existing associated identity
17:18:30 [DefaultDispatcher-worker-7] SecurityGuard - loading security guard [healthy=true] with keys: [keystore_healthy, fallback_pin_wallet_password_key, primary_ui_pin_key, modern_encryption_migration_complete, fallback_mnemonic_wallet_password_key, primary_wallet_password_key, fallback_mnemonic_ui_pin_key]
17:18:30 [DefaultDispatcher-worker-7] ModernEncryptionProvider - Decrypted data for alias: wallet_password_key
17:18:30 [DefaultDispatcher-worker-7] KeyCrypterScrypt - Deriving key took 108.7 ms for N=65536, r=8, p=1.
17:18:30 [DefaultDispatcher-worker-7] DapiClient - getIdentityByFirstPublicKey(48ccf9a43eee96f92a0ca7f8dced9dc2630d05f2)
17:18:32 [DefaultDispatcher-worker-7] PlatformSynchronizationService - discoverAndRecoverIdentity: no existing identity found
17:18:32 [DefaultDispatcher-worker-7] PlatformSynchronizationService - identity-discovery guard released (no identity found) — a later discovery may run again
17:18:32 [DefaultDispatcher-worker-7] BlockchainServiceImpl - post-cutover identity discovery found nothing and the wallet has no identity — re-arming; next attempt no sooner than 120000 ms from now
17:18:32 [DefaultDispatcher-worker-7] PlatformSynchronizationService - TxMetadata settings: saveToNetwork=false frequency=afterTenTransactions saveAfter=9223372036854775807 paymentCategory=false taxCategory=false exchangeRates=false memos=false giftCards=false storedDocuments=0
17:18:33 [DefaultDispatcher-worker-2] BlockchainServiceImpl - network capabilities changed: 101, hasInternet: true, validated: true
17:18:33 [DefaultDispatcher-worker-2] BlockchainServiceImpl - acquiring check() mutex
17:18:33 [DefaultDispatcher-worker-2] BlockchainServiceImpl - check()
17:18:33 [DefaultDispatcher-worker-2] BlockchainServiceImpl - cutover committed — holding the dashj L1 engine; SDK owns L1 this launch
17:18:33 [DefaultDispatcher-worker-2] BlockchainServiceImpl - releasing check() mutex
17:18:36 [DefaultDispatcher-worker-8] BlockchainServiceImpl - network capabilities changed: 101, hasInternet: true, validated: true
17:18:36 [DefaultDispatcher-worker-8] BlockchainServiceImpl - acquiring check() mutex
17:18:36 [DefaultDispatcher-worker-8] BlockchainServiceImpl - check()
17:18:36 [DefaultDispatcher-worker-8] BlockchainServiceImpl - cutover committed — holding the dashj L1 engine; SDK owns L1 this launch
17:18:36 [DefaultDispatcher-worker-8] BlockchainServiceImpl - releasing check() mutex
17:18:39 [DefaultDispatcher-worker-6] BlockchainServiceImpl - network capabilities changed: 101, hasInternet: true, validated: true
17:18:39 [DefaultDispatcher-worker-6] BlockchainServiceImpl - acquiring check() mutex
17:18:39 [DefaultDispatcher-worker-6] BlockchainServiceImpl - check()
17:18:39 [DefaultDispatcher-worker-6] BlockchainServiceImpl - cutover committed — holding the dashj L1 engine; SDK owns L1 this launch
17:18:39 [DefaultDispatcher-worker-6] BlockchainServiceImpl - releasing check() mutex
17:19:00 [main] BlockchainServiceImpl - MEM pss=264MB nativeHeap=158/189MB jvm=20/576MB
17:19:00 [main] BlockchainServiceImpl - History of transactions/blocks/headers/mnlistdiff (sdk): 0/0/0/0, 0/0/0/0, 1/0/0/0, 0/0/0/0, 0/0/0/0, 0/0/0/0, 0/0/0/0, 2/0/0/0, 0/0/0/0
17:19:18 [DefaultDispatcher-worker-10] BlockchainServiceImpl - network capabilities changed: 101, hasInternet: true, validated: true
17:19:18 [DefaultDispatcher-worker-3] BlockchainServiceImpl - acquiring check() mutex
17:19:18 [DefaultDispatcher-worker-3] BlockchainServiceImpl - check()
17:19:18 [DefaultDispatcher-worker-3] BlockchainServiceImpl - cutover committed — holding the dashj L1 engine; SDK owns L1 this launch
17:19:18 [DefaultDispatcher-worker-3] BlockchainServiceImpl - releasing check() mutex
17:19:24 [DefaultDispatcher-worker-10] BlockchainServiceImpl - network capabilities changed: 101, hasInternet: true, validated: true
17:19:24 [DefaultDispatcher-worker-10] BlockchainServiceImpl - acquiring check() mutex
17:19:24 [DefaultDispatcher-worker-10] BlockchainServiceImpl - check()
17:19:24 [DefaultDispatcher-worker-10] BlockchainServiceImpl - cutover committed — holding the dashj L1 engine; SDK owns L1 this launch
17:19:24 [DefaultDispatcher-worker-10] BlockchainServiceImpl - releasing check() mutex
17:19:39 [DefaultDispatcher-worker-1] L1ShadowSyncService - L1 engine chainlock height 1556867 -> 1556868
17:19:39 [DefaultDispatcher-worker-8] MainViewModel - blockchain state update: mnlist=1556867; chain=1556867; wallet=-1
17:19:40 [DefaultDispatcher-worker-4] L1ShadowSyncService - L1Shadow phase=SYNCED 100.0% headers 1556868/1556868 filters 1556868/1556868 wallet 1556868
17:19:40 [DefaultDispatcher-worker-7] MainViewModel - blockchain state update: mnlist=1556868; chain=1556868; wallet=-1
17:19:42 [DefaultDispatcher-worker-9] BlockchainServiceImpl - network capabilities changed: 101, hasInternet: true, validated: true
17:19:42 [DefaultDispatcher-worker-9] BlockchainServiceImpl - acquiring check() mutex
17:19:42 [DefaultDispatcher-worker-9] BlockchainServiceImpl - check()
17:19:42 [DefaultDispatcher-worker-9] BlockchainServiceImpl - cutover committed — holding the dashj L1 engine; SDK owns L1 this launch
17:19:42 [DefaultDispatcher-worker-9] BlockchainServiceImpl - releasing check() mutex
17:19:44 [DefaultDispatcher-worker-8] BlockchainServiceImpl - network capabilities changed: 100, hasInternet: true, validated: true
17:19:44 [DefaultDispatcher-worker-2] BlockchainServiceImpl - network available: 100, hasInternet: true, validated: true, type: Cellular
17:19:44 [DefaultDispatcher-worker-8] BlockchainServiceImpl - acquiring check() mutex
17:19:44 [DefaultDispatcher-worker-8] BlockchainServiceImpl - check()
17:19:44 [DefaultDispatcher-worker-8] BlockchainServiceImpl - cutover committed — holding the dashj L1 engine; SDK owns L1 this launch
17:19:44 [DefaultDispatcher-worker-8] BlockchainServiceImpl - releasing check() mutex
17:19:44 [DefaultDispatcher-worker-2] BlockchainServiceImpl - acquiring check() mutex
17:19:44 [DefaultDispatcher-worker-2] BlockchainServiceImpl - check()
17:19:44 [DefaultDispatcher-worker-2] BlockchainServiceImpl - cutover committed — holding the dashj L1 engine; SDK owns L1 this launch
17:19:44 [DefaultDispatcher-worker-2] BlockchainServiceImpl - releasing check() mutex
17:19:45 [DefaultDispatcher-worker-5] BlockchainServiceImpl - network capabilities changed: 101, hasInternet: true, validated: true
17:19:45 [DefaultDispatcher-worker-5] BlockchainServiceImpl - acquiring check() mutex
17:19:45 [DefaultDispatcher-worker-5] BlockchainServiceImpl - check()
17:19:45 [DefaultDispatcher-worker-5] BlockchainServiceImpl - cutover committed — holding the dashj L1 engine; SDK owns L1 this launch
17:19:45 [DefaultDispatcher-worker-5] BlockchainServiceImpl - releasing check() mutex
17:20:00 [main] BlockchainServiceImpl - MEM pss=264MB nativeHeap=158/190MB jvm=20/576MB
17:20:00 [main] BlockchainServiceImpl - History of transactions/blocks/headers/mnlistdiff (sdk): 0/1/1/1, 0/0/0/0, 0/0/0/0, 1/0/0/0, 0/0/0/0, 0/0/0/0, 0/0/0/0, 0/0/0/0, 2/0/0/0
17:20:04 [native-log-bridge] DashSdkNative - 09-19 12:19:39.929  4078  4560 I DashSDK : platform_wallet::changeset::core_bridge: wallet-event batch: folded=1 wallets=1 synced_height_persisted=None synced_height_frozen=None synced_height_rejected=None faulted=0
17:20:04 [native-log-bridge] DashSdkNative - 09-19 12:19:39.999  4078  4559 I DashSDK : platform_wallet::changeset::core_bridge: wallet-event batch: folded=1 wallets=1 synced_height_persisted=None synced_height_frozen=None synced_height_rejected=None faulted=0
17:20:04 [native-log-bridge] DashSdkNative - 09-19 12:19:40.002  4078  4559 I DashSDK : platform_wallet::changeset::core_bridge: wallet-event batch: folded=1 wallets=1 synced_height_persisted=Some(1556868) synced_height_frozen=None synced_height_rejected=None faulted=0
17:21:00 [main] BlockchainServiceImpl - MEM pss=262MB nativeHeap=158/190MB jvm=19/576MB
17:21:00 [main] BlockchainServiceImpl - History of transactions/blocks/headers/mnlistdiff (sdk): 0/0/0/0, 0/1/1/1, 0/0/0/0, 0/0/0/0, 1/0/0/0, 0/0/0/0, 0/0/0/0, 0/0/0/0, 0/0/0/0
17:21:07 [DefaultDispatcher-worker-11] BlockchainServiceImpl - network lost: 100, remaining networks: 1
17:21:33 [main] SecurityGuard - loading security guard [healthy=true] with keys: [keystore_healthy, fallback_pin_wallet_password_key, primary_ui_pin_key, modern_encryption_migration_complete, fallback_mnemonic_wallet_password_key, primary_wallet_password_key, fallback_mnemonic_ui_pin_key]
17:21:33 [main] ModernEncryptionProvider - Decrypted data for alias: ui_pin_key
17:21:33 [main] BiometricHelper - No biometric credentials
17:22:00 [main] BlockchainServiceImpl - MEM pss=263MB nativeHeap=159/190MB jvm=20/576MB
17:22:00 [main] BlockchainServiceImpl - History of transactions/blocks/headers/mnlistdiff (sdk): 0/0/0/0, 0/0/0/0, 0/1/1/1, 0/0/0/0, 0/0/0/0, 1/0/0/0, 0/0/0/0, 0/0/0/0, 0/0/0/0
17:22:07 [main] WalletTransactionsFragment - STARTUP WalletTransactionsFragment.onViewCreated at 1789838527857
17:22:07 [main] HistoryHeaderAdapter - set invite, synced = true
17:22:07 [main] WalletTransactionsFragment - STARTUP submitData called on thread=main at 1789838527857
17:22:07 [main] HistoryHeaderAdapter - set invite = null
17:22:07 [main] HistoryHeaderAdapter - set invite, synced = true
17:22:07 [main] WalletTransactionsFragment - STARTUP swapping to live adapter: 5 items at 1789838527891
17:22:25 [main] BlockchainIdentityData - creation: BlockchainIdentityData(NONE, null, null, null, null, null)
17:22:25 [main] BlockchainIdentityData - creation: BlockchainIdentityData(NONE, null, null, null, null, null)
17:22:25 [main] BlockchainIdentityData - creation: BlockchainIdentityData(NONE, null, null, null, null, null)
17:22:31 [main] BiometricHelper - No biometric credentials
17:22:31 [main] BiometricHelper - No biometric credentials
17:22:31 [main] BiometricHelper - No biometric credentials
17:22:31 [main] BlockchainIdentityData - creation: BlockchainIdentityData(NONE, null, null, null, null, null)
17:22:31 [DefaultDispatcher-worker-5] Constants - --> GET https://rates.ctx.com/rates?source=ctx
17:22:32 [DefaultDispatcher-worker-5] Constants - <-- 200 https://rates.ctx.com/rates?source=ctx (978ms, unknown-length body)
17:22:32 [DefaultDispatcher-worker-5] ExchangeRatesRepository - exchange rates updated successfully with de.schildbach.wallet.rates.DashRetailClient@8c522d9
17:22:32 [DefaultDispatcher-worker-6] ExchangeRatesRepository - updateTrigger
17:22:34 [DefaultDispatcher-worker-8] BlockchainServiceImpl - network capabilities changed: 101, hasInternet: true, validated: true
17:22:34 [DefaultDispatcher-worker-8] BlockchainServiceImpl - acquiring check() mutex
17:22:34 [DefaultDispatcher-worker-8] BlockchainServiceImpl - check()
17:22:34 [DefaultDispatcher-worker-8] BlockchainServiceImpl - cutover committed — holding the dashj L1 engine; SDK owns L1 this launch
17:22:34 [DefaultDispatcher-worker-8] BlockchainServiceImpl - releasing check() mutex
17:22:34 [main] BlockchainServiceImpl - cutover committed and SDK L1 scan synced — triggering identity/contacts discovery
17:22:34 [DefaultDispatcher-worker-6] BlockchainIdentityData - creation: BlockchainIdentityData(NONE, null, null, null, null, null)
17:22:34 [DefaultDispatcher-worker-6] PlatformSynchronizationService - discoverAndRecoverIdentity: checking for existing associated identity
17:22:34 [DefaultDispatcher-worker-6] SecurityGuard - loading security guard [healthy=true] with keys: [keystore_healthy, fallback_pin_wallet_password_key, primary_ui_pin_key, modern_encryption_migration_complete, fallback_mnemonic_wallet_password_key, primary_wallet_password_key, fallback_mnemonic_ui_pin_key]
17:22:34 [DefaultDispatcher-worker-6] ModernEncryptionProvider - Decrypted data for alias: wallet_password_key
17:22:34 [DefaultDispatcher-worker-6] KeyCrypterScrypt - Deriving key took 105.4 ms for N=65536, r=8, p=1.
17:22:34 [DefaultDispatcher-worker-6] DapiClient - getIdentityByFirstPublicKey(48ccf9a43eee96f92a0ca7f8dced9dc2630d05f2)
17:22:35 [DefaultDispatcher-worker-6] PlatformSynchronizationService - discoverAndRecoverIdentity: no existing identity found
17:22:35 [DefaultDispatcher-worker-6] PlatformSynchronizationService - identity-discovery guard released (no identity found) — a later discovery may run again
17:22:35 [DefaultDispatcher-worker-6] BlockchainServiceImpl - post-cutover identity discovery found nothing and the wallet has no identity — re-arming; next attempt no sooner than 120000 ms from now
17:22:35 [DefaultDispatcher-worker-6] PlatformSynchronizationService - TxMetadata settings: saveToNetwork=false frequency=afterTenTransactions saveAfter=9223372036854775807 paymentCategory=false taxCategory=false exchangeRates=false memos=false giftCards=false storedDocuments=0
17:22:37 [DefaultDispatcher-worker-6] BlockchainServiceImpl - network capabilities changed: 101, hasInternet: true, validated: true
17:22:37 [DefaultDispatcher-worker-6] BlockchainServiceImpl - acquiring check() mutex
17:22:37 [DefaultDispatcher-worker-6] BlockchainServiceImpl - check()
17:22:37 [DefaultDispatcher-worker-6] BlockchainServiceImpl - cutover committed — holding the dashj L1 engine; SDK owns L1 this launch
17:22:37 [DefaultDispatcher-worker-6] BlockchainServiceImpl - releasing check() mutex
17:22:45 [main] SecurityGuard - loading security guard [healthy=true] with keys: [keystore_healthy, fallback_pin_wallet_password_key, primary_ui_pin_key, modern_encryption_migration_complete, fallback_mnemonic_wallet_password_key, primary_wallet_password_key, fallback_mnemonic_ui_pin_key]
17:22:45 [main] SecurityGuard - loading security guard [healthy=true] with keys: [keystore_healthy, fallback_pin_wallet_password_key, primary_ui_pin_key, modern_encryption_migration_complete, fallback_mnemonic_wallet_password_key, primary_wallet_password_key, fallback_mnemonic_ui_pin_key]
17:23:00 [main] BlockchainServiceImpl - MEM pss=277MB nativeHeap=171/197MB jvm=26/576MB
17:23:00 [main] BlockchainServiceImpl - History of transactions/blocks/headers/mnlistdiff (sdk): 0/0/0/0, 0/0/0/0, 0/0/0/0, 0/1/1/1, 0/0/0/0, 0/0/0/0, 1/0/0/0, 0/0/0/0, 0/0/0/0
17:23:06 [main] ModernEncryptionProvider - Decrypted data for alias: ui_pin_key
17:23:06 [main] ModernEncryptionProvider - Decrypted data for alias: wallet_password_key
17:23:06 [DefaultDispatcher-worker-11] KeyCrypterScrypt - Deriving key took 111.0 ms for N=65536, r=8, p=1.
17:23:06 [main] SecurityGuard - loading security guard [healthy=true] with keys: [keystore_healthy, fallback_pin_wallet_password_key, primary_ui_pin_key, modern_encryption_migration_complete, fallback_mnemonic_wallet_password_key, primary_wallet_password_key, fallback_mnemonic_ui_pin_key]
17:23:06 [main] SecurityGuard - loading security guard [healthy=true] with keys: [keystore_healthy, fallback_pin_wallet_password_key, primary_ui_pin_key, modern_encryption_migration_complete, fallback_mnemonic_wallet_password_key, primary_wallet_password_key, fallback_mnemonic_ui_pin_key]
17:23:07 [DefaultDispatcher-worker-3] BlockchainServiceImpl - network capabilities changed: 101, hasInternet: true, validated: true
17:23:07 [DefaultDispatcher-worker-3] BlockchainServiceImpl - acquiring check() mutex
17:23:07 [DefaultDispatcher-worker-3] BlockchainServiceImpl - check()
17:23:07 [DefaultDispatcher-worker-3] BlockchainServiceImpl - cutover committed — holding the dashj L1 engine; SDK owns L1 this launch
17:23:07 [DefaultDispatcher-worker-3] BlockchainServiceImpl - releasing check() mutex
17:23:10 [DefaultDispatcher-worker-3] BlockchainServiceImpl - network capabilities changed: 101, hasInternet: true, validated: true
17:23:10 [DefaultDispatcher-worker-3] BlockchainServiceImpl - acquiring check() mutex
17:23:10 [DefaultDispatcher-worker-3] BlockchainServiceImpl - check()
17:23:10 [DefaultDispatcher-worker-3] BlockchainServiceImpl - cutover committed — holding the dashj L1 engine; SDK owns L1 this launch
17:23:10 [DefaultDispatcher-worker-3] BlockchainServiceImpl - releasing check() mutex
17:23:12 [DefaultDispatcher-worker-5] L1ShadowSyncService - L1 engine chainlock height 1556868 -> 1556869
17:23:12 [DefaultDispatcher-worker-1] MainViewModel - blockchain state update: mnlist=1556868; chain=1556868; wallet=-1
17:23:13 [DefaultDispatcher-worker-6] L1ShadowSyncService - L1Shadow phase=SYNCED 100.0% headers 1556869/1556869 filters 1556869/1556869 wallet 1556869
17:23:13 [DefaultDispatcher-worker-8] MainViewModel - blockchain state update: mnlist=1556869; chain=1556869; wallet=-1
