06:05:19 [main] StartupBreadcrumbs - STARTUP breadcrumb: 1 LOGGING_INITIALIZED +9ms
06:05:19 [main] StartupBreadcrumbs - STARTUP breadcrumb: 2 FIREBASE_INITIALIZED +10ms
06:05:19 [main] WalletApplication - STARTUP WalletApplication.onCreate()
06:05:19 [process-exit-reasons] ProcessExitReasons - PROCESS EXIT REASON: none recorded (fresh install, or the history was cleared)
06:05:19 [main] StartupBreadcrumbs - STARTUP breadcrumb: 3 CONFIG_LOADED +12ms
06:05:19 [main] StartupBreadcrumbs - STARTUP breadcrumb: 11 ONCREATE_COMPLETE +21ms
06:05:19 [main] WalletActivityTracker - activity lifecycle: app started
06:05:19 [main] WalletActivityTracker - activity lifecycle: activity OnboardingActivity created
06:05:19 [main] WalletActivityTracker - activity lifecycle: current: OnboardingActivity, activities: 1 visible: 0 foreground: 0
06:05:19 [main] AppForegroundMonitor - App moved to foreground
06:05:19 [main] WalletActivityTracker - activity lifecycle: current: OnboardingActivity, activities: 1 visible: 1 foreground: 0
06:05:19 [main] WalletActivityTracker - activity lifecycle: current: OnboardingActivity, activities: 1 visible: 1 foreground: 1
06:05:19 [DefaultDispatcher-worker-4] ExploreSyncWorker - sync explore db started
06:05:19 [DefaultDispatcher-worker-4] ExploreDataSyncStatus - sync explore data progress: 0.0
06:05:19 [DefaultDispatcher-worker-4] GCExploreDatabase - preloading explore db from assets /data/user/0/hashengineering.darkcoin.wallet_test/cache/explore.db, test database: true
06:05:19 [DefaultDispatcher-worker-4] GCExploreDatabase - preloading explore db from assets /data/user/0/hashengineering.darkcoin.wallet_test/cache/explore.db, test database: false
06:05:19 [DefaultDispatcher-worker-4] GCExploreDatabase - missing preloaded database explore/explore.db
06:05:19 [DefaultDispatcher-worker-4] ExploreSyncWorker - local data timestamp: 0 (Wed Dec 31 18:00:00 CST 1969)
06:05:19 [DefaultDispatcher-worker-8] GCExploreDatabase - error getting remote data timestamp
com.google.firebase.FirebaseException: An internal error has occurred. [ API key not valid. Please pass a valid API key. ]
	at com.google.android.gms.internal.firebase-auth-api.zzaag.zza(com.google.firebase:firebase-auth@@22.0.0:4)
	at com.google.android.gms.internal.firebase-auth-api.zzabf.zza(com.google.firebase:firebase-auth@@22.0.0:26)
	at com.google.android.gms.internal.firebase-auth-api.zzabg.zzl(com.google.firebase:firebase-auth@@22.0.0:1)
	at com.google.android.gms.internal.firebase-auth-api.zzabd.zzh(com.google.firebase:firebase-auth@@22.0.0:25)
	at com.google.android.gms.internal.firebase-auth-api.zzaae.zzh(com.google.firebase:firebase-auth@@22.0.0:1)
	at com.google.android.gms.internal.firebase-auth-api.zzyb.zza(com.google.firebase:firebase-auth@@22.0.0:2)
	at com.google.android.gms.internal.firebase-auth-api.zzabo.zzc(com.google.firebase:firebase-auth@@22.0.0:10)
	at com.google.android.gms.internal.firebase-auth-api.zzabo.zzb(com.google.firebase:firebase-auth@@22.0.0:14)
	at com.google.android.gms.internal.firebase-auth-api.zzaat.zzn(com.google.firebase:firebase-auth@@22.0.0:4)
	at com.google.android.gms.internal.firebase-auth-api.zzyh.zzz(com.google.firebase:firebase-auth@@22.0.0:2)
	at com.google.android.gms.internal.firebase-auth-api.zzaaf.zzv(com.google.firebase:firebase-auth@@22.0.0:2)
	at com.google.android.gms.internal.firebase-auth-api.zzzk.zzc(com.google.firebase:firebase-auth@@22.0.0:1)
	at com.google.android.gms.internal.firebase-auth-api.zzabh.run(com.google.firebase:firebase-auth@@22.0.0:1)
	at java.util.concurrent.ThreadPoolExecutor.runWorker(ThreadPoolExecutor.java:1145)
	at java.util.concurrent.ThreadPoolExecutor$Worker.run(ThreadPoolExecutor.java:644)
	at com.google.firebase.concurrent.CustomThreadFactory.lambda$newThread$0(CustomThreadFactory.java:47)
	at com.google.firebase.concurrent.CustomThreadFactory.$r8$lambda$XB8AY3Hcio74byWuTzgVEC3Hiek(CustomThreadFactory.java:0)
	at com.google.firebase.concurrent.CustomThreadFactory$$ExternalSyntheticLambda0.run(R8$$SyntheticClass:0)
	at java.lang.Thread.run(Thread.java:1012)
06:05:19 [DefaultDispatcher-worker-8] ExploreSyncWorker - remote data timestamp: -1 (Wed Dec 31 17:59:59 CST 1969)
06:05:19 [DefaultDispatcher-worker-8] ExploreSyncWorker - unable to delete /data/user/0/hashengineering.darkcoin.wallet_test/cache/explore.db
06:05:19 [DefaultDispatcher-worker-8] ExploreSyncWorker - explore db is up to date, nothing to sync
06:05:19 [DefaultDispatcher-worker-8] ExploreDataSyncStatus - sync explore data progress: 100.0
06:05:19 [DefaultDispatcher-worker-8] ExploreDatabase - Open database explore-database
06:05:19 [DefaultDispatcher-worker-8] ExploreSyncWorker - adding PiggyCards test merchants
06:05:19 [DefaultDispatcher-worker-8] ExploreSyncWorker - PiggyCards test merchant added successfully
06:05:56 [main] BLSJniLibrary - Initializing BLS JNI Library
06:05:56 [main] WalletApplication - === starting app using configuration: _testNet3, org.darkcoin.test
06:05:56 [main] MnemonicCodeExt - BIP39 wordlist loaded from: 'bip39-wordlists/english.txt', took 1.618 ms
06:05:56 [main] WalletActivityTracker - activity lifecycle: current: OnboardingActivity, activities: 1 visible: 1 foreground: 0
06:05:56 [main] WalletActivityTracker - activity lifecycle: activity RestoreWalletFromSeedActivity created
06:05:56 [main] WalletActivityTracker - activity lifecycle: current: RestoreWalletFromSeedActivity, activities: 2 visible: 1 foreground: 0
06:05:56 [main] SecurityGuard - loading security guard [healthy=true] with keys: [modern_encryption_migration_complete]
06:05:56 [main] WalletActivityTracker - activity lifecycle: current: RestoreWalletFromSeedActivity, activities: 2 visible: 2 foreground: 0
06:05:56 [main] WalletActivityTracker - activity lifecycle: current: RestoreWalletFromSeedActivity, activities: 2 visible: 2 foreground: 1
06:05:56 [main] WalletActivityTracker - activity lifecycle: current: OnboardingActivity, activities: 2 visible: 1 foreground: 1
06:06:27 [DefaultDispatcher-worker-1] MnemonicCode - PBKDF2 took 7.769 ms
06:06:27 [DefaultDispatcher-worker-1] Context - Performing thread fixup: you are accessing dashj via a thread that has not had any context set on it.
06:06:27 [DefaultDispatcher-worker-1] Context - This error has been corrected for, but doing this makes your app less robust.
06:06:27 [DefaultDispatcher-worker-1] Context - You should use Context.propagate() or a ContextPropagatingThreadFactory.
06:06:27 [DefaultDispatcher-worker-1] Context - Please refer to the user guide for more information about this.
06:06:27 [DefaultDispatcher-worker-1] Context - Thread name is DefaultDispatcher-worker-1.
06:06:27 [DefaultDispatcher-worker-2] BLSJniLibrary - Initializing BLS JNI Library
06:06:27 [DefaultDispatcher-worker-2] TxDisplayCacheService - rebuildWrappedList: 0 raw txs → 0 wrappers → 0 sorted | getTransactions=5ms wrapAll=0ms sort=0ms total=5ms
06:06:27 [DefaultDispatcher-worker-1] AnyKeyChainGroup - Activating a new HD chain: AuthenticationKeyChain{BLOCKCHAIN_IDENTITY, ECDSA, P2PKH, accountPath=[9H, 1H, 5H, 0H, 0H, 0H], lookaheadSize=0, lookaheadThreshold=0}
06:06:27 [DefaultDispatcher-worker-3] TxDisplayCacheService - updateDisplayCache: 0 rows in 2ms
06:06:27 [DefaultDispatcher-worker-3] TxDisplayCacheService - STARTUP rebuildWrappedList DONE (_transactionsLoaded=true) at 1789797987357
06:06:27 [DefaultDispatcher-worker-3] WalletObserver - observing transactions start de.schildbach.wallet.transactions.WalletObserver@2398a38
06:06:27 [DefaultDispatcher-worker-3] BLSJniLibrary - Initializing BLS JNI Library
06:06:27 [dashj user thread] BLSJniLibrary - Initializing BLS JNI Library
06:06:27 [DefaultDispatcher-worker-1] AnyKeyChainGroup - Activating a new HD chain: AuthenticationKeyChain{BLOCKCHAIN_IDENTITY_FUNDING, ECDSA, P2PKH, accountPath=[9H, 1H, 5H, 1H], lookaheadSize=5, lookaheadThreshold=5}
06:06:27 [DefaultDispatcher-worker-1] AnyKeyChainGroup - Activating a new HD chain: AuthenticationKeyChain{MASTERNODE_OWNER, ECDSA, P2PKH, accountPath=[9H, 1H, 3H, 2H], lookaheadSize=5, lookaheadThreshold=5}
06:06:27 [DefaultDispatcher-worker-1] BLSJniLibrary - Initializing BLS JNI Library
06:06:27 [DefaultDispatcher-worker-1] AnyKeyChainGroup - Activating a new HD chain: AuthenticationKeyChain{MASTERNODE_OPERATOR, BLS, P2PKH, accountPath=[9H, 1H, 3H, 3H], lookaheadSize=5, lookaheadThreshold=5}
06:06:27 [DefaultDispatcher-worker-1] AnyKeyChainGroup - Activating a new HD chain: AuthenticationKeyChain{MASTERNODE_VOTING, ECDSA, P2PKH, accountPath=[9H, 1H, 3H, 1H], lookaheadSize=5, lookaheadThreshold=5}
06:06:27 [DefaultDispatcher-worker-1] AnyKeyChainGroup - Activating a new HD chain: AuthenticationKeyChain{BLOCKCHAIN_IDENTITY_TOPUP, ECDSA, P2PKH, accountPath=[9H, 1H, 5H, 2H], lookaheadSize=5, lookaheadThreshold=5}
06:06:27 [DefaultDispatcher-worker-1] AnyKeyChainGroup - Activating a new HD chain: AuthenticationKeyChain{INVITATION_FUNDING, ECDSA, P2PKH, accountPath=[9H, 1H, 5H, 3H], lookaheadSize=5, lookaheadThreshold=5}
06:06:27 [DefaultDispatcher-worker-1] AnyKeyChainGroup - Activating a new HD chain: AuthenticationKeyChain{MASTERNODE_PLATFORM_OPERATOR, EdDSA, P2PKH, accountPath=[9H, 1H, 3H, 4H], lookaheadSize=0, lookaheadThreshold=0}
06:06:27 [DefaultDispatcher-worker-1] AnyKeyChainGroup - Activating a new HD chain: AnyDeterministicKeyChain{ECDSA, P2PKH, accountPath=[9H, 1H, 4H, 0H], lookaheadSize=100, lookaheadThreshold=33}
06:06:27 [DefaultDispatcher-worker-1] RestoreWalletFromSeedViewModel - successfully restored wallet from seed
06:06:27 [DefaultDispatcher-worker-1] CutoverCoordinator - cutover state DUAL_RUNNING -> CUT_OVER (fresh-wallet setup (restore/new))
06:06:27 [main] WalletActivityTracker - activity lifecycle: current: RestoreWalletFromSeedActivity, activities: 2 visible: 1 foreground: 0
06:06:27 [main] WalletActivityTracker - activity lifecycle: activity SetPinActivity created
06:06:27 [main] WalletActivityTracker - activity lifecycle: current: SetPinActivity, activities: 3 visible: 1 foreground: 0
06:06:27 [main] SecurityGuard - loading security guard [healthy=true] with keys: [modern_encryption_migration_complete]
06:06:27 [main] SecurityGuard - loading security guard [healthy=true] with keys: [modern_encryption_migration_complete]
06:06:27 [main] WalletActivityTracker - activity lifecycle: current: SetPinActivity, activities: 3 visible: 2 foreground: 0
06:06:27 [main] WalletActivityTracker - activity lifecycle: current: SetPinActivity, activities: 3 visible: 2 foreground: 1
06:06:28 [main] WalletActivityTracker - activity lifecycle: current: RestoreWalletFromSeedActivity, activities: 3 visible: 1 foreground: 1
06:07:04 [main] SecurityGuard - removing security keys
06:07:04 [main] ModernEncryptionProvider - deleting ui_pin_key
06:07:04 [main] ModernEncryptionProvider - deleting wallet_password_key
06:07:04 [main] SecurityGuard - Cleared DataStore backups
06:07:04 [main] ModernEncryptionProvider - key store does not have ui_pin_key, but has android.security.keystore2.AndroidKeyStoreSpi$KeyEntriesEnumerator@e6daac1, generating new key. Stack trace:
  at dalvik.system.VMStack.getThreadStackTrace(Native Method)
  at java.lang.Thread.getStackTrace(Thread.java:1841)
  at de.schildbach.wallet.security.ModernEncryptionProvider.getSecretKey(ModernEncryptionProvider.kt:175)
  at de.schildbach.wallet.security.ModernEncryptionProvider.encrypt(ModernEncryptionProvider.kt:79)
  at de.schildbach.wallet.security.DualFallbackEncryptionProvider.encrypt(DualFallbackEncryptionProvider.kt:85)
  at de.schildbach.wallet.security.SecurityGuard.validateKeyIntegrity(SecurityGuard.java:307)
  at de.schildbach.wallet.security.SecurityGuard.savePin(SecurityGuard.java:262)
  at de.schildbach.wallet.livedata.EncryptWalletLiveData.savePin(EncryptWalletLiveData.kt:106)
  at de.schildbach.wallet.ui.SetPinViewModel.savePinAndEncrypt(SetPinViewModel.kt:74)
  at de.schildbach.wallet.ui.SetPinViewModel.savePinAndEncrypt(SetPinViewModel.kt:65)
  at de.schildbach.wallet.ui.SetPinActivity$nextStep$submit$1.run(SetPinActivity.kt:289)
  at android.os.Handler.handleCallback(Handler.java:959)
  at android.os.Handler.dispatchMessage(Handler.java:100)
  at android.os.Looper.loopOnce(Looper.java:232)
  at android.os.Looper.loop(Looper.java:317)
  at android.app.ActivityThread.main(ActivityThread.java:8705)
  at java.lang.reflect.Method.invoke(Native Method)
  at com.android.internal.os.RuntimeInit$MethodAndArgsCaller.run(RuntimeInit.java:580)
  at com.android.internal.os.ZygoteInit.main(ZygoteInit.java:886)
06:07:04 [main] SecurityGuard - Notifying 1 health listeners of status change: HEALTHY
06:07:04 [main] SecurityGuard - Notifying 1 health listeners of status change: HEALTHY
06:07:04 [main] ModernEncryptionProvider - Decrypted data for alias: ui_pin_key
06:07:04 [main] SecurityGuard - Notifying 1 health listeners of status change: HEALTHY
06:07:04 [main] ModernEncryptionProvider - Decrypted data for alias: ui_pin_key
06:07:04 [main] MnemonicBasedKeyProvider - Derived key from mnemonic for alias: ui_pin_key
06:07:04 [main] SecurityGuard - Notifying 1 health listeners of status change: HEALTHY
06:07:04 [main] DualFallbackEncryptionProvider - Added mnemonic-fallback for ui_pin_key
06:07:04 [AsyncTask #1] BLSJniLibrary - Initializing BLS JNI Library
06:07:05 [AsyncTask #1] KeyCrypterScrypt - Deriving key took 133.2 ms for N=65536, r=8, p=1.
06:07:05 [AsyncTask #1] ModernEncryptionProvider - key store does not have wallet_password_key, but has android.security.keystore2.AndroidKeyStoreSpi$KeyEntriesEnumerator@e5a5905, generating new key. Stack trace:
  at dalvik.system.VMStack.getThreadStackTrace(Native Method)
  at java.lang.Thread.getStackTrace(Thread.java:1841)
  at de.schildbach.wallet.security.ModernEncryptionProvider.getSecretKey(ModernEncryptionProvider.kt:175)
  at de.schildbach.wallet.security.ModernEncryptionProvider.encrypt(ModernEncryptionProvider.kt:79)
  at de.schildbach.wallet.security.DualFallbackEncryptionProvider.encrypt(DualFallbackEncryptionProvider.kt:85)
  at de.schildbach.wallet.security.SecurityGuard.validateKeyIntegrity(SecurityGuard.java:307)
  at de.schildbach.wallet.security.SecurityGuard.savePassword(SecurityGuard.java:204)
  at de.schildbach.wallet.livedata.EncryptWalletLiveData$EncryptWalletTask.doInBackground$lambda$0(EncryptWalletLiveData.kt:188)
  at de.schildbach.wallet.livedata.EncryptWalletLiveData$EncryptWalletTask.$r8$lambda$0CMI4LnZeajmC7OpxOq-bClhh3o(EncryptWalletLiveData.kt:0)
  at de.schildbach.wallet.livedata.EncryptWalletLiveData$EncryptWalletTask$$ExternalSyntheticLambda0.invoke(R8$$SyntheticClass:0)
  at de.schildbach.wallet.livedata.EncryptWalletLiveData$Companion.encryptAndSavePassword$wallet__testNet3Release(EncryptWalletLiveData.kt:58)
  at de.schildbach.wallet.livedata.EncryptWalletLiveData$EncryptWalletTask.doInBackground(EncryptWalletLiveData.kt:188)
  at de.schildbach.wallet.livedata.EncryptWalletLiveData$EncryptWalletTask.doInBackground(EncryptWalletLiveData.kt:172)
  at android.os.AsyncTask$3.call(AsyncTask.java:394)
  at java.util.concurrent.FutureTask.run(FutureTask.java:264)
  at android.os.AsyncTask$SerialExecutor$1.run(AsyncTask.java:305)
  at java.util.concurrent.ThreadPoolExecutor.runWorker(ThreadPoolExecutor.java:1145)
  at java.util.concurrent.ThreadPoolExecutor$Worker.run(ThreadPoolExecutor.java:644)
  at java.lang.Thread.run(Thread.java:1012)
06:07:05 [main] SecurityGuard - Notifying 1 health listeners of status change: HEALTHY
06:07:05 [AsyncTask #1] ModernEncryptionProvider - Decrypted data for alias: wallet_password_key
06:07:05 [AsyncTask #1] EncryptWalletLiveData - wallet successfully encrypted, using key derived by new spending password (65536 scrypt iterations)
06:07:05 [main] SecurityGuard - Notifying 1 health listeners of status change: HEALTHY
06:07:05 [main] CoinJoinExtension - CoinJoinExtension serialization: 0ms total (keys:0ms[8], cache:0ms[0], salt:0ms, io:0ms, size:1431bytes, buffer:64KB)
06:07:05 [main] WalletProtobufSerializer - walletToProto (serial=8) timing: 16ms total, init=0ms, tx=0ms[0], keys=1ms, scripts=0ms[0], metadata=0ms, ext=12ms, friendRecv=0ms, friendSend=0ms, build=0ms
06:07:05 [main] WalletProtobufSerializer - writeWallet timing: 17ms total (16ms/94% serialization, 1ms/5% I/O) buffer=8KB
06:07:05 [main] WalletApplication - wallet saved to: '/data/user/0/hashengineering.darkcoin.wallet_test/files/wallet-protobuf-testnet', took 24.66 ms
06:07:05 [main] CoinJoinExtension - CoinJoinExtension serialization: 0ms total (keys:0ms[8], cache:0ms[0], salt:0ms, io:0ms, size:1431bytes, buffer:64KB)
06:07:05 [main] WalletProtobufSerializer - walletToProto (serial=8) timing: 1ms total, init=0ms, tx=0ms[0], keys=0ms, scripts=0ms[0], metadata=0ms, ext=1ms, friendRecv=0ms, friendSend=0ms, build=0ms
06:07:05 [main] WalletApplication - wallet backed up to: 'key-backup-protobuf-testnet', took 2.769 ms
06:07:05 [main] StartupBreadcrumbs - STARTUP breadcrumb: 7 FINALIZE_INIT_BEGIN +106086ms
06:07:05 [main] SecurityGuard - loading security guard [healthy=true] with keys: [keystore_healthy, modern_encryption_migration_complete, primary_ui_pin_key, primary_wallet_password_key, fallback_mnemonic_ui_pin_key]
06:07:05 [main] SecurityGuard - loading security guard [healthy=true] with keys: [keystore_healthy, modern_encryption_migration_complete, primary_ui_pin_key, primary_wallet_password_key, fallback_mnemonic_ui_pin_key]
06:07:05 [main] ModernEncryptionProvider - Decrypted data for alias: wallet_password_key
06:07:05 [main] KeyCrypterScrypt - Deriving key took 108.5 ms for N=65536, r=8, p=1.
06:07:05 [main] ModernEncryptionProvider - Decrypted data for alias: wallet_password_key
06:07:05 [main] MnemonicBasedKeyProvider - Derived key from mnemonic for alias: wallet_password_key
06:07:05 [main] SecurityGuard - Notifying 1 health listeners of status change: HEALTHY
06:07:05 [main] DualFallbackEncryptionProvider - Added mnemonic-fallback for wallet_password_key
06:07:05 [main] SecurityGuard - Mnemonic-based fallbacks ensured for PIN and wallet password
06:07:05 [main] WalletApplication - Mnemonic-based fallbacks ensured
06:07:05 [main] ModernEncryptionProvider - Decrypted data for alias: ui_pin_key
06:07:05 [main] ModernEncryptionProvider - Decrypted data for alias: wallet_password_key
06:07:05 [main] SecurityGuard - Notifying 1 health listeners of status change: HEALTHY_WITH_FALLBACKS
06:07:05 [main] DualFallbackEncryptionProvider - Added PIN-fallback for wallet_password_key
06:07:05 [main] SecurityGuard - PIN-based fallback ensured for wallet password
06:07:05 [main] WalletApplication - PIN-based fallback added successfully
06:07:05 [main] WalletApplication - STARTUP finalizeInit: securityGuard done in 221ms
06:07:05 [main] WalletApplication - STARTUP finalizeInit: initDash done in 6ms
06:07:05 [main] StartupBreadcrumbs - STARTUP breadcrumb: 8 INIT_DASH_DONE +106313ms
06:07:05 [main] Configuration - detected app upgrade: 0 -> 12000000
06:07:05 [main] WalletApplication - STARTUP finalizeInit: afterLoadWallet done in 2ms
06:07:05 [main] StartupBreadcrumbs - STARTUP breadcrumb: 9 AFTER_LOAD_WALLET_DONE +106315ms
06:07:05 [DefaultDispatcher-worker-4] BlockchainIdentityData - creation: BlockchainIdentityData(NONE, null, null, null, null, null)
06:07:05 [main] StartupBreadcrumbs - STARTUP breadcrumb: 20 SDK_BIND_KICKED +106319ms
06:07:05 [main] PlatformSynchronizationService - Starting the platform sync job
06:07:05 [main] StartupBreadcrumbs - STARTUP breadcrumb: 10 PLATFORM_INIT_KICKED +106320ms
06:07:05 [main] WalletApplication - STARTUP finalizeInit: initPlatform+channels done in 5ms
06:07:05 [DefaultDispatcher-worker-5] SecurityGuard - loading security guard [healthy=true] with keys: [keystore_healthy, fallback_pin_wallet_password_key, primary_ui_pin_key, modern_encryption_migration_complete, fallback_mnemonic_wallet_password_key, primary_wallet_password_key, fallback_mnemonic_ui_pin_key]
06:07:05 [DefaultDispatcher-worker-5] ModernEncryptionProvider - Decrypted data for alias: wallet_password_key
06:07:05 [main] WalletApplication - STARTUP finalizeInit: integrations done in 54ms
06:07:05 [main] WalletActivityTracker - activity lifecycle: current: SetPinActivity, activities: 3 visible: 1 foreground: 0
06:07:05 [main] WalletActivityTracker - activity lifecycle: activity RestoreWalletFromSeedActivity destroyed
06:07:05 [main] WalletActivityTracker - activity lifecycle: current: SetPinActivity, activities: 2 visible: 1 foreground: 0
06:07:05 [main] WalletActivityTracker - activity lifecycle: activity OnboardingActivity destroyed
06:07:05 [main] WalletActivityTracker - activity lifecycle: current: SetPinActivity, activities: 1 visible: 1 foreground: 0
06:07:05 [main] WalletActivityTracker - activity lifecycle: activity MainActivity created
06:07:05 [main] WalletActivityTracker - activity lifecycle: current: MainActivity, activities: 2 visible: 1 foreground: 0
06:07:05 [main] SecurityGuard - loading security guard [healthy=true] with keys: [keystore_healthy, fallback_pin_wallet_password_key, primary_ui_pin_key, modern_encryption_migration_complete, fallback_mnemonic_wallet_password_key, primary_wallet_password_key, fallback_mnemonic_ui_pin_key]
06:07:05 [main] SecurityGuard - loading security guard [healthy=true] with keys: [keystore_healthy, fallback_pin_wallet_password_key, primary_ui_pin_key, modern_encryption_migration_complete, fallback_mnemonic_wallet_password_key, primary_wallet_password_key, fallback_mnemonic_ui_pin_key]
06:07:05 [main] ModernEncryptionProvider - Decrypted data for alias: wallet_password_key
06:07:05 [main] ModernEncryptionProvider - Decrypted data for alias: ui_pin_key
06:07:05 [DefaultDispatcher-worker-5] KeyCrypterScrypt - Deriving key took 169.3 ms for N=65536, r=8, p=1.
06:07:05 [DefaultDispatcher-worker-5] DashSdkServiceImpl - bootstrapping Dash Platform SDK for network=testnet (flavor=_testNet3)
06:07:05 [main] DashPaymentIntentParser - network parameters = org.darkcoin.test
06:07:05 [main] DashPaymentIntentParser - network parameters = org.darkcoin.test
06:07:05 [main] BlockchainIdentityData - creation: BlockchainIdentityData(NONE, null, null, null, null, null)
06:07:05 [main] MainViewModel - STARTUP MainViewModel init at 1789798025561
06:07:05 [main] StartupBreadcrumbs - STARTUP breadcrumb: 12 MAIN_UI_SHOWN +106528ms
06:07:05 [main] Configuration - just being used - last used 29829967 minutes ago
06:07:05 [DefaultDispatcher-worker-4] DapiClient - getDocuments(contractId=GWRSAVFMjXx8HpQFaNJMqBV7MBgMK4br5UESsB4S31Ec, type=domain, {limit=5, where=[]})
06:07:05 [DefaultDispatcher-worker-7] DapiClient - getDocuments(contractId=GWRSAVFMjXx8HpQFaNJMqBV7MBgMK4br5UESsB4S31Ec, type=domain, {limit=5, where=[]})
06:07:05 [DefaultDispatcher-worker-1] DapiClient - getDocuments(contractId=GWRSAVFMjXx8HpQFaNJMqBV7MBgMK4br5UESsB4S31Ec, type=domain, {limit=5, where=[]})
06:07:05 [main] WalletActivityTracker - activity lifecycle: current: MainActivity, activities: 2 visible: 2 foreground: 0
06:07:05 [DefaultDispatcher-worker-3] CrowdNodeApiAggregator - restoring CrowdNode status
06:07:05 [DefaultDispatcher-worker-3] BLSJniLibrary - Initializing BLS JNI Library
06:07:05 [DefaultDispatcher-worker-5] DashSdkServiceImpl - SDK tracing file logging (INFO) at /data/user/0/hashengineering.darkcoin.wallet_test/files/sdk-logs/platform_wallet/run.log: NOT installed (subscriber already set or dir unwritable)
06:07:05 [main] WalletTransactionsFragment - STARTUP WalletTransactionsFragment.onViewCreated at 1789798025600
06:07:05 [main] HistoryHeaderAdapter - set invite, synced = false
06:07:05 [DefaultDispatcher-worker-3] BLSJniLibrary - Initializing BLS JNI Library
06:07:05 [main] HistoryHeaderAdapter - set invite = null
06:07:05 [main] HistoryHeaderAdapter - set invite, synced = false
06:07:05 [main] SecurityGuard - loading security guard [healthy=true] with keys: [keystore_healthy, fallback_pin_wallet_password_key, primary_ui_pin_key, modern_encryption_migration_complete, fallback_mnemonic_wallet_password_key, primary_wallet_password_key, fallback_mnemonic_ui_pin_key]
06:07:05 [main] SecurityGuard - loading security guard [healthy=true] with keys: [keystore_healthy, fallback_pin_wallet_password_key, primary_ui_pin_key, modern_encryption_migration_complete, fallback_mnemonic_wallet_password_key, primary_wallet_password_key, fallback_mnemonic_ui_pin_key]
06:07:05 [main] LockScreenActivity - show lock screen false = ![keepUnlocked=false] && autologout=true && (keepUnlockedUntilPenEntered=false || shouldLogout=false) || isHealthy=true
06:07:05 [main] MainActivity - updateTrigger => rateStale: RateRetrievalState(lastAttemptFailed=false, staleRates=false, volatile=false)
06:07:05 [main] WalletActivityTracker - activity lifecycle: current: MainActivity, activities: 2 visible: 2 foreground: 1
06:07:05 [DefaultDispatcher-worker-6] DashSdkServiceImpl - Dash Platform SDK started: version=4.2.0-dev.8, restored 0 wallet(s)
06:07:05 [main] MainViewModel - platform available: false; no identity creation is progress: true
06:07:05 [main] BlockchainIdentityData - creation: BlockchainIdentityData(NONE, null, null, null, null, null)
06:07:05 [main] BlockchainServiceImpl - .onCreate()
06:07:05 [main] DashPaymentIntentParser - network parameters = org.darkcoin.test
06:07:05 [main] BlockchainServiceImpl - start foreground service
06:07:05 [DefaultDispatcher-worker-3] BlockchainServiceImpl - onCreate() serviceScope waiting for cleanup null
06:07:05 [main] BlockchainServiceImpl - .onStartCommand(Intent { cmp=hashengineering.darkcoin.wallet_test/de.schildbach.wallet.service.BlockchainServiceImpl })
06:07:05 [DefaultDispatcher-worker-3] BLSJniLibrary - Initializing BLS JNI Library
06:07:05 [DefaultDispatcher-worker-10] BlockchainServiceImpl - onStartCommand waiting for onCreate to complete...
06:07:05 [DefaultDispatcher-worker-3] BlockchainServiceImpl - Phase 5d cutover gate: dashjEngineMayStart=false (coordinatorAllowsDashj=false, dashjHeldByCutover=true, dashjSyncDiagnostic=false)
06:07:05 [main] WalletTransactionsFragment - STARTUP submitData called on thread=main at 1789798025821
06:07:05 [DefaultDispatcher-worker-3] BlockchainServiceImpl - cannot load the bootstrap stream: mnlistdiff-testnet.dat
06:07:05 [DefaultDispatcher-worker-3] BlockchainServiceImpl - cannot load the bootstrap stream: qrinfo-testnet.dat
06:07:05 [DefaultDispatcher-worker-3] BLSJniLibrary - Initializing BLS JNI Library
06:07:05 [DefaultDispatcher-worker-3] BlockchainServiceImpl - blockchain does not exist, resetting wallet
06:07:05 [DefaultDispatcher-worker-3] AbstractQuorumState - resetting masternode list; force: true, requestFreshList: false
06:07:05 [DefaultDispatcher-worker-3] AbstractQuorumState - resetting masternode list; force: true, requestFreshList: false
06:07:05 [Wallet autosave thread] BLSJniLibrary - Initializing BLS JNI Library
06:07:05 [DefaultDispatcher-worker-3] SPVBlockStore - Creating new SPV block chain file /data/user/0/hashengineering.darkcoin.wallet_test/app_blockstore/blockchain-testnet
06:07:05 [DefaultDispatcher-worker-10] BLSJniLibrary - Initializing BLS JNI Library
06:07:05 [main] WalletActivityTracker - activity lifecycle: current: MainActivity, activities: 2 visible: 2 foreground: 0
06:07:05 [DefaultDispatcher-worker-3] SPVBlockStore - Creating new SPV block chain file /data/user/0/hashengineering.darkcoin.wallet_test/app_blockstore/headers-testnet
06:07:05 [DefaultDispatcher-worker-3] BlockchainServiceImpl - verifying backupBlockStore
06:07:05 [DefaultDispatcher-worker-3] BlockchainServiceImpl - verifying headerStore
06:07:05 [main] BlockchainServiceImpl - .onStartCommand(Intent { act=de.schildbach.wallet.service.cancel_coins_received cmp=hashengineering.darkcoin.wallet_test/de.schildbach.wallet.service.BlockchainServiceImpl })
06:07:05 [DefaultDispatcher-worker-10] BlockchainServiceImpl - onStartCommand waiting for onCreate to complete...
06:07:05 [main] DeviceInfoProvider - Detecting currency based on device, mobile network or locale:
06:07:05 [main] DeviceInfoProvider - Device Sim Country: us
06:07:05 [main] MainViewModel - Updating currency exchange rate based on country: US
06:07:05 [main] MainViewModel - Using default Country: US
06:07:05 [main] MainViewModel - Using default currency: USD
06:07:05 [pool-47-thread-1] BlockchainServiceImpl - verify blockstore: 148.4 μs, 0 loaded
06:07:05 [DefaultDispatcher-worker-3] BlockchainServiceImpl - verifying blockStore
06:07:05 [DefaultDispatcher-worker-11] Constants - --> GET https://rates.ctx.com/rates?source=ctx
06:07:06 [DefaultDispatcher-worker-6] CheckpointManager - Read 2440 checkpoints up to time 2026-01-20T11:13:46Z, hash is 64631969817a1892a432d246a7c17a63d5c57d76d2ddf0404b48486637fe32a0
06:07:06 [DefaultDispatcher-worker-6] BirthHeightResolver - resolved birth time 1427610960 to SDK birth height 0 (checkpoint height 1728, margin 4032 blocks)
06:07:06 [pool-47-thread-1] BlockchainServiceImpl - verify blockstore: 376.5 μs, 0 loaded
06:07:06 [DefaultDispatcher-worker-3] BlockchainServiceImpl - blockstore files verified: true, true
06:07:06 [DefaultDispatcher-worker-3] CheckpointManager - Attempting to initialize a new block store with a checkpoint for time 1427006160 (2015-03-22T06:36:00Z)
06:07:06 [DefaultDispatcher-worker-4] DapiClient - searching for quorum: 6, 000000258e7f1cd8cc9858cf6e67912ac9c946a0ec1158744399eb2b292c4a6d, 1556575
06:07:06 [DefaultDispatcher-worker-1] DapiClient - searching for quorum: 6, 000000258e7f1cd8cc9858cf6e67912ac9c946a0ec1158744399eb2b292c4a6d, 1556575
06:07:06 [DefaultDispatcher-worker-7] DapiClient - searching for quorum: 6, 000000258e7f1cd8cc9858cf6e67912ac9c946a0ec1158744399eb2b292c4a6d, 1556575
06:07:06 [DefaultDispatcher-worker-11] Constants - <-- 200 https://rates.ctx.com/rates?source=ctx (265ms, unknown-length body)
06:07:06 [DefaultDispatcher-worker-3] CheckpointManager - Read 2440 checkpoints up to time 2026-01-20T11:13:46Z, hash is 64631969817a1892a432d246a7c17a63d5c57d76d2ddf0404b48486637fe32a0
06:07:06 [DefaultDispatcher-worker-3] CheckpointManager - Attempting to initialize a new block store with a checkpoint for time 1789193226 (2026-09-12T06:07:06Z)
06:07:06 [DefaultDispatcher-worker-7] DapiClient - searching for quorum: 6, 000000258e7f1cd8cc9858cf6e67912ac9c946a0ec1158744399eb2b292c4a6d, 1556575
06:07:06 [DefaultDispatcher-worker-4] DapiClient - searching for quorum: 6, 000000258e7f1cd8cc9858cf6e67912ac9c946a0ec1158744399eb2b292c4a6d, 1556575
06:07:06 [DefaultDispatcher-worker-9] ExchangeRatesRepository - exchange rates updated successfully with de.schildbach.wallet.rates.DashRetailClient@adcd44c
06:07:06 [main] WalletActivityTracker - activity lifecycle: current: SetPinActivity, activities: 2 visible: 1 foreground: 0
06:07:06 [main] WalletActivityTracker - activity lifecycle: activity SetPinActivity destroyed
06:07:06 [main] WalletActivityTracker - activity lifecycle: current: SetPinActivity, activities: 1 visible: 1 foreground: 0
06:07:06 [DefaultDispatcher-worker-3] CheckpointManager - Read 2440 checkpoints up to time 2026-01-20T11:13:46Z, hash is 64631969817a1892a432d246a7c17a63d5c57d76d2ddf0404b48486637fe32a0
06:07:06 [DefaultDispatcher-worker-3] BlockchainServiceImpl - checkpoints loaded from 'checkpoints-testnet.txt', took 369.2 ms
06:07:06 [DefaultDispatcher-worker-3] BLSJniLibrary - Initializing BLS JNI Library
06:07:06 [DefaultDispatcher-worker-3] AbstractBlockChain - chain head is at height 1728:
 block: 
   hash: 000000b4a747bc263dacea0eeaf14bb362170fc6a068f7b3f0ac4f899e985a0f
   version: 2 (0x00000002) (BIP34)
   previous block: 0000036874ccb6f966a26653dfff040e8a55d5a7e2cf312c95a64c518801c803
   merkle root: 54c61ff11d388244e2712c0ec20783c55b3623f3e28b39b40b65092ad708c7ec
   time: 1423418846 (2015-02-08T18:07:26Z)
   difficulty target (nBits): 503382015
   nonce: 39514

06:07:06 [DefaultDispatcher-worker-3] AbstractBlockChain - chain head is at height 1405440:
 block: 
   hash: 000000173e6c9dd4ca8a5a75699fbb5dc4713bc238d2ce98aec7fe3a77febfeb
   version: 536870912 (0x20000000) (BIP34, BIP66, BIP65)
   previous block: 000000773d05044b4db27c023a9a12bc59eaf1f396ad7e5180ef4cb14d366150
   merkle root: ea3165fb830ba2267ad050760183eb5b8241c694406868382bdf6c2307c8e936
   time: 1768907626 (2026-01-20T11:13:46Z)
   difficulty target (nBits): 503367276
   nonce: 128740

06:07:06 [DefaultDispatcher-worker-8] ExchangeRatesRepository - updateTrigger
06:07:06 [main] SecurityGuard - loading security guard [healthy=true] with keys: [keystore_healthy, fallback_pin_wallet_password_key, primary_ui_pin_key, modern_encryption_migration_complete, fallback_mnemonic_wallet_password_key, primary_wallet_password_key, fallback_mnemonic_ui_pin_key]
06:07:06 [main] BlockchainServiceImpl - network callback registered with NetworkRequest: de.schildbach.wallet.service.BlockchainServiceImpl$NetworkCallbackImpl@e3a750
06:07:06 [DefaultDispatcher-worker-10] BlockchainServiceImpl - network capabilities changed: 100, hasInternet: true, validated: true
06:07:06 [DefaultDispatcher-worker-3] BlockchainServiceImpl - network available: 100, hasInternet: true, validated: true, type: WiFi
06:07:06 [DefaultDispatcher-worker-8] BlockchainServiceImpl - monitoring 0 old transactions
06:07:06 [main] BlockchainServiceImpl - receiver register: tickReceiver, de.schildbach.wallet.service.BlockchainServiceImpl$tickReceiver$1@8e8336f
06:07:06 [DefaultDispatcher-worker-10] BlockchainServiceImpl - cutover committed — Platform quorum lookups wired to the SDK-sourced quorum list
06:07:06 [DefaultDispatcher-worker-10] StartupBreadcrumbs - STARTUP breadcrumb: 20 SDK_BIND_KICKED +107446ms
06:07:06 [DefaultDispatcher-worker-10] BlockchainServiceImpl - .onCreate() finished
06:07:06 [DefaultDispatcher-worker-16] BlockchainServiceImpl - onCreate completed, processing onStartCommand
06:07:06 [DefaultDispatcher-worker-21] BlockchainServiceImpl - onCreate completed, processing onStartCommand
06:07:06 [DefaultDispatcher-worker-9] BlockchainServiceImpl - acquiring check() mutex
06:07:06 [DefaultDispatcher-worker-5] BlockchainServiceImpl - acquiring check() mutex
06:07:06 [DefaultDispatcher-worker-11] BlockchainServiceImpl - acquiring check() mutex
06:07:06 [DefaultDispatcher-worker-16] BLSJniLibrary - Initializing BLS JNI Library
06:07:06 [DefaultDispatcher-worker-16] BlockchainServiceImpl - service start command: Intent { cmp=hashengineering.darkcoin.wallet_test/de.schildbach.wallet.service.BlockchainServiceImpl }
06:07:06 [DefaultDispatcher-worker-16] BlockchainServiceImpl - .onStartCommand(Intent { cmp=hashengineering.darkcoin.wallet_test/de.schildbach.wallet.service.BlockchainServiceImpl }) finished
06:07:06 [DefaultDispatcher-worker-21] BLSJniLibrary - Initializing BLS JNI Library
06:07:06 [DefaultDispatcher-worker-21] BlockchainServiceImpl - service start command: Intent { act=de.schildbach.wallet.service.cancel_coins_received cmp=hashengineering.darkcoin.wallet_test/de.schildbach.wallet.service.BlockchainServiceImpl }
06:07:06 [DefaultDispatcher-worker-9] BlockchainServiceImpl - check()
06:07:06 [DefaultDispatcher-worker-21] BlockchainServiceImpl - .onStartCommand(Intent { act=de.schildbach.wallet.service.cancel_coins_received cmp=hashengineering.darkcoin.wallet_test/de.schildbach.wallet.service.BlockchainServiceImpl }) finished
06:07:06 [DefaultDispatcher-worker-9] BlockchainServiceImpl - cutover committed — holding the dashj L1 engine; SDK owns L1 this launch
06:07:06 [DefaultDispatcher-worker-9] BlockchainServiceImpl - releasing check() mutex
06:07:06 [DefaultDispatcher-worker-9] BlockchainServiceImpl - check()
06:07:06 [DefaultDispatcher-worker-9] BlockchainServiceImpl - cutover committed — holding the dashj L1 engine; SDK owns L1 this launch
06:07:06 [DefaultDispatcher-worker-9] BlockchainServiceImpl - releasing check() mutex
06:07:06 [DefaultDispatcher-worker-9] BlockchainServiceImpl - check()
06:07:06 [DefaultDispatcher-worker-9] BlockchainServiceImpl - cutover committed — holding the dashj L1 engine; SDK owns L1 this launch
06:07:06 [DefaultDispatcher-worker-9] BlockchainServiceImpl - releasing check() mutex
06:07:06 [DefaultDispatcher-worker-1] DapiClient - searching for quorum: 6, 000000258e7f1cd8cc9858cf6e67912ac9c946a0ec1158744399eb2b292c4a6d, 1556575
06:07:06 [DefaultDispatcher-worker-4] DapiClient - searching for quorum: 6, 000000258e7f1cd8cc9858cf6e67912ac9c946a0ec1158744399eb2b292c4a6d, 1556575
06:07:06 [DefaultDispatcher-worker-7] DapiClient - searching for quorum: 6, 000000258e7f1cd8cc9858cf6e67912ac9c946a0ec1158744399eb2b292c4a6d, 1556575
06:07:06 [DefaultDispatcher-worker-21] DashSdkServiceImpl - app wallet bound to new SDK wallet cd7eac70… (birthHeight=0 via checkpoint mapping; 0 = full scan from genesis)
06:07:06 [DefaultDispatcher-worker-21] DashSdkServiceImpl - widenAddressWindows: BIP44 account 0 gap -> 1000 on cd7eac70…
06:07:06 [DefaultDispatcher-worker-1] SdkQuorumDataSource - SDK quorum keys refreshed: 24 fetched, 24 cached
06:07:06 [DefaultDispatcher-worker-1] DapiClient - searching for quorum: result: 8a400aec55ecc331d6516279407ce7dc28f92ca215881982544a2938b96b1b65bc25d8821ef20efcec5b02d613c6a486
06:07:06 [DefaultDispatcher-worker-4] DapiClient - searching for quorum: result: 8a400aec55ecc331d6516279407ce7dc28f92ca215881982544a2938b96b1b65bc25d8821ef20efcec5b02d613c6a486
06:07:06 [DefaultDispatcher-worker-7] DapiClient - searching for quorum: result: 8a400aec55ecc331d6516279407ce7dc28f92ca215881982544a2938b96b1b65bc25d8821ef20efcec5b02d613c6a486
06:07:07 [DefaultDispatcher-worker-21] DashSdkServiceImpl - widenAddressWindows: BIP32 account 0 gap -> 1000 on cd7eac70…
06:07:07 [DefaultDispatcher-worker-21] DashSdkServiceImpl - widenAddressWindows: COIN_JOIN account 0 gap -> 1000 on cd7eac70…
06:07:07 [DefaultDispatcher-worker-5] CheckpointManager - Read 2440 checkpoints up to time 2026-01-20T11:13:46Z, hash is 64631969817a1892a432d246a7c17a63d5c57d76d2ddf0404b48486637fe32a0
06:07:07 [DefaultDispatcher-worker-5] BirthHeightResolver - resolved birth time 1427610960 to SDK birth height 0 (checkpoint height 1728, margin 4032 blocks)
06:07:07 [DefaultDispatcher-worker-5] DashSdkServiceImpl - armSpvRescan: filter watermark rewind to 0 armed on cd7eac70…
06:07:07 [DefaultDispatcher-worker-14] SdkWalletBinder - address-window heal v2 applied on cd7eac70…: gaps widened, backfill coverage invalidated — next gate pass rewinds with the widened script set
06:07:07 [DefaultDispatcher-worker-14] SdkWalletBinder - SDK wallet bound; identity not yet registered — discovery deferred
06:07:07 [DefaultDispatcher-worker-2] SdkBindRetryService - SDK bind established — clearing the pending state (no blocker recorded in this process)
06:07:07 [DefaultDispatcher-worker-6] SdkWalletBinder - SDK wallet bound; identity not yet registered — discovery deferred
06:07:07 [DefaultDispatcher-worker-6] StartupBreadcrumbs - STARTUP breadcrumb: 21 SDK_L1_ENGINE_STARTING +108333ms
06:07:07 [DefaultDispatcher-worker-14] PlatformSynchronizationService - SDK L1 engine not started from Application init — it starts from the foreground blockchain service (resume())
06:07:07 [DefaultDispatcher-worker-11] CutoverUiDataService - cutover committed — serving home-screen data from the SDK
06:07:07 [DefaultDispatcher-worker-11] CutoverUiDataService - cutover UI active but the engine wallet-event tap is not running (USE_KOTLIN_SDK_L1_SHADOW off, or L1ShadowSyncService not started) — instant receives degrade to the Room-snapshot/block cadence
06:07:07 [DefaultDispatcher-worker-14] StartupBreadcrumbs - STARTUP breadcrumb: 23 CUTOVER_SERVICES_STARTED +108349ms
06:07:07 [DefaultDispatcher-worker-15] SdkBlockchainStateService - cutover committed — deriving BlockchainState from the SDK SPV feed
06:07:07 [DefaultDispatcher-worker-8] CutoverTxSeamService - cutover committed — priming the SDK seam tx feed
06:07:07 [DefaultDispatcher-worker-8] CutoverTxSeamService - seam tx feed primed (0 recent records, 0 in the priming window); serving seam tx reads from the SDK store
06:07:07 [DefaultDispatcher-worker-5] CutoverUiDataService - SDK balance published: 0 duffs (was none) | l1Synced=false rescanArmedHold=true dashPayBackfill(armed=false,replaying=false) deferredContactBuilds=0 (unchangedReads=1) persistedAsLastKnown=false lastKnown=0
06:07:07 [DefaultDispatcher-worker-7] Platform - platform check: 1.890 s
06:07:07 [DefaultDispatcher-worker-4] Platform - platform check: 1.890 s
06:07:07 [DefaultDispatcher-worker-1] Platform - platform check: 1.890 s
06:07:07 [DefaultDispatcher-worker-7] PlatformServiceImplementation - platform available 3 of 3: true
06:07:07 [main] MainViewModel - platform available: true; no identity creation is progress: true
06:07:07 [DefaultDispatcher-worker-14] ShieldedBalanceServiceImpl - shielded runtime ready on SDK wallet cd7eac70… (account 0, sync loop running)
06:07:09 [DefaultDispatcher-worker-14] L1ShadowSyncService - DashPay bring-up before SPV: status=NO_IDENTITY discovery=1 dashPaySyncRan=false drained=0 pending=0 elapsedMs=1793
06:07:09 [DefaultDispatcher-worker-14] L1ShadowSyncService - L1 shadow SPV started for SDK wallet cd7eac70… (dataDir=/data/user/0/hashengineering.darkcoin.wallet_test/files/l1_shadow_spv/testnet, default peer discovery); debug-only instrumentation — two SPV engines are now running
06:07:09 [DefaultDispatcher-worker-18] L1ShadowSyncService - L1Parity probing suspended: the cutover is committed and the dashj engine is held, so its balance is frozen at the cutover snapshot — any comparison against it is a guaranteed MISMATCH that measures nothing. Turn on the Tools 'dashj sync (diagnostic)' toggle to un-hold dashj and resume probing.
06:07:09 [DefaultDispatcher-worker-6] L1ShadowSyncService - L1Parity cadence relaxing 10000ms -> 60000ms (cutover already committed)
06:07:09 [DefaultDispatcher-worker-3] L1ShadowSyncService - L1Shadow phase=CONNECTING 0.0% headers 0/0 filters 0/0 wallet 0
06:07:09 [DefaultDispatcher-worker-3] L1ShadowSyncService - ReplayMemTelemetry phase=CONNECTING nativeHeapAllocated=77923664 nativeHeapSize=92577792 jvmUsed=37964000 jvmMax=603979776 headers 0/0 filters 0 wallet 0
06:07:09 [DefaultDispatcher-worker-14] StartupBreadcrumbs - STARTUP breadcrumb: 22 SDK_L1_ENGINE_STARTED +110258ms
06:07:09 [DefaultDispatcher-worker-14] StartupBreadcrumbs - STARTUP breadcrumb: 23 CUTOVER_SERVICES_STARTED +110264ms
06:07:09 [DefaultDispatcher-worker-3] L1ShadowSyncService - WalletHistoryFacts: displayDbEmpty count=0 dashjEarliestKeyTime=2015-03-29T06:36:00Z (real line follows at first sync settle)
06:07:10 [DefaultDispatcher-worker-7] BlockchainServiceImpl - network capabilities changed: 100, hasInternet: true, validated: true
06:07:10 [DefaultDispatcher-worker-7] BlockchainServiceImpl - acquiring check() mutex
06:07:10 [DefaultDispatcher-worker-7] BlockchainServiceImpl - check()
06:07:10 [DefaultDispatcher-worker-7] BlockchainServiceImpl - cutover committed — holding the dashj L1 engine; SDK owns L1 this launch
06:07:10 [DefaultDispatcher-worker-7] BlockchainServiceImpl - releasing check() mutex
06:07:10 [Wallet autosave thread] WalletFiles - Background saving wallet; last seen block is height -1, date unknown, hash null
06:07:10 [Wallet autosave thread] CoinJoinExtension - CoinJoinExtension serialization: 0ms total (keys:0ms[8], cache:0ms[0], salt:0ms, io:0ms, size:1431bytes, buffer:64KB)
06:07:10 [Wallet autosave thread] WalletProtobufSerializer - walletToProto (serial=8) timing: 7ms total, init=0ms, tx=0ms[0], keys=0ms, scripts=0ms[0], metadata=0ms, ext=6ms, friendRecv=0ms, friendSend=0ms, build=0ms
06:07:10 [Wallet autosave thread] WalletProtobufSerializer - writeWallet timing: 7ms total (7ms/100% serialization, 0ms/0% I/O) buffer=8KB
06:07:10 [Wallet autosave thread] WalletFiles - Save completed in 12.94 ms (15322 bytes); /data/user/0/hashengineering.darkcoin.wallet_test/files/wallet-protobuf-testnet
06:07:13 [DefaultDispatcher-worker-15] BlockchainServiceImpl - network capabilities changed: 100, hasInternet: true, validated: true
06:07:13 [DefaultDispatcher-worker-15] BlockchainServiceImpl - acquiring check() mutex
06:07:13 [DefaultDispatcher-worker-15] BlockchainServiceImpl - check()
06:07:13 [DefaultDispatcher-worker-15] BlockchainServiceImpl - cutover committed — holding the dashj L1 engine; SDK owns L1 this launch
06:07:13 [DefaultDispatcher-worker-15] BlockchainServiceImpl - releasing check() mutex
06:07:24 [main] WalletActivityTracker - activity lifecycle: current: MainActivity, activities: 1 visible: 1 foreground: 1
06:07:24 [DefaultDispatcher-worker-8] TimeUtils - timeskew: 64; using last value
06:07:24 [main] BlockchainServiceImpl - .onStartCommand(Intent { act=de.schildbach.wallet.service.cancel_coins_received cmp=hashengineering.darkcoin.wallet_test/de.schildbach.wallet.service.BlockchainServiceImpl })
06:07:24 [DefaultDispatcher-worker-15] BlockchainServiceImpl - onStartCommand waiting for onCreate to complete...
06:07:24 [DefaultDispatcher-worker-15] BlockchainServiceImpl - onCreate completed, processing onStartCommand
06:07:24 [DefaultDispatcher-worker-15] BLSJniLibrary - Initializing BLS JNI Library
06:07:24 [DefaultDispatcher-worker-15] BlockchainServiceImpl - service start command: Intent { act=de.schildbach.wallet.service.cancel_coins_received cmp=hashengineering.darkcoin.wallet_test/de.schildbach.wallet.service.BlockchainServiceImpl }
06:07:24 [DefaultDispatcher-worker-15] BlockchainServiceImpl - .onStartCommand(Intent { act=de.schildbach.wallet.service.cancel_coins_received cmp=hashengineering.darkcoin.wallet_test/de.schildbach.wallet.service.BlockchainServiceImpl }) finished
06:07:24 [main] DeviceInfoProvider - Detecting currency based on device, mobile network or locale:
06:07:24 [main] DeviceInfoProvider - Device Sim Country: us
06:07:24 [main] MainViewModel - Updating currency exchange rate based on country: US
06:07:25 [DefaultDispatcher-worker-8] BlockchainServiceImpl - network capabilities changed: 100, hasInternet: true, validated: true
06:07:25 [DefaultDispatcher-worker-8] BlockchainServiceImpl - acquiring check() mutex
06:07:25 [DefaultDispatcher-worker-8] BlockchainServiceImpl - check()
06:07:25 [DefaultDispatcher-worker-8] BlockchainServiceImpl - cutover committed — holding the dashj L1 engine; SDK owns L1 this launch
06:07:25 [DefaultDispatcher-worker-8] BlockchainServiceImpl - releasing check() mutex
06:07:26 [DefaultDispatcher-worker-7] BlockchainServiceImpl - network available: 101, hasInternet: true, validated: true, type: Cellular
06:07:26 [DefaultDispatcher-worker-12] BlockchainServiceImpl - network capabilities changed: 101, hasInternet: true, validated: true
06:07:26 [DefaultDispatcher-worker-7] BlockchainServiceImpl - acquiring check() mutex
06:07:26 [DefaultDispatcher-worker-7] BlockchainServiceImpl - check()
06:07:26 [DefaultDispatcher-worker-7] BlockchainServiceImpl - cutover committed — holding the dashj L1 engine; SDK owns L1 this launch
06:07:26 [DefaultDispatcher-worker-12] BlockchainServiceImpl - acquiring check() mutex
06:07:26 [DefaultDispatcher-worker-12] BlockchainServiceImpl - check()
06:07:26 [DefaultDispatcher-worker-12] BlockchainServiceImpl - cutover committed — holding the dashj L1 engine; SDK owns L1 this launch
06:07:26 [DefaultDispatcher-worker-12] BlockchainServiceImpl - releasing check() mutex
06:07:26 [DefaultDispatcher-worker-7] BlockchainServiceImpl - releasing check() mutex
06:07:28 [DefaultDispatcher-worker-15] BlockchainServiceImpl - network capabilities changed: 100, hasInternet: true, validated: true
06:07:28 [DefaultDispatcher-worker-15] BlockchainServiceImpl - acquiring check() mutex
06:07:28 [DefaultDispatcher-worker-15] BlockchainServiceImpl - check()
06:07:28 [DefaultDispatcher-worker-15] BlockchainServiceImpl - cutover committed — holding the dashj L1 engine; SDK owns L1 this launch
06:07:28 [DefaultDispatcher-worker-15] BlockchainServiceImpl - releasing check() mutex
06:07:35 [main] StartupBreadcrumbs - STARTUP breadcrumb: 13 LAUNCH_SURVIVED +136670ms
06:07:37 [DefaultDispatcher-worker-3] BlockchainServiceImpl - network capabilities changed: 100, hasInternet: true, validated: true
06:07:37 [DefaultDispatcher-worker-3] BlockchainServiceImpl - acquiring check() mutex
06:07:37 [DefaultDispatcher-worker-3] BlockchainServiceImpl - check()
06:07:37 [DefaultDispatcher-worker-3] BlockchainServiceImpl - cutover committed — holding the dashj L1 engine; SDK owns L1 this launch
06:07:37 [DefaultDispatcher-worker-3] BlockchainServiceImpl - releasing check() mutex
06:07:40 [DefaultDispatcher-worker-19] L1ShadowSyncService - L1Shadow phase=HEADERS 32.3% headers 994000/1556575 filters 65999/1556575 wallet 65999
06:07:40 [DefaultDispatcher-worker-19] L1ShadowSyncService - ReplayMemTelemetry phase=HEADERS nativeHeapAllocated=284142528 nativeHeapSize=311144448 jvmUsed=20161296 jvmMax=603979776 headers 994000/1556575 filters 65999 wallet 65999
06:07:40 [DefaultDispatcher-worker-9] BlockchainServiceImpl - network capabilities changed: 100, hasInternet: true, validated: true
06:07:40 [DefaultDispatcher-worker-9] BlockchainServiceImpl - acquiring check() mutex
06:07:40 [DefaultDispatcher-worker-9] BlockchainServiceImpl - check()
06:07:40 [DefaultDispatcher-worker-9] BlockchainServiceImpl - cutover committed — holding the dashj L1 engine; SDK owns L1 this launch
06:07:40 [DefaultDispatcher-worker-9] BlockchainServiceImpl - releasing check() mutex
06:07:45 [main] WalletActivityTracker - activity lifecycle: current: MainActivity, activities: 1 visible: 1 foreground: 0
06:07:49 [native-log-bridge] DashSdkNative - --------- beginning of main
06:07:49 [native-log-bridge] DashSdkNative - 09-19 01:07:21.206  4514  5639 I DashSDK : platform_wallet::changeset::core_bridge: wallet-event batch: folded=1 wallets=1 synced_height_persisted=Some(1999) synced_height_frozen=None synced_height_rejected=None faulted=0
06:07:49 [native-log-bridge] DashSdkNative - 09-19 01:07:22.080  4514  5639 I DashSDK : platform_wallet::changeset::core_bridge: wallet-event batch: folded=1 wallets=1 synced_height_persisted=Some(3999) synced_height_frozen=None synced_height_rejected=None faulted=0
06:07:49 [native-log-bridge] DashSdkNative - 09-19 01:07:22.940  4514  5638 I DashSDK : platform_wallet::changeset::core_bridge: wallet-event batch: folded=1 wallets=1 synced_height_persisted=Some(5999) synced_height_frozen=None synced_height_rejected=None faulted=0
06:07:49 [native-log-bridge] DashSdkNative - 09-19 01:07:25.036  4514  5638 I DashSDK : platform_wallet::changeset::core_bridge: wallet-event batch: folded=1 wallets=1 synced_height_persisted=Some(10999) synced_height_frozen=None synced_height_rejected=None faulted=0
06:07:49 [native-log-bridge] DashSdkNative - 09-19 01:07:25.039  4514  5637 I DashSDK : platform_wallet::changeset::core_bridge: wallet-event batch: folded=1 wallets=1 synced_height_persisted=Some(15999) synced_height_frozen=None synced_height_rejected=None faulted=0
06:07:49 [native-log-bridge] DashSdkNative - 09-19 01:07:26.090  4514  5639 I DashSDK : platform_wallet::changeset::core_bridge: wallet-event batch: folded=1 wallets=1 synced_height_persisted=Some(20999) synced_height_frozen=None synced_height_rejected=None faulted=0
06:07:49 [native-log-bridge] DashSdkNative - 09-19 01:07:27.243  4514  5639 I DashSDK : platform_wallet::changeset::core_bridge: wallet-event batch: folded=1 wallets=1 synced_height_persisted=Some(25999) synced_height_frozen=None synced_height_rejected=None faulted=0
06:07:49 [native-log-bridge] DashSdkNative - 09-19 01:07:29.834  4514  5639 I DashSDK : platform_wallet::changeset::core_bridge: wallet-event batch: folded=1 wallets=1 synced_height_persisted=Some(30999) synced_height_frozen=None synced_height_rejected=None faulted=0
06:07:49 [native-log-bridge] DashSdkNative - 09-19 01:07:31.107  4514  5638 I DashSDK : platform_wallet::changeset::core_bridge: wallet-event batch: folded=1 wallets=1 synced_height_persisted=Some(35999) synced_height_frozen=None synced_height_rejected=None faulted=0
06:07:49 [native-log-bridge] DashSdkNative - 09-19 01:07:32.850  4514  5640 I DashSDK : platform_wallet::changeset::core_bridge: wallet-event batch: folded=1 wallets=1 synced_height_persisted=Some(40999) synced_height_frozen=None synced_height_rejected=None faulted=0
06:07:49 [native-log-bridge] DashSdkNative - 09-19 01:07:32.933  4514  5637 I DashSDK : platform_wallet::changeset::core_bridge: wallet-event batch: folded=1 wallets=1 synced_height_persisted=Some(45999) synced_height_frozen=None synced_height_rejected=None faulted=0
06:07:49 [native-log-bridge] DashSdkNative - 09-19 01:07:34.262  4514  5639 I DashSDK : platform_wallet::changeset::core_bridge: wallet-event batch: folded=1 wallets=1 synced_height_persisted=Some(50999) synced_height_frozen=None synced_height_rejected=None faulted=0
06:07:49 [native-log-bridge] DashSdkNative - 09-19 01:07:35.213  4514  5639 I DashSDK : platform_wallet::changeset::core_bridge: wallet-event batch: folded=1 wallets=1 synced_height_persisted=Some(55999) synced_height_frozen=None synced_height_rejected=None faulted=0
06:07:49 [native-log-bridge] DashSdkNative - 09-19 01:07:36.065  4514  5637 I DashSDK : platform_wallet::changeset::core_bridge: wallet-event batch: folded=1 wallets=1 synced_height_persisted=Some(60999) synced_height_frozen=None synced_height_rejected=None faulted=0
06:07:49 [native-log-bridge] DashSdkNative - 09-19 01:07:38.756  4514  5639 I DashSDK : platform_wallet::changeset::core_bridge: wallet-event batch: folded=1 wallets=1 synced_height_persisted=Some(65999) synced_height_frozen=None synced_height_rejected=None faulted=0
06:07:49 [native-log-bridge] DashSdkNative - 09-19 01:07:40.448  4514  5637 I DashSDK : platform_wallet::changeset::core_bridge: wallet-event batch: folded=1 wallets=1 synced_height_persisted=Some(70999) synced_height_frozen=None synced_height_rejected=None faulted=0
06:07:49 [native-log-bridge] DashSdkNative - 09-19 01:07:42.419  4514  5640 I DashSDK : platform_wallet::changeset::core_bridge: wallet-event batch: folded=1 wallets=1 synced_height_persisted=Some(75999) synced_height_frozen=None synced_height_rejected=None faulted=0
06:07:49 [native-log-bridge] DashSdkNative - 09-19 01:07:45.144  4514  5639 I DashSDK : platform_wallet::changeset::core_bridge: wallet-event batch: folded=1 wallets=1 synced_height_persisted=Some(80999) synced_height_frozen=None synced_height_rejected=None faulted=0
06:07:49 [native-log-bridge] DashSdkNative - 09-19 01:07:46.398  4514  5639 I DashSDK : platform_wallet::changeset::core_bridge: wallet-event batch: folded=1 wallets=1 synced_height_persisted=Some(85999) synced_height_frozen=None synced_height_rejected=None faulted=0
06:07:49 [native-log-bridge] DashSdkNative - 09-19 01:07:47.429  4514  5640 I DashSDK : platform_wallet::changeset::core_bridge: wallet-event batch: folded=1 wallets=1 synced_height_persisted=Some(90999) synced_height_frozen=None synced_height_rejected=None faulted=0
06:07:49 [native-log-bridge] DashSdkNative - 09-19 01:07:48.836  4514  5640 I DashSDK : platform_wallet::changeset::core_bridge: wallet-event batch: folded=1 wallets=1 synced_height_persisted=Some(95999) synced_height_frozen=None synced_height_rejected=None faulted=0
06:07:49 [DefaultDispatcher-worker-14] BlockchainServiceImpl - network capabilities changed: 100, hasInternet: true, validated: true
06:07:49 [DefaultDispatcher-worker-14] BlockchainServiceImpl - acquiring check() mutex
06:07:49 [DefaultDispatcher-worker-14] BlockchainServiceImpl - check()
06:07:49 [DefaultDispatcher-worker-14] BlockchainServiceImpl - cutover committed — holding the dashj L1 engine; SDK owns L1 this launch
06:07:49 [DefaultDispatcher-worker-14] BlockchainServiceImpl - releasing check() mutex
06:07:52 [DefaultDispatcher-worker-8] BlockchainServiceImpl - network capabilities changed: 100, hasInternet: true, validated: true
06:07:52 [DefaultDispatcher-worker-8] BlockchainServiceImpl - acquiring check() mutex
06:07:52 [DefaultDispatcher-worker-8] BlockchainServiceImpl - check()
06:07:52 [DefaultDispatcher-worker-8] BlockchainServiceImpl - cutover committed — holding the dashj L1 engine; SDK owns L1 this launch
06:07:52 [DefaultDispatcher-worker-8] BlockchainServiceImpl - releasing check() mutex
06:08:00 [main] BlockchainServiceImpl - MEM pss=499MB nativeHeap=378/413MB jvm=21/576MB
06:08:01 [main] WalletActivityTracker - activity lifecycle: current: MainActivity, activities: 1 visible: 1 foreground: 1
06:08:01 [DefaultDispatcher-worker-6] TimeUtils - timeskew: 64; using last value
06:08:01 [main] BlockchainServiceImpl - .onStartCommand(Intent { act=de.schildbach.wallet.service.cancel_coins_received cmp=hashengineering.darkcoin.wallet_test/de.schildbach.wallet.service.BlockchainServiceImpl })
06:08:01 [DefaultDispatcher-worker-8] BlockchainServiceImpl - onStartCommand waiting for onCreate to complete...
06:08:01 [DefaultDispatcher-worker-8] BlockchainServiceImpl - onCreate completed, processing onStartCommand
06:08:01 [DefaultDispatcher-worker-8] BLSJniLibrary - Initializing BLS JNI Library
06:08:01 [DefaultDispatcher-worker-8] BlockchainServiceImpl - service start command: Intent { act=de.schildbach.wallet.service.cancel_coins_received cmp=hashengineering.darkcoin.wallet_test/de.schildbach.wallet.service.BlockchainServiceImpl }
06:08:01 [DefaultDispatcher-worker-8] BlockchainServiceImpl - .onStartCommand(Intent { act=de.schildbach.wallet.service.cancel_coins_received cmp=hashengineering.darkcoin.wallet_test/de.schildbach.wallet.service.BlockchainServiceImpl }) finished
06:08:01 [main] DeviceInfoProvider - Detecting currency based on device, mobile network or locale:
06:08:01 [main] DeviceInfoProvider - Device Sim Country: us
06:08:01 [main] MainViewModel - Updating currency exchange rate based on country: US
06:08:04 [DefaultDispatcher-worker-6] BlockchainServiceImpl - network capabilities changed: 100, hasInternet: true, validated: true
06:08:04 [DefaultDispatcher-worker-6] BlockchainServiceImpl - acquiring check() mutex
06:08:04 [DefaultDispatcher-worker-6] BlockchainServiceImpl - check()
06:08:04 [DefaultDispatcher-worker-6] BlockchainServiceImpl - cutover committed — holding the dashj L1 engine; SDK owns L1 this launch
06:08:04 [DefaultDispatcher-worker-6] BlockchainServiceImpl - releasing check() mutex
06:08:07 [DefaultDispatcher-worker-6] BlockchainServiceImpl - network capabilities changed: 100, hasInternet: true, validated: true
06:08:07 [DefaultDispatcher-worker-6] BlockchainServiceImpl - acquiring check() mutex
06:08:07 [DefaultDispatcher-worker-6] BlockchainServiceImpl - check()
06:08:07 [DefaultDispatcher-worker-6] BlockchainServiceImpl - cutover committed — holding the dashj L1 engine; SDK owns L1 this launch
06:08:07 [DefaultDispatcher-worker-6] BlockchainServiceImpl - releasing check() mutex
06:08:10 [DefaultDispatcher-worker-13] L1ShadowSyncService - L1Shadow phase=FILTER_HEADERS 60.7% headers 1556575/1556575 filters 165999/1556575 wallet 165999
06:08:10 [DefaultDispatcher-worker-13] L1ShadowSyncService - ReplayMemTelemetry phase=FILTER_HEADERS nativeHeapAllocated=317205504 nativeHeapSize=343539712 jvmUsed=23438544 jvmMax=603979776 headers 1556575/1556575 filters 165999 wallet 165999
06:08:18 [DefaultDispatcher-worker-15] BlockchainServiceImpl - network lost: 101, remaining networks: 1
06:08:19 [native-log-bridge] DashSdkNative - 09-19 01:07:49.812  4514  5638 I DashSDK : platform_wallet::changeset::core_bridge: wallet-event batch: folded=1 wallets=1 synced_height_persisted=Some(100999) synced_height_frozen=None synced_height_rejected=None faulted=0
06:08:19 [native-log-bridge] DashSdkNative - 09-19 01:07:53.419  4514  5638 I DashSDK : platform_wallet::changeset::core_bridge: wallet-event batch: folded=1 wallets=1 synced_height_persisted=Some(105999) synced_height_frozen=None synced_height_rejected=None faulted=0
06:08:19 [native-log-bridge] DashSdkNative - 09-19 01:07:54.298  4514  5640 I DashSDK : platform_wallet::changeset::core_bridge: wallet-event batch: folded=1 wallets=1 synced_height_persisted=Some(110999) synced_height_frozen=None synced_height_rejected=None faulted=0
06:08:19 [native-log-bridge] DashSdkNative - 09-19 01:07:55.162  4514  5638 I DashSDK : platform_wallet::changeset::core_bridge: wallet-event batch: folded=1 wallets=1 synced_height_persisted=Some(115999) synced_height_frozen=None synced_height_rejected=None faulted=0
06:08:19 [native-log-bridge] DashSdkNative - 09-19 01:07:57.276  4514  5640 I DashSDK : platform_wallet::changeset::core_bridge: wallet-event batch: folded=1 wallets=1 synced_height_persisted=Some(120999) synced_height_frozen=None synced_height_rejected=None faulted=0
06:08:19 [native-log-bridge] DashSdkNative - 09-19 01:07:58.007  4514  5639 I DashSDK : platform_wallet::changeset::core_bridge: wallet-event batch: folded=1 wallets=1 synced_height_persisted=Some(125999) synced_height_frozen=None synced_height_rejected=None faulted=0
06:08:19 [native-log-bridge] DashSdkNative - 09-19 01:07:58.640  4514  5639 I DashSDK : platform_wallet::changeset::core_bridge: wallet-event batch: folded=1 wallets=1 synced_height_persisted=Some(130999) synced_height_frozen=None synced_height_rejected=None faulted=0
06:08:19 [native-log-bridge] DashSdkNative - 09-19 01:08:00.058  4514  5640 I DashSDK : platform_wallet::changeset::core_bridge: wallet-event batch: folded=1 wallets=1 synced_height_persisted=Some(135999) synced_height_frozen=None synced_height_rejected=None faulted=0
06:08:19 [native-log-bridge] DashSdkNative - 09-19 01:08:01.320  4514  5640 I DashSDK : platform_wallet::changeset::core_bridge: wallet-event batch: folded=1 wallets=1 synced_height_persisted=Some(140999) synced_height_frozen=None synced_height_rejected=None faulted=0
06:08:19 [native-log-bridge] DashSdkNative - 09-19 01:08:01.767  4514  5638 I DashSDK : platform_wallet::changeset::core_bridge: wallet-event batch: folded=1 wallets=1 synced_height_persisted=Some(145999) synced_height_frozen=None synced_height_rejected=None faulted=0
06:08:19 [native-log-bridge] DashSdkNative - 09-19 01:08:03.899  4514  5638 I DashSDK : platform_wallet::changeset::core_bridge: wallet-event batch: folded=1 wallets=1 synced_height_persisted=Some(150999) synced_height_frozen=None synced_height_rejected=None faulted=0
06:08:19 [native-log-bridge] DashSdkNative - 09-19 01:08:06.478  4514  5637 I DashSDK : platform_wallet::changeset::core_bridge: wallet-event batch: folded=1 wallets=1 synced_height_persisted=Some(155999) synced_height_frozen=None synced_height_rejected=None faulted=0
06:08:19 [native-log-bridge] DashSdkNative - 09-19 01:08:07.523  4514  5639 I DashSDK : platform_wallet::changeset::core_bridge: wallet-event batch: folded=1 wallets=1 synced_height_persisted=Some(160999) synced_height_frozen=None synced_height_rejected=None faulted=0
06:08:19 [native-log-bridge] DashSdkNative - 09-19 01:08:08.705  4514  5640 I DashSDK : platform_wallet::changeset::core_bridge: wallet-event batch: folded=1 wallets=1 synced_height_persisted=Some(165999) synced_height_frozen=None synced_height_rejected=None faulted=0
06:08:19 [native-log-bridge] DashSdkNative - 09-19 01:08:10.947  4514  5640 I DashSDK : platform_wallet::changeset::core_bridge: wallet-event batch: folded=1 wallets=1 synced_height_persisted=Some(170999) synced_height_frozen=None synced_height_rejected=None faulted=0
06:08:19 [native-log-bridge] DashSdkNative - 09-19 01:08:14.623  4514  5640 I DashSDK : platform_wallet::changeset::core_bridge: wallet-event batch: folded=1 wallets=1 synced_height_persisted=Some(175999) synced_height_frozen=None synced_height_rejected=None faulted=0
06:08:19 [native-log-bridge] DashSdkNative - 09-19 01:08:15.405  4514  5640 I DashSDK : platform_wallet::changeset::core_bridge: wallet-event batch: folded=1 wallets=1 synced_height_persisted=Some(180999) synced_height_frozen=None synced_height_rejected=None faulted=0
06:08:19 [native-log-bridge] DashSdkNative - 09-19 01:08:16.384  4514  5638 I DashSDK : platform_wallet::changeset::core_bridge: wallet-event batch: folded=1 wallets=1 synced_height_persisted=Some(185999) synced_height_frozen=None synced_height_rejected=None faulted=0
06:08:19 [native-log-bridge] DashSdkNative - 09-19 01:08:17.513  4514  5638 I DashSDK : platform_wallet::changeset::core_bridge: wallet-event batch: folded=1 wallets=1 synced_height_persisted=Some(190999) synced_height_frozen=None synced_height_rejected=None faulted=0
06:08:19 [native-log-bridge] DashSdkNative - 09-19 01:08:18.913  4514  5638 I DashSDK : platform_wallet::changeset::core_bridge: wallet-event batch: folded=1 wallets=1 synced_height_persisted=Some(195999) synced_height_frozen=None synced_height_rejected=None faulted=0
06:08:25 [DefaultDispatcher-worker-15] BlockchainServiceImpl - network capabilities changed: 100, hasInternet: true, validated: true
06:08:25 [DefaultDispatcher-worker-15] BlockchainServiceImpl - acquiring check() mutex
06:08:25 [DefaultDispatcher-worker-15] BlockchainServiceImpl - check()
06:08:25 [DefaultDispatcher-worker-15] BlockchainServiceImpl - cutover committed — holding the dashj L1 engine; SDK owns L1 this launch
06:08:25 [DefaultDispatcher-worker-15] BlockchainServiceImpl - releasing check() mutex
06:08:28 [DefaultDispatcher-worker-11] BlockchainServiceImpl - network capabilities changed: 100, hasInternet: true, validated: true
06:08:28 [DefaultDispatcher-worker-11] BlockchainServiceImpl - acquiring check() mutex
06:08:28 [DefaultDispatcher-worker-11] BlockchainServiceImpl - check()
06:08:28 [DefaultDispatcher-worker-11] BlockchainServiceImpl - cutover committed — holding the dashj L1 engine; SDK owns L1 this launch
06:08:28 [DefaultDispatcher-worker-11] BlockchainServiceImpl - releasing check() mutex
06:08:37 [main] BlockchainIdentityData - creation: BlockchainIdentityData(NONE, null, null, null, null, null)
06:08:41 [DefaultDispatcher-worker-2] L1ShadowSyncService - L1Shadow phase=FILTERS 76.4% headers 1556575/1556575 filters 455999/1556575 wallet 455999
06:08:41 [DefaultDispatcher-worker-2] L1ShadowSyncService - ReplayMemTelemetry phase=FILTERS nativeHeapAllocated=400996224 nativeHeapSize=465637376 jvmUsed=22135440 jvmMax=603979776 headers 1556575/1556575 filters 455999 wallet 455999
06:08:46 [DefaultDispatcher-worker-15] BlockchainServiceImpl - network capabilities changed: 100, hasInternet: true, validated: true
06:08:46 [DefaultDispatcher-worker-15] BlockchainServiceImpl - acquiring check() mutex
06:08:46 [DefaultDispatcher-worker-15] BlockchainServiceImpl - check()
06:08:46 [DefaultDispatcher-worker-15] BlockchainServiceImpl - cutover committed — holding the dashj L1 engine; SDK owns L1 this launch
06:08:46 [DefaultDispatcher-worker-15] BlockchainServiceImpl - releasing check() mutex
06:08:49 [native-log-bridge] DashSdkNative - 09-19 01:08:20.103  4514  5639 I DashSDK : platform_wallet::changeset::core_bridge: wallet-event batch: folded=1 wallets=1 synced_height_persisted=Some(200999) synced_height_frozen=None synced_height_rejected=None faulted=0
06:08:49 [native-log-bridge] DashSdkNative - 09-19 01:08:20.929  4514  5640 I DashSDK : platform_wallet::changeset::core_bridge: wallet-event batch: folded=1 wallets=1 synced_height_persisted=Some(205999) synced_height_frozen=None synced_height_rejected=None faulted=0
06:08:49 [native-log-bridge] DashSdkNative - 09-19 01:08:21.582  4514  5640 I DashSDK : platform_wallet::changeset::core_bridge: wallet-event batch: folded=1 wallets=1 synced_height_persisted=Some(210999) synced_height_frozen=None synced_height_rejected=None faulted=0
06:08:49 [native-log-bridge] DashSdkNative - 09-19 01:08:22.178  4514  5637 I DashSDK : platform_wallet::changeset::core_bridge: wallet-event batch: folded=1 wallets=1 synced_height_persisted=Some(215999) synced_height_frozen=None synced_height_rejected=None faulted=0
06:08:49 [native-log-bridge] DashSdkNative - 09-19 01:08:22.945  4514  5639 I DashSDK : platform_wallet::changeset::core_bridge: wallet-event batch: folded=1 wallets=1 synced_height_persisted=Some(220999) synced_height_frozen=None synced_height_rejected=None faulted=0
06:08:49 [native-log-bridge] DashSdkNative - 09-19 01:08:24.466  4514  5639 I DashSDK : platform_wallet::changeset::core_bridge: wallet-event batch: folded=1 wallets=1 synced_height_persisted=Some(225999) synced_height_frozen=None synced_height_rejected=None faulted=0
06:08:49 [native-log-bridge] DashSdkNative - 09-19 01:08:24.793  4514  5639 I DashSDK : platform_wallet::changeset::core_bridge: wallet-event batch: folded=1 wallets=1 synced_height_persisted=Some(230999) synced_height_frozen=None synced_height_rejected=None faulted=0
06:08:49 [native-log-bridge] DashSdkNative - 09-19 01:08:25.337  4514  5640 I DashSDK : platform_wallet::changeset::core_bridge: wallet-event batch: folded=1 wallets=1 synced_height_persisted=Some(235999) synced_height_frozen=None synced_height_rejected=None faulted=0
06:08:49 [native-log-bridge] DashSdkNative - 09-19 01:08:25.939  4514  5638 I DashSDK : platform_wallet::changeset::core_bridge: wallet-event batch: folded=1 wallets=1 synced_height_persisted=Some(240999) synced_height_frozen=None synced_height_rejected=None faulted=0
06:08:49 [native-log-bridge] DashSdkNative - 09-19 01:08:26.263  4514  5639 I DashSDK : platform_wallet::changeset::core_bridge: wallet-event batch: folded=1 wallets=1 synced_height_persisted=Some(245999) synced_height_frozen=None synced_height_rejected=None faulted=0
06:08:49 [native-log-bridge] DashSdkNative - 09-19 01:08:26.545  4514  5638 I DashSDK : platform_wallet::changeset::core_bridge: wallet-event batch: folded=1 wallets=1 synced_height_persisted=Some(250999) synced_height_frozen=None synced_height_rejected=None faulted=0
06:08:49 [native-log-bridge] DashSdkNative - 09-19 01:08:26.860  4514  5640 I DashSDK : platform_wallet::changeset::core_bridge: wallet-event batch: folded=1 wallets=1 synced_height_persisted=Some(255999) synced_height_frozen=None synced_height_rejected=None faulted=0
06:08:49 [native-log-bridge] DashSdkNative - 09-19 01:08:27.285  4514  5638 I DashSDK : platform_wallet::changeset::core_bridge: wallet-event batch: folded=1 wallets=1 synced_height_persisted=Some(260999) synced_height_frozen=None synced_height_rejected=None faulted=0
06:08:49 [native-log-bridge] DashSdkNative - 09-19 01:08:27.755  4514  5638 I DashSDK : platform_wallet::changeset::core_bridge: wallet-event batch: folded=1 wallets=1 synced_height_persisted=Some(265999) synced_height_frozen=None synced_height_rejected=None faulted=0
06:08:49 [native-log-bridge] DashSdkNative - 09-19 01:08:28.331  4514  5640 I DashSDK : platform_wallet::changeset::core_bridge: wallet-event batch: folded=1 wallets=1 synced_height_persisted=Some(270999) synced_height_frozen=None synced_height_rejected=None faulted=0
06:08:49 [native-log-bridge] DashSdkNative - 09-19 01:08:28.908  4514  5638 I DashSDK : platform_wallet::changeset::core_bridge: wallet-event batch: folded=1 wallets=1 synced_height_persisted=Some(275999) synced_height_frozen=None synced_height_rejected=None faulted=0
06:08:49 [native-log-bridge] DashSdkNative - 09-19 01:08:29.313  4514  5638 I DashSDK : platform_wallet::changeset::core_bridge: wallet-event batch: folded=1 wallets=1 synced_height_persisted=Some(280999) synced_height_frozen=None synced_height_rejected=None faulted=0
06:08:49 [native-log-bridge] DashSdkNative - 09-19 01:08:29.683  4514  5640 I DashSDK : platform_wallet::changeset::core_bridge: wallet-event batch: folded=1 wallets=1 synced_height_persisted=Some(285999) synced_height_frozen=None synced_height_rejected=None faulted=0
06:08:49 [native-log-bridge] DashSdkNative - 09-19 01:08:29.993  4514  5637 I DashSDK : platform_wallet::changeset::core_bridge: wallet-event batch: folded=1 wallets=1 synced_height_persisted=Some(290999) synced_height_frozen=None synced_height_rejected=None faulted=0
06:08:49 [native-log-bridge] DashSdkNative - 09-19 01:08:30.240  4514  5638 I DashSDK : platform_wallet::changeset::core_bridge: wallet-event batch: folded=1 wallets=1 synced_height_persisted=Some(295999) synced_height_frozen=None synced_height_rejected=None faulted=0
06:08:49 [native-log-bridge] DashSdkNative - 09-19 01:08:30.574  4514  5637 I DashSDK : platform_wallet::changeset::core_bridge: wallet-event batch: folded=1 wallets=1 synced_height_persisted=Some(300999) synced_height_frozen=None synced_height_rejected=None faulted=0
06:08:49 [native-log-bridge] DashSdkNative - 09-19 01:08:30.848  4514  5638 I DashSDK : platform_wallet::changeset::core_bridge: wallet-event batch: folded=1 wallets=1 synced_height_persisted=Some(305999) synced_height_frozen=None synced_height_rejected=None faulted=0
06:08:49 [native-log-bridge] DashSdkNative - 09-19 01:08:31.113  4514  5640 I DashSDK : platform_wallet::changeset::core_bridge: wallet-event batch: folded=1 wallets=1 synced_height_persisted=Some(310999) synced_height_frozen=None synced_height_rejected=None faulted=0
06:08:49 [native-log-bridge] DashSdkNative - 09-19 01:08:31.446  4514  5637 I DashSDK : platform_wallet::changeset::core_bridge: wallet-event batch: folded=1 wallets=1 synced_height_persisted=Some(315999) synced_height_frozen=None synced_height_rejected=None faulted=0
06:08:49 [native-log-bridge] DashSdkNative - 09-19 01:08:32.024  4514  5637 I DashSDK : platform_wallet::changeset::core_bridge: wallet-event batch: folded=1 wallets=1 synced_height_persisted=Some(320999) synced_height_frozen=None synced_height_rejected=None faulted=0
06:08:49 [native-log-bridge] DashSdkNative - 09-19 01:08:32.448  4514  5640 I DashSDK : platform_wallet::changeset::core_bridge: wallet-event batch: folded=1 wallets=1 synced_height_persisted=Some(325999) synced_height_frozen=None synced_height_rejected=None faulted=0
06:08:49 [native-log-bridge] DashSdkNative - 09-19 01:08:33.105  4514  5638 I DashSDK : platform_wallet::changeset::core_bridge: wallet-event batch: folded=1 wallets=1 synced_height_persisted=Some(330999) synced_height_frozen=None synced_height_rejected=None faulted=0
06:08:49 [native-log-bridge] DashSdkNative - 09-19 01:08:33.551  4514  5640 I DashSDK : platform_wallet::changeset::core_bridge: wallet-event batch: folded=1 wallets=1 synced_height_persisted=Some(335999) synced_height_frozen=None synced_height_rejected=None faulted=0
06:08:49 [native-log-bridge] DashSdkNative - 09-19 01:08:34.116  4514  5639 I DashSDK : platform_wallet::changeset::core_bridge: wallet-event batch: folded=1 wallets=1 synced_height_persisted=Some(340999) synced_height_frozen=None synced_height_rejected=None faulted=0
06:08:49 [native-log-bridge] DashSdkNative - 09-19 01:08:34.848  4514  5639 I DashSDK : platform_wallet::changeset::core_bridge: wallet-event batch: folded=1 wallets=1 synced_height_persisted=Some(345999) synced_height_frozen=None synced_height_rejected=None faulted=0
06:08:49 [native-log-bridge] DashSdkNative - 09-19 01:08:35.368  4514  5639 I DashSDK : platform_wallet::changeset::core_bridge: wallet-event batch: folded=1 wallets=1 synced_height_persisted=Some(350999) synced_height_frozen=None synced_height_rejected=None faulted=0
06:08:49 [native-log-bridge] DashSdkNative - 09-19 01:08:35.693  4514  5638 I DashSDK : platform_wallet::changeset::core_bridge: wallet-event batch: folded=1 wallets=1 synced_height_persisted=Some(355999) synced_height_frozen=None synced_height_rejected=None faulted=0
06:08:49 [native-log-bridge] DashSdkNative - 09-19 01:08:36.004  4514  5640 I DashSDK : platform_wallet::changeset::core_bridge: wallet-event batch: folded=1 wallets=1 synced_height_persisted=Some(360999) synced_height_frozen=None synced_height_rejected=None faulted=0
06:08:49 [native-log-bridge] DashSdkNative - 09-19 01:08:36.649  4514  5638 I DashSDK : platform_wallet::changeset::core_bridge: wallet-event batch: folded=1 wallets=1 synced_height_persisted=Some(365999) synced_height_frozen=None synced_height_rejected=None faulted=0
06:08:49 [native-log-bridge] DashSdkNative - 09-19 01:08:36.657  4514  5639 I DashSDK : platform_wallet::changeset::core_bridge: wallet-event batch: folded=1 wallets=1 synced_height_persisted=Some(370999) synced_height_frozen=None synced_height_rejected=None faulted=0
06:08:49 [native-log-bridge] DashSdkNative - 09-19 01:08:36.979  4514  5640 I DashSDK : platform_wallet::changeset::core_bridge: wallet-event batch: folded=1 wallets=1 synced_height_persisted=Some(375999) synced_height_frozen=None synced_height_rejected=None faulted=0
06:08:49 [native-log-bridge] DashSdkNative - 09-19 01:08:37.255  4514  5639 I DashSDK : platform_wallet::changeset::core_bridge: wallet-event batch: folded=1 wallets=1 synced_height_persisted=Some(380999) synced_height_frozen=None synced_height_rejected=None faulted=0
06:08:49 [native-log-bridge] DashSdkNative - 09-19 01:08:37.556  4514  5637 I DashSDK : platform_wallet::changeset::core_bridge: wallet-event batch: folded=1 wallets=1 synced_height_persisted=Some(385999) synced_height_frozen=None synced_height_rejected=None faulted=0
06:08:49 [native-log-bridge] DashSdkNative - 09-19 01:08:37.923  4514  5640 I DashSDK : platform_wallet::changeset::core_bridge: wallet-event batch: folded=1 wallets=1 synced_height_persisted=Some(390999) synced_height_frozen=None synced_height_rejected=None faulted=0
06:08:49 [native-log-bridge] DashSdkNative - 09-19 01:08:38.133  4514  5638 I DashSDK : platform_wallet::changeset::core_bridge: wallet-event batch: folded=1 wallets=1 synced_height_persisted=Some(395999) synced_height_frozen=None synced_height_rejected=None faulted=0
06:08:49 [native-log-bridge] DashSdkNative - 09-19 01:08:38.408  4514  5638 I DashSDK : platform_wallet::changeset::core_bridge: wallet-event batch: folded=1 wallets=1 synced_height_persisted=Some(400999) synced_height_frozen=None synced_height_rejected=None faulted=0
06:08:49 [native-log-bridge] DashSdkNative - 09-19 01:08:38.605  4514  5638 I DashSDK : platform_wallet::changeset::core_bridge: wallet-event batch: folded=1 wallets=1 synced_height_persisted=Some(405999) synced_height_frozen=None synced_height_rejected=None faulted=0
06:08:49 [native-log-bridge] DashSdkNative - 09-19 01:08:38.841  4514  5640 I DashSDK : platform_wallet::changeset::core_bridge: wallet-event batch: folded=1 wallets=1 synced_height_persisted=Some(410999) synced_height_frozen=None synced_height_rejected=None faulted=0
06:08:49 [native-log-bridge] DashSdkNative - 09-19 01:08:39.049  4514  5637 I DashSDK : platform_wallet::changeset::core_bridge: wallet-event batch: folded=1 wallets=1 synced_height_persisted=Some(415999) synced_height_frozen=None synced_height_rejected=None faulted=0
06:08:49 [native-log-bridge] DashSdkNative - 09-19 01:08:39.282  4514  5638 I DashSDK : platform_wallet::changeset::core_bridge: wallet-event batch: folded=1 wallets=1 synced_height_persisted=Some(420999) synced_height_frozen=None synced_height_rejected=None faulted=0
06:08:49 [native-log-bridge] DashSdkNative - 09-19 01:08:39.494  4514  5639 I DashSDK : platform_wallet::changeset::core_bridge: wallet-event batch: folded=1 wallets=1 synced_height_persisted=Some(425999) synced_height_frozen=None synced_height_rejected=None faulted=0
06:08:49 [native-log-bridge] DashSdkNative - 09-19 01:08:39.661  4514  5640 I DashSDK : platform_wallet::changeset::core_bridge: wallet-event batch: folded=1 wallets=1 synced_height_persisted=Some(430999) synced_height_frozen=None synced_height_rejected=None faulted=0
06:08:49 [native-log-bridge] DashSdkNative - 09-19 01:08:39.883  4514  5638 I DashSDK : platform_wallet::changeset::core_bridge: wallet-event batch: folded=1 wallets=1 synced_height_persisted=Some(435999) synced_height_frozen=None synced_height_rejected=None faulted=0
06:08:49 [native-log-bridge] DashSdkNative - 09-19 01:08:40.102  4514  5637 I DashSDK : platform_wallet::changeset::core_bridge: wallet-event batch: folded=1 wallets=1 synced_height_persisted=Some(440999) synced_height_frozen=None synced_height_rejected=None faulted=0
06:08:49 [native-log-bridge] DashSdkNative - 09-19 01:08:40.358  4514  5637 I DashSDK : platform_wallet::changeset::core_bridge: wallet-event batch: folded=1 wallets=1 synced_height_persisted=Some(445999) synced_height_frozen=None synced_height_rejected=None faulted=0
06:08:49 [native-log-bridge] DashSdkNative - 09-19 01:08:40.612  4514  5639 I DashSDK : platform_wallet::changeset::core_bridge: wallet-event batch: folded=1 wallets=1 synced_height_persisted=Some(450999) synced_height_frozen=None synced_height_rejected=None faulted=0
06:08:49 [native-log-bridge] DashSdkNative - 09-19 01:08:40.960  4514  5640 I DashSDK : platform_wallet::changeset::core_bridge: wallet-event batch: folded=1 wallets=1 synced_height_persisted=Some(455999) synced_height_frozen=None synced_height_rejected=None faulted=0
06:08:49 [native-log-bridge] DashSdkNative - 09-19 01:08:41.233  4514  5639 I DashSDK : platform_wallet::changeset::core_bridge: wallet-event batch: folded=1 wallets=1 synced_height_persisted=Some(460999) synced_height_frozen=None synced_height_rejected=None faulted=0
06:08:49 [native-log-bridge] DashSdkNative - 09-19 01:08:41.612  4514  5639 I DashSDK : platform_wallet::changeset::core_bridge: wallet-event batch: folded=1 wallets=1 synced_height_persisted=Some(465999) synced_height_frozen=None synced_height_rejected=None faulted=0
06:08:49 [native-log-bridge] DashSdkNative - 09-19 01:08:41.946  4514  5637 I DashSDK : platform_wallet::changeset::core_bridge: wallet-event batch: folded=1 wallets=1 synced_height_persisted=Some(470999) synced_height_frozen=None synced_height_rejected=None faulted=0
06:08:49 [native-log-bridge] DashSdkNative - 09-19 01:08:42.233  4514  5637 I DashSDK : platform_wallet::changeset::core_bridge: wallet-event batch: folded=1 wallets=1 synced_height_persisted=Some(475999) synced_height_frozen=None synced_height_rejected=None faulted=0
06:08:49 [native-log-bridge] DashSdkNative - 09-19 01:08:42.517  4514  5637 I DashSDK : platform_wallet::changeset::core_bridge: wallet-event batch: folded=1 wallets=1 synced_height_persisted=Some(480999) synced_height_frozen=None synced_height_rejected=None faulted=0
06:08:49 [native-log-bridge] DashSdkNative - 09-19 01:08:42.726  4514  5639 I DashSDK : platform_wallet::changeset::core_bridge: wallet-event batch: folded=1 wallets=1 synced_height_persisted=Some(485999) synced_height_frozen=None synced_height_rejected=None faulted=0
06:08:49 [native-log-bridge] DashSdkNative - 09-19 01:08:42.951  4514  5639 I DashSDK : platform_wallet::changeset::core_bridge: wallet-event batch: folded=1 wallets=1 synced_height_persisted=Some(490999) synced_height_frozen=None synced_height_rejected=None faulted=0
06:08:49 [native-log-bridge] DashSdkNative - 09-19 01:08:43.153  4514  5638 I DashSDK : platform_wallet::changeset::core_bridge: wallet-event batch: folded=1 wallets=1 synced_height_persisted=Some(495999) synced_height_frozen=None synced_height_rejected=None faulted=0
06:08:49 [native-log-bridge] DashSdkNative - 09-19 01:08:43.310  4514  5638 I DashSDK : platform_wallet::changeset::core_bridge: wallet-event batch: folded=1 wallets=1 synced_height_persisted=Some(500999) synced_height_frozen=None synced_height_rejected=None faulted=0
06:08:49 [native-log-bridge] DashSdkNative - 09-19 01:08:43.532  4514  5637 I DashSDK : platform_wallet::changeset::core_bridge: wallet-event batch: folded=1 wallets=1 synced_height_persisted=Some(505999) synced_height_frozen=None synced_height_rejected=None faulted=0
06:08:49 [native-log-bridge] DashSdkNative - 09-19 01:08:43.786  4514  5637 I DashSDK : platform_wallet::changeset::core_bridge: wallet-event batch: folded=1 wallets=1 synced_height_persisted=Some(510999) synced_height_frozen=None synced_height_rejected=None faulted=0
06:08:49 [native-log-bridge] DashSdkNative - 09-19 01:08:44.043  4514  5637 I DashSDK : platform_wallet::changeset::core_bridge: wallet-event batch: folded=1 wallets=1 synced_height_persisted=Some(515999) synced_height_frozen=None synced_height_rejected=None faulted=0
06:08:49 [native-log-bridge] DashSdkNative - 09-19 01:08:44.260  4514  5639 I DashSDK : platform_wallet::changeset::core_bridge: wallet-event batch: folded=1 wallets=1 synced_height_persisted=Some(520999) synced_height_frozen=None synced_height_rejected=None faulted=0
06:08:49 [native-log-bridge] DashSdkNative - 09-19 01:08:44.625  4514  5640 I DashSDK : platform_wallet::changeset::core_bridge: wallet-event batch: folded=1 wallets=1 synced_height_persisted=Some(525999) synced_height_frozen=None synced_height_rejected=None faulted=0
06:08:49 [native-log-bridge] DashSdkNative - 09-19 01:08:44.973  4514  5638 I DashSDK : platform_wallet::changeset::core_bridge: wallet-event batch: folded=1 wallets=1 synced_height_persisted=Some(530999) synced_height_frozen=None synced_height_rejected=None faulted=0
06:08:49 [native-log-bridge] DashSdkNative - 09-19 01:08:45.295  4514  5640 I DashSDK : platform_wallet::changeset::core_bridge: wallet-event batch: folded=1 wallets=1 synced_height_persisted=Some(535999) synced_height_frozen=None synced_height_rejected=None faulted=0
06:08:49 [native-log-bridge] DashSdkNative - 09-19 01:08:45.734  4514  5640 I DashSDK : platform_wallet::changeset::core_bridge: wallet-event batch: folded=1 wallets=1 synced_height_persisted=Some(540999) synced_height_frozen=None synced_height_rejected=None faulted=0
06:08:49 [native-log-bridge] DashSdkNative - 09-19 01:08:46.106  4514  5637 I DashSDK : platform_wallet::changeset::core_bridge: wallet-event batch: folded=1 wallets=1 synced_height_persisted=Some(545999) synced_height_frozen=None synced_height_rejected=None faulted=0
06:08:49 [native-log-bridge] DashSdkNative - 09-19 01:08:46.485  4514  5637 I DashSDK : platform_wallet::changeset::core_bridge: wallet-event batch: folded=1 wallets=1 synced_height_persisted=Some(550999) synced_height_frozen=None synced_height_rejected=None faulted=0
06:08:49 [native-log-bridge] DashSdkNative - 09-19 01:08:46.840  4514  5637 I DashSDK : platform_wallet::changeset::core_bridge: wallet-event batch: folded=1 wallets=1 synced_height_persisted=Some(555999) synced_height_frozen=None synced_height_rejected=None faulted=0
06:08:49 [native-log-bridge] DashSdkNative - 09-19 01:08:47.082  4514  5637 I DashSDK : platform_wallet::changeset::core_bridge: wallet-event batch: folded=1 wallets=1 synced_height_persisted=Some(560999) synced_height_frozen=None synced_height_rejected=None faulted=0
06:08:49 [native-log-bridge] DashSdkNative - 09-19 01:08:47.334  4514  5640 I DashSDK : platform_wallet::changeset::core_bridge: wallet-event batch: folded=1 wallets=1 synced_height_persisted=Some(565999) synced_height_frozen=None synced_height_rejected=None faulted=0
06:08:49 [native-log-bridge] DashSdkNative - 09-19 01:08:47.632  4514  5637 I DashSDK : platform_wallet::changeset::core_bridge: wallet-event batch: folded=1 wallets=1 synced_height_persisted=Some(570999) synced_height_frozen=None synced_height_rejected=None faulted=0
06:08:49 [native-log-bridge] DashSdkNative - 09-19 01:08:47.867  4514  5639 I DashSDK : platform_wallet::changeset::core_bridge: wallet-event batch: folded=1 wallets=1 synced_height_persisted=Some(575999) synced_height_frozen=None synced_height_rejected=None faulted=0
06:08:49 [native-log-bridge] DashSdkNative - 09-19 01:08:48.043  4514  5639 I DashSDK : platform_wallet::changeset::core_bridge: wallet-event batch: folded=1 wallets=1 synced_height_persisted=Some(580999) synced_height_frozen=None synced_height_rejected=None faulted=0
06:08:49 [native-log-bridge] DashSdkNative - 09-19 01:08:48.231  4514  5637 I DashSDK : platform_wallet::changeset::core_bridge: wallet-event batch: folded=1 wallets=1 synced_height_persisted=Some(585999) synced_height_frozen=None synced_height_rejected=None faulted=0
06:08:49 [native-log-bridge] DashSdkNative - 09-19 01:08:48.422  4514  5640 I DashSDK : platform_wallet::changeset::core_bridge: wallet-event batch: folded=1 wallets=1 synced_height_persisted=Some(590999) synced_height_frozen=None synced_height_rejected=None faulted=0
06:08:49 [native-log-bridge] DashSdkNative - 09-19 01:08:48.656  4514  5639 I DashSDK : platform_wallet::changeset::core_bridge: wallet-event batch: folded=1 wallets=1 synced_height_persisted=Some(595999) synced_height_frozen=None synced_height_rejected=None faulted=0
06:08:49 [native-log-bridge] DashSdkNative - 09-19 01:08:48.905  4514  5640 I DashSDK : platform_wallet::changeset::core_bridge: wallet-event batch: folded=1 wallets=1 synced_height_persisted=Some(600999) synced_height_frozen=None synced_height_rejected=None faulted=0
06:08:49 [native-log-bridge] DashSdkNative - 09-19 01:08:49.104  4514  5639 I DashSDK : platform_wallet::changeset::core_bridge: wallet-event batch: folded=1 wallets=1 synced_height_persisted=Some(605999) synced_height_frozen=None synced_height_rejected=None faulted=0
06:08:49 [DefaultDispatcher-worker-9] BlockchainServiceImpl - network capabilities changed: 100, hasInternet: true, validated: true
06:08:49 [DefaultDispatcher-worker-9] BlockchainServiceImpl - acquiring check() mutex
06:08:49 [DefaultDispatcher-worker-9] BlockchainServiceImpl - check()
06:08:49 [DefaultDispatcher-worker-9] BlockchainServiceImpl - cutover committed — holding the dashj L1 engine; SDK owns L1 this launch
06:08:49 [DefaultDispatcher-worker-9] BlockchainServiceImpl - releasing check() mutex
06:08:51 [main] DashPaymentIntentParser - network parameters = org.darkcoin.test
06:09:00 [main] BlockchainServiceImpl - MEM pss=435MB nativeHeap=359/423MB jvm=21/576MB
06:09:00 [main] BlockchainServiceImpl - History of transactions/blocks/headers/mnlistdiff (sdk): 0/630000/2000/1556575
06:09:00 [main] BlockchainServiceImpl - replay in progress on the SDK path — acquiring the wake lock
06:09:10 [DefaultDispatcher-worker-11] BlockchainServiceImpl - network capabilities changed: 100, hasInternet: true, validated: true
06:09:10 [DefaultDispatcher-worker-11] BlockchainServiceImpl - acquiring check() mutex
06:09:10 [DefaultDispatcher-worker-11] BlockchainServiceImpl - check()
06:09:10 [DefaultDispatcher-worker-11] BlockchainServiceImpl - cutover committed — holding the dashj L1 engine; SDK owns L1 this launch
06:09:10 [DefaultDispatcher-worker-11] BlockchainServiceImpl - releasing check() mutex
06:09:11 [DefaultDispatcher-worker-9] L1ShadowSyncService - L1Shadow phase=FILTERS 87.2% headers 1556575/1556575 filters 960999/1556575 wallet 960999
06:09:11 [DefaultDispatcher-worker-9] L1ShadowSyncService - ReplayMemTelemetry phase=FILTERS nativeHeapAllocated=419936832 nativeHeapSize=480440320 jvmUsed=23152736 jvmMax=603979776 headers 1556575/1556575 filters 960999 wallet 960999
06:09:11 [main] WalletActivityTracker - activity lifecycle: current: MainActivity, activities: 1 visible: 1 foreground: 0
06:09:12 [main] WalletActivityTracker - activity lifecycle: activity SendCoinsActivity created
06:09:12 [main] WalletActivityTracker - activity lifecycle: current: SendCoinsActivity, activities: 2 visible: 1 foreground: 0
06:09:12 [main] SecurityGuard - loading security guard [healthy=true] with keys: [keystore_healthy, fallback_pin_wallet_password_key, primary_ui_pin_key, modern_encryption_migration_complete, fallback_mnemonic_wallet_password_key, primary_wallet_password_key, fallback_mnemonic_ui_pin_key]
06:09:12 [main] SecurityGuard - loading security guard [healthy=true] with keys: [keystore_healthy, fallback_pin_wallet_password_key, primary_ui_pin_key, modern_encryption_migration_complete, fallback_mnemonic_wallet_password_key, primary_wallet_password_key, fallback_mnemonic_ui_pin_key]
06:09:12 [main] ModernEncryptionProvider - Decrypted data for alias: wallet_password_key
06:09:12 [main] ModernEncryptionProvider - Decrypted data for alias: ui_pin_key
06:09:12 [main] WalletActivityTracker - activity lifecycle: current: SendCoinsActivity, activities: 2 visible: 2 foreground: 0
06:09:12 [main] DashPaymentIntentParser - network parameters = org.darkcoin.test
06:09:12 [DefaultDispatcher-worker-13] BLSJniLibrary - Initializing BLS JNI Library
06:09:12 [main] SendCoinsViewModel - got PaymentIntent[null,[Output[null,Xow6Joakj1BCMcmTW96d7frsJefZwjnZCV]],null]
06:09:12 [DefaultDispatcher-worker-13] WalletBalanceObserver - process emit balance time: 5 ms, selector MaxOutputAmountCoinSelector
06:09:12 [DefaultDispatcher-worker-12] Constants - --> GET https://rates.ctx.com/rates?source=ctx
06:09:12 [main] AmountView - Exchange rate is not initialized
06:09:12 [main] AmountView - Exchange rate is not initialized
06:09:12 [main] SendCoinsFragment - enterAmountViewModel.blockContinue = true, viewModel.dryRunSuccessful.value = false
06:09:12 [main] SendCoinsFragment - enterAmountViewModel.blockContinue = true, viewModel.dryRunSuccessful.value = false
06:09:12 [main] SecurityGuard - loading security guard [healthy=true] with keys: [keystore_healthy, fallback_pin_wallet_password_key, primary_ui_pin_key, modern_encryption_migration_complete, fallback_mnemonic_wallet_password_key, primary_wallet_password_key, fallback_mnemonic_ui_pin_key]
06:09:12 [main] SecurityGuard - loading security guard [healthy=true] with keys: [keystore_healthy, fallback_pin_wallet_password_key, primary_ui_pin_key, modern_encryption_migration_complete, fallback_mnemonic_wallet_password_key, primary_wallet_password_key, fallback_mnemonic_ui_pin_key]
06:09:12 [main] LockScreenActivity - show lock screen false = ![keepUnlocked=false] && autologout=true && (keepUnlockedUntilPenEntered=false || shouldLogout=false) || isHealthy=true
06:09:12 [main] WalletActivityTracker - activity lifecycle: current: SendCoinsActivity, activities: 2 visible: 2 foreground: 1
06:09:12 [DefaultDispatcher-worker-12] Constants - <-- 200 https://rates.ctx.com/rates?source=ctx (120ms, unknown-length body)
06:09:12 [main] SendCoinsFragment - enterAmountViewModel.blockContinue = true, viewModel.dryRunSuccessful.value = false
06:09:12 [main] BlockchainServiceImpl - .onStartCommand(Intent { cmp=hashengineering.darkcoin.wallet_test/de.schildbach.wallet.service.BlockchainServiceImpl })
06:09:12 [DefaultDispatcher-worker-5] BlockchainServiceImpl - onStartCommand waiting for onCreate to complete...
06:09:12 [DefaultDispatcher-worker-5] BlockchainServiceImpl - onCreate completed, processing onStartCommand
06:09:12 [DefaultDispatcher-worker-5] BLSJniLibrary - Initializing BLS JNI Library
06:09:12 [DefaultDispatcher-worker-5] BlockchainServiceImpl - service start command: Intent { cmp=hashengineering.darkcoin.wallet_test/de.schildbach.wallet.service.BlockchainServiceImpl }
06:09:12 [DefaultDispatcher-worker-5] BlockchainServiceImpl - .onStartCommand(Intent { cmp=hashengineering.darkcoin.wallet_test/de.schildbach.wallet.service.BlockchainServiceImpl }) finished
06:09:12 [main] SendCoinsViewModel - proceeding with PaymentIntent[null,[Output[null,Xow6Joakj1BCMcmTW96d7frsJefZwjnZCV]],null]
06:09:12 [main] SendCoinsFragment - enterAmountViewModel.blockContinue = true, viewModel.dryRunSuccessful.value = false
06:09:12 [DefaultDispatcher-worker-11] ExchangeRatesRepository - exchange rates updated successfully with de.schildbach.wallet.rates.DashRetailClient@adcd44c
06:09:12 [main] BlockchainServiceImpl - .onStartCommand(Intent { cmp=hashengineering.darkcoin.wallet_test/de.schildbach.wallet.service.BlockchainServiceImpl })
06:09:12 [DefaultDispatcher-worker-12] BlockchainServiceImpl - onStartCommand waiting for onCreate to complete...
06:09:12 [DefaultDispatcher-worker-12] BlockchainServiceImpl - onCreate completed, processing onStartCommand
06:09:12 [DefaultDispatcher-worker-12] BLSJniLibrary - Initializing BLS JNI Library
06:09:12 [DefaultDispatcher-worker-12] BlockchainServiceImpl - service start command: Intent { cmp=hashengineering.darkcoin.wallet_test/de.schildbach.wallet.service.BlockchainServiceImpl }
06:09:12 [DefaultDispatcher-worker-12] BlockchainServiceImpl - .onStartCommand(Intent { cmp=hashengineering.darkcoin.wallet_test/de.schildbach.wallet.service.BlockchainServiceImpl }) finished
06:09:12 [main] SendCoinsFragment - enterAmountViewModel.blockContinue = true, viewModel.dryRunSuccessful.value = false
06:09:12 [DefaultDispatcher-worker-5] ExchangeRatesRepository - updateTrigger
06:09:12 [main] WalletActivityTracker - activity lifecycle: current: MainActivity, activities: 2 visible: 1 foreground: 1
06:09:12 [main] SendCoinsFragment - enterAmountViewModel.blockContinue = true, viewModel.dryRunSuccessful.value = false
06:09:12 [main] SendCoinsFragment - enterAmountViewModel.blockContinue = true, viewModel.dryRunSuccessful.value = false
06:09:13 [main] SendCoinsFragment - enterAmountViewModel.blockContinue = true, viewModel.dryRunSuccessful.value = false
06:09:13 [DefaultDispatcher-worker-1] BlockchainServiceImpl - network capabilities changed: 100, hasInternet: true, validated: true
06:09:13 [DefaultDispatcher-worker-1] BlockchainServiceImpl - acquiring check() mutex
06:09:13 [DefaultDispatcher-worker-1] BlockchainServiceImpl - check()
06:09:13 [DefaultDispatcher-worker-1] BlockchainServiceImpl - cutover committed — holding the dashj L1 engine; SDK owns L1 this launch
06:09:13 [DefaultDispatcher-worker-1] BlockchainServiceImpl - releasing check() mutex
06:09:13 [main] SendCoinsFragment - enterAmountViewModel.blockContinue = true, viewModel.dryRunSuccessful.value = false
06:09:14 [main] SendCoinsFragment - enterAmountViewModel.blockContinue = true, viewModel.dryRunSuccessful.value = false
06:09:15 [main] SendCoinsFragment - enterAmountViewModel.blockContinue = true, viewModel.dryRunSuccessful.value = false
06:09:17 [main] SendCoinsFragment - enterAmountViewModel.blockContinue = true, viewModel.dryRunSuccessful.value = false
06:09:18 [main] SendCoinsFragment - enterAmountViewModel.blockContinue = true, viewModel.dryRunSuccessful.value = false
06:09:19 [native-log-bridge] DashSdkNative - 09-19 01:08:49.326  4514  5640 I DashSDK : platform_wallet::changeset::core_bridge: wallet-event batch: folded=1 wallets=1 synced_height_persisted=Some(610999) synced_height_frozen=None synced_height_rejected=None faulted=0
06:09:19 [native-log-bridge] DashSdkNative - 09-19 01:08:49.590  4514  5639 I DashSDK : platform_wallet::changeset::core_bridge: wallet-event batch: folded=1 wallets=1 synced_height_persisted=Some(615999) synced_height_frozen=None synced_height_rejected=None faulted=0
06:09:19 [native-log-bridge] DashSdkNative - 09-19 01:08:49.972  4514  5640 I DashSDK : platform_wallet::changeset::core_bridge: wallet-event batch: folded=1 wallets=1 synced_height_persisted=Some(620999) synced_height_frozen=None synced_height_rejected=None faulted=0
06:09:19 [native-log-bridge] DashSdkNative - 09-19 01:08:50.322  4514  5638 I DashSDK : platform_wallet::changeset::core_bridge: wallet-event batch: folded=1 wallets=1 synced_height_persisted=Some(625999) synced_height_frozen=None synced_height_rejected=None faulted=0
06:09:19 [native-log-bridge] DashSdkNative - 09-19 01:08:50.570  4514  5639 I DashSDK : platform_wallet::changeset::core_bridge: wallet-event batch: folded=1 wallets=1 synced_height_persisted=Some(630999) synced_height_frozen=None synced_height_rejected=None faulted=0
06:09:19 [native-log-bridge] DashSdkNative - 09-19 01:08:50.752  4514  5639 I DashSDK : platform_wallet::changeset::core_bridge: wallet-event batch: folded=1 wallets=1 synced_height_persisted=Some(635999) synced_height_frozen=None synced_height_rejected=None faulted=0
06:09:19 [native-log-bridge] DashSdkNative - 09-19 01:08:51.008  4514  5638 I DashSDK : platform_wallet::changeset::core_bridge: wallet-event batch: folded=1 wallets=1 synced_height_persisted=Some(640999) synced_height_frozen=None synced_height_rejected=None faulted=0
06:09:19 [native-log-bridge] DashSdkNative - 09-19 01:08:51.253  4514  5640 I DashSDK : platform_wallet::changeset::core_bridge: wallet-event batch: folded=1 wallets=1 synced_height_persisted=Some(645999) synced_height_frozen=None synced_height_rejected=None faulted=0
06:09:19 [native-log-bridge] DashSdkNative - 09-19 01:08:51.421  4514  5637 I DashSDK : platform_wallet::changeset::core_bridge: wallet-event batch: folded=1 wallets=1 synced_height_persisted=Some(650999) synced_height_frozen=None synced_height_rejected=None faulted=0
06:09:19 [native-log-bridge] DashSdkNative - 09-19 01:08:51.644  4514  5638 I DashSDK : platform_wallet::changeset::core_bridge: wallet-event batch: folded=1 wallets=1 synced_height_persisted=Some(655999) synced_height_frozen=None synced_height_rejected=None faulted=0
06:09:19 [native-log-bridge] DashSdkNative - 09-19 01:08:51.950  4514  5640 I DashSDK : platform_wallet::changeset::core_bridge: wallet-event batch: folded=1 wallets=1 synced_height_persisted=Some(660999) synced_height_frozen=None synced_height_rejected=None faulted=0
06:09:19 [native-log-bridge] DashSdkNative - 09-19 01:08:52.710  4514  5638 I DashSDK : platform_wallet::changeset::core_bridge: wallet-event batch: folded=1 wallets=1 synced_height_persisted=Some(665999) synced_height_frozen=None synced_height_rejected=None faulted=0
06:09:19 [native-log-bridge] DashSdkNative - 09-19 01:08:53.249  4514  5640 I DashSDK : platform_wallet::changeset::core_bridge: wallet-event batch: folded=1 wallets=1 synced_height_persisted=Some(670999) synced_height_frozen=None synced_height_rejected=None faulted=0
06:09:19 [native-log-bridge] DashSdkNative - 09-19 01:08:53.639  4514  5639 I DashSDK : platform_wallet::changeset::core_bridge: wallet-event batch: folded=1 wallets=1 synced_height_persisted=Some(675999) synced_height_frozen=None synced_height_rejected=None faulted=0
06:09:19 [native-log-bridge] DashSdkNative - 09-19 01:08:53.989  4514  5638 I DashSDK : platform_wallet::changeset::core_bridge: wallet-event batch: folded=1 wallets=1 synced_height_persisted=Some(680999) synced_height_frozen=None synced_height_rejected=None faulted=0
06:09:19 [native-log-bridge] DashSdkNative - 09-19 01:08:54.223  4514  5638 I DashSDK : platform_wallet::changeset::core_bridge: wallet-event batch: folded=1 wallets=1 synced_height_persisted=Some(685999) synced_height_frozen=None synced_height_rejected=None faulted=0
06:09:19 [native-log-bridge] DashSdkNative - 09-19 01:08:54.439  4514  5640 I DashSDK : platform_wallet::changeset::core_bridge: wallet-event batch: folded=1 wallets=1 synced_height_persisted=Some(690999) synced_height_frozen=None synced_height_rejected=None faulted=0
06:09:19 [native-log-bridge] DashSdkNative - 09-19 01:08:54.657  4514  5638 I DashSDK : platform_wallet::changeset::core_bridge: wallet-event batch: folded=1 wallets=1 synced_height_persisted=Some(695999) synced_height_frozen=None synced_height_rejected=None faulted=0
06:09:19 [native-log-bridge] DashSdkNative - 09-19 01:08:55.109  4514  5638 I DashSDK : platform_wallet::changeset::core_bridge: wallet-event batch: folded=1 wallets=1 synced_height_persisted=Some(700999) synced_height_frozen=None synced_height_rejected=None faulted=0
06:09:19 [native-log-bridge] DashSdkNative - 09-19 01:08:55.516  4514  5639 I DashSDK : platform_wallet::changeset::core_bridge: wallet-event batch: folded=1 wallets=1 synced_height_persisted=Some(705999) synced_height_frozen=None synced_height_rejected=None faulted=0
06:09:19 [native-log-bridge] DashSdkNative - 09-19 01:08:55.801  4514  5639 I DashSDK : platform_wallet::changeset::core_bridge: wallet-event batch: folded=1 wallets=1 synced_height_persisted=Some(710999) synced_height_frozen=None synced_height_rejected=None faulted=0
06:09:19 [native-log-bridge] DashSdkNative - 09-19 01:08:56.089  4514  5639 I DashSDK : platform_wallet::changeset::core_bridge: wallet-event batch: folded=1 wallets=1 synced_height_persisted=Some(715999) synced_height_frozen=None synced_height_rejected=None faulted=0
06:09:19 [native-log-bridge] DashSdkNative - 09-19 01:08:56.437  4514  5638 I DashSDK : platform_wallet::changeset::core_bridge: wallet-event batch: folded=1 wallets=1 synced_height_persisted=Some(720999) synced_height_frozen=None synced_height_rejected=None faulted=0
06:09:19 [native-log-bridge] DashSdkNative - 09-19 01:08:56.813  4514  5639 I DashSDK : platform_wallet::changeset::core_bridge: wallet-event batch: folded=1 wallets=1 synced_height_persisted=Some(725999) synced_height_frozen=None synced_height_rejected=None faulted=0
06:09:19 [native-log-bridge] DashSdkNative - 09-19 01:08:56.816  4514  5638 I DashSDK : platform_wallet::changeset::core_bridge: wallet-event batch: folded=1 wallets=1 synced_height_persisted=Some(730999) synced_height_frozen=None synced_height_rejected=None faulted=0
06:09:19 [native-log-bridge] DashSdkNative - 09-19 01:08:57.004  4514  5639 I DashSDK : platform_wallet::changeset::core_bridge: wallet-event batch: folded=1 wallets=1 synced_height_persisted=Some(735999) synced_height_frozen=None synced_height_rejected=None faulted=0
06:09:19 [native-log-bridge] DashSdkNative - 09-19 01:08:57.330  4514  5638 I DashSDK : platform_wallet::changeset::core_bridge: wallet-event batch: folded=1 wallets=1 synced_height_persisted=Some(740999) synced_height_frozen=None synced_height_rejected=None faulted=0
06:09:19 [native-log-bridge] DashSdkNative - 09-19 01:08:57.831  4514  5640 I DashSDK : platform_wallet::changeset::core_bridge: wallet-event batch: folded=1 wallets=1 synced_height_persisted=Some(745999) synced_height_frozen=None synced_height_rejected=None faulted=0
06:09:19 [native-log-bridge] DashSdkNative - 09-19 01:08:58.302  4514  5637 I DashSDK : platform_wallet::changeset::core_bridge: wallet-event batch: folded=1 wallets=1 synced_height_persisted=Some(750999) synced_height_frozen=None synced_height_rejected=None faulted=0
06:09:19 [native-log-bridge] DashSdkNative - 09-19 01:08:58.625  4514  5639 I DashSDK : platform_wallet::changeset::core_bridge: wallet-event batch: folded=1 wallets=1 synced_height_persisted=Some(755999) synced_height_frozen=None synced_height_rejected=None faulted=0
06:09:19 [native-log-bridge] DashSdkNative - 09-19 01:08:58.835  4514  5639 I DashSDK : platform_wallet::changeset::core_bridge: wallet-event batch: folded=1 wallets=1 synced_height_persisted=Some(760999) synced_height_frozen=None synced_height_rejected=None faulted=0
06:09:19 [native-log-bridge] DashSdkNative - 09-19 01:08:59.105  4514  5638 I DashSDK : platform_wallet::changeset::core_bridge: wallet-event batch: folded=1 wallets=1 synced_height_persisted=Some(765999) synced_height_frozen=None synced_height_rejected=None faulted=0
06:09:19 [native-log-bridge] DashSdkNative - 09-19 01:08:59.368  4514  5640 I DashSDK : platform_wallet::changeset::core_bridge: wallet-event batch: folded=1 wallets=1 synced_height_persisted=Some(770999) synced_height_frozen=None synced_height_rejected=None faulted=0
06:09:19 [native-log-bridge] DashSdkNative - 09-19 01:08:59.659  4514  5639 I DashSDK : platform_wallet::changeset::core_bridge: wallet-event batch: folded=1 wallets=1 synced_height_persisted=Some(775999) synced_height_frozen=None synced_height_rejected=None faulted=0
06:09:19 [native-log-bridge] DashSdkNative - 09-19 01:08:59.838  4514  5637 I DashSDK : platform_wallet::changeset::core_bridge: wallet-event batch: folded=1 wallets=1 synced_height_persisted=Some(780999) synced_height_frozen=None synced_height_rejected=None faulted=0
06:09:19 [native-log-bridge] DashSdkNative - 09-19 01:09:00.151  4514  5637 I DashSDK : platform_wallet::changeset::core_bridge: wallet-event batch: folded=1 wallets=1 synced_height_persisted=Some(785999) synced_height_frozen=None synced_height_rejected=None faulted=0
06:09:19 [native-log-bridge] DashSdkNative - 09-19 01:09:00.357  4514  5638 I DashSDK : platform_wallet::changeset::core_bridge: wallet-event batch: folded=1 wallets=1 synced_height_persisted=Some(790999) synced_height_frozen=None synced_height_rejected=None faulted=0
06:09:19 [native-log-bridge] DashSdkNative - 09-19 01:09:00.567  4514  5640 I DashSDK : platform_wallet::changeset::core_bridge: wallet-event batch: folded=1 wallets=1 synced_height_persisted=Some(795999) synced_height_frozen=None synced_height_rejected=None faulted=0
06:09:19 [native-log-bridge] DashSdkNative - 09-19 01:09:00.755  4514  5638 I DashSDK : platform_wallet::changeset::core_bridge: wallet-event batch: folded=1 wallets=1 synced_height_persisted=Some(800999) synced_height_frozen=None synced_height_rejected=None faulted=0
06:09:19 [native-log-bridge] DashSdkNative - 09-19 01:09:01.007  4514  5639 I DashSDK : platform_wallet::changeset::core_bridge: wallet-event batch: folded=1 wallets=1 synced_height_persisted=Some(805999) synced_height_frozen=None synced_height_rejected=None faulted=0
06:09:19 [native-log-bridge] DashSdkNative - 09-19 01:09:01.262  4514  5638 I DashSDK : platform_wallet::changeset::core_bridge: wallet-event batch: folded=1 wallets=1 synced_height_persisted=Some(810999) synced_height_frozen=None synced_height_rejected=None faulted=0
06:09:19 [native-log-bridge] DashSdkNative - 09-19 01:09:01.478  4514  5637 I DashSDK : platform_wallet::changeset::core_bridge: wallet-event batch: folded=1 wallets=1 synced_height_persisted=Some(815999) synced_height_frozen=None synced_height_rejected=None faulted=0
06:09:19 [native-log-bridge] DashSdkNative - 09-19 01:09:01.896  4514  5637 I DashSDK : platform_wallet::changeset::core_bridge: wallet-event batch: folded=1 wallets=1 synced_height_persisted=Some(820999) synced_height_frozen=None synced_height_rejected=None faulted=0
06:09:19 [native-log-bridge] DashSdkNative - 09-19 01:09:02.476  4514  5640 I DashSDK : platform_wallet::changeset::core_bridge: wallet-event batch: folded=1 wallets=1 synced_height_persisted=Some(825999) synced_height_frozen=None synced_height_rejected=None faulted=0
06:09:19 [native-log-bridge] DashSdkNative - 09-19 01:09:02.811  4514  5640 I DashSDK : platform_wallet::changeset::core_bridge: wallet-event batch: folded=1 wallets=1 synced_height_persisted=Some(830999) synced_height_frozen=None synced_height_rejected=None faulted=0
06:09:19 [native-log-bridge] DashSdkNative - 09-19 01:09:03.175  4514  5637 I DashSDK : platform_wallet::changeset::core_bridge: wallet-event batch: folded=1 wallets=1 synced_height_persisted=Some(835999) synced_height_frozen=None synced_height_rejected=None faulted=0
06:09:19 [native-log-bridge] DashSdkNative - 09-19 01:09:03.393  4514  5637 I DashSDK : platform_wallet::changeset::core_bridge: wallet-event batch: folded=1 wallets=1 synced_height_persisted=Some(840999) synced_height_frozen=None synced_height_rejected=None faulted=0
06:09:19 [native-log-bridge] DashSdkNative - 09-19 01:09:03.609  4514  5639 I DashSDK : platform_wallet::changeset::core_bridge: wallet-event batch: folded=1 wallets=1 synced_height_persisted=Some(845999) synced_height_frozen=None synced_height_rejected=None faulted=0
06:09:19 [native-log-bridge] DashSdkNative - 09-19 01:09:03.907  4514  5639 I DashSDK : platform_wallet::changeset::core_bridge: wallet-event batch: folded=1 wallets=1 synced_height_persisted=Some(850999) synced_height_frozen=None synced_height_rejected=None faulted=0
06:09:19 [native-log-bridge] DashSdkNative - 09-19 01:09:04.303  4514  5639 I DashSDK : platform_wallet::changeset::core_bridge: wallet-event batch: folded=1 wallets=1 synced_height_persisted=Some(855999) synced_height_frozen=None synced_height_rejected=None faulted=0
06:09:19 [native-log-bridge] DashSdkNative - 09-19 01:09:04.557  4514  5639 I DashSDK : platform_wallet::changeset::core_bridge: wallet-event batch: folded=1 wallets=1 synced_height_persisted=Some(860999) synced_height_frozen=None synced_height_rejected=None faulted=0
06:09:19 [native-log-bridge] DashSdkNative - 09-19 01:09:04.782  4514  5637 I DashSDK : platform_wallet::changeset::core_bridge: wallet-event batch: folded=1 wallets=1 synced_height_persisted=Some(865999) synced_height_frozen=None synced_height_rejected=None faulted=0
06:09:19 [native-log-bridge] DashSdkNative - 09-19 01:09:05.071  4514  5637 I DashSDK : platform_wallet::changeset::core_bridge: wallet-event batch: folded=1 wallets=1 synced_height_persisted=Some(870999) synced_height_frozen=None synced_height_rejected=None faulted=0
06:09:19 [native-log-bridge] DashSdkNative - 09-19 01:09:05.482  4514  5640 I DashSDK : platform_wallet::changeset::core_bridge: wallet-event batch: folded=1 wallets=1 synced_height_persisted=Some(875999) synced_height_frozen=None synced_height_rejected=None faulted=0
06:09:19 [native-log-bridge] DashSdkNative - 09-19 01:09:06.112  4514  5640 I DashSDK : platform_wallet::changeset::core_bridge: wallet-event batch: folded=1 wallets=1 synced_height_persisted=Some(880999) synced_height_frozen=None synced_height_rejected=None faulted=0
06:09:19 [native-log-bridge] DashSdkNative - 09-19 01:09:06.844  4514  5639 I DashSDK : platform_wallet::changeset::core_bridge: wallet-event batch: folded=1 wallets=1 synced_height_persisted=Some(885999) synced_height_frozen=None synced_height_rejected=None faulted=0
06:09:19 [native-log-bridge] DashSdkNative - 09-19 01:09:07.375  4514  5638 I DashSDK : platform_wallet::changeset::core_bridge: wallet-event batch: folded=1 wallets=1 synced_height_persisted=Some(890999) synced_height_frozen=None synced_height_rejected=None faulted=0
06:09:19 [native-log-bridge] DashSdkNative - 09-19 01:09:07.753  4514  5640 I DashSDK : platform_wallet::changeset::core_bridge: wallet-event batch: folded=1 wallets=1 synced_height_persisted=Some(895999) synced_height_frozen=None synced_height_rejected=None faulted=0
06:09:19 [native-log-bridge] DashSdkNative - 09-19 01:09:08.001  4514  5638 I DashSDK : platform_wallet::changeset::core_bridge: wallet-event batch: folded=1 wallets=1 synced_height_persisted=Some(900999) synced_height_frozen=None synced_height_rejected=None faulted=0
06:09:19 [native-log-bridge] DashSdkNative - 09-19 01:09:08.201  4514  5637 I DashSDK : platform_wallet::changeset::core_bridge: wallet-event batch: folded=1 wallets=1 synced_height_persisted=Some(905999) synced_height_frozen=None synced_height_rejected=None faulted=0
06:09:19 [native-log-bridge] DashSdkNative - 09-19 01:09:08.408  4514  5640 I DashSDK : platform_wallet::changeset::core_bridge: wallet-event batch: folded=1 wallets=1 synced_height_persisted=Some(910999) synced_height_frozen=None synced_height_rejected=None faulted=0
06:09:19 [native-log-bridge] DashSdkNative - 09-19 01:09:08.710  4514  5640 I DashSDK : platform_wallet::changeset::core_bridge: wallet-event batch: folded=1 wallets=1 synced_height_persisted=Some(915999) synced_height_frozen=None synced_height_rejected=None faulted=0
06:09:19 [native-log-bridge] DashSdkNative - 09-19 01:09:08.892  4514  5638 I DashSDK : platform_wallet::changeset::core_bridge: wallet-event batch: folded=1 wallets=1 synced_height_persisted=Some(920999) synced_height_frozen=None synced_height_rejected=None faulted=0
06:09:19 [native-log-bridge] DashSdkNative - 09-19 01:09:09.048  4514  5639 I DashSDK : platform_wallet::changeset::core_bridge: wallet-event batch: folded=1 wallets=1 synced_height_persisted=Some(925999) synced_height_frozen=None synced_height_rejected=None faulted=0
06:09:19 [native-log-bridge] DashSdkNative - 09-19 01:09:09.257  4514  5638 I DashSDK : platform_wallet::changeset::core_bridge: wallet-event batch: folded=1 wallets=1 synced_height_persisted=Some(930999) synced_height_frozen=None synced_height_rejected=None faulted=0
06:09:19 [native-log-bridge] DashSdkNative - 09-19 01:09:09.469  4514  5639 I DashSDK : platform_wallet::changeset::core_bridge: wallet-event batch: folded=1 wallets=1 synced_height_persisted=Some(935999) synced_height_frozen=None synced_height_rejected=None faulted=0
06:09:19 [native-log-bridge] DashSdkNative - 09-19 01:09:09.718  4514  5638 I DashSDK : platform_wallet::changeset::core_bridge: wallet-event batch: folded=1 wallets=1 synced_height_persisted=Some(940999) synced_height_frozen=None synced_height_rejected=None faulted=0
06:09:19 [native-log-bridge] DashSdkNative - 09-19 01:09:09.989  4514  5637 I DashSDK : platform_wallet::changeset::core_bridge: wallet-event batch: folded=1 wallets=1 synced_height_persisted=Some(945999) synced_height_frozen=None synced_height_rejected=None faulted=0
06:09:19 [native-log-bridge] DashSdkNative - 09-19 01:09:10.150  4514  5639 I DashSDK : platform_wallet::changeset::core_bridge: wallet-event batch: folded=1 wallets=1 synced_height_persisted=Some(950999) synced_height_frozen=None synced_height_rejected=None faulted=0
06:09:19 [native-log-bridge] DashSdkNative - 09-19 01:09:10.749  4514  5640 I DashSDK : platform_wallet::changeset::core_bridge: wallet-event batch: folded=1 wallets=1 synced_height_persisted=Some(955999) synced_height_frozen=None synced_height_rejected=None faulted=0
06:09:19 [native-log-bridge] DashSdkNative - 09-19 01:09:11.041  4514  5638 I DashSDK : platform_wallet::changeset::core_bridge: wallet-event batch: folded=1 wallets=1 synced_height_persisted=Some(960999) synced_height_frozen=None synced_height_rejected=None faulted=0
06:09:19 [native-log-bridge] DashSdkNative - 09-19 01:09:11.291  4514  5640 I DashSDK : platform_wallet::changeset::core_bridge: wallet-event batch: folded=1 wallets=1 synced_height_persisted=Some(965999) synced_height_frozen=None synced_height_rejected=None faulted=0
06:09:19 [native-log-bridge] DashSdkNative - 09-19 01:09:11.468  4514  5638 I DashSDK : platform_wallet::changeset::core_bridge: wallet-event batch: folded=1 wallets=1 synced_height_persisted=Some(970999) synced_height_frozen=None synced_height_rejected=None faulted=0
06:09:19 [native-log-bridge] DashSdkNative - 09-19 01:09:11.721  4514  5638 I DashSDK : platform_wallet::changeset::core_bridge: wallet-event batch: folded=1 wallets=1 synced_height_persisted=Some(975999) synced_height_frozen=None synced_height_rejected=None faulted=0
06:09:19 [native-log-bridge] DashSdkNative - 09-19 01:09:12.144  4514  5637 I DashSDK : platform_wallet::changeset::core_bridge: wallet-event batch: folded=1 wallets=1 synced_height_persisted=Some(980999) synced_height_frozen=None synced_height_rejected=None faulted=0
06:09:19 [native-log-bridge] DashSdkNative - 09-19 01:09:12.715  4514  5638 I DashSDK : platform_wallet::changeset::core_bridge: wallet-event batch: folded=1 wallets=1 synced_height_persisted=Some(985999) synced_height_frozen=None synced_height_rejected=None faulted=0
06:09:19 [native-log-bridge] DashSdkNative - 09-19 01:09:12.988  4514  5638 I DashSDK : platform_wallet::changeset::core_bridge: wallet-event batch: folded=1 wallets=1 synced_height_persisted=Some(990999) synced_height_frozen=None synced_height_rejected=None faulted=0
06:09:19 [native-log-bridge] DashSdkNative - 09-19 01:09:13.182  4514  5639 I DashSDK : platform_wallet::changeset::core_bridge: wallet-event batch: folded=1 wallets=1 synced_height_persisted=Some(995999) synced_height_frozen=None synced_height_rejected=None faulted=0
06:09:19 [native-log-bridge] DashSdkNative - 09-19 01:09:13.366  4514  5637 I DashSDK : platform_wallet::changeset::core_bridge: wallet-event batch: folded=1 wallets=1 synced_height_persisted=Some(1000999) synced_height_frozen=None synced_height_rejected=None faulted=0
06:09:19 [native-log-bridge] DashSdkNative - 09-19 01:09:13.522  4514  5637 I DashSDK : platform_wallet::changeset::core_bridge: wallet-event batch: folded=1 wallets=1 synced_height_persisted=Some(1005999) synced_height_frozen=None synced_height_rejected=None faulted=0
06:09:19 [native-log-bridge] DashSdkNative - 09-19 01:09:13.712  4514  5638 I DashSDK : platform_wallet::changeset::core_bridge: wallet-event batch: folded=1 wallets=1 synced_height_persisted=Some(1010999) synced_height_frozen=None synced_height_rejected=None faulted=0
06:09:19 [native-log-bridge] DashSdkNative - 09-19 01:09:13.956  4514  5640 I DashSDK : platform_wallet::changeset::core_bridge: wallet-event batch: folded=1 wallets=1 synced_height_persisted=Some(1015999) synced_height_frozen=None synced_height_rejected=None faulted=0
06:09:19 [native-log-bridge] DashSdkNative - 09-19 01:09:14.129  4514  5640 I DashSDK : platform_wallet::changeset::core_bridge: wallet-event batch: folded=1 wallets=1 synced_height_persisted=Some(1020999) synced_height_frozen=None synced_height_rejected=None faulted=0
06:09:19 [native-log-bridge] DashSdkNative - 09-19 01:09:14.379  4514  5640 I DashSDK : platform_wallet::changeset::core_bridge: wallet-event batch: folded=1 wallets=1 synced_height_persisted=Some(1025999) synced_height_frozen=None synced_height_rejected=None faulted=0
06:09:19 [native-log-bridge] DashSdkNative - 09-19 01:09:14.801  4514  5638 I DashSDK : platform_wallet::changeset::core_bridge: wallet-event batch: folded=1 wallets=1 synced_height_persisted=Some(1030999) synced_height_frozen=None synced_height_rejected=None faulted=0
06:09:19 [native-log-bridge] DashSdkNative - 09-19 01:09:16.258  4514  5637 I DashSDK : platform_wallet::changeset::core_bridge: wallet-event batch: folded=1 wallets=1 synced_height_persisted=Some(1035999) synced_height_frozen=None synced_height_rejected=None faulted=0
06:09:19 [native-log-bridge] DashSdkNative - 09-19 01:09:16.533  4514  5639 I DashSDK : platform_wallet::changeset::core_bridge: wallet-event batch: folded=1 wallets=1 synced_height_persisted=Some(1040999) synced_height_frozen=None synced_height_rejected=None faulted=0
06:09:19 [native-log-bridge] DashSdkNative - 09-19 01:09:16.828  4514  5640 I DashSDK : platform_wallet::changeset::core_bridge: wallet-event batch: folded=1 wallets=1 synced_height_persisted=Some(1045999) synced_height_frozen=None synced_height_rejected=None faulted=0
06:09:19 [native-log-bridge] DashSdkNative - 09-19 01:09:17.062  4514  5638 I DashSDK : platform_wallet::changeset::core_bridge: wallet-event batch: folded=1 wallets=1 synced_height_persisted=Some(1050999) synced_height_frozen=None synced_height_rejected=None faulted=0
06:09:19 [native-log-bridge] DashSdkNative - 09-19 01:09:17.381  4514  5638 I DashSDK : platform_wallet::changeset::core_bridge: wallet-event batch: folded=1 wallets=1 synced_height_persisted=Some(1055999) synced_height_frozen=None synced_height_rejected=None faulted=0
06:09:19 [native-log-bridge] DashSdkNative - 09-19 01:09:17.579  4514  5637 I DashSDK : platform_wallet::changeset::core_bridge: wallet-event batch: folded=1 wallets=1 synced_height_persisted=Some(1060999) synced_height_frozen=None synced_height_rejected=None faulted=0
06:09:19 [native-log-bridge] DashSdkNative - 09-19 01:09:17.799  4514  5640 I DashSDK : platform_wallet::changeset::core_bridge: wallet-event batch: folded=1 wallets=1 synced_height_persisted=Some(1065999) synced_height_frozen=None synced_height_rejected=None faulted=0
06:09:19 [native-log-bridge] DashSdkNative - 09-19 01:09:18.033  4514  5640 I DashSDK : platform_wallet::changeset::core_bridge: wallet-event batch: folded=1 wallets=1 synced_height_persisted=Some(1070999) synced_height_frozen=None synced_height_rejected=None faulted=0
06:09:19 [native-log-bridge] DashSdkNative - 09-19 01:09:18.324  4514  5638 I DashSDK : platform_wallet::changeset::core_bridge: wallet-event batch: folded=1 wallets=1 synced_height_persisted=Some(1075999) synced_height_frozen=None synced_height_rejected=None faulted=0
06:09:19 [native-log-bridge] DashSdkNative - 09-19 01:09:18.641  4514  5639 I DashSDK : platform_wallet::changeset::core_bridge: wallet-event batch: folded=1 wallets=1 synced_height_persisted=Some(1080999) synced_height_frozen=None synced_height_rejected=None faulted=0
06:09:19 [native-log-bridge] DashSdkNative - 09-19 01:09:18.889  4514  5640 I DashSDK : platform_wallet::changeset::core_bridge: wallet-event batch: folded=1 wallets=1 synced_height_persisted=Some(1085999) synced_height_frozen=None synced_height_rejected=None faulted=0
06:09:19 [native-log-bridge] DashSdkNative - 09-19 01:09:19.155  4514  5639 I DashSDK : platform_wallet::changeset::core_bridge: wallet-event batch: folded=1 wallets=1 synced_height_persisted=Some(1090999) synced_height_frozen=None synced_height_rejected=None faulted=0
06:09:19 [main] SendCoinsFragment - enterAmountViewModel.blockContinue = true, viewModel.dryRunSuccessful.value = false
06:09:20 [main] SendCoinsFragment - enterAmountViewModel.blockContinue = true, viewModel.dryRunSuccessful.value = false
06:09:21 [main] SendCoinsFragment - enterAmountViewModel.blockContinue = true, viewModel.dryRunSuccessful.value = false
06:09:22 [main] SendCoinsFragment - enterAmountViewModel.blockContinue = true, viewModel.dryRunSuccessful.value = false
06:09:22 [DefaultDispatcher-worker-8] BlockchainServiceImpl - network capabilities changed: 100, hasInternet: true, validated: true
06:09:22 [DefaultDispatcher-worker-8] BlockchainServiceImpl - acquiring check() mutex
06:09:22 [DefaultDispatcher-worker-8] BlockchainServiceImpl - check()
06:09:22 [DefaultDispatcher-worker-8] BlockchainServiceImpl - cutover committed — holding the dashj L1 engine; SDK owns L1 this launch
06:09:22 [DefaultDispatcher-worker-8] BlockchainServiceImpl - releasing check() mutex
06:09:22 [main] SendCoinsFragment - enterAmountViewModel.blockContinue = true, viewModel.dryRunSuccessful.value = false
06:09:23 [main] SendCoinsFragment - enterAmountViewModel.blockContinue = true, viewModel.dryRunSuccessful.value = false
06:09:24 [main] SendCoinsFragment - enterAmountViewModel.blockContinue = true, viewModel.dryRunSuccessful.value = false
06:09:25 [main] SendCoinsFragment - enterAmountViewModel.blockContinue = true, viewModel.dryRunSuccessful.value = false
06:09:25 [DefaultDispatcher-worker-11] BlockchainServiceImpl - network capabilities changed: 100, hasInternet: true, validated: true
06:09:25 [DefaultDispatcher-worker-11] BlockchainServiceImpl - acquiring check() mutex
06:09:25 [DefaultDispatcher-worker-11] BlockchainServiceImpl - check()
06:09:25 [DefaultDispatcher-worker-11] BlockchainServiceImpl - cutover committed — holding the dashj L1 engine; SDK owns L1 this launch
06:09:25 [DefaultDispatcher-worker-11] BlockchainServiceImpl - releasing check() mutex
06:09:25 [main] SendCoinsFragment - enterAmountViewModel.blockContinue = true, viewModel.dryRunSuccessful.value = false
06:09:26 [main] SendCoinsFragment - enterAmountViewModel.blockContinue = true, viewModel.dryRunSuccessful.value = false
06:09:27 [main] SendCoinsFragment - enterAmountViewModel.blockContinue = true, viewModel.dryRunSuccessful.value = false
06:09:28 [main] SendCoinsFragment - enterAmountViewModel.blockContinue = true, viewModel.dryRunSuccessful.value = false
06:09:29 [main] SendCoinsFragment - enterAmountViewModel.blockContinue = true, viewModel.dryRunSuccessful.value = false
06:09:30 [main] SendCoinsFragment - enterAmountViewModel.blockContinue = true, viewModel.dryRunSuccessful.value = false
06:09:31 [main] SendCoinsFragment - enterAmountViewModel.blockContinue = true, viewModel.dryRunSuccessful.value = false
06:09:32 [main] SendCoinsFragment - enterAmountViewModel.blockContinue = true, viewModel.dryRunSuccessful.value = false
06:09:33 [main] SendCoinsFragment - enterAmountViewModel.blockContinue = true, viewModel.dryRunSuccessful.value = false
06:09:34 [main] SendCoinsFragment - enterAmountViewModel.blockContinue = true, viewModel.dryRunSuccessful.value = false
06:09:35 [main] SendCoinsFragment - enterAmountViewModel.blockContinue = true, viewModel.dryRunSuccessful.value = false
06:09:36 [main] SendCoinsFragment - enterAmountViewModel.blockContinue = true, viewModel.dryRunSuccessful.value = false
06:09:37 [main] SendCoinsFragment - enterAmountViewModel.blockContinue = true, viewModel.dryRunSuccessful.value = false
06:09:38 [DefaultDispatcher-worker-6] CutoverUiDataService - SDK balance published: 98980110 duffs (was 0) | l1Synced=false rescanArmedHold=true dashPayBackfill(armed=false,replaying=false) deferredContactBuilds=0 (unchangedReads=3) persistedAsLastKnown=false lastKnown=0
06:09:38 [DefaultDispatcher-worker-12] CutoverUiDataService - cutover UI display sync: 439 SDK records → 439 inserts, 0 status updates
06:09:39 [DefaultDispatcher-worker-5] CutoverUiDataService - cutover UI display sync: 278 SDK records → 272 inserts, 0 status updates
06:09:39 [DefaultDispatcher-worker-17] CutoverUiDataService - cutover UI display sync: 272 SDK records → 266 inserts, 0 status updates
06:09:39 [DefaultDispatcher-worker-4] CutoverUiDataService - cutover UI display sync: 35 SDK records → 33 inserts, 0 status updates
06:09:39 [DefaultDispatcher-worker-17] CutoverUiDataService - cutover UI display sync: 385 SDK records → 11 inserts, 0 status updates
06:09:49 [native-log-bridge] DashSdkNative - 09-19 01:09:19.335  4514  5638 I DashSDK : platform_wallet::changeset::core_bridge: wallet-event batch: folded=1 wallets=1 synced_height_persisted=Some(1095999) synced_height_frozen=None synced_height_rejected=None faulted=0
06:09:49 [native-log-bridge] DashSdkNative - 09-19 01:09:19.562  4514  5640 I DashSDK : platform_wallet::changeset::core_bridge: wallet-event batch: folded=1 wallets=1 synced_height_persisted=Some(1100999) synced_height_frozen=None synced_height_rejected=None faulted=0
06:09:49 [native-log-bridge] DashSdkNative - 09-19 01:09:19.789  4514  5640 I DashSDK : platform_wallet::changeset::core_bridge: wallet-event batch: folded=1 wallets=1 synced_height_persisted=Some(1105999) synced_height_frozen=None synced_height_rejected=None faulted=0
06:09:49 [native-log-bridge] DashSdkNative - 09-19 01:09:19.941  4514  5640 I DashSDK : platform_wallet::changeset::core_bridge: wallet-event batch: folded=1 wallets=1 synced_height_persisted=Some(1110999) synced_height_frozen=None synced_height_rejected=None faulted=0
06:09:49 [native-log-bridge] DashSdkNative - 09-19 01:09:20.197  4514  5637 I DashSDK : platform_wallet::changeset::core_bridge: wallet-event batch: folded=1 wallets=1 synced_height_persisted=Some(1115999) synced_height_frozen=None synced_height_rejected=None faulted=0
06:09:49 [native-log-bridge] DashSdkNative - 09-19 01:09:20.404  4514  5638 I DashSDK : platform_wallet::changeset::core_bridge: wallet-event batch: folded=1 wallets=1 synced_height_persisted=Some(1120999) synced_height_frozen=None synced_height_rejected=None faulted=0
06:09:49 [native-log-bridge] DashSdkNative - 09-19 01:09:20.590  4514  5638 I DashSDK : platform_wallet::changeset::core_bridge: wallet-event batch: folded=1 wallets=1 synced_height_persisted=Some(1125999) synced_height_frozen=None synced_height_rejected=None faulted=0
06:09:49 [native-log-bridge] DashSdkNative - 09-19 01:09:20.772  4514  5638 I DashSDK : platform_wallet::changeset::core_bridge: wallet-event batch: folded=1 wallets=1 synced_height_persisted=Some(1130999) synced_height_frozen=None synced_height_rejected=None faulted=0
06:09:49 [native-log-bridge] DashSdkNative - 09-19 01:09:20.975  4514  5638 I DashSDK : platform_wallet::changeset::core_bridge: wallet-event batch: folded=1 wallets=1 synced_height_persisted=Some(1135999) synced_height_frozen=None synced_height_rejected=None faulted=0
06:09:49 [native-log-bridge] DashSdkNative - 09-19 01:09:21.127  4514  5637 I DashSDK : platform_wallet::changeset::core_bridge: wallet-event batch: folded=1 wallets=1 synced_height_persisted=Some(1140999) synced_height_frozen=None synced_height_rejected=None faulted=0
06:09:49 [native-log-bridge] DashSdkNative - 09-19 01:09:21.351  4514  5637 I DashSDK : platform_wallet::changeset::core_bridge: wallet-event batch: folded=1 wallets=1 synced_height_persisted=Some(1145999) synced_height_frozen=None synced_height_rejected=None faulted=0
06:09:49 [native-log-bridge] DashSdkNative - 09-19 01:09:21.580  4514  5640 I DashSDK : platform_wallet::changeset::core_bridge: wallet-event batch: folded=1 wallets=1 synced_height_persisted=Some(1150999) synced_height_frozen=None synced_height_rejected=None faulted=0
06:09:49 [native-log-bridge] DashSdkNative - 09-19 01:09:21.767  4514  5640 I DashSDK : platform_wallet::changeset::core_bridge: wallet-event batch: folded=1 wallets=1 synced_height_persisted=Some(1155999) synced_height_frozen=None synced_height_rejected=None faulted=0
06:09:49 [native-log-bridge] DashSdkNative - 09-19 01:09:21.995  4514  5638 I DashSDK : platform_wallet::changeset::core_bridge: wallet-event batch: folded=1 wallets=1 synced_height_persisted=Some(1160999) synced_height_frozen=None synced_height_rejected=None faulted=0
06:09:49 [native-log-bridge] DashSdkNative - 09-19 01:09:22.198  4514  5639 I DashSDK : platform_wallet::changeset::core_bridge: wallet-event batch: folded=1 wallets=1 synced_height_persisted=Some(1165999) synced_height_frozen=None synced_height_rejected=None faulted=0
06:09:49 [native-log-bridge] DashSdkNative - 09-19 01:09:22.408  4514  5637 I DashSDK : platform_wallet::changeset::core_bridge: wallet-event batch: folded=1 wallets=1 synced_height_persisted=Some(1170999) synced_height_frozen=None synced_height_rejected=None faulted=0
06:09:49 [native-log-bridge] DashSdkNative - 09-19 01:09:22.616  4514  5637 I DashSDK : platform_wallet::changeset::core_bridge: wallet-event batch: folded=1 wallets=1 synced_height_persisted=Some(1175999) synced_height_frozen=None synced_height_rejected=None faulted=0
06:09:49 [native-log-bridge] DashSdkNative - 09-19 01:09:22.761  4514  5637 I DashSDK : platform_wallet::changeset::core_bridge: wallet-event batch: folded=1 wallets=1 synced_height_persisted=Some(1180999) synced_height_frozen=None synced_height_rejected=None faulted=0
06:09:49 [native-log-bridge] DashSdkNative - 09-19 01:09:22.928  4514  5640 I DashSDK : platform_wallet::changeset::core_bridge: wallet-event batch: folded=1 wallets=1 synced_height_persisted=Some(1185999) synced_height_frozen=None synced_height_rejected=None faulted=0
06:09:49 [native-log-bridge] DashSdkNative - 09-19 01:09:23.139  4514  5638 I DashSDK : platform_wallet::changeset::core_bridge: wallet-event batch: folded=1 wallets=1 synced_height_persisted=Some(1190999) synced_height_frozen=None synced_height_rejected=None faulted=0
06:09:49 [native-log-bridge] DashSdkNative - 09-19 01:09:23.392  4514  5639 I DashSDK : platform_wallet::changeset::core_bridge: wallet-event batch: folded=1 wallets=1 synced_height_persisted=Some(1195999) synced_height_frozen=None synced_height_rejected=None faulted=0
06:09:49 [native-log-bridge] DashSdkNative - 09-19 01:09:23.640  4514  5640 I DashSDK : platform_wallet::changeset::core_bridge: wallet-event batch: folded=1 wallets=1 synced_height_persisted=Some(1200999) synced_height_frozen=None synced_height_rejected=None faulted=0
06:09:49 [native-log-bridge] DashSdkNative - 09-19 01:09:23.804  4514  5638 I DashSDK : platform_wallet::changeset::core_bridge: wallet-event batch: folded=1 wallets=1 synced_height_persisted=Some(1205999) synced_height_frozen=None synced_height_rejected=None faulted=0
06:09:49 [native-log-bridge] DashSdkNative - 09-19 01:09:24.087  4514  5640 I DashSDK : platform_wallet::changeset::core_bridge: wallet-event batch: folded=1 wallets=1 synced_height_persisted=Some(1210999) synced_height_frozen=None synced_height_rejected=None faulted=0
06:09:49 [native-log-bridge] DashSdkNative - 09-19 01:09:24.284  4514  5640 I DashSDK : platform_wallet::changeset::core_bridge: wallet-event batch: folded=1 wallets=1 synced_height_persisted=Some(1215999) synced_height_frozen=None synced_height_rejected=None faulted=0
06:09:49 [native-log-bridge] DashSdkNative - 09-19 01:09:24.533  4514  5639 I DashSDK : platform_wallet::changeset::core_bridge: wallet-event batch: folded=1 wallets=1 synced_height_persisted=Some(1220999) synced_height_frozen=None synced_height_rejected=None faulted=0
06:09:49 [native-log-bridge] DashSdkNative - 09-19 01:09:24.689  4514  5640 I DashSDK : platform_wallet::changeset::core_bridge: wallet-event batch: folded=1 wallets=1 synced_height_persisted=Some(1225999) synced_height_frozen=None synced_height_rejected=None faulted=0
06:09:49 [native-log-bridge] DashSdkNative - 09-19 01:09:24.893  4514  5640 I DashSDK : platform_wallet::changeset::core_bridge: wallet-event batch: folded=1 wallets=1 synced_height_persisted=Some(1230999) synced_height_frozen=None synced_height_rejected=None faulted=0
06:09:49 [native-log-bridge] DashSdkNative - 09-19 01:09:25.098  4514  5640 I DashSDK : platform_wallet::changeset::core_bridge: wallet-event batch: folded=1 wallets=1 synced_height_persisted=Some(1235999) synced_height_frozen=None synced_height_rejected=None faulted=0
06:09:49 [native-log-bridge] DashSdkNative - 09-19 01:09:25.330  4514  5639 I DashSDK : platform_wallet::changeset::core_bridge: wallet-event batch: folded=1 wallets=1 synced_height_persisted=Some(1240999) synced_height_frozen=None synced_height_rejected=None faulted=0
06:09:49 [native-log-bridge] DashSdkNative - 09-19 01:09:25.492  4514  5638 I DashSDK : platform_wallet::changeset::core_bridge: wallet-event batch: folded=1 wallets=1 synced_height_persisted=Some(1245999) synced_height_frozen=None synced_height_rejected=None faulted=0
06:09:49 [native-log-bridge] DashSdkNative - 09-19 01:09:25.671  4514  5637 I DashSDK : platform_wallet::changeset::core_bridge: wallet-event batch: folded=1 wallets=1 synced_height_persisted=Some(1250999) synced_height_frozen=None synced_height_rejected=None faulted=0
06:09:49 [native-log-bridge] DashSdkNative - 09-19 01:09:25.831  4514  5637 I DashSDK : platform_wallet::changeset::core_bridge: wallet-event batch: folded=1 wallets=1 synced_height_persisted=Some(1255999) synced_height_frozen=None synced_height_rejected=None faulted=0
06:09:49 [native-log-bridge] DashSdkNative - 09-19 01:09:25.981  4514  5639 I DashSDK : platform_wallet::changeset::core_bridge: wallet-event batch: folded=1 wallets=1 synced_height_persisted=Some(1260999) synced_height_frozen=None synced_height_rejected=None faulted=0
06:09:49 [native-log-bridge] DashSdkNative - 09-19 01:09:26.156  4514  5637 I DashSDK : platform_wallet::changeset::core_bridge: wallet-event batch: folded=1 wallets=1 synced_height_persisted=Some(1265999) synced_height_frozen=None synced_height_rejected=None faulted=0
06:09:49 [native-log-bridge] DashSdkNative - 09-19 01:09:26.348  4514  5639 I DashSDK : platform_wallet::changeset::core_bridge: wallet-event batch: folded=1 wallets=1 synced_height_persisted=Some(1270999) synced_height_frozen=None synced_height_rejected=None faulted=0
06:09:49 [native-log-bridge] DashSdkNative - 09-19 01:09:26.636  4514  5637 I DashSDK : platform_wallet::changeset::core_bridge: wallet-event batch: folded=1 wallets=1 synced_height_persisted=Some(1275999) synced_height_frozen=None synced_height_rejected=None faulted=0
06:09:49 [native-log-bridge] DashSdkNative - 09-19 01:09:26.815  4514  5639 I DashSDK : platform_wallet::changeset::core_bridge: wallet-event batch: folded=1 wallets=1 synced_height_persisted=Some(1280999) synced_height_frozen=None synced_height_rejected=None faulted=0
06:09:49 [native-log-bridge] DashSdkNative - 09-19 01:09:26.988  4514  5640 I DashSDK : platform_wallet::changeset::core_bridge: wallet-event batch: folded=1 wallets=1 synced_height_persisted=Some(1285999) synced_height_frozen=None synced_height_rejected=None faulted=0
06:09:49 [native-log-bridge] DashSdkNative - 09-19 01:09:27.183  4514  5639 I DashSDK : platform_wallet::changeset::core_bridge: wallet-event batch: folded=1 wallets=1 synced_height_persisted=Some(1290999) synced_height_frozen=None synced_height_rejected=None faulted=0
06:09:49 [native-log-bridge] DashSdkNative - 09-19 01:09:27.466  4514  5638 I DashSDK : platform_wallet::changeset::core_bridge: wallet-event batch: folded=1 wallets=1 synced_height_persisted=Some(1295999) synced_height_frozen=None synced_height_rejected=None faulted=0
06:09:49 [native-log-bridge] DashSdkNative - 09-19 01:09:27.664  4514  5640 I DashSDK : platform_wallet::changeset::core_bridge: wallet-event batch: folded=1 wallets=1 synced_height_persisted=Some(1300999) synced_height_frozen=None synced_height_rejected=None faulted=0
06:09:49 [native-log-bridge] DashSdkNative - 09-19 01:09:27.953  4514  5637 I DashSDK : platform_wallet::changeset::core_bridge: wallet-event batch: folded=1 wallets=1 synced_height_persisted=Some(1305999) synced_height_frozen=None synced_height_rejected=None faulted=0
06:09:49 [native-log-bridge] DashSdkNative - 09-19 01:09:27.996  4514  5640 I DashSDK : platform_wallet::changeset::core_bridge: wallet-event batch: folded=1 wallets=1 synced_height_persisted=Some(1310999) synced_height_frozen=None synced_height_rejected=None faulted=0
06:09:49 [native-log-bridge] DashSdkNative - 09-19 01:09:28.209  4514  5639 I DashSDK : platform_wallet::changeset::core_bridge: wallet-event batch: folded=1 wallets=1 synced_height_persisted=Some(1315999) synced_height_frozen=None synced_height_rejected=None faulted=0
06:09:49 [native-log-bridge] DashSdkNative - 09-19 01:09:28.355  4514  5637 I DashSDK : platform_wallet::changeset::core_bridge: wallet-event batch: folded=1 wallets=1 synced_height_persisted=Some(1320999) synced_height_frozen=None synced_height_rejected=None faulted=0
06:09:49 [native-log-bridge] DashSdkNative - 09-19 01:09:28.552  4514  5638 I DashSDK : platform_wallet::changeset::core_bridge: wallet-event batch: folded=1 wallets=1 synced_height_persisted=Some(1325999) synced_height_frozen=None synced_height_rejected=None faulted=0
06:09:49 [native-log-bridge] DashSdkNative - 09-19 01:09:28.713  4514  5640 I DashSDK : platform_wallet::changeset::core_bridge: wallet-event batch: folded=1 wallets=1 synced_height_persisted=Some(1330999) synced_height_frozen=None synced_height_rejected=None faulted=0
06:09:49 [native-log-bridge] DashSdkNative - 09-19 01:09:28.876  4514  5640 I DashSDK : platform_wallet::changeset::core_bridge: wallet-event batch: folded=1 wallets=1 synced_height_persisted=Some(1335999) synced_height_frozen=None synced_height_rejected=None faulted=0
06:09:49 [native-log-bridge] DashSdkNative - 09-19 01:09:29.035  4514  5640 I DashSDK : platform_wallet::changeset::core_bridge: wallet-event batch: folded=1 wallets=1 synced_height_persisted=Some(1340999) synced_height_frozen=None synced_height_rejected=None faulted=0
06:09:49 [native-log-bridge] DashSdkNative - 09-19 01:09:29.212  4514  5640 I DashSDK : platform_wallet::changeset::core_bridge: wallet-event batch: folded=1 wallets=1 synced_height_persisted=Some(1345999) synced_height_frozen=None synced_height_rejected=None faulted=0
06:09:49 [native-log-bridge] DashSdkNative - 09-19 01:09:29.407  4514  5639 I DashSDK : platform_wallet::changeset::core_bridge: wallet-event batch: folded=1 wallets=1 synced_height_persisted=Some(1350999) synced_height_frozen=None synced_height_rejected=None faulted=0
06:09:49 [native-log-bridge] DashSdkNative - 09-19 01:09:29.557  4514  5640 I DashSDK : platform_wallet::changeset::core_bridge: wallet-event batch: folded=1 wallets=1 synced_height_persisted=Some(1355999) synced_height_frozen=None synced_height_rejected=None faulted=0
06:09:49 [native-log-bridge] DashSdkNative - 09-19 01:09:30.033  4514  5637 I DashSDK : platform_wallet::changeset::core_bridge: wallet-event batch: folded=1 wallets=1 synced_height_persisted=Some(1360999) synced_height_frozen=None synced_height_rejected=None faulted=0
06:09:49 [native-log-bridge] DashSdkNative - 09-19 01:09:30.189  4514  5638 I DashSDK : platform_wallet::changeset::core_bridge: wallet-event batch: folded=1 wallets=1 synced_height_persisted=Some(1365999) synced_height_frozen=None synced_height_rejected=None faulted=0
06:09:49 [native-log-bridge] DashSdkNative - 09-19 01:09:30.411  4514  5638 I DashSDK : platform_wallet::changeset::core_bridge: wallet-event batch: folded=1 wallets=1 synced_height_persisted=Some(1370999) synced_height_frozen=None synced_height_rejected=None faulted=0
06:09:49 [native-log-bridge] DashSdkNative - 09-19 01:09:30.631  4514  5637 I DashSDK : platform_wallet::changeset::core_bridge: wallet-event batch: folded=1 wallets=1 synced_height_persisted=Some(1375999) synced_height_frozen=None synced_height_rejected=None faulted=0
06:09:49 [native-log-bridge] DashSdkNative - 09-19 01:09:30.827  4514  5639 I DashSDK : platform_wallet::changeset::core_bridge: wallet-event batch: folded=1 wallets=1 synced_height_persisted=Some(1380999) synced_height_frozen=None synced_height_rejected=None faulted=0
06:09:49 [native-log-bridge] DashSdkNative - 09-19 01:09:31.010  4514  5638 I DashSDK : platform_wallet::changeset::core_bridge: wallet-event batch: folded=1 wallets=1 synced_height_persisted=Some(1385999) synced_height_frozen=None synced_height_rejected=None faulted=0
06:09:49 [native-log-bridge] DashSdkNative - 09-19 01:09:31.244  4514  5637 I DashSDK : platform_wallet::changeset::core_bridge: wallet-event batch: folded=1 wallets=1 synced_height_persisted=Some(1390999) synced_height_frozen=None synced_height_rejected=None faulted=0
06:09:49 [native-log-bridge] DashSdkNative - 09-19 01:09:31.416  4514  5639 I DashSDK : platform_wallet::changeset::core_bridge: wallet-event batch: folded=1 wallets=1 synced_height_persisted=Some(1395999) synced_height_frozen=None synced_height_rejected=None faulted=0
06:09:49 [native-log-bridge] DashSdkNative - 09-19 01:09:31.583  4514  5637 I DashSDK : platform_wallet::changeset::core_bridge: wallet-event batch: folded=1 wallets=1 synced_height_persisted=Some(1400999) synced_height_frozen=None synced_height_rejected=None faulted=0
06:09:49 [native-log-bridge] DashSdkNative - 09-19 01:09:31.766  4514  5638 I DashSDK : platform_wallet::changeset::core_bridge: wallet-event batch: folded=1 wallets=1 synced_height_persisted=Some(1405999) synced_height_frozen=None synced_height_rejected=None faulted=0
06:09:49 [native-log-bridge] DashSdkNative - 09-19 01:09:31.946  4514  5640 I DashSDK : platform_wallet::changeset::core_bridge: wallet-event batch: folded=1 wallets=1 synced_height_persisted=Some(1410999) synced_height_frozen=None synced_height_rejected=None faulted=0
06:09:49 [native-log-bridge] DashSdkNative - 09-19 01:09:32.115  4514  5639 I DashSDK : platform_wallet::changeset::core_bridge: wallet-event batch: folded=1 wallets=1 synced_height_persisted=Some(1415999) synced_height_frozen=None synced_height_rejected=None faulted=0
06:09:49 [native-log-bridge] DashSdkNative - 09-19 01:09:32.284  4514  5637 I DashSDK : platform_wallet::changeset::core_bridge: wallet-event batch: folded=1 wallets=1 synced_height_persisted=Some(1420999) synced_height_frozen=None synced_height_rejected=None faulted=0
06:09:49 [native-log-bridge] DashSdkNative - 09-19 01:09:32.476  4514  5638 I DashSDK : platform_wallet::changeset::core_bridge: wallet-event batch: folded=1 wallets=1 synced_height_persisted=Some(1425999) synced_height_frozen=None synced_height_rejected=None faulted=0
06:09:49 [native-log-bridge] DashSdkNative - 09-19 01:09:32.696  4514  5638 I DashSDK : platform_wallet::changeset::core_bridge: wallet-event batch: folded=1 wallets=1 synced_height_persisted=Some(1430999) synced_height_frozen=None synced_height_rejected=None faulted=0
06:09:49 [native-log-bridge] DashSdkNative - 09-19 01:09:32.869  4514  5640 I DashSDK : platform_wallet::changeset::core_bridge: wallet-event batch: folded=1 wallets=1 synced_height_persisted=Some(1435999) synced_height_frozen=None synced_height_rejected=None faulted=0
06:09:49 [native-log-bridge] DashSdkNative - 09-19 01:09:33.037  4514  5637 I DashSDK : platform_wallet::changeset::core_bridge: wallet-event batch: folded=1 wallets=1 synced_height_persisted=Some(1440999) synced_height_frozen=None synced_height_rejected=None faulted=0
06:09:49 [native-log-bridge] DashSdkNative - 09-19 01:09:33.180  4514  5637 I DashSDK : platform_wallet::changeset::core_bridge: wallet-event batch: folded=1 wallets=1 synced_height_persisted=Some(1445999) synced_height_frozen=None synced_height_rejected=None faulted=0
06:09:49 [native-log-bridge] DashSdkNative - 09-19 01:09:33.377  4514  5639 I DashSDK : platform_wallet::changeset::core_bridge: wallet-event batch: folded=1 wallets=1 synced_height_persisted=Some(1450999) synced_height_frozen=None synced_height_rejected=None faulted=0
06:09:49 [native-log-bridge] DashSdkNative - 09-19 01:09:33.553  4514  5639 I DashSDK : platform_wallet::changeset::core_bridge: wallet-event batch: folded=1 wallets=1 synced_height_persisted=Some(1455999) synced_height_frozen=None synced_height_rejected=None faulted=0
06:09:49 [native-log-bridge] DashSdkNative - 09-19 01:09:33.718  4514  5637 I DashSDK : platform_wallet::changeset::core_bridge: wallet-event batch: folded=1 wallets=1 synced_height_persisted=Some(1460999) synced_height_frozen=None synced_height_rejected=None faulted=0
06:09:49 [native-log-bridge] DashSdkNative - 09-19 01:09:33.937  4514  5639 I DashSDK : platform_wallet::changeset::core_bridge: wallet-event batch: folded=1 wallets=1 synced_height_persisted=Some(1465999) synced_height_frozen=None synced_height_rejected=None faulted=0
06:09:49 [native-log-bridge] DashSdkNative - 09-19 01:09:34.103  4514  5639 I DashSDK : platform_wallet::changeset::core_bridge: wallet-event batch: folded=1 wallets=1 synced_height_persisted=Some(1470999) synced_height_frozen=None synced_height_rejected=None faulted=0
06:09:49 [native-log-bridge] DashSdkNative - 09-19 01:09:34.412  4514  5637 I DashSDK : platform_wallet::changeset::core_bridge: wallet-event batch: folded=1 wallets=1 synced_height_persisted=Some(1475999) synced_height_frozen=None synced_height_rejected=None faulted=0
06:09:49 [native-log-bridge] DashSdkNative - 09-19 01:09:34.710  4514  5639 I DashSDK : platform_wallet::changeset::core_bridge: wallet-event batch: folded=1 wallets=1 synced_height_persisted=Some(1480999) synced_height_frozen=None synced_height_rejected=None faulted=0
06:09:49 [native-log-bridge] DashSdkNative - 09-19 01:09:34.860  4514  5638 I DashSDK : platform_wallet::changeset::core_bridge: wallet-event batch: folded=1 wallets=1 synced_height_persisted=Some(1485999) synced_height_frozen=None synced_height_rejected=None faulted=0
06:09:49 [native-log-bridge] DashSdkNative - 09-19 01:09:35.098  4514  5639 I DashSDK : platform_wallet::changeset::core_bridge: wallet-event batch: folded=1 wallets=1 synced_height_persisted=Some(1490999) synced_height_frozen=None synced_height_rejected=None faulted=0
06:09:49 [native-log-bridge] DashSdkNative - 09-19 01:09:35.262  4514  5640 I DashSDK : platform_wallet::changeset::core_bridge: wallet-event batch: folded=1 wallets=1 synced_height_persisted=Some(1495999) synced_height_frozen=None synced_height_rejected=None faulted=0
06:09:49 [native-log-bridge] DashSdkNative - 09-19 01:09:35.434  4514  5638 I DashSDK : platform_wallet::changeset::core_bridge: wallet-event batch: folded=1 wallets=1 synced_height_persisted=Some(1500999) synced_height_frozen=None synced_height_rejected=None faulted=0
06:09:49 [native-log-bridge] DashSdkNative - 09-19 01:09:35.598  4514  5638 I DashSDK : platform_wallet::changeset::core_bridge: wallet-event batch: folded=1 wallets=1 synced_height_persisted=Some(1505999) synced_height_frozen=None synced_height_rejected=None faulted=0
06:09:49 [native-log-bridge] DashSdkNative - 09-19 01:09:35.751  4514  5639 I DashSDK : platform_wallet::changeset::core_bridge: wallet-event batch: folded=1 wallets=1 synced_height_persisted=Some(1510999) synced_height_frozen=None synced_height_rejected=None faulted=0
06:09:49 [native-log-bridge] DashSdkNative - 09-19 01:09:35.935  4514  5638 I DashSDK : platform_wallet::changeset::core_bridge: wallet-event batch: folded=1 wallets=1 synced_height_persisted=Some(1515999) synced_height_frozen=None synced_height_rejected=None faulted=0
06:09:49 [native-log-bridge] DashSdkNative - 09-19 01:09:36.102  4514  5640 I DashSDK : platform_wallet::changeset::core_bridge: wallet-event batch: folded=1 wallets=1 synced_height_persisted=Some(1520999) synced_height_frozen=None synced_height_rejected=None faulted=0
06:09:49 [native-log-bridge] DashSdkNative - 09-19 01:09:36.306  4514  5638 I DashSDK : platform_wallet::changeset::core_bridge: wallet-event batch: folded=1 wallets=1 synced_height_persisted=Some(1525999) synced_height_frozen=None synced_height_rejected=None faulted=0
06:09:49 [native-log-bridge] DashSdkNative - 09-19 01:09:36.545  4514  5637 I DashSDK : platform_wallet::changeset::core_bridge: wallet-event batch: folded=1 wallets=1 synced_height_persisted=Some(1530999) synced_height_frozen=None synced_height_rejected=None faulted=0
06:09:49 [native-log-bridge] DashSdkNative - 09-19 01:09:36.708  4514  5637 I DashSDK : platform_wallet::changeset::core_bridge: wallet-event batch: folded=1 wallets=1 synced_height_persisted=Some(1535999) synced_height_frozen=None synced_height_rejected=None faulted=0
06:09:49 [native-log-bridge] DashSdkNative - 09-19 01:09:36.864  4514  5640 I DashSDK : platform_wallet::changeset::core_bridge: wallet-event batch: folded=1 wallets=1 synced_height_persisted=Some(1540999) synced_height_frozen=None synced_height_rejected=None faulted=0
06:09:49 [native-log-bridge] DashSdkNative - 09-19 01:09:37.079  4514  5637 I DashSDK : platform_wallet::changeset::core_bridge: wallet-event batch: folded=1 wallets=1 synced_height_persisted=Some(1545999) synced_height_frozen=None synced_height_rejected=None faulted=0
06:09:49 [native-log-bridge] DashSdkNative - 09-19 01:09:37.238  4514  5639 I DashSDK : platform_wallet::changeset::core_bridge: wallet-event batch: folded=1 wallets=1 synced_height_persisted=Some(1550999) synced_height_frozen=None synced_height_rejected=None faulted=0
06:09:49 [native-log-bridge] DashSdkNative - 09-19 01:09:37.433  4514  5638 I DashSDK : platform_wallet::changeset::core_bridge: wallet-event batch: folded=1 wallets=1 synced_height_persisted=Some(1555999) synced_height_frozen=None synced_height_rejected=None faulted=0
06:09:49 [native-log-bridge] DashSdkNative - 09-19 01:09:37.544  4514  5638 I DashSDK : platform_wallet::changeset::core_bridge: wallet cd7eac706de869175158ff2af308fec48d846268bc606cc9db7688c60426ca2f: withholding 113 new UTXO(s) already observed spent in an earlier-processed block (#649): 747cb55cc55b8e0b8d8bc8d422fa8fd87e608fd2deff91078e2df361e5d4122e:1 (100000000 duffs), aca06669a543302751dce376ec9374e5c4fdf83575e30e427975f6400cf9e4de:0 (12499868 duffs), aca06669a543302751dce376ec9374e5c4fdf83575e30e427975f6400cf9e4de:1 (12499868 duffs), aca06669a5…[truncated]
06:09:49 [native-log-bridge] DashSdkNative - 09-19 01:09:37.674  4514  5640 I DashSDK : platform_wallet::changeset::core_bridge: wallet cd7eac706de869175158ff2af308fec48d846268bc606cc9db7688c60426ca2f: withholding 88 new UTXO(s) already observed spent in an earlier-processed block (#649): 3069f08e3e04efc882d504e4bcd9e523a9ae59e33e7ee8c83281f3d5b832568b:0 (780890 duffs), 3069f08e3e04efc882d504e4bcd9e523a9ae59e33e7ee8c83281f3d5b832568b:3 (780890 duffs), 3069f08e3e04efc882d504e4bcd9e523a9ae59e33e7ee8c83281f3d5b832568b:6 (780890 duffs), 3069f08e3e04efc882…[truncated]
06:09:49 [native-log-bridge] DashSdkNative - 09-19 01:09:37.688  4514  5640 I DashSDK : platform_wallet::changeset::core_bridge: wallet cd7eac706de869175158ff2af308fec48d846268bc606cc9db7688c60426ca2f: withholding 13 new UTXO(s) already observed spent in an earlier-processed block (#649): 66cd3fffe02e44afc5cc45a77d972cad7dd78faa90f797eeb6373591866d5457:0 (780890 duffs), 66cd3fffe02e44afc5cc45a77d972cad7dd78faa90f797eeb6373591866d5457:1 (780890 duffs), 66cd3fffe02e44afc5cc45a77d972cad7dd78faa90f797eeb6373591866d5457:2 (780890 duffs), 66cd3fffe02e44afc5…[truncated]
06:09:49 [native-log-bridge] DashSdkNative - 09-19 01:09:37.707  4514  5638 I DashSDK : platform_wallet::changeset::core_bridge: wallet cd7eac706de869175158ff2af308fec48d846268bc606cc9db7688c60426ca2f: withholding 736 new UTXO(s) already observed spent in an earlier-processed block (#649): 98fc8a06dccc87da2105401be7e239d517eac9371f9b9c2efb3afad535c64838:1 (97515 duffs), 98fc8a06dccc87da2105401be7e239d517eac9371f9b9c2efb3afad535c64838:2 (97515 duffs), 98fc8a06dccc87da2105401be7e239d517eac9371f9b9c2efb3afad535c64838:3 (97515 duffs), 98fc8a06dccc87da2105…[truncated]
06:09:49 [native-log-bridge] DashSdkNative - 09-19 01:09:37.717  4514  5638 I DashSDK : platform_wallet::changeset::core_bridge: wallet cd7eac706de869175158ff2af308fec48d846268bc606cc9db7688c60426ca2f: withholding 135 new UTXO(s) already observed spent in an earlier-processed block (#649): 03eff399ec41d2ad4e625c8613ae18aa414cbad7140bcf6f8521292b9e22d61e:2 (13826 duffs), 03eff399ec41d2ad4e625c8613ae18aa414cbad7140bcf6f8521292b9e22d61e:3 (13826 duffs), 03eff399ec41d2ad4e625c8613ae18aa414cbad7140bcf6f8521292b9e22d61e:5 (13826 duffs), 03eff399ec41d2ad4e62…[truncated]
06:09:49 [native-log-bridge] DashSdkNative - 09-19 01:09:37.723  4514  5638 I DashSDK : platform_wallet::changeset::core_bridge: wallet cd7eac706de869175158ff2af308fec48d846268bc606cc9db7688c60426ca2f: withholding 5 new UTXO(s) already observed spent in an earlier-processed block (#649): bdd5f8f13195724ff232f392249f15e666eaa5fbe4e6cae063739a32fe91d701:0 (13535 duffs), bdd5f8f13195724ff232f392249f15e666eaa5fbe4e6cae063739a32fe91d701:1 (13535 duffs), bdd5f8f13195724ff232f392249f15e666eaa5fbe4e6cae063739a32fe91d701:3 (13535 duffs), bdd5f8f13195724ff232f3…[truncated]
06:09:49 [native-log-bridge] DashSdkNative - 09-19 01:09:37.728  4514  5638 I DashSDK : platform_wallet::changeset::core_bridge: wallet cd7eac706de869175158ff2af308fec48d846268bc606cc9db7688c60426ca2f: withholding 721 new UTXO(s) already observed spent in an earlier-processed block (#649): 5e3aaf3079d8580bf5ca7b79ee72f7c059f09801d0eaec3abdfba00149fe7b45:0 (17491 duffs), 2fcecff287cd5db3a0df41c7961df932ec940d7fd161393fdbdb1dc4ff5000d3:0 (17312 duffs), 607d1d306e29b8f84424ec1d4d8704ed1efcab7f98d20df0946ceefd69fb01e8:0 (24160 duffs), 067447baae93c48a6e4c…[truncated]
06:09:49 [native-log-bridge] DashSdkNative - 09-19 01:09:37.738  4514  5638 I DashSDK : platform_wallet::changeset::core_bridge: wallet cd7eac706de869175158ff2af308fec48d846268bc606cc9db7688c60426ca2f: withholding 496 new UTXO(s) already observed spent in an earlier-processed block (#649): 749fc08fb9f312c3da0311d910567451ca6ef512c55a77dbda53a90f0f262c15:0 (15521 duffs), 2381883161bb44a728a5883685846a2686cc2badfeb1699cb018a7a21b1ab87e:0 (18613 duffs), 9a5f4c13e0c415a1c031083d3e39b28f016bd8480217c86560d43794497ad5b6:0 (16360 duffs), 3ae19583e913d008b78f…[truncated]
06:09:49 [native-log-bridge] DashSdkNative - 09-19 01:09:37.746  4514  5638 I DashSDK : platform_wallet::changeset::core_bridge: wallet cd7eac706de869175158ff2af308fec48d846268bc606cc9db7688c60426ca2f: withholding 10 new UTXO(s) already observed spent in an earlier-processed block (#649): 70eb99a1c319d65c0b050dcf520efae7878a30ea81a6ae1736036259aad0a195:0 (13836 duffs), 70eb99a1c319d65c0b050dcf520efae7878a30ea81a6ae1736036259aad0a195:2 (13836 duffs), 70eb99a1c319d65c0b050dcf520efae7878a30ea81a6ae1736036259aad0a195:5 (13836 duffs), b2655e452f8a6a4dcfa7a…[truncated]
06:09:49 [native-log-bridge] DashSdkNative - 09-19 01:09:37.750  4514  5638 I DashSDK : platform_wallet::changeset::core_bridge: wallet cd7eac706de869175158ff2af308fec48d846268bc606cc9db7688c60426ca2f: withholding 38 new UTXO(s) already observed spent in an earlier-processed block (#649): 963029d5f3723be89faa67b08b1a6ef8cb588eddcd6827c4cf47d46a4401e2d4:0 (15870 duffs), c9ca272b22288d700567850f3281c72f7e5a38534087eecabf893881fb3e3375:0 (14600 duffs), c9ca272b22288d700567850f3281c72f7e5a38534087eecabf893881fb3e3375:1 (14600 duffs), c9ca272b22288d7005678…[truncated]
06:09:49 [native-log-bridge] DashSdkNative - 09-19 01:09:37.755  4514  5638 I DashSDK : platform_wallet::changeset::core_bridge: wallet cd7eac706de869175158ff2af308fec48d846268bc606cc9db7688c60426ca2f: withholding 274 new UTXO(s) already observed spent in an earlier-processed block (#649): 8fd7b88b7d77953bc918f08e0303baf3ef9725ba3a8c84d11dbf3b988e651b48:0 (12907 duffs), 449947f0915d706c6d7c5f165320690293e3e9a3d2a84dcc6427cd900a563959:0 (15574 duffs), 91e868493138f40368c27902682865e8fc562276608d53850f1d547e3a3db5ec:0 (13312 duffs), 1f34fa522104be0f25a8…[truncated]
06:09:49 [native-log-bridge] DashSdkNative - 09-19 01:09:37.763  4514  5638 I DashSDK : platform_wallet::changeset::core_bridge: wallet cd7eac706de869175158ff2af308fec48d846268bc606cc9db7688c60426ca2f: withholding 92 new UTXO(s) already observed spent in an earlier-processed block (#649): a02aabedb9321f880a824cf63dcdf4b392eabb650097c7b1e50d9fd50370600e:0 (19083 duffs), eb8f3a4a0708340aef66d7bb54d320ed07e3b16ddf164bf362b27ee41e2ea80c:0 (12359 duffs), 9eb9c448fa5d4f98f9376a3061b2dafad7fc93ef3dc2eab44933b5ac7a707969:0 (24541 duffs), 1247d75d06e2e3ae8a26e…[truncated]
06:09:49 [native-log-bridge] DashSdkNative - 09-19 01:09:37.770  4514  5638 I DashSDK : platform_wallet::changeset::core_bridge: wallet cd7eac706de869175158ff2af308fec48d846268bc606cc9db7688c60426ca2f: withholding 87 new UTXO(s) already observed spent in an earlier-processed block (#649): 87975712b2bdce9e94f89710a70d0141ec12dbedf7e0be375955733f0322865d:0 (12605 duffs), 9001fcac27c7ba52dea17ef49146ac105c51ebbf431917b35e3753cc2ccdc2d2:0 (11945 duffs), bc7100e4acfce82d5638343366f141149a5907d2d4df71e60672b355578c2adb:0 (13854 duffs), 56030c2a12a7e29af91f9…[truncated]
06:09:49 [native-log-bridge] DashSdkNative - 09-19 01:09:37.777  4514  5638 I DashSDK : platform_wallet::changeset::core_bridge: wallet cd7eac706de869175158ff2af308fec48d846268bc606cc9db7688c60426ca2f: withholding 34 new UTXO(s) already observed spent in an earlier-processed block (#649): 8315eb9050cfef3ddc49cbdb31381e32a9b034364aa2e75ff56a08293562a0ae:1 (15178 duffs), f60fec65f8e357abf128e492577a018024b00345af90194424c12c631718beff:1 (14269 duffs), 99a883787782d3a9bbc3a210438542185f4de233f9b3e6a893f33e4560b30e72:3 (13721 duffs), e32cf34334032fabb013c…[truncated]
06:09:49 [native-log-bridge] DashSdkNative - 09-19 01:09:38.621  4514  5638 I DashSDK : platform_wallet::changeset::core_bridge: wallet-event batch: folded=14 wallets=1 synced_height_persisted=None synced_height_frozen=None synced_height_rejected=None faulted=0
06:09:54 [DefaultDispatcher-worker-4] L1ShadowSyncService - L1Shadow phase=SYNCED 100.0% headers 1556575/1556575 filters 1556575/1556575 wallet 1556575
06:09:54 [DefaultDispatcher-worker-4] L1ShadowSyncService - ReplayMemTelemetry phase=SYNCED nativeHeapAllocated=298789856 nativeHeapSize=405635072 jvmUsed=21537136 jvmMax=603979776 headers 1556575/1556575 filters 1556575 wallet 1556575 SETTLED
06:09:54 [DefaultDispatcher-worker-14] MainViewModel - blockchain state update: mnlist=1556575; chain=1556575; wallet=-1
06:09:54 [main] SendCoinsFragment - enterAmountViewModel.blockContinue = true, viewModel.dryRunSuccessful.value = false
06:09:54 [main] BlockchainServiceImpl - cutover committed and SDK L1 scan synced — triggering identity/contacts discovery
06:09:54 [DefaultDispatcher-worker-9] BlockchainIdentityData - creation: BlockchainIdentityData(NONE, null, null, null, null, null)
06:09:54 [DefaultDispatcher-worker-9] PlatformSynchronizationService - discoverAndRecoverIdentity: checking for existing associated identity
06:09:54 [DefaultDispatcher-worker-9] SecurityGuard - loading security guard [healthy=true] with keys: [keystore_healthy, fallback_pin_wallet_password_key, primary_ui_pin_key, modern_encryption_migration_complete, fallback_mnemonic_wallet_password_key, primary_wallet_password_key, fallback_mnemonic_ui_pin_key]
06:09:54 [DefaultDispatcher-worker-9] ModernEncryptionProvider - Decrypted data for alias: wallet_password_key
06:09:54 [DefaultDispatcher-worker-14] L1ShadowSyncService - WalletHistoryFacts: oldestTx=2026-09-19T05:18:49Z height=1556555 count=1021 dashjEarliestKeyTime=2015-03-29T06:36:00Z
06:09:54 [DefaultDispatcher-worker-14] L1ShadowSyncService - WalletBalanceFacts: total=98980110 accounts={bip44:98980110, bip32:0, coinjoin:0, identityRegistration:0, identityTopUpUnbound:0, identityInvitation:0, assetLockTopUp:0, assetLockShieldedTopUp:0, providerVoting:0, providerOwner:0, providerOperator:0, providerPlatform:0} confirmed=98980110 unconfirmed=0 txCount=1132
06:09:54 [DefaultDispatcher-worker-17] TxDisplayCacheService - Sync complete (cutoverCommitted=true): SDK=1010 records | dashj wallet=0 txs | group cache=0 txs/0 groups | display=1021 rows — cache is complete (SDK holds 1010 records, display has 1021 rows)
06:09:54 [DefaultDispatcher-worker-9] KeyCrypterScrypt - Deriving key took 170.0 ms for N=65536, r=8, p=1.
06:09:54 [DefaultDispatcher-worker-9] DapiClient - getIdentityByFirstPublicKey(e7679c1cbad57327ae85e68d12d12df3549b9bfa)
06:09:55 [DefaultDispatcher-worker-9] PlatformSynchronizationService - discoverAndRecoverIdentity: no existing identity found
06:09:55 [DefaultDispatcher-worker-9] PlatformSynchronizationService - identity-discovery guard released (no identity found) — a later discovery may run again
06:09:55 [DefaultDispatcher-worker-9] BlockchainServiceImpl - post-cutover identity discovery found nothing and the wallet has no identity — re-arming; next attempt no sooner than 120000 ms from now
06:09:55 [DefaultDispatcher-worker-14] PlatformSynchronizationService - TxMetadata publish: not publishing — saveToNetwork is OFF (per-device setting; the default for a new or restored install, and it does NOT travel with the wallet)
06:09:55 [DefaultDispatcher-worker-7] PlatformSynchronizationService - TxMetadata settings: saveToNetwork=false frequency=afterTenTransactions saveAfter=9223372036854775807 paymentCategory=false taxCategory=false exchangeRates=false memos=false giftCards=false storedDocuments=0
06:09:55 [DefaultDispatcher-worker-14] BlockchainServiceImpl - network capabilities changed: 100, hasInternet: true, validated: true
06:09:55 [DefaultDispatcher-worker-7] BlockchainServiceImpl - acquiring check() mutex
06:09:55 [DefaultDispatcher-worker-7] BlockchainServiceImpl - check()
06:09:55 [DefaultDispatcher-worker-7] BlockchainServiceImpl - cutover committed — holding the dashj L1 engine; SDK owns L1 this launch
06:09:55 [DefaultDispatcher-worker-7] BlockchainServiceImpl - releasing check() mutex
06:09:55 [main] SendCoinsFragment - enterAmountViewModel.blockContinue = true, viewModel.dryRunSuccessful.value = false
06:09:56 [DefaultDispatcher-worker-17] L1ShadowSyncService - L1 engine tx event: Detected(txidHex=fbb13cf5123a2a47b659295dadf094fb386677050f20d2b766290c29ce543df9, netAmountDuffs=-490, feeDuffs=null, contextCode=0, directionCode=2)
06:09:56 [DefaultDispatcher-worker-15] CutoverUiDataService - engine detected tx fbb13cf5123a2a47b659295dadf094fb386677050f20d2b766290c29ce543df9 pre-block (context=0, net=-490 duffs) — syncing display row now
06:09:56 [DefaultDispatcher-worker-7] CutoverUiDataService - SDK balance published: 98979130 duffs (was 98980110) | l1Synced=true rescanArmedHold=true dashPayBackfill(armed=false,replaying=false) deferredContactBuilds=0 (unchangedReads=3) persistedAsLastKnown=false lastKnown=0
06:09:56 [DefaultDispatcher-worker-17] L1ShadowSyncService - L1 engine tx event: Detected(txidHex=92ca2a648ad43b8854ea31c0393874afd68f6fcc7732d9630551d9369b3f12d7, netAmountDuffs=-490, feeDuffs=null, contextCode=1, directionCode=2)
06:09:56 [DefaultDispatcher-worker-9] L1ShadowSyncService - L1 engine tx event: Detected(txidHex=a5d97df90f45e29d14b82b16a630f1c17597dc25a1abd8c41ea07c041fffeccc, netAmountDuffs=-490, feeDuffs=null, contextCode=0, directionCode=2)
06:09:56 [DefaultDispatcher-worker-3] L1ShadowSyncService - L1 engine tx event: Detected(txidHex=98858163bd225bdf49f577972887ba6e05176182e4ba72e5ca4e4fd82058bec7, netAmountDuffs=-490, feeDuffs=null, contextCode=0, directionCode=2)
06:09:56 [DefaultDispatcher-worker-14] L1ShadowSyncService - L1 engine tx event: Detected(txidHex=b47322317c4a43137ae7699723d5ab05769c58ba2e97b2f9fc7ffcf2d91160ad, netAmountDuffs=-490, feeDuffs=null, contextCode=0, directionCode=2)
06:09:56 [DefaultDispatcher-worker-7] CutoverUiDataService - SDK balance published: 98977660 duffs (was 98979130) | l1Synced=true rescanArmedHold=true dashPayBackfill(armed=false,replaying=false) deferredContactBuilds=0 (unchangedReads=3) persistedAsLastKnown=false lastKnown=0
06:09:56 [DefaultDispatcher-worker-12] L1ShadowSyncService - L1 engine tx event: Detected(txidHex=476e57af65985090c258212c2e0ffa43b72800f022caf058e0bc4839435d2881, netAmountDuffs=-490, feeDuffs=null, contextCode=0, directionCode=2)
06:09:56 [DefaultDispatcher-worker-12] L1ShadowSyncService - L1 engine tx event: Detected(txidHex=41b0bca422921746f2964a67235c0ba9c04144213d1f99c7b95b9115454c1a7b, netAmountDuffs=-490, feeDuffs=null, contextCode=0, directionCode=2)
06:09:56 [DefaultDispatcher-worker-12] L1ShadowSyncService - L1 engine tx event: Detected(txidHex=37f1007e42d8e940fd9c46fd3121744f84f9d5374140708cd02898e3df759c70, netAmountDuffs=-490, feeDuffs=null, contextCode=0, directionCode=2)
06:09:56 [DefaultDispatcher-worker-17] CutoverUiDataService - SDK balance published: 98976190 duffs (was 98977660) | l1Synced=true rescanArmedHold=true dashPayBackfill(armed=false,replaying=false) deferredContactBuilds=0 (unchangedReads=3) persistedAsLastKnown=false lastKnown=0
06:09:56 [DefaultDispatcher-worker-12] CutoverUiDataService - SDK balance published: 98975700 duffs (was 98976190) | l1Synced=true rescanArmedHold=true dashPayBackfill(armed=false,replaying=false) deferredContactBuilds=0 (unchangedReads=3) persistedAsLastKnown=false lastKnown=0
06:09:56 [DefaultDispatcher-worker-17] L1ShadowSyncService - L1 engine tx event: Detected(txidHex=e895820c9d7db0dfba19cdac16c61e09d664a73db7b9ac4f5c83e16dc7e68868, netAmountDuffs=-490, feeDuffs=null, contextCode=0, directionCode=2)
06:09:56 [DefaultDispatcher-worker-17] L1ShadowSyncService - L1 engine tx event: Detected(txidHex=6354cd350aae77c27f758598e0b8d599b722ec4236d824aafd5744985409d954, netAmountDuffs=-490, feeDuffs=null, contextCode=0, directionCode=2)
06:09:56 [DefaultDispatcher-worker-17] L1ShadowSyncService - L1 engine tx event: Detected(txidHex=3b3329de60da10dc26e5f96098681785f6535a9f5f0ba39b1421351a2800c814, netAmountDuffs=-490, feeDuffs=null, contextCode=0, directionCode=2)
06:09:57 [DefaultDispatcher-worker-14] L1ShadowSyncService - L1 engine tx event: Detected(txidHex=cf6d2c3f59bd7bff237c227b01bfc3e2762c9f5762c82cdc92ec24ca1f0707fe, netAmountDuffs=-490, feeDuffs=null, contextCode=0, directionCode=2)
06:09:57 [DefaultDispatcher-worker-14] L1ShadowSyncService - L1 engine tx event: Detected(txidHex=fa796c3c7c3e03f7604be1abbd5aac3eee0da7062b5f33051461c36a2f597df5, netAmountDuffs=-490, feeDuffs=null, contextCode=0, directionCode=2)
06:09:57 [DefaultDispatcher-worker-14] L1ShadowSyncService - L1 engine tx event: Detected(txidHex=cc69110a3ccfa0658c4d098342463f897a25cb8c9621e13e877a6c078754288e, netAmountDuffs=-490, feeDuffs=null, contextCode=0, directionCode=2)
06:09:57 [DefaultDispatcher-worker-6] CutoverUiDataService - SDK balance published: 98975210 duffs (was 98975700) | l1Synced=true rescanArmedHold=true dashPayBackfill(armed=false,replaying=false) deferredContactBuilds=0 (unchangedReads=3) persistedAsLastKnown=false lastKnown=0
06:09:57 [DefaultDispatcher-worker-5] L1ShadowSyncService - L1 engine tx event: Detected(txidHex=429f3edef2a97e1da008e0f08b0b63f3bfa2917a274de3ea0403b65ae9a8ca8c, netAmountDuffs=-490, feeDuffs=null, contextCode=0, directionCode=2)
06:09:57 [DefaultDispatcher-worker-10] CutoverUiDataService - SDK balance published: 98972760 duffs (was 98975210) | l1Synced=true rescanArmedHold=true dashPayBackfill(armed=false,replaying=false) deferredContactBuilds=0 (unchangedReads=3) persistedAsLastKnown=false lastKnown=0
06:09:57 [DefaultDispatcher-worker-12] L1ShadowSyncService - L1 engine tx event: Detected(txidHex=43815bf7b84a7f26a16be173b92d2d435d7466e7fe08547c6550682b546add7c, netAmountDuffs=-490, feeDuffs=null, contextCode=0, directionCode=2)
06:09:57 [DefaultDispatcher-worker-10] CutoverUiDataService - SDK balance published: 98972270 duffs (was 98972760) | l1Synced=true rescanArmedHold=true dashPayBackfill(armed=false,replaying=false) deferredContactBuilds=0 (unchangedReads=3) persistedAsLastKnown=false lastKnown=0
06:09:57 [DefaultDispatcher-worker-13] L1ShadowSyncService - L1 engine tx event: Detected(txidHex=6867f6a83a10d74d3da3de107c188b2802e788c3835c678bbe12a11cc4fb5967, netAmountDuffs=-490, feeDuffs=null, contextCode=0, directionCode=2)
06:09:57 [DefaultDispatcher-worker-10] CutoverUiDataService - SDK balance published: 98971780 duffs (was 98972270) | l1Synced=true rescanArmedHold=true dashPayBackfill(armed=false,replaying=false) deferredContactBuilds=0 (unchangedReads=3) persistedAsLastKnown=false lastKnown=0
06:09:57 [DefaultDispatcher-worker-1] L1ShadowSyncService - L1 engine tx event: Detected(txidHex=5ba7923eb0c82adca0070a4d3baa9b8b6cc306254b980806c982a8a0637ffc61, netAmountDuffs=-490, feeDuffs=null, contextCode=0, directionCode=2)
06:09:57 [DefaultDispatcher-worker-9] CutoverUiDataService - SDK balance published: 98971290 duffs (was 98971780) | l1Synced=true rescanArmedHold=true dashPayBackfill(armed=false,replaying=false) deferredContactBuilds=0 (unchangedReads=3) persistedAsLastKnown=false lastKnown=0
06:09:57 [DefaultDispatcher-worker-16] L1ShadowSyncService - L1 engine chainlock height 0 -> 1556575
06:09:57 [DefaultDispatcher-worker-16] L1ShadowSyncService - L1 engine tx event: Detected(txidHex=51c3a03d218f063dea95adee0ec86f81f60b36733e2954407fb5642e5d63275f, netAmountDuffs=-490, feeDuffs=null, contextCode=0, directionCode=2)
06:09:57 [DefaultDispatcher-worker-16] L1ShadowSyncService - L1 engine tx event: Detected(txidHex=1fe0d8969fcf6f712b3f4d5d33d3f233c4f00bc7b3de420892aee27681daa447, netAmountDuffs=-490, feeDuffs=null, contextCode=0, directionCode=2)
06:09:57 [DefaultDispatcher-worker-16] L1ShadowSyncService - L1 engine tx event: Detected(txidHex=09daae48eb157a24b8ebe699c83cc802b96c03d69d8231dba2a2647c7d093f05, netAmountDuffs=-490, feeDuffs=null, contextCode=0, directionCode=2)
06:09:57 [DefaultDispatcher-worker-16] L1ShadowSyncService - L1 engine tx event: Detected(txidHex=339be8b5952a6cdecfbf50a25cbc7bdec0bd4bd16b179946bdee49ad59f088f6, netAmountDuffs=-530, feeDuffs=null, contextCode=0, directionCode=2)
06:09:57 [DefaultDispatcher-worker-16] L1ShadowSyncService - L1 engine tx event: Detected(txidHex=b2605e20e3fdfdcb043f34e062ad50f15d71eca917c29d8ed0d20a9a381abbec, netAmountDuffs=-530, feeDuffs=null, contextCode=1, directionCode=2)
06:09:57 [DefaultDispatcher-worker-16] L1ShadowSyncService - L1 engine tx event: Detected(txidHex=29b24f7c92d2d0a7b3f567b7cb6cae89a0626a5aa0e86113e12e8cbb6dec9ac3, netAmountDuffs=-530, feeDuffs=null, contextCode=0, directionCode=2)
06:09:57 [DefaultDispatcher-worker-13] L1ShadowSyncService - L1 engine tx event: InstantLocked(txidHex=fbb13cf5123a2a47b659295dadf094fb386677050f20d2b766290c29ce543df9)
06:09:57 [DefaultDispatcher-worker-13] L1ShadowSyncService - L1 engine tx event: Detected(txidHex=4e92b327b2150faba79c2374679c41a852449ad6a79d9b8d85021284dc7e4538, netAmountDuffs=-530, feeDuffs=null, contextCode=0, directionCode=2)
06:09:57 [DefaultDispatcher-worker-13] L1ShadowSyncService - L1 engine tx event: InstantLocked(txidHex=a5d97df90f45e29d14b82b16a630f1c17597dc25a1abd8c41ea07c041fffeccc)
06:09:57 [DefaultDispatcher-worker-13] L1ShadowSyncService - L1 engine tx event: Detected(txidHex=f019aaebb2957cb568f7aee86a734862242539a1cd7e480a1ca8a1c5cdf6b192, netAmountDuffs=-570, feeDuffs=null, contextCode=0, directionCode=2)
06:09:57 [DefaultDispatcher-worker-13] L1ShadowSyncService - L1 engine tx event: Detected(txidHex=d8d2f637e0aa6316f71e8b526df5aa965cef8a87f1547cc0f602d8a32b64196f, netAmountDuffs=-570, feeDuffs=null, contextCode=0, directionCode=2)
06:09:57 [DefaultDispatcher-worker-13] L1ShadowSyncService - L1 engine tx event: Detected(txidHex=c71ee0b293db0e0c16e7cc30fda36de51daa4ef1d02d93495ae34f1820942a48, netAmountDuffs=-570, feeDuffs=null, contextCode=0, directionCode=2)
06:09:57 [DefaultDispatcher-worker-13] L1ShadowSyncService - L1 engine tx event: Detected(txidHex=caf0141390654fd26a974b6d41464159475a21e8d92500a301f0a0ffe9cc899f, netAmountDuffs=-570, feeDuffs=null, contextCode=0, directionCode=2)
06:09:57 [DefaultDispatcher-worker-13] L1ShadowSyncService - L1 engine tx event: Detected(txidHex=c7b1dc2338ad65ede1c59b9f5dd0b928e28fd6bb1435c834b097a7c39b02a14b, netAmountDuffs=-570, feeDuffs=null, contextCode=0, directionCode=2)
06:09:57 [DefaultDispatcher-worker-13] L1ShadowSyncService - L1 engine tx event: Detected(txidHex=28e65aab40313f4993d2acaa2f8ecf523a0586bc5c56f3cd2a73baae938cc1fa, netAmountDuffs=-640, feeDuffs=null, contextCode=0, directionCode=2)
06:09:57 [DefaultDispatcher-worker-13] L1ShadowSyncService - L1 engine tx event: Detected(txidHex=954fc72c0bcf41ae8c22c1977d82408cae8309c74783bf2cf86a30af25ba9800, netAmountDuffs=-640, feeDuffs=null, contextCode=0, directionCode=2)
06:09:57 [DefaultDispatcher-worker-13] L1ShadowSyncService - L1 engine tx event: InstantLocked(txidHex=98858163bd225bdf49f577972887ba6e05176182e4ba72e5ca4e4fd82058bec7)
06:09:57 [DefaultDispatcher-worker-13] L1ShadowSyncService - L1 engine tx event: Detected(txidHex=cc4c64290ae9021f7cae7b630ae912f9501874202692118eb4e5005fb3364274, netAmountDuffs=-640, feeDuffs=null, contextCode=0, directionCode=2)
06:09:57 [DefaultDispatcher-worker-13] L1ShadowSyncService - L1 engine tx event: Detected(txidHex=3e977543a562e14f5474d8068dcc4197532459ffdb3bfa6c439fc36649162bc5, netAmountDuffs=-640, feeDuffs=null, contextCode=0, directionCode=2)
06:09:57 [DefaultDispatcher-worker-13] L1ShadowSyncService - L1 engine tx event: InstantLocked(txidHex=b47322317c4a43137ae7699723d5ab05769c58ba2e97b2f9fc7ffcf2d91160ad)
06:09:57 [DefaultDispatcher-worker-13] L1ShadowSyncService - L1 engine tx event: Detected(txidHex=bb7b01dff397e90745ea41998115d8cae3b8ea26b8d72e5a7ab35f8eef42f3cd, netAmountDuffs=-680, feeDuffs=null, contextCode=0, directionCode=2)
06:09:57 [DefaultDispatcher-worker-13] L1ShadowSyncService - L1 engine tx event: Detected(txidHex=15c5524e8e210526d12449745d3493e90d551cabce9696b38b0ce475e5673585, netAmountDuffs=-680, feeDuffs=null, contextCode=0, directionCode=2)
06:09:57 [DefaultDispatcher-worker-13] L1ShadowSyncService - L1 engine tx event: Detected(txidHex=1ad64a8e3452b5d0da1e2aa18d3500b452feafd648a4fe77379ce0ae44eff982, netAmountDuffs=-680, feeDuffs=null, contextCode=0, directionCode=2)
06:09:57 [DefaultDispatcher-worker-13] L1ShadowSyncService - L1 engine tx event: Detected(txidHex=b4b6fb3c4b2afeaa6445dc0d68ba31e0f1ed9dc91f23738d403979184856b97c, netAmountDuffs=-680, feeDuffs=null, contextCode=0, directionCode=2)
06:09:57 [DefaultDispatcher-worker-13] L1ShadowSyncService - L1 engine tx event: Detected(txidHex=8d576512325f918cc6acca65d2ab8202a958199d1b9136c052a1a192cf01cbfd, netAmountDuffs=-680, feeDuffs=null, contextCode=0, directionCode=2)
06:09:57 [DefaultDispatcher-worker-13] L1ShadowSyncService - L1 engine tx event: Detected(txidHex=75b33a699b7717682c4a03c30eef85b7edcb335f959bd66371bbe75a7bbe43e5, netAmountDuffs=-680, feeDuffs=null, contextCode=0, directionCode=2)
06:09:57 [DefaultDispatcher-worker-13] L1ShadowSyncService - L1 engine tx event: InstantLocked(txidHex=476e57af65985090c258212c2e0ffa43b72800f022caf058e0bc4839435d2881)
06:09:57 [DefaultDispatcher-worker-13] L1ShadowSyncService - L1 engine tx event: Detected(txidHex=b2603ecea78e14a2fc4138775c47334cb1d43b47383d0cb35fd28f3df230d7b1, netAmountDuffs=-680, feeDuffs=null, contextCode=0, directionCode=2)
06:09:57 [DefaultDispatcher-worker-13] L1ShadowSyncService - L1 engine tx event: Detected(txidHex=0216402c2dab4d62bb7fe9a011273a77bc39a546ac73ed9e0ef068bb6e53fa6c, netAmountDuffs=-680, feeDuffs=null, contextCode=0, directionCode=2)
06:09:57 [DefaultDispatcher-worker-13] L1ShadowSyncService - L1 engine tx event: Detected(txidHex=ca147b8eb7b952599da03ef8f07e8af64383474988c1400684777995eedf443c, netAmountDuffs=-680, feeDuffs=null, contextCode=0, directionCode=2)
06:09:57 [DefaultDispatcher-worker-13] L1ShadowSyncService - L1 engine tx event: Detected(txidHex=83bdb1502c5c8d5fff5186d4e36e5295f14da2618f54abe6c0eed7bab0707d36, netAmountDuffs=-680, feeDuffs=null, contextCode=0, directionCode=2)
06:09:57 [DefaultDispatcher-worker-13] L1ShadowSyncService - L1 engine tx event: Detected(txidHex=b952a9a254b344c59a39fd447a07f9ac3b550d87f96e445df19ccc87d3a8a69a, netAmountDuffs=-680, feeDuffs=null, contextCode=0, directionCode=2)
06:09:57 [DefaultDispatcher-worker-13] L1ShadowSyncService - L1 engine tx event: Detected(txidHex=f017fe9d8016ff2c97aee145589ff97871cecbc8b61c90c1a6eb61c7ccf3267a, netAmountDuffs=-680, feeDuffs=null, contextCode=0, directionCode=2)
06:09:57 [DefaultDispatcher-worker-13] L1ShadowSyncService - L1 engine tx event: Detected(txidHex=010c2ad86364ff80fab3c0c6b0e547fc4fe9eadf38e7f34dfe45a89d25bc4f0c, netAmountDuffs=-680, feeDuffs=null, contextCode=0, directionCode=2)
06:09:57 [DefaultDispatcher-worker-13] L1ShadowSyncService - L1 engine tx event: Detected(txidHex=45002a47acd8395f3b0dcf0bface6fc53f9606a2bcf54de9a3f4b4d56c32acf8, netAmountDuffs=-770, feeDuffs=null, contextCode=0, directionCode=2)
06:09:57 [DefaultDispatcher-worker-13] L1ShadowSyncService - L1 engine tx event: Detected(txidHex=adab52ea44c11f12582e7d1775cabef1dcbb2147ae55528fdedeb362bac7b3ea, netAmountDuffs=-770, feeDuffs=null, contextCode=0, directionCode=2)
06:09:57 [DefaultDispatcher-worker-13] L1ShadowSyncService - L1 engine tx event: Detected(txidHex=92f38c59ae4ca7557a02bea88a3bc226a1973e92510aea4c63172883c8eba655, netAmountDuffs=-770, feeDuffs=null, contextCode=0, directionCode=2)
06:09:57 [DefaultDispatcher-worker-13] L1ShadowSyncService - L1 engine tx event: Detected(txidHex=9b863d0f6fd2b330ad044f3dbbd63fcdea49aa89f7245548872a07c60e20f0fa, netAmountDuffs=-770, feeDuffs=null, contextCode=0, directionCode=2)
06:09:57 [DefaultDispatcher-worker-13] L1ShadowSyncService - L1 engine tx event: Detected(txidHex=210367a2f8ab36d176115c2acd0c36bbde9e8da8c25bb2e64b52360523af33a5, netAmountDuffs=-720, feeDuffs=null, contextCode=0, directionCode=2)
06:09:57 [DefaultDispatcher-worker-13] L1ShadowSyncService - L1 engine tx event: Detected(txidHex=e575836830a388ba667ee7cd836e1b3d1d0de6423eeca35e0a7fa92003aaff4e, netAmountDuffs=-720, feeDuffs=null, contextCode=0, directionCode=2)
06:09:57 [DefaultDispatcher-worker-13] L1ShadowSyncService - L1 engine tx event: Detected(txidHex=b93a6b193362a405012f70d31ce97dea736470ebb8975cd9a96d2bdf7f6de77b, netAmountDuffs=-720, feeDuffs=null, contextCode=0, directionCode=2)
06:09:57 [DefaultDispatcher-worker-13] L1ShadowSyncService - L1 engine tx event: Detected(txidHex=7dc8b92a9381f442ab769c6315b14e9fc245133795a75017ed877839163ef0b0, netAmountDuffs=-720, feeDuffs=null, contextCode=0, directionCode=2)
06:09:57 [DefaultDispatcher-worker-13] L1ShadowSyncService - L1 engine tx event: Detected(txidHex=65fffb4754d69f633a9413fb8395b765501cce30f252ac40df65d150c138ec77, netAmountDuffs=-760, feeDuffs=null, contextCode=0, directionCode=2)
06:09:57 [DefaultDispatcher-worker-13] L1ShadowSyncService - L1 engine tx event: Detected(txidHex=3ebbb86377e1b784f35787168247a93f8143c48b2fa25b1d37287feaa0fdf344, netAmountDuffs=-800, feeDuffs=null, contextCode=0, directionCode=2)
06:09:57 [DefaultDispatcher-worker-13] L1ShadowSyncService - L1 engine tx event: Detected(txidHex=3663e1a052d1b30d0dfac3bb1ff6292952462031cefb65bcf48d8dbda726cdba, netAmountDuffs=-840, feeDuffs=null, contextCode=0, directionCode=2)
06:09:57 [DefaultDispatcher-worker-13] L1ShadowSyncService - L1 engine tx event: Detected(txidHex=d9a816e107ca8f341588778661ab5de4bcad3aa42117acde7cf7708ca36e0a96, netAmountDuffs=-920, feeDuffs=null, contextCode=0, directionCode=2)
06:09:57 [DefaultDispatcher-worker-13] L1ShadowSyncService - L1 engine tx event: Detected(txidHex=7217ec01730db90731fd268a5616647959d3b498b42dbf29647dd7e1f0013a49, netAmountDuffs=-920, feeDuffs=null, contextCode=0, directionCode=2)
06:09:57 [DefaultDispatcher-worker-13] L1ShadowSyncService - L1 engine tx event: Detected(txidHex=01ac5b9593c31bb542cf4150f6915361369895c325aa69ef8a86e2400bb37d1a, netAmountDuffs=-920, feeDuffs=null, contextCode=0, directionCode=2)
06:09:57 [DefaultDispatcher-worker-13] L1ShadowSyncService - L1 engine tx event: InstantLocked(txidHex=41b0bca422921746f2964a67235c0ba9c04144213d1f99c7b95b9115454c1a7b)
06:09:57 [DefaultDispatcher-worker-13] L1ShadowSyncService - L1 engine tx event: Detected(txidHex=29640357223c0b5c20007a5cd05c109e958c32bd3138bea4ff55f22ae52acf15, netAmountDuffs=-920, feeDuffs=null, contextCode=0, directionCode=2)
06:09:57 [DefaultDispatcher-worker-13] L1ShadowSyncService - L1 engine tx event: Detected(txidHex=2ff12727355a9e6054c0321129331d0092229fcf5ae3c4fe6d63724cfa44ae23, netAmountDuffs=-920, feeDuffs=null, contextCode=0, directionCode=2)
06:09:57 [DefaultDispatcher-worker-13] L1ShadowSyncService - L1 engine tx event: Detected(txidHex=4e546e86ac3ca3d299542633b856be9454b3cf5f5334bc4612e16bb01b83ebc8, netAmountDuffs=-870, feeDuffs=null, contextCode=0, directionCode=2)
06:09:57 [DefaultDispatcher-worker-13] L1ShadowSyncService - L1 engine tx event: Detected(txidHex=3bea435ad58816d1644684178125ee922b2d235ecbc97a32a3bdb70eb9b20d49, netAmountDuffs=-870, feeDuffs=null, contextCode=0, directionCode=2)
06:09:57 [DefaultDispatcher-worker-13] L1ShadowSyncService - L1 engine tx event: Detected(txidHex=a87ba87d8c73e7921e5c285a7966b19f8eaa0db2bcee740d531463e11dc75439, netAmountDuffs=-870, feeDuffs=null, contextCode=0, directionCode=2)
06:09:57 [DefaultDispatcher-worker-13] L1ShadowSyncService - L1 engine tx event: Detected(txidHex=3038a61c7c92446118484c0c8e6eaabc00ca84884d244dffca975835c2eb772b, netAmountDuffs=-870, feeDuffs=null, contextCode=0, directionCode=2)
06:09:57 [DefaultDispatcher-worker-13] L1ShadowSyncService - L1 engine tx event: Detected(txidHex=220bb45990c9b845ad11996e1f35c01a7313401860997e01a909d6005d31c2eb, netAmountDuffs=-870, feeDuffs=null, contextCode=0, directionCode=2)
06:09:57 [DefaultDispatcher-worker-13] L1ShadowSyncService - L1 engine tx event: Detected(txidHex=461b8672bfe2c463332956c7e6ed95bbee4f0db668bdc5f42f926f82672437ea, netAmountDuffs=-870, feeDuffs=null, contextCode=0, directionCode=2)
06:09:57 [DefaultDispatcher-worker-13] L1ShadowSyncService - L1 engine tx event: Detected(txidHex=ffe50d5d4a941439d43b736aa05356269b290d8b8781a61d9a2c7f77e0ab78e8, netAmountDuffs=-870, feeDuffs=null, contextCode=0, directionCode=2)
06:09:57 [DefaultDispatcher-worker-13] L1ShadowSyncService - L1 engine tx event: Detected(txidHex=5bfd6d7317a1a4534b476c9604000b2f0206e0532ad61b2263364ca60f7186a4, netAmountDuffs=-870, feeDuffs=null, contextCode=0, directionCode=2)
06:09:57 [DefaultDispatcher-worker-13] L1ShadowSyncService - L1 engine tx event: Detected(txidHex=8bce5b94c190e69cb6c40695a6df129bf9cab30f4a66a2ee95de539c93b84a83, netAmountDuffs=-870, feeDuffs=null, contextCode=0, directionCode=2)
06:09:57 [DefaultDispatcher-worker-13] L1ShadowSyncService - L1 engine tx event: InstantLocked(txidHex=37f1007e42d8e940fd9c46fd3121744f84f9d5374140708cd02898e3df759c70)
06:09:57 [DefaultDispatcher-worker-13] L1ShadowSyncService - L1 engine tx event: InstantLocked(txidHex=e895820c9d7db0dfba19cdac16c61e09d664a73db7b9ac4f5c83e16dc7e68868)
06:09:57 [DefaultDispatcher-worker-13] L1ShadowSyncService - L1 engine tx event: Detected(txidHex=cdccba975ad5f919ae52d8403d6c8bb099878987b1670e60a980a6ea90a92edc, netAmountDuffs=-870, feeDuffs=null, contextCode=0, directionCode=2)
06:09:57 [DefaultDispatcher-worker-13] L1ShadowSyncService - L1 engine tx event: Detected(txidHex=07e107bf8538da5317f2d8eae64341b613f9b58d2a922040ee15b69276ef9a46, netAmountDuffs=-870, feeDuffs=null, contextCode=0, directionCode=2)
06:09:57 [DefaultDispatcher-worker-13] L1ShadowSyncService - L1 engine tx event: Detected(txidHex=bb6ff06eb38bc9232ee33d549da1da4af6f9ea62f3508a82dc9a53bff7718f2b, netAmountDuffs=-870, feeDuffs=null, contextCode=0, directionCode=2)
06:09:57 [DefaultDispatcher-worker-13] L1ShadowSyncService - L1 engine tx event: Detected(txidHex=01606b32db6f74bb8816574840521f19d9aad1bc9ef9502c46ecaea5735c0bfa, netAmountDuffs=-910, feeDuffs=null, contextCode=0, directionCode=2)
06:09:57 [DefaultDispatcher-worker-13] L1ShadowSyncService - L1 engine tx event: InstantLocked(txidHex=6354cd350aae77c27f758598e0b8d599b722ec4236d824aafd5744985409d954)
06:09:57 [DefaultDispatcher-worker-13] L1ShadowSyncService - L1 engine tx event: Detected(txidHex=1d8ec51a1293c7c6831c0151a055baff036e410c96676b452b054c54bd8d3400, netAmountDuffs=-910, feeDuffs=null, contextCode=0, directionCode=2)
06:09:57 [DefaultDispatcher-worker-13] L1ShadowSyncService - L1 engine tx event: Detected(txidHex=3b0871feabaca6b181b10719c421fbd6ffef07c89a271767249e4211ce0aa786, netAmountDuffs=-910, feeDuffs=null, contextCode=0, directionCode=2)
06:09:57 [DefaultDispatcher-worker-16] L1ShadowSyncService - L1 engine tx event: InstantLocked(txidHex=3b3329de60da10dc26e5f96098681785f6535a9f5f0ba39b1421351a2800c814)
06:09:57 [DefaultDispatcher-worker-16] L1ShadowSyncService - L1 engine tx event: Detected(txidHex=bc95d38edf3d9ce9f193f8f18ebf5db6b2a62bac649a0cc722890f63cc115d63, netAmountDuffs=-910, feeDuffs=null, contextCode=0, directionCode=2)
06:09:57 [DefaultDispatcher-worker-16] L1ShadowSyncService - L1 engine tx event: InstantLocked(txidHex=cf6d2c3f59bd7bff237c227b01bfc3e2762c9f5762c82cdc92ec24ca1f0707fe)
06:09:57 [DefaultDispatcher-worker-16] L1ShadowSyncService - L1 engine tx event: Detected(txidHex=fd1f4b06a512d8951aa5d379494f04493bf7b7035ea50aaf0818c0974d0f6e52, netAmountDuffs=-910, feeDuffs=null, contextCode=0, directionCode=2)
06:09:57 [DefaultDispatcher-worker-16] L1ShadowSyncService - L1 engine tx event: Detected(txidHex=aacdae8a08bc0ea324d1cba0cafc55a5445fcd1a9a5b6ea505f0f4464b647b0e, netAmountDuffs=-910, feeDuffs=null, contextCode=0, directionCode=2)
06:09:57 [DefaultDispatcher-worker-16] L1ShadowSyncService - L1 engine tx event: Detected(txidHex=db1d3e905ccdd1c73752c0f29a775f33d7691c589d4cb7fd4c284eccebccb5f8, netAmountDuffs=-950, feeDuffs=null, contextCode=0, directionCode=2)
06:09:57 [DefaultDispatcher-worker-16] L1ShadowSyncService - L1 engine tx event: Detected(txidHex=c9b07196b5ed6df0d909948be1ceb206e60cddac9d0ba23821c7b97bdfe2bfe6, netAmountDuffs=-990, feeDuffs=null, contextCode=0, directionCode=2)
06:09:57 [main] SendCoinsFragment - enterAmountViewModel.blockContinue = true, viewModel.dryRunSuccessful.value = false
06:09:57 [DefaultDispatcher-worker-15] MainViewModel - blockchain state update: mnlist=1556575; chain=1556575; wallet=-1
06:09:57 [DefaultDispatcher-worker-2] CutoverUiDataService - SDK balance published: 98890370 duffs (was 98971290) | l1Synced=true rescanArmedHold=true dashPayBackfill(armed=false,replaying=false) deferredContactBuilds=0 (unchangedReads=3) persistedAsLastKnown=false lastKnown=0
06:09:57 [DefaultDispatcher-worker-16] L1ShadowSyncService - L1 engine tx event: Detected(txidHex=fff1270f09ec9634f15e3b832b2108f5d738128afb0358d690462cbda122bb0a, netAmountDuffs=-990, feeDuffs=null, contextCode=0, directionCode=2)
06:09:57 [DefaultDispatcher-worker-16] L1ShadowSyncService - L1 engine tx event: Detected(txidHex=82862b751dfd300d1e578ad1852a40eed8ece7bec497adcae82f6f0b98a35154, netAmountDuffs=-990, feeDuffs=null, contextCode=1, directionCode=2)
06:09:57 [DefaultDispatcher-worker-16] L1ShadowSyncService - L1 engine tx event: Detected(txidHex=d1e419a00244907bab22bd3948dff7098198cdb9083242993e6fb1d37cf1c1fb, netAmountDuffs=-1070, feeDuffs=null, contextCode=0, directionCode=2)
06:09:57 [DefaultDispatcher-worker-16] L1ShadowSyncService - L1 engine tx event: Detected(txidHex=63a72bdb27adb4e43558c335bac9bc618da57114623ee1d01686b9d3a90056fd, netAmountDuffs=-1070, feeDuffs=null, contextCode=0, directionCode=2)
06:09:57 [DefaultDispatcher-worker-16] L1ShadowSyncService - L1 engine tx event: InstantLocked(txidHex=fa796c3c7c3e03f7604be1abbd5aac3eee0da7062b5f33051461c36a2f597df5)
06:09:57 [DefaultDispatcher-worker-16] L1ShadowSyncService - L1 engine tx event: Detected(txidHex=1c4d9b5f19c37a498d534e13ff178b4433a9954bcc966d8421a82b150987434d, netAmountDuffs=-1070, feeDuffs=null, contextCode=0, directionCode=2)
06:09:57 [DefaultDispatcher-worker-16] L1ShadowSyncService - L1 engine tx event: Detected(txidHex=b7344fa23c3354ae8f8dea189efac1e2e76868e9fbbf2a9fd32557d7597bc620, netAmountDuffs=-1070, feeDuffs=null, contextCode=0, directionCode=2)
06:09:57 [DefaultDispatcher-worker-16] L1ShadowSyncService - L1 engine tx event: InstantLocked(txidHex=cc69110a3ccfa0658c4d098342463f897a25cb8c9621e13e877a6c078754288e)
06:09:57 [DefaultDispatcher-worker-16] L1ShadowSyncService - L1 engine tx event: Detected(txidHex=9b2f4234af3088b5e5159911d0affb0bac8ae531947b3195781c2ecb4cfba209, netAmountDuffs=-1070, feeDuffs=null, contextCode=0, directionCode=2)
06:09:57 [DefaultDispatcher-worker-16] L1ShadowSyncService - L1 engine tx event: Detected(txidHex=2cb6844ead12f26d0c5c77ec34fad3709411fce12112928c778c83ca3f3e07f7, netAmountDuffs=-1070, feeDuffs=null, contextCode=0, directionCode=2)
06:09:57 [DefaultDispatcher-worker-16] L1ShadowSyncService - L1 engine tx event: Detected(txidHex=af97d891ae355579ce2553f5ac5ef9519575811f49a4febea5f90d72fe94afd8, netAmountDuffs=-1070, feeDuffs=null, contextCode=0, directionCode=2)
06:09:57 [DefaultDispatcher-worker-16] L1ShadowSyncService - L1 engine tx event: Detected(txidHex=541c2333fe43aa85316629d3ef38338598f99122300f3eea43c98dcdccdb72ca, netAmountDuffs=-1070, feeDuffs=null, contextCode=1, directionCode=2)
06:09:57 [DefaultDispatcher-worker-16] L1ShadowSyncService - L1 engine tx event: Detected(txidHex=429c6bca9be8471b01b6ab7c3e8f5496f4656279132b6e7410c28e66716d558c, netAmountDuffs=-1070, feeDuffs=null, contextCode=0, directionCode=2)
06:09:57 [DefaultDispatcher-worker-16] L1ShadowSyncService - L1 engine tx event: InstantLocked(txidHex=429f3edef2a97e1da008e0f08b0b63f3bfa2917a274de3ea0403b65ae9a8ca8c)
06:09:57 [DefaultDispatcher-worker-16] L1ShadowSyncService - L1 engine tx event: Detected(txidHex=2dcc42701af1fa97dc76a823fd5b4d4e4badf2d3b8bb5a188a63f5e8c69d967a, netAmountDuffs=-1070, feeDuffs=null, contextCode=0, directionCode=2)
06:09:57 [DefaultDispatcher-worker-16] L1ShadowSyncService - L1 engine tx event: Detected(txidHex=44324f14d6ebb80036eb7f9b46921d8f40971c70ec636d31e1fee2825eaa3ddb, netAmountDuffs=-1060, feeDuffs=null, contextCode=0, directionCode=2)
06:09:57 [DefaultDispatcher-worker-16] L1ShadowSyncService - L1 engine tx event: InstantLocked(txidHex=43815bf7b84a7f26a16be173b92d2d435d7466e7fe08547c6550682b546add7c)
06:09:57 [DefaultDispatcher-worker-16] L1ShadowSyncService - L1 engine tx event: Detected(txidHex=e1347612a31ba30e9a6f7ca37f9d74599d88441ab1c458da523f0b8be7cf3f34, netAmountDuffs=-1060, feeDuffs=null, contextCode=0, directionCode=2)
06:09:57 [DefaultDispatcher-worker-15] CutoverUiDataService - SDK balance published: 98888090 duffs (was 98890370) | l1Synced=true rescanArmedHold=true dashPayBackfill(armed=false,replaying=false) deferredContactBuilds=0 (unchangedReads=3) persistedAsLastKnown=false lastKnown=0
06:09:57 [DefaultDispatcher-worker-16] L1ShadowSyncService - L1 engine tx event: Detected(txidHex=f610ec891776b2cb1bbb5c4b582e7b7adb0b65d20f7bc4b04315db516c27a1f3, netAmountDuffs=-1060, feeDuffs=null, contextCode=0, directionCode=2)
06:09:57 [DefaultDispatcher-worker-16] L1ShadowSyncService - L1 engine tx event: Detected(txidHex=37935cbab56e86c40edc1dcd721a03220f79c00ccd42c24e032706d81a92c2a0, netAmountDuffs=-1060, feeDuffs=null, contextCode=0, directionCode=2)
06:09:57 [DefaultDispatcher-worker-16] L1ShadowSyncService - L1 engine tx event: Detected(txidHex=f601ca8f53028a945a31af6f241e311fa56aaf2feabfd5b8de4a704db09cd757, netAmountDuffs=-1060, feeDuffs=null, contextCode=0, directionCode=2)
06:09:57 [DefaultDispatcher-worker-16] L1ShadowSyncService - L1 engine tx event: InstantLocked(txidHex=6867f6a83a10d74d3da3de107c188b2802e788c3835c678bbe12a11cc4fb5967)
06:09:57 [DefaultDispatcher-worker-16] L1ShadowSyncService - L1 engine tx event: Detected(txidHex=ca741d8761e378436366be74a3c6b6ce313cbe0392706b6fd30705c0d95c3d99, netAmountDuffs=-1060, feeDuffs=null, contextCode=0, directionCode=2)
06:09:57 [DefaultDispatcher-worker-16] L1ShadowSyncService - L1 engine tx event: Detected(txidHex=cc70869a5fa6ec358d159656a9f09f86e0a6d543b5f6823070db5b8662694f46, netAmountDuffs=-1100, feeDuffs=null, contextCode=0, directionCode=2)
06:09:57 [DefaultDispatcher-worker-16] L1ShadowSyncService - L1 engine tx event: Detected(txidHex=aeb3e29509bbf5eea162a5e25759c018c25c2ed5351eb6aa25e54b6b3a06933e, netAmountDuffs=-1100, feeDuffs=null, contextCode=0, directionCode=2)
06:09:57 [DefaultDispatcher-worker-16] L1ShadowSyncService - L1 engine tx event: Detected(txidHex=55a276167fc372ca1d21c27ad55706db86ec7da23031469ea299ffd5efd1a71d, netAmountDuffs=-1100, feeDuffs=null, contextCode=0, directionCode=2)
06:09:57 [DefaultDispatcher-worker-16] L1ShadowSyncService - L1 engine tx event: Detected(txidHex=198101c68bb8480ac2b04f05665691464a0be3547e99a13c91e02b86fd0ba3cc, netAmountDuffs=-1100, feeDuffs=null, contextCode=0, directionCode=2)
06:09:57 [DefaultDispatcher-worker-16] L1ShadowSyncService - L1 engine tx event: Detected(txidHex=da2bce128af747b24298bbea620c381978a72721b52e09f31afff3dae8aff9a9, netAmountDuffs=-1100, feeDuffs=null, contextCode=0, directionCode=2)
06:09:57 [DefaultDispatcher-worker-16] L1ShadowSyncService - L1 engine tx event: Detected(txidHex=f41958d81fccc2b7cd79d17242874ee144794d12b25f8a520c0f4ca6bddf957f, netAmountDuffs=-1100, feeDuffs=null, contextCode=0, directionCode=2)
06:09:57 [DefaultDispatcher-worker-16] L1ShadowSyncService - L1 engine tx event: Detected(txidHex=1493c13121d8aab5afebb9470ccbe442b36a9a822e7c6544b1ef386b4057f02a, netAmountDuffs=-1100, feeDuffs=null, contextCode=0, directionCode=2)
06:09:57 [DefaultDispatcher-worker-16] L1ShadowSyncService - L1 engine tx event: InstantLocked(txidHex=5ba7923eb0c82adca0070a4d3baa9b8b6cc306254b980806c982a8a0637ffc61)
06:09:57 [DefaultDispatcher-worker-16] L1ShadowSyncService - L1 engine tx event: InstantLocked(txidHex=51c3a03d218f063dea95adee0ec86f81f60b36733e2954407fb5642e5d63275f)
06:09:57 [DefaultDispatcher-worker-16] L1ShadowSyncService - L1 engine tx event: InstantLocked(txidHex=1fe0d8969fcf6f712b3f4d5d33d3f233c4f00bc7b3de420892aee27681daa447)
06:09:57 [DefaultDispatcher-worker-16] L1ShadowSyncService - L1 engine tx event: InstantLocked(txidHex=09daae48eb157a24b8ebe699c83cc802b96c03d69d8231dba2a2647c7d093f05)
06:09:57 [DefaultDispatcher-worker-16] L1ShadowSyncService - L1 engine tx event: Detected(txidHex=6aa1c59bf948f3a33a38acaf0fcee3fc27933ade8f681c7b7a2fbc6597830089, netAmountDuffs=-1100, feeDuffs=null, contextCode=0, directionCode=2)
06:09:57 [DefaultDispatcher-worker-16] L1ShadowSyncService - L1 engine tx event: Detected(txidHex=2b48f85a9466e3bfc3fbe019d779ae37b03742c34e8fad3fe4fef56cd02a8c6f, netAmountDuffs=-1100, feeDuffs=null, contextCode=0, directionCode=2)
06:09:57 [DefaultDispatcher-worker-16] L1ShadowSyncService - L1 engine tx event: Detected(txidHex=0262a3153019e9459b51bb02a5c1b1cef7d209368aa4ea71278ea14cda5e0153, netAmountDuffs=-1100, feeDuffs=null, contextCode=0, directionCode=2)
06:09:57 [DefaultDispatcher-worker-16] L1ShadowSyncService - L1 tx-event buffer full; dropped Detected(txidHex=0262a3153019e9459b51bb02a5c1b1cef7d209368aa4ea71278ea14cda5e0153, netAmountDuffs=-1100, feeDuffs=null, contextCode=0, directionCode=2) (Room snapshot will reconcile)
06:09:57 [DefaultDispatcher-worker-16] L1ShadowSyncService - L1 engine tx event: InstantLocked(txidHex=339be8b5952a6cdecfbf50a25cbc7bdec0bd4bd16b179946bdee49ad59f088f6)
06:09:57 [DefaultDispatcher-worker-16] L1ShadowSyncService - L1 tx-event buffer full; dropped InstantLocked(txidHex=339be8b5952a6cdecfbf50a25cbc7bdec0bd4bd16b179946bdee49ad59f088f6) (Room snapshot will reconcile)
06:09:57 [DefaultDispatcher-worker-16] L1ShadowSyncService - L1 engine tx event: Detected(txidHex=0ecf45c856122471b28747fce421829b5660e9d4a910b6f478b5cd88d9214510, netAmountDuffs=-1100, feeDuffs=null, contextCode=0, directionCode=2)
06:09:57 [DefaultDispatcher-worker-16] L1ShadowSyncService - L1 tx-event buffer full; dropped Detected(txidHex=0ecf45c856122471b28747fce421829b5660e9d4a910b6f478b5cd88d9214510, netAmountDuffs=-1100, feeDuffs=null, contextCode=0, directionCode=2) (Room snapshot will reconcile)
06:09:57 [DefaultDispatcher-worker-16] L1ShadowSyncService - L1 engine tx event: InstantLocked(txidHex=29b24f7c92d2d0a7b3f567b7cb6cae89a0626a5aa0e86113e12e8cbb6dec9ac3)
06:09:57 [DefaultDispatcher-worker-16] L1ShadowSyncService - L1 tx-event buffer full; dropped InstantLocked(txidHex=29b24f7c92d2d0a7b3f567b7cb6cae89a0626a5aa0e86113e12e8cbb6dec9ac3) (Room snapshot will reconcile)
06:09:57 [DefaultDispatcher-worker-16] L1ShadowSyncService - L1 engine tx event: Detected(txidHex=39751e0ce00dac440496ea8314cbbbc9e66df4b3dd54a96901cb9c6bd5279d5d, netAmountDuffs=-1140, feeDuffs=null, contextCode=0, directionCode=2)
06:09:57 [DefaultDispatcher-worker-16] L1ShadowSyncService - L1 tx-event buffer full; dropped Detected(txidHex=39751e0ce00dac440496ea8314cbbbc9e66df4b3dd54a96901cb9c6bd5279d5d, netAmountDuffs=-1140, feeDuffs=null, contextCode=0, directionCode=2) (Room snapshot will reconcile)
06:09:57 [DefaultDispatcher-worker-16] L1ShadowSyncService - L1 engine tx event: Detected(txidHex=5a6310906ff7c22a123eea6c82daf5c868d8005741f7c4015bf1ec87bf413941, netAmountDuffs=-1140, feeDuffs=null, contextCode=1, directionCode=2)
06:09:57 [DefaultDispatcher-worker-16] L1ShadowSyncService - L1 tx-event buffer full; dropped Detected(txidHex=5a6310906ff7c22a123eea6c82daf5c868d8005741f7c4015bf1ec87bf413941, netAmountDuffs=-1140, feeDuffs=null, contextCode=1, directionCode=2) (Room snapshot will reconcile)
06:09:57 [DefaultDispatcher-worker-16] L1ShadowSyncService - L1 engine tx event: Detected(txidHex=1c93112f0d9e5af00cdf023812bde3846d0dbcba445c01503746cf24e02acf88, netAmountDuffs=-1140, feeDuffs=null, contextCode=0, directionCode=2)
06:09:57 [DefaultDispatcher-worker-16] L1ShadowSyncService - L1 tx-event buffer full; dropped Detected(txidHex=1c93112f0d9e5af00cdf023812bde3846d0dbcba445c01503746cf24e02acf88, netAmountDuffs=-1140, feeDuffs=null, contextCode=0, directionCode=2) (Room snapshot will reconcile)
06:09:57 [DefaultDispatcher-worker-16] L1ShadowSyncService - L1 engine tx event: InstantLocked(txidHex=4e92b327b2150faba79c2374679c41a852449ad6a79d9b8d85021284dc7e4538)
06:09:57 [DefaultDispatcher-worker-16] L1ShadowSyncService - L1 tx-event buffer full; dropped InstantLocked(txidHex=4e92b327b2150faba79c2374679c41a852449ad6a79d9b8d85021284dc7e4538) (Room snapshot will reconcile)
06:09:57 [DefaultDispatcher-worker-16] L1ShadowSyncService - L1 engine tx event: InstantLocked(txidHex=f019aaebb2957cb568f7aee86a734862242539a1cd7e480a1ca8a1c5cdf6b192)
06:09:57 [DefaultDispatcher-worker-16] L1ShadowSyncService - L1 tx-event buffer full; dropped InstantLocked(txidHex=f019aaebb2957cb568f7aee86a734862242539a1cd7e480a1ca8a1c5cdf6b192) (Room snapshot will reconcile)
06:09:57 [DefaultDispatcher-worker-16] L1ShadowSyncService - L1 engine tx event: InstantLocked(txidHex=d8d2f637e0aa6316f71e8b526df5aa965cef8a87f1547cc0f602d8a32b64196f)
06:09:57 [DefaultDispatcher-worker-16] L1ShadowSyncService - L1 tx-event buffer full; dropped InstantLocked(txidHex=d8d2f637e0aa6316f71e8b526df5aa965cef8a87f1547cc0f602d8a32b64196f) (Room snapshot will reconcile)
06:09:57 [DefaultDispatcher-worker-16] L1ShadowSyncService - L1 engine tx event: InstantLocked(txidHex=c71ee0b293db0e0c16e7cc30fda36de51daa4ef1d02d93495ae34f1820942a48)
06:09:57 [DefaultDispatcher-worker-16] L1ShadowSyncService - L1 tx-event buffer full; dropped InstantLocked(txidHex=c71ee0b293db0e0c16e7cc30fda36de51daa4ef1d02d93495ae34f1820942a48) (Room snapshot will reconcile)
06:09:57 [DefaultDispatcher-worker-16] L1ShadowSyncService - L1 engine tx event: InstantLocked(txidHex=caf0141390654fd26a974b6d41464159475a21e8d92500a301f0a0ffe9cc899f)
06:09:57 [DefaultDispatcher-worker-16] L1ShadowSyncService - L1 tx-event buffer full; dropped InstantLocked(txidHex=caf0141390654fd26a974b6d41464159475a21e8d92500a301f0a0ffe9cc899f) (Room snapshot will reconcile)
06:09:57 [DefaultDispatcher-worker-16] L1ShadowSyncService - L1 engine tx event: InstantLocked(txidHex=c7b1dc2338ad65ede1c59b9f5dd0b928e28fd6bb1435c834b097a7c39b02a14b)
06:09:57 [DefaultDispatcher-worker-16] L1ShadowSyncService - L1 tx-event buffer full; dropped InstantLocked(txidHex=c7b1dc2338ad65ede1c59b9f5dd0b928e28fd6bb1435c834b097a7c39b02a14b) (Room snapshot will reconcile)
06:09:57 [DefaultDispatcher-worker-16] L1ShadowSyncService - L1 engine tx event: InstantLocked(txidHex=28e65aab40313f4993d2acaa2f8ecf523a0586bc5c56f3cd2a73baae938cc1fa)
06:09:57 [DefaultDispatcher-worker-16] L1ShadowSyncService - L1 tx-event buffer full; dropped InstantLocked(txidHex=28e65aab40313f4993d2acaa2f8ecf523a0586bc5c56f3cd2a73baae938cc1fa) (Room snapshot will reconcile)
06:09:57 [DefaultDispatcher-worker-16] L1ShadowSyncService - L1 engine tx event: InstantLocked(txidHex=954fc72c0bcf41ae8c22c1977d82408cae8309c74783bf2cf86a30af25ba9800)
06:09:57 [DefaultDispatcher-worker-16] L1ShadowSyncService - L1 tx-event buffer full; dropped InstantLocked(txidHex=954fc72c0bcf41ae8c22c1977d82408cae8309c74783bf2cf86a30af25ba9800) (Room snapshot will reconcile)
06:09:57 [DefaultDispatcher-worker-16] L1ShadowSyncService - L1 engine tx event: InstantLocked(txidHex=cc4c64290ae9021f7cae7b630ae912f9501874202692118eb4e5005fb3364274)
06:09:57 [DefaultDispatcher-worker-16] L1ShadowSyncService - L1 tx-event buffer full; dropped InstantLocked(txidHex=cc4c64290ae9021f7cae7b630ae912f9501874202692118eb4e5005fb3364274) (Room snapshot will reconcile)
06:09:57 [DefaultDispatcher-worker-16] L1ShadowSyncService - L1 engine tx event: InstantLocked(txidHex=3e977543a562e14f5474d8068dcc4197532459ffdb3bfa6c439fc36649162bc5)
06:09:57 [DefaultDispatcher-worker-16] L1ShadowSyncService - L1 tx-event buffer full; dropped InstantLocked(txidHex=3e977543a562e14f5474d8068dcc4197532459ffdb3bfa6c439fc36649162bc5) (Room snapshot will reconcile)
06:09:57 [DefaultDispatcher-worker-16] L1ShadowSyncService - L1 engine tx event: InstantLocked(txidHex=bb7b01dff397e90745ea41998115d8cae3b8ea26b8d72e5a7ab35f8eef42f3cd)
06:09:57 [DefaultDispatcher-worker-16] L1ShadowSyncService - L1 tx-event buffer full; dropped InstantLocked(txidHex=bb7b01dff397e90745ea41998115d8cae3b8ea26b8d72e5a7ab35f8eef42f3cd) (Room snapshot will reconcile)
06:09:57 [DefaultDispatcher-worker-16] L1ShadowSyncService - L1 engine tx event: InstantLocked(txidHex=15c5524e8e210526d12449745d3493e90d551cabce9696b38b0ce475e5673585)
06:09:57 [DefaultDispatcher-worker-16] L1ShadowSyncService - L1 tx-event buffer full; dropped InstantLocked(txidHex=15c5524e8e210526d12449745d3493e90d551cabce9696b38b0ce475e5673585) (Room snapshot will reconcile)
06:09:57 [DefaultDispatcher-worker-16] L1ShadowSyncService - L1 engine tx event: InstantLocked(txidHex=1ad64a8e3452b5d0da1e2aa18d3500b452feafd648a4fe77379ce0ae44eff982)
06:09:57 [DefaultDispatcher-worker-16] L1ShadowSyncService - L1 tx-event buffer full; dropped InstantLocked(txidHex=1ad64a8e3452b5d0da1e2aa18d3500b452feafd648a4fe77379ce0ae44eff982) (Room snapshot will reconcile)
06:09:57 [DefaultDispatcher-worker-16] L1ShadowSyncService - L1 engine tx event: InstantLocked(txidHex=b4b6fb3c4b2afeaa6445dc0d68ba31e0f1ed9dc91f23738d403979184856b97c)
06:09:57 [DefaultDispatcher-worker-16] L1ShadowSyncService - L1 tx-event buffer full; dropped InstantLocked(txidHex=b4b6fb3c4b2afeaa6445dc0d68ba31e0f1ed9dc91f23738d403979184856b97c) (Room snapshot will reconcile)
06:09:57 [DefaultDispatcher-worker-16] L1ShadowSyncService - L1 engine tx event: InstantLocked(txidHex=8d576512325f918cc6acca65d2ab8202a958199d1b9136c052a1a192cf01cbfd)
06:09:57 [DefaultDispatcher-worker-16] L1ShadowSyncService - L1 tx-event buffer full; dropped InstantLocked(txidHex=8d576512325f918cc6acca65d2ab8202a958199d1b9136c052a1a192cf01cbfd) (Room snapshot will reconcile)
06:09:57 [DefaultDispatcher-worker-16] L1ShadowSyncService - L1 engine tx event: InstantLocked(txidHex=75b33a699b7717682c4a03c30eef85b7edcb335f959bd66371bbe75a7bbe43e5)
06:09:57 [DefaultDispatcher-worker-16] L1ShadowSyncService - L1 tx-event buffer full; dropped InstantLocked(txidHex=75b33a699b7717682c4a03c30eef85b7edcb335f959bd66371bbe75a7bbe43e5) (Room snapshot will reconcile)
06:09:57 [DefaultDispatcher-worker-16] L1ShadowSyncService - L1 engine tx event: InstantLocked(txidHex=b2603ecea78e14a2fc4138775c47334cb1d43b47383d0cb35fd28f3df230d7b1)
06:09:57 [DefaultDispatcher-worker-16] L1ShadowSyncService - L1 tx-event buffer full; dropped InstantLocked(txidHex=b2603ecea78e14a2fc4138775c47334cb1d43b47383d0cb35fd28f3df230d7b1) (Room snapshot will reconcile)
06:09:57 [DefaultDispatcher-worker-16] L1ShadowSyncService - L1 engine tx event: InstantLocked(txidHex=0216402c2dab4d62bb7fe9a011273a77bc39a546ac73ed9e0ef068bb6e53fa6c)
06:09:57 [DefaultDispatcher-worker-16] L1ShadowSyncService - L1 tx-event buffer full; dropped InstantLocked(txidHex=0216402c2dab4d62bb7fe9a011273a77bc39a546ac73ed9e0ef068bb6e53fa6c) (Room snapshot will reconcile)
06:09:57 [DefaultDispatcher-worker-16] L1ShadowSyncService - L1 engine tx event: InstantLocked(txidHex=ca147b8eb7b952599da03ef8f07e8af64383474988c1400684777995eedf443c)
06:09:57 [DefaultDispatcher-worker-16] L1ShadowSyncService - L1 tx-event buffer full; dropped InstantLocked(txidHex=ca147b8eb7b952599da03ef8f07e8af64383474988c1400684777995eedf443c) (Room snapshot will reconcile)
06:09:57 [DefaultDispatcher-worker-16] L1ShadowSyncService - L1 engine tx event: InstantLocked(txidHex=83bdb1502c5c8d5fff5186d4e36e5295f14da2618f54abe6c0eed7bab0707d36)
06:09:57 [DefaultDispatcher-worker-16] L1ShadowSyncService - L1 tx-event buffer full; dropped InstantLocked(txidHex=83bdb1502c5c8d5fff5186d4e36e5295f14da2618f54abe6c0eed7bab0707d36) (Room snapshot will reconcile)
06:09:57 [DefaultDispatcher-worker-16] L1ShadowSyncService - L1 engine tx event: InstantLocked(txidHex=b952a9a254b344c59a39fd447a07f9ac3b550d87f96e445df19ccc87d3a8a69a)
06:09:57 [DefaultDispatcher-worker-16] L1ShadowSyncService - L1 tx-event buffer full; dropped InstantLocked(txidHex=b952a9a254b344c59a39fd447a07f9ac3b550d87f96e445df19ccc87d3a8a69a) (Room snapshot will reconcile)
06:09:57 [DefaultDispatcher-worker-16] L1ShadowSyncService - L1 engine tx event: InstantLocked(txidHex=f017fe9d8016ff2c97aee145589ff97871cecbc8b61c90c1a6eb61c7ccf3267a)
06:09:57 [DefaultDispatcher-worker-16] L1ShadowSyncService - L1 tx-event buffer full; dropped InstantLocked(txidHex=f017fe9d8016ff2c97aee145589ff97871cecbc8b61c90c1a6eb61c7ccf3267a) (Room snapshot will reconcile)
06:09:57 [DefaultDispatcher-worker-16] L1ShadowSyncService - L1 engine tx event: InstantLocked(txidHex=010c2ad86364ff80fab3c0c6b0e547fc4fe9eadf38e7f34dfe45a89d25bc4f0c)
06:09:57 [DefaultDispatcher-worker-16] L1ShadowSyncService - L1 tx-event buffer full; dropped InstantLocked(txidHex=010c2ad86364ff80fab3c0c6b0e547fc4fe9eadf38e7f34dfe45a89d25bc4f0c) (Room snapshot will reconcile)
06:09:57 [DefaultDispatcher-worker-16] L1ShadowSyncService - L1 engine tx event: InstantLocked(txidHex=45002a47acd8395f3b0dcf0bface6fc53f9606a2bcf54de9a3f4b4d56c32acf8)
06:09:57 [DefaultDispatcher-worker-16] L1ShadowSyncService - L1 tx-event buffer full; dropped InstantLocked(txidHex=45002a47acd8395f3b0dcf0bface6fc53f9606a2bcf54de9a3f4b4d56c32acf8) (Room snapshot will reconcile)
06:09:57 [DefaultDispatcher-worker-16] L1ShadowSyncService - L1 engine tx event: InstantLocked(txidHex=adab52ea44c11f12582e7d1775cabef1dcbb2147ae55528fdedeb362bac7b3ea)
06:09:57 [DefaultDispatcher-worker-16] L1ShadowSyncService - L1 tx-event buffer full; dropped InstantLocked(txidHex=adab52ea44c11f12582e7d1775cabef1dcbb2147ae55528fdedeb362bac7b3ea) (Room snapshot will reconcile)
06:09:57 [DefaultDispatcher-worker-16] L1ShadowSyncService - L1 engine tx event: InstantLocked(txidHex=92f38c59ae4ca7557a02bea88a3bc226a1973e92510aea4c63172883c8eba655)
06:09:57 [DefaultDispatcher-worker-16] L1ShadowSyncService - L1 tx-event buffer full; dropped InstantLocked(txidHex=92f38c59ae4ca7557a02bea88a3bc226a1973e92510aea4c63172883c8eba655) (Room snapshot will reconcile)
06:09:57 [DefaultDispatcher-worker-16] L1ShadowSyncService - L1 engine tx event: InstantLocked(txidHex=9b863d0f6fd2b330ad044f3dbbd63fcdea49aa89f7245548872a07c60e20f0fa)
06:09:57 [DefaultDispatcher-worker-16] L1ShadowSyncService - L1 tx-event buffer full; dropped InstantLocked(txidHex=9b863d0f6fd2b330ad044f3dbbd63fcdea49aa89f7245548872a07c60e20f0fa) (Room snapshot will reconcile)
06:09:57 [DefaultDispatcher-worker-16] L1ShadowSyncService - L1 engine tx event: InstantLocked(txidHex=210367a2f8ab36d176115c2acd0c36bbde9e8da8c25bb2e64b52360523af33a5)
06:09:57 [DefaultDispatcher-worker-16] L1ShadowSyncService - L1 tx-event buffer full; dropped InstantLocked(txidHex=210367a2f8ab36d176115c2acd0c36bbde9e8da8c25bb2e64b52360523af33a5) (Room snapshot will reconcile)
06:09:57 [DefaultDispatcher-worker-16] L1ShadowSyncService - L1 engine tx event: InstantLocked(txidHex=e575836830a388ba667ee7cd836e1b3d1d0de6423eeca35e0a7fa92003aaff4e)
06:09:57 [DefaultDispatcher-worker-16] L1ShadowSyncService - L1 tx-event buffer full; dropped InstantLocked(txidHex=e575836830a388ba667ee7cd836e1b3d1d0de6423eeca35e0a7fa92003aaff4e) (Room snapshot will reconcile)
06:09:57 [DefaultDispatcher-worker-16] L1ShadowSyncService - L1 engine tx event: InstantLocked(txidHex=b93a6b193362a405012f70d31ce97dea736470ebb8975cd9a96d2bdf7f6de77b)
06:09:57 [DefaultDispatcher-worker-16] L1ShadowSyncService - L1 tx-event buffer full; dropped InstantLocked(txidHex=b93a6b193362a405012f70d31ce97dea736470ebb8975cd9a96d2bdf7f6de77b) (Room snapshot will reconcile)
06:09:57 [DefaultDispatcher-worker-16] L1ShadowSyncService - L1 engine tx event: InstantLocked(txidHex=7dc8b92a9381f442ab769c6315b14e9fc245133795a75017ed877839163ef0b0)
06:09:57 [DefaultDispatcher-worker-16] L1ShadowSyncService - L1 tx-event buffer full; dropped InstantLocked(txidHex=7dc8b92a9381f442ab769c6315b14e9fc245133795a75017ed877839163ef0b0) (Room snapshot will reconcile)
06:09:57 [DefaultDispatcher-worker-16] L1ShadowSyncService - L1 engine tx event: InstantLocked(txidHex=65fffb4754d69f633a9413fb8395b765501cce30f252ac40df65d150c138ec77)
06:09:57 [DefaultDispatcher-worker-16] L1ShadowSyncService - L1 tx-event buffer full; dropped InstantLocked(txidHex=65fffb4754d69f633a9413fb8395b765501cce30f252ac40df65d150c138ec77) (Room snapshot will reconcile)
06:09:57 [DefaultDispatcher-worker-16] L1ShadowSyncService - L1 engine tx event: InstantLocked(txidHex=3ebbb86377e1b784f35787168247a93f8143c48b2fa25b1d37287feaa0fdf344)
06:09:57 [DefaultDispatcher-worker-16] L1ShadowSyncService - L1 tx-event buffer full; dropped InstantLocked(txidHex=3ebbb86377e1b784f35787168247a93f8143c48b2fa25b1d37287feaa0fdf344) (Room snapshot will reconcile)
06:09:57 [DefaultDispatcher-worker-16] L1ShadowSyncService - L1 engine tx event: InstantLocked(txidHex=3663e1a052d1b30d0dfac3bb1ff6292952462031cefb65bcf48d8dbda726cdba)
06:09:57 [DefaultDispatcher-worker-16] L1ShadowSyncService - L1 tx-event buffer full; dropped InstantLocked(txidHex=3663e1a052d1b30d0dfac3bb1ff6292952462031cefb65bcf48d8dbda726cdba) (Room snapshot will reconcile)
06:09:57 [DefaultDispatcher-worker-16] L1ShadowSyncService - L1 engine tx event: InstantLocked(txidHex=d9a816e107ca8f341588778661ab5de4bcad3aa42117acde7cf7708ca36e0a96)
06:09:57 [DefaultDispatcher-worker-16] L1ShadowSyncService - L1 tx-event buffer full; dropped InstantLocked(txidHex=d9a816e107ca8f341588778661ab5de4bcad3aa42117acde7cf7708ca36e0a96) (Room snapshot will reconcile)
06:09:57 [DefaultDispatcher-worker-16] L1ShadowSyncService - L1 engine tx event: InstantLocked(txidHex=7217ec01730db90731fd268a5616647959d3b498b42dbf29647dd7e1f0013a49)
06:09:57 [DefaultDispatcher-worker-16] L1ShadowSyncService - L1 tx-event buffer full; dropped InstantLocked(txidHex=7217ec01730db90731fd268a5616647959d3b498b42dbf29647dd7e1f0013a49) (Room snapshot will reconcile)
06:09:57 [DefaultDispatcher-worker-16] L1ShadowSyncService - L1 engine tx event: InstantLocked(txidHex=01ac5b9593c31bb542cf4150f6915361369895c325aa69ef8a86e2400bb37d1a)
06:09:57 [DefaultDispatcher-worker-16] L1ShadowSyncService - L1 tx-event buffer full; dropped InstantLocked(txidHex=01ac5b9593c31bb542cf4150f6915361369895c325aa69ef8a86e2400bb37d1a) (Room snapshot will reconcile)
06:09:57 [DefaultDispatcher-worker-16] L1ShadowSyncService - L1 engine tx event: InstantLocked(txidHex=29640357223c0b5c20007a5cd05c109e958c32bd3138bea4ff55f22ae52acf15)
06:09:57 [DefaultDispatcher-worker-16] L1ShadowSyncService - L1 tx-event buffer full; dropped InstantLocked(txidHex=29640357223c0b5c20007a5cd05c109e958c32bd3138bea4ff55f22ae52acf15) (Room snapshot will reconcile)
06:09:57 [DefaultDispatcher-worker-16] L1ShadowSyncService - L1 engine tx event: InstantLocked(txidHex=2ff12727355a9e6054c0321129331d0092229fcf5ae3c4fe6d63724cfa44ae23)
06:09:57 [DefaultDispatcher-worker-16] L1ShadowSyncService - L1 tx-event buffer full; dropped InstantLocked(txidHex=2ff12727355a9e6054c0321129331d0092229fcf5ae3c4fe6d63724cfa44ae23) (Room snapshot will reconcile)
06:09:57 [DefaultDispatcher-worker-16] L1ShadowSyncService - L1 engine tx event: InstantLocked(txidHex=4e546e86ac3ca3d299542633b856be9454b3cf5f5334bc4612e16bb01b83ebc8)
06:09:57 [DefaultDispatcher-worker-16] L1ShadowSyncService - L1 tx-event buffer full; dropped InstantLocked(txidHex=4e546e86ac3ca3d299542633b856be9454b3cf5f5334bc4612e16bb01b83ebc8) (Room snapshot will reconcile)
06:09:57 [DefaultDispatcher-worker-16] L1ShadowSyncService - L1 engine tx event: InstantLocked(txidHex=3bea435ad58816d1644684178125ee922b2d235ecbc97a32a3bdb70eb9b20d49)
06:09:57 [DefaultDispatcher-worker-16] L1ShadowSyncService - L1 tx-event buffer full; dropped InstantLocked(txidHex=3bea435ad58816d1644684178125ee922b2d235ecbc97a32a3bdb70eb9b20d49) (Room snapshot will reconcile)
06:09:57 [DefaultDispatcher-worker-16] L1ShadowSyncService - L1 engine tx event: InstantLocked(txidHex=a87ba87d8c73e7921e5c285a7966b19f8eaa0db2bcee740d531463e11dc75439)
06:09:57 [DefaultDispatcher-worker-16] L1ShadowSyncService - L1 tx-event buffer full; dropped InstantLocked(txidHex=a87ba87d8c73e7921e5c285a7966b19f8eaa0db2bcee740d531463e11dc75439) (Room snapshot will reconcile)
06:09:57 [DefaultDispatcher-worker-16] L1ShadowSyncService - L1 engine tx event: InstantLocked(txidHex=3038a61c7c92446118484c0c8e6eaabc00ca84884d244dffca975835c2eb772b)
06:09:57 [DefaultDispatcher-worker-16] L1ShadowSyncService - L1 tx-event buffer full; dropped InstantLocked(txidHex=3038a61c7c92446118484c0c8e6eaabc00ca84884d244dffca975835c2eb772b) (Room snapshot will reconcile)
06:09:57 [DefaultDispatcher-worker-16] L1ShadowSyncService - L1 engine tx event: InstantLocked(txidHex=220bb45990c9b845ad11996e1f35c01a7313401860997e01a909d6005d31c2eb)
06:09:57 [DefaultDispatcher-worker-16] L1ShadowSyncService - L1 tx-event buffer full; dropped InstantLocked(txidHex=220bb45990c9b845ad11996e1f35c01a7313401860997e01a909d6005d31c2eb) (Room snapshot will reconcile)
06:09:57 [DefaultDispatcher-worker-16] L1ShadowSyncService - L1 engine tx event: InstantLocked(txidHex=461b8672bfe2c463332956c7e6ed95bbee4f0db668bdc5f42f926f82672437ea)
06:09:57 [DefaultDispatcher-worker-16] L1ShadowSyncService - L1 tx-event buffer full; dropped InstantLocked(txidHex=461b8672bfe2c463332956c7e6ed95bbee4f0db668bdc5f42f926f82672437ea) (Room snapshot will reconcile)
06:09:57 [DefaultDispatcher-worker-16] L1ShadowSyncService - L1 engine tx event: InstantLocked(txidHex=ffe50d5d4a941439d43b736aa05356269b290d8b8781a61d9a2c7f77e0ab78e8)
06:09:57 [DefaultDispatcher-worker-16] L1ShadowSyncService - L1 tx-event buffer full; dropped InstantLocked(txidHex=ffe50d5d4a941439d43b736aa05356269b290d8b8781a61d9a2c7f77e0ab78e8) (Room snapshot will reconcile)
06:09:57 [DefaultDispatcher-worker-16] L1ShadowSyncService - L1 engine tx event: InstantLocked(txidHex=5bfd6d7317a1a4534b476c9604000b2f0206e0532ad61b2263364ca60f7186a4)
06:09:57 [DefaultDispatcher-worker-16] L1ShadowSyncService - L1 tx-event buffer full; dropped InstantLocked(txidHex=5bfd6d7317a1a4534b476c9604000b2f0206e0532ad61b2263364ca60f7186a4) (Room snapshot will reconcile)
06:09:57 [DefaultDispatcher-worker-16] L1ShadowSyncService - L1 engine tx event: InstantLocked(txidHex=8bce5b94c190e69cb6c40695a6df129bf9cab30f4a66a2ee95de539c93b84a83)
06:09:57 [DefaultDispatcher-worker-16] L1ShadowSyncService - L1 tx-event buffer full; dropped InstantLocked(txidHex=8bce5b94c190e69cb6c40695a6df129bf9cab30f4a66a2ee95de539c93b84a83) (Room snapshot will reconcile)
06:09:57 [DefaultDispatcher-worker-15] L1ShadowSyncService - L1 engine tx event: InstantLocked(txidHex=cdccba975ad5f919ae52d8403d6c8bb099878987b1670e60a980a6ea90a92edc)
06:09:57 [DefaultDispatcher-worker-15] L1ShadowSyncService - L1 tx-event buffer full; dropped InstantLocked(txidHex=cdccba975ad5f919ae52d8403d6c8bb099878987b1670e60a980a6ea90a92edc) (Room snapshot will reconcile)
06:09:57 [DefaultDispatcher-worker-15] L1ShadowSyncService - L1 engine tx event: InstantLocked(txidHex=07e107bf8538da5317f2d8eae64341b613f9b58d2a922040ee15b69276ef9a46)
06:09:57 [DefaultDispatcher-worker-15] L1ShadowSyncService - L1 tx-event buffer full; dropped InstantLocked(txidHex=07e107bf8538da5317f2d8eae64341b613f9b58d2a922040ee15b69276ef9a46) (Room snapshot will reconcile)
06:09:57 [DefaultDispatcher-worker-15] L1ShadowSyncService - L1 engine tx event: InstantLocked(txidHex=bb6ff06eb38bc9232ee33d549da1da4af6f9ea62f3508a82dc9a53bff7718f2b)
06:09:57 [DefaultDispatcher-worker-15] L1ShadowSyncService - L1 tx-event buffer full; dropped InstantLocked(txidHex=bb6ff06eb38bc9232ee33d549da1da4af6f9ea62f3508a82dc9a53bff7718f2b) (Room snapshot will reconcile)
06:09:57 [DefaultDispatcher-worker-15] L1ShadowSyncService - L1 engine tx event: InstantLocked(txidHex=01606b32db6f74bb8816574840521f19d9aad1bc9ef9502c46ecaea5735c0bfa)
06:09:57 [DefaultDispatcher-worker-15] L1ShadowSyncService - L1 tx-event buffer full; dropped InstantLocked(txidHex=01606b32db6f74bb8816574840521f19d9aad1bc9ef9502c46ecaea5735c0bfa) (Room snapshot will reconcile)
06:09:57 [DefaultDispatcher-worker-15] L1ShadowSyncService - L1 engine tx event: InstantLocked(txidHex=1d8ec51a1293c7c6831c0151a055baff036e410c96676b452b054c54bd8d3400)
06:09:57 [DefaultDispatcher-worker-15] L1ShadowSyncService - L1 tx-event buffer full; dropped InstantLocked(txidHex=1d8ec51a1293c7c6831c0151a055baff036e410c96676b452b054c54bd8d3400) (Room snapshot will reconcile)
06:09:57 [DefaultDispatcher-worker-15] L1ShadowSyncService - L1 engine tx event: InstantLocked(txidHex=3b0871feabaca6b181b10719c421fbd6ffef07c89a271767249e4211ce0aa786)
06:09:57 [DefaultDispatcher-worker-15] L1ShadowSyncService - L1 tx-event buffer full; dropped InstantLocked(txidHex=3b0871feabaca6b181b10719c421fbd6ffef07c89a271767249e4211ce0aa786) (Room snapshot will reconcile)
06:09:57 [DefaultDispatcher-worker-15] L1ShadowSyncService - L1 engine tx event: InstantLocked(txidHex=bc95d38edf3d9ce9f193f8f18ebf5db6b2a62bac649a0cc722890f63cc115d63)
06:09:57 [DefaultDispatcher-worker-15] L1ShadowSyncService - L1 tx-event buffer full; dropped InstantLocked(txidHex=bc95d38edf3d9ce9f193f8f18ebf5db6b2a62bac649a0cc722890f63cc115d63) (Room snapshot will reconcile)
06:09:57 [DefaultDispatcher-worker-15] L1ShadowSyncService - L1 engine tx event: InstantLocked(txidHex=fd1f4b06a512d8951aa5d379494f04493bf7b7035ea50aaf0818c0974d0f6e52)
06:09:57 [DefaultDispatcher-worker-15] L1ShadowSyncService - L1 tx-event buffer full; dropped InstantLocked(txidHex=fd1f4b06a512d8951aa5d379494f04493bf7b7035ea50aaf0818c0974d0f6e52) (Room snapshot will reconcile)
06:09:57 [DefaultDispatcher-worker-4] L1ShadowSyncService - L1 engine tx event: InstantLocked(txidHex=aacdae8a08bc0ea324d1cba0cafc55a5445fcd1a9a5b6ea505f0f4464b647b0e)
06:09:57 [DefaultDispatcher-worker-4] L1ShadowSyncService - L1 tx-event buffer full; dropped InstantLocked(txidHex=aacdae8a08bc0ea324d1cba0cafc55a5445fcd1a9a5b6ea505f0f4464b647b0e) (Room snapshot will reconcile)
06:09:57 [DefaultDispatcher-worker-1] L1ShadowSyncService - L1 engine tx event: InstantLocked(txidHex=db1d3e905ccdd1c73752c0f29a775f33d7691c589d4cb7fd4c284eccebccb5f8)
06:09:57 [DefaultDispatcher-worker-1] L1ShadowSyncService - L1 tx-event buffer full; dropped InstantLocked(txidHex=db1d3e905ccdd1c73752c0f29a775f33d7691c589d4cb7fd4c284eccebccb5f8) (Room snapshot will reconcile)
06:09:57 [DefaultDispatcher-worker-1] L1ShadowSyncService - L1 engine tx event: InstantLocked(txidHex=c9b07196b5ed6df0d909948be1ceb206e60cddac9d0ba23821c7b97bdfe2bfe6)
06:09:57 [DefaultDispatcher-worker-1] L1ShadowSyncService - L1 tx-event buffer full; dropped InstantLocked(txidHex=c9b07196b5ed6df0d909948be1ceb206e60cddac9d0ba23821c7b97bdfe2bfe6) (Room snapshot will reconcile)
06:09:57 [DefaultDispatcher-worker-8] L1ShadowSyncService - L1 engine tx event: Detected(txidHex=d8aeaa2cc5ba2394a6a8bd7f5afc8d49215dfe96548b3db0e7d2cdafb2657625, netAmountDuffs=-1140, feeDuffs=null, contextCode=0, directionCode=2)
06:09:57 [DefaultDispatcher-worker-8] L1ShadowSyncService - L1 tx-event buffer full; dropped Detected(txidHex=d8aeaa2cc5ba2394a6a8bd7f5afc8d49215dfe96548b3db0e7d2cdafb2657625, netAmountDuffs=-1140, feeDuffs=null, contextCode=0, directionCode=2) (Room snapshot will reconcile)
06:09:57 [DefaultDispatcher-worker-8] L1ShadowSyncService - L1 engine tx event: Detected(txidHex=af015a98d468295601e08685d44e2567cfb513f90e604d368ed7cc4f2a702a00, netAmountDuffs=-1140, feeDuffs=null, contextCode=0, directionCode=2)
06:09:57 [DefaultDispatcher-worker-8] L1ShadowSyncService - L1 tx-event buffer full; dropped Detected(txidHex=af015a98d468295601e08685d44e2567cfb513f90e604d368ed7cc4f2a702a00, netAmountDuffs=-1140, feeDuffs=null, contextCode=0, directionCode=2) (Room snapshot will reconcile)
06:09:57 [DefaultDispatcher-worker-8] L1ShadowSyncService - L1 engine tx event: Detected(txidHex=558da89da4a927259fd45d28bf104c8d284b2b58fbf53f9539b183b13b65f89f, netAmountDuffs=-1140, feeDuffs=null, contextCode=0, directionCode=2)
06:09:57 [DefaultDispatcher-worker-8] L1ShadowSyncService - L1 tx-event buffer full; dropped Detected(txidHex=558da89da4a927259fd45d28bf104c8d284b2b58fbf53f9539b183b13b65f89f, netAmountDuffs=-1140, feeDuffs=null, contextCode=0, directionCode=2) (Room snapshot will reconcile)
06:09:57 [DefaultDispatcher-worker-8] L1ShadowSyncService - L1 engine tx event: Detected(txidHex=984aea646b43d1b178ef7d13a165ffbb15edbf4294e7f1e2306f9e01fa80b2fe, netAmountDuffs=-1180, feeDuffs=null, contextCode=0, directionCode=2)
06:09:57 [DefaultDispatcher-worker-8] L1ShadowSyncService - L1 tx-event buffer full; dropped Detected(txidHex=984aea646b43d1b178ef7d13a165ffbb15edbf4294e7f1e2306f9e01fa80b2fe, netAmountDuffs=-1180, feeDuffs=null, contextCode=0, directionCode=2) (Room snapshot will reconcile)
06:09:57 [DefaultDispatcher-worker-8] L1ShadowSyncService - L1 engine tx event: Detected(txidHex=5b66bd3eb26f0f20fe052858e46fd041a2ad3f7f4478e6db123b426986d8e2f2, netAmountDuffs=-1180, feeDuffs=null, contextCode=0, directionCode=2)
06:09:57 [DefaultDispatcher-worker-8] L1ShadowSyncService - L1 tx-event buffer full; dropped Detected(txidHex=5b66bd3eb26f0f20fe052858e46fd041a2ad3f7f4478e6db123b426986d8e2f2, netAmountDuffs=-1180, feeDuffs=null, contextCode=0, directionCode=2) (Room snapshot will reconcile)
06:09:57 [DefaultDispatcher-worker-6] CutoverUiDataService - SDK balance published: 98882310 duffs (was 98888090) | l1Synced=true rescanArmedHold=true dashPayBackfill(armed=false,replaying=false) deferredContactBuilds=0 (unchangedReads=3) persistedAsLastKnown=false lastKnown=0
06:09:57 [DefaultDispatcher-worker-12] L1ShadowSyncService - L1 engine tx event: InstantLocked(txidHex=fff1270f09ec9634f15e3b832b2108f5d738128afb0358d690462cbda122bb0a)
06:09:57 [DefaultDispatcher-worker-12] L1ShadowSyncService - L1 tx-event buffer full; dropped InstantLocked(txidHex=fff1270f09ec9634f15e3b832b2108f5d738128afb0358d690462cbda122bb0a) (Room snapshot will reconcile)
06:09:57 [DefaultDispatcher-worker-12] L1ShadowSyncService - L1 engine tx event: Detected(txidHex=62485a65e1cde58a877f37aed6bb38b2a82a90bccf31607a8e5861126f33c3c2, netAmountDuffs=-1180, feeDuffs=null, contextCode=0, directionCode=2)
06:09:57 [DefaultDispatcher-worker-12] L1ShadowSyncService - L1 tx-event buffer full; dropped Detected(txidHex=62485a65e1cde58a877f37aed6bb38b2a82a90bccf31607a8e5861126f33c3c2, netAmountDuffs=-1180, feeDuffs=null, contextCode=0, directionCode=2) (Room snapshot will reconcile)
06:09:57 [DefaultDispatcher-worker-12] L1ShadowSyncService - L1 engine tx event: Detected(txidHex=e8f27ab9f0f02d3790d35c74088e38b94e288df8a7b9bcc4c1adc5195a680bb5, netAmountDuffs=-1180, feeDuffs=null, contextCode=0, directionCode=2)
06:09:57 [DefaultDispatcher-worker-12] L1ShadowSyncService - L1 tx-event buffer full; dropped Detected(txidHex=e8f27ab9f0f02d3790d35c74088e38b94e288df8a7b9bcc4c1adc5195a680bb5, netAmountDuffs=-1180, feeDuffs=null, contextCode=0, directionCode=2) (Room snapshot will reconcile)
06:09:57 [DefaultDispatcher-worker-12] L1ShadowSyncService - L1 engine tx event: Detected(txidHex=d09e848ed770af28f6d0df4ecce432c4802de114cb31c400fbee693a2c456ffe, netAmountDuffs=-1220, feeDuffs=null, contextCode=0, directionCode=2)
06:09:57 [DefaultDispatcher-worker-12] L1ShadowSyncService - L1 tx-event buffer full; dropped Detected(txidHex=d09e848ed770af28f6d0df4ecce432c4802de114cb31c400fbee693a2c456ffe, netAmountDuffs=-1220, feeDuffs=null, contextCode=0, directionCode=2) (Room snapshot will reconcile)
06:09:57 [DefaultDispatcher-worker-12] L1ShadowSyncService - L1 engine tx event: Detected(txidHex=1c63e05cb79c47e5ce87fededc58a0ce9894320b43fe48182c7a4f93df927baa, netAmountDuffs=-1220, feeDuffs=null, contextCode=0, directionCode=2)
06:09:57 [DefaultDispatcher-worker-12] L1ShadowSyncService - L1 tx-event buffer full; dropped Detected(txidHex=1c63e05cb79c47e5ce87fededc58a0ce9894320b43fe48182c7a4f93df927baa, netAmountDuffs=-1220, feeDuffs=null, contextCode=0, directionCode=2) (Room snapshot will reconcile)
06:09:57 [DefaultDispatcher-worker-12] L1ShadowSyncService - L1 engine tx event: Detected(txidHex=b486a4f44849bb02336c9b38bc5b1b9e27299db3960dce22b07abccb6d71bce6, netAmountDuffs=-1220, feeDuffs=null, contextCode=0, directionCode=2)
06:09:57 [DefaultDispatcher-worker-12] L1ShadowSyncService - L1 tx-event buffer full; dropped Detected(txidHex=b486a4f44849bb02336c9b38bc5b1b9e27299db3960dce22b07abccb6d71bce6, netAmountDuffs=-1220, feeDuffs=null, contextCode=0, directionCode=2) (Room snapshot will reconcile)
06:09:57 [DefaultDispatcher-worker-12] L1ShadowSyncService - L1 engine tx event: InstantLocked(txidHex=d1e419a00244907bab22bd3948dff7098198cdb9083242993e6fb1d37cf1c1fb)
06:09:57 [DefaultDispatcher-worker-12] L1ShadowSyncService - L1 tx-event buffer full; dropped InstantLocked(txidHex=d1e419a00244907bab22bd3948dff7098198cdb9083242993e6fb1d37cf1c1fb) (Room snapshot will reconcile)
06:09:57 [DefaultDispatcher-worker-12] L1ShadowSyncService - L1 engine tx event: Detected(txidHex=7c438fbfa214df26341e70955805a0f01fabfa880c8782e06b1ba938a2c1ba15, netAmountDuffs=-1220, feeDuffs=null, contextCode=0, directionCode=2)
06:09:57 [DefaultDispatcher-worker-12] L1ShadowSyncService - L1 tx-event buffer full; dropped Detected(txidHex=7c438fbfa214df26341e70955805a0f01fabfa880c8782e06b1ba938a2c1ba15, netAmountDuffs=-1220, feeDuffs=null, contextCode=0, directionCode=2) (Room snapshot will reconcile)
06:09:57 [DefaultDispatcher-worker-12] L1ShadowSyncService - L1 engine tx event: Detected(txidHex=96393040d19be4414d4d94612d51667e51fdbddefe539ad3a49c0c991985b843, netAmountDuffs=-1220, feeDuffs=null, contextCode=0, directionCode=2)
06:09:57 [DefaultDispatcher-worker-12] L1ShadowSyncService - L1 tx-event buffer full; dropped Detected(txidHex=96393040d19be4414d4d94612d51667e51fdbddefe539ad3a49c0c991985b843, netAmountDuffs=-1220, feeDuffs=null, contextCode=0, directionCode=2) (Room snapshot will reconcile)
06:09:57 [DefaultDispatcher-worker-12] L1ShadowSyncService - L1 engine tx event: Detected(txidHex=0506d2b3a8b8d5c543b7701758394d109eae2c8cc2a4b57d4f9075d5afe433e1, netAmountDuffs=-1220, feeDuffs=null, contextCode=0, directionCode=2)
06:09:57 [DefaultDispatcher-worker-12] L1ShadowSyncService - L1 tx-event buffer full; dropped Detected(txidHex=0506d2b3a8b8d5c543b7701758394d109eae2c8cc2a4b57d4f9075d5afe433e1, netAmountDuffs=-1220, feeDuffs=null, contextCode=0, directionCode=2) (Room snapshot will reconcile)
06:09:57 [DefaultDispatcher-worker-12] L1ShadowSyncService - L1 engine tx event: InstantLocked(txidHex=63a72bdb27adb4e43558c335bac9bc618da57114623ee1d01686b9d3a90056fd)
06:09:57 [DefaultDispatcher-worker-12] L1ShadowSyncService - L1 tx-event buffer full; dropped InstantLocked(txidHex=63a72bdb27adb4e43558c335bac9bc618da57114623ee1d01686b9d3a90056fd) (Room snapshot will reconcile)
06:09:57 [DefaultDispatcher-worker-12] L1ShadowSyncService - L1 engine tx event: Detected(txidHex=a4196a57990922a143cf07b8f30bb6d8dc4bf2b7b92216626d53aaba622ce879, netAmountDuffs=-1220, feeDuffs=null, contextCode=0, directionCode=2)
06:09:57 [DefaultDispatcher-worker-12] L1ShadowSyncService - L1 tx-event buffer full; dropped Detected(txidHex=a4196a57990922a143cf07b8f30bb6d8dc4bf2b7b92216626d53aaba622ce879, netAmountDuffs=-1220, feeDuffs=null, contextCode=0, directionCode=2) (Room snapshot will reconcile)
06:09:57 [DefaultDispatcher-worker-12] L1ShadowSyncService - L1 engine tx event: Detected(txidHex=071b659d4b5a91ecf339e23647ebfda28092b02c731cfc772a2a87223776576b, netAmountDuffs=-1220, feeDuffs=null, contextCode=0, directionCode=2)
06:09:57 [DefaultDispatcher-worker-12] L1ShadowSyncService - L1 tx-event buffer full; dropped Detected(txidHex=071b659d4b5a91ecf339e23647ebfda28092b02c731cfc772a2a87223776576b, netAmountDuffs=-1220, feeDuffs=null, contextCode=0, directionCode=2) (Room snapshot will reconcile)
06:09:57 [DefaultDispatcher-worker-12] L1ShadowSyncService - L1 engine tx event: Detected(txidHex=d999c914827b29cf8f7d1b9aa41e119c406d33ddc65a6e0cfcacea8332530819, netAmountDuffs=-1220, feeDuffs=null, contextCode=0, directionCode=2)
06:09:57 [DefaultDispatcher-worker-12] L1ShadowSyncService - L1 tx-event buffer full; dropped Detected(txidHex=d999c914827b29cf8f7d1b9aa41e119c406d33ddc65a6e0cfcacea8332530819, netAmountDuffs=-1220, feeDuffs=null, contextCode=0, directionCode=2) (Room snapshot will reconcile)
06:09:57 [DefaultDispatcher-worker-12] L1ShadowSyncService - L1 engine tx event: Detected(txidHex=53a835595963027fce93ac596aabb06c6741f078255d133ad5677b26c6f97801, netAmountDuffs=-1220, feeDuffs=null, contextCode=0, directionCode=2)
06:09:57 [DefaultDispatcher-worker-12] L1ShadowSyncService - L1 tx-event buffer full; dropped Detected(txidHex=53a835595963027fce93ac596aabb06c6741f078255d133ad5677b26c6f97801, netAmountDuffs=-1220, feeDuffs=null, contextCode=0, directionCode=2) (Room snapshot will reconcile)
06:09:57 [DefaultDispatcher-worker-12] L1ShadowSyncService - L1 engine tx event: InstantLocked(txidHex=1c4d9b5f19c37a498d534e13ff178b4433a9954bcc966d8421a82b150987434d)
06:09:57 [DefaultDispatcher-worker-12] L1ShadowSyncService - L1 tx-event buffer full; dropped InstantLocked(txidHex=1c4d9b5f19c37a498d534e13ff178b4433a9954bcc966d8421a82b150987434d) (Room snapshot will reconcile)
06:09:57 [DefaultDispatcher-worker-17] L1ShadowSyncService - L1 engine tx event: InstantLocked(txidHex=b7344fa23c3354ae8f8dea189efac1e2e76868e9fbbf2a9fd32557d7597bc620)
06:09:57 [DefaultDispatcher-worker-17] L1ShadowSyncService - L1 tx-event buffer full; dropped InstantLocked(txidHex=b7344fa23c3354ae8f8dea189efac1e2e76868e9fbbf2a9fd32557d7597bc620) (Room snapshot will reconcile)
06:09:57 [DefaultDispatcher-worker-17] L1ShadowSyncService - L1 engine tx event: InstantLocked(txidHex=9b2f4234af3088b5e5159911d0affb0bac8ae531947b3195781c2ecb4cfba209)
06:09:57 [DefaultDispatcher-worker-17] L1ShadowSyncService - L1 tx-event buffer full; dropped InstantLocked(txidHex=9b2f4234af3088b5e5159911d0affb0bac8ae531947b3195781c2ecb4cfba209) (Room snapshot will reconcile)
06:09:57 [DefaultDispatcher-worker-4] L1ShadowSyncService - L1 engine tx event: InstantLocked(txidHex=2cb6844ead12f26d0c5c77ec34fad3709411fce12112928c778c83ca3f3e07f7)
06:09:57 [DefaultDispatcher-worker-4] L1ShadowSyncService - L1 tx-event buffer full; dropped InstantLocked(txidHex=2cb6844ead12f26d0c5c77ec34fad3709411fce12112928c778c83ca3f3e07f7) (Room snapshot will reconcile)
06:09:57 [DefaultDispatcher-worker-11] CutoverUiDataService - SDK balance published: 98867750 duffs (was 98882310) | l1Synced=true rescanArmedHold=true dashPayBackfill(armed=false,replaying=false) deferredContactBuilds=0 (unchangedReads=3) persistedAsLastKnown=false lastKnown=0
06:09:57 [DefaultDispatcher-worker-2] L1ShadowSyncService - L1 engine tx event: InstantLocked(txidHex=af97d891ae355579ce2553f5ac5ef9519575811f49a4febea5f90d72fe94afd8)
06:09:57 [DefaultDispatcher-worker-2] L1ShadowSyncService - L1 tx-event buffer full; dropped InstantLocked(txidHex=af97d891ae355579ce2553f5ac5ef9519575811f49a4febea5f90d72fe94afd8) (Room snapshot will reconcile)
06:09:57 [DefaultDispatcher-worker-2] L1ShadowSyncService - L1 engine tx event: InstantLocked(txidHex=429c6bca9be8471b01b6ab7c3e8f5496f4656279132b6e7410c28e66716d558c)
06:09:57 [DefaultDispatcher-worker-2] L1ShadowSyncService - L1 tx-event buffer full; dropped InstantLocked(txidHex=429c6bca9be8471b01b6ab7c3e8f5496f4656279132b6e7410c28e66716d558c) (Room snapshot will reconcile)
06:09:57 [DefaultDispatcher-worker-2] L1ShadowSyncService - L1 engine tx event: InstantLocked(txidHex=2dcc42701af1fa97dc76a823fd5b4d4e4badf2d3b8bb5a188a63f5e8c69d967a)
06:09:57 [DefaultDispatcher-worker-2] L1ShadowSyncService - L1 tx-event buffer full; dropped InstantLocked(txidHex=2dcc42701af1fa97dc76a823fd5b4d4e4badf2d3b8bb5a188a63f5e8c69d967a) (Room snapshot will reconcile)
06:09:57 [DefaultDispatcher-worker-2] L1ShadowSyncService - L1 engine tx event: InstantLocked(txidHex=44324f14d6ebb80036eb7f9b46921d8f40971c70ec636d31e1fee2825eaa3ddb)
06:09:57 [DefaultDispatcher-worker-2] L1ShadowSyncService - L1 tx-event buffer full; dropped InstantLocked(txidHex=44324f14d6ebb80036eb7f9b46921d8f40971c70ec636d31e1fee2825eaa3ddb) (Room snapshot will reconcile)
06:09:57 [DefaultDispatcher-worker-2] L1ShadowSyncService - L1 engine tx event: Detected(txidHex=f39a5ded14d9dda682091ee2864a5f658f726b5006b9c63415b4814c8c32f0ca, netAmountDuffs=-490, feeDuffs=null, contextCode=0, directionCode=2)
06:09:57 [DefaultDispatcher-worker-2] L1ShadowSyncService - L1 tx-event buffer full; dropped Detected(txidHex=f39a5ded14d9dda682091ee2864a5f658f726b5006b9c63415b4814c8c32f0ca, netAmountDuffs=-490, feeDuffs=null, contextCode=0, directionCode=2) (Room snapshot will reconcile)
06:09:57 [DefaultDispatcher-worker-2] L1ShadowSyncService - L1 engine tx event: Detected(txidHex=c76d53bac3052fde66d32d07811b18e4d239505073c78ed17ef9ec573100fb7e, netAmountDuffs=-490, feeDuffs=null, contextCode=0, directionCode=2)
06:09:57 [DefaultDispatcher-worker-2] L1ShadowSyncService - L1 tx-event buffer full; dropped Detected(txidHex=c76d53bac3052fde66d32d07811b18e4d239505073c78ed17ef9ec573100fb7e, netAmountDuffs=-490, feeDuffs=null, contextCode=0, directionCode=2) (Room snapshot will reconcile)
06:09:57 [DefaultDispatcher-worker-2] L1ShadowSyncService - L1 engine tx event: Detected(txidHex=cc656939db0cc1a623951965882beac7bd3aee079bc1b29492da3c58de780d14, netAmountDuffs=-490, feeDuffs=null, contextCode=0, directionCode=2)
06:09:57 [DefaultDispatcher-worker-2] L1ShadowSyncService - L1 tx-event buffer full; dropped Detected(txidHex=cc656939db0cc1a623951965882beac7bd3aee079bc1b29492da3c58de780d14, netAmountDuffs=-490, feeDuffs=null, contextCode=0, directionCode=2) (Room snapshot will reconcile)
06:09:57 [DefaultDispatcher-worker-2] L1ShadowSyncService - L1 engine tx event: Detected(txidHex=292e3a5d968f17ec324c27a75a6f975b4af02564cc1ade84f33ddd7a9a2a3746, netAmountDuffs=-490, feeDuffs=null, contextCode=0, directionCode=2)
06:09:57 [DefaultDispatcher-worker-2] L1ShadowSyncService - L1 tx-event buffer full; dropped Detected(txidHex=292e3a5d968f17ec324c27a75a6f975b4af02564cc1ade84f33ddd7a9a2a3746, netAmountDuffs=-490, feeDuffs=null, contextCode=0, directionCode=2) (Room snapshot will reconcile)
06:09:57 [DefaultDispatcher-worker-2] L1ShadowSyncService - L1 engine tx event: Detected(txidHex=d3f875db985ecb789354a5076200bb5ffe02037ee655e1c3562fead7a906e775, netAmountDuffs=-530, feeDuffs=null, contextCode=0, directionCode=2)
06:09:57 [DefaultDispatcher-worker-2] L1ShadowSyncService - L1 tx-event buffer full; dropped Detected(txidHex=d3f875db985ecb789354a5076200bb5ffe02037ee655e1c3562fead7a906e775, netAmountDuffs=-530, feeDuffs=null, contextCode=0, directionCode=2) (Room snapshot will reconcile)
06:09:57 [DefaultDispatcher-worker-2] L1ShadowSyncService - L1 engine tx event: Detected(txidHex=bb6c708b910b91887b6257e6e7808a6d266d224fec2f68070152729610f26436, netAmountDuffs=-640, feeDuffs=null, contextCode=0, directionCode=2)
06:09:57 [DefaultDispatcher-worker-2] L1ShadowSyncService - L1 tx-event buffer full; dropped Detected(txidHex=bb6c708b910b91887b6257e6e7808a6d266d224fec2f68070152729610f26436, netAmountDuffs=-640, feeDuffs=null, contextCode=0, directionCode=2) (Room snapshot will reconcile)
06:09:57 [DefaultDispatcher-worker-2] L1ShadowSyncService - L1 engine tx event: Detected(txidHex=9b28ebf2affd9df6736deb9e97c23bcea3dda1086607925c8b8150e3f903cb3a, netAmountDuffs=-680, feeDuffs=null, contextCode=0, directionCode=2)
06:09:57 [DefaultDispatcher-worker-2] L1ShadowSyncService - L1 tx-event buffer full; dropped Detected(txidHex=9b28ebf2affd9df6736deb9e97c23bcea3dda1086607925c8b8150e3f903cb3a, netAmountDuffs=-680, feeDuffs=null, contextCode=0, directionCode=2) (Room snapshot will reconcile)
06:09:57 [DefaultDispatcher-worker-2] L1ShadowSyncService - L1 engine tx event: Detected(txidHex=cb30db6baa9fbf9f536798e3e940c587b8d7edad9d3a4633a3cedf9db859aeec, netAmountDuffs=-680, feeDuffs=null, contextCode=0, directionCode=2)
06:09:57 [DefaultDispatcher-worker-2] L1ShadowSyncService - L1 tx-event buffer full; dropped Detected(txidHex=cb30db6baa9fbf9f536798e3e940c587b8d7edad9d3a4633a3cedf9db859aeec, netAmountDuffs=-680, feeDuffs=null, contextCode=0, directionCode=2) (Room snapshot will reconcile)
06:09:57 [DefaultDispatcher-worker-2] L1ShadowSyncService - L1 engine tx event: Detected(txidHex=43a3a3c141de5c68007c0eea01676de0c0f90c01252d6c6b65737504023fd464, netAmountDuffs=-680, feeDuffs=null, contextCode=0, directionCode=2)
06:09:57 [DefaultDispatcher-worker-2] L1ShadowSyncService - L1 tx-event buffer full; dropped Detected(txidHex=43a3a3c141de5c68007c0eea01676de0c0f90c01252d6c6b65737504023fd464, netAmountDuffs=-680, feeDuffs=null, contextCode=0, directionCode=2) (Room snapshot will reconcile)
06:09:57 [DefaultDispatcher-worker-4] L1ShadowSyncService - L1 engine tx event: Detected(txidHex=7cee04344de6eb723f9b371c9a6844b8f86dd90f9f37ef5c960dec90ed6502a0, netAmountDuffs=-760, feeDuffs=null, contextCode=0, directionCode=2)
06:09:57 [DefaultDispatcher-worker-4] L1ShadowSyncService - L1 tx-event buffer full; dropped Detected(txidHex=7cee04344de6eb723f9b371c9a6844b8f86dd90f9f37ef5c960dec90ed6502a0, netAmountDuffs=-760, feeDuffs=null, contextCode=0, directionCode=2) (Room snapshot will reconcile)
06:09:57 [DefaultDispatcher-worker-4] CutoverUiDataService - SDK balance published: 98862580 duffs (was 98867750) | l1Synced=true rescanArmedHold=true dashPayBackfill(armed=false,replaying=false) deferredContactBuilds=0 (unchangedReads=3) persistedAsLastKnown=false lastKnown=0
06:09:57 [DefaultDispatcher-worker-15] L1ShadowSyncService - L1 engine tx event: Detected(txidHex=8bef270405103e1fc21ee72427849f5b54e025617bf4a0d8ead505e1319080d7, netAmountDuffs=-760, feeDuffs=null, contextCode=0, directionCode=2)
06:09:57 [DefaultDispatcher-worker-15] L1ShadowSyncService - L1 tx-event buffer full; dropped Detected(txidHex=8bef270405103e1fc21ee72427849f5b54e025617bf4a0d8ead505e1319080d7, netAmountDuffs=-760, feeDuffs=null, contextCode=0, directionCode=2) (Room snapshot will reconcile)
06:09:57 [DefaultDispatcher-worker-15] L1ShadowSyncService - L1 engine tx event: Detected(txidHex=7c42409aa5226b87af77ddb3b62e31c897d84f9a66624f3a0a52d27b6580dcad, netAmountDuffs=-920, feeDuffs=null, contextCode=0, directionCode=2)
06:09:57 [DefaultDispatcher-worker-15] L1ShadowSyncService - L1 tx-event buffer full; dropped Detected(txidHex=7c42409aa5226b87af77ddb3b62e31c897d84f9a66624f3a0a52d27b6580dcad, netAmountDuffs=-920, feeDuffs=null, contextCode=0, directionCode=2) (Room snapshot will reconcile)
06:09:57 [DefaultDispatcher-worker-15] L1ShadowSyncService - L1 engine tx event: Detected(txidHex=4a26e5e3cd0c43805c93b7c7eeedf4e4474e44b7387896dae9c3f3efaee24b89, netAmountDuffs=-870, feeDuffs=null, contextCode=1, directionCode=2)
06:09:57 [DefaultDispatcher-worker-15] L1ShadowSyncService - L1 tx-event buffer full; dropped Detected(txidHex=4a26e5e3cd0c43805c93b7c7eeedf4e4474e44b7387896dae9c3f3efaee24b89, netAmountDuffs=-870, feeDuffs=null, contextCode=1, directionCode=2) (Room snapshot will reconcile)
06:09:57 [DefaultDispatcher-worker-15] L1ShadowSyncService - L1 engine tx event: Detected(txidHex=8d1d1f6b7e81ad7b34e4d166e0f94cbbad944eff5fd62dc89e8c3d07367a3676, netAmountDuffs=-870, feeDuffs=null, contextCode=0, directionCode=2)
06:09:57 [DefaultDispatcher-worker-15] L1ShadowSyncService - L1 tx-event buffer full; dropped Detected(txidHex=8d1d1f6b7e81ad7b34e4d166e0f94cbbad944eff5fd62dc89e8c3d07367a3676, netAmountDuffs=-870, feeDuffs=null, contextCode=0, directionCode=2) (Room snapshot will reconcile)
06:09:57 [DefaultDispatcher-worker-15] L1ShadowSyncService - L1 engine tx event: Detected(txidHex=34a1218116afd38293e2843195fb22aef5cc95297d3f7343463b66926846e66d, netAmountDuffs=-870, feeDuffs=null, contextCode=0, directionCode=2)
06:09:57 [DefaultDispatcher-worker-15] L1ShadowSyncService - L1 tx-event buffer full; dropped Detected(txidHex=34a1218116afd38293e2843195fb22aef5cc95297d3f7343463b66926846e66d, netAmountDuffs=-870, feeDuffs=null, contextCode=0, directionCode=2) (Room snapshot will reconcile)
06:09:57 [DefaultDispatcher-worker-15] L1ShadowSyncService - L1 engine tx event: Detected(txidHex=cc982ffa38e7d8c43e4d61e073f75d38e02261fc36c8c6969c55193fb1493f83, netAmountDuffs=-950, feeDuffs=null, contextCode=0, directionCode=2)
06:09:57 [DefaultDispatcher-worker-15] L1ShadowSyncService - L1 tx-event buffer full; dropped Detected(txidHex=cc982ffa38e7d8c43e4d61e073f75d38e02261fc36c8c6969c55193fb1493f83, netAmountDuffs=-950, feeDuffs=null, contextCode=0, directionCode=2) (Room snapshot will reconcile)
06:09:57 [DefaultDispatcher-worker-15] L1ShadowSyncService - L1 engine tx event: Detected(txidHex=b0fece2edb4e9246fa91fcdaba523d396273771795521389d52ea86787a54563, netAmountDuffs=-1070, feeDuffs=null, contextCode=0, directionCode=2)
06:09:57 [DefaultDispatcher-worker-15] L1ShadowSyncService - L1 tx-event buffer full; dropped Detected(txidHex=b0fece2edb4e9246fa91fcdaba523d396273771795521389d52ea86787a54563, netAmountDuffs=-1070, feeDuffs=null, contextCode=0, directionCode=2) (Room snapshot will reconcile)
06:09:57 [DefaultDispatcher-worker-15] L1ShadowSyncService - L1 engine tx event: Detected(txidHex=e32fefe39a30dba1b15aba7fad9905c96e9f50b030c2ba68365e2e296f0a635d, netAmountDuffs=-1070, feeDuffs=null, contextCode=0, directionCode=2)
06:09:57 [DefaultDispatcher-worker-15] L1ShadowSyncService - L1 tx-event buffer full; dropped Detected(txidHex=e32fefe39a30dba1b15aba7fad9905c96e9f50b030c2ba68365e2e296f0a635d, netAmountDuffs=-1070, feeDuffs=null, contextCode=0, directionCode=2) (Room snapshot will reconcile)
06:09:57 [DefaultDispatcher-worker-15] L1ShadowSyncService - L1 engine tx event: Detected(txidHex=d3f8838c48cbccb04b4547dfb7476dd629e3ab4f6f58eeae272bc5f38694a2fc, netAmountDuffs=-1070, feeDuffs=null, contextCode=0, directionCode=2)
06:09:57 [DefaultDispatcher-worker-15] L1ShadowSyncService - L1 tx-event buffer full; dropped Detected(txidHex=d3f8838c48cbccb04b4547dfb7476dd629e3ab4f6f58eeae272bc5f38694a2fc, netAmountDuffs=-1070, feeDuffs=null, contextCode=0, directionCode=2) (Room snapshot will reconcile)
06:09:57 [DefaultDispatcher-worker-15] L1ShadowSyncService - L1 engine tx event: Detected(txidHex=c24881277c624a59d8551f9eef344262d5cd9472b599444c338e5cbbeab8c16b, netAmountDuffs=-1060, feeDuffs=null, contextCode=0, directionCode=2)
06:09:57 [DefaultDispatcher-worker-15] L1ShadowSyncService - L1 tx-event buffer full; dropped Detected(txidHex=c24881277c624a59d8551f9eef344262d5cd9472b599444c338e5cbbeab8c16b, netAmountDuffs=-1060, feeDuffs=null, contextCode=0, directionCode=2) (Room snapshot will reconcile)
06:09:57 [DefaultDispatcher-worker-15] L1ShadowSyncService - L1 engine tx event: Detected(txidHex=6a92040cbfaaaf04b3f0caea97dac55e54a275f838d69c89d20df2358a3118e9, netAmountDuffs=-1100, feeDuffs=null, contextCode=0, directionCode=2)
06:09:57 [DefaultDispatcher-worker-15] L1ShadowSyncService - L1 tx-event buffer full; dropped Detected(txidHex=6a92040cbfaaaf04b3f0caea97dac55e54a275f838d69c89d20df2358a3118e9, netAmountDuffs=-1100, feeDuffs=null, contextCode=0, directionCode=2) (Room snapshot will reconcile)
06:09:57 [DefaultDispatcher-worker-15] L1ShadowSyncService - L1 engine tx event: Detected(txidHex=0b8871bd1be9db6b268626728a769720dab92096e90e36d9ea2ea9f98f39a29c, netAmountDuffs=-1100, feeDuffs=null, contextCode=0, directionCode=2)
06:09:57 [DefaultDispatcher-worker-15] L1ShadowSyncService - L1 tx-event buffer full; dropped Detected(txidHex=0b8871bd1be9db6b268626728a769720dab92096e90e36d9ea2ea9f98f39a29c, netAmountDuffs=-1100, feeDuffs=null, contextCode=0, directionCode=2) (Room snapshot will reconcile)
06:09:57 [DefaultDispatcher-worker-15] L1ShadowSyncService - L1 engine tx event: Detected(txidHex=7b2ac1bb7a1e3c323b279033e94e5f9724a1700334bdd98239477aedc7b2b8f6, netAmountDuffs=-1140, feeDuffs=null, contextCode=0, directionCode=2)
06:09:57 [DefaultDispatcher-worker-15] L1ShadowSyncService - L1 tx-event buffer full; dropped Detected(txidHex=7b2ac1bb7a1e3c323b279033e94e5f9724a1700334bdd98239477aedc7b2b8f6, netAmountDuffs=-1140, feeDuffs=null, contextCode=0, directionCode=2) (Room snapshot will reconcile)
06:09:57 [DefaultDispatcher-worker-15] L1ShadowSyncService - L1 engine tx event: Detected(txidHex=a1c61c7276f12e8de6ee456b39eeb1c3e975fcc2b9d24779cd9e4b2fbbe72957, netAmountDuffs=-1140, feeDuffs=null, contextCode=0, directionCode=2)
06:09:57 [DefaultDispatcher-worker-15] L1ShadowSyncService - L1 tx-event buffer full; dropped Detected(txidHex=a1c61c7276f12e8de6ee456b39eeb1c3e975fcc2b9d24779cd9e4b2fbbe72957, netAmountDuffs=-1140, feeDuffs=null, contextCode=0, directionCode=2) (Room snapshot will reconcile)
06:09:57 [DefaultDispatcher-worker-15] L1ShadowSyncService - L1 engine tx event: Detected(txidHex=01b6003234c9b8fb95d7597b27559b3e49a23ca6b65edb46a3afd334980ed5b7, netAmountDuffs=-1140, feeDuffs=null, contextCode=0, directionCode=2)
06:09:57 [DefaultDispatcher-worker-15] L1ShadowSyncService - L1 tx-event buffer full; dropped Detected(txidHex=01b6003234c9b8fb95d7597b27559b3e49a23ca6b65edb46a3afd334980ed5b7, netAmountDuffs=-1140, feeDuffs=null, contextCode=0, directionCode=2) (Room snapshot will reconcile)
06:09:57 [DefaultDispatcher-worker-15] L1ShadowSyncService - L1 engine tx event: Detected(txidHex=d65ca70f393744acca84b649d055926e604da91fcf2040a87d81906708b56be2, netAmountDuffs=-1180, feeDuffs=null, contextCode=0, directionCode=2)
06:09:57 [DefaultDispatcher-worker-15] L1ShadowSyncService - L1 tx-event buffer full; dropped Detected(txidHex=d65ca70f393744acca84b649d055926e604da91fcf2040a87d81906708b56be2, netAmountDuffs=-1180, feeDuffs=null, contextCode=0, directionCode=2) (Room snapshot will reconcile)
06:09:57 [DefaultDispatcher-worker-15] L1ShadowSyncService - L1 engine tx event: Detected(txidHex=bbd26b286e4822213cd58fad3afdd630cffebe65eb7a27b2f818ad10e0f655f6, netAmountDuffs=-1180, feeDuffs=null, contextCode=0, directionCode=2)
06:09:57 [DefaultDispatcher-worker-15] L1ShadowSyncService - L1 tx-event buffer full; dropped Detected(txidHex=bbd26b286e4822213cd58fad3afdd630cffebe65eb7a27b2f818ad10e0f655f6, netAmountDuffs=-1180, feeDuffs=null, contextCode=0, directionCode=2) (Room snapshot will reconcile)
06:09:57 [DefaultDispatcher-worker-15] L1ShadowSyncService - L1 engine tx event: InstantLocked(txidHex=e1347612a31ba30e9a6f7ca37f9d74599d88441ab1c458da523f0b8be7cf3f34)
06:09:57 [DefaultDispatcher-worker-15] L1ShadowSyncService - L1 tx-event buffer full; dropped InstantLocked(txidHex=e1347612a31ba30e9a6f7ca37f9d74599d88441ab1c458da523f0b8be7cf3f34) (Room snapshot will reconcile)
06:09:57 [DefaultDispatcher-worker-15] L1ShadowSyncService - L1 engine tx event: Detected(txidHex=83978b7bf627f41c451ae4d966ee669e2416fdf77e9b0858c6c4a24576d66e00, netAmountDuffs=-1180, feeDuffs=null, contextCode=0, directionCode=2)
06:09:57 [DefaultDispatcher-worker-15] L1ShadowSyncService - L1 tx-event buffer full; dropped Detected(txidHex=83978b7bf627f41c451ae4d966ee669e2416fdf77e9b0858c6c4a24576d66e00, netAmountDuffs=-1180, feeDuffs=null, contextCode=0, directionCode=2) (Room snapshot will reconcile)
06:09:57 [DefaultDispatcher-worker-15] L1ShadowSyncService - L1 engine tx event: Detected(txidHex=742e3619a4761eefa173aee52192bc05dc76ed0d30e4ecdc37c085225e37c6d0, netAmountDuffs=-1220, feeDuffs=null, contextCode=0, directionCode=2)
06:09:57 [DefaultDispatcher-worker-15] L1ShadowSyncService - L1 tx-event buffer full; dropped Detected(txidHex=742e3619a4761eefa173aee52192bc05dc76ed0d30e4ecdc37c085225e37c6d0, netAmountDuffs=-1220, feeDuffs=null, contextCode=0, directionCode=2) (Room snapshot will reconcile)
06:09:57 [DefaultDispatcher-worker-15] L1ShadowSyncService - L1 engine tx event: Detected(txidHex=5c714ee6a5fd9ab2e88823a5ff0571fef4967ded2a200edc5c119bde4599b746, netAmountDuffs=-1220, feeDuffs=null, contextCode=0, directionCode=2)
06:09:57 [DefaultDispatcher-worker-15] L1ShadowSyncService - L1 tx-event buffer full; dropped Detected(txidHex=5c714ee6a5fd9ab2e88823a5ff0571fef4967ded2a200edc5c119bde4599b746, netAmountDuffs=-1220, feeDuffs=null, contextCode=0, directionCode=2) (Room snapshot will reconcile)
06:09:57 [DefaultDispatcher-worker-15] L1ShadowSyncService - L1 engine tx event: Detected(txidHex=855b02b5777bde9bc101c71e2069e9b8c7f3c2c128fddccebaa15d6c0a034941, netAmountDuffs=-1220, feeDuffs=null, contextCode=0, directionCode=2)
06:09:57 [DefaultDispatcher-worker-15] L1ShadowSyncService - L1 tx-event buffer full; dropped Detected(txidHex=855b02b5777bde9bc101c71e2069e9b8c7f3c2c128fddccebaa15d6c0a034941, netAmountDuffs=-1220, feeDuffs=null, contextCode=0, directionCode=2) (Room snapshot will reconcile)
06:09:57 [DefaultDispatcher-worker-15] L1ShadowSyncService - L1 engine tx event: Detected(txidHex=659e6c0cfb64b2f1eeba3b4020051e4f41e5b7fdcffcb5cfa2d325166bad7a7c, netAmountDuffs=-490, feeDuffs=null, contextCode=1, directionCode=2)
06:09:57 [DefaultDispatcher-worker-15] L1ShadowSyncService - L1 tx-event buffer full; dropped Detected(txidHex=659e6c0cfb64b2f1eeba3b4020051e4f41e5b7fdcffcb5cfa2d325166bad7a7c, netAmountDuffs=-490, feeDuffs=null, contextCode=1, directionCode=2) (Room snapshot will reconcile)
06:09:57 [DefaultDispatcher-worker-15] L1ShadowSyncService - L1 engine tx event: Detected(txidHex=e12d0851c0bd3ea3107d54522efc87e29b93b1a5136a6ee01ef369c0030a22b2, netAmountDuffs=-640, feeDuffs=null, contextCode=0, directionCode=2)
06:09:57 [DefaultDispatcher-worker-15] L1ShadowSyncService - L1 tx-event buffer full; dropped Detected(txidHex=e12d0851c0bd3ea3107d54522efc87e29b93b1a5136a6ee01ef369c0030a22b2, netAmountDuffs=-640, feeDuffs=null, contextCode=0, directionCode=2) (Room snapshot will reconcile)
06:09:57 [DefaultDispatcher-worker-15] L1ShadowSyncService - L1 engine tx event: Detected(txidHex=77ad97069c9dfef9444f8ddebb9290d2f7960f2ead9f8793519fbe81368936f9, netAmountDuffs=-720, feeDuffs=null, contextCode=0, directionCode=2)
06:09:57 [DefaultDispatcher-worker-15] L1ShadowSyncService - L1 tx-event buffer full; dropped Detected(txidHex=77ad97069c9dfef9444f8ddebb9290d2f7960f2ead9f8793519fbe81368936f9, netAmountDuffs=-720, feeDuffs=null, contextCode=0, directionCode=2) (Room snapshot will reconcile)
06:09:57 [DefaultDispatcher-worker-15] L1ShadowSyncService - L1 engine tx event: Detected(txidHex=22eb735a5bddd801f09c23bb90369c33b142322ab9e463356aeba310fd9cb45e, netAmountDuffs=-910, feeDuffs=null, contextCode=0, directionCode=2)
06:09:57 [DefaultDispatcher-worker-15] L1ShadowSyncService - L1 tx-event buffer full; dropped Detected(txidHex=22eb735a5bddd801f09c23bb90369c33b142322ab9e463356aeba310fd9cb45e, netAmountDuffs=-910, feeDuffs=null, contextCode=0, directionCode=2) (Room snapshot will reconcile)
06:09:57 [DefaultDispatcher-worker-15] L1ShadowSyncService - L1 engine tx event: Detected(txidHex=c699012e619c72513c69bc592aa57b74d8962f18512530cee549c92a57ee1f8f, netAmountDuffs=-910, feeDuffs=null, contextCode=0, directionCode=2)
06:09:57 [DefaultDispatcher-worker-15] L1ShadowSyncService - L1 tx-event buffer full; dropped Detected(txidHex=c699012e619c72513c69bc592aa57b74d8962f18512530cee549c92a57ee1f8f, netAmountDuffs=-910, feeDuffs=null, contextCode=0, directionCode=2) (Room snapshot will reconcile)
06:09:57 [DefaultDispatcher-worker-15] L1ShadowSyncService - L1 engine tx event: InstantLocked(txidHex=f610ec891776b2cb1bbb5c4b582e7b7adb0b65d20f7bc4b04315db516c27a1f3)
06:09:57 [DefaultDispatcher-worker-15] L1ShadowSyncService - L1 tx-event buffer full; dropped InstantLocked(txidHex=f610ec891776b2cb1bbb5c4b582e7b7adb0b65d20f7bc4b04315db516c27a1f3) (Room snapshot will reconcile)
06:09:57 [DefaultDispatcher-worker-15] L1ShadowSyncService - L1 engine tx event: Detected(txidHex=51c63da99f179a4d047b9b1942441e8cc9833c505688219eefe522a8ab62cb92, netAmountDuffs=-950, feeDuffs=null, contextCode=0, directionCode=2)
06:09:57 [DefaultDispatcher-worker-15] L1ShadowSyncService - L1 tx-event buffer full; dropped Detected(txidHex=51c63da99f179a4d047b9b1942441e8cc9833c505688219eefe522a8ab62cb92, netAmountDuffs=-950, feeDuffs=null, contextCode=0, directionCode=2) (Room snapshot will reconcile)
06:09:57 [DefaultDispatcher-worker-15] L1ShadowSyncService - L1 engine tx event: Detected(txidHex=332cc6c7ce37351f1ca1ac5c355c53f27c7cb9bc83e18a4f171364e2c56df636, netAmountDuffs=-1060, feeDuffs=null, contextCode=0, directionCode=2)
06:09:57 [DefaultDispatcher-worker-15] L1ShadowSyncService - L1 tx-event buffer full; dropped Detected(txidHex=332cc6c7ce37351f1ca1ac5c355c53f27c7cb9bc83e18a4f171364e2c56df636, netAmountDuffs=-1060, feeDuffs=null, contextCode=0, directionCode=2) (Room snapshot will reconcile)
06:09:57 [DefaultDispatcher-worker-15] L1ShadowSyncService - L1 engine tx event: Detected(txidHex=711da74c37f7ab42ff2228021da72ece5d3edf6613fb1a2474d3889f5019f7b0, netAmountDuffs=-870, feeDuffs=null, contextCode=1, directionCode=2)
06:09:57 [DefaultDispatcher-worker-15] L1ShadowSyncService - L1 tx-event buffer full; dropped Detected(txidHex=711da74c37f7ab42ff2228021da72ece5d3edf6613fb1a2474d3889f5019f7b0, netAmountDuffs=-870, feeDuffs=null, contextCode=1, directionCode=2) (Room snapshot will reconcile)
06:09:57 [DefaultDispatcher-worker-15] L1ShadowSyncService - L1 engine tx event: InstantLocked(txidHex=37935cbab56e86c40edc1dcd721a03220f79c00ccd42c24e032706d81a92c2a0)
06:09:57 [DefaultDispatcher-worker-15] L1ShadowSyncService - L1 tx-event buffer full; dropped InstantLocked(txidHex=37935cbab56e86c40edc1dcd721a03220f79c00ccd42c24e032706d81a92c2a0) (Room snapshot will reconcile)
06:09:57 [DefaultDispatcher-worker-15] L1ShadowSyncService - L1 engine tx event: InstantLocked(txidHex=f601ca8f53028a945a31af6f241e311fa56aaf2feabfd5b8de4a704db09cd757)
06:09:57 [DefaultDispatcher-worker-15] L1ShadowSyncService - L1 tx-event buffer full; dropped InstantLocked(txidHex=f601ca8f53028a945a31af6f241e311fa56aaf2feabfd5b8de4a704db09cd757) (Room snapshot will reconcile)
06:09:57 [DefaultDispatcher-worker-15] L1ShadowSyncService - L1 engine tx event: InstantLocked(txidHex=ca741d8761e378436366be74a3c6b6ce313cbe0392706b6fd30705c0d95c3d99)
06:09:57 [DefaultDispatcher-worker-15] L1ShadowSyncService - L1 tx-event buffer full; dropped InstantLocked(txidHex=ca741d8761e378436366be74a3c6b6ce313cbe0392706b6fd30705c0d95c3d99) (Room snapshot will reconcile)
06:09:57 [DefaultDispatcher-worker-15] L1ShadowSyncService - L1 engine tx event: InstantLocked(txidHex=cc70869a5fa6ec358d159656a9f09f86e0a6d543b5f6823070db5b8662694f46)
06:09:57 [DefaultDispatcher-worker-15] L1ShadowSyncService - L1 tx-event buffer full; dropped InstantLocked(txidHex=cc70869a5fa6ec358d159656a9f09f86e0a6d543b5f6823070db5b8662694f46) (Room snapshot will reconcile)
06:09:57 [DefaultDispatcher-worker-15] L1ShadowSyncService - L1 engine tx event: InstantLocked(txidHex=aeb3e29509bbf5eea162a5e25759c018c25c2ed5351eb6aa25e54b6b3a06933e)
06:09:57 [DefaultDispatcher-worker-15] L1ShadowSyncService - L1 tx-event buffer full; dropped InstantLocked(txidHex=aeb3e29509bbf5eea162a5e25759c018c25c2ed5351eb6aa25e54b6b3a06933e) (Room snapshot will reconcile)
06:09:57 [DefaultDispatcher-worker-15] L1ShadowSyncService - L1 engine tx event: InstantLocked(txidHex=55a276167fc372ca1d21c27ad55706db86ec7da23031469ea299ffd5efd1a71d)
06:09:57 [DefaultDispatcher-worker-15] L1ShadowSyncService - L1 tx-event buffer full; dropped InstantLocked(txidHex=55a276167fc372ca1d21c27ad55706db86ec7da23031469ea299ffd5efd1a71d) (Room snapshot will reconcile)
06:09:57 [DefaultDispatcher-worker-15] L1ShadowSyncService - L1 engine tx event: InstantLocked(txidHex=198101c68bb8480ac2b04f05665691464a0be3547e99a13c91e02b86fd0ba3cc)
06:09:57 [DefaultDispatcher-worker-15] L1ShadowSyncService - L1 tx-event buffer full; dropped InstantLocked(txidHex=198101c68bb8480ac2b04f05665691464a0be3547e99a13c91e02b86fd0ba3cc) (Room snapshot will reconcile)
06:09:57 [DefaultDispatcher-worker-15] L1ShadowSyncService - L1 engine tx event: InstantLocked(txidHex=da2bce128af747b24298bbea620c381978a72721b52e09f31afff3dae8aff9a9)
06:09:57 [DefaultDispatcher-worker-15] L1ShadowSyncService - L1 tx-event buffer full; dropped InstantLocked(txidHex=da2bce128af747b24298bbea620c381978a72721b52e09f31afff3dae8aff9a9) (Room snapshot will reconcile)
06:09:57 [DefaultDispatcher-worker-6] CutoverUiDataService - SDK balance published: 98832940 duffs (was 98862580) | l1Synced=true rescanArmedHold=true dashPayBackfill(armed=false,replaying=false) deferredContactBuilds=0 (unchangedReads=3) persistedAsLastKnown=false lastKnown=0
06:09:57 [DefaultDispatcher-worker-15] L1ShadowSyncService - L1 engine tx event: InstantLocked(txidHex=f41958d81fccc2b7cd79d17242874ee144794d12b25f8a520c0f4ca6bddf957f)
06:09:57 [DefaultDispatcher-worker-15] L1ShadowSyncService - L1 tx-event buffer full; dropped InstantLocked(txidHex=f41958d81fccc2b7cd79d17242874ee144794d12b25f8a520c0f4ca6bddf957f) (Room snapshot will reconcile)
06:09:57 [DefaultDispatcher-worker-15] L1ShadowSyncService - L1 engine tx event: InstantLocked(txidHex=1493c13121d8aab5afebb9470ccbe442b36a9a822e7c6544b1ef386b4057f02a)
06:09:57 [DefaultDispatcher-worker-15] L1ShadowSyncService - L1 tx-event buffer full; dropped InstantLocked(txidHex=1493c13121d8aab5afebb9470ccbe442b36a9a822e7c6544b1ef386b4057f02a) (Room snapshot will reconcile)
06:09:57 [DefaultDispatcher-worker-15] L1ShadowSyncService - L1 engine tx event: InstantLocked(txidHex=6aa1c59bf948f3a33a38acaf0fcee3fc27933ade8f681c7b7a2fbc6597830089)
06:09:57 [DefaultDispatcher-worker-15] L1ShadowSyncService - L1 tx-event buffer full; dropped InstantLocked(txidHex=6aa1c59bf948f3a33a38acaf0fcee3fc27933ade8f681c7b7a2fbc6597830089) (Room snapshot will reconcile)
06:09:57 [DefaultDispatcher-worker-15] L1ShadowSyncService - L1 engine tx event: InstantLocked(txidHex=2b48f85a9466e3bfc3fbe019d779ae37b03742c34e8fad3fe4fef56cd02a8c6f)
06:09:57 [DefaultDispatcher-worker-15] L1ShadowSyncService - L1 tx-event buffer full; dropped InstantLocked(txidHex=2b48f85a9466e3bfc3fbe019d779ae37b03742c34e8fad3fe4fef56cd02a8c6f) (Room snapshot will reconcile)
06:09:57 [DefaultDispatcher-worker-15] L1ShadowSyncService - L1 engine tx event: InstantLocked(txidHex=0262a3153019e9459b51bb02a5c1b1cef7d209368aa4ea71278ea14cda5e0153)
06:09:57 [DefaultDispatcher-worker-15] L1ShadowSyncService - L1 tx-event buffer full; dropped InstantLocked(txidHex=0262a3153019e9459b51bb02a5c1b1cef7d209368aa4ea71278ea14cda5e0153) (Room snapshot will reconcile)
06:09:57 [DefaultDispatcher-worker-15] L1ShadowSyncService - L1 engine tx event: InstantLocked(txidHex=0ecf45c856122471b28747fce421829b5660e9d4a910b6f478b5cd88d9214510)
06:09:57 [DefaultDispatcher-worker-15] L1ShadowSyncService - L1 tx-event buffer full; dropped InstantLocked(txidHex=0ecf45c856122471b28747fce421829b5660e9d4a910b6f478b5cd88d9214510) (Room snapshot will reconcile)
06:09:57 [DefaultDispatcher-worker-15] L1ShadowSyncService - L1 engine tx event: InstantLocked(txidHex=39751e0ce00dac440496ea8314cbbbc9e66df4b3dd54a96901cb9c6bd5279d5d)
06:09:57 [DefaultDispatcher-worker-15] L1ShadowSyncService - L1 tx-event buffer full; dropped InstantLocked(txidHex=39751e0ce00dac440496ea8314cbbbc9e66df4b3dd54a96901cb9c6bd5279d5d) (Room snapshot will reconcile)
06:09:57 [DefaultDispatcher-worker-15] L1ShadowSyncService - L1 engine tx event: InstantLocked(txidHex=1c93112f0d9e5af00cdf023812bde3846d0dbcba445c01503746cf24e02acf88)
06:09:57 [DefaultDispatcher-worker-15] L1ShadowSyncService - L1 tx-event buffer full; dropped InstantLocked(txidHex=1c93112f0d9e5af00cdf023812bde3846d0dbcba445c01503746cf24e02acf88) (Room snapshot will reconcile)
06:09:57 [DefaultDispatcher-worker-15] L1ShadowSyncService - L1 engine tx event: InstantLocked(txidHex=d8aeaa2cc5ba2394a6a8bd7f5afc8d49215dfe96548b3db0e7d2cdafb2657625)
06:09:57 [DefaultDispatcher-worker-15] L1ShadowSyncService - L1 tx-event buffer full; dropped InstantLocked(txidHex=d8aeaa2cc5ba2394a6a8bd7f5afc8d49215dfe96548b3db0e7d2cdafb2657625) (Room snapshot will reconcile)
06:09:57 [DefaultDispatcher-worker-11] L1ShadowSyncService - L1 engine tx event: InstantLocked(txidHex=af015a98d468295601e08685d44e2567cfb513f90e604d368ed7cc4f2a702a00)
06:09:57 [DefaultDispatcher-worker-11] L1ShadowSyncService - L1 tx-event buffer full; dropped InstantLocked(txidHex=af015a98d468295601e08685d44e2567cfb513f90e604d368ed7cc4f2a702a00) (Room snapshot will reconcile)
06:09:57 [DefaultDispatcher-worker-8] L1ShadowSyncService - L1 engine tx event: InstantLocked(txidHex=558da89da4a927259fd45d28bf104c8d284b2b58fbf53f9539b183b13b65f89f)
06:09:57 [DefaultDispatcher-worker-8] L1ShadowSyncService - L1 tx-event buffer full; dropped InstantLocked(txidHex=558da89da4a927259fd45d28bf104c8d284b2b58fbf53f9539b183b13b65f89f) (Room snapshot will reconcile)
06:09:57 [DefaultDispatcher-worker-14] L1ShadowSyncService - L1 engine tx event: InstantLocked(txidHex=984aea646b43d1b178ef7d13a165ffbb15edbf4294e7f1e2306f9e01fa80b2fe)
06:09:57 [DefaultDispatcher-worker-14] L1ShadowSyncService - L1 tx-event buffer full; dropped InstantLocked(txidHex=984aea646b43d1b178ef7d13a165ffbb15edbf4294e7f1e2306f9e01fa80b2fe) (Room snapshot will reconcile)
06:09:57 [DefaultDispatcher-worker-14] L1ShadowSyncService - L1 engine tx event: InstantLocked(txidHex=5b66bd3eb26f0f20fe052858e46fd041a2ad3f7f4478e6db123b426986d8e2f2)
06:09:57 [DefaultDispatcher-worker-14] L1ShadowSyncService - L1 tx-event buffer full; dropped InstantLocked(txidHex=5b66bd3eb26f0f20fe052858e46fd041a2ad3f7f4478e6db123b426986d8e2f2) (Room snapshot will reconcile)
06:09:57 [DefaultDispatcher-worker-14] L1ShadowSyncService - L1 engine tx event: InstantLocked(txidHex=62485a65e1cde58a877f37aed6bb38b2a82a90bccf31607a8e5861126f33c3c2)
06:09:57 [DefaultDispatcher-worker-14] L1ShadowSyncService - L1 tx-event buffer full; dropped InstantLocked(txidHex=62485a65e1cde58a877f37aed6bb38b2a82a90bccf31607a8e5861126f33c3c2) (Room snapshot will reconcile)
06:09:57 [DefaultDispatcher-worker-14] L1ShadowSyncService - L1 engine tx event: InstantLocked(txidHex=e8f27ab9f0f02d3790d35c74088e38b94e288df8a7b9bcc4c1adc5195a680bb5)
06:09:57 [DefaultDispatcher-worker-14] L1ShadowSyncService - L1 tx-event buffer full; dropped InstantLocked(txidHex=e8f27ab9f0f02d3790d35c74088e38b94e288df8a7b9bcc4c1adc5195a680bb5) (Room snapshot will reconcile)
06:09:57 [DefaultDispatcher-worker-14] L1ShadowSyncService - L1 engine tx event: InstantLocked(txidHex=d09e848ed770af28f6d0df4ecce432c4802de114cb31c400fbee693a2c456ffe)
06:09:57 [DefaultDispatcher-worker-14] L1ShadowSyncService - L1 tx-event buffer full; dropped InstantLocked(txidHex=d09e848ed770af28f6d0df4ecce432c4802de114cb31c400fbee693a2c456ffe) (Room snapshot will reconcile)
06:09:57 [DefaultDispatcher-worker-11] L1ShadowSyncService - L1 engine tx event: InstantLocked(txidHex=1c63e05cb79c47e5ce87fededc58a0ce9894320b43fe48182c7a4f93df927baa)
06:09:57 [DefaultDispatcher-worker-11] L1ShadowSyncService - L1 tx-event buffer full; dropped InstantLocked(txidHex=1c63e05cb79c47e5ce87fededc58a0ce9894320b43fe48182c7a4f93df927baa) (Room snapshot will reconcile)
06:09:57 [DefaultDispatcher-worker-12] L1ShadowSyncService - L1 engine tx event: InstantLocked(txidHex=b486a4f44849bb02336c9b38bc5b1b9e27299db3960dce22b07abccb6d71bce6)
06:09:57 [DefaultDispatcher-worker-12] L1ShadowSyncService - L1 tx-event buffer full; dropped InstantLocked(txidHex=b486a4f44849bb02336c9b38bc5b1b9e27299db3960dce22b07abccb6d71bce6) (Room snapshot will reconcile)
06:09:57 [DefaultDispatcher-worker-12] L1ShadowSyncService - L1 engine tx event: InstantLocked(txidHex=7c438fbfa214df26341e70955805a0f01fabfa880c8782e06b1ba938a2c1ba15)
06:09:57 [DefaultDispatcher-worker-12] L1ShadowSyncService - L1 tx-event buffer full; dropped InstantLocked(txidHex=7c438fbfa214df26341e70955805a0f01fabfa880c8782e06b1ba938a2c1ba15) (Room snapshot will reconcile)
06:09:57 [DefaultDispatcher-worker-12] L1ShadowSyncService - L1 engine tx event: InstantLocked(txidHex=96393040d19be4414d4d94612d51667e51fdbddefe539ad3a49c0c991985b843)
06:09:57 [DefaultDispatcher-worker-12] L1ShadowSyncService - L1 tx-event buffer full; dropped InstantLocked(txidHex=96393040d19be4414d4d94612d51667e51fdbddefe539ad3a49c0c991985b843) (Room snapshot will reconcile)
06:09:57 [DefaultDispatcher-worker-14] L1ShadowSyncService - L1 engine tx event: InstantLocked(txidHex=0506d2b3a8b8d5c543b7701758394d109eae2c8cc2a4b57d4f9075d5afe433e1)
06:09:57 [DefaultDispatcher-worker-14] L1ShadowSyncService - L1 tx-event buffer full; dropped InstantLocked(txidHex=0506d2b3a8b8d5c543b7701758394d109eae2c8cc2a4b57d4f9075d5afe433e1) (Room snapshot will reconcile)
06:09:57 [DefaultDispatcher-worker-14] L1ShadowSyncService - L1 engine tx event: InstantLocked(txidHex=a4196a57990922a143cf07b8f30bb6d8dc4bf2b7b92216626d53aaba622ce879)
06:09:57 [DefaultDispatcher-worker-14] L1ShadowSyncService - L1 tx-event buffer full; dropped InstantLocked(txidHex=a4196a57990922a143cf07b8f30bb6d8dc4bf2b7b92216626d53aaba622ce879) (Room snapshot will reconcile)
06:09:57 [DefaultDispatcher-worker-15] L1ShadowSyncService - L1 engine tx event: InstantLocked(txidHex=071b659d4b5a91ecf339e23647ebfda28092b02c731cfc772a2a87223776576b)
06:09:57 [DefaultDispatcher-worker-15] L1ShadowSyncService - L1 tx-event buffer full; dropped InstantLocked(txidHex=071b659d4b5a91ecf339e23647ebfda28092b02c731cfc772a2a87223776576b) (Room snapshot will reconcile)
06:09:57 [DefaultDispatcher-worker-15] L1ShadowSyncService - L1 engine tx event: InstantLocked(txidHex=d999c914827b29cf8f7d1b9aa41e119c406d33ddc65a6e0cfcacea8332530819)
06:09:57 [DefaultDispatcher-worker-15] L1ShadowSyncService - L1 tx-event buffer full; dropped InstantLocked(txidHex=d999c914827b29cf8f7d1b9aa41e119c406d33ddc65a6e0cfcacea8332530819) (Room snapshot will reconcile)
06:09:57 [DefaultDispatcher-worker-15] L1ShadowSyncService - L1 engine tx event: InstantLocked(txidHex=53a835595963027fce93ac596aabb06c6741f078255d133ad5677b26c6f97801)
06:09:57 [DefaultDispatcher-worker-15] L1ShadowSyncService - L1 tx-event buffer full; dropped InstantLocked(txidHex=53a835595963027fce93ac596aabb06c6741f078255d133ad5677b26c6f97801) (Room snapshot will reconcile)
06:09:57 [DefaultDispatcher-worker-15] L1ShadowSyncService - L1 engine tx event: InstantLocked(txidHex=f39a5ded14d9dda682091ee2864a5f658f726b5006b9c63415b4814c8c32f0ca)
06:09:57 [DefaultDispatcher-worker-15] L1ShadowSyncService - L1 tx-event buffer full; dropped InstantLocked(txidHex=f39a5ded14d9dda682091ee2864a5f658f726b5006b9c63415b4814c8c32f0ca) (Room snapshot will reconcile)
06:09:57 [DefaultDispatcher-worker-15] L1ShadowSyncService - L1 engine tx event: InstantLocked(txidHex=c76d53bac3052fde66d32d07811b18e4d239505073c78ed17ef9ec573100fb7e)
06:09:57 [DefaultDispatcher-worker-15] L1ShadowSyncService - L1 tx-event buffer full; dropped InstantLocked(txidHex=c76d53bac3052fde66d32d07811b18e4d239505073c78ed17ef9ec573100fb7e) (Room snapshot will reconcile)
06:09:57 [DefaultDispatcher-worker-15] L1ShadowSyncService - L1 engine tx event: InstantLocked(txidHex=cc656939db0cc1a623951965882beac7bd3aee079bc1b29492da3c58de780d14)
06:09:57 [DefaultDispatcher-worker-15] L1ShadowSyncService - L1 tx-event buffer full; dropped InstantLocked(txidHex=cc656939db0cc1a623951965882beac7bd3aee079bc1b29492da3c58de780d14) (Room snapshot will reconcile)
06:09:57 [DefaultDispatcher-worker-15] L1ShadowSyncService - L1 engine tx event: InstantLocked(txidHex=292e3a5d968f17ec324c27a75a6f975b4af02564cc1ade84f33ddd7a9a2a3746)
06:09:57 [DefaultDispatcher-worker-15] L1ShadowSyncService - L1 tx-event buffer full; dropped InstantLocked(txidHex=292e3a5d968f17ec324c27a75a6f975b4af02564cc1ade84f33ddd7a9a2a3746) (Room snapshot will reconcile)
06:09:57 [DefaultDispatcher-worker-15] L1ShadowSyncService - L1 engine tx event: InstantLocked(txidHex=d3f875db985ecb789354a5076200bb5ffe02037ee655e1c3562fead7a906e775)
06:09:57 [DefaultDispatcher-worker-15] L1ShadowSyncService - L1 tx-event buffer full; dropped InstantLocked(txidHex=d3f875db985ecb789354a5076200bb5ffe02037ee655e1c3562fead7a906e775) (Room snapshot will reconcile)
06:09:57 [DefaultDispatcher-worker-15] L1ShadowSyncService - L1 engine tx event: InstantLocked(txidHex=bb6c708b910b91887b6257e6e7808a6d266d224fec2f68070152729610f26436)
06:09:57 [DefaultDispatcher-worker-15] L1ShadowSyncService - L1 tx-event buffer full; dropped InstantLocked(txidHex=bb6c708b910b91887b6257e6e7808a6d266d224fec2f68070152729610f26436) (Room snapshot will reconcile)
06:09:57 [DefaultDispatcher-worker-15] L1ShadowSyncService - L1 engine tx event: InstantLocked(txidHex=9b28ebf2affd9df6736deb9e97c23bcea3dda1086607925c8b8150e3f903cb3a)
06:09:57 [DefaultDispatcher-worker-15] L1ShadowSyncService - L1 tx-event buffer full; dropped InstantLocked(txidHex=9b28ebf2affd9df6736deb9e97c23bcea3dda1086607925c8b8150e3f903cb3a) (Room snapshot will reconcile)
06:09:57 [DefaultDispatcher-worker-15] L1ShadowSyncService - L1 engine tx event: InstantLocked(txidHex=cb30db6baa9fbf9f536798e3e940c587b8d7edad9d3a4633a3cedf9db859aeec)
06:09:57 [DefaultDispatcher-worker-15] L1ShadowSyncService - L1 tx-event buffer full; dropped InstantLocked(txidHex=cb30db6baa9fbf9f536798e3e940c587b8d7edad9d3a4633a3cedf9db859aeec) (Room snapshot will reconcile)
06:09:57 [DefaultDispatcher-worker-15] L1ShadowSyncService - L1 engine tx event: InstantLocked(txidHex=43a3a3c141de5c68007c0eea01676de0c0f90c01252d6c6b65737504023fd464)
06:09:57 [DefaultDispatcher-worker-15] L1ShadowSyncService - L1 tx-event buffer full; dropped InstantLocked(txidHex=43a3a3c141de5c68007c0eea01676de0c0f90c01252d6c6b65737504023fd464) (Room snapshot will reconcile)
06:09:57 [DefaultDispatcher-worker-15] L1ShadowSyncService - L1 engine tx event: InstantLocked(txidHex=7cee04344de6eb723f9b371c9a6844b8f86dd90f9f37ef5c960dec90ed6502a0)
06:09:57 [DefaultDispatcher-worker-15] L1ShadowSyncService - L1 tx-event buffer full; dropped InstantLocked(txidHex=7cee04344de6eb723f9b371c9a6844b8f86dd90f9f37ef5c960dec90ed6502a0) (Room snapshot will reconcile)
06:09:57 [DefaultDispatcher-worker-15] L1ShadowSyncService - L1 engine tx event: InstantLocked(txidHex=8bef270405103e1fc21ee72427849f5b54e025617bf4a0d8ead505e1319080d7)
06:09:57 [DefaultDispatcher-worker-15] L1ShadowSyncService - L1 tx-event buffer full; dropped InstantLocked(txidHex=8bef270405103e1fc21ee72427849f5b54e025617bf4a0d8ead505e1319080d7) (Room snapshot will reconcile)
06:09:57 [DefaultDispatcher-worker-5] L1ShadowSyncService - L1 engine tx event: InstantLocked(txidHex=7c42409aa5226b87af77ddb3b62e31c897d84f9a66624f3a0a52d27b6580dcad)
06:09:57 [DefaultDispatcher-worker-5] L1ShadowSyncService - L1 tx-event buffer full; dropped InstantLocked(txidHex=7c42409aa5226b87af77ddb3b62e31c897d84f9a66624f3a0a52d27b6580dcad) (Room snapshot will reconcile)
06:09:57 [DefaultDispatcher-worker-5] L1ShadowSyncService - L1 engine tx event: InstantLocked(txidHex=8d1d1f6b7e81ad7b34e4d166e0f94cbbad944eff5fd62dc89e8c3d07367a3676)
06:09:57 [DefaultDispatcher-worker-5] L1ShadowSyncService - L1 tx-event buffer full; dropped InstantLocked(txidHex=8d1d1f6b7e81ad7b34e4d166e0f94cbbad944eff5fd62dc89e8c3d07367a3676) (Room snapshot will reconcile)
06:09:57 [DefaultDispatcher-worker-5] L1ShadowSyncService - L1 engine tx event: InstantLocked(txidHex=34a1218116afd38293e2843195fb22aef5cc95297d3f7343463b66926846e66d)
06:09:57 [DefaultDispatcher-worker-5] L1ShadowSyncService - L1 tx-event buffer full; dropped InstantLocked(txidHex=34a1218116afd38293e2843195fb22aef5cc95297d3f7343463b66926846e66d) (Room snapshot will reconcile)
06:09:57 [DefaultDispatcher-worker-5] L1ShadowSyncService - L1 engine tx event: InstantLocked(txidHex=cc982ffa38e7d8c43e4d61e073f75d38e02261fc36c8c6969c55193fb1493f83)
06:09:57 [DefaultDispatcher-worker-5] L1ShadowSyncService - L1 tx-event buffer full; dropped InstantLocked(txidHex=cc982ffa38e7d8c43e4d61e073f75d38e02261fc36c8c6969c55193fb1493f83) (Room snapshot will reconcile)
06:09:57 [DefaultDispatcher-worker-5] L1ShadowSyncService - L1 engine tx event: InstantLocked(txidHex=b0fece2edb4e9246fa91fcdaba523d396273771795521389d52ea86787a54563)
06:09:57 [DefaultDispatcher-worker-5] L1ShadowSyncService - L1 tx-event buffer full; dropped InstantLocked(txidHex=b0fece2edb4e9246fa91fcdaba523d396273771795521389d52ea86787a54563) (Room snapshot will reconcile)
06:09:57 [DefaultDispatcher-worker-5] L1ShadowSyncService - L1 engine tx event: InstantLocked(txidHex=e32fefe39a30dba1b15aba7fad9905c96e9f50b030c2ba68365e2e296f0a635d)
06:09:57 [DefaultDispatcher-worker-5] L1ShadowSyncService - L1 tx-event buffer full; dropped InstantLocked(txidHex=e32fefe39a30dba1b15aba7fad9905c96e9f50b030c2ba68365e2e296f0a635d) (Room snapshot will reconcile)
06:09:57 [DefaultDispatcher-worker-5] L1ShadowSyncService - L1 engine tx event: InstantLocked(txidHex=d3f8838c48cbccb04b4547dfb7476dd629e3ab4f6f58eeae272bc5f38694a2fc)
06:09:57 [DefaultDispatcher-worker-5] L1ShadowSyncService - L1 tx-event buffer full; dropped InstantLocked(txidHex=d3f8838c48cbccb04b4547dfb7476dd629e3ab4f6f58eeae272bc5f38694a2fc) (Room snapshot will reconcile)
06:09:57 [DefaultDispatcher-worker-16] L1ShadowSyncService - L1 engine tx event: InstantLocked(txidHex=c24881277c624a59d8551f9eef344262d5cd9472b599444c338e5cbbeab8c16b)
06:09:57 [DefaultDispatcher-worker-16] L1ShadowSyncService - L1 tx-event buffer full; dropped InstantLocked(txidHex=c24881277c624a59d8551f9eef344262d5cd9472b599444c338e5cbbeab8c16b) (Room snapshot will reconcile)
06:09:57 [DefaultDispatcher-worker-15] L1ShadowSyncService - L1 engine tx event: InstantLocked(txidHex=6a92040cbfaaaf04b3f0caea97dac55e54a275f838d69c89d20df2358a3118e9)
06:09:57 [DefaultDispatcher-worker-15] L1ShadowSyncService - L1 tx-event buffer full; dropped InstantLocked(txidHex=6a92040cbfaaaf04b3f0caea97dac55e54a275f838d69c89d20df2358a3118e9) (Room snapshot will reconcile)
06:09:57 [DefaultDispatcher-worker-15] L1ShadowSyncService - L1 engine tx event: InstantLocked(txidHex=0b8871bd1be9db6b268626728a769720dab92096e90e36d9ea2ea9f98f39a29c)
06:09:57 [DefaultDispatcher-worker-15] L1ShadowSyncService - L1 tx-event buffer full; dropped InstantLocked(txidHex=0b8871bd1be9db6b268626728a769720dab92096e90e36d9ea2ea9f98f39a29c) (Room snapshot will reconcile)
06:09:57 [DefaultDispatcher-worker-15] L1ShadowSyncService - L1 engine tx event: InstantLocked(txidHex=7b2ac1bb7a1e3c323b279033e94e5f9724a1700334bdd98239477aedc7b2b8f6)
06:09:57 [DefaultDispatcher-worker-15] L1ShadowSyncService - L1 tx-event buffer full; dropped InstantLocked(txidHex=7b2ac1bb7a1e3c323b279033e94e5f9724a1700334bdd98239477aedc7b2b8f6) (Room snapshot will reconcile)
06:09:57 [DefaultDispatcher-worker-15] L1ShadowSyncService - L1 engine tx event: InstantLocked(txidHex=a1c61c7276f12e8de6ee456b39eeb1c3e975fcc2b9d24779cd9e4b2fbbe72957)
06:09:57 [DefaultDispatcher-worker-15] L1ShadowSyncService - L1 tx-event buffer full; dropped InstantLocked(txidHex=a1c61c7276f12e8de6ee456b39eeb1c3e975fcc2b9d24779cd9e4b2fbbe72957) (Room snapshot will reconcile)
06:09:57 [DefaultDispatcher-worker-15] L1ShadowSyncService - L1 engine tx event: InstantLocked(txidHex=01b6003234c9b8fb95d7597b27559b3e49a23ca6b65edb46a3afd334980ed5b7)
06:09:57 [DefaultDispatcher-worker-15] L1ShadowSyncService - L1 tx-event buffer full; dropped InstantLocked(txidHex=01b6003234c9b8fb95d7597b27559b3e49a23ca6b65edb46a3afd334980ed5b7) (Room snapshot will reconcile)
06:09:57 [DefaultDispatcher-worker-15] L1ShadowSyncService - L1 engine tx event: InstantLocked(txidHex=d65ca70f393744acca84b649d055926e604da91fcf2040a87d81906708b56be2)
06:09:57 [DefaultDispatcher-worker-15] L1ShadowSyncService - L1 tx-event buffer full; dropped InstantLocked(txidHex=d65ca70f393744acca84b649d055926e604da91fcf2040a87d81906708b56be2) (Room snapshot will reconcile)
06:09:57 [DefaultDispatcher-worker-15] L1ShadowSyncService - L1 engine tx event: InstantLocked(txidHex=bbd26b286e4822213cd58fad3afdd630cffebe65eb7a27b2f818ad10e0f655f6)
06:09:57 [DefaultDispatcher-worker-15] L1ShadowSyncService - L1 tx-event buffer full; dropped InstantLocked(txidHex=bbd26b286e4822213cd58fad3afdd630cffebe65eb7a27b2f818ad10e0f655f6) (Room snapshot will reconcile)
06:09:57 [DefaultDispatcher-worker-8] L1ShadowSyncService - L1 engine tx event: InstantLocked(txidHex=83978b7bf627f41c451ae4d966ee669e2416fdf77e9b0858c6c4a24576d66e00)
06:09:57 [DefaultDispatcher-worker-8] L1ShadowSyncService - L1 tx-event buffer full; dropped InstantLocked(txidHex=83978b7bf627f41c451ae4d966ee669e2416fdf77e9b0858c6c4a24576d66e00) (Room snapshot will reconcile)
06:09:57 [DefaultDispatcher-worker-8] L1ShadowSyncService - L1 engine tx event: InstantLocked(txidHex=742e3619a4761eefa173aee52192bc05dc76ed0d30e4ecdc37c085225e37c6d0)
06:09:57 [DefaultDispatcher-worker-8] L1ShadowSyncService - L1 tx-event buffer full; dropped InstantLocked(txidHex=742e3619a4761eefa173aee52192bc05dc76ed0d30e4ecdc37c085225e37c6d0) (Room snapshot will reconcile)
06:09:57 [DefaultDispatcher-worker-8] L1ShadowSyncService - L1 engine tx event: InstantLocked(txidHex=5c714ee6a5fd9ab2e88823a5ff0571fef4967ded2a200edc5c119bde4599b746)
06:09:57 [DefaultDispatcher-worker-8] L1ShadowSyncService - L1 tx-event buffer full; dropped InstantLocked(txidHex=5c714ee6a5fd9ab2e88823a5ff0571fef4967ded2a200edc5c119bde4599b746) (Room snapshot will reconcile)
06:09:57 [DefaultDispatcher-worker-8] L1ShadowSyncService - L1 engine tx event: InstantLocked(txidHex=855b02b5777bde9bc101c71e2069e9b8c7f3c2c128fddccebaa15d6c0a034941)
06:09:57 [DefaultDispatcher-worker-8] L1ShadowSyncService - L1 tx-event buffer full; dropped InstantLocked(txidHex=855b02b5777bde9bc101c71e2069e9b8c7f3c2c128fddccebaa15d6c0a034941) (Room snapshot will reconcile)
06:09:57 [DefaultDispatcher-worker-8] L1ShadowSyncService - L1 engine tx event: InstantLocked(txidHex=e12d0851c0bd3ea3107d54522efc87e29b93b1a5136a6ee01ef369c0030a22b2)
06:09:57 [DefaultDispatcher-worker-8] L1ShadowSyncService - L1 tx-event buffer full; dropped InstantLocked(txidHex=e12d0851c0bd3ea3107d54522efc87e29b93b1a5136a6ee01ef369c0030a22b2) (Room snapshot will reconcile)
06:09:57 [DefaultDispatcher-worker-8] L1ShadowSyncService - L1 engine tx event: InstantLocked(txidHex=22eb735a5bddd801f09c23bb90369c33b142322ab9e463356aeba310fd9cb45e)
06:09:57 [DefaultDispatcher-worker-8] L1ShadowSyncService - L1 tx-event buffer full; dropped InstantLocked(txidHex=22eb735a5bddd801f09c23bb90369c33b142322ab9e463356aeba310fd9cb45e) (Room snapshot will reconcile)
06:09:57 [DefaultDispatcher-worker-8] L1ShadowSyncService - L1 engine tx event: InstantLocked(txidHex=c699012e619c72513c69bc592aa57b74d8962f18512530cee549c92a57ee1f8f)
06:09:57 [DefaultDispatcher-worker-8] L1ShadowSyncService - L1 tx-event buffer full; dropped InstantLocked(txidHex=c699012e619c72513c69bc592aa57b74d8962f18512530cee549c92a57ee1f8f) (Room snapshot will reconcile)
06:09:57 [DefaultDispatcher-worker-8] L1ShadowSyncService - L1 engine tx event: InstantLocked(txidHex=51c63da99f179a4d047b9b1942441e8cc9833c505688219eefe522a8ab62cb92)
06:09:57 [DefaultDispatcher-worker-8] L1ShadowSyncService - L1 tx-event buffer full; dropped InstantLocked(txidHex=51c63da99f179a4d047b9b1942441e8cc9833c505688219eefe522a8ab62cb92) (Room snapshot will reconcile)
06:09:57 [DefaultDispatcher-worker-8] L1ShadowSyncService - L1 engine tx event: InstantLocked(txidHex=332cc6c7ce37351f1ca1ac5c355c53f27c7cb9bc83e18a4f171364e2c56df636)
06:09:57 [DefaultDispatcher-worker-8] L1ShadowSyncService - L1 tx-event buffer full; dropped InstantLocked(txidHex=332cc6c7ce37351f1ca1ac5c355c53f27c7cb9bc83e18a4f171364e2c56df636) (Room snapshot will reconcile)
06:09:57 [DefaultDispatcher-worker-6] L1ShadowSyncService - L1 engine tx event: InstantLocked(txidHex=77ad97069c9dfef9444f8ddebb9290d2f7960f2ead9f8793519fbe81368936f9)
06:09:57 [DefaultDispatcher-worker-6] L1ShadowSyncService - L1 tx-event buffer full; dropped InstantLocked(txidHex=77ad97069c9dfef9444f8ddebb9290d2f7960f2ead9f8793519fbe81368936f9) (Room snapshot will reconcile)
06:09:57 [DefaultDispatcher-worker-13] CutoverUiDataService - cutover UI display sync: 1 SDK records → 1 inserts, 0 status updates
06:09:57 [DefaultDispatcher-worker-13] CutoverUiDataService - engine detected tx 92ca2a648ad43b8854ea31c0393874afd68f6fcc7732d9630551d9369b3f12d7 pre-block (context=1, net=-490 duffs) — syncing display row now
06:09:57 [DefaultDispatcher-worker-4] CutoverUiDataService - cutover UI display sync: 1 SDK records → 1 inserts, 0 status updates
06:09:57 [DefaultDispatcher-worker-4] CutoverUiDataService - engine detected tx a5d97df90f45e29d14b82b16a630f1c17597dc25a1abd8c41ea07c041fffeccc pre-block (context=0, net=-490 duffs) — syncing display row now
06:09:57 [DefaultDispatcher-worker-6] CutoverUiDataService - cutover UI display sync: 1 SDK records → 1 inserts, 0 status updates
06:09:57 [DefaultDispatcher-worker-6] CutoverUiDataService - engine detected tx 98858163bd225bdf49f577972887ba6e05176182e4ba72e5ca4e4fd82058bec7 pre-block (context=0, net=-490 duffs) — syncing display row now
06:09:57 [DefaultDispatcher-worker-9] CutoverUiDataService - cutover UI display sync: 1 SDK records → 1 inserts, 0 status updates
06:09:57 [DefaultDispatcher-worker-9] CutoverUiDataService - engine detected tx b47322317c4a43137ae7699723d5ab05769c58ba2e97b2f9fc7ffcf2d91160ad pre-block (context=0, net=-490 duffs) — syncing display row now
06:09:57 [DefaultDispatcher-worker-15] CutoverUiDataService - cutover UI display sync: 1 SDK records → 1 inserts, 0 status updates
06:09:57 [DefaultDispatcher-worker-15] CutoverUiDataService - engine detected tx 476e57af65985090c258212c2e0ffa43b72800f022caf058e0bc4839435d2881 pre-block (context=0, net=-490 duffs) — syncing display row now
06:09:57 [DefaultDispatcher-worker-9] CutoverUiDataService - cutover UI display sync: 1 SDK records → 1 inserts, 0 status updates
06:09:57 [DefaultDispatcher-worker-9] CutoverUiDataService - engine detected tx 41b0bca422921746f2964a67235c0ba9c04144213d1f99c7b95b9115454c1a7b pre-block (context=0, net=-490 duffs) — syncing display row now
06:09:57 [DefaultDispatcher-worker-17] CutoverUiDataService - cutover UI display sync: 1 SDK records → 1 inserts, 0 status updates
06:09:57 [DefaultDispatcher-worker-17] CutoverUiDataService - engine detected tx 37f1007e42d8e940fd9c46fd3121744f84f9d5374140708cd02898e3df759c70 pre-block (context=0, net=-490 duffs) — syncing display row now
06:09:57 [DefaultDispatcher-worker-8] CutoverUiDataService - cutover UI display sync: 1 SDK records → 1 inserts, 0 status updates
06:09:57 [DefaultDispatcher-worker-8] CutoverUiDataService - engine detected tx e895820c9d7db0dfba19cdac16c61e09d664a73db7b9ac4f5c83e16dc7e68868 pre-block (context=0, net=-490 duffs) — syncing display row now
06:09:57 [DefaultDispatcher-worker-17] CutoverUiDataService - cutover UI display sync: 1 SDK records → 1 inserts, 0 status updates
06:09:57 [DefaultDispatcher-worker-17] CutoverUiDataService - engine detected tx 6354cd350aae77c27f758598e0b8d599b722ec4236d824aafd5744985409d954 pre-block (context=0, net=-490 duffs) — syncing display row now
06:09:57 [DefaultDispatcher-worker-16] CutoverUiDataService - cutover UI display sync: 1 SDK records → 1 inserts, 0 status updates
06:09:57 [DefaultDispatcher-worker-16] CutoverUiDataService - engine detected tx 3b3329de60da10dc26e5f96098681785f6535a9f5f0ba39b1421351a2800c814 pre-block (context=0, net=-490 duffs) — syncing display row now
06:09:57 [DefaultDispatcher-worker-8] CutoverUiDataService - cutover UI display sync: 1 SDK records → 1 inserts, 0 status updates
06:09:57 [DefaultDispatcher-worker-8] CutoverUiDataService - engine detected tx cf6d2c3f59bd7bff237c227b01bfc3e2762c9f5762c82cdc92ec24ca1f0707fe pre-block (context=0, net=-490 duffs) — syncing display row now
06:09:57 [DefaultDispatcher-worker-15] CutoverUiDataService - cutover UI display sync: 1 SDK records → 1 inserts, 0 status updates
06:09:57 [DefaultDispatcher-worker-15] CutoverUiDataService - engine detected tx fa796c3c7c3e03f7604be1abbd5aac3eee0da7062b5f33051461c36a2f597df5 pre-block (context=0, net=-490 duffs) — syncing display row now
06:09:57 [DefaultDispatcher-worker-17] CutoverUiDataService - cutover UI display sync: 1 SDK records → 1 inserts, 0 status updates
06:09:57 [DefaultDispatcher-worker-17] CutoverUiDataService - engine detected tx cc69110a3ccfa0658c4d098342463f897a25cb8c9621e13e877a6c078754288e pre-block (context=0, net=-490 duffs) — syncing display row now
06:09:57 [DefaultDispatcher-worker-17] CutoverUiDataService - cutover UI display sync: 1 SDK records → 1 inserts, 0 status updates
06:09:57 [DefaultDispatcher-worker-17] CutoverUiDataService - engine detected tx 429f3edef2a97e1da008e0f08b0b63f3bfa2917a274de3ea0403b65ae9a8ca8c pre-block (context=0, net=-490 duffs) — syncing display row now
06:09:57 [DefaultDispatcher-worker-15] CutoverUiDataService - cutover UI display sync: 1 SDK records → 1 inserts, 0 status updates
06:09:57 [DefaultDispatcher-worker-15] CutoverUiDataService - engine detected tx 43815bf7b84a7f26a16be173b92d2d435d7466e7fe08547c6550682b546add7c pre-block (context=0, net=-490 duffs) — syncing display row now
06:09:57 [DefaultDispatcher-worker-13] CutoverUiDataService - cutover UI display sync: 1 SDK records → 1 inserts, 0 status updates
06:09:57 [DefaultDispatcher-worker-13] CutoverUiDataService - engine detected tx 6867f6a83a10d74d3da3de107c188b2802e788c3835c678bbe12a11cc4fb5967 pre-block (context=0, net=-490 duffs) — syncing display row now
06:09:57 [DefaultDispatcher-worker-16] CutoverUiDataService - cutover UI display sync: 1 SDK records → 1 inserts, 0 status updates
06:09:57 [DefaultDispatcher-worker-16] CutoverUiDataService - engine detected tx 5ba7923eb0c82adca0070a4d3baa9b8b6cc306254b980806c982a8a0637ffc61 pre-block (context=0, net=-490 duffs) — syncing display row now
06:09:57 [DefaultDispatcher-worker-12] CutoverUiDataService - cutover UI display sync: 1 SDK records → 1 inserts, 0 status updates
06:09:57 [DefaultDispatcher-worker-12] CutoverUiDataService - engine detected tx 51c3a03d218f063dea95adee0ec86f81f60b36733e2954407fb5642e5d63275f pre-block (context=0, net=-490 duffs) — syncing display row now
06:09:57 [DefaultDispatcher-worker-12] CutoverUiDataService - cutover UI display sync: 1 SDK records → 1 inserts, 0 status updates
06:09:57 [DefaultDispatcher-worker-12] CutoverUiDataService - engine detected tx 1fe0d8969fcf6f712b3f4d5d33d3f233c4f00bc7b3de420892aee27681daa447 pre-block (context=0, net=-490 duffs) — syncing display row now
06:09:57 [DefaultDispatcher-worker-14] L1ShadowSyncService - L1 engine tx event: Detected(txidHex=dfb84730385c6e062c02e6d87720f4f881aa447e5e4c6b6d2e8799adbf79709b, netAmountDuffs=-1180, feeDuffs=null, contextCode=0, directionCode=2)
06:09:57 [DefaultDispatcher-worker-14] CutoverUiDataService - SDK balance published: 98831760 duffs (was 98832940) | l1Synced=true rescanArmedHold=true dashPayBackfill(armed=false,replaying=false) deferredContactBuilds=0 (unchangedReads=3) persistedAsLastKnown=false lastKnown=0
06:09:57 [DefaultDispatcher-worker-14] CutoverUiDataService - cutover UI display sync: 1 SDK records → 1 inserts, 0 status updates
06:09:57 [DefaultDispatcher-worker-14] CutoverUiDataService - engine detected tx 09daae48eb157a24b8ebe699c83cc802b96c03d69d8231dba2a2647c7d093f05 pre-block (context=0, net=-490 duffs) — syncing display row now
06:09:58 [DefaultDispatcher-worker-13] CutoverUiDataService - cutover UI display sync: 1 SDK records → 1 inserts, 0 status updates
06:09:58 [DefaultDispatcher-worker-13] CutoverUiDataService - engine detected tx 339be8b5952a6cdecfbf50a25cbc7bdec0bd4bd16b179946bdee49ad59f088f6 pre-block (context=0, net=-530 duffs) — syncing display row now
06:09:58 [DefaultDispatcher-worker-15] CutoverUiDataService - cutover UI display sync: 1 SDK records → 1 inserts, 0 status updates
06:09:58 [DefaultDispatcher-worker-15] CutoverUiDataService - engine detected tx b2605e20e3fdfdcb043f34e062ad50f15d71eca917c29d8ed0d20a9a381abbec pre-block (context=1, net=-530 duffs) — syncing display row now
06:09:58 [DefaultDispatcher-worker-4] CutoverUiDataService - cutover UI display sync: 1 SDK records → 1 inserts, 0 status updates
06:09:58 [DefaultDispatcher-worker-4] CutoverUiDataService - engine detected tx 29b24f7c92d2d0a7b3f567b7cb6cae89a0626a5aa0e86113e12e8cbb6dec9ac3 pre-block (context=0, net=-530 duffs) — syncing display row now
06:09:58 [DefaultDispatcher-worker-6] CutoverUiDataService - cutover UI display sync: 1 SDK records → 1 inserts, 0 status updates
06:09:58 [DefaultDispatcher-worker-6] CutoverUiDataService - engine detected tx 4e92b327b2150faba79c2374679c41a852449ad6a79d9b8d85021284dc7e4538 pre-block (context=0, net=-530 duffs) — syncing display row now
06:09:58 [DefaultDispatcher-worker-1] CutoverUiDataService - cutover UI display sync: 1 SDK records → 1 inserts, 0 status updates
06:09:58 [DefaultDispatcher-worker-1] CutoverUiDataService - engine detected tx f019aaebb2957cb568f7aee86a734862242539a1cd7e480a1ca8a1c5cdf6b192 pre-block (context=0, net=-570 duffs) — syncing display row now
06:09:58 [DefaultDispatcher-worker-6] CutoverUiDataService - cutover UI display sync: 1 SDK records → 1 inserts, 0 status updates
06:09:58 [DefaultDispatcher-worker-6] CutoverUiDataService - engine detected tx d8d2f637e0aa6316f71e8b526df5aa965cef8a87f1547cc0f602d8a32b64196f pre-block (context=0, net=-570 duffs) — syncing display row now
06:09:58 [DefaultDispatcher-worker-16] CutoverUiDataService - cutover UI display sync: 1 SDK records → 1 inserts, 0 status updates
06:09:58 [DefaultDispatcher-worker-16] CutoverUiDataService - engine detected tx c71ee0b293db0e0c16e7cc30fda36de51daa4ef1d02d93495ae34f1820942a48 pre-block (context=0, net=-570 duffs) — syncing display row now
06:09:58 [DefaultDispatcher-worker-8] CutoverUiDataService - cutover UI display sync: 1 SDK records → 1 inserts, 0 status updates
06:09:58 [DefaultDispatcher-worker-8] CutoverUiDataService - engine detected tx caf0141390654fd26a974b6d41464159475a21e8d92500a301f0a0ffe9cc899f pre-block (context=0, net=-570 duffs) — syncing display row now
06:09:58 [DefaultDispatcher-worker-16] CutoverUiDataService - cutover UI display sync: 1 SDK records → 1 inserts, 0 status updates
06:09:58 [DefaultDispatcher-worker-16] CutoverUiDataService - engine detected tx c7b1dc2338ad65ede1c59b9f5dd0b928e28fd6bb1435c834b097a7c39b02a14b pre-block (context=0, net=-570 duffs) — syncing display row now
06:09:58 [DefaultDispatcher-worker-1] CutoverUiDataService - cutover UI display sync: 1 SDK records → 1 inserts, 0 status updates
06:09:58 [DefaultDispatcher-worker-1] CutoverUiDataService - engine detected tx 28e65aab40313f4993d2acaa2f8ecf523a0586bc5c56f3cd2a73baae938cc1fa pre-block (context=0, net=-640 duffs) — syncing display row now
06:09:58 [DefaultDispatcher-worker-15] CutoverUiDataService - cutover UI display sync: 1 SDK records → 1 inserts, 0 status updates
06:09:58 [DefaultDispatcher-worker-15] CutoverUiDataService - engine detected tx 954fc72c0bcf41ae8c22c1977d82408cae8309c74783bf2cf86a30af25ba9800 pre-block (context=0, net=-640 duffs) — syncing display row now
06:09:58 [DefaultDispatcher-worker-1] CutoverUiDataService - cutover UI display sync: 1 SDK records → 1 inserts, 0 status updates
06:09:58 [DefaultDispatcher-worker-8] CutoverUiDataService - engine detected tx cc4c64290ae9021f7cae7b630ae912f9501874202692118eb4e5005fb3364274 pre-block (context=0, net=-640 duffs) — syncing display row now
06:09:58 [DefaultDispatcher-worker-17] CutoverUiDataService - cutover UI display sync: 1 SDK records → 1 inserts, 0 status updates
06:09:58 [DefaultDispatcher-worker-17] CutoverUiDataService - engine detected tx 3e977543a562e14f5474d8068dcc4197532459ffdb3bfa6c439fc36649162bc5 pre-block (context=0, net=-640 duffs) — syncing display row now
06:09:58 [DefaultDispatcher-worker-4] CutoverUiDataService - cutover UI display sync: 1 SDK records → 1 inserts, 0 status updates
06:09:58 [DefaultDispatcher-worker-15] CutoverUiDataService - engine detected tx bb7b01dff397e90745ea41998115d8cae3b8ea26b8d72e5a7ab35f8eef42f3cd pre-block (context=0, net=-680 duffs) — syncing display row now
06:09:58 [DefaultDispatcher-worker-1] CutoverUiDataService - cutover UI display sync: 1 SDK records → 1 inserts, 0 status updates
06:09:58 [DefaultDispatcher-worker-1] CutoverUiDataService - engine detected tx 15c5524e8e210526d12449745d3493e90d551cabce9696b38b0ce475e5673585 pre-block (context=0, net=-680 duffs) — syncing display row now
06:09:58 [DefaultDispatcher-worker-1] CutoverUiDataService - cutover UI display sync: 1 SDK records → 1 inserts, 0 status updates
06:09:58 [DefaultDispatcher-worker-1] CutoverUiDataService - engine detected tx 1ad64a8e3452b5d0da1e2aa18d3500b452feafd648a4fe77379ce0ae44eff982 pre-block (context=0, net=-680 duffs) — syncing display row now
06:09:58 [DefaultDispatcher-worker-4] CutoverUiDataService - cutover UI display sync: 1 SDK records → 1 inserts, 0 status updates
06:09:58 [DefaultDispatcher-worker-4] CutoverUiDataService - engine detected tx b4b6fb3c4b2afeaa6445dc0d68ba31e0f1ed9dc91f23738d403979184856b97c pre-block (context=0, net=-680 duffs) — syncing display row now
06:09:58 [DefaultDispatcher-worker-13] CutoverUiDataService - cutover UI display sync: 1 SDK records → 1 inserts, 0 status updates
06:09:58 [DefaultDispatcher-worker-13] CutoverUiDataService - engine detected tx 8d576512325f918cc6acca65d2ab8202a958199d1b9136c052a1a192cf01cbfd pre-block (context=0, net=-680 duffs) — syncing display row now
06:09:58 [DefaultDispatcher-worker-8] CutoverUiDataService - cutover UI display sync: 1 SDK records → 1 inserts, 0 status updates
06:09:58 [DefaultDispatcher-worker-8] CutoverUiDataService - engine detected tx 75b33a699b7717682c4a03c30eef85b7edcb335f959bd66371bbe75a7bbe43e5 pre-block (context=0, net=-680 duffs) — syncing display row now
06:09:58 [DefaultDispatcher-worker-1] CutoverUiDataService - cutover UI display sync: 1 SDK records → 1 inserts, 0 status updates
06:09:58 [DefaultDispatcher-worker-4] CutoverUiDataService - engine detected tx b2603ecea78e14a2fc4138775c47334cb1d43b47383d0cb35fd28f3df230d7b1 pre-block (context=0, net=-680 duffs) — syncing display row now
06:09:58 [DefaultDispatcher-worker-17] CutoverUiDataService - cutover UI display sync: 1 SDK records → 1 inserts, 0 status updates
06:09:58 [DefaultDispatcher-worker-17] CutoverUiDataService - engine detected tx 0216402c2dab4d62bb7fe9a011273a77bc39a546ac73ed9e0ef068bb6e53fa6c pre-block (context=0, net=-680 duffs) — syncing display row now
06:09:58 [DefaultDispatcher-worker-15] CutoverUiDataService - cutover UI display sync: 1 SDK records → 1 inserts, 0 status updates
06:09:58 [DefaultDispatcher-worker-15] CutoverUiDataService - engine detected tx ca147b8eb7b952599da03ef8f07e8af64383474988c1400684777995eedf443c pre-block (context=0, net=-680 duffs) — syncing display row now
06:09:58 [DefaultDispatcher-worker-8] CutoverUiDataService - cutover UI display sync: 1 SDK records → 1 inserts, 0 status updates
06:09:58 [DefaultDispatcher-worker-8] CutoverUiDataService - engine detected tx 83bdb1502c5c8d5fff5186d4e36e5295f14da2618f54abe6c0eed7bab0707d36 pre-block (context=0, net=-680 duffs) — syncing display row now
06:09:58 [DefaultDispatcher-worker-6] CutoverUiDataService - cutover UI display sync: 1 SDK records → 1 inserts, 0 status updates
06:09:58 [DefaultDispatcher-worker-6] CutoverUiDataService - engine detected tx b952a9a254b344c59a39fd447a07f9ac3b550d87f96e445df19ccc87d3a8a69a pre-block (context=0, net=-680 duffs) — syncing display row now
06:09:58 [DefaultDispatcher-worker-6] CutoverUiDataService - cutover UI display sync: 1 SDK records → 1 inserts, 0 status updates
06:09:58 [DefaultDispatcher-worker-6] CutoverUiDataService - engine detected tx f017fe9d8016ff2c97aee145589ff97871cecbc8b61c90c1a6eb61c7ccf3267a pre-block (context=0, net=-680 duffs) — syncing display row now
06:09:58 [DefaultDispatcher-worker-15] CutoverUiDataService - cutover UI display sync: 1 SDK records → 1 inserts, 0 status updates
06:09:58 [DefaultDispatcher-worker-15] CutoverUiDataService - engine detected tx 010c2ad86364ff80fab3c0c6b0e547fc4fe9eadf38e7f34dfe45a89d25bc4f0c pre-block (context=0, net=-680 duffs) — syncing display row now
06:09:58 [DefaultDispatcher-worker-17] CutoverUiDataService - cutover UI display sync: 1 SDK records → 1 inserts, 0 status updates
06:09:58 [DefaultDispatcher-worker-17] CutoverUiDataService - engine detected tx 45002a47acd8395f3b0dcf0bface6fc53f9606a2bcf54de9a3f4b4d56c32acf8 pre-block (context=0, net=-770 duffs) — syncing display row now
06:09:58 [DefaultDispatcher-worker-15] CutoverUiDataService - cutover UI display sync: 1 SDK records → 1 inserts, 0 status updates
06:09:58 [DefaultDispatcher-worker-15] CutoverUiDataService - engine detected tx adab52ea44c11f12582e7d1775cabef1dcbb2147ae55528fdedeb362bac7b3ea pre-block (context=0, net=-770 duffs) — syncing display row now
06:09:58 [DefaultDispatcher-worker-8] CutoverUiDataService - cutover UI display sync: 1 SDK records → 1 inserts, 0 status updates
06:09:58 [DefaultDispatcher-worker-8] CutoverUiDataService - engine detected tx 92f38c59ae4ca7557a02bea88a3bc226a1973e92510aea4c63172883c8eba655 pre-block (context=0, net=-770 duffs) — syncing display row now
06:09:58 [DefaultDispatcher-worker-15] CutoverUiDataService - cutover UI display sync: 1 SDK records → 1 inserts, 0 status updates
06:09:58 [DefaultDispatcher-worker-15] CutoverUiDataService - engine detected tx 9b863d0f6fd2b330ad044f3dbbd63fcdea49aa89f7245548872a07c60e20f0fa pre-block (context=0, net=-770 duffs) — syncing display row now
06:09:58 [DefaultDispatcher-worker-8] CutoverUiDataService - cutover UI display sync: 1 SDK records → 1 inserts, 0 status updates
06:09:58 [DefaultDispatcher-worker-8] CutoverUiDataService - engine detected tx 210367a2f8ab36d176115c2acd0c36bbde9e8da8c25bb2e64b52360523af33a5 pre-block (context=0, net=-720 duffs) — syncing display row now
06:09:58 [DefaultDispatcher-worker-15] CutoverUiDataService - cutover UI display sync: 1 SDK records → 1 inserts, 0 status updates
06:09:58 [DefaultDispatcher-worker-15] CutoverUiDataService - engine detected tx e575836830a388ba667ee7cd836e1b3d1d0de6423eeca35e0a7fa92003aaff4e pre-block (context=0, net=-720 duffs) — syncing display row now
06:09:58 [DefaultDispatcher-worker-6] CutoverUiDataService - cutover UI display sync: 1 SDK records → 1 inserts, 0 status updates
06:09:58 [DefaultDispatcher-worker-6] CutoverUiDataService - engine detected tx b93a6b193362a405012f70d31ce97dea736470ebb8975cd9a96d2bdf7f6de77b pre-block (context=0, net=-720 duffs) — syncing display row now
06:09:58 [DefaultDispatcher-worker-13] CutoverUiDataService - cutover UI display sync: 1 SDK records → 1 inserts, 0 status updates
06:09:58 [DefaultDispatcher-worker-13] CutoverUiDataService - engine detected tx 7dc8b92a9381f442ab769c6315b14e9fc245133795a75017ed877839163ef0b0 pre-block (context=0, net=-720 duffs) — syncing display row now
06:09:58 [DefaultDispatcher-worker-15] CutoverUiDataService - cutover UI display sync: 1 SDK records → 1 inserts, 0 status updates
06:09:58 [DefaultDispatcher-worker-15] CutoverUiDataService - engine detected tx 65fffb4754d69f633a9413fb8395b765501cce30f252ac40df65d150c138ec77 pre-block (context=0, net=-760 duffs) — syncing display row now
06:09:58 [DefaultDispatcher-worker-8] CutoverUiDataService - cutover UI display sync: 1 SDK records → 1 inserts, 0 status updates
06:09:58 [DefaultDispatcher-worker-8] CutoverUiDataService - engine detected tx 3ebbb86377e1b784f35787168247a93f8143c48b2fa25b1d37287feaa0fdf344 pre-block (context=0, net=-800 duffs) — syncing display row now
06:09:58 [DefaultDispatcher-worker-1] CutoverUiDataService - cutover UI display sync: 1 SDK records → 1 inserts, 0 status updates
06:09:58 [DefaultDispatcher-worker-1] CutoverUiDataService - engine detected tx 3663e1a052d1b30d0dfac3bb1ff6292952462031cefb65bcf48d8dbda726cdba pre-block (context=0, net=-840 duffs) — syncing display row now
06:09:58 [DefaultDispatcher-worker-15] CutoverUiDataService - cutover UI display sync: 1 SDK records → 1 inserts, 0 status updates
06:09:58 [DefaultDispatcher-worker-15] CutoverUiDataService - engine detected tx d9a816e107ca8f341588778661ab5de4bcad3aa42117acde7cf7708ca36e0a96 pre-block (context=0, net=-920 duffs) — syncing display row now
06:09:58 [DefaultDispatcher-worker-1] CutoverUiDataService - cutover UI display sync: 1 SDK records → 1 inserts, 0 status updates
06:09:58 [DefaultDispatcher-worker-1] CutoverUiDataService - engine detected tx 7217ec01730db90731fd268a5616647959d3b498b42dbf29647dd7e1f0013a49 pre-block (context=0, net=-920 duffs) — syncing display row now
06:09:58 [DefaultDispatcher-worker-4] CutoverUiDataService - cutover UI display sync: 1 SDK records → 1 inserts, 0 status updates
06:09:58 [DefaultDispatcher-worker-4] CutoverUiDataService - engine detected tx 01ac5b9593c31bb542cf4150f6915361369895c325aa69ef8a86e2400bb37d1a pre-block (context=0, net=-920 duffs) — syncing display row now
06:09:58 [DefaultDispatcher-worker-4] CutoverUiDataService - cutover UI display sync: 1 SDK records → 1 inserts, 0 status updates
06:09:58 [DefaultDispatcher-worker-14] CutoverUiDataService - cutover UI display sync: 115 SDK records → 54 inserts, 0 status updates
06:09:58 [DefaultDispatcher-worker-4] CutoverUiDataService - cutover UI display sync: 171 SDK records → 56 inserts, 0 status updates
06:09:58 [DefaultDispatcher-worker-4] CutoverUiDataService - engine detected tx 29640357223c0b5c20007a5cd05c109e958c32bd3138bea4ff55f22ae52acf15 pre-block (context=0, net=-920 duffs) — syncing display row now
06:09:58 [DefaultDispatcher-worker-14] CutoverUiDataService - engine detected tx 2ff12727355a9e6054c0321129331d0092229fcf5ae3c4fe6d63724cfa44ae23 pre-block (context=0, net=-920 duffs) — syncing display row now
06:09:58 [DefaultDispatcher-worker-11] CutoverUiDataService - engine detected tx 4e546e86ac3ca3d299542633b856be9454b3cf5f5334bc4612e16bb01b83ebc8 pre-block (context=0, net=-870 duffs) — syncing display row now
06:09:58 [DefaultDispatcher-worker-11] CutoverUiDataService - engine detected tx 3bea435ad58816d1644684178125ee922b2d235ecbc97a32a3bdb70eb9b20d49 pre-block (context=0, net=-870 duffs) — syncing display row now
06:09:58 [DefaultDispatcher-worker-4] CutoverUiDataService - engine detected tx a87ba87d8c73e7921e5c285a7966b19f8eaa0db2bcee740d531463e11dc75439 pre-block (context=0, net=-870 duffs) — syncing display row now
06:09:58 [DefaultDispatcher-worker-14] CutoverUiDataService - engine detected tx 3038a61c7c92446118484c0c8e6eaabc00ca84884d244dffca975835c2eb772b pre-block (context=0, net=-870 duffs) — syncing display row now
06:09:58 [DefaultDispatcher-worker-1] CutoverUiDataService - engine detected tx 220bb45990c9b845ad11996e1f35c01a7313401860997e01a909d6005d31c2eb pre-block (context=0, net=-870 duffs) — syncing display row now
06:09:58 [DefaultDispatcher-worker-4] CutoverUiDataService - engine detected tx 461b8672bfe2c463332956c7e6ed95bbee4f0db668bdc5f42f926f82672437ea pre-block (context=0, net=-870 duffs) — syncing display row now
06:09:58 [DefaultDispatcher-worker-14] CutoverUiDataService - engine detected tx ffe50d5d4a941439d43b736aa05356269b290d8b8781a61d9a2c7f77e0ab78e8 pre-block (context=0, net=-870 duffs) — syncing display row now
06:09:58 [DefaultDispatcher-worker-11] CutoverUiDataService - engine detected tx 5bfd6d7317a1a4534b476c9604000b2f0206e0532ad61b2263364ca60f7186a4 pre-block (context=0, net=-870 duffs) — syncing display row now
06:09:58 [DefaultDispatcher-worker-16] CutoverUiDataService - engine detected tx 8bce5b94c190e69cb6c40695a6df129bf9cab30f4a66a2ee95de539c93b84a83 pre-block (context=0, net=-870 duffs) — syncing display row now
06:09:58 [DefaultDispatcher-worker-4] CutoverUiDataService - engine detected tx cdccba975ad5f919ae52d8403d6c8bb099878987b1670e60a980a6ea90a92edc pre-block (context=0, net=-870 duffs) — syncing display row now
06:09:58 [DefaultDispatcher-worker-4] CutoverUiDataService - engine detected tx 07e107bf8538da5317f2d8eae64341b613f9b58d2a922040ee15b69276ef9a46 pre-block (context=0, net=-870 duffs) — syncing display row now
06:09:58 [DefaultDispatcher-worker-7] CutoverUiDataService - engine detected tx bb6ff06eb38bc9232ee33d549da1da4af6f9ea62f3508a82dc9a53bff7718f2b pre-block (context=0, net=-870 duffs) — syncing display row now
06:09:58 [DefaultDispatcher-worker-4] CutoverUiDataService - engine detected tx 01606b32db6f74bb8816574840521f19d9aad1bc9ef9502c46ecaea5735c0bfa pre-block (context=0, net=-910 duffs) — syncing display row now
06:09:58 [DefaultDispatcher-worker-7] CutoverUiDataService - engine detected tx 1d8ec51a1293c7c6831c0151a055baff036e410c96676b452b054c54bd8d3400 pre-block (context=0, net=-910 duffs) — syncing display row now
06:09:58 [DefaultDispatcher-worker-4] CutoverUiDataService - engine detected tx 3b0871feabaca6b181b10719c421fbd6ffef07c89a271767249e4211ce0aa786 pre-block (context=0, net=-910 duffs) — syncing display row now
06:09:58 [DefaultDispatcher-worker-16] CutoverUiDataService - engine detected tx bc95d38edf3d9ce9f193f8f18ebf5db6b2a62bac649a0cc722890f63cc115d63 pre-block (context=0, net=-910 duffs) — syncing display row now
06:09:58 [DefaultDispatcher-worker-16] CutoverUiDataService - engine detected tx fd1f4b06a512d8951aa5d379494f04493bf7b7035ea50aaf0818c0974d0f6e52 pre-block (context=0, net=-910 duffs) — syncing display row now
06:09:58 [DefaultDispatcher-worker-16] CutoverUiDataService - engine detected tx aacdae8a08bc0ea324d1cba0cafc55a5445fcd1a9a5b6ea505f0f4464b647b0e pre-block (context=0, net=-910 duffs) — syncing display row now
06:09:58 [DefaultDispatcher-worker-16] CutoverUiDataService - engine detected tx db1d3e905ccdd1c73752c0f29a775f33d7691c589d4cb7fd4c284eccebccb5f8 pre-block (context=0, net=-950 duffs) — syncing display row now
06:09:58 [DefaultDispatcher-worker-9] CutoverUiDataService - engine detected tx c9b07196b5ed6df0d909948be1ceb206e60cddac9d0ba23821c7b97bdfe2bfe6 pre-block (context=0, net=-990 duffs) — syncing display row now
06:09:58 [DefaultDispatcher-worker-16] CutoverUiDataService - engine detected tx fff1270f09ec9634f15e3b832b2108f5d738128afb0358d690462cbda122bb0a pre-block (context=0, net=-990 duffs) — syncing display row now
06:09:58 [DefaultDispatcher-worker-9] CutoverUiDataService - engine detected tx 82862b751dfd300d1e578ad1852a40eed8ece7bec497adcae82f6f0b98a35154 pre-block (context=1, net=-990 duffs) — syncing display row now
06:09:58 [DefaultDispatcher-worker-9] CutoverUiDataService - engine detected tx d1e419a00244907bab22bd3948dff7098198cdb9083242993e6fb1d37cf1c1fb pre-block (context=0, net=-1070 duffs) — syncing display row now
06:09:58 [DefaultDispatcher-worker-16] CutoverUiDataService - engine detected tx 63a72bdb27adb4e43558c335bac9bc618da57114623ee1d01686b9d3a90056fd pre-block (context=0, net=-1070 duffs) — syncing display row now
06:09:58 [DefaultDispatcher-worker-1] CutoverUiDataService - engine detected tx 1c4d9b5f19c37a498d534e13ff178b4433a9954bcc966d8421a82b150987434d pre-block (context=0, net=-1070 duffs) — syncing display row now
06:09:58 [DefaultDispatcher-worker-4] CutoverUiDataService - engine detected tx b7344fa23c3354ae8f8dea189efac1e2e76868e9fbbf2a9fd32557d7597bc620 pre-block (context=0, net=-1070 duffs) — syncing display row now
06:09:58 [DefaultDispatcher-worker-7] CutoverUiDataService - engine detected tx 9b2f4234af3088b5e5159911d0affb0bac8ae531947b3195781c2ecb4cfba209 pre-block (context=0, net=-1070 duffs) — syncing display row now
06:09:58 [DefaultDispatcher-worker-16] CutoverUiDataService - engine detected tx 2cb6844ead12f26d0c5c77ec34fad3709411fce12112928c778c83ca3f3e07f7 pre-block (context=0, net=-1070 duffs) — syncing display row now
06:09:58 [DefaultDispatcher-worker-4] CutoverUiDataService - engine detected tx af97d891ae355579ce2553f5ac5ef9519575811f49a4febea5f90d72fe94afd8 pre-block (context=0, net=-1070 duffs) — syncing display row now
06:09:58 [DefaultDispatcher-worker-7] CutoverUiDataService - engine detected tx 541c2333fe43aa85316629d3ef38338598f99122300f3eea43c98dcdccdb72ca pre-block (context=1, net=-1070 duffs) — syncing display row now
06:09:58 [DefaultDispatcher-worker-1] CutoverUiDataService - engine detected tx 429c6bca9be8471b01b6ab7c3e8f5496f4656279132b6e7410c28e66716d558c pre-block (context=0, net=-1070 duffs) — syncing display row now
06:09:58 [DefaultDispatcher-worker-1] BlockchainServiceImpl - network capabilities changed: 100, hasInternet: true, validated: true
06:09:58 [DefaultDispatcher-worker-1] BlockchainServiceImpl - acquiring check() mutex
06:09:58 [DefaultDispatcher-worker-1] BlockchainServiceImpl - check()
06:09:58 [DefaultDispatcher-worker-1] BlockchainServiceImpl - cutover committed — holding the dashj L1 engine; SDK owns L1 this launch
06:09:58 [DefaultDispatcher-worker-1] BlockchainServiceImpl - releasing check() mutex
06:09:58 [main] SendCoinsFragment - enterAmountViewModel.blockContinue = true, viewModel.dryRunSuccessful.value = false
06:09:58 [DefaultDispatcher-worker-7] CutoverUiDataService - engine detected tx 2dcc42701af1fa97dc76a823fd5b4d4e4badf2d3b8bb5a188a63f5e8c69d967a pre-block (context=0, net=-1070 duffs) — syncing display row now
06:09:58 [DefaultDispatcher-worker-14] CutoverUiDataService - engine detected tx 44324f14d6ebb80036eb7f9b46921d8f40971c70ec636d31e1fee2825eaa3ddb pre-block (context=0, net=-1060 duffs) — syncing display row now
06:09:58 [DefaultDispatcher-worker-17] CutoverUiDataService - engine detected tx e1347612a31ba30e9a6f7ca37f9d74599d88441ab1c458da523f0b8be7cf3f34 pre-block (context=0, net=-1060 duffs) — syncing display row now
06:09:58 [DefaultDispatcher-worker-4] CutoverUiDataService - engine detected tx f610ec891776b2cb1bbb5c4b582e7b7adb0b65d20f7bc4b04315db516c27a1f3 pre-block (context=0, net=-1060 duffs) — syncing display row now
06:09:58 [DefaultDispatcher-worker-11] CutoverUiDataService - engine detected tx 37935cbab56e86c40edc1dcd721a03220f79c00ccd42c24e032706d81a92c2a0 pre-block (context=0, net=-1060 duffs) — syncing display row now
06:09:58 [DefaultDispatcher-worker-1] CutoverUiDataService - engine detected tx f601ca8f53028a945a31af6f241e311fa56aaf2feabfd5b8de4a704db09cd757 pre-block (context=0, net=-1060 duffs) — syncing display row now
06:09:58 [DefaultDispatcher-worker-7] CutoverUiDataService - engine detected tx ca741d8761e378436366be74a3c6b6ce313cbe0392706b6fd30705c0d95c3d99 pre-block (context=0, net=-1060 duffs) — syncing display row now
06:09:58 [DefaultDispatcher-worker-13] CutoverUiDataService - engine detected tx cc70869a5fa6ec358d159656a9f09f86e0a6d543b5f6823070db5b8662694f46 pre-block (context=0, net=-1100 duffs) — syncing display row now
06:09:58 [DefaultDispatcher-worker-11] CutoverUiDataService - engine detected tx aeb3e29509bbf5eea162a5e25759c018c25c2ed5351eb6aa25e54b6b3a06933e pre-block (context=0, net=-1100 duffs) — syncing display row now
06:09:58 [DefaultDispatcher-worker-13] CutoverUiDataService - engine detected tx 55a276167fc372ca1d21c27ad55706db86ec7da23031469ea299ffd5efd1a71d pre-block (context=0, net=-1100 duffs) — syncing display row now
06:09:58 [DefaultDispatcher-worker-17] CutoverUiDataService - engine detected tx 198101c68bb8480ac2b04f05665691464a0be3547e99a13c91e02b86fd0ba3cc pre-block (context=0, net=-1100 duffs) — syncing display row now
06:09:58 [DefaultDispatcher-worker-13] CutoverUiDataService - engine detected tx da2bce128af747b24298bbea620c381978a72721b52e09f31afff3dae8aff9a9 pre-block (context=0, net=-1100 duffs) — syncing display row now
06:09:58 [DefaultDispatcher-worker-11] CutoverUiDataService - engine detected tx f41958d81fccc2b7cd79d17242874ee144794d12b25f8a520c0f4ca6bddf957f pre-block (context=0, net=-1100 duffs) — syncing display row now
06:09:58 [DefaultDispatcher-worker-13] CutoverUiDataService - engine detected tx 1493c13121d8aab5afebb9470ccbe442b36a9a822e7c6544b1ef386b4057f02a pre-block (context=0, net=-1100 duffs) — syncing display row now
06:09:58 [DefaultDispatcher-worker-15] CutoverUiDataService - engine detected tx 6aa1c59bf948f3a33a38acaf0fcee3fc27933ade8f681c7b7a2fbc6597830089 pre-block (context=0, net=-1100 duffs) — syncing display row now
06:09:58 [DefaultDispatcher-worker-7] CutoverUiDataService - engine detected tx 2b48f85a9466e3bfc3fbe019d779ae37b03742c34e8fad3fe4fef56cd02a8c6f pre-block (context=0, net=-1100 duffs) — syncing display row now
06:09:58 [DefaultDispatcher-worker-11] CutoverUiDataService - engine detected tx dfb84730385c6e062c02e6d87720f4f881aa447e5e4c6b6d2e8799adbf79709b pre-block (context=0, net=-1180 duffs) — syncing display row now
06:09:58 [DefaultDispatcher-worker-15] CutoverUiDataService - cutover UI display sync: 1 SDK records → 1 inserts, 0 status updates
06:10:00 [main] BlockchainServiceImpl - MEM pss=409MB nativeHeap=273/388MB jvm=43/576MB
06:10:00 [main] BlockchainServiceImpl - History of transactions/blocks/headers/mnlistdiff (sdk): 131/795576/0/0, 0/630000/2000/1556575
06:10:00 [main] BlockchainServiceImpl - replay complete — releasing the wake lock
06:10:00 [DefaultDispatcher-worker-15] L1ShadowSyncService - L1 engine tx event: InstantLocked(txidHex=dfb84730385c6e062c02e6d87720f4f881aa447e5e4c6b6d2e8799adbf79709b)
06:10:01 [DefaultDispatcher-worker-11] BlockchainServiceImpl - network capabilities changed: 100, hasInternet: true, validated: true
06:10:01 [DefaultDispatcher-worker-11] BlockchainServiceImpl - acquiring check() mutex
06:10:01 [DefaultDispatcher-worker-11] BlockchainServiceImpl - check()
06:10:01 [DefaultDispatcher-worker-11] BlockchainServiceImpl - cutover committed — holding the dashj L1 engine; SDK owns L1 this launch
06:10:01 [DefaultDispatcher-worker-11] BlockchainServiceImpl - releasing check() mutex
06:10:01 [main] SendCoinsFragment - enterAmountViewModel.blockContinue = true, viewModel.dryRunSuccessful.value = false
06:10:02 [DefaultDispatcher-worker-1] L1ShadowSyncService - L1 engine tx event: Detected(txidHex=20ae759415b5a64fb1d593e0c65e909e1675beacc9543a77401ced0b628623c9, netAmountDuffs=-490, feeDuffs=null, contextCode=1, directionCode=2)
06:10:02 [DefaultDispatcher-worker-1] L1ShadowSyncService - L1 engine tx event: Detected(txidHex=3323fb5de77d226981a7404d244b19b30b045afdacb3fa8cba5892158f1bc0bf, netAmountDuffs=-490, feeDuffs=null, contextCode=1, directionCode=2)
06:10:02 [DefaultDispatcher-worker-12] CutoverUiDataService - engine detected tx 20ae759415b5a64fb1d593e0c65e909e1675beacc9543a77401ced0b628623c9 pre-block (context=1, net=-490 duffs) — syncing display row now
06:10:02 [DefaultDispatcher-worker-1] L1ShadowSyncService - L1 engine tx event: Detected(txidHex=c63a0119da30720d50a9fd35cd1779ee7767a551653c85bb8b46cfcf45eaf468, netAmountDuffs=-570, feeDuffs=null, contextCode=1, directionCode=2)
06:10:02 [DefaultDispatcher-worker-7] CutoverUiDataService - SDK balance published: 98825700 duffs (was 98831760) | l1Synced=true rescanArmedHold=true dashPayBackfill(armed=false,replaying=false) deferredContactBuilds=0 (unchangedReads=3) persistedAsLastKnown=false lastKnown=0
06:10:02 [DefaultDispatcher-worker-1] L1ShadowSyncService - L1 engine tx event: Detected(txidHex=cbc79ecd4a6845b1f977ef6301384bdf79ef147584327a707c42ba12a812f55f, netAmountDuffs=-870, feeDuffs=null, contextCode=0, directionCode=2)
06:10:02 [DefaultDispatcher-worker-1] L1ShadowSyncService - L1 engine tx event: Detected(txidHex=85f11fd91212d3ec8d04f10aacbf7f4a456961f0bf229f7005d0d271eae40b35, netAmountDuffs=-950, feeDuffs=null, contextCode=1, directionCode=2)
06:10:02 [DefaultDispatcher-worker-1] L1ShadowSyncService - L1 engine tx event: Detected(txidHex=0b646f9b442f0b3b1584d03de4bcb7d6b3ec1571caeaa1d5261cb35f8cf9405a, netAmountDuffs=-1140, feeDuffs=null, contextCode=1, directionCode=2)
06:10:02 [DefaultDispatcher-worker-1] L1ShadowSyncService - L1 engine tx event: Detected(txidHex=608a4822eb9af3df1d877383f9973097345c4d17ea6614af8058e9991bcce7f4, netAmountDuffs=-680, feeDuffs=null, contextCode=1, directionCode=2)
06:10:02 [DefaultDispatcher-worker-1] L1ShadowSyncService - L1 engine tx event: Detected(txidHex=26af08fd3d60ed5564eab720dad0ad835338a0a6cd1b13bec44f3c75018e86aa, netAmountDuffs=-870, feeDuffs=null, contextCode=1, directionCode=2)
06:10:02 [DefaultDispatcher-worker-8] CutoverUiDataService - cutover UI display sync: 1 SDK records → 1 inserts, 0 status updates
06:10:02 [DefaultDispatcher-worker-8] CutoverUiDataService - engine detected tx 3323fb5de77d226981a7404d244b19b30b045afdacb3fa8cba5892158f1bc0bf pre-block (context=1, net=-490 duffs) — syncing display row now
06:10:02 [DefaultDispatcher-worker-4] L1ShadowSyncService - L1 engine tx event: Detected(txidHex=182bc5db0edd5856d4f79ac4514a3a3889f2a16a0af5bc016b6a0ba2002c90b5, netAmountDuffs=-490, feeDuffs=null, contextCode=0, directionCode=2)
06:10:02 [DefaultDispatcher-worker-4] CutoverUiDataService - SDK balance published: 98825210 duffs (was 98825700) | l1Synced=true rescanArmedHold=true dashPayBackfill(armed=false,replaying=false) deferredContactBuilds=0 (unchangedReads=3) persistedAsLastKnown=false lastKnown=0
06:10:02 [main] WalletActivityTracker - activity lifecycle: current: SendCoinsActivity, activities: 2 visible: 1 foreground: 0
06:10:02 [main] WalletActivityTracker - activity lifecycle: current: MainActivity, activities: 2 visible: 2 foreground: 0
06:10:02 [main] SecurityGuard - loading security guard [healthy=true] with keys: [keystore_healthy, fallback_pin_wallet_password_key, primary_ui_pin_key, modern_encryption_migration_complete, fallback_mnemonic_wallet_password_key, primary_wallet_password_key, fallback_mnemonic_ui_pin_key]
06:10:02 [main] SecurityGuard - loading security guard [healthy=true] with keys: [keystore_healthy, fallback_pin_wallet_password_key, primary_ui_pin_key, modern_encryption_migration_complete, fallback_mnemonic_wallet_password_key, primary_wallet_password_key, fallback_mnemonic_ui_pin_key]
06:10:02 [main] LockScreenActivity - show lock screen false = ![keepUnlocked=false] && autologout=true && (keepUnlockedUntilPenEntered=false || shouldLogout=false) || isHealthy=true
06:10:02 [main] MainViewModel - platform available: true; no identity creation is progress: true
06:10:02 [main] MainActivity - updateTrigger => rateStale: RateRetrievalState(lastAttemptFailed=false, staleRates=false, volatile=false)
06:10:02 [main] WalletActivityTracker - activity lifecycle: current: MainActivity, activities: 2 visible: 2 foreground: 1
06:10:02 [DefaultDispatcher-worker-9] CutoverUiDataService - cutover UI display sync: 1 SDK records → 1 inserts, 0 status updates
06:10:02 [main] BlockchainServiceImpl - .onStartCommand(Intent { cmp=hashengineering.darkcoin.wallet_test/de.schildbach.wallet.service.BlockchainServiceImpl })
06:10:02 [DefaultDispatcher-worker-17] BlockchainServiceImpl - onStartCommand waiting for onCreate to complete...
06:10:02 [DefaultDispatcher-worker-17] BlockchainServiceImpl - onCreate completed, processing onStartCommand
06:10:02 [DefaultDispatcher-worker-17] BLSJniLibrary - Initializing BLS JNI Library
06:10:02 [DefaultDispatcher-worker-17] BlockchainServiceImpl - service start command: Intent { cmp=hashengineering.darkcoin.wallet_test/de.schildbach.wallet.service.BlockchainServiceImpl }
06:10:02 [DefaultDispatcher-worker-17] BlockchainServiceImpl - .onStartCommand(Intent { cmp=hashengineering.darkcoin.wallet_test/de.schildbach.wallet.service.BlockchainServiceImpl }) finished
06:10:02 [DefaultDispatcher-worker-9] CutoverUiDataService - engine detected tx c63a0119da30720d50a9fd35cd1779ee7767a551653c85bb8b46cfcf45eaf468 pre-block (context=1, net=-570 duffs) — syncing display row now
06:10:02 [main] DeviceInfoProvider - Detecting currency based on device, mobile network or locale:
06:10:02 [main] DeviceInfoProvider - Device Sim Country: us
06:10:02 [main] MainViewModel - Updating currency exchange rate based on country: US
06:10:02 [main] BlockchainServiceImpl - .onStartCommand(Intent { act=de.schildbach.wallet.service.cancel_coins_received cmp=hashengineering.darkcoin.wallet_test/de.schildbach.wallet.service.BlockchainServiceImpl })
06:10:02 [DefaultDispatcher-worker-9] BlockchainServiceImpl - onStartCommand waiting for onCreate to complete...
06:10:02 [DefaultDispatcher-worker-9] BlockchainServiceImpl - onCreate completed, processing onStartCommand
06:10:02 [DefaultDispatcher-worker-9] BLSJniLibrary - Initializing BLS JNI Library
06:10:02 [DefaultDispatcher-worker-9] BlockchainServiceImpl - service start command: Intent { act=de.schildbach.wallet.service.cancel_coins_received cmp=hashengineering.darkcoin.wallet_test/de.schildbach.wallet.service.BlockchainServiceImpl }
06:10:02 [DefaultDispatcher-worker-9] BlockchainServiceImpl - .onStartCommand(Intent { act=de.schildbach.wallet.service.cancel_coins_received cmp=hashengineering.darkcoin.wallet_test/de.schildbach.wallet.service.BlockchainServiceImpl }) finished
06:10:02 [DefaultDispatcher-worker-12] CutoverUiDataService - cutover UI display sync: 1 SDK records → 1 inserts, 0 status updates
06:10:02 [DefaultDispatcher-worker-12] CutoverUiDataService - engine detected tx cbc79ecd4a6845b1f977ef6301384bdf79ef147584327a707c42ba12a812f55f pre-block (context=0, net=-870 duffs) — syncing display row now
06:10:02 [main] WalletActivityTracker - activity lifecycle: current: SendCoinsActivity, activities: 2 visible: 1 foreground: 1
06:10:02 [main] WalletActivityTracker - activity lifecycle: activity SendCoinsActivity destroyed
06:10:02 [main] WalletActivityTracker - activity lifecycle: current: SendCoinsActivity, activities: 1 visible: 1 foreground: 1
06:10:02 [DefaultDispatcher-worker-2] CutoverUiDataService - cutover UI display sync: 1 SDK records → 1 inserts, 0 status updates
06:10:02 [DefaultDispatcher-worker-2] CutoverUiDataService - engine detected tx 85f11fd91212d3ec8d04f10aacbf7f4a456961f0bf229f7005d0d271eae40b35 pre-block (context=1, net=-950 duffs) — syncing display row now
06:10:02 [DefaultDispatcher-worker-7] CutoverUiDataService - cutover UI display sync: 1 SDK records → 1 inserts, 0 status updates
06:10:02 [DefaultDispatcher-worker-7] CutoverUiDataService - engine detected tx 0b646f9b442f0b3b1584d03de4bcb7d6b3ec1571caeaa1d5261cb35f8cf9405a pre-block (context=1, net=-1140 duffs) — syncing display row now
06:10:02 [DefaultDispatcher-worker-15] CutoverUiDataService - cutover UI display sync: 1 SDK records → 1 inserts, 0 status updates
06:10:02 [DefaultDispatcher-worker-15] CutoverUiDataService - engine detected tx 608a4822eb9af3df1d877383f9973097345c4d17ea6614af8058e9991bcce7f4 pre-block (context=1, net=-680 duffs) — syncing display row now
06:10:02 [DefaultDispatcher-worker-2] CutoverUiDataService - cutover UI display sync: 1 SDK records → 1 inserts, 0 status updates
06:10:02 [DefaultDispatcher-worker-2] CutoverUiDataService - engine detected tx 26af08fd3d60ed5564eab720dad0ad835338a0a6cd1b13bec44f3c75018e86aa pre-block (context=1, net=-870 duffs) — syncing display row now
06:10:02 [DefaultDispatcher-worker-9] CutoverUiDataService - cutover UI display sync: 1 SDK records → 1 inserts, 0 status updates
06:10:02 [DefaultDispatcher-worker-15] CutoverUiDataService - engine detected tx 182bc5db0edd5856d4f79ac4514a3a3889f2a16a0af5bc016b6a0ba2002c90b5 pre-block (context=0, net=-490 duffs) — syncing display row now
06:10:02 [DefaultDispatcher-worker-15] CutoverUiDataService - cutover UI display sync: 1 SDK records → 1 inserts, 0 status updates
06:10:03 [DefaultDispatcher-worker-2] L1ShadowSyncService - L1 engine tx event: InstantLocked(txidHex=182bc5db0edd5856d4f79ac4514a3a3889f2a16a0af5bc016b6a0ba2002c90b5)
06:10:04 [DefaultDispatcher-worker-16] L1ShadowSyncService - L1 engine tx event: InstantLocked(txidHex=cbc79ecd4a6845b1f977ef6301384bdf79ef147584327a707c42ba12a812f55f)
06:10:04 [main] WalletTransactionsFragment - STARTUP WalletTransactionsFragment.onViewCreated at 1789798204769
06:10:04 [main] HistoryHeaderAdapter - set invite, synced = false
06:10:04 [main] WalletTransactionsFragment - STARTUP submitData called on thread=main at 1789798204776
06:10:04 [DefaultDispatcher-worker-10] BLSJniLibrary - Initializing BLS JNI Library
06:10:04 [main] HistoryHeaderAdapter - set invite = null
06:10:04 [main] HistoryHeaderAdapter - set invite, synced = false
06:10:04 [main] HistoryHeaderAdapter - set invite, synced = true
06:10:04 [DefaultDispatcher-worker-8] BlockchainServiceImpl - network capabilities changed: 100, hasInternet: true, validated: true
06:10:04 [DefaultDispatcher-worker-4] BlockchainServiceImpl - acquiring check() mutex
06:10:04 [DefaultDispatcher-worker-4] BlockchainServiceImpl - check()
06:10:04 [DefaultDispatcher-worker-4] BlockchainServiceImpl - cutover committed — holding the dashj L1 engine; SDK owns L1 this launch
06:10:04 [DefaultDispatcher-worker-4] BlockchainServiceImpl - releasing check() mutex
06:10:04 [main] WalletTransactionsFragment - STARTUP swapping to live adapter: 151 items at 1789798204881
06:10:06 [DefaultDispatcher-worker-3] L1ShadowSyncService - L1 engine tx event: Detected(txidHex=d194bb0b7ba9a9f633ea1fdb74b998b40bf912f0c92ad1c72fce7d7f87800cbd, netAmountDuffs=-680, feeDuffs=null, contextCode=0, directionCode=2)
06:10:06 [DefaultDispatcher-worker-9] CutoverUiDataService - engine detected tx d194bb0b7ba9a9f633ea1fdb74b998b40bf912f0c92ad1c72fce7d7f87800cbd pre-block (context=0, net=-680 duffs) — syncing display row now
06:10:06 [DefaultDispatcher-worker-3] L1ShadowSyncService - L1 engine tx event: Detected(txidHex=35cc6d267c4aed1e78f665bd32b789c229129a4c2dda2e8e8150d23ce1d4648e, netAmountDuffs=-680, feeDuffs=null, contextCode=1, directionCode=2)
06:10:06 [DefaultDispatcher-worker-3] L1ShadowSyncService - L1 engine tx event: Detected(txidHex=97ebca970f6c089d0649fca77237770ac991d2565b6b2fe8e3aec2aea5a2e882, netAmountDuffs=-870, feeDuffs=null, contextCode=1, directionCode=2)
06:10:06 [DefaultDispatcher-worker-3] L1ShadowSyncService - L1 engine tx event: Detected(txidHex=8b41caedd577042320ebd8b66911377c8635ec5df3587cf6ffecd20bafe3912f, netAmountDuffs=-1060, feeDuffs=null, contextCode=0, directionCode=2)
06:10:06 [DefaultDispatcher-worker-3] L1ShadowSyncService - L1 engine tx event: Detected(txidHex=2ab32203a6ef9b7898ec29ef3db05c05cbf76ede2433b04d254b4b8e28eaa815, netAmountDuffs=-910, feeDuffs=null, contextCode=1, directionCode=2)
06:10:06 [DefaultDispatcher-worker-3] L1ShadowSyncService - L1 engine tx event: Detected(txidHex=b2836963a941842edf02fc3e39c7383c6fbb2e3a6bb2b83ae07902f5d5e59ed7, netAmountDuffs=-1070, feeDuffs=null, contextCode=1, directionCode=2)
06:10:06 [DefaultDispatcher-worker-14] CutoverUiDataService - SDK balance published: 98821010 duffs (was 98825210) | l1Synced=true rescanArmedHold=true dashPayBackfill(armed=false,replaying=false) deferredContactBuilds=0 (unchangedReads=3) persistedAsLastKnown=false lastKnown=0
06:10:06 [DefaultDispatcher-worker-2] CutoverUiDataService - SDK balance published: 98819940 duffs (was 98821010) | l1Synced=true rescanArmedHold=true dashPayBackfill(armed=false,replaying=false) deferredContactBuilds=0 (unchangedReads=3) persistedAsLastKnown=false lastKnown=0
06:10:06 [DefaultDispatcher-worker-4] L1ShadowSyncService - L1 engine tx event: InstantLocked(txidHex=d194bb0b7ba9a9f633ea1fdb74b998b40bf912f0c92ad1c72fce7d7f87800cbd)
06:10:06 [DefaultDispatcher-worker-9] CutoverUiDataService - cutover UI display sync: 1 SDK records → 1 inserts, 0 status updates
06:10:06 [DefaultDispatcher-worker-9] CutoverUiDataService - engine detected tx 35cc6d267c4aed1e78f665bd32b789c229129a4c2dda2e8e8150d23ce1d4648e pre-block (context=1, net=-680 duffs) — syncing display row now
06:10:06 [DefaultDispatcher-worker-9] CutoverUiDataService - cutover UI display sync: 1 SDK records → 1 inserts, 0 status updates
06:10:06 [DefaultDispatcher-worker-9] CutoverUiDataService - engine detected tx 97ebca970f6c089d0649fca77237770ac991d2565b6b2fe8e3aec2aea5a2e882 pre-block (context=1, net=-870 duffs) — syncing display row now
06:10:06 [main] WalletTransactionsFragment - STARTUP submitData called on thread=main at 1789798206858
06:10:06 [DefaultDispatcher-worker-8] L1ShadowSyncService - L1 engine tx event: InstantLocked(txidHex=8b41caedd577042320ebd8b66911377c8635ec5df3587cf6ffecd20bafe3912f)
06:10:06 [main] WalletTransactionsFragment - STARTUP submitData called on thread=main at 1789798206861
06:10:06 [DefaultDispatcher-worker-8] CutoverUiDataService - cutover UI display sync: 1 SDK records → 1 inserts, 0 status updates
06:10:06 [DefaultDispatcher-worker-8] CutoverUiDataService - engine detected tx 8b41caedd577042320ebd8b66911377c8635ec5df3587cf6ffecd20bafe3912f pre-block (context=0, net=-1060 duffs) — syncing display row now
06:10:06 [DefaultDispatcher-worker-17] CutoverUiDataService - cutover UI display sync: 1 SDK records → 1 inserts, 0 status updates
06:10:06 [DefaultDispatcher-worker-17] CutoverUiDataService - engine detected tx 2ab32203a6ef9b7898ec29ef3db05c05cbf76ede2433b04d254b4b8e28eaa815 pre-block (context=1, net=-910 duffs) — syncing display row now
06:10:06 [main] WalletTransactionsFragment - STARTUP submitData called on thread=main at 1789798206931
06:10:06 [main] WalletTransactionsFragment - STARTUP submitData called on thread=main at 1789798206941
06:10:06 [main] WalletActivityTracker - activity lifecycle: current: MainActivity, activities: 1 visible: 1 foreground: 0
06:10:06 [DefaultDispatcher-worker-3] CutoverUiDataService - cutover UI display sync: 1 SDK records → 1 inserts, 0 status updates
06:10:06 [DefaultDispatcher-worker-3] CutoverUiDataService - engine detected tx b2836963a941842edf02fc3e39c7383c6fbb2e3a6bb2b83ae07902f5d5e59ed7 pre-block (context=1, net=-1070 duffs) — syncing display row now
06:10:07 [main] WalletTransactionsFragment - STARTUP submitData called on thread=main at 1789798207012
06:10:07 [DefaultDispatcher-worker-3] CutoverUiDataService - cutover UI display sync: 1 SDK records → 1 inserts, 0 status updates
06:10:07 [main] BlockchainServiceImpl - onTrimMemory(20) called
06:10:07 [main] WalletTransactionsFragment - STARTUP submitData called on thread=main at 1789798207079
06:10:07 [main] WalletTransactionsFragment - STARTUP submitData called on thread=main at 1789798207080
06:10:07 [DefaultDispatcher-worker-1] BlockchainServiceImpl - network capabilities changed: 100, hasInternet: true, validated: true
06:10:07 [DefaultDispatcher-worker-1] BlockchainServiceImpl - acquiring check() mutex
06:10:07 [DefaultDispatcher-worker-1] BlockchainServiceImpl - check()
06:10:07 [DefaultDispatcher-worker-1] BlockchainServiceImpl - cutover committed — holding the dashj L1 engine; SDK owns L1 this launch
06:10:07 [DefaultDispatcher-worker-1] BlockchainServiceImpl - releasing check() mutex
06:10:07 [main] BlockchainServiceImpl - onTrimMemory(40) called
06:10:08 [main] AppForegroundMonitor - App moved to background
06:10:08 [main] WalletActivityTracker - activity lifecycle: current: MainActivity, activities: 1 visible: 0 foreground: 0
06:10:08 [main] WalletActivityTracker - activity lifecycle: activity MainActivity destroyed
06:10:08 [main] WalletActivityTracker - activity lifecycle: current: MainActivity, activities: 0 visible: 0 foreground: 0
06:10:08 [main] WalletActivityTracker - activity lifecycle: app closed
06:10:09 [DefaultDispatcher-worker-11] L1ShadowSyncService - L1 engine tx event: Detected(txidHex=d2817315987ba06e3750cc3f3aa6dc9f9993b8688410c5a203e74409b35040b2, netAmountDuffs=-1060, feeDuffs=null, contextCode=1, directionCode=2)
06:10:09 [DefaultDispatcher-worker-8] CutoverUiDataService - engine detected tx d2817315987ba06e3750cc3f3aa6dc9f9993b8688410c5a203e74409b35040b2 pre-block (context=1, net=-1060 duffs) — syncing display row now
06:10:09 [DefaultDispatcher-worker-8] CutoverUiDataService - SDK balance published: 98818880 duffs (was 98819940) | l1Synced=true rescanArmedHold=true dashPayBackfill(armed=false,replaying=false) deferredContactBuilds=0 (unchangedReads=3) persistedAsLastKnown=false lastKnown=0
06:10:09 [DefaultDispatcher-worker-16] CutoverUiDataService - cutover UI display sync: 1 SDK records → 1 inserts, 0 status updates
06:10:10 [DefaultDispatcher-worker-5] BlockchainServiceImpl - network capabilities changed: 100, hasInternet: true, validated: true
06:10:10 [DefaultDispatcher-worker-5] BlockchainServiceImpl - acquiring check() mutex
06:10:10 [DefaultDispatcher-worker-5] BlockchainServiceImpl - check()
06:10:10 [DefaultDispatcher-worker-5] BlockchainServiceImpl - cutover committed — holding the dashj L1 engine; SDK owns L1 this launch
06:10:10 [DefaultDispatcher-worker-5] BlockchainServiceImpl - releasing check() mutex
06:10:13 [DefaultDispatcher-worker-1] L1ShadowSyncService - L1 engine tx event: Detected(txidHex=7b4c98e519fa7aaf1ab9bb30ed18846dd0e1e5839d01e9672107730d0792ac9d, netAmountDuffs=-490, feeDuffs=null, contextCode=1, directionCode=2)
06:10:13 [DefaultDispatcher-worker-1] L1ShadowSyncService - L1 engine tx event: Detected(txidHex=e9ee046a7a9f9e75784098c2fdcb0055c47439031839fc62eae5bee5b44ab5bc, netAmountDuffs=-490, feeDuffs=null, contextCode=1, directionCode=2)
06:10:13 [DefaultDispatcher-worker-1] L1ShadowSyncService - L1 engine tx event: Detected(txidHex=54a7ffab46611a632b98223f6bc2c665760cc10e26a6b6340e672b25c6c65701, netAmountDuffs=-530, feeDuffs=null, contextCode=1, directionCode=2)
06:10:13 [DefaultDispatcher-worker-3] CutoverUiDataService - engine detected tx 7b4c98e519fa7aaf1ab9bb30ed18846dd0e1e5839d01e9672107730d0792ac9d pre-block (context=1, net=-490 duffs) — syncing display row now
06:10:13 [DefaultDispatcher-worker-1] L1ShadowSyncService - L1 engine tx event: Detected(txidHex=0352b5a8ea024d7aa09227b583d394bb82d3fbaa450a0f90a76a4ce15b29e729, netAmountDuffs=-680, feeDuffs=null, contextCode=1, directionCode=2)
06:10:13 [DefaultDispatcher-worker-1] CutoverUiDataService - SDK balance published: 98817370 duffs (was 98818880) | l1Synced=true rescanArmedHold=true dashPayBackfill(armed=false,replaying=false) deferredContactBuilds=0 (unchangedReads=3) persistedAsLastKnown=false lastKnown=0
06:10:13 [DefaultDispatcher-worker-8] L1ShadowSyncService - L1 engine tx event: Detected(txidHex=9d09843316dab24ce78d3e91c0b89f79c24927c5d871c5dba0871919465af33f, netAmountDuffs=-720, feeDuffs=null, contextCode=1, directionCode=2)
06:10:13 [DefaultDispatcher-worker-1] CutoverUiDataService - SDK balance published: 98815970 duffs (was 98817370) | l1Synced=true rescanArmedHold=true dashPayBackfill(armed=false,replaying=false) deferredContactBuilds=0 (unchangedReads=3) persistedAsLastKnown=false lastKnown=0
06:10:13 [DefaultDispatcher-worker-15] L1ShadowSyncService - L1 engine tx event: Detected(txidHex=bf2c50d2e0135a2d63532d28009b58b2333b69fa2febe50b675b547cd49cfe77, netAmountDuffs=-870, feeDuffs=null, contextCode=1, directionCode=2)
06:10:13 [DefaultDispatcher-worker-1] CutoverUiDataService - SDK balance published: 98813170 duffs (was 98815970) | l1Synced=true rescanArmedHold=true dashPayBackfill(armed=false,replaying=false) deferredContactBuilds=0 (unchangedReads=3) persistedAsLastKnown=false lastKnown=0
06:10:13 [DefaultDispatcher-worker-15] L1ShadowSyncService - L1 engine tx event: Detected(txidHex=1dcc677ec990dbedc9e27661fd631059737c19aac6135133ec241aed768a3693, netAmountDuffs=-870, feeDuffs=null, contextCode=1, directionCode=2)
06:10:13 [DefaultDispatcher-worker-15] L1ShadowSyncService - L1 engine tx event: Detected(txidHex=322aac0cf0ed786231bd5159739803d93926ad7c879d9802009cb14470d77ba9, netAmountDuffs=-1060, feeDuffs=null, contextCode=0, directionCode=2)
06:10:13 [DefaultDispatcher-worker-1] BlockchainServiceImpl - network capabilities changed: 100, hasInternet: true, validated: true
06:10:13 [DefaultDispatcher-worker-1] BlockchainServiceImpl - acquiring check() mutex
06:10:13 [DefaultDispatcher-worker-1] BlockchainServiceImpl - check()
06:10:13 [DefaultDispatcher-worker-1] BlockchainServiceImpl - cutover committed — holding the dashj L1 engine; SDK owns L1 this launch
06:10:13 [DefaultDispatcher-worker-1] BlockchainServiceImpl - releasing check() mutex
06:10:13 [DefaultDispatcher-worker-13] L1ShadowSyncService - L1 engine tx event: InstantLocked(txidHex=322aac0cf0ed786231bd5159739803d93926ad7c879d9802009cb14470d77ba9)
06:10:14 [DefaultDispatcher-worker-16] CutoverUiDataService - cutover UI display sync: 1 SDK records → 1 inserts, 0 status updates
06:10:14 [DefaultDispatcher-worker-16] CutoverUiDataService - engine detected tx e9ee046a7a9f9e75784098c2fdcb0055c47439031839fc62eae5bee5b44ab5bc pre-block (context=1, net=-490 duffs) — syncing display row now
06:10:14 [DefaultDispatcher-worker-3] CutoverUiDataService - cutover UI display sync: 1 SDK records → 1 inserts, 0 status updates
06:10:14 [DefaultDispatcher-worker-3] CutoverUiDataService - engine detected tx 54a7ffab46611a632b98223f6bc2c665760cc10e26a6b6340e672b25c6c65701 pre-block (context=1, net=-530 duffs) — syncing display row now
06:10:14 [DefaultDispatcher-worker-15] CutoverUiDataService - cutover UI display sync: 1 SDK records → 1 inserts, 0 status updates
06:10:14 [DefaultDispatcher-worker-15] CutoverUiDataService - engine detected tx 0352b5a8ea024d7aa09227b583d394bb82d3fbaa450a0f90a76a4ce15b29e729 pre-block (context=1, net=-680 duffs) — syncing display row now
06:10:14 [DefaultDispatcher-worker-3] CutoverUiDataService - cutover UI display sync: 1 SDK records → 1 inserts, 0 status updates
06:10:14 [DefaultDispatcher-worker-3] CutoverUiDataService - engine detected tx 9d09843316dab24ce78d3e91c0b89f79c24927c5d871c5dba0871919465af33f pre-block (context=1, net=-720 duffs) — syncing display row now
06:10:14 [DefaultDispatcher-worker-5] CutoverUiDataService - cutover UI display sync: 1 SDK records → 1 inserts, 0 status updates
06:10:14 [DefaultDispatcher-worker-5] CutoverUiDataService - engine detected tx bf2c50d2e0135a2d63532d28009b58b2333b69fa2febe50b675b547cd49cfe77 pre-block (context=1, net=-870 duffs) — syncing display row now
06:10:14 [DefaultDispatcher-worker-15] CutoverUiDataService - cutover UI display sync: 1 SDK records → 1 inserts, 0 status updates
06:10:14 [DefaultDispatcher-worker-15] CutoverUiDataService - engine detected tx 1dcc677ec990dbedc9e27661fd631059737c19aac6135133ec241aed768a3693 pre-block (context=1, net=-870 duffs) — syncing display row now
06:10:14 [DefaultDispatcher-worker-3] CutoverUiDataService - cutover UI display sync: 1 SDK records → 1 inserts, 0 status updates
06:10:14 [DefaultDispatcher-worker-3] CutoverUiDataService - engine detected tx 322aac0cf0ed786231bd5159739803d93926ad7c879d9802009cb14470d77ba9 pre-block (context=0, net=-1060 duffs) — syncing display row now
06:10:14 [DefaultDispatcher-worker-1] CutoverUiDataService - cutover UI display sync: 1 SDK records → 1 inserts, 0 status updates
06:10:14 [DefaultDispatcher-worker-13] L1ShadowSyncService - L1 engine tx event: Detected(txidHex=290fcbc9562f3406fe2007274d3e8eb34b878cebe2c07b8fcf07de2359507e8b, netAmountDuffs=-490, feeDuffs=null, contextCode=0, directionCode=2)
06:10:14 [DefaultDispatcher-worker-13] L1ShadowSyncService - L1 engine tx event: Detected(txidHex=dce90393d8c4890ea3c603d3657ebcd23dd7ef4bda455c1a7371a80d68134b2d, netAmountDuffs=-680, feeDuffs=null, contextCode=0, directionCode=2)
06:10:14 [DefaultDispatcher-worker-13] L1ShadowSyncService - L1 engine tx event: Detected(txidHex=64c050506e66888f8d6ab133e748ef61a02e6ad17d4921f9e181d747eb79d6b8, netAmountDuffs=-1060, feeDuffs=null, contextCode=0, directionCode=2)
06:10:14 [DefaultDispatcher-worker-13] L1ShadowSyncService - L1 engine tx event: Detected(txidHex=185da6f7a1e036e124810b46e37e969fa03b5d8321e6153a95cc4661918edc56, netAmountDuffs=-530, feeDuffs=null, contextCode=0, directionCode=2)
06:10:14 [DefaultDispatcher-worker-16] CutoverUiDataService - engine detected tx 290fcbc9562f3406fe2007274d3e8eb34b878cebe2c07b8fcf07de2359507e8b pre-block (context=0, net=-490 duffs) — syncing display row now
06:10:14 [DefaultDispatcher-worker-15] CutoverUiDataService - SDK balance published: 98810410 duffs (was 98813170) | l1Synced=true rescanArmedHold=true dashPayBackfill(armed=false,replaying=false) deferredContactBuilds=0 (unchangedReads=3) persistedAsLastKnown=false lastKnown=0
06:10:14 [DefaultDispatcher-worker-16] L1ShadowSyncService - L1 engine tx event: InstantLocked(txidHex=dce90393d8c4890ea3c603d3657ebcd23dd7ef4bda455c1a7371a80d68134b2d)
06:10:14 [DefaultDispatcher-worker-3] L1ShadowSyncService - L1 engine tx event: InstantLocked(txidHex=290fcbc9562f3406fe2007274d3e8eb34b878cebe2c07b8fcf07de2359507e8b)
06:10:14 [DefaultDispatcher-worker-7] CutoverUiDataService - cutover UI display sync: 1 SDK records → 1 inserts, 0 status updates
06:10:14 [DefaultDispatcher-worker-7] CutoverUiDataService - engine detected tx dce90393d8c4890ea3c603d3657ebcd23dd7ef4bda455c1a7371a80d68134b2d pre-block (context=0, net=-680 duffs) — syncing display row now
06:10:14 [DefaultDispatcher-worker-16] CutoverUiDataService - cutover UI display sync: 1 SDK records → 1 inserts, 0 status updates
06:10:14 [DefaultDispatcher-worker-16] CutoverUiDataService - engine detected tx 64c050506e66888f8d6ab133e748ef61a02e6ad17d4921f9e181d747eb79d6b8 pre-block (context=0, net=-1060 duffs) — syncing display row now
06:10:14 [DefaultDispatcher-worker-7] CutoverUiDataService - cutover UI display sync: 1 SDK records → 1 inserts, 0 status updates
06:10:14 [DefaultDispatcher-worker-7] CutoverUiDataService - engine detected tx 185da6f7a1e036e124810b46e37e969fa03b5d8321e6153a95cc4661918edc56 pre-block (context=0, net=-530 duffs) — syncing display row now
06:10:14 [DefaultDispatcher-worker-5] CutoverUiDataService - cutover UI display sync: 1 SDK records → 1 inserts, 0 status updates
06:10:14 [DefaultDispatcher-worker-9] L1ShadowSyncService - L1 engine tx event: InstantLocked(txidHex=185da6f7a1e036e124810b46e37e969fa03b5d8321e6153a95cc4661918edc56)
06:10:14 [DefaultDispatcher-worker-13] L1ShadowSyncService - L1 engine tx event: InstantLocked(txidHex=64c050506e66888f8d6ab133e748ef61a02e6ad17d4921f9e181d747eb79d6b8)
06:10:16 [DefaultDispatcher-worker-7] BlockchainServiceImpl - network capabilities changed: 100, hasInternet: true, validated: true
06:10:16 [DefaultDispatcher-worker-7] BlockchainServiceImpl - acquiring check() mutex
06:10:16 [DefaultDispatcher-worker-7] BlockchainServiceImpl - check()
06:10:16 [DefaultDispatcher-worker-7] BlockchainServiceImpl - cutover committed — holding the dashj L1 engine; SDK owns L1 this launch
06:10:16 [DefaultDispatcher-worker-7] BlockchainServiceImpl - releasing check() mutex
06:10:17 [DefaultDispatcher-worker-9] L1ShadowSyncService - L1 engine tx event: Detected(txidHex=dc7b1c0b136836677f412a59643e6eed9d311aaddc32db9f4083b10399cadb35, netAmountDuffs=-490, feeDuffs=null, contextCode=1, directionCode=2)
06:10:17 [DefaultDispatcher-worker-16] CutoverUiDataService - engine detected tx dc7b1c0b136836677f412a59643e6eed9d311aaddc32db9f4083b10399cadb35 pre-block (context=1, net=-490 duffs) — syncing display row now
06:10:17 [DefaultDispatcher-worker-9] L1ShadowSyncService - L1 engine tx event: Detected(txidHex=761b596a977d67dcdf80c5513535b6e17b1860994e288a499f3d16bdc471a017, netAmountDuffs=-490, feeDuffs=null, contextCode=1, directionCode=2)
06:10:17 [DefaultDispatcher-worker-3] CutoverUiDataService - SDK balance published: 98806160 duffs (was 98810410) | l1Synced=true rescanArmedHold=true dashPayBackfill(armed=false,replaying=false) deferredContactBuilds=0 (unchangedReads=3) persistedAsLastKnown=false lastKnown=0
06:10:17 [DefaultDispatcher-worker-9] L1ShadowSyncService - L1 engine tx event: Detected(txidHex=80632c7db1d7e7748ec9ad1525eaffe4a11994b668d699c0dc2866866fb6e876, netAmountDuffs=-770, feeDuffs=null, contextCode=1, directionCode=2)
06:10:17 [DefaultDispatcher-worker-9] L1ShadowSyncService - L1 engine tx event: Detected(txidHex=267a17b0e19554a3fe9c1b21eb6af476fac1d9e307bd7f85e4ccd8a4b4a7512c, netAmountDuffs=-490, feeDuffs=null, contextCode=1, directionCode=2)
06:10:17 [DefaultDispatcher-worker-9] L1ShadowSyncService - L1 engine tx event: Detected(txidHex=044e87d8df17bf901a695b9557e0a8e58243dc13346e3791c770fef004c591bb, netAmountDuffs=-910, feeDuffs=null, contextCode=0, directionCode=2)
06:10:17 [DefaultDispatcher-worker-9] L1ShadowSyncService - L1 engine tx event: Detected(txidHex=3f64a048be5b88236fe54dd3a0a96ac4468fef5ca6fd5219cd7c33caf788c199, netAmountDuffs=-1100, feeDuffs=null, contextCode=0, directionCode=2)
06:10:17 [DefaultDispatcher-worker-3] CutoverUiDataService - cutover UI display sync: 1 SDK records → 1 inserts, 0 status updates
06:10:17 [DefaultDispatcher-worker-3] CutoverUiDataService - engine detected tx 761b596a977d67dcdf80c5513535b6e17b1860994e288a499f3d16bdc471a017 pre-block (context=1, net=-490 duffs) — syncing display row now
06:10:17 [DefaultDispatcher-worker-2] CutoverUiDataService - cutover UI display sync: 1 SDK records → 1 inserts, 0 status updates
06:10:17 [DefaultDispatcher-worker-2] CutoverUiDataService - engine detected tx 80632c7db1d7e7748ec9ad1525eaffe4a11994b668d699c0dc2866866fb6e876 pre-block (context=1, net=-770 duffs) — syncing display row now
06:10:17 [DefaultDispatcher-worker-7] CutoverUiDataService - cutover UI display sync: 1 SDK records → 1 inserts, 0 status updates
06:10:17 [DefaultDispatcher-worker-7] CutoverUiDataService - engine detected tx 267a17b0e19554a3fe9c1b21eb6af476fac1d9e307bd7f85e4ccd8a4b4a7512c pre-block (context=1, net=-490 duffs) — syncing display row now
06:10:17 [DefaultDispatcher-worker-4] CutoverUiDataService - cutover UI display sync: 1 SDK records → 1 inserts, 0 status updates
06:10:17 [DefaultDispatcher-worker-4] CutoverUiDataService - engine detected tx 044e87d8df17bf901a695b9557e0a8e58243dc13346e3791c770fef004c591bb pre-block (context=0, net=-910 duffs) — syncing display row now
06:10:17 [DefaultDispatcher-worker-2] CutoverUiDataService - cutover UI display sync: 1 SDK records → 1 inserts, 0 status updates
06:10:17 [DefaultDispatcher-worker-2] CutoverUiDataService - engine detected tx 3f64a048be5b88236fe54dd3a0a96ac4468fef5ca6fd5219cd7c33caf788c199 pre-block (context=0, net=-1100 duffs) — syncing display row now
06:10:17 [DefaultDispatcher-worker-17] CutoverUiDataService - cutover UI display sync: 1 SDK records → 1 inserts, 0 status updates
06:10:17 [DefaultDispatcher-worker-12] L1ShadowSyncService - L1 engine tx event: InstantLocked(txidHex=044e87d8df17bf901a695b9557e0a8e58243dc13346e3791c770fef004c591bb)
06:10:17 [DefaultDispatcher-worker-5] L1ShadowSyncService - L1 engine tx event: Detected(txidHex=d1ad65e0d441cc79855511af2d1bce289bb2db73173ba29f967ab9c71c5faeda, netAmountDuffs=-490, feeDuffs=null, contextCode=0, directionCode=2)
06:10:17 [DefaultDispatcher-worker-6] CutoverUiDataService - engine detected tx d1ad65e0d441cc79855511af2d1bce289bb2db73173ba29f967ab9c71c5faeda pre-block (context=0, net=-490 duffs) — syncing display row now
06:10:17 [DefaultDispatcher-worker-5] CutoverUiDataService - SDK balance published: 98805670 duffs (was 98806160) | l1Synced=true rescanArmedHold=true dashPayBackfill(armed=false,replaying=false) deferredContactBuilds=0 (unchangedReads=3) persistedAsLastKnown=false lastKnown=0
06:10:17 [DefaultDispatcher-worker-4] L1ShadowSyncService - L1 engine tx event: InstantLocked(txidHex=3f64a048be5b88236fe54dd3a0a96ac4468fef5ca6fd5219cd7c33caf788c199)
06:10:19 [native-log-bridge] DashSdkNative - 09-19 01:09:53.984  4514  5637 I DashSDK : platform_wallet::changeset::core_bridge: wallet-event batch: folded=1 wallets=1 synced_height_persisted=Some(1556575) synced_height_frozen=None synced_height_rejected=None faulted=0
06:10:19 [native-log-bridge] DashSdkNative - 09-19 01:09:57.549  4514  5639 I DashSDK : platform_wallet::changeset::core_bridge: wallet-event batch: folded=180 wallets=1 synced_height_persisted=None synced_height_frozen=None synced_height_rejected=None faulted=0
06:10:19 [native-log-bridge] DashSdkNative - 09-19 01:09:57.731  4514  5637 I DashSDK : platform_wallet::changeset::core_bridge: wallet-event batch: folded=155 wallets=1 synced_height_persisted=None synced_height_frozen=None synced_height_rejected=None faulted=0
06:10:19 [native-log-bridge] DashSdkNative - 09-19 01:09:58.000  4514  5637 I DashSDK : platform_wallet::changeset::core_bridge: wallet-event batch: folded=1 wallets=1 synced_height_persisted=None synced_height_frozen=None synced_height_rejected=None faulted=0
06:10:19 [native-log-bridge] DashSdkNative - 09-19 01:10:00.022  4514  5638 I DashSDK : platform_wallet::changeset::core_bridge: wallet-event batch: folded=1 wallets=1 synced_height_persisted=None synced_height_frozen=None synced_height_rejected=None faulted=0
06:10:19 [native-log-bridge] DashSdkNative - 09-19 01:10:02.235  4514  5637 I DashSDK : platform_wallet::changeset::core_bridge: wallet-event batch: folded=1 wallets=1 synced_height_persisted=None synced_height_frozen=None synced_height_rejected=None faulted=0
06:10:19 [native-log-bridge] DashSdkNative - 09-19 01:10:02.287  4514  5639 I DashSDK : platform_wallet::changeset::core_bridge: wallet-event batch: folded=7 wallets=1 synced_height_persisted=None synced_height_frozen=None synced_height_rejected=None faulted=0
06:10:19 [native-log-bridge] DashSdkNative - 09-19 01:10:02.616  4514  5639 I DashSDK : platform_wallet::changeset::core_bridge: wallet-event batch: folded=1 wallets=1 synced_height_persisted=None synced_height_frozen=None synced_height_rejected=None faulted=0
06:10:19 [native-log-bridge] DashSdkNative - 09-19 01:10:03.055  4514  5639 I DashSDK : platform_wallet::changeset::core_bridge: wallet-event batch: folded=1 wallets=1 synced_height_persisted=None synced_height_frozen=None synced_height_rejected=None faulted=0
06:10:19 [native-log-bridge] DashSdkNative - 09-19 01:10:04.251  4514  5637 I DashSDK : platform_wallet::changeset::core_bridge: wallet-event batch: folded=1 wallets=1 synced_height_persisted=None synced_height_frozen=None synced_height_rejected=None faulted=0
06:10:19 [native-log-bridge] DashSdkNative - 09-19 01:10:06.462  4514  5638 I DashSDK : platform_wallet::changeset::core_bridge: wallet-event batch: folded=6 wallets=1 synced_height_persisted=None synced_height_frozen=None synced_height_rejected=None faulted=0
06:10:19 [native-log-bridge] DashSdkNative - 09-19 01:10:06.757  4514  5638 I DashSDK : platform_wallet::changeset::core_bridge: wallet-event batch: folded=1 wallets=1 synced_height_persisted=None synced_height_frozen=None synced_height_rejected=None faulted=0
06:10:19 [native-log-bridge] DashSdkNative - 09-19 01:10:06.862  4514  5638 I DashSDK : platform_wallet::changeset::core_bridge: wallet-event batch: folded=1 wallets=1 synced_height_persisted=None synced_height_frozen=None synced_height_rejected=None faulted=0
06:10:19 [native-log-bridge] DashSdkNative - 09-19 01:10:09.108  4514  5639 I DashSDK : platform_wallet::changeset::core_bridge: wallet-event batch: folded=1 wallets=1 synced_height_persisted=None synced_height_frozen=None synced_height_rejected=None faulted=0
06:10:19 [native-log-bridge] DashSdkNative - 09-19 01:10:13.702  4514  5637 I DashSDK : platform_wallet::changeset::core_bridge: wallet-event batch: folded=5 wallets=1 synced_height_persisted=None synced_height_frozen=None synced_height_rejected=None faulted=0
06:10:19 [native-log-bridge] DashSdkNative - 09-19 01:10:13.733  4514  5637 I DashSDK : platform_wallet::changeset::core_bridge: wallet-event batch: folded=3 wallets=1 synced_height_persisted=None synced_height_frozen=None synced_height_rejected=None faulted=0
06:10:19 [native-log-bridge] DashSdkNative - 09-19 01:10:13.996  4514  5638 I DashSDK : platform_wallet::changeset::core_bridge: wallet-event batch: folded=1 wallets=1 synced_height_persisted=None synced_height_frozen=None synced_height_rejected=None faulted=0
06:10:19 [native-log-bridge] DashSdkNative - 09-19 01:10:14.240  4514  5640 I DashSDK : platform_wallet::changeset::core_bridge: wallet-event batch: folded=4 wallets=1 synced_height_persisted=None synced_height_frozen=None synced_height_rejected=None faulted=0
06:10:19 [native-log-bridge] DashSdkNative - 09-19 01:10:14.277  4514  5640 I DashSDK : platform_wallet::changeset::core_bridge: wallet-event batch: folded=1 wallets=1 synced_height_persisted=None synced_height_frozen=None synced_height_rejected=None faulted=0
06:10:19 [native-log-bridge] DashSdkNative - 09-19 01:10:14.279  4514  5639 I DashSDK : platform_wallet::changeset::core_bridge: wallet-event batch: folded=1 wallets=1 synced_height_persisted=None synced_height_frozen=None synced_height_rejected=None faulted=0
06:10:19 [native-log-bridge] DashSdkNative - 09-19 01:10:14.683  4514  5639 I DashSDK : platform_wallet::changeset::core_bridge: wallet-event batch: folded=1 wallets=1 synced_height_persisted=None synced_height_frozen=None synced_height_rejected=None faulted=0
06:10:19 [native-log-bridge] DashSdkNative - 09-19 01:10:14.780  4514  5640 I DashSDK : platform_wallet::changeset::core_bridge: wallet-event batch: folded=1 wallets=1 synced_height_persisted=None synced_height_frozen=None synced_height_rejected=None faulted=0
06:10:19 [native-log-bridge] DashSdkNative - 09-19 01:10:17.690  4514  5640 I DashSDK : platform_wallet::changeset::core_bridge: wallet-event batch: folded=6 wallets=1 synced_height_persisted=None synced_height_frozen=None synced_height_rejected=None faulted=0
06:10:19 [native-log-bridge] DashSdkNative - 09-19 01:10:17.848  4514  5639 I DashSDK : platform_wallet::changeset::core_bridge: wallet-event batch: folded=1 wallets=1 synced_height_persisted=None synced_height_frozen=None synced_height_rejected=None faulted=0
06:10:19 [native-log-bridge] DashSdkNative - 09-19 01:10:17.917  4514  5638 I DashSDK : platform_wallet::changeset::core_bridge: wallet-event batch: folded=1 wallets=1 synced_height_persisted=None synced_height_frozen=None synced_height_rejected=None faulted=0
06:10:19 [native-log-bridge] DashSdkNative - 09-19 01:10:17.919  4514  5639 I DashSDK : platform_wallet::changeset::core_bridge: wallet-event batch: folded=1 wallets=1 synced_height_persisted=None synced_height_frozen=None synced_height_rejected=None faulted=0
06:10:19 [DefaultDispatcher-worker-5] CutoverUiDataService - cutover UI display sync: 1 SDK records → 1 inserts, 0 status updates
06:10:20 [main] BlockchainServiceImpl - onTrimMemory(40) called
06:10:20 [DefaultDispatcher-worker-13] L1ShadowSyncService - L1 engine tx event: Detected(txidHex=78922651a27305938d4630794cccceab7f473f0702230c382a0bf8939042596f, netAmountDuffs=-490, feeDuffs=null, contextCode=1, directionCode=2)
06:10:20 [DefaultDispatcher-worker-3] CutoverUiDataService - engine detected tx 78922651a27305938d4630794cccceab7f473f0702230c382a0bf8939042596f pre-block (context=1, net=-490 duffs) — syncing display row now
06:10:20 [DefaultDispatcher-worker-5] CutoverUiDataService - SDK balance published: 98805180 duffs (was 98805670) | l1Synced=true rescanArmedHold=true dashPayBackfill(armed=false,replaying=false) deferredContactBuilds=0 (unchangedReads=3) persistedAsLastKnown=false lastKnown=0
06:10:20 [DefaultDispatcher-worker-15] L1ShadowSyncService - L1 engine tx event: InstantLocked(txidHex=d1ad65e0d441cc79855511af2d1bce289bb2db73173ba29f967ab9c71c5faeda)
06:10:20 [DefaultDispatcher-worker-5] L1ShadowSyncService - L1 engine tx event: Detected(txidHex=95f7eb155cc03513742b9b27adefb2c33c3c5d524f17eb60c17fece8e3a60adb, netAmountDuffs=-490, feeDuffs=null, contextCode=0, directionCode=2)
06:10:20 [DefaultDispatcher-worker-6] CutoverUiDataService - SDK balance published: 98804690 duffs (was 98805180) | l1Synced=true rescanArmedHold=true dashPayBackfill(armed=false,replaying=false) deferredContactBuilds=0 (unchangedReads=3) persistedAsLastKnown=false lastKnown=0
06:10:20 [DefaultDispatcher-worker-17] L1ShadowSyncService - L1 engine tx event: Detected(txidHex=06ae6fdd1824f8451ae56d95c4d7dda67f6c0d4f46bdb5ed30bb36345bd3ea6b, netAmountDuffs=-680, feeDuffs=null, contextCode=0, directionCode=2)
06:10:20 [DefaultDispatcher-worker-17] L1ShadowSyncService - L1 engine tx event: Detected(txidHex=2324bd0e12d79faffef0b9ad4d0f0cc957b6783f4065757a20d19ed981e1d1c8, netAmountDuffs=-490, feeDuffs=null, contextCode=0, directionCode=2)
06:10:20 [DefaultDispatcher-worker-5] L1ShadowSyncService - L1 engine tx event: Detected(txidHex=e4b705000a985c43d1a226adbc8055d2d4c11c8351690def9a53c1d99aeaf8b3, netAmountDuffs=-1060, feeDuffs=null, contextCode=0, directionCode=2)
06:10:20 [DefaultDispatcher-worker-13] CutoverUiDataService - SDK balance published: 98803520 duffs (was 98804690) | l1Synced=true rescanArmedHold=true dashPayBackfill(armed=false,replaying=false) deferredContactBuilds=0 (unchangedReads=3) persistedAsLastKnown=false lastKnown=0
06:10:20 [DefaultDispatcher-worker-16] CutoverUiDataService - SDK balance published: 98802460 duffs (was 98803520) | l1Synced=true rescanArmedHold=true dashPayBackfill(armed=false,replaying=false) deferredContactBuilds=0 (unchangedReads=3) persistedAsLastKnown=false lastKnown=0
06:10:20 [DefaultDispatcher-worker-4] CutoverUiDataService - cutover UI display sync: 1 SDK records → 1 inserts, 0 status updates
06:10:20 [DefaultDispatcher-worker-1] CutoverUiDataService - engine detected tx 95f7eb155cc03513742b9b27adefb2c33c3c5d524f17eb60c17fece8e3a60adb pre-block (context=0, net=-490 duffs) — syncing display row now
06:10:20 [DefaultDispatcher-worker-7] CutoverUiDataService - cutover UI display sync: 1 SDK records → 1 inserts, 0 status updates
06:10:20 [DefaultDispatcher-worker-7] CutoverUiDataService - engine detected tx 06ae6fdd1824f8451ae56d95c4d7dda67f6c0d4f46bdb5ed30bb36345bd3ea6b pre-block (context=0, net=-680 duffs) — syncing display row now
06:10:20 [DefaultDispatcher-worker-7] CutoverUiDataService - cutover UI display sync: 1 SDK records → 1 inserts, 0 status updates
06:10:20 [DefaultDispatcher-worker-7] CutoverUiDataService - engine detected tx 2324bd0e12d79faffef0b9ad4d0f0cc957b6783f4065757a20d19ed981e1d1c8 pre-block (context=0, net=-490 duffs) — syncing display row now
06:10:20 [DefaultDispatcher-worker-7] CutoverUiDataService - cutover UI display sync: 1 SDK records → 1 inserts, 0 status updates
06:10:20 [DefaultDispatcher-worker-7] CutoverUiDataService - engine detected tx e4b705000a985c43d1a226adbc8055d2d4c11c8351690def9a53c1d99aeaf8b3 pre-block (context=0, net=-1060 duffs) — syncing display row now
06:10:20 [DefaultDispatcher-worker-7] CutoverUiDataService - cutover UI display sync: 1 SDK records → 1 inserts, 0 status updates
06:10:21 [DefaultDispatcher-worker-7] L1ShadowSyncService - L1 engine tx event: InstantLocked(txidHex=e4b705000a985c43d1a226adbc8055d2d4c11c8351690def9a53c1d99aeaf8b3)
06:10:21 [DefaultDispatcher-worker-1] L1ShadowSyncService - L1 engine tx event: InstantLocked(txidHex=06ae6fdd1824f8451ae56d95c4d7dda67f6c0d4f46bdb5ed30bb36345bd3ea6b)
06:10:21 [DefaultDispatcher-worker-1] L1ShadowSyncService - L1 engine tx event: InstantLocked(txidHex=95f7eb155cc03513742b9b27adefb2c33c3c5d524f17eb60c17fece8e3a60adb)
06:10:21 [DefaultDispatcher-worker-1] L1ShadowSyncService - L1 engine tx event: InstantLocked(txidHex=2324bd0e12d79faffef0b9ad4d0f0cc957b6783f4065757a20d19ed981e1d1c8)
06:10:22 [DefaultDispatcher-worker-2] L1ShadowSyncService - L1 engine tx event: Detected(txidHex=547ac2cd68b99124f238535e0c7e41c2d7ad6a9a9f99ceb637d534be6a6f6c64, netAmountDuffs=-680, feeDuffs=null, contextCode=1, directionCode=2)
06:10:22 [DefaultDispatcher-worker-2] L1ShadowSyncService - L1 engine tx event: Detected(txidHex=712e8fb75be56dcccb6373ba5640e892ecc24e4d97277104d9a20d19b558b0a4, netAmountDuffs=-680, feeDuffs=null, contextCode=1, directionCode=2)
06:10:22 [DefaultDispatcher-worker-2] CutoverUiDataService - engine detected tx 547ac2cd68b99124f238535e0c7e41c2d7ad6a9a9f99ceb637d534be6a6f6c64 pre-block (context=1, net=-680 duffs) — syncing display row now
06:10:22 [DefaultDispatcher-worker-2] CutoverUiDataService - SDK balance published: 98801100 duffs (was 98802460) | l1Synced=true rescanArmedHold=true dashPayBackfill(armed=false,replaying=false) deferredContactBuilds=0 (unchangedReads=3) persistedAsLastKnown=false lastKnown=0
06:10:23 [DefaultDispatcher-worker-6] CutoverUiDataService - cutover UI display sync: 1 SDK records → 1 inserts, 0 status updates
06:10:23 [DefaultDispatcher-worker-6] CutoverUiDataService - engine detected tx 712e8fb75be56dcccb6373ba5640e892ecc24e4d97277104d9a20d19b558b0a4 pre-block (context=1, net=-680 duffs) — syncing display row now
06:10:23 [DefaultDispatcher-worker-11] CutoverUiDataService - cutover UI display sync: 1 SDK records → 1 inserts, 0 status updates
06:10:23 [DefaultDispatcher-worker-5] L1ShadowSyncService - L1 engine tx event: Detected(txidHex=be1d71a3052c9e04a6b5f73df345ea1739d7c635dc45d8af6dd2dbc8ab569f9c, netAmountDuffs=-910, feeDuffs=null, contextCode=0, directionCode=2)
06:10:23 [DefaultDispatcher-worker-5] L1ShadowSyncService - L1 engine tx event: Detected(txidHex=c76fef4302b97bed013e0c64605e30d67eeaa95a10da8fbfb9aece65b6ec2c19, netAmountDuffs=-910, feeDuffs=null, contextCode=0, directionCode=2)
06:10:23 [DefaultDispatcher-worker-5] CutoverUiDataService - SDK balance published: 98799280 duffs (was 98801100) | l1Synced=true rescanArmedHold=true dashPayBackfill(armed=false,replaying=false) deferredContactBuilds=0 (unchangedReads=3) persistedAsLastKnown=false lastKnown=0
06:10:23 [DefaultDispatcher-worker-16] CutoverUiDataService - engine detected tx be1d71a3052c9e04a6b5f73df345ea1739d7c635dc45d8af6dd2dbc8ab569f9c pre-block (context=0, net=-910 duffs) — syncing display row now
06:10:23 [DefaultDispatcher-worker-13] L1ShadowSyncService - L1 engine tx event: Detected(txidHex=89d16a8da6126ef6d43f0d0144184c30ac915f3e92be19c4744b56af2403c3cf, netAmountDuffs=-950, feeDuffs=null, contextCode=0, directionCode=2)
06:10:23 [DefaultDispatcher-worker-6] CutoverUiDataService - SDK balance published: 98798330 duffs (was 98799280) | l1Synced=true rescanArmedHold=true dashPayBackfill(armed=false,replaying=false) deferredContactBuilds=0 (unchangedReads=3) persistedAsLastKnown=false lastKnown=0
06:10:24 [DefaultDispatcher-worker-17] CutoverUiDataService - cutover UI display sync: 1 SDK records → 1 inserts, 0 status updates
06:10:24 [DefaultDispatcher-worker-17] CutoverUiDataService - engine detected tx c76fef4302b97bed013e0c64605e30d67eeaa95a10da8fbfb9aece65b6ec2c19 pre-block (context=0, net=-910 duffs) — syncing display row now
06:10:24 [DefaultDispatcher-worker-9] CutoverUiDataService - cutover UI display sync: 1 SDK records → 1 inserts, 0 status updates
06:10:24 [DefaultDispatcher-worker-9] CutoverUiDataService - engine detected tx 89d16a8da6126ef6d43f0d0144184c30ac915f3e92be19c4744b56af2403c3cf pre-block (context=0, net=-950 duffs) — syncing display row now
06:10:24 [DefaultDispatcher-worker-5] CutoverUiDataService - cutover UI display sync: 1 SDK records → 1 inserts, 0 status updates
06:10:24 [DefaultDispatcher-worker-5] L1ShadowSyncService - L1 engine tx event: InstantLocked(txidHex=89d16a8da6126ef6d43f0d0144184c30ac915f3e92be19c4744b56af2403c3cf)
06:10:24 [DefaultDispatcher-worker-11] L1ShadowSyncService - L1 engine tx event: InstantLocked(txidHex=c76fef4302b97bed013e0c64605e30d67eeaa95a10da8fbfb9aece65b6ec2c19)
06:10:25 [DefaultDispatcher-worker-13] BlockchainServiceImpl - network capabilities changed: 100, hasInternet: true, validated: true
06:10:25 [DefaultDispatcher-worker-13] BlockchainServiceImpl - acquiring check() mutex
06:10:25 [DefaultDispatcher-worker-13] BlockchainServiceImpl - check()
06:10:25 [DefaultDispatcher-worker-13] BlockchainServiceImpl - cutover committed — holding the dashj L1 engine; SDK owns L1 this launch
06:10:25 [DefaultDispatcher-worker-13] BlockchainServiceImpl - releasing check() mutex
06:10:26 [main] WalletActivityTracker - activity lifecycle: app started
06:10:26 [main] WalletActivityTracker - activity lifecycle: activity OnboardingActivity created
06:10:26 [main] WalletActivityTracker - activity lifecycle: current: OnboardingActivity, activities: 1 visible: 0 foreground: 0
06:10:26 [DefaultDispatcher-worker-4] L1ShadowSyncService - L1 engine tx event: Detected(txidHex=23723639d470c936661f3a57516013fc6a85f53afcba166aa7421968302d3aaa, netAmountDuffs=-490, feeDuffs=null, contextCode=0, directionCode=2)
06:10:26 [DefaultDispatcher-worker-13] CutoverUiDataService - engine detected tx 23723639d470c936661f3a57516013fc6a85f53afcba166aa7421968302d3aaa pre-block (context=0, net=-490 duffs) — syncing display row now
06:10:26 [DefaultDispatcher-worker-5] CutoverUiDataService - SDK balance published: 98794920 duffs (was 98798330) | l1Synced=true rescanArmedHold=true dashPayBackfill(armed=false,replaying=false) deferredContactBuilds=0 (unchangedReads=3) persistedAsLastKnown=false lastKnown=0
06:10:26 [DefaultDispatcher-worker-4] L1ShadowSyncService - L1 engine tx event: Detected(txidHex=a99d91128df4e41d7494e63a6142692d1204a1ce97e1e594f618aac377744457, netAmountDuffs=-680, feeDuffs=null, contextCode=1, directionCode=2)
06:10:26 [DefaultDispatcher-worker-4] L1ShadowSyncService - L1 engine tx event: Detected(txidHex=d26c82cec756c1245cc87a0dbe71630eae57d92d88207b97a93985e1aff0ec52, netAmountDuffs=-1140, feeDuffs=null, contextCode=0, directionCode=2)
06:10:26 [DefaultDispatcher-worker-4] L1ShadowSyncService - L1 engine tx event: Detected(txidHex=c038125420f74b968d2fdb67ac880044ac78df89ce8060607648c6fd715a1e9d, netAmountDuffs=-1100, feeDuffs=null, contextCode=1, directionCode=2)
06:10:26 [main] WalletActivityTracker - activity lifecycle: activity MainActivity created
06:10:26 [main] WalletActivityTracker - activity lifecycle: current: MainActivity, activities: 2 visible: 0 foreground: 0
06:10:26 [DefaultDispatcher-worker-9] L1ShadowSyncService - L1 engine tx event: InstantLocked(txidHex=23723639d470c936661f3a57516013fc6a85f53afcba166aa7421968302d3aaa)
06:10:26 [DefaultDispatcher-worker-14] CutoverUiDataService - cutover UI display sync: 1 SDK records → 1 inserts, 0 status updates
06:10:26 [DefaultDispatcher-worker-14] CutoverUiDataService - engine detected tx a99d91128df4e41d7494e63a6142692d1204a1ce97e1e594f618aac377744457 pre-block (context=1, net=-680 duffs) — syncing display row now
06:10:26 [DefaultDispatcher-worker-13] L1ShadowSyncService - L1 engine tx event: InstantLocked(txidHex=d26c82cec756c1245cc87a0dbe71630eae57d92d88207b97a93985e1aff0ec52)
06:10:26 [main] SecurityGuard - loading security guard [healthy=true] with keys: [keystore_healthy, fallback_pin_wallet_password_key, primary_ui_pin_key, modern_encryption_migration_complete, fallback_mnemonic_wallet_password_key, primary_wallet_password_key, fallback_mnemonic_ui_pin_key]
06:10:26 [main] SecurityGuard - loading security guard [healthy=true] with keys: [keystore_healthy, fallback_pin_wallet_password_key, primary_ui_pin_key, modern_encryption_migration_complete, fallback_mnemonic_wallet_password_key, primary_wallet_password_key, fallback_mnemonic_ui_pin_key]
06:10:26 [main] ModernEncryptionProvider - Decrypted data for alias: wallet_password_key
06:10:26 [main] ModernEncryptionProvider - Decrypted data for alias: ui_pin_key
06:10:26 [DefaultDispatcher-worker-8] CutoverUiDataService - cutover UI display sync: 1 SDK records → 1 inserts, 0 status updates
06:10:26 [DefaultDispatcher-worker-8] CutoverUiDataService - engine detected tx d26c82cec756c1245cc87a0dbe71630eae57d92d88207b97a93985e1aff0ec52 pre-block (context=0, net=-1140 duffs) — syncing display row now
06:10:26 [DefaultDispatcher-worker-8] CutoverUiDataService - cutover UI display sync: 1 SDK records → 1 inserts, 0 status updates
06:10:26 [DefaultDispatcher-worker-8] CutoverUiDataService - engine detected tx c038125420f74b968d2fdb67ac880044ac78df89ce8060607648c6fd715a1e9d pre-block (context=1, net=-1100 duffs) — syncing display row now
06:10:26 [DefaultDispatcher-worker-15] CutoverUiDataService - cutover UI display sync: 1 SDK records → 1 inserts, 0 status updates
06:10:26 [main] BlockchainIdentityData - creation: BlockchainIdentityData(NONE, null, null, null, null, null)
06:10:26 [main] MainViewModel - STARTUP MainViewModel init at 1789798226417
06:10:26 [DefaultDispatcher-worker-8] MainViewModel - blockchain state update: mnlist=1556575; chain=1556575; wallet=-1
06:10:26 [main] StartupBreadcrumbs - STARTUP breadcrumb: 12 MAIN_UI_SHOWN +307393ms
06:10:26 [DefaultDispatcher-worker-13] DapiClient - getDocuments(contractId=GWRSAVFMjXx8HpQFaNJMqBV7MBgMK4br5UESsB4S31Ec, type=domain, {limit=5, where=[]})
06:10:26 [DefaultDispatcher-worker-7] DapiClient - getDocuments(contractId=GWRSAVFMjXx8HpQFaNJMqBV7MBgMK4br5UESsB4S31Ec, type=domain, {limit=5, where=[]})
06:10:26 [DefaultDispatcher-worker-16] DapiClient - getDocuments(contractId=GWRSAVFMjXx8HpQFaNJMqBV7MBgMK4br5UESsB4S31Ec, type=domain, {limit=5, where=[]})
06:10:26 [main] Configuration - just being used - last used 3 minutes ago
06:10:26 [DefaultDispatcher-worker-8] L1ShadowSyncService - L1 engine tx event: InstantLocked(txidHex=be1d71a3052c9e04a6b5f73df345ea1739d7c635dc45d8af6dd2dbc8ab569f9c)
06:10:26 [main] AppForegroundMonitor - App moved to foreground
06:10:26 [main] WalletActivityTracker - activity lifecycle: current: MainActivity, activities: 2 visible: 1 foreground: 0
06:10:26 [DefaultDispatcher-worker-6] CrowdNodeApiAggregator - restoring CrowdNode status
06:10:26 [main] WalletTransactionsFragment - STARTUP WalletTransactionsFragment.onViewCreated at 1789798226500
06:10:26 [DefaultDispatcher-worker-6] BLSJniLibrary - Initializing BLS JNI Library
06:10:26 [main] HistoryHeaderAdapter - set invite, synced = false
06:10:26 [main] BlockchainIdentityData - creation: BlockchainIdentityData(NONE, null, null, null, null, null)
06:10:26 [main] WalletTransactionsFragment - STARTUP submitData called on thread=main at 1789798226502
06:10:26 [DefaultDispatcher-worker-8] BLSJniLibrary - Initializing BLS JNI Library
06:10:26 [main] HistoryHeaderAdapter - set invite = null
06:10:26 [main] HistoryHeaderAdapter - set invite, synced = false
06:10:26 [main] SecurityGuard - loading security guard [healthy=true] with keys: [keystore_healthy, fallback_pin_wallet_password_key, primary_ui_pin_key, modern_encryption_migration_complete, fallback_mnemonic_wallet_password_key, primary_wallet_password_key, fallback_mnemonic_ui_pin_key]
06:10:26 [main] SecurityGuard - loading security guard [healthy=true] with keys: [keystore_healthy, fallback_pin_wallet_password_key, primary_ui_pin_key, modern_encryption_migration_complete, fallback_mnemonic_wallet_password_key, primary_wallet_password_key, fallback_mnemonic_ui_pin_key]
06:10:26 [main] LockScreenActivity - show lock screen false = ![keepUnlocked=false] && autologout=true && (keepUnlockedUntilPenEntered=false || shouldLogout=false) || isHealthy=true
06:10:26 [main] MainActivity - updateTrigger => rateStale: RateRetrievalState(lastAttemptFailed=false, staleRates=false, volatile=false)
06:10:26 [main] WalletActivityTracker - activity lifecycle: current: MainActivity, activities: 2 visible: 1 foreground: 1
06:10:26 [DefaultDispatcher-worker-4] TimeUtils - timeskew: 404; using last value
06:10:26 [main] DeviceInfoProvider - Detecting currency based on device, mobile network or locale:
06:10:26 [main] DeviceInfoProvider - Device Sim Country: us
06:10:26 [main] MainViewModel - Updating currency exchange rate based on country: US
06:10:26 [DefaultDispatcher-worker-16] Platform - platform check: 378.5 ms
06:10:26 [DefaultDispatcher-worker-13] Platform - platform check: 378.6 ms
06:10:26 [DefaultDispatcher-worker-7] Platform - platform check: 378.7 ms
06:10:26 [DefaultDispatcher-worker-7] PlatformServiceImplementation - platform available 3 of 3: true
06:10:26 [main] MainViewModel - platform available: false; no identity creation is progress: true
06:10:26 [main] HistoryHeaderAdapter - set invite, synced = true
06:10:26 [main] BlockchainServiceImpl - .onStartCommand(Intent { cmp=hashengineering.darkcoin.wallet_test/de.schildbach.wallet.service.BlockchainServiceImpl })
06:10:26 [DefaultDispatcher-worker-6] BlockchainServiceImpl - onStartCommand waiting for onCreate to complete...
06:10:26 [DefaultDispatcher-worker-6] BlockchainServiceImpl - onCreate completed, processing onStartCommand
06:10:26 [DefaultDispatcher-worker-6] BLSJniLibrary - Initializing BLS JNI Library
06:10:26 [DefaultDispatcher-worker-6] BlockchainServiceImpl - service start command: Intent { cmp=hashengineering.darkcoin.wallet_test/de.schildbach.wallet.service.BlockchainServiceImpl }
06:10:26 [DefaultDispatcher-worker-6] BlockchainServiceImpl - .onStartCommand(Intent { cmp=hashengineering.darkcoin.wallet_test/de.schildbach.wallet.service.BlockchainServiceImpl }) finished
06:10:26 [main] BlockchainServiceImpl - .onStartCommand(Intent { act=de.schildbach.wallet.service.cancel_coins_received cmp=hashengineering.darkcoin.wallet_test/de.schildbach.wallet.service.BlockchainServiceImpl })
06:10:26 [DefaultDispatcher-worker-6] BlockchainServiceImpl - onStartCommand waiting for onCreate to complete...
06:10:26 [DefaultDispatcher-worker-6] BlockchainServiceImpl - onCreate completed, processing onStartCommand
06:10:26 [DefaultDispatcher-worker-6] BLSJniLibrary - Initializing BLS JNI Library
06:10:26 [DefaultDispatcher-worker-6] BlockchainServiceImpl - service start command: Intent { act=de.schildbach.wallet.service.cancel_coins_received cmp=hashengineering.darkcoin.wallet_test/de.schildbach.wallet.service.BlockchainServiceImpl }
06:10:26 [DefaultDispatcher-worker-6] BlockchainServiceImpl - .onStartCommand(Intent { act=de.schildbach.wallet.service.cancel_coins_received cmp=hashengineering.darkcoin.wallet_test/de.schildbach.wallet.service.BlockchainServiceImpl }) finished
06:10:26 [main] MainViewModel - platform available: true; no identity creation is progress: true
06:10:26 [DefaultDispatcher-worker-4] Constants - --> GET https://rates.ctx.com/rates?source=ctx
06:10:26 [main] WalletActivityTracker - activity lifecycle: activity OnboardingActivity destroyed
06:10:26 [main] WalletActivityTracker - activity lifecycle: current: MainActivity, activities: 1 visible: 1 foreground: 1
06:10:26 [main] WalletTransactionsFragment - STARTUP swapping to live adapter: 151 items at 1789798226975
06:10:27 [DefaultDispatcher-worker-4] Constants - <-- 200 https://rates.ctx.com/rates?source=ctx (243ms, unknown-length body)
06:10:27 [DefaultDispatcher-worker-4] ExchangeRatesRepository - exchange rates updated successfully with de.schildbach.wallet.rates.DashRetailClient@adcd44c
06:10:27 [DefaultDispatcher-worker-4] ExchangeRatesRepository - updateTrigger
06:10:28 [DefaultDispatcher-worker-16] L1ShadowSyncService - L1 engine tx event: Detected(txidHex=ad6e6e86dac13eb35953f7b46801ac432645dc64e3fba3a6e10af165bb1ce69f, netAmountDuffs=-1070, feeDuffs=null, contextCode=0, directionCode=2)
06:10:28 [DefaultDispatcher-worker-1] CutoverUiDataService - engine detected tx ad6e6e86dac13eb35953f7b46801ac432645dc64e3fba3a6e10af165bb1ce69f pre-block (context=0, net=-1070 duffs) — syncing display row now
06:10:28 [DefaultDispatcher-worker-16] CutoverUiDataService - SDK balance published: 98793850 duffs (was 98794920) | l1Synced=true rescanArmedHold=true dashPayBackfill(armed=false,replaying=false) deferredContactBuilds=0 (unchangedReads=3) persistedAsLastKnown=false lastKnown=0
06:10:28 [DefaultDispatcher-worker-11] CutoverUiDataService - cutover UI display sync: 1 SDK records → 1 inserts, 0 status updates
06:10:28 [main] WalletTransactionsFragment - STARTUP submitData called on thread=main at 1789798228605
06:10:29 [DefaultDispatcher-worker-8] L1ShadowSyncService - L1 engine tx event: InstantLocked(txidHex=ad6e6e86dac13eb35953f7b46801ac432645dc64e3fba3a6e10af165bb1ce69f)
06:10:30 [DefaultDispatcher-worker-7] L1ShadowSyncService - L1 engine tx event: Detected(txidHex=7c644e57e870f91232a226c4313017046414cf412674243b1346053ba8595e8b, netAmountDuffs=-490, feeDuffs=null, contextCode=0, directionCode=2)
06:10:30 [DefaultDispatcher-worker-12] CutoverUiDataService - engine detected tx 7c644e57e870f91232a226c4313017046414cf412674243b1346053ba8595e8b pre-block (context=0, net=-490 duffs) — syncing display row now
06:10:30 [DefaultDispatcher-worker-7] L1ShadowSyncService - L1 engine tx event: Detected(txidHex=b194d7b737f7f1d59e05d0c15d6e4b7215e4becef5239da962e200aa7f2f09d9, netAmountDuffs=-1220, feeDuffs=null, contextCode=1, directionCode=2)
06:10:30 [DefaultDispatcher-worker-15] CutoverUiDataService - SDK balance published: 98789330 duffs (was 98793850) | l1Synced=true rescanArmedHold=true dashPayBackfill(armed=false,replaying=false) deferredContactBuilds=0 (unchangedReads=3) persistedAsLastKnown=false lastKnown=0
06:10:30 [DefaultDispatcher-worker-7] L1ShadowSyncService - L1 engine tx event: Detected(txidHex=0f5ec88ab4a75384092f3022875aace8dc1539b6edbfe37f6a07488773289927, netAmountDuffs=-870, feeDuffs=null, contextCode=1, directionCode=2)
06:10:30 [DefaultDispatcher-worker-7] L1ShadowSyncService - L1 engine tx event: Detected(txidHex=47b187f1eb3b8c039c0477ff3594617fbe08e60b3991b6975122030e4ad3eb27, netAmountDuffs=-950, feeDuffs=null, contextCode=1, directionCode=2)
06:10:30 [DefaultDispatcher-worker-7] L1ShadowSyncService - L1 engine tx event: Detected(txidHex=4a3640eacdd5196b7d1ec0ce86d2fef60a55c5e13a5a09f90c5ce0a92352780d, netAmountDuffs=-990, feeDuffs=null, contextCode=1, directionCode=2)
06:10:30 [DefaultDispatcher-worker-15] CutoverUiDataService - cutover UI display sync: 1 SDK records → 1 inserts, 0 status updates
06:10:30 [DefaultDispatcher-worker-15] CutoverUiDataService - engine detected tx b194d7b737f7f1d59e05d0c15d6e4b7215e4becef5239da962e200aa7f2f09d9 pre-block (context=1, net=-1220 duffs) — syncing display row now
06:10:30 [main] WalletTransactionsFragment - STARTUP submitData called on thread=main at 1789798230065
06:10:30 [DefaultDispatcher-worker-13] CutoverUiDataService - cutover UI display sync: 1 SDK records → 1 inserts, 0 status updates
06:10:30 [DefaultDispatcher-worker-13] CutoverUiDataService - engine detected tx 0f5ec88ab4a75384092f3022875aace8dc1539b6edbfe37f6a07488773289927 pre-block (context=1, net=-870 duffs) — syncing display row now
06:10:30 [main] WalletTransactionsFragment - STARTUP submitData called on thread=main at 1789798230107
06:10:30 [DefaultDispatcher-worker-14] CutoverUiDataService - cutover UI display sync: 1 SDK records → 1 inserts, 0 status updates
06:10:30 [DefaultDispatcher-worker-14] CutoverUiDataService - engine detected tx 47b187f1eb3b8c039c0477ff3594617fbe08e60b3991b6975122030e4ad3eb27 pre-block (context=1, net=-950 duffs) — syncing display row now
06:10:30 [main] WalletTransactionsFragment - STARTUP submitData called on thread=main at 1789798230115
06:10:30 [DefaultDispatcher-worker-12] CutoverUiDataService - cutover UI display sync: 1 SDK records → 1 inserts, 0 status updates
06:10:30 [DefaultDispatcher-worker-12] CutoverUiDataService - engine detected tx 4a3640eacdd5196b7d1ec0ce86d2fef60a55c5e13a5a09f90c5ce0a92352780d pre-block (context=1, net=-990 duffs) — syncing display row now
06:10:30 [main] WalletTransactionsFragment - STARTUP submitData called on thread=main at 1789798230127
06:10:30 [DefaultDispatcher-worker-3] CutoverUiDataService - cutover UI display sync: 1 SDK records → 1 inserts, 0 status updates
06:10:30 [main] WalletTransactionsFragment - STARTUP submitData called on thread=main at 1789798230143
06:10:31 [DefaultDispatcher-worker-7] L1ShadowSyncService - L1 engine tx event: Detected(txidHex=73d5c117f2d31291421b20f18ac1c2d6f358935bff9a99d412b700cfe213f976, netAmountDuffs=-1060, feeDuffs=null, contextCode=0, directionCode=2)
06:10:31 [DefaultDispatcher-worker-5] CutoverUiDataService - SDK balance published: 98787320 duffs (was 98789330) | l1Synced=true rescanArmedHold=true dashPayBackfill(armed=false,replaying=false) deferredContactBuilds=0 (unchangedReads=3) persistedAsLastKnown=false lastKnown=0
06:10:31 [DefaultDispatcher-worker-15] CutoverUiDataService - engine detected tx 73d5c117f2d31291421b20f18ac1c2d6f358935bff9a99d412b700cfe213f976 pre-block (context=0, net=-1060 duffs) — syncing display row now
06:10:31 [DefaultDispatcher-worker-7] L1ShadowSyncService - L1 engine tx event: Detected(txidHex=2c4ce75ac8360e9bb591f698a8e46fd15ed645fb880ccf24e472078477f93a6c, netAmountDuffs=-950, feeDuffs=null, contextCode=1, directionCode=2)
06:10:31 [DefaultDispatcher-worker-7] L1ShadowSyncService - L1 engine tx event: Detected(txidHex=b63f74e630bb524ee433e276cf3744b52f5256595ddd1ac83b5f387874207199, netAmountDuffs=-1060, feeDuffs=null, contextCode=1, directionCode=2)
06:10:31 [DefaultDispatcher-worker-7] L1ShadowSyncService - L1 engine tx event: Detected(txidHex=7efd4994eddbabb26e24e02fcd995771ba5fae5b55039e360a7aece41ad389fb, netAmountDuffs=-1100, feeDuffs=null, contextCode=0, directionCode=2)
06:10:31 [DefaultDispatcher-worker-7] L1ShadowSyncService - L1 engine tx event: InstantLocked(txidHex=73d5c117f2d31291421b20f18ac1c2d6f358935bff9a99d412b700cfe213f976)
06:10:31 [DefaultDispatcher-worker-16] CutoverUiDataService - SDK balance published: 98785160 duffs (was 98787320) | l1Synced=true rescanArmedHold=true dashPayBackfill(armed=false,replaying=false) deferredContactBuilds=0 (unchangedReads=3) persistedAsLastKnown=false lastKnown=0
06:10:31 [DefaultDispatcher-worker-15] L1ShadowSyncService - L1 engine tx event: InstantLocked(txidHex=7c644e57e870f91232a226c4313017046414cf412674243b1346053ba8595e8b)
06:10:31 [DefaultDispatcher-worker-10] BlockchainServiceImpl - network capabilities changed: 100, hasInternet: true, validated: true
06:10:31 [DefaultDispatcher-worker-10] BlockchainServiceImpl - acquiring check() mutex
06:10:31 [DefaultDispatcher-worker-10] BlockchainServiceImpl - check()
06:10:31 [DefaultDispatcher-worker-10] BlockchainServiceImpl - cutover committed — holding the dashj L1 engine; SDK owns L1 this launch
06:10:31 [DefaultDispatcher-worker-10] BlockchainServiceImpl - releasing check() mutex
06:10:32 [DefaultDispatcher-worker-16] CutoverUiDataService - cutover UI display sync: 1 SDK records → 1 inserts, 0 status updates
06:10:32 [DefaultDispatcher-worker-16] CutoverUiDataService - engine detected tx 2c4ce75ac8360e9bb591f698a8e46fd15ed645fb880ccf24e472078477f93a6c pre-block (context=1, net=-950 duffs) — syncing display row now
06:10:32 [main] WalletTransactionsFragment - STARTUP submitData called on thread=main at 1789798232187
06:10:32 [DefaultDispatcher-worker-1] CutoverUiDataService - cutover UI display sync: 1 SDK records → 1 inserts, 0 status updates
06:10:32 [DefaultDispatcher-worker-1] CutoverUiDataService - engine detected tx b63f74e630bb524ee433e276cf3744b52f5256595ddd1ac83b5f387874207199 pre-block (context=1, net=-1060 duffs) — syncing display row now
06:10:32 [main] WalletTransactionsFragment - STARTUP submitData called on thread=main at 1789798232198
06:10:32 [DefaultDispatcher-worker-1] CutoverUiDataService - cutover UI display sync: 1 SDK records → 1 inserts, 0 status updates
06:10:32 [DefaultDispatcher-worker-1] CutoverUiDataService - engine detected tx 7efd4994eddbabb26e24e02fcd995771ba5fae5b55039e360a7aece41ad389fb pre-block (context=0, net=-1100 duffs) — syncing display row now
06:10:32 [main] WalletTransactionsFragment - STARTUP submitData called on thread=main at 1789798232215
06:10:32 [DefaultDispatcher-worker-1] CutoverUiDataService - cutover UI display sync: 1 SDK records → 1 inserts, 0 status updates
06:10:32 [main] WalletTransactionsFragment - STARTUP submitData called on thread=main at 1789798232243
06:10:32 [DefaultDispatcher-worker-1] L1ShadowSyncService - L1 engine tx event: InstantLocked(txidHex=7efd4994eddbabb26e24e02fcd995771ba5fae5b55039e360a7aece41ad389fb)
06:10:36 [DefaultDispatcher-worker-9] L1ShadowSyncService - L1 engine tx event: Detected(txidHex=30e5a9dd755cd3775f4b0c8d0e6d08f8ba98461c6c32693b777fef0df898e721, netAmountDuffs=-490, feeDuffs=null, contextCode=0, directionCode=2)
06:10:36 [DefaultDispatcher-worker-9] L1ShadowSyncService - L1 engine tx event: Detected(txidHex=26a682739ceda192b8f704820c78c5c573f45079cf3418c1802ec1cfc0f213ad, netAmountDuffs=-490, feeDuffs=null, contextCode=1, directionCode=2)
06:10:36 [DefaultDispatcher-worker-7] CutoverUiDataService - engine detected tx 30e5a9dd755cd3775f4b0c8d0e6d08f8ba98461c6c32693b777fef0df898e721 pre-block (context=0, net=-490 duffs) — syncing display row now
06:10:36 [DefaultDispatcher-worker-9] L1ShadowSyncService - L1 engine tx event: Detected(txidHex=d42bd03da46769d80e2421ab59978d540485a4d89b6515ecf19dac17dd675e5e, netAmountDuffs=-1220, feeDuffs=null, contextCode=0, directionCode=2)
06:10:36 [DefaultDispatcher-worker-9] L1ShadowSyncService - L1 engine tx event: Detected(txidHex=22c71237f7f7d64e26d6602a4baac9088b18a3205ffd2ae4a6d8c7d9152ae334, netAmountDuffs=-1140, feeDuffs=null, contextCode=0, directionCode=2)
06:10:36 [DefaultDispatcher-worker-17] CutoverUiDataService - SDK balance published: 98781820 duffs (was 98785160) | l1Synced=true rescanArmedHold=true dashPayBackfill(armed=false,replaying=false) deferredContactBuilds=0 (unchangedReads=3) persistedAsLastKnown=false lastKnown=0
06:10:36 [DefaultDispatcher-worker-4] CutoverUiDataService - cutover UI display sync: 1 SDK records → 1 inserts, 0 status updates
06:10:36 [DefaultDispatcher-worker-4] CutoverUiDataService - engine detected tx 26a682739ceda192b8f704820c78c5c573f45079cf3418c1802ec1cfc0f213ad pre-block (context=1, net=-490 duffs) — syncing display row now
06:10:36 [main] WalletTransactionsFragment - STARTUP submitData called on thread=main at 1789798236522
06:10:36 [main] WalletTransactionsFragment - STARTUP submitData called on thread=main at 1789798236522
06:10:36 [DefaultDispatcher-worker-6] CutoverUiDataService - cutover UI display sync: 1 SDK records → 1 inserts, 0 status updates
06:10:36 [DefaultDispatcher-worker-6] CutoverUiDataService - engine detected tx d42bd03da46769d80e2421ab59978d540485a4d89b6515ecf19dac17dd675e5e pre-block (context=0, net=-1220 duffs) — syncing display row now
06:10:36 [main] WalletTransactionsFragment - STARTUP submitData called on thread=main at 1789798236528
06:10:36 [DefaultDispatcher-worker-10] L1ShadowSyncService - L1 engine tx event: InstantLocked(txidHex=30e5a9dd755cd3775f4b0c8d0e6d08f8ba98461c6c32693b777fef0df898e721)
06:10:36 [DefaultDispatcher-worker-6] CutoverUiDataService - cutover UI display sync: 1 SDK records → 1 inserts, 0 status updates
06:10:36 [DefaultDispatcher-worker-6] CutoverUiDataService - engine detected tx 22c71237f7f7d64e26d6602a4baac9088b18a3205ffd2ae4a6d8c7d9152ae334 pre-block (context=0, net=-1140 duffs) — syncing display row now
06:10:36 [DefaultDispatcher-worker-14] L1ShadowSyncService - L1 engine tx event: InstantLocked(txidHex=22c71237f7f7d64e26d6602a4baac9088b18a3205ffd2ae4a6d8c7d9152ae334)
06:10:36 [main] WalletTransactionsFragment - STARTUP submitData called on thread=main at 1789798236536
06:10:36 [DefaultDispatcher-worker-17] L1ShadowSyncService - L1 engine tx event: InstantLocked(txidHex=d42bd03da46769d80e2421ab59978d540485a4d89b6515ecf19dac17dd675e5e)
06:10:36 [DefaultDispatcher-worker-11] CutoverUiDataService - cutover UI display sync: 1 SDK records → 1 inserts, 0 status updates
06:10:36 [main] WalletTransactionsFragment - STARTUP submitData called on thread=main at 1789798236558
06:10:36 [DefaultDispatcher-worker-9] L1ShadowSyncService - L1 engine tx event: Detected(txidHex=7cdba8c453d873ef4a9b6b61ee0bf70c6a517f4a8e50686c3fae819dca5a0ae6, netAmountDuffs=-680, feeDuffs=null, contextCode=0, directionCode=2)
06:10:36 [DefaultDispatcher-worker-9] L1ShadowSyncService - L1 engine tx event: Detected(txidHex=325a86a46d8f757f9b328dfc9708d7a667da119898466184187b688a51119fca, netAmountDuffs=-1070, feeDuffs=null, contextCode=0, directionCode=2)
06:10:36 [DefaultDispatcher-worker-17] CutoverUiDataService - engine detected tx 7cdba8c453d873ef4a9b6b61ee0bf70c6a517f4a8e50686c3fae819dca5a0ae6 pre-block (context=0, net=-680 duffs) — syncing display row now
06:10:36 [DefaultDispatcher-worker-9] L1ShadowSyncService - L1 engine tx event: Detected(txidHex=4187b4a437ca90851cdbff2171295b4be8bbb9a758f29c3818f66205b7e2271a, netAmountDuffs=-680, feeDuffs=null, contextCode=0, directionCode=2)
06:10:36 [DefaultDispatcher-worker-1] CutoverUiDataService - SDK balance published: 98778900 duffs (was 98781820) | l1Synced=true rescanArmedHold=true dashPayBackfill(armed=false,replaying=false) deferredContactBuilds=0 (unchangedReads=3) persistedAsLastKnown=false lastKnown=0
06:10:36 [DefaultDispatcher-worker-9] L1ShadowSyncService - L1 engine tx event: Detected(txidHex=8ce6fb76d73b2bcadd80af4251e1582b84fb008955ebd0779c6f0ebc617c37bf, netAmountDuffs=-490, feeDuffs=null, contextCode=0, directionCode=2)
06:10:36 [DefaultDispatcher-worker-16] CutoverUiDataService - cutover UI display sync: 1 SDK records → 1 inserts, 0 status updates
06:10:36 [DefaultDispatcher-worker-16] CutoverUiDataService - engine detected tx 325a86a46d8f757f9b328dfc9708d7a667da119898466184187b688a51119fca pre-block (context=0, net=-1070 duffs) — syncing display row now
06:10:36 [DefaultDispatcher-worker-9] CutoverUiDataService - cutover UI display sync: 1 SDK records → 1 inserts, 0 status updates
06:10:36 [DefaultDispatcher-worker-9] CutoverUiDataService - engine detected tx 4187b4a437ca90851cdbff2171295b4be8bbb9a758f29c3818f66205b7e2271a pre-block (context=0, net=-680 duffs) — syncing display row now
06:10:36 [main] WalletTransactionsFragment - STARTUP submitData called on thread=main at 1789798236950
06:10:36 [main] WalletTransactionsFragment - STARTUP submitData called on thread=main at 1789798236950
06:10:36 [DefaultDispatcher-worker-3] CutoverUiDataService - cutover UI display sync: 1 SDK records → 1 inserts, 0 status updates
06:10:36 [DefaultDispatcher-worker-3] CutoverUiDataService - engine detected tx 8ce6fb76d73b2bcadd80af4251e1582b84fb008955ebd0779c6f0ebc617c37bf pre-block (context=0, net=-490 duffs) — syncing display row now
06:10:36 [main] WalletTransactionsFragment - STARTUP submitData called on thread=main at 1789798236955
06:10:36 [DefaultDispatcher-worker-11] CutoverUiDataService - cutover UI display sync: 1 SDK records → 1 inserts, 0 status updates
06:10:36 [main] WalletTransactionsFragment - STARTUP submitData called on thread=main at 1789798236979
06:10:37 [DefaultDispatcher-worker-9] L1ShadowSyncService - L1 engine tx event: InstantLocked(txidHex=8ce6fb76d73b2bcadd80af4251e1582b84fb008955ebd0779c6f0ebc617c37bf)
06:10:37 [DefaultDispatcher-worker-4] L1ShadowSyncService - L1 engine tx event: InstantLocked(txidHex=4187b4a437ca90851cdbff2171295b4be8bbb9a758f29c3818f66205b7e2271a)
06:10:37 [DefaultDispatcher-worker-14] L1ShadowSyncService - L1 engine tx event: InstantLocked(txidHex=7cdba8c453d873ef4a9b6b61ee0bf70c6a517f4a8e50686c3fae819dca5a0ae6)
06:10:37 [DefaultDispatcher-worker-1] L1ShadowSyncService - L1 engine tx event: Detected(txidHex=b918f7950f78864ed027577aca5fcd75abc45107e02258b22904231c0d8c12d1, netAmountDuffs=-680, feeDuffs=null, contextCode=0, directionCode=2)
06:10:37 [DefaultDispatcher-worker-1] CutoverUiDataService - SDK balance published: 98778220 duffs (was 98778900) | l1Synced=true rescanArmedHold=true dashPayBackfill(armed=false,replaying=false) deferredContactBuilds=0 (unchangedReads=3) persistedAsLastKnown=false lastKnown=0
06:10:37 [DefaultDispatcher-worker-16] CutoverUiDataService - engine detected tx b918f7950f78864ed027577aca5fcd75abc45107e02258b22904231c0d8c12d1 pre-block (context=0, net=-680 duffs) — syncing display row now
06:10:37 [DefaultDispatcher-worker-9] CutoverUiDataService - cutover UI display sync: 1 SDK records → 1 inserts, 0 status updates
06:10:37 [main] WalletTransactionsFragment - STARTUP submitData called on thread=main at 1789798237294
06:10:37 [main] WalletTransactionsFragment - STARTUP submitData called on thread=main at 1789798237294
06:10:37 [DefaultDispatcher-worker-2] L1ShadowSyncService - L1 engine tx event: InstantLocked(txidHex=b918f7950f78864ed027577aca5fcd75abc45107e02258b22904231c0d8c12d1)
06:10:38 [DefaultDispatcher-worker-2] L1ShadowSyncService - L1 engine tx event: Detected(txidHex=3d72a40c806a1f0d9456840aa503d2317aeb545f6107b6b8d8884c880e160812, netAmountDuffs=-1140, feeDuffs=null, contextCode=0, directionCode=2)
06:10:38 [DefaultDispatcher-worker-6] CutoverUiDataService - engine detected tx 3d72a40c806a1f0d9456840aa503d2317aeb545f6107b6b8d8884c880e160812 pre-block (context=0, net=-1140 duffs) — syncing display row now
06:10:38 [DefaultDispatcher-worker-13] CutoverUiDataService - SDK balance published: 98777080 duffs (was 98778220) | l1Synced=true rescanArmedHold=true dashPayBackfill(armed=false,replaying=false) deferredContactBuilds=0 (unchangedReads=3) persistedAsLastKnown=false lastKnown=0
06:10:38 [DefaultDispatcher-worker-6] CutoverUiDataService - cutover UI display sync: 1 SDK records → 1 inserts, 0 status updates
06:10:38 [main] WalletTransactionsFragment - STARTUP submitData called on thread=main at 1789798238206
06:10:38 [DefaultDispatcher-worker-5] L1ShadowSyncService - L1 engine tx event: InstantLocked(txidHex=3d72a40c806a1f0d9456840aa503d2317aeb545f6107b6b8d8884c880e160812)
06:10:39 [DefaultDispatcher-worker-4] L1ShadowSyncService - L1 engine tx event: InstantLocked(txidHex=325a86a46d8f757f9b328dfc9708d7a667da119898466184187b688a51119fca)
06:10:39 [DefaultDispatcher-worker-17] L1ShadowSyncService - L1 engine tx event: Detected(txidHex=cc47554928e93a2c735308ef103e73b8ada3eb634321b41314936cf4721bfc4e, netAmountDuffs=-490, feeDuffs=null, contextCode=0, directionCode=2)
06:10:39 [DefaultDispatcher-worker-8] CutoverUiDataService - engine detected tx cc47554928e93a2c735308ef103e73b8ada3eb634321b41314936cf4721bfc4e pre-block (context=0, net=-490 duffs) — syncing display row now
06:10:39 [DefaultDispatcher-worker-9] CutoverUiDataService - SDK balance published: 98775910 duffs (was 98777080) | l1Synced=true rescanArmedHold=true dashPayBackfill(armed=false,replaying=false) deferredContactBuilds=0 (unchangedReads=3) persistedAsLastKnown=false lastKnown=0
06:10:39 [DefaultDispatcher-worker-17] L1ShadowSyncService - L1 engine tx event: Detected(txidHex=d7954184144f178c9b4ced52cccd562fc869d8745696dfeb27471138c7354504, netAmountDuffs=-680, feeDuffs=null, contextCode=0, directionCode=2)
06:10:39 [DefaultDispatcher-worker-8] L1ShadowSyncService - L1 engine tx event: InstantLocked(txidHex=d7954184144f178c9b4ced52cccd562fc869d8745696dfeb27471138c7354504)
06:10:39 [DefaultDispatcher-worker-6] L1ShadowSyncService - L1 engine tx event: InstantLocked(txidHex=cc47554928e93a2c735308ef103e73b8ada3eb634321b41314936cf4721bfc4e)
06:10:39 [DefaultDispatcher-worker-1] CutoverUiDataService - cutover UI display sync: 1 SDK records → 1 inserts, 0 status updates
06:10:39 [DefaultDispatcher-worker-1] CutoverUiDataService - engine detected tx d7954184144f178c9b4ced52cccd562fc869d8745696dfeb27471138c7354504 pre-block (context=0, net=-680 duffs) — syncing display row now
06:10:39 [main] WalletTransactionsFragment - STARTUP submitData called on thread=main at 1789798239743
06:10:39 [DefaultDispatcher-worker-8] CutoverUiDataService - cutover UI display sync: 1 SDK records → 1 inserts, 0 status updates
06:10:39 [main] WalletTransactionsFragment - STARTUP submitData called on thread=main at 1789798239753
06:10:46 [DefaultDispatcher-worker-8] L1ShadowSyncService - L1 engine tx event: Detected(txidHex=07868718cd789ae48021be53f7e6e44d8e38e120a313bbd79efea2aa92ff924a, netAmountDuffs=-490, feeDuffs=null, contextCode=1, directionCode=2)
06:10:46 [DefaultDispatcher-worker-8] L1ShadowSyncService - L1 engine tx event: Detected(txidHex=317cc2c8aaf5fb2cc3a0eddb5c1aaacbe9ed1acab0b481694eaeceeb484948ff, netAmountDuffs=-490, feeDuffs=null, contextCode=1, directionCode=2)
06:10:46 [DefaultDispatcher-worker-16] CutoverUiDataService - engine detected tx 07868718cd789ae48021be53f7e6e44d8e38e120a313bbd79efea2aa92ff924a pre-block (context=1, net=-490 duffs) — syncing display row now
06:10:46 [DefaultDispatcher-worker-8] L1ShadowSyncService - L1 engine tx event: Detected(txidHex=640c172f2743bfdffa11d7b3b369b88da46ca81dbacab1a05c772290d1fd30e9, netAmountDuffs=-490, feeDuffs=null, contextCode=0, directionCode=2)
06:10:46 [DefaultDispatcher-worker-8] L1ShadowSyncService - L1 engine tx event: Detected(txidHex=02233666008a15beda6d79a5887b5d5fab7a4a49ff5c907e43d67e309b1a22a7, netAmountDuffs=-490, feeDuffs=null, contextCode=1, directionCode=2)
06:10:46 [DefaultDispatcher-worker-8] L1ShadowSyncService - L1 engine tx event: Detected(txidHex=60c36d191b569810d234b8eef8eeb4508db49555668cb5cc85471d5918629416, netAmountDuffs=-570, feeDuffs=null, contextCode=1, directionCode=2)
06:10:46 [DefaultDispatcher-worker-8] L1ShadowSyncService - L1 engine tx event: Detected(txidHex=ba8083e28d33fd7deea735d3bfe3f45d4f9dc7767bb97926ef90a73c07c902ed, netAmountDuffs=-680, feeDuffs=null, contextCode=1, directionCode=2)
06:10:46 [DefaultDispatcher-worker-1] CutoverUiDataService - SDK balance published: 98770950 duffs (was 98775910) | l1Synced=true rescanArmedHold=true dashPayBackfill(armed=false,replaying=false) deferredContactBuilds=0 (unchangedReads=3) persistedAsLastKnown=false lastKnown=0
06:10:46 [DefaultDispatcher-worker-8] L1ShadowSyncService - L1 engine tx event: Detected(txidHex=303dc46b5fbf26091914e74d56a2f80008b6f127aff50f861acf20030b2b12fa, netAmountDuffs=-1070, feeDuffs=null, contextCode=1, directionCode=2)
06:10:46 [DefaultDispatcher-worker-8] L1ShadowSyncService - L1 engine tx event: Detected(txidHex=0413ccf50d63ae5739b2acee601bf3ef0df5611ad2c44102e289830f0001fe6c, netAmountDuffs=-680, feeDuffs=null, contextCode=0, directionCode=2)
06:10:46 [DefaultDispatcher-worker-8] L1ShadowSyncService - L1 engine tx event: Detected(txidHex=a03280b5098874d67eb54c8da59f5541b643d6afe71b3ee128ab0fcc96cbd55d, netAmountDuffs=-1070, feeDuffs=null, contextCode=1, directionCode=2)
06:10:46 [DefaultDispatcher-worker-8] L1ShadowSyncService - L1 engine tx event: Detected(txidHex=40a026fd2029250d631284205c60a4aed8a8adb6d20ce9f4ef3703916fa37565, netAmountDuffs=-1220, feeDuffs=null, contextCode=1, directionCode=2)
06:10:46 [DefaultDispatcher-worker-8] L1ShadowSyncService - L1 engine tx event: Detected(txidHex=a3abc04d8853b1b57180526350a577227702a49545bd4d207122c380bcaf6899, netAmountDuffs=-910, feeDuffs=null, contextCode=1, directionCode=2)
06:10:46 [DefaultDispatcher-worker-8] L1ShadowSyncService - L1 engine tx event: InstantLocked(txidHex=0413ccf50d63ae5739b2acee601bf3ef0df5611ad2c44102e289830f0001fe6c)
06:10:46 [DefaultDispatcher-worker-8] L1ShadowSyncService - L1 engine tx event: Detected(txidHex=55cfee0aaaca840dfc1fc39a8ab9d149fb802263afe66e05cd3c51a43528bf83, netAmountDuffs=-1140, feeDuffs=null, contextCode=1, directionCode=2)
06:10:46 [DefaultDispatcher-worker-1] CutoverUiDataService - SDK balance published: 98766610 duffs (was 98770950) | l1Synced=true rescanArmedHold=true dashPayBackfill(armed=false,replaying=false) deferredContactBuilds=0 (unchangedReads=3) persistedAsLastKnown=false lastKnown=0
06:10:46 [DefaultDispatcher-worker-16] L1ShadowSyncService - L1 engine tx event: InstantLocked(txidHex=640c172f2743bfdffa11d7b3b369b88da46ca81dbacab1a05c772290d1fd30e9)
06:10:46 [DefaultDispatcher-worker-5] CutoverUiDataService - cutover UI display sync: 1 SDK records → 1 inserts, 0 status updates
06:10:46 [DefaultDispatcher-worker-5] CutoverUiDataService - engine detected tx 317cc2c8aaf5fb2cc3a0eddb5c1aaacbe9ed1acab0b481694eaeceeb484948ff pre-block (context=1, net=-490 duffs) — syncing display row now
06:10:46 [main] WalletTransactionsFragment - STARTUP submitData called on thread=main at 1789798246666
06:10:46 [DefaultDispatcher-worker-6] CutoverUiDataService - cutover UI display sync: 1 SDK records → 1 inserts, 0 status updates
06:10:46 [DefaultDispatcher-worker-6] CutoverUiDataService - engine detected tx 640c172f2743bfdffa11d7b3b369b88da46ca81dbacab1a05c772290d1fd30e9 pre-block (context=0, net=-490 duffs) — syncing display row now
06:10:46 [main] WalletTransactionsFragment - STARTUP submitData called on thread=main at 1789798246673
06:10:46 [main] WalletTransactionsFragment - STARTUP submitData called on thread=main at 1789798246674
06:10:46 [DefaultDispatcher-worker-1] CutoverUiDataService - cutover UI display sync: 1 SDK records → 1 inserts, 0 status updates
06:10:46 [DefaultDispatcher-worker-1] CutoverUiDataService - engine detected tx 02233666008a15beda6d79a5887b5d5fab7a4a49ff5c907e43d67e309b1a22a7 pre-block (context=1, net=-490 duffs) — syncing display row now
06:10:46 [main] WalletTransactionsFragment - STARTUP submitData called on thread=main at 1789798246692
06:10:46 [DefaultDispatcher-worker-11] CutoverUiDataService - cutover UI display sync: 1 SDK records → 1 inserts, 0 status updates
06:10:46 [DefaultDispatcher-worker-11] CutoverUiDataService - engine detected tx 60c36d191b569810d234b8eef8eeb4508db49555668cb5cc85471d5918629416 pre-block (context=1, net=-570 duffs) — syncing display row now
06:10:46 [main] WalletTransactionsFragment - STARTUP submitData called on thread=main at 1789798246702
06:10:46 [DefaultDispatcher-worker-8] CutoverUiDataService - cutover UI display sync: 1 SDK records → 1 inserts, 0 status updates
06:10:46 [DefaultDispatcher-worker-8] CutoverUiDataService - engine detected tx ba8083e28d33fd7deea735d3bfe3f45d4f9dc7767bb97926ef90a73c07c902ed pre-block (context=1, net=-680 duffs) — syncing display row now
06:10:46 [DefaultDispatcher-worker-10] CutoverUiDataService - cutover UI display sync: 1 SDK records → 1 inserts, 0 status updates
06:10:46 [DefaultDispatcher-worker-10] CutoverUiDataService - engine detected tx 303dc46b5fbf26091914e74d56a2f80008b6f127aff50f861acf20030b2b12fa pre-block (context=1, net=-1070 duffs) — syncing display row now
06:10:46 [DefaultDispatcher-worker-10] CutoverUiDataService - cutover UI display sync: 1 SDK records → 1 inserts, 0 status updates
06:10:46 [DefaultDispatcher-worker-10] CutoverUiDataService - engine detected tx 0413ccf50d63ae5739b2acee601bf3ef0df5611ad2c44102e289830f0001fe6c pre-block (context=0, net=-680 duffs) — syncing display row now
06:10:46 [main] WalletTransactionsFragment - STARTUP submitData called on thread=main at 1789798246741
06:10:46 [main] WalletTransactionsFragment - STARTUP submitData called on thread=main at 1789798246741
06:10:46 [main] WalletTransactionsFragment - STARTUP submitData called on thread=main at 1789798246741
06:10:46 [DefaultDispatcher-worker-2] CutoverUiDataService - cutover UI display sync: 1 SDK records → 1 inserts, 0 status updates
06:10:46 [DefaultDispatcher-worker-2] CutoverUiDataService - engine detected tx a03280b5098874d67eb54c8da59f5541b643d6afe71b3ee128ab0fcc96cbd55d pre-block (context=1, net=-1070 duffs) — syncing display row now
06:10:46 [DefaultDispatcher-worker-2] CutoverUiDataService - cutover UI display sync: 1 SDK records → 1 inserts, 0 status updates
06:10:46 [DefaultDispatcher-worker-2] CutoverUiDataService - engine detected tx 40a026fd2029250d631284205c60a4aed8a8adb6d20ce9f4ef3703916fa37565 pre-block (context=1, net=-1220 duffs) — syncing display row now
06:10:46 [DefaultDispatcher-worker-2] CutoverUiDataService - cutover UI display sync: 1 SDK records → 1 inserts, 0 status updates
06:10:46 [DefaultDispatcher-worker-2] CutoverUiDataService - engine detected tx a3abc04d8853b1b57180526350a577227702a49545bd4d207122c380bcaf6899 pre-block (context=1, net=-910 duffs) — syncing display row now
06:10:46 [main] WalletTransactionsFragment - STARTUP submitData called on thread=main at 1789798246797
06:10:46 [main] WalletTransactionsFragment - STARTUP submitData called on thread=main at 1789798246797
06:10:46 [main] WalletTransactionsFragment - STARTUP submitData called on thread=main at 1789798246797
06:10:46 [DefaultDispatcher-worker-2] CutoverUiDataService - cutover UI display sync: 1 SDK records → 1 inserts, 0 status updates
06:10:46 [DefaultDispatcher-worker-2] CutoverUiDataService - engine detected tx 55cfee0aaaca840dfc1fc39a8ab9d149fb802263afe66e05cd3c51a43528bf83 pre-block (context=1, net=-1140 duffs) — syncing display row now
06:10:46 [DefaultDispatcher-worker-2] CutoverUiDataService - cutover UI display sync: 1 SDK records → 1 inserts, 0 status updates
06:10:46 [main] WalletTransactionsFragment - STARTUP submitData called on thread=main at 1789798246908
06:10:46 [main] WalletTransactionsFragment - STARTUP submitData called on thread=main at 1789798246908
06:10:49 [native-log-bridge] DashSdkNative - 09-19 01:10:20.345  4514  5639 I DashSDK : platform_wallet::changeset::core_bridge: wallet-event batch: folded=1 wallets=1 synced_height_persisted=None synced_height_frozen=None synced_height_rejected=None faulted=0
06:10:49 [native-log-bridge] DashSdkNative - 09-19 01:10:20.381  4514  5640 I DashSDK : platform_wallet::changeset::core_bridge: wallet-event batch: folded=1 wallets=1 synced_height_persisted=None synced_height_frozen=None synced_height_rejected=None faulted=0
06:10:49 [native-log-bridge] DashSdkNative - 09-19 01:10:20.606  4514  5639 I DashSDK : platform_wallet::changeset::core_bridge: wallet-event batch: folded=4 wallets=1 synced_height_persisted=None synced_height_frozen=None synced_height_rejected=None faulted=0
06:10:49 [native-log-bridge] DashSdkNative - 09-19 01:10:21.009  4514  5640 I DashSDK : platform_wallet::changeset::core_bridge: wallet-event batch: folded=1 wallets=1 synced_height_persisted=None synced_height_frozen=None synced_height_rejected=None faulted=0
06:10:49 [native-log-bridge] DashSdkNative - 09-19 01:10:21.013  4514  5639 I DashSDK : platform_wallet::changeset::core_bridge: wallet-event batch: folded=2 wallets=1 synced_height_persisted=None synced_height_frozen=None synced_height_rejected=None faulted=0
06:10:49 [native-log-bridge] DashSdkNative - 09-19 01:10:21.318  4514  5639 I DashSDK : platform_wallet::changeset::core_bridge: wallet-event batch: folded=1 wallets=1 synced_height_persisted=None synced_height_frozen=None synced_height_rejected=None faulted=0
06:10:49 [native-log-bridge] DashSdkNative - 09-19 01:10:22.639  4514  5638 I DashSDK : platform_wallet::changeset::core_bridge: wallet-event batch: folded=2 wallets=1 synced_height_persisted=None synced_height_frozen=None synced_height_rejected=None faulted=0
06:10:49 [native-log-bridge] DashSdkNative - 09-19 01:10:23.985  4514  5637 I DashSDK : platform_wallet::changeset::core_bridge: wallet-event batch: folded=3 wallets=1 synced_height_persisted=None synced_height_frozen=None synced_height_rejected=None faulted=0
06:10:49 [native-log-bridge] DashSdkNative - 09-19 01:10:24.692  4514  5638 I DashSDK : platform_wallet::changeset::core_bridge: wallet-event batch: folded=1 wallets=1 synced_height_persisted=None synced_height_frozen=None synced_height_rejected=None faulted=0
06:10:49 [native-log-bridge] DashSdkNative - 09-19 01:10:24.696  4514  5637 I DashSDK : platform_wallet::changeset::core_bridge: wallet-event batch: folded=1 wallets=1 synced_height_persisted=None synced_height_frozen=None synced_height_rejected=None faulted=0
06:10:49 [native-log-bridge] DashSdkNative - 09-19 01:10:26.203  4514  5639 I DashSDK : platform_wallet::changeset::core_bridge: wallet-event batch: folded=4 wallets=1 synced_height_persisted=None synced_height_frozen=None synced_height_rejected=None faulted=0
06:10:49 [native-log-bridge] DashSdkNative - 09-19 01:10:26.243  4514  5638 I DashSDK : platform_wallet::changeset::core_bridge: wallet-event batch: folded=1 wallets=1 synced_height_persisted=None synced_height_frozen=None synced_height_rejected=None faulted=0
06:10:49 [native-log-bridge] DashSdkNative - 09-19 01:10:26.292  4514  5638 I DashSDK : platform_wallet::changeset::core_bridge: wallet-event batch: folded=1 wallets=1 synced_height_persisted=None synced_height_frozen=None synced_height_rejected=None faulted=0
06:10:49 [native-log-bridge] DashSdkNative - 09-19 01:10:26.460  4514  5639 I DashSDK : platform_wallet::changeset::core_bridge: wallet-event batch: folded=1 wallets=1 synced_height_persisted=None synced_height_frozen=None synced_height_rejected=None faulted=0
06:10:49 [native-log-bridge] DashSdkNative - 09-19 01:10:28.589  4514  5640 I DashSDK : platform_wallet::changeset::core_bridge: wallet-event batch: folded=1 wallets=1 synced_height_persisted=None synced_height_frozen=None synced_height_rejected=None faulted=0
06:10:49 [native-log-bridge] DashSdkNative - 09-19 01:10:29.142  4514  5639 I DashSDK : platform_wallet::changeset::core_bridge: wallet-event batch: folded=1 wallets=1 synced_height_persisted=None synced_height_frozen=None synced_height_rejected=None faulted=0
06:10:49 [native-log-bridge] DashSdkNative - 09-19 01:10:30.037  4514  5640 I DashSDK : platform_wallet::changeset::core_bridge: wallet-event batch: folded=2 wallets=1 synced_height_persisted=None synced_height_frozen=None synced_height_rejected=None faulted=0
06:10:49 [native-log-bridge] DashSdkNative - 09-19 01:10:30.067  4514  5637 I DashSDK : platform_wallet::changeset::core_bridge: wallet-event batch: folded=3 wallets=1 synced_height_persisted=None synced_height_frozen=None synced_height_rejected=None faulted=0
06:10:49 [native-log-bridge] DashSdkNative - 09-19 01:10:31.808  4514  5638 I DashSDK : platform_wallet::changeset::core_bridge: wallet-event batch: folded=5 wallets=1 synced_height_persisted=None synced_height_frozen=None synced_height_rejected=None faulted=0
06:10:49 [native-log-bridge] DashSdkNative - 09-19 01:10:31.906  4514  5640 I DashSDK : platform_wallet::changeset::core_bridge: wallet-event batch: folded=1 wallets=1 synced_height_persisted=None synced_height_frozen=None synced_height_rejected=None faulted=0
06:10:49 [native-log-bridge] DashSdkNative - 09-19 01:10:32.599  4514  5640 I DashSDK : platform_wallet::changeset::core_bridge: wallet-event batch: folded=1 wallets=1 synced_height_persisted=None synced_height_frozen=None synced_height_rejected=None faulted=0
06:10:49 [native-log-bridge] DashSdkNative - 09-19 01:10:36.122  4514  5639 I DashSDK : platform_wallet::changeset::core_bridge: wallet-event batch: folded=4 wallets=1 synced_height_persisted=None synced_height_frozen=None synced_height_rejected=None faulted=0
06:10:49 [native-log-bridge] DashSdkNative - 09-19 01:10:36.545  4514  5637 I DashSDK : platform_wallet::changeset::core_bridge: wallet-event batch: folded=1 wallets=1 synced_height_persisted=None synced_height_frozen=None synced_height_rejected=None faulted=0
06:10:49 [native-log-bridge] DashSdkNative - 09-19 01:10:36.553  4514  5637 I DashSDK : platform_wallet::changeset::core_bridge: wallet-event batch: folded=2 wallets=1 synced_height_persisted=None synced_height_frozen=None synced_height_rejected=None faulted=0
06:10:49 [native-log-bridge] DashSdkNative - 09-19 01:10:36.893  4514  5639 I DashSDK : platform_wallet::changeset::core_bridge: wallet-event batch: folded=4 wallets=1 synced_height_persisted=None synced_height_frozen=None synced_height_rejected=None faulted=0
06:10:49 [native-log-bridge] DashSdkNative - 09-19 01:10:37.112  4514  5638 I DashSDK : platform_wallet::changeset::core_bridge: wallet-event batch: folded=1 wallets=1 synced_height_persisted=None synced_height_frozen=None synced_height_rejected=None faulted=0
06:10:49 [native-log-bridge] DashSdkNative - 09-19 01:10:37.132  4514  5639 I DashSDK : platform_wallet::changeset::core_bridge: wallet-event batch: folded=2 wallets=1 synced_height_persisted=None synced_height_frozen=None synced_height_rejected=None faulted=0
06:10:49 [native-log-bridge] DashSdkNative - 09-19 01:10:37.204  4514  5639 I DashSDK : platform_wallet::changeset::core_bridge: wallet-event batch: folded=1 wallets=1 synced_height_persisted=None synced_height_frozen=None synced_height_rejected=None faulted=0
06:10:49 [native-log-bridge] DashSdkNative - 09-19 01:10:37.595  4514  5639 I DashSDK : platform_wallet::changeset::core_bridge: wallet-event batch: folded=1 wallets=1 synced_height_persisted=None synced_height_frozen=None synced_height_rejected=None faulted=0
06:10:49 [native-log-bridge] DashSdkNative - 09-19 01:10:38.150  4514  5638 I DashSDK : platform_wallet::changeset::core_bridge: wallet-event batch: folded=1 wallets=1 synced_height_persisted=None synced_height_frozen=None synced_height_rejected=None faulted=0
06:10:49 [native-log-bridge] DashSdkNative - 09-19 01:10:38.666  4514  5640 I DashSDK : platform_wallet::changeset::core_bridge: wallet-event batch: folded=1 wallets=1 synced_height_persisted=None synced_height_frozen=None synced_height_rejected=None faulted=0
06:10:49 [native-log-bridge] DashSdkNative - 09-19 01:10:39.071  4514  5638 I DashSDK : platform_wallet::changeset::core_bridge: wallet-event batch: folded=1 wallets=1 synced_height_persisted=None synced_height_frozen=None synced_height_rejected=None faulted=0
06:10:49 [native-log-bridge] DashSdkNative - 09-19 01:10:39.332  4514  5637 I DashSDK : platform_wallet::changeset::core_bridge: wallet-event batch: folded=2 wallets=1 synced_height_persisted=None synced_height_frozen=None synced_height_rejected=None faulted=0
06:10:49 [native-log-bridge] DashSdkNative - 09-19 01:10:39.650  4514  5637 I DashSDK : platform_wallet::changeset::core_bridge: wallet-event batch: folded=1 wallets=1 synced_height_persisted=None synced_height_frozen=None synced_height_rejected=None faulted=0
06:10:49 [native-log-bridge] DashSdkNative - 09-19 01:10:39.727  4514  5640 I DashSDK : platform_wallet::changeset::core_bridge: wallet-event batch: folded=1 wallets=1 synced_height_persisted=None synced_height_frozen=None synced_height_rejected=None faulted=0
06:10:49 [native-log-bridge] DashSdkNative - 09-19 01:10:46.270  4514  5637 I DashSDK : platform_wallet::changeset::core_bridge: wallet-event batch: folded=13 wallets=1 synced_height_persisted=None synced_height_frozen=None synced_height_rejected=None faulted=0
06:10:49 [native-log-bridge] DashSdkNative - 09-19 01:10:46.312  4514  5638 I DashSDK : platform_wallet::changeset::core_bridge: wallet-event batch: folded=1 wallets=1 synced_height_persisted=None synced_height_frozen=None synced_height_rejected=None faulted=0
06:10:49 [DefaultDispatcher-worker-17] L1ShadowSyncService - L1Shadow phase=MASTERNODES 100.0% headers 1556575/1556575 filters 1556575/1556575 wallet 1556575
06:10:52 [DefaultDispatcher-worker-4] L1ShadowSyncService - L1 engine tx event: Detected(txidHex=56ae2432e24d26a1d5093faf7310b3a8891721eb3d381fd2144dc1811f0b301b, netAmountDuffs=-680, feeDuffs=null, contextCode=1, directionCode=2)
06:10:52 [DefaultDispatcher-worker-10] CutoverUiDataService - engine detected tx 56ae2432e24d26a1d5093faf7310b3a8891721eb3d381fd2144dc1811f0b301b pre-block (context=1, net=-680 duffs) — syncing display row now
06:10:52 [DefaultDispatcher-worker-6] CutoverUiDataService - SDK balance published: 98758250 duffs (was 98766610) | l1Synced=true rescanArmedHold=true dashPayBackfill(armed=false,replaying=false) deferredContactBuilds=0 (unchangedReads=3) persistedAsLastKnown=false lastKnown=0
06:10:52 [DefaultDispatcher-worker-4] L1ShadowSyncService - L1 engine tx event: Detected(txidHex=26faca44032a8a06cafba9791e18ba8b9830113d4b0a5f3bb82811c1ebd0a3a8, netAmountDuffs=-680, feeDuffs=null, contextCode=1, directionCode=2)
06:10:52 [DefaultDispatcher-worker-4] L1ShadowSyncService - L1 engine tx event: Detected(txidHex=3644ab0294d68afef04b3b6c13caec4f50b91be59a147e0bd7c5d5e0752fc3bc, netAmountDuffs=-920, feeDuffs=null, contextCode=1, directionCode=2)
06:10:52 [DefaultDispatcher-worker-4] L1ShadowSyncService - L1 engine tx event: Detected(txidHex=2b95df880c56033e9b36101eaf59a1da2dd6b066598b71347ec309d004ea4c4b, netAmountDuffs=-1100, feeDuffs=null, contextCode=1, directionCode=2)
06:10:52 [DefaultDispatcher-worker-4] L1ShadowSyncService - L1 engine tx event: Detected(txidHex=934bc7abcb2c19a6271c7bdc6129a4afc5b0eeae923869a9bfa9241fd949f315, netAmountDuffs=-680, feeDuffs=null, contextCode=1, directionCode=2)
06:10:52 [DefaultDispatcher-worker-4] L1ShadowSyncService - L1 engine tx event: Detected(txidHex=abc47fd01e18f505a14d5359f10c6c628cb58ff18a76c4c3245e6e83d9763ab9, netAmountDuffs=-840, feeDuffs=null, contextCode=1, directionCode=2)
06:10:52 [DefaultDispatcher-worker-4] L1ShadowSyncService - L1 engine tx event: Detected(txidHex=e2b150d053d1b1b93fe2b697be0959528ecbf9be1cfc4b47ea875f52fe264bb1, netAmountDuffs=-910, feeDuffs=null, contextCode=0, directionCode=2)
06:10:52 [DefaultDispatcher-worker-4] L1ShadowSyncService - L1 engine tx event: Detected(txidHex=462fc1af7781784a243a0f924ec262829f2664b9ea3eb777cae17163432a1f69, netAmountDuffs=-1070, feeDuffs=null, contextCode=1, directionCode=2)
06:10:52 [DefaultDispatcher-worker-4] L1ShadowSyncService - L1 engine tx event: Detected(txidHex=b60603475f34e3b6a75f0f12d5e4392a68789bf00a234ae06c55b2ebd391eb9f, netAmountDuffs=-490, feeDuffs=null, contextCode=1, directionCode=2)
06:10:52 [DefaultDispatcher-worker-4] L1ShadowSyncService - L1 engine tx event: Detected(txidHex=2a9ba379e89371f907783d8c5edd0826e6c631babbe9b80f8bbe2aeee285bba6, netAmountDuffs=-990, feeDuffs=null, contextCode=0, directionCode=2)
06:10:52 [DefaultDispatcher-worker-4] L1ShadowSyncService - L1 engine tx event: Detected(txidHex=7efa17cc07e164ef6cd348c5dbc83fce0edc157b6b795df09d0831c6131efaed, netAmountDuffs=-1220, feeDuffs=null, contextCode=0, directionCode=2)
06:10:52 [DefaultDispatcher-worker-1] CutoverUiDataService - SDK balance published: 98757030 duffs (was 98758250) | l1Synced=true rescanArmedHold=true dashPayBackfill(armed=false,replaying=false) deferredContactBuilds=0 (unchangedReads=3) persistedAsLastKnown=false lastKnown=0
06:10:52 [DefaultDispatcher-worker-1] L1ShadowSyncService - L1 engine tx event: InstantLocked(txidHex=e2b150d053d1b1b93fe2b697be0959528ecbf9be1cfc4b47ea875f52fe264bb1)
06:10:52 [DefaultDispatcher-worker-1] L1ShadowSyncService - L1 engine tx event: InstantLocked(txidHex=7efa17cc07e164ef6cd348c5dbc83fce0edc157b6b795df09d0831c6131efaed)
06:10:53 [DefaultDispatcher-worker-8] CutoverUiDataService - cutover UI display sync: 1 SDK records → 1 inserts, 0 status updates
06:10:53 [DefaultDispatcher-worker-8] CutoverUiDataService - engine detected tx 26faca44032a8a06cafba9791e18ba8b9830113d4b0a5f3bb82811c1ebd0a3a8 pre-block (context=1, net=-680 duffs) — syncing display row now
06:10:53 [main] WalletTransactionsFragment - STARTUP submitData called on thread=main at 1789798253361
06:10:53 [DefaultDispatcher-worker-6] CutoverUiDataService - cutover UI display sync: 1 SDK records → 1 inserts, 0 status updates
06:10:53 [DefaultDispatcher-worker-6] CutoverUiDataService - engine detected tx 3644ab0294d68afef04b3b6c13caec4f50b91be59a147e0bd7c5d5e0752fc3bc pre-block (context=1, net=-920 duffs) — syncing display row now
06:10:53 [main] WalletTransactionsFragment - STARTUP submitData called on thread=main at 1789798253371
06:10:53 [main] WalletTransactionsFragment - STARTUP submitData called on thread=main at 1789798253371
06:10:53 [DefaultDispatcher-worker-8] CutoverUiDataService - cutover UI display sync: 1 SDK records → 1 inserts, 0 status updates
06:10:53 [DefaultDispatcher-worker-8] CutoverUiDataService - engine detected tx 2b95df880c56033e9b36101eaf59a1da2dd6b066598b71347ec309d004ea4c4b pre-block (context=1, net=-1100 duffs) — syncing display row now
06:10:53 [main] WalletTransactionsFragment - STARTUP submitData called on thread=main at 1789798253390
06:10:53 [DefaultDispatcher-worker-15] CutoverUiDataService - cutover UI display sync: 1 SDK records → 1 inserts, 0 status updates
06:10:53 [DefaultDispatcher-worker-15] CutoverUiDataService - engine detected tx 934bc7abcb2c19a6271c7bdc6129a4afc5b0eeae923869a9bfa9241fd949f315 pre-block (context=1, net=-680 duffs) — syncing display row now
06:10:53 [main] WalletTransactionsFragment - STARTUP submitData called on thread=main at 1789798253398
06:10:53 [main] WalletTransactionsFragment - STARTUP submitData called on thread=main at 1789798253398
06:10:53 [DefaultDispatcher-worker-5] CutoverUiDataService - cutover UI display sync: 1 SDK records → 1 inserts, 0 status updates
06:10:53 [DefaultDispatcher-worker-5] CutoverUiDataService - engine detected tx abc47fd01e18f505a14d5359f10c6c628cb58ff18a76c4c3245e6e83d9763ab9 pre-block (context=1, net=-840 duffs) — syncing display row now
06:10:53 [main] WalletTransactionsFragment - STARTUP submitData called on thread=main at 1789798253415
06:10:53 [main] WalletTransactionsFragment - STARTUP submitData called on thread=main at 1789798253415
06:10:53 [DefaultDispatcher-worker-6] CutoverUiDataService - cutover UI display sync: 1 SDK records → 1 inserts, 0 status updates
06:10:53 [DefaultDispatcher-worker-6] CutoverUiDataService - engine detected tx e2b150d053d1b1b93fe2b697be0959528ecbf9be1cfc4b47ea875f52fe264bb1 pre-block (context=0, net=-910 duffs) — syncing display row now
06:10:53 [main] WalletTransactionsFragment - STARTUP submitData called on thread=main at 1789798253432
06:10:53 [DefaultDispatcher-worker-3] CutoverUiDataService - cutover UI display sync: 1 SDK records → 1 inserts, 0 status updates
06:10:53 [DefaultDispatcher-worker-3] CutoverUiDataService - engine detected tx 462fc1af7781784a243a0f924ec262829f2664b9ea3eb777cae17163432a1f69 pre-block (context=1, net=-1070 duffs) — syncing display row now
06:10:53 [main] WalletTransactionsFragment - STARTUP submitData called on thread=main at 1789798253456
06:10:53 [DefaultDispatcher-worker-17] CutoverUiDataService - cutover UI display sync: 1 SDK records → 1 inserts, 0 status updates
06:10:53 [DefaultDispatcher-worker-17] CutoverUiDataService - engine detected tx b60603475f34e3b6a75f0f12d5e4392a68789bf00a234ae06c55b2ebd391eb9f pre-block (context=1, net=-490 duffs) — syncing display row now
06:10:53 [main] WalletTransactionsFragment - STARTUP submitData called on thread=main at 1789798253466
06:10:53 [DefaultDispatcher-worker-5] CutoverUiDataService - cutover UI display sync: 1 SDK records → 1 inserts, 0 status updates
06:10:53 [main] WalletTransactionsFragment - STARTUP submitData called on thread=main at 1789798253477
06:10:53 [DefaultDispatcher-worker-5] CutoverUiDataService - engine detected tx 2a9ba379e89371f907783d8c5edd0826e6c631babbe9b80f8bbe2aeee285bba6 pre-block (context=0, net=-990 duffs) — syncing display row now
06:10:53 [DefaultDispatcher-worker-10] CutoverUiDataService - cutover UI display sync: 1 SDK records → 1 inserts, 0 status updates
06:10:53 [DefaultDispatcher-worker-10] CutoverUiDataService - engine detected tx 7efa17cc07e164ef6cd348c5dbc83fce0edc157b6b795df09d0831c6131efaed pre-block (context=0, net=-1220 duffs) — syncing display row now
06:10:53 [main] WalletTransactionsFragment - STARTUP submitData called on thread=main at 1789798253497
06:10:53 [DefaultDispatcher-worker-8] CutoverUiDataService - cutover UI display sync: 1 SDK records → 1 inserts, 0 status updates
06:10:53 [main] WalletTransactionsFragment - STARTUP submitData called on thread=main at 1789798253529
06:10:53 [DefaultDispatcher-worker-2] L1ShadowSyncService - L1Shadow phase=SYNCED 100.0% headers 1556575/1556575 filters 1556575/1556575 wallet 1556575
06:10:54 [DefaultDispatcher-worker-14] L1ShadowSyncService - L1 engine tx event: Detected(txidHex=205b6ecfafa9be7f499bd7cd15efd56814594827c7563a1130da4da728c89a35, netAmountDuffs=-490, feeDuffs=null, contextCode=0, directionCode=2)
06:10:54 [DefaultDispatcher-worker-14] L1ShadowSyncService - L1 engine tx event: Detected(txidHex=5b8615714bff32a835cb86398798c7a60daaa22c6546570d8cfea1189a7effd9, netAmountDuffs=-490, feeDuffs=null, contextCode=0, directionCode=2)
06:10:54 [DefaultDispatcher-worker-16] CutoverUiDataService - engine detected tx 205b6ecfafa9be7f499bd7cd15efd56814594827c7563a1130da4da728c89a35 pre-block (context=0, net=-490 duffs) — syncing display row now
06:10:54 [DefaultDispatcher-worker-14] L1ShadowSyncService - L1 engine tx event: Detected(txidHex=dee6e4e94d197bb3cfb56ffb2aa367f92f2c49de9e190d3a524233ad363a674a, netAmountDuffs=-1100, feeDuffs=null, contextCode=0, directionCode=2)
06:10:54 [DefaultDispatcher-worker-17] CutoverUiDataService - SDK balance published: 98754950 duffs (was 98757030) | l1Synced=true rescanArmedHold=true dashPayBackfill(armed=false,replaying=false) deferredContactBuilds=0 (unchangedReads=3) persistedAsLastKnown=false lastKnown=0
06:10:54 [DefaultDispatcher-worker-5] L1ShadowSyncService - L1 engine tx event: InstantLocked(txidHex=5b8615714bff32a835cb86398798c7a60daaa22c6546570d8cfea1189a7effd9)
06:10:54 [DefaultDispatcher-worker-16] L1ShadowSyncService - L1 engine tx event: InstantLocked(txidHex=dee6e4e94d197bb3cfb56ffb2aa367f92f2c49de9e190d3a524233ad363a674a)
06:10:54 [DefaultDispatcher-worker-9] CutoverUiDataService - cutover UI display sync: 1 SDK records → 1 inserts, 0 status updates
06:10:54 [DefaultDispatcher-worker-9] CutoverUiDataService - engine detected tx 5b8615714bff32a835cb86398798c7a60daaa22c6546570d8cfea1189a7effd9 pre-block (context=0, net=-490 duffs) — syncing display row now
06:10:54 [main] WalletTransactionsFragment - STARTUP submitData called on thread=main at 1789798254652
06:10:54 [DefaultDispatcher-worker-7] CutoverUiDataService - cutover UI display sync: 1 SDK records → 1 inserts, 0 status updates
06:10:54 [DefaultDispatcher-worker-7] CutoverUiDataService - engine detected tx dee6e4e94d197bb3cfb56ffb2aa367f92f2c49de9e190d3a524233ad363a674a pre-block (context=0, net=-1100 duffs) — syncing display row now
06:10:54 [main] WalletTransactionsFragment - STARTUP submitData called on thread=main at 1789798254661
06:10:54 [DefaultDispatcher-worker-6] CutoverUiDataService - cutover UI display sync: 1 SDK records → 1 inserts, 0 status updates
06:10:54 [main] WalletTransactionsFragment - STARTUP submitData called on thread=main at 1789798254672
06:10:54 [main] WalletTransactionsFragment - STARTUP submitData called on thread=main at 1789798254672
06:10:54 [DefaultDispatcher-worker-8] L1ShadowSyncService - L1 engine tx event: InstantLocked(txidHex=205b6ecfafa9be7f499bd7cd15efd56814594827c7563a1130da4da728c89a35)
06:10:54 [DefaultDispatcher-worker-12] L1ShadowSyncService - L1 engine tx event: InstantLocked(txidHex=2a9ba379e89371f907783d8c5edd0826e6c631babbe9b80f8bbe2aeee285bba6)
06:10:56 [main] StartupBreadcrumbs - STARTUP breadcrumb: 13 LAUNCH_SURVIVED +337573ms
06:10:57 [DefaultDispatcher-worker-9] L1ShadowSyncService - L1 engine chainlock height 1556575 -> 1556576
06:10:57 [DefaultDispatcher-worker-6] MainViewModel - blockchain state update: mnlist=1556575; chain=1556575; wallet=-1
06:10:57 [DefaultDispatcher-worker-4] MainViewModel - blockchain state update: mnlist=1556576; chain=1556576; wallet=-1
06:10:58 [DefaultDispatcher-worker-15] L1ShadowSyncService - L1Shadow phase=SYNCED 100.0% headers 1556576/1556576 filters 1556576/1556576 wallet 1556576
06:10:58 [DefaultDispatcher-worker-4] MainViewModel - blockchain state update: mnlist=1556576; chain=1556576; wallet=-1
06:11:00 [main] BlockchainServiceImpl - MEM pss=420MB nativeHeap=270/385MB jvm=47/576MB
06:11:00 [main] BlockchainServiceImpl - History of transactions/blocks/headers/mnlistdiff (sdk): 142/1/1/1, 131/795576/0/0, 0/630000/2000/1556575
06:11:02 [DefaultDispatcher-worker-5] BlockchainServiceImpl - network capabilities changed: 100, hasInternet: true, validated: true
06:11:02 [DefaultDispatcher-worker-5] BlockchainServiceImpl - acquiring check() mutex
06:11:02 [DefaultDispatcher-worker-5] BlockchainServiceImpl - check()
06:11:02 [DefaultDispatcher-worker-5] BlockchainServiceImpl - cutover committed — holding the dashj L1 engine; SDK owns L1 this launch
06:11:02 [DefaultDispatcher-worker-5] BlockchainServiceImpl - releasing check() mutex
06:11:08 [DefaultDispatcher-worker-9] BlockchainServiceImpl - network capabilities changed: 100, hasInternet: true, validated: true
06:11:08 [DefaultDispatcher-worker-9] BlockchainServiceImpl - acquiring check() mutex
06:11:08 [DefaultDispatcher-worker-9] BlockchainServiceImpl - check()
06:11:08 [DefaultDispatcher-worker-9] BlockchainServiceImpl - cutover committed — holding the dashj L1 engine; SDK owns L1 this launch
06:11:08 [DefaultDispatcher-worker-9] BlockchainServiceImpl - releasing check() mutex
06:11:19 [native-log-bridge] DashSdkNative - 09-19 01:10:52.971  4514  5639 I DashSDK : platform_wallet::changeset::core_bridge: wallet-event batch: folded=11 wallets=1 synced_height_persisted=None synced_height_frozen=None synced_height_rejected=None faulted=0
06:11:19 [native-log-bridge] DashSdkNative - 09-19 01:10:52.988  4514  5638 I DashSDK : platform_wallet::changeset::core_bridge: wallet-event batch: folded=2 wallets=1 synced_height_persisted=None synced_height_frozen=None synced_height_rejected=None faulted=0
06:11:19 [native-log-bridge] DashSdkNative - 09-19 01:10:54.236  4514  5639 I DashSDK : platform_wallet::changeset::core_bridge: wallet-event batch: folded=3 wallets=1 synced_height_persisted=None synced_height_frozen=None synced_height_rejected=None faulted=0
06:11:19 [native-log-bridge] DashSdkNative - 09-19 01:10:54.559  4514  5637 I DashSDK : platform_wallet::changeset::core_bridge: wallet-event batch: folded=1 wallets=1 synced_height_persisted=None synced_height_frozen=None synced_height_rejected=None faulted=0
06:11:19 [native-log-bridge] DashSdkNative - 09-19 01:10:54.641  4514  5638 I DashSDK : platform_wallet::changeset::core_bridge: wallet-event batch: folded=1 wallets=1 synced_height_persisted=None synced_height_frozen=None synced_height_rejected=None faulted=0
06:11:19 [native-log-bridge] DashSdkNative - 09-19 01:10:54.714  4514  5637 I DashSDK : platform_wallet::changeset::core_bridge: wallet-event batch: folded=1 wallets=1 synced_height_persisted=None synced_height_frozen=None synced_height_rejected=None faulted=0
06:11:19 [native-log-bridge] DashSdkNative - 09-19 01:10:54.949  4514  5639 I DashSDK : platform_wallet::changeset::core_bridge: wallet-event batch: folded=1 wallets=1 synced_height_persisted=None synced_height_frozen=None synced_height_rejected=None faulted=0
06:11:19 [native-log-bridge] DashSdkNative - 09-19 01:10:57.614  4514  5639 I DashSDK : platform_wallet::changeset::core_bridge: wallet-event batch: folded=1 wallets=1 synced_height_persisted=None synced_height_frozen=None synced_height_rejected=None faulted=0
06:11:19 [native-log-bridge] DashSdkNative - 09-19 01:10:58.154  4514  5637 I DashSDK : platform_wallet::changeset::core_bridge: wallet-event batch: folded=2 wallets=1 synced_height_persisted=Some(1556576) synced_height_frozen=None synced_height_rejected=None faulted=0
06:11:22 [main] BiometricHelper - No biometric credentials
06:11:22 [main] LockScreenActivity - fingerprint was disabled
06:11:22 [main] LockScreenActivity - LockState = ENTER_PIN
06:11:38 [DefaultDispatcher-worker-2] BlockchainServiceImpl - network capabilities changed: 100, hasInternet: true, validated: true
06:11:38 [DefaultDispatcher-worker-2] BlockchainServiceImpl - acquiring check() mutex
06:11:38 [DefaultDispatcher-worker-2] BlockchainServiceImpl - check()
06:11:38 [DefaultDispatcher-worker-2] BlockchainServiceImpl - cutover committed — holding the dashj L1 engine; SDK owns L1 this launch
06:11:38 [DefaultDispatcher-worker-2] BlockchainServiceImpl - releasing check() mutex
06:11:39 [DefaultDispatcher-worker-3] BlockchainServiceImpl - network capabilities changed: 101, hasInternet: true, validated: true
06:11:39 [DefaultDispatcher-worker-3] BlockchainServiceImpl - acquiring check() mutex
06:11:39 [DefaultDispatcher-worker-3] BlockchainServiceImpl - check()
06:11:39 [DefaultDispatcher-worker-3] BlockchainServiceImpl - cutover committed — holding the dashj L1 engine; SDK owns L1 this launch
06:11:39 [DefaultDispatcher-worker-3] BlockchainServiceImpl - releasing check() mutex
06:11:39 [DefaultDispatcher-worker-7] BlockchainServiceImpl - network available: 101, hasInternet: true, validated: true, type: Cellular
06:11:39 [DefaultDispatcher-worker-7] BlockchainServiceImpl - acquiring check() mutex
06:11:39 [DefaultDispatcher-worker-7] BlockchainServiceImpl - check()
06:11:39 [DefaultDispatcher-worker-7] BlockchainServiceImpl - cutover committed — holding the dashj L1 engine; SDK owns L1 this launch
06:11:39 [DefaultDispatcher-worker-7] BlockchainServiceImpl - releasing check() mutex
06:11:41 [DefaultDispatcher-worker-15] BlockchainServiceImpl - network capabilities changed: 100, hasInternet: true, validated: true
06:11:41 [DefaultDispatcher-worker-15] BlockchainServiceImpl - acquiring check() mutex
06:11:41 [DefaultDispatcher-worker-15] BlockchainServiceImpl - check()
06:11:41 [DefaultDispatcher-worker-15] BlockchainServiceImpl - cutover committed — holding the dashj L1 engine; SDK owns L1 this launch
06:11:41 [DefaultDispatcher-worker-15] BlockchainServiceImpl - releasing check() mutex
06:11:45 [DefaultDispatcher-worker-13] L1ShadowSyncService - L1 engine chainlock height 1556576 -> 1556577
06:11:45 [DefaultDispatcher-worker-8] MainViewModel - blockchain state update: mnlist=1556576; chain=1556576; wallet=-1
06:11:46 [DefaultDispatcher-worker-1] L1ShadowSyncService - L1Shadow phase=SYNCED 100.0% headers 1556577/1556577 filters 1556577/1556577 wallet 1556577
06:11:46 [DefaultDispatcher-worker-7] MainViewModel - blockchain state update: mnlist=1556577; chain=1556577; wallet=-1
06:11:49 [native-log-bridge] DashSdkNative - 09-19 01:11:45.770  4514  5639 I DashSDK : platform_wallet::changeset::core_bridge: wallet-event batch: folded=1 wallets=1 synced_height_persisted=None synced_height_frozen=None synced_height_rejected=None faulted=0
06:11:49 [native-log-bridge] DashSdkNative - 09-19 01:11:45.945  4514  5640 I DashSDK : platform_wallet::changeset::core_bridge: wallet-event batch: folded=1 wallets=1 synced_height_persisted=None synced_height_frozen=None synced_height_rejected=None faulted=0
06:11:49 [native-log-bridge] DashSdkNative - 09-19 01:11:45.958  4514  5640 I DashSDK : platform_wallet::changeset::core_bridge: wallet-event batch: folded=1 wallets=1 synced_height_persisted=Some(1556577) synced_height_frozen=None synced_height_rejected=None faulted=0
06:12:00 [main] BlockchainServiceImpl - MEM pss=389MB nativeHeap=270/386MB jvm=22/576MB
06:12:00 [main] BlockchainServiceImpl - History of transactions/blocks/headers/mnlistdiff (sdk): 0/1/1/1, 142/1/1/1, 131/795576/0/0, 0/630000/2000/1556575
06:12:07 [DefaultDispatcher-worker-6] Constants - --> GET https://rates.ctx.com/rates?source=ctx
06:12:07 [DefaultDispatcher-worker-6] Constants - <-- 200 https://rates.ctx.com/rates?source=ctx (81ms, unknown-length body)
06:12:07 [DefaultDispatcher-worker-6] ExchangeRatesRepository - exchange rates updated successfully with de.schildbach.wallet.rates.DashRetailClient@adcd44c
06:12:07 [DefaultDispatcher-worker-16] ExchangeRatesRepository - updateTrigger
06:12:20 [DefaultDispatcher-worker-16] BlockchainServiceImpl - network lost: 101, remaining networks: 1
06:12:29 [DefaultDispatcher-worker-15] BlockchainServiceImpl - network capabilities changed: 100, hasInternet: true, validated: true
06:12:29 [DefaultDispatcher-worker-15] BlockchainServiceImpl - acquiring check() mutex
06:12:29 [DefaultDispatcher-worker-15] BlockchainServiceImpl - check()
06:12:29 [DefaultDispatcher-worker-15] BlockchainServiceImpl - cutover committed — holding the dashj L1 engine; SDK owns L1 this launch
06:12:29 [DefaultDispatcher-worker-15] BlockchainServiceImpl - releasing check() mutex
06:12:29 [main] BlockchainServiceImpl - cutover committed and SDK L1 scan synced — triggering identity/contacts discovery
06:12:29 [DefaultDispatcher-worker-3] BlockchainIdentityData - creation: BlockchainIdentityData(NONE, null, null, null, null, null)
06:12:29 [DefaultDispatcher-worker-3] PlatformSynchronizationService - discoverAndRecoverIdentity: checking for existing associated identity
06:12:29 [DefaultDispatcher-worker-3] SecurityGuard - loading security guard [healthy=true] with keys: [keystore_healthy, fallback_pin_wallet_password_key, primary_ui_pin_key, modern_encryption_migration_complete, fallback_mnemonic_wallet_password_key, primary_wallet_password_key, fallback_mnemonic_ui_pin_key]
06:12:29 [DefaultDispatcher-worker-3] ModernEncryptionProvider - Decrypted data for alias: wallet_password_key
06:12:29 [DefaultDispatcher-worker-3] KeyCrypterScrypt - Deriving key took 108.1 ms for N=65536, r=8, p=1.
06:12:29 [DefaultDispatcher-worker-3] DapiClient - getIdentityByFirstPublicKey(e7679c1cbad57327ae85e68d12d12df3549b9bfa)
06:12:30 [DefaultDispatcher-worker-3] PlatformSynchronizationService - discoverAndRecoverIdentity: no existing identity found
06:12:30 [DefaultDispatcher-worker-3] PlatformSynchronizationService - identity-discovery guard released (no identity found) — a later discovery may run again
06:12:30 [DefaultDispatcher-worker-3] BlockchainServiceImpl - post-cutover identity discovery found nothing and the wallet has no identity — re-arming; next attempt no sooner than 120000 ms from now
06:12:30 [DefaultDispatcher-worker-5] PlatformSynchronizationService - TxMetadata settings: saveToNetwork=false frequency=afterTenTransactions saveAfter=9223372036854775807 paymentCategory=false taxCategory=false exchangeRates=false memos=false giftCards=false storedDocuments=0
06:12:32 [DefaultDispatcher-worker-14] BlockchainServiceImpl - network capabilities changed: 100, hasInternet: true, validated: true
06:12:32 [DefaultDispatcher-worker-14] BlockchainServiceImpl - acquiring check() mutex
06:12:32 [DefaultDispatcher-worker-14] BlockchainServiceImpl - check()
06:12:32 [DefaultDispatcher-worker-14] BlockchainServiceImpl - cutover committed — holding the dashj L1 engine; SDK owns L1 this launch
06:12:32 [DefaultDispatcher-worker-14] BlockchainServiceImpl - releasing check() mutex
06:12:39 [main] SecurityGuard - loading security guard [healthy=true] with keys: [keystore_healthy, fallback_pin_wallet_password_key, primary_ui_pin_key, modern_encryption_migration_complete, fallback_mnemonic_wallet_password_key, primary_wallet_password_key, fallback_mnemonic_ui_pin_key]
06:12:39 [main] ModernEncryptionProvider - Decrypted data for alias: ui_pin_key
06:12:39 [main] BiometricHelper - No biometric credentials
06:12:50 [DefaultDispatcher-worker-15] BlockchainServiceImpl - network capabilities changed: 100, hasInternet: true, validated: true
06:12:50 [DefaultDispatcher-worker-15] BlockchainServiceImpl - acquiring check() mutex
06:12:50 [DefaultDispatcher-worker-15] BlockchainServiceImpl - check()
06:12:50 [DefaultDispatcher-worker-15] BlockchainServiceImpl - cutover committed — holding the dashj L1 engine; SDK owns L1 this launch
06:12:50 [DefaultDispatcher-worker-15] BlockchainServiceImpl - releasing check() mutex
06:12:53 [DefaultDispatcher-worker-9] BlockchainServiceImpl - network capabilities changed: 100, hasInternet: true, validated: true
06:12:53 [DefaultDispatcher-worker-9] BlockchainServiceImpl - acquiring check() mutex
06:12:53 [DefaultDispatcher-worker-9] BlockchainServiceImpl - check()
06:12:53 [DefaultDispatcher-worker-9] BlockchainServiceImpl - cutover committed — holding the dashj L1 engine; SDK owns L1 this launch
06:12:53 [DefaultDispatcher-worker-9] BlockchainServiceImpl - releasing check() mutex
06:13:00 [main] BlockchainServiceImpl - MEM pss=393MB nativeHeap=272/386MB jvm=29/576MB
06:13:00 [main] BlockchainServiceImpl - History of transactions/blocks/headers/mnlistdiff (sdk): 0/0/0/0, 0/1/1/1, 142/1/1/1, 131/795576/0/0, 0/630000/2000/1556575
06:13:51 [DefaultDispatcher-worker-4] L1ShadowSyncService - L1Shadow phase=FILTERS 100.0% headers 1556578/1556578 filters 1556577/1556578 wallet 1556577
06:13:51 [DefaultDispatcher-worker-15] MainViewModel - blockchain state update: mnlist=1556577; chain=1556578; wallet=-1
06:13:52 [DefaultDispatcher-worker-5] L1ShadowSyncService - L1Shadow phase=SYNCED 100.0% headers 1556578/1556578 filters 1556578/1556578 wallet 1556578
06:13:52 [DefaultDispatcher-worker-11] MainViewModel - blockchain state update: mnlist=1556578; chain=1556578; wallet=-1
06:13:53 [DefaultDispatcher-worker-15] L1ShadowSyncService - L1 engine chainlock height 1556577 -> 1556578
06:13:53 [DefaultDispatcher-worker-3] MainViewModel - blockchain state update: mnlist=1556578; chain=1556578; wallet=-1
06:13:53 [DefaultDispatcher-worker-15] BlockchainServiceImpl - network capabilities changed: 100, hasInternet: true, validated: true
06:13:53 [DefaultDispatcher-worker-15] BlockchainServiceImpl - acquiring check() mutex
06:13:53 [DefaultDispatcher-worker-15] BlockchainServiceImpl - check()
06:13:53 [DefaultDispatcher-worker-15] BlockchainServiceImpl - cutover committed — holding the dashj L1 engine; SDK owns L1 this launch
06:13:53 [DefaultDispatcher-worker-15] BlockchainServiceImpl - releasing check() mutex
06:13:56 [DefaultDispatcher-worker-10] BlockchainServiceImpl - network capabilities changed: 100, hasInternet: true, validated: true
06:13:56 [DefaultDispatcher-worker-10] BlockchainServiceImpl - acquiring check() mutex
06:13:56 [DefaultDispatcher-worker-10] BlockchainServiceImpl - check()
06:13:56 [DefaultDispatcher-worker-10] BlockchainServiceImpl - cutover committed — holding the dashj L1 engine; SDK owns L1 this launch
06:13:56 [DefaultDispatcher-worker-10] BlockchainServiceImpl - releasing check() mutex
06:14:00 [DefaultDispatcher-worker-4] BlockchainServiceImpl - network capabilities changed: 100, hasInternet: true, validated: true
06:14:00 [DefaultDispatcher-worker-4] BlockchainServiceImpl - acquiring check() mutex
06:14:00 [DefaultDispatcher-worker-4] BlockchainServiceImpl - check()
06:14:00 [DefaultDispatcher-worker-4] BlockchainServiceImpl - cutover committed — holding the dashj L1 engine; SDK owns L1 this launch
06:14:00 [DefaultDispatcher-worker-4] BlockchainServiceImpl - releasing check() mutex
06:14:00 [main] BlockchainServiceImpl - MEM pss=384MB nativeHeap=268/386MB jvm=22/576MB
06:14:00 [main] BlockchainServiceImpl - History of transactions/blocks/headers/mnlistdiff (sdk): 0/1/1/1, 0/0/0/0, 0/1/1/1, 142/1/1/1, 131/795576/0/0, 0/630000/2000/1556575
06:14:03 [DefaultDispatcher-worker-1] BlockchainServiceImpl - network capabilities changed: 100, hasInternet: true, validated: true
06:14:03 [DefaultDispatcher-worker-1] BlockchainServiceImpl - acquiring check() mutex
06:14:03 [DefaultDispatcher-worker-1] BlockchainServiceImpl - check()
06:14:03 [DefaultDispatcher-worker-1] BlockchainServiceImpl - cutover committed — holding the dashj L1 engine; SDK owns L1 this launch
06:14:03 [DefaultDispatcher-worker-1] BlockchainServiceImpl - releasing check() mutex
06:14:19 [native-log-bridge] DashSdkNative - 09-19 01:13:51.645  4514  5639 I DashSDK : platform_wallet::changeset::core_bridge: wallet-event batch: folded=1 wallets=1 synced_height_persisted=Some(1556578) synced_height_frozen=None synced_height_rejected=None faulted=0
06:14:19 [native-log-bridge] DashSdkNative - 09-19 01:13:53.865  4514  5638 I DashSDK : platform_wallet::changeset::core_bridge: wallet-event batch: folded=1 wallets=1 synced_height_persisted=None synced_height_frozen=None synced_height_rejected=None faulted=0
06:14:30 [DefaultDispatcher-worker-3] BlockchainServiceImpl - network capabilities changed: 100, hasInternet: true, validated: true
06:14:30 [DefaultDispatcher-worker-3] BlockchainServiceImpl - acquiring check() mutex
06:14:30 [DefaultDispatcher-worker-3] BlockchainServiceImpl - check()
06:14:30 [DefaultDispatcher-worker-3] BlockchainServiceImpl - cutover committed — holding the dashj L1 engine; SDK owns L1 this launch
06:14:30 [DefaultDispatcher-worker-3] BlockchainServiceImpl - releasing check() mutex
06:14:30 [main] BlockchainServiceImpl - cutover committed and SDK L1 scan synced — triggering identity/contacts discovery
06:14:30 [DefaultDispatcher-worker-1] BlockchainIdentityData - creation: BlockchainIdentityData(NONE, null, null, null, null, null)
06:14:30 [DefaultDispatcher-worker-1] PlatformSynchronizationService - discoverAndRecoverIdentity: checking for existing associated identity
06:14:30 [DefaultDispatcher-worker-1] SecurityGuard - loading security guard [healthy=true] with keys: [keystore_healthy, fallback_pin_wallet_password_key, primary_ui_pin_key, modern_encryption_migration_complete, fallback_mnemonic_wallet_password_key, primary_wallet_password_key, fallback_mnemonic_ui_pin_key]
06:14:30 [DefaultDispatcher-worker-1] ModernEncryptionProvider - Decrypted data for alias: wallet_password_key
06:14:30 [DefaultDispatcher-worker-1] KeyCrypterScrypt - Deriving key took 114.2 ms for N=65536, r=8, p=1.
06:14:30 [DefaultDispatcher-worker-1] DapiClient - getIdentityByFirstPublicKey(e7679c1cbad57327ae85e68d12d12df3549b9bfa)
06:14:30 [DefaultDispatcher-worker-1] PlatformSynchronizationService - discoverAndRecoverIdentity: no existing identity found
06:14:30 [DefaultDispatcher-worker-1] PlatformSynchronizationService - identity-discovery guard released (no identity found) — a later discovery may run again
06:14:30 [DefaultDispatcher-worker-1] BlockchainServiceImpl - post-cutover identity discovery found nothing and the wallet has no identity — re-arming; next attempt no sooner than 120000 ms from now
06:14:30 [DefaultDispatcher-worker-1] PlatformSynchronizationService - TxMetadata settings: saveToNetwork=false frequency=afterTenTransactions saveAfter=9223372036854775807 paymentCategory=false taxCategory=false exchangeRates=false memos=false giftCards=false storedDocuments=0
06:14:33 [DefaultDispatcher-worker-11] BlockchainServiceImpl - network capabilities changed: 100, hasInternet: true, validated: true
06:14:33 [DefaultDispatcher-worker-11] BlockchainServiceImpl - acquiring check() mutex
06:14:33 [DefaultDispatcher-worker-11] BlockchainServiceImpl - check()
06:14:33 [DefaultDispatcher-worker-11] BlockchainServiceImpl - cutover committed — holding the dashj L1 engine; SDK owns L1 this launch
06:14:33 [DefaultDispatcher-worker-11] BlockchainServiceImpl - releasing check() mutex
06:14:42 [DefaultDispatcher-worker-8] BlockchainServiceImpl - network capabilities changed: 100, hasInternet: true, validated: true
06:14:42 [DefaultDispatcher-worker-8] BlockchainServiceImpl - acquiring check() mutex
06:14:42 [DefaultDispatcher-worker-8] BlockchainServiceImpl - check()
06:14:42 [DefaultDispatcher-worker-8] BlockchainServiceImpl - cutover committed — holding the dashj L1 engine; SDK owns L1 this launch
06:14:42 [DefaultDispatcher-worker-8] BlockchainServiceImpl - releasing check() mutex
06:14:45 [DefaultDispatcher-worker-3] BlockchainServiceImpl - network capabilities changed: 100, hasInternet: true, validated: true
06:14:45 [DefaultDispatcher-worker-3] BlockchainServiceImpl - acquiring check() mutex
06:14:45 [DefaultDispatcher-worker-3] BlockchainServiceImpl - check()
06:14:45 [DefaultDispatcher-worker-3] BlockchainServiceImpl - cutover committed — holding the dashj L1 engine; SDK owns L1 this launch
06:14:45 [DefaultDispatcher-worker-3] BlockchainServiceImpl - releasing check() mutex
06:15:00 [main] BlockchainServiceImpl - MEM pss=404MB nativeHeap=270/387MB jvm=40/576MB
06:15:00 [main] BlockchainServiceImpl - History of transactions/blocks/headers/mnlistdiff (sdk): 0/0/0/0, 0/1/1/1, 0/0/0/0, 0/1/1/1, 142/1/1/1, 131/795576/0/0, 0/630000/2000/1556575
06:15:23 [DefaultDispatcher-worker-5] L1ShadowSyncService - L1 engine tx event: Detected(txidHex=98322ba63214a07cc5789ee53ce751251a5a20b536cacdd3041d9b9168eb7482, netAmountDuffs=-870, feeDuffs=null, contextCode=0, directionCode=2)
06:15:23 [DefaultDispatcher-worker-5] L1ShadowSyncService - L1 engine tx event: Detected(txidHex=b598268349a096a9343d6b62a143b0b78f99553a502507d69366cc425ae58058, netAmountDuffs=-1140, feeDuffs=null, contextCode=0, directionCode=2)
06:15:23 [DefaultDispatcher-worker-1] CutoverUiDataService - engine detected tx 98322ba63214a07cc5789ee53ce751251a5a20b536cacdd3041d9b9168eb7482 pre-block (context=0, net=-870 duffs) — syncing display row now
06:15:23 [DefaultDispatcher-worker-10] CutoverUiDataService - SDK balance published: 98752940 duffs (was 98754950) | l1Synced=true rescanArmedHold=false dashPayBackfill(armed=false,replaying=false) deferredContactBuilds=0 (unchangedReads=3) persistedAsLastKnown=true lastKnown=0
06:15:23 [DefaultDispatcher-worker-12] Constants - --> GET https://rates.ctx.com/rates?source=ctx
06:15:23 [DefaultDispatcher-worker-1] CutoverUiDataService - cutover UI display sync: 1 SDK records → 1 inserts, 0 status updates
06:15:23 [DefaultDispatcher-worker-1] CutoverUiDataService - engine detected tx b598268349a096a9343d6b62a143b0b78f99553a502507d69366cc425ae58058 pre-block (context=0, net=-1140 duffs) — syncing display row now
06:15:23 [main] WalletTransactionsFragment - STARTUP submitData called on thread=main at 1789798523998
06:15:24 [DefaultDispatcher-worker-1] CutoverUiDataService - cutover UI display sync: 1 SDK records → 1 inserts, 0 status updates
06:15:24 [main] WalletTransactionsFragment - STARTUP submitData called on thread=main at 1789798524017
06:15:24 [DefaultDispatcher-worker-12] Constants - <-- 200 https://rates.ctx.com/rates?source=ctx (70ms, unknown-length body)
06:15:24 [DefaultDispatcher-worker-12] ExchangeRatesRepository - exchange rates updated successfully with de.schildbach.wallet.rates.DashRetailClient@adcd44c
06:15:24 [DefaultDispatcher-worker-12] ExchangeRatesRepository - updateTrigger
06:15:24 [DefaultDispatcher-worker-15] L1ShadowSyncService - L1 engine tx event: InstantLocked(txidHex=98322ba63214a07cc5789ee53ce751251a5a20b536cacdd3041d9b9168eb7482)
06:15:24 [DefaultDispatcher-worker-7] L1ShadowSyncService - L1 engine tx event: InstantLocked(txidHex=b598268349a096a9343d6b62a143b0b78f99553a502507d69366cc425ae58058)
06:15:26 [DefaultDispatcher-worker-4] L1ShadowSyncService - L1 engine tx event: Detected(txidHex=1da95706e21f2d759d14c54be2293120adf866a454dbf204c781ebed40b21e0c, netAmountDuffs=-1060, feeDuffs=null, contextCode=0, directionCode=2)
06:15:26 [DefaultDispatcher-worker-7] CutoverUiDataService - engine detected tx 1da95706e21f2d759d14c54be2293120adf866a454dbf204c781ebed40b21e0c pre-block (context=0, net=-1060 duffs) — syncing display row now
06:15:26 [DefaultDispatcher-worker-12] CutoverUiDataService - SDK balance published: 98751880 duffs (was 98752940) | l1Synced=true rescanArmedHold=false dashPayBackfill(armed=false,replaying=false) deferredContactBuilds=0 (unchangedReads=3) persistedAsLastKnown=true lastKnown=0
06:15:26 [DefaultDispatcher-worker-3] CutoverUiDataService - cutover UI display sync: 1 SDK records → 1 inserts, 0 status updates
06:15:26 [main] WalletTransactionsFragment - STARTUP submitData called on thread=main at 1789798526797
06:15:26 [DefaultDispatcher-worker-12] L1ShadowSyncService - L1 engine tx event: InstantLocked(txidHex=1da95706e21f2d759d14c54be2293120adf866a454dbf204c781ebed40b21e0c)
06:15:27 [DefaultDispatcher-worker-10] L1ShadowSyncService - L1 engine tx event: Detected(txidHex=3bd74d7ee6fc558d2aac7a4acb644084246bc1d266118a9a52c545ec698cf408, netAmountDuffs=-870, feeDuffs=null, contextCode=0, directionCode=2)
06:15:27 [DefaultDispatcher-worker-8] CutoverUiDataService - engine detected tx 3bd74d7ee6fc558d2aac7a4acb644084246bc1d266118a9a52c545ec698cf408 pre-block (context=0, net=-870 duffs) — syncing display row now
06:15:27 [DefaultDispatcher-worker-10] CutoverUiDataService - SDK balance published: 98751010 duffs (was 98751880) | l1Synced=true rescanArmedHold=false dashPayBackfill(armed=false,replaying=false) deferredContactBuilds=0 (unchangedReads=3) persistedAsLastKnown=true lastKnown=0
06:15:28 [DefaultDispatcher-worker-12] CutoverUiDataService - cutover UI display sync: 1 SDK records → 1 inserts, 0 status updates
06:15:28 [main] WalletTransactionsFragment - STARTUP submitData called on thread=main at 1789798528070
06:15:28 [DefaultDispatcher-worker-14] L1ShadowSyncService - L1 engine tx event: InstantLocked(txidHex=3bd74d7ee6fc558d2aac7a4acb644084246bc1d266118a9a52c545ec698cf408)
06:15:28 [DefaultDispatcher-worker-1] L1ShadowSyncService - L1 engine tx event: Detected(txidHex=98caad9417172fb1f5404a15313b9557ec7f19f3b15c7969947155557c1b9180, netAmountDuffs=-910, feeDuffs=null, contextCode=1, directionCode=2)
06:15:28 [DefaultDispatcher-worker-1] L1ShadowSyncService - L1 engine tx event: Detected(txidHex=826da059f5d68112f6917bf9446969620ef4ce234aee2f15560e79d8e1ea471d, netAmountDuffs=-1070, feeDuffs=null, contextCode=0, directionCode=2)
06:15:28 [DefaultDispatcher-worker-1] L1ShadowSyncService - L1 engine tx event: Detected(txidHex=d124764283ec5cac184d91fbabc8aac86008ed3408a93fe2cd1a3d2e56a09790, netAmountDuffs=-1100, feeDuffs=null, contextCode=0, directionCode=2)
06:15:28 [DefaultDispatcher-worker-8] CutoverUiDataService - SDK balance published: 98747930 duffs (was 98751010) | l1Synced=true rescanArmedHold=false dashPayBackfill(armed=false,replaying=false) deferredContactBuilds=0 (unchangedReads=3) persistedAsLastKnown=true lastKnown=0
06:15:28 [DefaultDispatcher-worker-1] CutoverUiDataService - engine detected tx 98caad9417172fb1f5404a15313b9557ec7f19f3b15c7969947155557c1b9180 pre-block (context=1, net=-910 duffs) — syncing display row now
06:15:28 [DefaultDispatcher-worker-9] CutoverUiDataService - cutover UI display sync: 1 SDK records → 1 inserts, 0 status updates
06:15:28 [DefaultDispatcher-worker-9] CutoverUiDataService - engine detected tx 826da059f5d68112f6917bf9446969620ef4ce234aee2f15560e79d8e1ea471d pre-block (context=0, net=-1070 duffs) — syncing display row now
06:15:28 [main] WalletTransactionsFragment - STARTUP submitData called on thread=main at 1789798528779
06:15:28 [DefaultDispatcher-worker-1] CutoverUiDataService - cutover UI display sync: 1 SDK records → 1 inserts, 0 status updates
06:15:28 [DefaultDispatcher-worker-1] CutoverUiDataService - engine detected tx d124764283ec5cac184d91fbabc8aac86008ed3408a93fe2cd1a3d2e56a09790 pre-block (context=0, net=-1100 duffs) — syncing display row now
06:15:28 [main] WalletTransactionsFragment - STARTUP submitData called on thread=main at 1789798528788
06:15:28 [DefaultDispatcher-worker-3] CutoverUiDataService - cutover UI display sync: 1 SDK records → 1 inserts, 0 status updates
06:15:28 [main] WalletTransactionsFragment - STARTUP submitData called on thread=main at 1789798528798
06:15:28 [DefaultDispatcher-worker-6] L1ShadowSyncService - L1 engine tx event: InstantLocked(txidHex=826da059f5d68112f6917bf9446969620ef4ce234aee2f15560e79d8e1ea471d)
06:15:29 [DefaultDispatcher-worker-12] L1ShadowSyncService - L1 engine tx event: InstantLocked(txidHex=d124764283ec5cac184d91fbabc8aac86008ed3408a93fe2cd1a3d2e56a09790)
06:15:29 [DefaultDispatcher-worker-15] L1ShadowSyncService - L1 engine tx event: Detected(txidHex=01181aebb71caa58d2654818b45df31e138640cf06a09376db0a4077cb643e86, netAmountDuffs=-490, feeDuffs=null, contextCode=0, directionCode=2)
06:15:29 [DefaultDispatcher-worker-15] CutoverUiDataService - engine detected tx 01181aebb71caa58d2654818b45df31e138640cf06a09376db0a4077cb643e86 pre-block (context=0, net=-490 duffs) — syncing display row now
06:15:29 [DefaultDispatcher-worker-6] CutoverUiDataService - SDK balance published: 98747440 duffs (was 98747930) | l1Synced=true rescanArmedHold=false dashPayBackfill(armed=false,replaying=false) deferredContactBuilds=0 (unchangedReads=3) persistedAsLastKnown=true lastKnown=0
06:15:29 [DefaultDispatcher-worker-4] CutoverUiDataService - cutover UI display sync: 1 SDK records → 1 inserts, 0 status updates
06:15:29 [main] WalletTransactionsFragment - STARTUP submitData called on thread=main at 1789798529268
06:15:29 [DefaultDispatcher-worker-8] L1ShadowSyncService - L1 engine tx event: InstantLocked(txidHex=01181aebb71caa58d2654818b45df31e138640cf06a09376db0a4077cb643e86)
06:15:30 [DefaultDispatcher-worker-5] L1ShadowSyncService - L1 engine tx event: Detected(txidHex=c70572028fd527fb0d66ee1c0cb884e7958d3e91275ea140baddfd78705f4701, netAmountDuffs=-680, feeDuffs=null, contextCode=0, directionCode=2)
06:15:30 [DefaultDispatcher-worker-5] L1ShadowSyncService - L1 engine tx event: Detected(txidHex=16da8ae9c5d0505f694f9f2b53b952706a744503d26e043d238098a6d87e6209, netAmountDuffs=-910, feeDuffs=null, contextCode=0, directionCode=2)
06:15:30 [DefaultDispatcher-worker-13] CutoverUiDataService - SDK balance published: 98745850 duffs (was 98747440) | l1Synced=true rescanArmedHold=false dashPayBackfill(armed=false,replaying=false) deferredContactBuilds=0 (unchangedReads=3) persistedAsLastKnown=true lastKnown=0
06:15:30 [DefaultDispatcher-worker-8] CutoverUiDataService - engine detected tx c70572028fd527fb0d66ee1c0cb884e7958d3e91275ea140baddfd78705f4701 pre-block (context=0, net=-680 duffs) — syncing display row now
06:15:30 [DefaultDispatcher-worker-9] L1ShadowSyncService - L1 engine tx event: Detected(txidHex=0fe4d1fe9b03b4fbe57c58171515d1c6fbbcb75480e0bd20d64c7db9f6882eeb, netAmountDuffs=-950, feeDuffs=null, contextCode=0, directionCode=2)
06:15:30 [DefaultDispatcher-worker-9] L1ShadowSyncService - L1 engine tx event: Detected(txidHex=0ebc8f083db490d09ab7e7981614bc759e96bf6008118f832677175804e66b57, netAmountDuffs=-990, feeDuffs=null, contextCode=0, directionCode=2)
06:15:30 [DefaultDispatcher-worker-9] L1ShadowSyncService - L1 engine tx event: Detected(txidHex=f2efd5488e87d1bf28db2ffb622307076d3e1fcbf8930a94a361171d015b80b5, netAmountDuffs=-1220, feeDuffs=null, contextCode=0, directionCode=2)
06:15:30 [DefaultDispatcher-worker-8] CutoverUiDataService - SDK balance published: 98742690 duffs (was 98745850) | l1Synced=true rescanArmedHold=false dashPayBackfill(armed=false,replaying=false) deferredContactBuilds=0 (unchangedReads=3) persistedAsLastKnown=true lastKnown=0
06:15:30 [DefaultDispatcher-worker-11] BlockchainServiceImpl - network capabilities changed: 100, hasInternet: true, validated: true
06:15:30 [DefaultDispatcher-worker-11] BlockchainServiceImpl - acquiring check() mutex
06:15:30 [DefaultDispatcher-worker-11] BlockchainServiceImpl - check()
06:15:30 [DefaultDispatcher-worker-11] BlockchainServiceImpl - cutover committed — holding the dashj L1 engine; SDK owns L1 this launch
06:15:30 [DefaultDispatcher-worker-11] BlockchainServiceImpl - releasing check() mutex
06:15:30 [DefaultDispatcher-worker-13] L1ShadowSyncService - L1 engine tx event: InstantLocked(txidHex=0fe4d1fe9b03b4fbe57c58171515d1c6fbbcb75480e0bd20d64c7db9f6882eeb)
06:15:30 [DefaultDispatcher-worker-2] CutoverUiDataService - cutover UI display sync: 1 SDK records → 1 inserts, 0 status updates
06:15:30 [DefaultDispatcher-worker-2] CutoverUiDataService - engine detected tx 16da8ae9c5d0505f694f9f2b53b952706a744503d26e043d238098a6d87e6209 pre-block (context=0, net=-910 duffs) — syncing display row now
06:15:30 [main] WalletTransactionsFragment - STARTUP submitData called on thread=main at 1789798530716
06:15:30 [DefaultDispatcher-worker-3] CutoverUiDataService - cutover UI display sync: 1 SDK records → 1 inserts, 0 status updates
06:15:30 [DefaultDispatcher-worker-3] CutoverUiDataService - engine detected tx 0fe4d1fe9b03b4fbe57c58171515d1c6fbbcb75480e0bd20d64c7db9f6882eeb pre-block (context=0, net=-950 duffs) — syncing display row now
06:15:30 [main] WalletTransactionsFragment - STARTUP submitData called on thread=main at 1789798530721
06:15:30 [DefaultDispatcher-worker-1] CutoverUiDataService - cutover UI display sync: 1 SDK records → 1 inserts, 0 status updates
06:15:30 [DefaultDispatcher-worker-1] CutoverUiDataService - engine detected tx 0ebc8f083db490d09ab7e7981614bc759e96bf6008118f832677175804e66b57 pre-block (context=0, net=-990 duffs) — syncing display row now
06:15:30 [main] WalletTransactionsFragment - STARTUP submitData called on thread=main at 1789798530725
06:15:30 [DefaultDispatcher-worker-12] CutoverUiDataService - cutover UI display sync: 1 SDK records → 1 inserts, 0 status updates
06:15:30 [main] WalletTransactionsFragment - STARTUP submitData called on thread=main at 1789798530729
06:15:30 [DefaultDispatcher-worker-12] CutoverUiDataService - engine detected tx f2efd5488e87d1bf28db2ffb622307076d3e1fcbf8930a94a361171d015b80b5 pre-block (context=0, net=-1220 duffs) — syncing display row now
06:15:30 [DefaultDispatcher-worker-13] CutoverUiDataService - cutover UI display sync: 1 SDK records → 1 inserts, 0 status updates
06:15:30 [main] WalletTransactionsFragment - STARTUP submitData called on thread=main at 1789798530735
06:15:30 [main] WalletTransactionsFragment - STARTUP submitData called on thread=main at 1789798530735
06:15:30 [DefaultDispatcher-worker-15] L1ShadowSyncService - L1 engine tx event: InstantLocked(txidHex=0ebc8f083db490d09ab7e7981614bc759e96bf6008118f832677175804e66b57)
06:15:31 [DefaultDispatcher-worker-12] L1ShadowSyncService - L1 engine tx event: InstantLocked(txidHex=c70572028fd527fb0d66ee1c0cb884e7958d3e91275ea140baddfd78705f4701)
06:15:32 [DefaultDispatcher-worker-7] L1ShadowSyncService - L1 engine tx event: InstantLocked(txidHex=16da8ae9c5d0505f694f9f2b53b952706a744503d26e043d238098a6d87e6209)
06:15:32 [DefaultDispatcher-worker-11] L1ShadowSyncService - L1 engine tx event: InstantLocked(txidHex=f2efd5488e87d1bf28db2ffb622307076d3e1fcbf8930a94a361171d015b80b5)
06:15:33 [DefaultDispatcher-worker-10] BlockchainServiceImpl - network capabilities changed: 100, hasInternet: true, validated: true
06:15:33 [DefaultDispatcher-worker-3] BlockchainServiceImpl - acquiring check() mutex
06:15:33 [DefaultDispatcher-worker-3] BlockchainServiceImpl - check()
06:15:33 [DefaultDispatcher-worker-3] BlockchainServiceImpl - cutover committed — holding the dashj L1 engine; SDK owns L1 this launch
06:15:33 [DefaultDispatcher-worker-3] BlockchainServiceImpl - releasing check() mutex
06:15:33 [DefaultDispatcher-worker-13] L1ShadowSyncService - L1 engine tx event: Detected(txidHex=ea4afea87ba43c1500d2107d3789069e86b71537d3e5fed1a32a2574449f87ea, netAmountDuffs=-870, feeDuffs=null, contextCode=1, directionCode=2)
06:15:33 [DefaultDispatcher-worker-15] CutoverUiDataService - engine detected tx ea4afea87ba43c1500d2107d3789069e86b71537d3e5fed1a32a2574449f87ea pre-block (context=1, net=-870 duffs) — syncing display row now
06:15:33 [DefaultDispatcher-worker-13] CutoverUiDataService - SDK balance published: 98741820 duffs (was 98742690) | l1Synced=true rescanArmedHold=false dashPayBackfill(armed=false,replaying=false) deferredContactBuilds=0 (unchangedReads=3) persistedAsLastKnown=true lastKnown=0
06:15:33 [DefaultDispatcher-worker-11] L1ShadowSyncService - L1 engine tx event: Detected(txidHex=1578975327670dd222f5e8a113ebdcb90a5ff006060ba8c7ec9b675a9356ed64, netAmountDuffs=-910, feeDuffs=null, contextCode=0, directionCode=2)
06:15:33 [DefaultDispatcher-worker-11] L1ShadowSyncService - L1 engine tx event: Detected(txidHex=c98564f59de5f1fbced23ea2c1ff2dfd5d7d0feeceb5f68c9a4cde57a9c1c803, netAmountDuffs=-910, feeDuffs=null, contextCode=0, directionCode=2)
06:15:33 [DefaultDispatcher-worker-11] L1ShadowSyncService - L1 engine tx event: Detected(txidHex=e87fa72298f55ebf4b0f0480d261fc1dd8d751da7695ece2054fda85a191e612, netAmountDuffs=-910, feeDuffs=null, contextCode=0, directionCode=2)
06:15:33 [DefaultDispatcher-worker-11] L1ShadowSyncService - L1 engine tx event: Detected(txidHex=6da01c8d842cd2d2bdeffa87fac7f93476761ed1c29d5d71ff3af756dbf63693, netAmountDuffs=-1060, feeDuffs=null, contextCode=0, directionCode=2)
06:15:33 [DefaultDispatcher-worker-11] L1ShadowSyncService - L1 engine tx event: Detected(txidHex=e7b106014f9153bfced15eaeff839ac65558f693394d95d3720ff6b227c5d8c8, netAmountDuffs=-870, feeDuffs=null, contextCode=0, directionCode=2)
06:15:33 [DefaultDispatcher-worker-2] CutoverUiDataService - SDK balance published: 98737160 duffs (was 98741820) | l1Synced=true rescanArmedHold=false dashPayBackfill(armed=false,replaying=false) deferredContactBuilds=0 (unchangedReads=3) persistedAsLastKnown=true lastKnown=0
06:15:33 [DefaultDispatcher-worker-7] CutoverUiDataService - cutover UI display sync: 1 SDK records → 1 inserts, 0 status updates
06:15:33 [DefaultDispatcher-worker-7] CutoverUiDataService - engine detected tx 1578975327670dd222f5e8a113ebdcb90a5ff006060ba8c7ec9b675a9356ed64 pre-block (context=0, net=-910 duffs) — syncing display row now
06:15:33 [main] WalletTransactionsFragment - STARTUP submitData called on thread=main at 1789798533908
06:15:33 [DefaultDispatcher-worker-13] CutoverUiDataService - cutover UI display sync: 1 SDK records → 1 inserts, 0 status updates
06:15:33 [DefaultDispatcher-worker-13] CutoverUiDataService - engine detected tx c98564f59de5f1fbced23ea2c1ff2dfd5d7d0feeceb5f68c9a4cde57a9c1c803 pre-block (context=0, net=-910 duffs) — syncing display row now
06:15:33 [main] WalletTransactionsFragment - STARTUP submitData called on thread=main at 1789798533912
06:15:33 [DefaultDispatcher-worker-1] CutoverUiDataService - cutover UI display sync: 1 SDK records → 1 inserts, 0 status updates
06:15:33 [DefaultDispatcher-worker-1] CutoverUiDataService - engine detected tx e87fa72298f55ebf4b0f0480d261fc1dd8d751da7695ece2054fda85a191e612 pre-block (context=0, net=-910 duffs) — syncing display row now
06:15:33 [main] WalletTransactionsFragment - STARTUP submitData called on thread=main at 1789798533918
06:15:33 [DefaultDispatcher-worker-1] CutoverUiDataService - cutover UI display sync: 1 SDK records → 1 inserts, 0 status updates
06:15:33 [DefaultDispatcher-worker-1] CutoverUiDataService - engine detected tx 6da01c8d842cd2d2bdeffa87fac7f93476761ed1c29d5d71ff3af756dbf63693 pre-block (context=0, net=-1060 duffs) — syncing display row now
06:15:33 [main] WalletTransactionsFragment - STARTUP submitData called on thread=main at 1789798533925
06:15:33 [DefaultDispatcher-worker-15] CutoverUiDataService - cutover UI display sync: 1 SDK records → 1 inserts, 0 status updates
06:15:33 [DefaultDispatcher-worker-15] CutoverUiDataService - engine detected tx e7b106014f9153bfced15eaeff839ac65558f693394d95d3720ff6b227c5d8c8 pre-block (context=0, net=-870 duffs) — syncing display row now
06:15:33 [main] WalletTransactionsFragment - STARTUP submitData called on thread=main at 1789798533938
06:15:33 [main] WalletTransactionsFragment - STARTUP submitData called on thread=main at 1789798533939
06:15:33 [DefaultDispatcher-worker-1] CutoverUiDataService - cutover UI display sync: 1 SDK records → 1 inserts, 0 status updates
06:15:33 [main] WalletTransactionsFragment - STARTUP submitData called on thread=main at 1789798533955
06:15:34 [DefaultDispatcher-worker-11] L1ShadowSyncService - L1 engine tx event: InstantLocked(txidHex=6da01c8d842cd2d2bdeffa87fac7f93476761ed1c29d5d71ff3af756dbf63693)
06:15:34 [DefaultDispatcher-worker-4] L1ShadowSyncService - L1 engine tx event: InstantLocked(txidHex=e7b106014f9153bfced15eaeff839ac65558f693394d95d3720ff6b227c5d8c8)
06:15:34 [DefaultDispatcher-worker-12] L1ShadowSyncService - L1 engine tx event: InstantLocked(txidHex=c98564f59de5f1fbced23ea2c1ff2dfd5d7d0feeceb5f68c9a4cde57a9c1c803)
06:15:35 [DefaultDispatcher-worker-10] L1ShadowSyncService - L1 engine tx event: Detected(txidHex=780d3d1369ecc316295d9a84c1004bce86ac1a495c16051e158da04806499491, netAmountDuffs=-530, feeDuffs=null, contextCode=0, directionCode=2)
06:15:35 [DefaultDispatcher-worker-10] L1ShadowSyncService - L1 engine tx event: Detected(txidHex=c9e10af4ee731650e173f429ba202b96f505578372a0bbe28f91132229bc0a7b, netAmountDuffs=-990, feeDuffs=null, contextCode=0, directionCode=2)
06:15:35 [DefaultDispatcher-worker-5] CutoverUiDataService - engine detected tx 780d3d1369ecc316295d9a84c1004bce86ac1a495c16051e158da04806499491 pre-block (context=0, net=-530 duffs) — syncing display row now
06:15:35 [DefaultDispatcher-worker-4] CutoverUiDataService - SDK balance published: 98734420 duffs (was 98737160) | l1Synced=true rescanArmedHold=false dashPayBackfill(armed=false,replaying=false) deferredContactBuilds=0 (unchangedReads=3) persistedAsLastKnown=true lastKnown=0
06:15:35 [DefaultDispatcher-worker-10] L1ShadowSyncService - L1 engine tx event: Detected(txidHex=2f63959e7c3f75b14fd8cff5b3ed012b02c2979e104bd8b7cf40c9d41ab9857d, netAmountDuffs=-1220, feeDuffs=null, contextCode=1, directionCode=2)
06:15:35 [DefaultDispatcher-worker-10] L1ShadowSyncService - L1 engine tx event: InstantLocked(txidHex=780d3d1369ecc316295d9a84c1004bce86ac1a495c16051e158da04806499491)
06:15:35 [DefaultDispatcher-worker-2] L1ShadowSyncService - L1 engine tx event: InstantLocked(txidHex=c9e10af4ee731650e173f429ba202b96f505578372a0bbe28f91132229bc0a7b)
06:15:35 [DefaultDispatcher-worker-5] CutoverUiDataService - cutover UI display sync: 1 SDK records → 1 inserts, 0 status updates
06:15:35 [DefaultDispatcher-worker-5] CutoverUiDataService - engine detected tx c9e10af4ee731650e173f429ba202b96f505578372a0bbe28f91132229bc0a7b pre-block (context=0, net=-990 duffs) — syncing display row now
06:15:35 [main] WalletTransactionsFragment - STARTUP submitData called on thread=main at 1789798535661
06:15:35 [DefaultDispatcher-worker-5] CutoverUiDataService - cutover UI display sync: 1 SDK records → 1 inserts, 0 status updates
06:15:35 [DefaultDispatcher-worker-5] CutoverUiDataService - engine detected tx 2f63959e7c3f75b14fd8cff5b3ed012b02c2979e104bd8b7cf40c9d41ab9857d pre-block (context=1, net=-1220 duffs) — syncing display row now
06:15:35 [main] WalletTransactionsFragment - STARTUP submitData called on thread=main at 1789798535666
06:15:35 [main] WalletTransactionsFragment - STARTUP submitData called on thread=main at 1789798535666
06:15:35 [DefaultDispatcher-worker-8] CutoverUiDataService - cutover UI display sync: 1 SDK records → 1 inserts, 0 status updates
06:15:35 [main] WalletTransactionsFragment - STARTUP submitData called on thread=main at 1789798535674
06:15:35 [DefaultDispatcher-worker-15] L1ShadowSyncService - L1 engine tx event: InstantLocked(txidHex=1578975327670dd222f5e8a113ebdcb90a5ff006060ba8c7ec9b675a9356ed64)
06:15:35 [DefaultDispatcher-worker-15] L1ShadowSyncService - L1 engine tx event: InstantLocked(txidHex=e87fa72298f55ebf4b0f0480d261fc1dd8d751da7695ece2054fda85a191e612)
06:15:36 [DefaultDispatcher-worker-15] BlockchainServiceImpl - network capabilities changed: 100, hasInternet: true, validated: true
06:15:36 [DefaultDispatcher-worker-15] BlockchainServiceImpl - acquiring check() mutex
06:15:36 [DefaultDispatcher-worker-15] BlockchainServiceImpl - check()
06:15:36 [DefaultDispatcher-worker-15] BlockchainServiceImpl - cutover committed — holding the dashj L1 engine; SDK owns L1 this launch
06:15:36 [DefaultDispatcher-worker-15] BlockchainServiceImpl - releasing check() mutex
06:15:37 [DefaultDispatcher-worker-2] L1ShadowSyncService - L1 engine tx event: Detected(txidHex=0989e4d39663ed80c1d4c4e62a56cec8764f40a88a776e2bf81e68d543a44a93, netAmountDuffs=-680, feeDuffs=null, contextCode=0, directionCode=2)
06:15:37 [DefaultDispatcher-worker-9] CutoverUiDataService - engine detected tx 0989e4d39663ed80c1d4c4e62a56cec8764f40a88a776e2bf81e68d543a44a93 pre-block (context=0, net=-680 duffs) — syncing display row now
06:15:37 [DefaultDispatcher-worker-2] L1ShadowSyncService - L1 engine tx event: Detected(txidHex=b9911b8880cf519a4a5d72c34de281876b8c331dbf51131364f27b71bbc7e12a, netAmountDuffs=-870, feeDuffs=null, contextCode=1, directionCode=2)
06:15:37 [DefaultDispatcher-worker-8] CutoverUiDataService - SDK balance published: 98732000 duffs (was 98734420) | l1Synced=true rescanArmedHold=false dashPayBackfill(armed=false,replaying=false) deferredContactBuilds=0 (unchangedReads=3) persistedAsLastKnown=true lastKnown=0
06:15:37 [DefaultDispatcher-worker-2] L1ShadowSyncService - L1 engine tx event: Detected(txidHex=28f6bc7cb2b7c4afaff499916c31dba4ea497b9d381095cd974a4ef0e551473f, netAmountDuffs=-870, feeDuffs=null, contextCode=1, directionCode=2)
06:15:37 [DefaultDispatcher-worker-6] L1ShadowSyncService - L1 engine tx event: InstantLocked(txidHex=0989e4d39663ed80c1d4c4e62a56cec8764f40a88a776e2bf81e68d543a44a93)
06:15:37 [DefaultDispatcher-worker-4] CutoverUiDataService - cutover UI display sync: 1 SDK records → 1 inserts, 0 status updates
06:15:37 [DefaultDispatcher-worker-4] CutoverUiDataService - engine detected tx b9911b8880cf519a4a5d72c34de281876b8c331dbf51131364f27b71bbc7e12a pre-block (context=1, net=-870 duffs) — syncing display row now
06:15:37 [main] WalletTransactionsFragment - STARTUP submitData called on thread=main at 1789798537492
06:15:37 [DefaultDispatcher-worker-14] CutoverUiDataService - cutover UI display sync: 1 SDK records → 1 inserts, 0 status updates
06:15:37 [DefaultDispatcher-worker-14] CutoverUiDataService - engine detected tx 28f6bc7cb2b7c4afaff499916c31dba4ea497b9d381095cd974a4ef0e551473f pre-block (context=1, net=-870 duffs) — syncing display row now
06:15:37 [main] WalletTransactionsFragment - STARTUP submitData called on thread=main at 1789798537498
06:15:37 [DefaultDispatcher-worker-5] CutoverUiDataService - cutover UI display sync: 1 SDK records → 1 inserts, 0 status updates
06:15:37 [main] WalletTransactionsFragment - STARTUP submitData called on thread=main at 1789798537504
06:15:38 [DefaultDispatcher-worker-2] L1ShadowSyncService - L1 engine tx event: Detected(txidHex=c6857b36665e7ba5f20b93d83d04d1bd452796d8c87457f4a1125c13c9993a2f, netAmountDuffs=-490, feeDuffs=null, contextCode=0, directionCode=2)
06:15:38 [DefaultDispatcher-worker-13] CutoverUiDataService - engine detected tx c6857b36665e7ba5f20b93d83d04d1bd452796d8c87457f4a1125c13c9993a2f pre-block (context=0, net=-490 duffs) — syncing display row now
06:15:38 [DefaultDispatcher-worker-2] L1ShadowSyncService - L1 engine tx event: Detected(txidHex=5278c25332a255db38315c65a02a84f86568b4b660a59620e9069663601f3321, netAmountDuffs=-680, feeDuffs=null, contextCode=0, directionCode=2)
06:15:38 [DefaultDispatcher-worker-6] CutoverUiDataService - SDK balance published: 98730830 duffs (was 98732000) | l1Synced=true rescanArmedHold=false dashPayBackfill(armed=false,replaying=false) deferredContactBuilds=0 (unchangedReads=3) persistedAsLastKnown=true lastKnown=0
06:15:38 [DefaultDispatcher-worker-15] L1ShadowSyncService - L1 engine tx event: InstantLocked(txidHex=c6857b36665e7ba5f20b93d83d04d1bd452796d8c87457f4a1125c13c9993a2f)
06:15:38 [DefaultDispatcher-worker-1] L1ShadowSyncService - L1 engine tx event: InstantLocked(txidHex=5278c25332a255db38315c65a02a84f86568b4b660a59620e9069663601f3321)
06:15:39 [DefaultDispatcher-worker-5] CutoverUiDataService - cutover UI display sync: 1 SDK records → 1 inserts, 0 status updates
06:15:39 [DefaultDispatcher-worker-5] CutoverUiDataService - engine detected tx 5278c25332a255db38315c65a02a84f86568b4b660a59620e9069663601f3321 pre-block (context=0, net=-680 duffs) — syncing display row now
06:15:39 [main] WalletTransactionsFragment - STARTUP submitData called on thread=main at 1789798539119
06:15:39 [DefaultDispatcher-worker-1] CutoverUiDataService - cutover UI display sync: 1 SDK records → 1 inserts, 0 status updates
06:15:39 [main] WalletTransactionsFragment - STARTUP submitData called on thread=main at 1789798539124
06:15:39 [DefaultDispatcher-worker-2] BlockchainServiceImpl - network capabilities changed: 100, hasInternet: true, validated: true
06:15:39 [DefaultDispatcher-worker-2] BlockchainServiceImpl - acquiring check() mutex
06:15:39 [DefaultDispatcher-worker-2] BlockchainServiceImpl - check()
06:15:39 [DefaultDispatcher-worker-2] BlockchainServiceImpl - cutover committed — holding the dashj L1 engine; SDK owns L1 this launch
06:15:39 [DefaultDispatcher-worker-2] BlockchainServiceImpl - releasing check() mutex
06:15:40 [DefaultDispatcher-worker-14] L1ShadowSyncService - L1 engine tx event: Detected(txidHex=f077b325d9a6d76ff02ea5b5c02b4b8e1f423603eca7859e28eb7ba6da4d60f0, netAmountDuffs=-680, feeDuffs=null, contextCode=0, directionCode=2)
06:15:40 [DefaultDispatcher-worker-14] L1ShadowSyncService - L1 engine tx event: Detected(txidHex=0e341a32eb854e5108e8823d3face09d9e0a3787605d538e45d5d1524aae4760, netAmountDuffs=-680, feeDuffs=null, contextCode=1, directionCode=2)
06:15:40 [DefaultDispatcher-worker-14] L1ShadowSyncService - L1 engine tx event: Detected(txidHex=42f5c8bb882d40cd232c805b2626a59746d40e5e050e63067a7256ffc32b86b8, netAmountDuffs=-1100, feeDuffs=null, contextCode=1, directionCode=2)
06:15:40 [DefaultDispatcher-worker-9] CutoverUiDataService - SDK balance published: 98728370 duffs (was 98730830) | l1Synced=true rescanArmedHold=false dashPayBackfill(armed=false,replaying=false) deferredContactBuilds=0 (unchangedReads=3) persistedAsLastKnown=true lastKnown=0
06:15:40 [DefaultDispatcher-worker-3] CutoverUiDataService - engine detected tx f077b325d9a6d76ff02ea5b5c02b4b8e1f423603eca7859e28eb7ba6da4d60f0 pre-block (context=0, net=-680 duffs) — syncing display row now
06:15:40 [DefaultDispatcher-worker-6] CutoverUiDataService - cutover UI display sync: 1 SDK records → 1 inserts, 0 status updates
06:15:40 [DefaultDispatcher-worker-6] CutoverUiDataService - engine detected tx 0e341a32eb854e5108e8823d3face09d9e0a3787605d538e45d5d1524aae4760 pre-block (context=1, net=-680 duffs) — syncing display row now
06:15:40 [main] WalletTransactionsFragment - STARTUP submitData called on thread=main at 1789798540553
06:15:40 [main] WalletTransactionsFragment - STARTUP submitData called on thread=main at 1789798540553
06:15:40 [DefaultDispatcher-worker-7] CutoverUiDataService - cutover UI display sync: 1 SDK records → 1 inserts, 0 status updates
06:15:40 [DefaultDispatcher-worker-7] CutoverUiDataService - engine detected tx 42f5c8bb882d40cd232c805b2626a59746d40e5e050e63067a7256ffc32b86b8 pre-block (context=1, net=-1100 duffs) — syncing display row now
06:15:40 [main] WalletTransactionsFragment - STARTUP submitData called on thread=main at 1789798540564
06:15:40 [DefaultDispatcher-worker-8] CutoverUiDataService - cutover UI display sync: 1 SDK records → 1 inserts, 0 status updates
06:15:40 [main] WalletTransactionsFragment - STARTUP submitData called on thread=main at 1789798540574
06:15:42 [DefaultDispatcher-worker-1] L1ShadowSyncService - L1 engine tx event: InstantLocked(txidHex=f077b325d9a6d76ff02ea5b5c02b4b8e1f423603eca7859e28eb7ba6da4d60f0)
06:15:43 [DefaultDispatcher-worker-2] L1ShadowSyncService - L1 engine tx event: Detected(txidHex=b9e210bf760d9ababdcc281a2fc6cc7d07a71934a4d6fbd52b7144ad7f4418f1, netAmountDuffs=-1100, feeDuffs=null, contextCode=0, directionCode=2)
06:15:43 [DefaultDispatcher-worker-6] CutoverUiDataService - engine detected tx b9e210bf760d9ababdcc281a2fc6cc7d07a71934a4d6fbd52b7144ad7f4418f1 pre-block (context=0, net=-1100 duffs) — syncing display row now
06:15:43 [DefaultDispatcher-worker-2] L1ShadowSyncService - L1 engine tx event: Detected(txidHex=9f390f552c74b702a32d36a4f5081c81615e319da420866a7a6c87674440d79e, netAmountDuffs=-1100, feeDuffs=null, contextCode=1, directionCode=2)
06:15:43 [DefaultDispatcher-worker-3] CutoverUiDataService - SDK balance published: 98726170 duffs (was 98728370) | l1Synced=true rescanArmedHold=false dashPayBackfill(armed=false,replaying=false) deferredContactBuilds=0 (unchangedReads=3) persistedAsLastKnown=true lastKnown=0
06:15:44 [DefaultDispatcher-worker-12] CutoverUiDataService - cutover UI display sync: 1 SDK records → 1 inserts, 0 status updates
06:15:44 [DefaultDispatcher-worker-12] CutoverUiDataService - engine detected tx 9f390f552c74b702a32d36a4f5081c81615e319da420866a7a6c87674440d79e pre-block (context=1, net=-1100 duffs) — syncing display row now
06:15:44 [main] WalletTransactionsFragment - STARTUP submitData called on thread=main at 1789798544006
06:15:44 [DefaultDispatcher-worker-12] CutoverUiDataService - cutover UI display sync: 1 SDK records → 1 inserts, 0 status updates
06:15:44 [main] WalletTransactionsFragment - STARTUP submitData called on thread=main at 1789798544014
06:15:45 [DefaultDispatcher-worker-15] BlockchainServiceImpl - network capabilities changed: 100, hasInternet: true, validated: true
06:15:45 [DefaultDispatcher-worker-15] BlockchainServiceImpl - acquiring check() mutex
06:15:45 [DefaultDispatcher-worker-15] BlockchainServiceImpl - check()
06:15:45 [DefaultDispatcher-worker-15] BlockchainServiceImpl - cutover committed — holding the dashj L1 engine; SDK owns L1 this launch
06:15:45 [DefaultDispatcher-worker-15] BlockchainServiceImpl - releasing check() mutex
06:15:45 [DefaultDispatcher-worker-5] L1ShadowSyncService - L1 engine tx event: InstantLocked(txidHex=b9e210bf760d9ababdcc281a2fc6cc7d07a71934a4d6fbd52b7144ad7f4418f1)
06:15:46 [DefaultDispatcher-worker-7] L1ShadowSyncService - L1 engine tx event: Detected(txidHex=f7dd2aad203178387fa06a4ecafa9de809fb57f0c260573ccffb6907b81fad24, netAmountDuffs=-490, feeDuffs=null, contextCode=1, directionCode=2)
06:15:46 [DefaultDispatcher-worker-15] CutoverUiDataService - engine detected tx f7dd2aad203178387fa06a4ecafa9de809fb57f0c260573ccffb6907b81fad24 pre-block (context=1, net=-490 duffs) — syncing display row now
06:15:46 [DefaultDispatcher-worker-7] L1ShadowSyncService - L1 engine tx event: Detected(txidHex=fb17535dbabab5dd57aacf61f6409f07172770dce5a45c7329079212f4991b86, netAmountDuffs=-680, feeDuffs=null, contextCode=1, directionCode=2)
06:15:46 [DefaultDispatcher-worker-6] CutoverUiDataService - SDK balance published: 98722290 duffs (was 98726170) | l1Synced=true rescanArmedHold=false dashPayBackfill(armed=false,replaying=false) deferredContactBuilds=0 (unchangedReads=3) persistedAsLastKnown=true lastKnown=0
06:15:46 [DefaultDispatcher-worker-7] L1ShadowSyncService - L1 engine tx event: Detected(txidHex=5c2c00a38004ef43ab581e80715968d7bfaa904862e6de777d67b7243e832fb8, netAmountDuffs=-920, feeDuffs=null, contextCode=1, directionCode=2)
06:15:46 [DefaultDispatcher-worker-7] L1ShadowSyncService - L1 engine tx event: Detected(txidHex=83b786090b9bb83187eb81c138651f41bbfcb05d71c5a623b7c58f59254de65b, netAmountDuffs=-920, feeDuffs=null, contextCode=1, directionCode=2)
06:15:46 [DefaultDispatcher-worker-7] L1ShadowSyncService - L1 engine tx event: Detected(txidHex=99bb04705d5f0be0519fb9da7177f86151780d31ffdd960ba055c5b8d714b728, netAmountDuffs=-870, feeDuffs=null, contextCode=1, directionCode=2)
06:15:46 [DefaultDispatcher-worker-7] L1ShadowSyncService - L1 engine tx event: Detected(txidHex=f26ddcc77486ef08a55b42af869ed96777701288253af25900891d6b8aadd78a, netAmountDuffs=-1100, feeDuffs=null, contextCode=0, directionCode=2)
06:15:46 [DefaultDispatcher-worker-7] L1ShadowSyncService - L1 engine tx event: Detected(txidHex=4681ccb2c9dd85011ecb1c48c09fbc86a6a67bea47635b45c404fe7ef766372f, netAmountDuffs=-1100, feeDuffs=null, contextCode=1, directionCode=2)
06:15:46 [DefaultDispatcher-worker-4] CutoverUiDataService - SDK balance published: 98720090 duffs (was 98722290) | l1Synced=true rescanArmedHold=false dashPayBackfill(armed=false,replaying=false) deferredContactBuilds=0 (unchangedReads=3) persistedAsLastKnown=true lastKnown=0
06:15:46 [DefaultDispatcher-worker-4] L1ShadowSyncService - L1 engine tx event: Detected(txidHex=632c1070a31887447b6c083475a4abf66abbcca23922e681ff29c26266111e7e, netAmountDuffs=-1220, feeDuffs=null, contextCode=1, directionCode=2)
06:15:46 [DefaultDispatcher-worker-4] CutoverUiDataService - SDK balance published: 98718870 duffs (was 98720090) | l1Synced=true rescanArmedHold=false dashPayBackfill(armed=false,replaying=false) deferredContactBuilds=0 (unchangedReads=3) persistedAsLastKnown=true lastKnown=0
06:15:47 [DefaultDispatcher-worker-12] CutoverUiDataService - cutover UI display sync: 1 SDK records → 1 inserts, 0 status updates
06:15:47 [DefaultDispatcher-worker-12] CutoverUiDataService - engine detected tx fb17535dbabab5dd57aacf61f6409f07172770dce5a45c7329079212f4991b86 pre-block (context=1, net=-680 duffs) — syncing display row now
06:15:47 [main] WalletTransactionsFragment - STARTUP submitData called on thread=main at 1789798547018
06:15:47 [DefaultDispatcher-worker-12] CutoverUiDataService - cutover UI display sync: 1 SDK records → 1 inserts, 0 status updates
06:15:47 [DefaultDispatcher-worker-12] CutoverUiDataService - engine detected tx 5c2c00a38004ef43ab581e80715968d7bfaa904862e6de777d67b7243e832fb8 pre-block (context=1, net=-920 duffs) — syncing display row now
06:15:47 [main] WalletTransactionsFragment - STARTUP submitData called on thread=main at 1789798547022
06:15:47 [DefaultDispatcher-worker-4] CutoverUiDataService - cutover UI display sync: 1 SDK records → 1 inserts, 0 status updates
06:15:47 [DefaultDispatcher-worker-4] CutoverUiDataService - engine detected tx 83b786090b9bb83187eb81c138651f41bbfcb05d71c5a623b7c58f59254de65b pre-block (context=1, net=-920 duffs) — syncing display row now
06:15:47 [main] WalletTransactionsFragment - STARTUP submitData called on thread=main at 1789798547026
06:15:47 [main] WalletTransactionsFragment - STARTUP submitData called on thread=main at 1789798547026
06:15:47 [DefaultDispatcher-worker-13] CutoverUiDataService - cutover UI display sync: 1 SDK records → 1 inserts, 0 status updates
06:15:47 [DefaultDispatcher-worker-13] CutoverUiDataService - engine detected tx 99bb04705d5f0be0519fb9da7177f86151780d31ffdd960ba055c5b8d714b728 pre-block (context=1, net=-870 duffs) — syncing display row now
06:15:47 [main] WalletTransactionsFragment - STARTUP submitData called on thread=main at 1789798547032
06:15:47 [DefaultDispatcher-worker-6] CutoverUiDataService - cutover UI display sync: 1 SDK records → 1 inserts, 0 status updates
06:15:47 [DefaultDispatcher-worker-6] CutoverUiDataService - engine detected tx f26ddcc77486ef08a55b42af869ed96777701288253af25900891d6b8aadd78a pre-block (context=0, net=-1100 duffs) — syncing display row now
06:15:47 [main] WalletTransactionsFragment - STARTUP submitData called on thread=main at 1789798547036
06:15:47 [main] WalletTransactionsFragment - STARTUP submitData called on thread=main at 1789798547036
06:15:47 [DefaultDispatcher-worker-1] CutoverUiDataService - cutover UI display sync: 1 SDK records → 1 inserts, 0 status updates
06:15:47 [DefaultDispatcher-worker-1] CutoverUiDataService - engine detected tx 4681ccb2c9dd85011ecb1c48c09fbc86a6a67bea47635b45c404fe7ef766372f pre-block (context=1, net=-1100 duffs) — syncing display row now
06:15:47 [main] WalletTransactionsFragment - STARTUP submitData called on thread=main at 1789798547042
06:15:47 [DefaultDispatcher-worker-14] CutoverUiDataService - cutover UI display sync: 1 SDK records → 1 inserts, 0 status updates
06:15:47 [main] WalletTransactionsFragment - STARTUP submitData called on thread=main at 1789798547046
06:15:47 [DefaultDispatcher-worker-2] CutoverUiDataService - engine detected tx 632c1070a31887447b6c083475a4abf66abbcca23922e681ff29c26266111e7e pre-block (context=1, net=-1220 duffs) — syncing display row now
06:15:47 [DefaultDispatcher-worker-1] CutoverUiDataService - cutover UI display sync: 1 SDK records → 1 inserts, 0 status updates
06:15:47 [main] WalletTransactionsFragment - STARTUP submitData called on thread=main at 1789798547068
06:15:48 [DefaultDispatcher-worker-15] L1ShadowSyncService - L1 engine tx event: Detected(txidHex=81451508570e8f7edfccf9b894e36a8d994ab9e51096d43e9426f465cc046582, netAmountDuffs=-870, feeDuffs=null, contextCode=1, directionCode=2)
06:15:48 [DefaultDispatcher-worker-15] L1ShadowSyncService - L1 engine tx event: Detected(txidHex=4b4aa72dc74fc6934dbee3657b01c443bc84eeab8a7ec2959ccb7104a4290af1, netAmountDuffs=-1100, feeDuffs=null, contextCode=1, directionCode=2)
06:15:48 [DefaultDispatcher-worker-15] L1ShadowSyncService - L1 engine tx event: Detected(txidHex=0c32bcbd2359ab08223f53522278c5b298046e4468452a20c7d7971fd0d40185, netAmountDuffs=-1220, feeDuffs=null, contextCode=1, directionCode=2)
06:15:48 [DefaultDispatcher-worker-12] CutoverUiDataService - engine detected tx 81451508570e8f7edfccf9b894e36a8d994ab9e51096d43e9426f465cc046582 pre-block (context=1, net=-870 duffs) — syncing display row now
06:15:48 [DefaultDispatcher-worker-14] CutoverUiDataService - SDK balance published: 98715680 duffs (was 98718870) | l1Synced=true rescanArmedHold=false dashPayBackfill(armed=false,replaying=false) deferredContactBuilds=0 (unchangedReads=3) persistedAsLastKnown=true lastKnown=0
06:15:48 [DefaultDispatcher-worker-12] BlockchainServiceImpl - network capabilities changed: 100, hasInternet: true, validated: true
06:15:48 [DefaultDispatcher-worker-12] BlockchainServiceImpl - acquiring check() mutex
06:15:48 [DefaultDispatcher-worker-12] BlockchainServiceImpl - check()
06:15:48 [DefaultDispatcher-worker-12] BlockchainServiceImpl - cutover committed — holding the dashj L1 engine; SDK owns L1 this launch
06:15:48 [DefaultDispatcher-worker-12] BlockchainServiceImpl - releasing check() mutex
06:15:48 [DefaultDispatcher-worker-15] CutoverUiDataService - cutover UI display sync: 1 SDK records → 1 inserts, 0 status updates
06:15:48 [DefaultDispatcher-worker-15] CutoverUiDataService - engine detected tx 4b4aa72dc74fc6934dbee3657b01c443bc84eeab8a7ec2959ccb7104a4290af1 pre-block (context=1, net=-1100 duffs) — syncing display row now
06:15:48 [main] WalletTransactionsFragment - STARTUP submitData called on thread=main at 1789798548815
06:15:48 [DefaultDispatcher-worker-5] CutoverUiDataService - cutover UI display sync: 1 SDK records → 1 inserts, 0 status updates
06:15:48 [DefaultDispatcher-worker-5] CutoverUiDataService - engine detected tx 0c32bcbd2359ab08223f53522278c5b298046e4468452a20c7d7971fd0d40185 pre-block (context=1, net=-1220 duffs) — syncing display row now
06:15:48 [main] WalletTransactionsFragment - STARTUP submitData called on thread=main at 1789798548824
06:15:48 [DefaultDispatcher-worker-11] CutoverUiDataService - cutover UI display sync: 1 SDK records → 1 inserts, 0 status updates
06:15:48 [main] WalletTransactionsFragment - STARTUP submitData called on thread=main at 1789798548829
06:15:49 [native-log-bridge] DashSdkNative - 09-19 01:15:23.977  4514  5639 I DashSDK : platform_wallet::changeset::core_bridge: wallet-event batch: folded=2 wallets=1 synced_height_persisted=None synced_height_frozen=None synced_height_rejected=None faulted=0
06:15:49 [native-log-bridge] DashSdkNative - 09-19 01:15:24.061  4514  5639 I DashSDK : platform_wallet::changeset::core_bridge: wallet-event batch: folded=1 wallets=1 synced_height_persisted=None synced_height_frozen=None synced_height_rejected=None faulted=0
06:15:49 [native-log-bridge] DashSdkNative - 09-19 01:15:24.354  4514  5639 I DashSDK : platform_wallet::changeset::core_bridge: wallet-event batch: folded=1 wallets=1 synced_height_persisted=None synced_height_frozen=None synced_height_rejected=None faulted=0
06:15:49 [native-log-bridge] DashSdkNative - 09-19 01:15:26.779  4514  5637 I DashSDK : platform_wallet::changeset::core_bridge: wallet-event batch: folded=1 wallets=1 synced_height_persisted=None synced_height_frozen=None synced_height_rejected=None faulted=0
06:15:49 [native-log-bridge] DashSdkNative - 09-19 01:15:26.881  4514  5637 I DashSDK : platform_wallet::changeset::core_bridge: wallet-event batch: folded=1 wallets=1 synced_height_persisted=None synced_height_frozen=None synced_height_rejected=None faulted=0
06:15:49 [native-log-bridge] DashSdkNative - 09-19 01:15:27.656  4514  5640 I DashSDK : platform_wallet::changeset::core_bridge: wallet-event batch: folded=1 wallets=1 synced_height_persisted=None synced_height_frozen=None synced_height_rejected=None faulted=0
06:15:49 [native-log-bridge] DashSdkNative - 09-19 01:15:28.210  4514  5638 I DashSDK : platform_wallet::changeset::core_bridge: wallet-event batch: folded=1 wallets=1 synced_height_persisted=None synced_height_frozen=None synced_height_rejected=None faulted=0
06:15:49 [native-log-bridge] DashSdkNative - 09-19 01:15:28.770  4514  5640 I DashSDK : platform_wallet::changeset::core_bridge: wallet-event batch: folded=3 wallets=1 synced_height_persisted=None synced_height_frozen=None synced_height_rejected=None faulted=0
06:15:49 [native-log-bridge] DashSdkNative - 09-19 01:15:28.894  4514  5640 I DashSDK : platform_wallet::changeset::core_bridge: wallet-event batch: folded=1 wallets=1 synced_height_persisted=None synced_height_frozen=None synced_height_rejected=None faulted=0
06:15:49 [native-log-bridge] DashSdkNative - 09-19 01:15:29.191  4514  5640 I DashSDK : platform_wallet::changeset::core_bridge: wallet-event batch: folded=1 wallets=1 synced_height_persisted=None synced_height_frozen=None synced_height_rejected=None faulted=0
06:15:49 [native-log-bridge] DashSdkNative - 09-19 01:15:29.253  4514  5640 I DashSDK : platform_wallet::changeset::core_bridge: wallet-event batch: folded=1 wallets=1 synced_height_persisted=None synced_height_frozen=None synced_height_rejected=None faulted=0
06:15:49 [native-log-bridge] DashSdkNative - 09-19 01:15:29.596  4514  5639 I DashSDK : platform_wallet::changeset::core_bridge: wallet-event batch: folded=1 wallets=1 synced_height_persisted=None synced_height_frozen=None synced_height_rejected=None faulted=0
06:15:49 [native-log-bridge] DashSdkNative - 09-19 01:15:30.325  4514  5638 I DashSDK : platform_wallet::changeset::core_bridge: wallet-event batch: folded=2 wallets=1 synced_height_persisted=None synced_height_frozen=None synced_height_rejected=None faulted=0
06:15:49 [native-log-bridge] DashSdkNative - 09-19 01:15:30.364  4514  5639 I DashSDK : platform_wallet::changeset::core_bridge: wallet-event batch: folded=3 wallets=1 synced_height_persisted=None synced_height_frozen=None synced_height_rejected=None faulted=0
06:15:49 [native-log-bridge] DashSdkNative - 09-19 01:15:30.578  4514  5639 I DashSDK : platform_wallet::changeset::core_bridge: wallet-event batch: folded=1 wallets=1 synced_height_persisted=None synced_height_frozen=None synced_height_rejected=None faulted=0
06:15:49 [native-log-bridge] DashSdkNative - 09-19 01:15:30.799  4514  5639 I DashSDK : platform_wallet::changeset::core_bridge: wallet-event batch: folded=1 wallets=1 synced_height_persisted=None synced_height_frozen=None synced_height_rejected=None faulted=0
06:15:49 [native-log-bridge] DashSdkNative - 09-19 01:15:31.008  4514  5639 I DashSDK : platform_wallet::changeset::core_bridge: wallet-event batch: folded=1 wallets=1 synced_height_persisted=None synced_height_frozen=None synced_height_rejected=None faulted=0
06:15:49 [native-log-bridge] DashSdkNative - 09-19 01:15:32.614  4514  5639 I DashSDK : platform_wallet::changeset::core_bridge: wallet-event batch: folded=1 wallets=1 synced_height_persisted=None synced_height_frozen=None synced_height_rejected=None faulted=0
06:15:49 [native-log-bridge] DashSdkNative - 09-19 01:15:32.775  4514  5638 I DashSDK : platform_wallet::changeset::core_bridge: wallet-event batch: folded=1 wallets=1 synced_height_persisted=None synced_height_frozen=None synced_height_rejected=None faulted=0
06:15:49 [native-log-bridge] DashSdkNative - 09-19 01:15:33.508  4514  5637 I DashSDK : platform_wallet::changeset::core_bridge: wallet-event batch: folded=6 wallets=1 synced_height_persisted=None synced_height_frozen=None synced_height_rejected=None faulted=0
06:15:49 [native-log-bridge] DashSdkNative - 09-19 01:15:34.089  4514  5639 I DashSDK : platform_wallet::changeset::core_bridge: wallet-event batch: folded=1 wallets=1 synced_height_persisted=None synced_height_frozen=None synced_height_rejected=None faulted=0
06:15:49 [native-log-bridge] DashSdkNative - 09-19 01:15:34.091  4514  5640 I DashSDK : platform_wallet::changeset::core_bridge: wallet-event batch: folded=1 wallets=1 synced_height_persisted=None synced_height_frozen=None synced_height_rejected=None faulted=0
06:15:49 [native-log-bridge] DashSdkNative - 09-19 01:15:34.172  4514  5639 I DashSDK : platform_wallet::changeset::core_bridge: wallet-event batch: folded=1 wallets=1 synced_height_persisted=None synced_height_frozen=None synced_height_rejected=None faulted=0
06:15:49 [native-log-bridge] DashSdkNative - 09-19 01:15:35.262  4514  5639 I DashSDK : platform_wallet::changeset::core_bridge: wallet-event batch: folded=3 wallets=1 synced_height_persisted=None synced_height_frozen=None synced_height_rejected=None faulted=0
06:15:49 [native-log-bridge] DashSdkNative - 09-19 01:15:35.467  4514  5640 I DashSDK : platform_wallet::changeset::core_bridge: wallet-event batch: folded=1 wallets=1 synced_height_persisted=None synced_height_frozen=None synced_height_rejected=None faulted=0
06:15:49 [native-log-bridge] DashSdkNative - 09-19 01:15:35.633  4514  5639 I DashSDK : platform_wallet::changeset::core_bridge: wallet-event batch: folded=1 wallets=1 synced_height_persisted=None synced_height_frozen=None synced_height_rejected=None faulted=0
06:15:49 [native-log-bridge] DashSdkNative - 09-19 01:15:35.882  4514  5638 I DashSDK : platform_wallet::changeset::core_bridge: wallet-event batch: folded=2 wallets=1 synced_height_persisted=None synced_height_frozen=None synced_height_rejected=None faulted=0
06:15:49 [native-log-bridge] DashSdkNative - 09-19 01:15:37.123  4514  5638 I DashSDK : platform_wallet::changeset::core_bridge: wallet-event batch: folded=3 wallets=1 synced_height_persisted=None synced_height_frozen=None synced_height_rejected=None faulted=0
06:15:49 [native-log-bridge] DashSdkNative - 09-19 01:15:37.312  4514  5639 I DashSDK : platform_wallet::changeset::core_bridge: wallet-event batch: folded=1 wallets=1 synced_height_persisted=None synced_height_frozen=None synced_height_rejected=None faulted=0
06:15:49 [native-log-bridge] DashSdkNative - 09-19 01:15:38.703  4514  5639 I DashSDK : platform_wallet::changeset::core_bridge: wallet-event batch: folded=2 wallets=1 synced_height_persisted=None synced_height_frozen=None synced_height_rejected=None faulted=0
06:15:49 [native-log-bridge] DashSdkNative - 09-19 01:15:38.784  4514  5640 I DashSDK : platform_wallet::changeset::core_bridge: wallet-event batch: folded=1 wallets=1 synced_height_persisted=None synced_height_frozen=None synced_height_rejected=None faulted=0
06:15:49 [native-log-bridge] DashSdkNative - 09-19 01:15:38.985  4514  5639 I DashSDK : platform_wallet::changeset::core_bridge: wallet-event batch: folded=1 wallets=1 synced_height_persisted=None synced_height_frozen=None synced_height_rejected=None faulted=0
06:15:49 [native-log-bridge] DashSdkNative - 09-19 01:15:40.527  4514  5637 I DashSDK : platform_wallet::changeset::core_bridge: wallet-event batch: folded=3 wallets=1 synced_height_persisted=None synced_height_frozen=None synced_height_rejected=None faulted=0
06:15:49 [native-log-bridge] DashSdkNative - 09-19 01:15:42.397  4514  5640 I DashSDK : platform_wallet::changeset::core_bridge: wallet-event batch: folded=1 wallets=1 synced_height_persisted=None synced_height_frozen=None synced_height_rejected=None faulted=0
06:15:49 [native-log-bridge] DashSdkNative - 09-19 01:15:43.983  4514  5639 I DashSDK : platform_wallet::changeset::core_bridge: wallet-event batch: folded=2 wallets=1 synced_height_persisted=None synced_height_frozen=None synced_height_rejected=None faulted=0
06:15:49 [native-log-bridge] DashSdkNative - 09-19 01:15:45.915  4514  5638 I DashSDK : platform_wallet::changeset::core_bridge: wallet-event batch: folded=1 wallets=1 synced_height_persisted=None synced_height_frozen=None synced_height_rejected=None faulted=0
06:15:49 [native-log-bridge] DashSdkNative - 09-19 01:15:46.613  4514  5640 I DashSDK : platform_wallet::changeset::core_bridge: wallet-event batch: folded=6 wallets=1 synced_height_persisted=None synced_height_frozen=None synced_height_rejected=None faulted=0
06:15:49 [native-log-bridge] DashSdkNative - 09-19 01:15:46.624  4514  5638 I DashSDK : platform_wallet::changeset::core_bridge: wallet-event batch: folded=1 wallets=1 synced_height_persisted=None synced_height_frozen=None synced_height_rejected=None faulted=0
06:15:49 [native-log-bridge] DashSdkNative - 09-19 01:15:46.714  4514  5638 I DashSDK : platform_wallet::changeset::core_bridge: wallet-event batch: folded=1 wallets=1 synced_height_persisted=None synced_height_frozen=None synced_height_rejected=None faulted=0
06:15:49 [native-log-bridge] DashSdkNative - 09-19 01:15:48.424  4514  5640 I DashSDK : platform_wallet::changeset::core_bridge: wallet-event batch: folded=3 wallets=1 synced_height_persisted=None synced_height_frozen=None synced_height_rejected=None faulted=0
06:15:51 [DefaultDispatcher-worker-7] BlockchainServiceImpl - network capabilities changed: 100, hasInternet: true, validated: true
06:15:51 [DefaultDispatcher-worker-7] BlockchainServiceImpl - acquiring check() mutex
06:15:51 [DefaultDispatcher-worker-7] BlockchainServiceImpl - check()
06:15:51 [DefaultDispatcher-worker-7] BlockchainServiceImpl - cutover committed — holding the dashj L1 engine; SDK owns L1 this launch
06:15:51 [DefaultDispatcher-worker-7] BlockchainServiceImpl - releasing check() mutex
06:15:51 [DefaultDispatcher-worker-13] L1ShadowSyncService - L1 engine tx event: InstantLocked(txidHex=f26ddcc77486ef08a55b42af869ed96777701288253af25900891d6b8aadd78a)
06:15:54 [DefaultDispatcher-worker-9] L1ShadowSyncService - L1 engine tx event: Detected(txidHex=791af3d1cbc3a799c7df4641ba511bc36a9fb7e037d7c7239de304ec6b9fb40c, netAmountDuffs=-490, feeDuffs=null, contextCode=1, directionCode=2)
06:15:54 [DefaultDispatcher-worker-9] L1ShadowSyncService - L1 engine tx event: Detected(txidHex=1588218246652dea2c12b208a4cd561e5dfe33e33f150ca95788f920df23fd84, netAmountDuffs=-490, feeDuffs=null, contextCode=1, directionCode=2)
06:15:54 [DefaultDispatcher-worker-9] L1ShadowSyncService - L1 engine tx event: Detected(txidHex=f2a5dcf83ff4ed240fcbc36e2dc548daac75cecaf6e8c4a36963a75924434b9b, netAmountDuffs=-680, feeDuffs=null, contextCode=1, directionCode=2)
06:15:54 [DefaultDispatcher-worker-9] L1ShadowSyncService - L1 engine tx event: Detected(txidHex=17d9e83b9dfb63d9fe65c9a5ff9fe6fbd23ce7f752b437074f73ef20b11f2a73, netAmountDuffs=-720, feeDuffs=null, contextCode=0, directionCode=2)
06:15:54 [DefaultDispatcher-worker-9] L1ShadowSyncService - L1 engine tx event: Detected(txidHex=92ea7e875690f89d40158dde0267eb349b78b1f15ec65956d21c8669dcd71621, netAmountDuffs=-870, feeDuffs=null, contextCode=0, directionCode=2)
06:15:54 [DefaultDispatcher-worker-9] L1ShadowSyncService - L1 engine tx event: Detected(txidHex=2a6f2bf4d015e79eee8b5631801553f78ccd6726c0360eca2a792c4fceb6ba1f, netAmountDuffs=-950, feeDuffs=null, contextCode=1, directionCode=2)
06:15:54 [DefaultDispatcher-worker-4] CutoverUiDataService - SDK balance published: 98711480 duffs (was 98715680) | l1Synced=true rescanArmedHold=false dashPayBackfill(armed=false,replaying=false) deferredContactBuilds=0 (unchangedReads=3) persistedAsLastKnown=true lastKnown=0
06:15:54 [DefaultDispatcher-worker-11] CutoverUiDataService - engine detected tx 791af3d1cbc3a799c7df4641ba511bc36a9fb7e037d7c7239de304ec6b9fb40c pre-block (context=1, net=-490 duffs) — syncing display row now
06:15:54 [DefaultDispatcher-worker-15] L1ShadowSyncService - L1 engine tx event: Detected(txidHex=64a25770ea567366dad9fa4162bf704a400400dcf1c5feb7560dea834b534890, netAmountDuffs=-1070, feeDuffs=null, contextCode=1, directionCode=2)
06:15:54 [DefaultDispatcher-worker-15] L1ShadowSyncService - L1 engine tx event: Detected(txidHex=2d337e0fc7317ca337f299151d39eb0df3a780fbd144f72b3d8a694205f4df5d, netAmountDuffs=-1060, feeDuffs=null, contextCode=1, directionCode=2)
06:15:54 [DefaultDispatcher-worker-15] L1ShadowSyncService - L1 engine tx event: Detected(txidHex=bc2ea9a9a42c13c66fc08b392f074e9867eba863ac7e6e98369414cff92fcd1a, netAmountDuffs=-1140, feeDuffs=null, contextCode=1, directionCode=2)
06:15:54 [DefaultDispatcher-worker-3] Constants - --> GET https://rates.ctx.com/rates?source=ctx
06:15:54 [DefaultDispatcher-worker-4] CutoverUiDataService - SDK balance published: 98708210 duffs (was 98711480) | l1Synced=true rescanArmedHold=false dashPayBackfill(armed=false,replaying=false) deferredContactBuilds=0 (unchangedReads=3) persistedAsLastKnown=true lastKnown=0
06:15:54 [DefaultDispatcher-worker-13] L1ShadowSyncService - L1 engine tx event: Detected(txidHex=85cbbaacf0f727b2f438dcda8f21097d821656955d674fd055124e5071be7836, netAmountDuffs=-680, feeDuffs=null, contextCode=1, directionCode=2)
06:15:54 [DefaultDispatcher-worker-13] L1ShadowSyncService - L1 engine tx event: Detected(txidHex=b3fe79a1af676989678abdfdb0277e823defcef9a78523215d637e864ca86c1b, netAmountDuffs=-1100, feeDuffs=null, contextCode=1, directionCode=2)
06:15:54 [DefaultDispatcher-worker-13] CutoverUiDataService - SDK balance published: 98706430 duffs (was 98708210) | l1Synced=true rescanArmedHold=false dashPayBackfill(armed=false,replaying=false) deferredContactBuilds=0 (unchangedReads=3) persistedAsLastKnown=true lastKnown=0
06:15:54 [DefaultDispatcher-worker-3] Constants - <-- 200 https://rates.ctx.com/rates?source=ctx (71ms, unknown-length body)
06:15:54 [DefaultDispatcher-worker-5] ExchangeRatesRepository - exchange rates updated successfully with de.schildbach.wallet.rates.DashRetailClient@adcd44c
06:15:54 [DefaultDispatcher-worker-7] ExchangeRatesRepository - updateTrigger
06:15:54 [DefaultDispatcher-worker-2] CutoverUiDataService - cutover UI display sync: 1 SDK records → 1 inserts, 0 status updates
06:15:54 [DefaultDispatcher-worker-2] CutoverUiDataService - engine detected tx 1588218246652dea2c12b208a4cd561e5dfe33e33f150ca95788f920df23fd84 pre-block (context=1, net=-490 duffs) — syncing display row now
06:15:54 [main] WalletTransactionsFragment - STARTUP submitData called on thread=main at 1789798554722
06:15:54 [DefaultDispatcher-worker-14] CutoverUiDataService - cutover UI display sync: 1 SDK records → 1 inserts, 0 status updates
06:15:54 [DefaultDispatcher-worker-14] CutoverUiDataService - engine detected tx f2a5dcf83ff4ed240fcbc36e2dc548daac75cecaf6e8c4a36963a75924434b9b pre-block (context=1, net=-680 duffs) — syncing display row now
06:15:54 [main] WalletTransactionsFragment - STARTUP submitData called on thread=main at 1789798554729
06:15:54 [DefaultDispatcher-worker-15] CutoverUiDataService - cutover UI display sync: 1 SDK records → 1 inserts, 0 status updates
06:15:54 [DefaultDispatcher-worker-15] CutoverUiDataService - engine detected tx 17d9e83b9dfb63d9fe65c9a5ff9fe6fbd23ce7f752b437074f73ef20b11f2a73 pre-block (context=0, net=-720 duffs) — syncing display row now
06:15:54 [main] WalletTransactionsFragment - STARTUP submitData called on thread=main at 1789798554736
06:15:54 [DefaultDispatcher-worker-15] CutoverUiDataService - cutover UI display sync: 1 SDK records → 1 inserts, 0 status updates
06:15:54 [DefaultDispatcher-worker-15] CutoverUiDataService - engine detected tx 92ea7e875690f89d40158dde0267eb349b78b1f15ec65956d21c8669dcd71621 pre-block (context=0, net=-870 duffs) — syncing display row now
06:15:54 [main] WalletTransactionsFragment - STARTUP submitData called on thread=main at 1789798554742
06:15:54 [DefaultDispatcher-worker-14] L1ShadowSyncService - L1 engine tx event: Detected(txidHex=8fb38532ac847102b419a95393f5cdda04a28893653f590aa770b96509524873, netAmountDuffs=-720, feeDuffs=null, contextCode=0, directionCode=2)
06:15:54 [DefaultDispatcher-worker-14] L1ShadowSyncService - L1 engine tx event: Detected(txidHex=11cc71a41187422b5951a9882fff87933dfc2f268ca70fe5f48a48f736ff2b46, netAmountDuffs=-950, feeDuffs=null, contextCode=0, directionCode=2)
06:15:54 [DefaultDispatcher-worker-15] CutoverUiDataService - SDK balance published: 98704760 duffs (was 98706430) | l1Synced=true rescanArmedHold=false dashPayBackfill(armed=false,replaying=false) deferredContactBuilds=0 (unchangedReads=3) persistedAsLastKnown=true lastKnown=0
06:15:54 [DefaultDispatcher-worker-12] CutoverUiDataService - cutover UI display sync: 1 SDK records → 1 inserts, 0 status updates
06:15:54 [DefaultDispatcher-worker-12] CutoverUiDataService - engine detected tx 2a6f2bf4d015e79eee8b5631801553f78ccd6726c0360eca2a792c4fceb6ba1f pre-block (context=1, net=-950 duffs) — syncing display row now
06:15:54 [main] WalletTransactionsFragment - STARTUP submitData called on thread=main at 1789798554761
06:15:54 [DefaultDispatcher-worker-4] CutoverUiDataService - cutover UI display sync: 1 SDK records → 1 inserts, 0 status updates
06:15:54 [DefaultDispatcher-worker-4] CutoverUiDataService - engine detected tx 64a25770ea567366dad9fa4162bf704a400400dcf1c5feb7560dea834b534890 pre-block (context=1, net=-1070 duffs) — syncing display row now
06:15:54 [main] WalletTransactionsFragment - STARTUP submitData called on thread=main at 1789798554772
06:15:54 [DefaultDispatcher-worker-12] CutoverUiDataService - cutover UI display sync: 1 SDK records → 1 inserts, 0 status updates
06:15:54 [DefaultDispatcher-worker-12] CutoverUiDataService - engine detected tx 2d337e0fc7317ca337f299151d39eb0df3a780fbd144f72b3d8a694205f4df5d pre-block (context=1, net=-1060 duffs) — syncing display row now
06:15:54 [main] WalletTransactionsFragment - STARTUP submitData called on thread=main at 1789798554778
06:15:54 [DefaultDispatcher-worker-3] CutoverUiDataService - cutover UI display sync: 1 SDK records → 1 inserts, 0 status updates
06:15:54 [DefaultDispatcher-worker-3] CutoverUiDataService - engine detected tx bc2ea9a9a42c13c66fc08b392f074e9867eba863ac7e6e98369414cff92fcd1a pre-block (context=1, net=-1140 duffs) — syncing display row now
06:15:54 [main] WalletTransactionsFragment - STARTUP submitData called on thread=main at 1789798554787
06:15:54 [DefaultDispatcher-worker-1] CutoverUiDataService - cutover UI display sync: 1 SDK records → 1 inserts, 0 status updates
06:15:54 [DefaultDispatcher-worker-1] CutoverUiDataService - engine detected tx 85cbbaacf0f727b2f438dcda8f21097d821656955d674fd055124e5071be7836 pre-block (context=1, net=-680 duffs) — syncing display row now
06:15:54 [main] WalletTransactionsFragment - STARTUP submitData called on thread=main at 1789798554794
06:15:54 [DefaultDispatcher-worker-11] CutoverUiDataService - cutover UI display sync: 1 SDK records → 1 inserts, 0 status updates
06:15:54 [DefaultDispatcher-worker-11] CutoverUiDataService - engine detected tx b3fe79a1af676989678abdfdb0277e823defcef9a78523215d637e864ca86c1b pre-block (context=1, net=-1100 duffs) — syncing display row now
06:15:54 [main] WalletTransactionsFragment - STARTUP submitData called on thread=main at 1789798554804
06:15:54 [DefaultDispatcher-worker-4] CutoverUiDataService - cutover UI display sync: 1 SDK records → 1 inserts, 0 status updates
06:15:54 [main] WalletTransactionsFragment - STARTUP submitData called on thread=main at 1789798554811
06:15:54 [DefaultDispatcher-worker-6] CutoverUiDataService - engine detected tx 8fb38532ac847102b419a95393f5cdda04a28893653f590aa770b96509524873 pre-block (context=0, net=-720 duffs) — syncing display row now
06:15:54 [DefaultDispatcher-worker-6] CutoverUiDataService - cutover UI display sync: 1 SDK records → 1 inserts, 0 status updates
06:15:54 [DefaultDispatcher-worker-6] CutoverUiDataService - engine detected tx 11cc71a41187422b5951a9882fff87933dfc2f268ca70fe5f48a48f736ff2b46 pre-block (context=0, net=-950 duffs) — syncing display row now
06:15:54 [main] WalletTransactionsFragment - STARTUP submitData called on thread=main at 1789798554840
06:15:54 [DefaultDispatcher-worker-15] CutoverUiDataService - cutover UI display sync: 1 SDK records → 1 inserts, 0 status updates
06:15:54 [main] WalletTransactionsFragment - STARTUP submitData called on thread=main at 1789798554847
06:15:55 [DefaultDispatcher-worker-6] L1ShadowSyncService - L1 engine tx event: Detected(txidHex=a7b51bee2e792eab1d199b821b07fd7c2bce84871ce1552b09c6941c81b0e13d, netAmountDuffs=-1140, feeDuffs=null, contextCode=0, directionCode=2)
06:15:55 [DefaultDispatcher-worker-15] CutoverUiDataService - engine detected tx a7b51bee2e792eab1d199b821b07fd7c2bce84871ce1552b09c6941c81b0e13d pre-block (context=0, net=-1140 duffs) — syncing display row now
06:15:55 [DefaultDispatcher-worker-6] CutoverUiDataService - SDK balance published: 98703620 duffs (was 98704760) | l1Synced=true rescanArmedHold=false dashPayBackfill(armed=false,replaying=false) deferredContactBuilds=0 (unchangedReads=3) persistedAsLastKnown=true lastKnown=0
06:15:55 [DefaultDispatcher-worker-3] CutoverUiDataService - cutover UI display sync: 1 SDK records → 1 inserts, 0 status updates
06:15:55 [main] WalletTransactionsFragment - STARTUP submitData called on thread=main at 1789798555335
06:15:55 [main] WalletTransactionsFragment - STARTUP submitData called on thread=main at 1789798555335
06:15:55 [DefaultDispatcher-worker-12] L1ShadowSyncService - L1 engine tx event: InstantLocked(txidHex=11cc71a41187422b5951a9882fff87933dfc2f268ca70fe5f48a48f736ff2b46)
06:15:55 [DefaultDispatcher-worker-12] L1ShadowSyncService - L1 engine tx event: InstantLocked(txidHex=8fb38532ac847102b419a95393f5cdda04a28893653f590aa770b96509524873)
06:15:55 [DefaultDispatcher-worker-10] L1ShadowSyncService - L1 engine tx event: InstantLocked(txidHex=17d9e83b9dfb63d9fe65c9a5ff9fe6fbd23ce7f752b437074f73ef20b11f2a73)
06:15:55 [DefaultDispatcher-worker-3] L1ShadowSyncService - L1 engine tx event: InstantLocked(txidHex=a7b51bee2e792eab1d199b821b07fd7c2bce84871ce1552b09c6941c81b0e13d)
06:15:56 [DefaultDispatcher-worker-9] L1ShadowSyncService - L1 engine tx event: InstantLocked(txidHex=92ea7e875690f89d40158dde0267eb349b78b1f15ec65956d21c8669dcd71621)
06:15:56 [DefaultDispatcher-worker-9] L1ShadowSyncService - L1 engine tx event: Detected(txidHex=953a0326ba07a26fed5fe0e700fbb16d574aa1ccd41438463323ee3af743e98e, netAmountDuffs=-1220, feeDuffs=null, contextCode=1, directionCode=2)
06:15:56 [DefaultDispatcher-worker-9] CutoverUiDataService - SDK balance published: 98702400 duffs (was 98703620) | l1Synced=true rescanArmedHold=false dashPayBackfill(armed=false,replaying=false) deferredContactBuilds=0 (unchangedReads=3) persistedAsLastKnown=true lastKnown=0
06:15:56 [DefaultDispatcher-worker-4] CutoverUiDataService - engine detected tx 953a0326ba07a26fed5fe0e700fbb16d574aa1ccd41438463323ee3af743e98e pre-block (context=1, net=-1220 duffs) — syncing display row now
06:15:57 [DefaultDispatcher-worker-12] CutoverUiDataService - cutover UI display sync: 1 SDK records → 1 inserts, 0 status updates
06:15:57 [main] WalletTransactionsFragment - STARTUP submitData called on thread=main at 1789798557031
06:15:57 [DefaultDispatcher-worker-9] L1ShadowSyncService - L1 engine tx event: Detected(txidHex=b6ac9b6c0c82c9c1025dfa17b38005ea91487a37d49ca0590c372190eab466e4, netAmountDuffs=-680, feeDuffs=null, contextCode=0, directionCode=2)
06:15:57 [DefaultDispatcher-worker-9] L1ShadowSyncService - L1 engine tx event: Detected(txidHex=8a5e7e8d8921ed342c590ecca419b28a7f363e383a974dac7bfdf91512857bcc, netAmountDuffs=-990, feeDuffs=null, contextCode=0, directionCode=2)
06:15:57 [DefaultDispatcher-worker-14] CutoverUiDataService - engine detected tx b6ac9b6c0c82c9c1025dfa17b38005ea91487a37d49ca0590c372190eab466e4 pre-block (context=0, net=-680 duffs) — syncing display row now
06:15:57 [DefaultDispatcher-worker-4] CutoverUiDataService - SDK balance published: 98700730 duffs (was 98702400) | l1Synced=true rescanArmedHold=false dashPayBackfill(armed=false,replaying=false) deferredContactBuilds=0 (unchangedReads=3) persistedAsLastKnown=true lastKnown=0
06:15:57 [DefaultDispatcher-worker-10] L1ShadowSyncService - L1 engine tx event: InstantLocked(txidHex=b6ac9b6c0c82c9c1025dfa17b38005ea91487a37d49ca0590c372190eab466e4)
06:15:58 [DefaultDispatcher-worker-1] L1ShadowSyncService - L1 engine tx event: InstantLocked(txidHex=8a5e7e8d8921ed342c590ecca419b28a7f363e383a974dac7bfdf91512857bcc)
06:15:58 [DefaultDispatcher-worker-14] CutoverUiDataService - cutover UI display sync: 1 SDK records → 1 inserts, 0 status updates
06:15:58 [DefaultDispatcher-worker-14] CutoverUiDataService - engine detected tx 8a5e7e8d8921ed342c590ecca419b28a7f363e383a974dac7bfdf91512857bcc pre-block (context=0, net=-990 duffs) — syncing display row now
06:15:58 [main] WalletTransactionsFragment - STARTUP submitData called on thread=main at 1789798558149
06:15:58 [DefaultDispatcher-worker-6] CutoverUiDataService - cutover UI display sync: 1 SDK records → 1 inserts, 0 status updates
06:15:58 [main] WalletTransactionsFragment - STARTUP submitData called on thread=main at 1789798558154
06:16:00 [main] BlockchainServiceImpl - MEM pss=407MB nativeHeap=272/387MB jvm=40/576MB
06:16:00 [main] BlockchainServiceImpl - History of transactions/blocks/headers/mnlistdiff (sdk): 92/0/0/0, 0/0/0/0, 0/1/1/1, 0/0/0/0, 0/1/1/1, 142/1/1/1, 131/795576/0/0, 0/630000/2000/1556575
06:16:00 [DefaultDispatcher-worker-5] BlockchainServiceImpl - network capabilities changed: 100, hasInternet: true, validated: true
06:16:00 [DefaultDispatcher-worker-5] BlockchainServiceImpl - acquiring check() mutex
06:16:00 [DefaultDispatcher-worker-5] BlockchainServiceImpl - check()
06:16:00 [DefaultDispatcher-worker-5] BlockchainServiceImpl - cutover committed — holding the dashj L1 engine; SDK owns L1 this launch
06:16:00 [DefaultDispatcher-worker-5] BlockchainServiceImpl - releasing check() mutex
06:16:03 [DefaultDispatcher-worker-5] BlockchainServiceImpl - network capabilities changed: 100, hasInternet: true, validated: true
06:16:03 [DefaultDispatcher-worker-5] BlockchainServiceImpl - acquiring check() mutex
06:16:03 [DefaultDispatcher-worker-5] BlockchainServiceImpl - check()
06:16:03 [DefaultDispatcher-worker-5] BlockchainServiceImpl - cutover committed — holding the dashj L1 engine; SDK owns L1 this launch
06:16:03 [DefaultDispatcher-worker-5] BlockchainServiceImpl - releasing check() mutex
06:16:03 [DefaultDispatcher-worker-3] L1ShadowSyncService - L1 engine tx event: Detected(txidHex=2afd65dd06d99f9e78a58a107ca852ddd9b423a9319d7a5e01e1b1c5c440f2f3, netAmountDuffs=-490, feeDuffs=null, contextCode=1, directionCode=2)
06:16:03 [DefaultDispatcher-worker-3] L1ShadowSyncService - L1 engine tx event: Detected(txidHex=2866bdffb5b4fa1c9fad729e188b69c838da775d77947a3a7be3db393a777f9c, netAmountDuffs=-490, feeDuffs=null, contextCode=1, directionCode=2)
06:16:03 [DefaultDispatcher-worker-13] CutoverUiDataService - engine detected tx 2afd65dd06d99f9e78a58a107ca852ddd9b423a9319d7a5e01e1b1c5c440f2f3 pre-block (context=1, net=-490 duffs) — syncing display row now
06:16:03 [DefaultDispatcher-worker-12] CutoverUiDataService - SDK balance published: 98697740 duffs (was 98700730) | l1Synced=true rescanArmedHold=false dashPayBackfill(armed=false,replaying=false) deferredContactBuilds=0 (unchangedReads=3) persistedAsLastKnown=true lastKnown=0
06:16:03 [DefaultDispatcher-worker-3] L1ShadowSyncService - L1 engine tx event: Detected(txidHex=58cbd37d7d0c40ea0ea6c9566e883648df90d37dd007c0cc6024e444305ab6e3, netAmountDuffs=-530, feeDuffs=null, contextCode=1, directionCode=2)
06:16:03 [DefaultDispatcher-worker-3] L1ShadowSyncService - L1 engine tx event: Detected(txidHex=81b6444bed94ee7e51d37e2085148559e86e21fa3d11c78050235fa37516642b, netAmountDuffs=-530, feeDuffs=null, contextCode=1, directionCode=2)
06:16:03 [DefaultDispatcher-worker-3] L1ShadowSyncService - L1 engine tx event: Detected(txidHex=6d6f272017141f36572c7a835a291e0eec8ccf76a7c613fc9d43744d72632f94, netAmountDuffs=-950, feeDuffs=null, contextCode=1, directionCode=2)
06:16:03 [DefaultDispatcher-worker-3] L1ShadowSyncService - L1 engine tx event: Detected(txidHex=e75f6fd0e57b2ab3cbb85f184d736fbd00781ff0962941703f34c1cafa302da9, netAmountDuffs=-1070, feeDuffs=null, contextCode=1, directionCode=2)
06:16:03 [DefaultDispatcher-worker-3] L1ShadowSyncService - L1 engine tx event: Detected(txidHex=4e5b04f3650504be1c51587ff5a2f08e2d3fc10a9412c0b1ecc4b6135b2ca4d4, netAmountDuffs=-1220, feeDuffs=null, contextCode=0, directionCode=2)
06:16:03 [DefaultDispatcher-worker-3] L1ShadowSyncService - L1 engine tx event: Detected(txidHex=8b4db1cc4ec4dc63fc7ba89037ef80c369f8ae23056559e799a8834cf4ee9fa4, netAmountDuffs=-680, feeDuffs=null, contextCode=0, directionCode=2)
06:16:03 [DefaultDispatcher-worker-3] L1ShadowSyncService - L1 engine tx event: Detected(txidHex=9eae8f5c5ff78a49771382e37e385a391d971d355b17b872881bcaef4df9cf60, netAmountDuffs=-1220, feeDuffs=null, contextCode=1, directionCode=2)
06:16:03 [DefaultDispatcher-worker-12] CutoverUiDataService - SDK balance published: 98693550 duffs (was 98697740) | l1Synced=true rescanArmedHold=false dashPayBackfill(armed=false,replaying=false) deferredContactBuilds=0 (unchangedReads=3) persistedAsLastKnown=true lastKnown=0
06:16:04 [DefaultDispatcher-worker-6] L1ShadowSyncService - L1 engine tx event: InstantLocked(txidHex=8b4db1cc4ec4dc63fc7ba89037ef80c369f8ae23056559e799a8834cf4ee9fa4)
06:16:04 [DefaultDispatcher-worker-5] CutoverUiDataService - cutover UI display sync: 1 SDK records → 1 inserts, 0 status updates
06:16:04 [DefaultDispatcher-worker-5] CutoverUiDataService - engine detected tx 2866bdffb5b4fa1c9fad729e188b69c838da775d77947a3a7be3db393a777f9c pre-block (context=1, net=-490 duffs) — syncing display row now
06:16:04 [main] WalletTransactionsFragment - STARTUP submitData called on thread=main at 1789798564308
06:16:04 [DefaultDispatcher-worker-5] CutoverUiDataService - cutover UI display sync: 1 SDK records → 1 inserts, 0 status updates
06:16:04 [DefaultDispatcher-worker-5] CutoverUiDataService - engine detected tx 58cbd37d7d0c40ea0ea6c9566e883648df90d37dd007c0cc6024e444305ab6e3 pre-block (context=1, net=-530 duffs) — syncing display row now
06:16:04 [main] WalletTransactionsFragment - STARTUP submitData called on thread=main at 1789798564318
06:16:04 [DefaultDispatcher-worker-2] CutoverUiDataService - cutover UI display sync: 1 SDK records → 1 inserts, 0 status updates
06:16:04 [DefaultDispatcher-worker-2] CutoverUiDataService - engine detected tx 81b6444bed94ee7e51d37e2085148559e86e21fa3d11c78050235fa37516642b pre-block (context=1, net=-530 duffs) — syncing display row now
06:16:04 [main] WalletTransactionsFragment - STARTUP submitData called on thread=main at 1789798564325
06:16:04 [DefaultDispatcher-worker-5] CutoverUiDataService - cutover UI display sync: 1 SDK records → 1 inserts, 0 status updates
06:16:04 [DefaultDispatcher-worker-5] CutoverUiDataService - engine detected tx 6d6f272017141f36572c7a835a291e0eec8ccf76a7c613fc9d43744d72632f94 pre-block (context=1, net=-950 duffs) — syncing display row now
06:16:04 [main] WalletTransactionsFragment - STARTUP submitData called on thread=main at 1789798564331
06:16:04 [DefaultDispatcher-worker-15] CutoverUiDataService - cutover UI display sync: 1 SDK records → 1 inserts, 0 status updates
06:16:04 [DefaultDispatcher-worker-15] CutoverUiDataService - engine detected tx e75f6fd0e57b2ab3cbb85f184d736fbd00781ff0962941703f34c1cafa302da9 pre-block (context=1, net=-1070 duffs) — syncing display row now
06:16:04 [main] WalletTransactionsFragment - STARTUP submitData called on thread=main at 1789798564341
06:16:04 [DefaultDispatcher-worker-14] CutoverUiDataService - cutover UI display sync: 1 SDK records → 1 inserts, 0 status updates
06:16:04 [DefaultDispatcher-worker-14] CutoverUiDataService - engine detected tx 4e5b04f3650504be1c51587ff5a2f08e2d3fc10a9412c0b1ecc4b6135b2ca4d4 pre-block (context=0, net=-1220 duffs) — syncing display row now
06:16:04 [main] WalletTransactionsFragment - STARTUP submitData called on thread=main at 1789798564356
06:16:04 [main] WalletTransactionsFragment - STARTUP submitData called on thread=main at 1789798564356
06:16:04 [DefaultDispatcher-worker-14] CutoverUiDataService - cutover UI display sync: 1 SDK records → 1 inserts, 0 status updates
06:16:04 [DefaultDispatcher-worker-14] CutoverUiDataService - engine detected tx 8b4db1cc4ec4dc63fc7ba89037ef80c369f8ae23056559e799a8834cf4ee9fa4 pre-block (context=0, net=-680 duffs) — syncing display row now
06:16:04 [main] WalletTransactionsFragment - STARTUP submitData called on thread=main at 1789798564362
06:16:04 [DefaultDispatcher-worker-14] CutoverUiDataService - cutover UI display sync: 1 SDK records → 1 inserts, 0 status updates
06:16:04 [DefaultDispatcher-worker-14] CutoverUiDataService - engine detected tx 9eae8f5c5ff78a49771382e37e385a391d971d355b17b872881bcaef4df9cf60 pre-block (context=1, net=-1220 duffs) — syncing display row now
06:16:04 [main] WalletTransactionsFragment - STARTUP submitData called on thread=main at 1789798564370
06:16:04 [main] WalletTransactionsFragment - STARTUP submitData called on thread=main at 1789798564370
06:16:04 [DefaultDispatcher-worker-12] CutoverUiDataService - cutover UI display sync: 1 SDK records → 1 inserts, 0 status updates
06:16:04 [main] WalletTransactionsFragment - STARTUP submitData called on thread=main at 1789798564376
06:16:04 [DefaultDispatcher-worker-13] L1ShadowSyncService - L1 engine tx event: InstantLocked(txidHex=4e5b04f3650504be1c51587ff5a2f08e2d3fc10a9412c0b1ecc4b6135b2ca4d4)
06:16:05 [DefaultDispatcher-worker-9] L1ShadowSyncService - L1 engine tx event: Detected(txidHex=df074fc8d8a298f05ff19252d0aa27c58ed1c59134321e0c493b6ffdef0d91ec, netAmountDuffs=-490, feeDuffs=null, contextCode=0, directionCode=2)
06:16:05 [DefaultDispatcher-worker-9] L1ShadowSyncService - L1 engine tx event: Detected(txidHex=a6334beee7b5cf73fdd739853c874c3a639f237fafa9c597990932a045967294, netAmountDuffs=-760, feeDuffs=null, contextCode=1, directionCode=2)
06:16:05 [DefaultDispatcher-worker-10] CutoverUiDataService - engine detected tx df074fc8d8a298f05ff19252d0aa27c58ed1c59134321e0c493b6ffdef0d91ec pre-block (context=0, net=-490 duffs) — syncing display row now
06:16:05 [DefaultDispatcher-worker-9] L1ShadowSyncService - L1 engine tx event: Detected(txidHex=79157f843f6ce771241332797ffb2be35cf2bde7530c1d52c6e647f444c81906, netAmountDuffs=-910, feeDuffs=null, contextCode=1, directionCode=2)
06:16:05 [DefaultDispatcher-worker-3] CutoverUiDataService - SDK balance published: 98690330 duffs (was 98693550) | l1Synced=true rescanArmedHold=false dashPayBackfill(armed=false,replaying=false) deferredContactBuilds=0 (unchangedReads=3) persistedAsLastKnown=true lastKnown=0
06:16:05 [DefaultDispatcher-worker-9] L1ShadowSyncService - L1 engine tx event: Detected(txidHex=7aba8dd92f5de0f0f344d59ce1cfab6e30c8e2a53b8c421683e4d05657f235e4, netAmountDuffs=-1060, feeDuffs=null, contextCode=1, directionCode=2)
06:16:05 [DefaultDispatcher-worker-3] L1ShadowSyncService - L1 engine tx event: InstantLocked(txidHex=df074fc8d8a298f05ff19252d0aa27c58ed1c59134321e0c493b6ffdef0d91ec)
06:16:06 [DefaultDispatcher-worker-3] CutoverUiDataService - cutover UI display sync: 1 SDK records → 1 inserts, 0 status updates
06:16:06 [DefaultDispatcher-worker-3] CutoverUiDataService - engine detected tx a6334beee7b5cf73fdd739853c874c3a639f237fafa9c597990932a045967294 pre-block (context=1, net=-760 duffs) — syncing display row now
06:16:06 [main] WalletTransactionsFragment - STARTUP submitData called on thread=main at 1789798566036
06:16:06 [DefaultDispatcher-worker-10] CutoverUiDataService - cutover UI display sync: 1 SDK records → 1 inserts, 0 status updates
06:16:06 [DefaultDispatcher-worker-10] CutoverUiDataService - engine detected tx 79157f843f6ce771241332797ffb2be35cf2bde7530c1d52c6e647f444c81906 pre-block (context=1, net=-910 duffs) — syncing display row now
06:16:06 [main] WalletTransactionsFragment - STARTUP submitData called on thread=main at 1789798566042
06:16:06 [main] WalletTransactionsFragment - STARTUP submitData called on thread=main at 1789798566043
06:16:06 [DefaultDispatcher-worker-10] CutoverUiDataService - cutover UI display sync: 1 SDK records → 1 inserts, 0 status updates
06:16:06 [DefaultDispatcher-worker-10] CutoverUiDataService - engine detected tx 7aba8dd92f5de0f0f344d59ce1cfab6e30c8e2a53b8c421683e4d05657f235e4 pre-block (context=1, net=-1060 duffs) — syncing display row now
06:16:06 [main] WalletTransactionsFragment - STARTUP submitData called on thread=main at 1789798566049
06:16:06 [DefaultDispatcher-worker-6] CutoverUiDataService - cutover UI display sync: 1 SDK records → 1 inserts, 0 status updates
06:16:06 [main] WalletTransactionsFragment - STARTUP submitData called on thread=main at 1789798566058
06:16:06 [main] WalletTransactionsFragment - STARTUP submitData called on thread=main at 1789798566058
06:16:06 [DefaultDispatcher-worker-7] L1ShadowSyncService - L1 engine tx event: Detected(txidHex=265e4efa7e8f3751bb175ce314654adf0a319cf1fd69efdff7ec2f1f9873769f, netAmountDuffs=-490, feeDuffs=null, contextCode=0, directionCode=2)
06:16:06 [DefaultDispatcher-worker-6] CutoverUiDataService - SDK balance published: 98689840 duffs (was 98690330) | l1Synced=true rescanArmedHold=false dashPayBackfill(armed=false,replaying=false) deferredContactBuilds=0 (unchangedReads=3) persistedAsLastKnown=true lastKnown=0
06:16:06 [DefaultDispatcher-worker-3] CutoverUiDataService - engine detected tx 265e4efa7e8f3751bb175ce314654adf0a319cf1fd69efdff7ec2f1f9873769f pre-block (context=0, net=-490 duffs) — syncing display row now
06:16:06 [DefaultDispatcher-worker-2] CutoverUiDataService - cutover UI display sync: 1 SDK records → 1 inserts, 0 status updates
06:16:06 [main] WalletTransactionsFragment - STARTUP submitData called on thread=main at 1789798566215
06:16:06 [DefaultDispatcher-worker-9] L1ShadowSyncService - L1 engine tx event: InstantLocked(txidHex=265e4efa7e8f3751bb175ce314654adf0a319cf1fd69efdff7ec2f1f9873769f)
06:16:06 [DefaultDispatcher-worker-6] BlockchainServiceImpl - network capabilities changed: 100, hasInternet: true, validated: true
06:16:06 [DefaultDispatcher-worker-6] BlockchainServiceImpl - acquiring check() mutex
06:16:06 [DefaultDispatcher-worker-6] BlockchainServiceImpl - check()
06:16:06 [DefaultDispatcher-worker-6] BlockchainServiceImpl - cutover committed — holding the dashj L1 engine; SDK owns L1 this launch
06:16:06 [DefaultDispatcher-worker-6] BlockchainServiceImpl - releasing check() mutex
06:16:09 [DefaultDispatcher-worker-9] L1ShadowSyncService - L1 engine tx event: Detected(txidHex=428422b2e3c607c7b72d17cee77e8b1a0bba7d92b58ca1d7cfa7563223e327cd, netAmountDuffs=-490, feeDuffs=null, contextCode=0, directionCode=2)
06:16:09 [DefaultDispatcher-worker-9] L1ShadowSyncService - L1 engine tx event: Detected(txidHex=1e024d998945336473aa90afce6a68ad26127b1272069da540a881c4abb952c6, netAmountDuffs=-490, feeDuffs=null, contextCode=0, directionCode=2)
06:16:09 [DefaultDispatcher-worker-9] L1ShadowSyncService - L1 engine tx event: Detected(txidHex=69200c5371a3246a4f6e2a60ea06501a43a36bfae1d0bfbde90feabf92199224, netAmountDuffs=-490, feeDuffs=null, contextCode=1, directionCode=2)
06:16:09 [DefaultDispatcher-worker-13] CutoverUiDataService - engine detected tx 428422b2e3c607c7b72d17cee77e8b1a0bba7d92b58ca1d7cfa7563223e327cd pre-block (context=0, net=-490 duffs) — syncing display row now
06:16:09 [DefaultDispatcher-worker-9] L1ShadowSyncService - L1 engine tx event: Detected(txidHex=9d5986d7716ab5e3fed31d6bfefeda19caf6ca1e2de611f46b90ace1b189d1f6, netAmountDuffs=-1060, feeDuffs=null, contextCode=0, directionCode=2)
06:16:09 [DefaultDispatcher-worker-15] CutoverUiDataService - SDK balance published: 98686820 duffs (was 98689840) | l1Synced=true rescanArmedHold=false dashPayBackfill(armed=false,replaying=false) deferredContactBuilds=0 (unchangedReads=3) persistedAsLastKnown=true lastKnown=0
06:16:09 [DefaultDispatcher-worker-9] L1ShadowSyncService - L1 engine tx event: Detected(txidHex=7370c4de99ffd7067c6848254dce73678c23b3cd76f938a702d94807bc8f3dd8, netAmountDuffs=-490, feeDuffs=null, contextCode=0, directionCode=2)
06:16:09 [DefaultDispatcher-worker-3] L1ShadowSyncService - L1 engine tx event: InstantLocked(txidHex=1e024d998945336473aa90afce6a68ad26127b1272069da540a881c4abb952c6)
06:16:09 [DefaultDispatcher-worker-13] L1ShadowSyncService - L1 engine tx event: InstantLocked(txidHex=7370c4de99ffd7067c6848254dce73678c23b3cd76f938a702d94807bc8f3dd8)
06:16:09 [DefaultDispatcher-worker-13] L1ShadowSyncService - L1 engine tx event: InstantLocked(txidHex=428422b2e3c607c7b72d17cee77e8b1a0bba7d92b58ca1d7cfa7563223e327cd)
06:16:09 [DefaultDispatcher-worker-5] CutoverUiDataService - cutover UI display sync: 1 SDK records → 1 inserts, 0 status updates
06:16:09 [DefaultDispatcher-worker-5] CutoverUiDataService - engine detected tx 1e024d998945336473aa90afce6a68ad26127b1272069da540a881c4abb952c6 pre-block (context=0, net=-490 duffs) — syncing display row now
06:16:09 [main] WalletTransactionsFragment - STARTUP submitData called on thread=main at 1789798569427
06:16:09 [DefaultDispatcher-worker-2] CutoverUiDataService - cutover UI display sync: 1 SDK records → 1 inserts, 0 status updates
06:16:09 [DefaultDispatcher-worker-2] CutoverUiDataService - engine detected tx 69200c5371a3246a4f6e2a60ea06501a43a36bfae1d0bfbde90feabf92199224 pre-block (context=1, net=-490 duffs) — syncing display row now
06:16:09 [main] WalletTransactionsFragment - STARTUP submitData called on thread=main at 1789798569431
06:16:09 [DefaultDispatcher-worker-2] CutoverUiDataService - cutover UI display sync: 1 SDK records → 1 inserts, 0 status updates
06:16:09 [DefaultDispatcher-worker-2] CutoverUiDataService - engine detected tx 9d5986d7716ab5e3fed31d6bfefeda19caf6ca1e2de611f46b90ace1b189d1f6 pre-block (context=0, net=-1060 duffs) — syncing display row now
06:16:09 [main] WalletTransactionsFragment - STARTUP submitData called on thread=main at 1789798569436
06:16:09 [DefaultDispatcher-worker-5] CutoverUiDataService - cutover UI display sync: 1 SDK records → 1 inserts, 0 status updates
06:16:09 [DefaultDispatcher-worker-5] CutoverUiDataService - engine detected tx 7370c4de99ffd7067c6848254dce73678c23b3cd76f938a702d94807bc8f3dd8 pre-block (context=0, net=-490 duffs) — syncing display row now
06:16:09 [main] WalletTransactionsFragment - STARTUP submitData called on thread=main at 1789798569448
06:16:09 [DefaultDispatcher-worker-4] CutoverUiDataService - cutover UI display sync: 1 SDK records → 1 inserts, 0 status updates
06:16:09 [main] WalletTransactionsFragment - STARTUP submitData called on thread=main at 1789798569459
06:16:09 [DefaultDispatcher-worker-4] BlockchainServiceImpl - network capabilities changed: 100, hasInternet: true, validated: true
06:16:09 [DefaultDispatcher-worker-4] BlockchainServiceImpl - acquiring check() mutex
06:16:09 [DefaultDispatcher-worker-4] BlockchainServiceImpl - check()
06:16:09 [DefaultDispatcher-worker-4] BlockchainServiceImpl - cutover committed — holding the dashj L1 engine; SDK owns L1 this launch
06:16:09 [DefaultDispatcher-worker-4] BlockchainServiceImpl - releasing check() mutex
06:16:11 [DefaultDispatcher-worker-15] L1ShadowSyncService - L1 engine tx event: InstantLocked(txidHex=9d5986d7716ab5e3fed31d6bfefeda19caf6ca1e2de611f46b90ace1b189d1f6)
06:16:14 [DefaultDispatcher-worker-11] L1ShadowSyncService - L1 engine tx event: Detected(txidHex=9d5fcbc838c0e688be2075cb5d3ce4679642d81ba02bbe226014b62f1c0b3171, netAmountDuffs=-490, feeDuffs=null, contextCode=1, directionCode=2)
06:16:14 [DefaultDispatcher-worker-11] L1ShadowSyncService - L1 engine tx event: Detected(txidHex=8b873f97770af2dff22d08c917ea49546f08801faa0e733f6f0cb2d3be55a650, netAmountDuffs=-490, feeDuffs=null, contextCode=1, directionCode=2)
06:16:14 [DefaultDispatcher-worker-13] CutoverUiDataService - engine detected tx 9d5fcbc838c0e688be2075cb5d3ce4679642d81ba02bbe226014b62f1c0b3171 pre-block (context=1, net=-490 duffs) — syncing display row now
06:16:14 [DefaultDispatcher-worker-11] L1ShadowSyncService - L1 engine tx event: Detected(txidHex=32911444a71df71d620db81c7a61cb4e6859d42c01776a316722968f0169fb60, netAmountDuffs=-490, feeDuffs=null, contextCode=0, directionCode=2)
06:16:14 [DefaultDispatcher-worker-4] CutoverUiDataService - SDK balance published: 98683860 duffs (was 98686820) | l1Synced=true rescanArmedHold=false dashPayBackfill(armed=false,replaying=false) deferredContactBuilds=0 (unchangedReads=3) persistedAsLastKnown=true lastKnown=0
06:16:14 [DefaultDispatcher-worker-11] L1ShadowSyncService - L1 engine tx event: Detected(txidHex=f7948d89abc32435013840eba4580b66b913113c211d9044709471fd4a28f276, netAmountDuffs=-570, feeDuffs=null, contextCode=1, directionCode=2)
06:16:14 [DefaultDispatcher-worker-11] L1ShadowSyncService - L1 engine tx event: Detected(txidHex=0736c6c70eaa32af026d20163bd8e70d70d7c2b444c25195e2285592708e241a, netAmountDuffs=-920, feeDuffs=null, contextCode=1, directionCode=2)
06:16:14 [DefaultDispatcher-worker-3] L1ShadowSyncService - L1 engine tx event: Detected(txidHex=ed613f8f1d50c244633e0fe3923a9af7a4aa9cbd8e7d38cacdd2b1fbbf32e1b7, netAmountDuffs=-990, feeDuffs=null, contextCode=1, directionCode=2)
06:16:14 [DefaultDispatcher-worker-2] L1ShadowSyncService - L1 engine tx event: Detected(txidHex=b8c280611911553279d16cbb3d8fcac9dd4f963b7b4cf5e6a57e78bc115cd179, netAmountDuffs=-1140, feeDuffs=null, contextCode=1, directionCode=2)
06:16:14 [DefaultDispatcher-worker-2] CutoverUiDataService - SDK balance published: 98681730 duffs (was 98683860) | l1Synced=true rescanArmedHold=false dashPayBackfill(armed=false,replaying=false) deferredContactBuilds=0 (unchangedReads=3) persistedAsLastKnown=true lastKnown=0
06:16:14 [DefaultDispatcher-worker-1] L1ShadowSyncService - L1 engine tx event: Detected(txidHex=574e2b3e44e0c38c69f6b483782bb1986836486fbbca744f720aeea7c034d064, netAmountDuffs=-1180, feeDuffs=null, contextCode=1, directionCode=2)
06:16:14 [DefaultDispatcher-worker-13] L1ShadowSyncService - L1 engine tx event: Detected(txidHex=d939f1c23f8651f9b9346419ad175c4300416812beff9522ea6257a45b68f74f, netAmountDuffs=-870, feeDuffs=null, contextCode=1, directionCode=2)
06:16:14 [DefaultDispatcher-worker-3] CutoverUiDataService - SDK balance published: 98679680 duffs (was 98681730) | l1Synced=true rescanArmedHold=false dashPayBackfill(armed=false,replaying=false) deferredContactBuilds=0 (unchangedReads=3) persistedAsLastKnown=true lastKnown=0
06:16:14 [DefaultDispatcher-worker-5] L1ShadowSyncService - L1 engine tx event: InstantLocked(txidHex=32911444a71df71d620db81c7a61cb4e6859d42c01776a316722968f0169fb60)
06:16:14 [DefaultDispatcher-worker-12] CutoverUiDataService - cutover UI display sync: 1 SDK records → 1 inserts, 0 status updates
06:16:14 [DefaultDispatcher-worker-12] CutoverUiDataService - engine detected tx 8b873f97770af2dff22d08c917ea49546f08801faa0e733f6f0cb2d3be55a650 pre-block (context=1, net=-490 duffs) — syncing display row now
06:16:14 [main] WalletTransactionsFragment - STARTUP submitData called on thread=main at 1789798574788
06:16:14 [DefaultDispatcher-worker-12] CutoverUiDataService - cutover UI display sync: 1 SDK records → 1 inserts, 0 status updates
06:16:14 [DefaultDispatcher-worker-12] CutoverUiDataService - engine detected tx 32911444a71df71d620db81c7a61cb4e6859d42c01776a316722968f0169fb60 pre-block (context=0, net=-490 duffs) — syncing display row now
06:16:14 [main] WalletTransactionsFragment - STARTUP submitData called on thread=main at 1789798574794
06:16:14 [DefaultDispatcher-worker-9] CutoverUiDataService - cutover UI display sync: 1 SDK records → 1 inserts, 0 status updates
06:16:14 [DefaultDispatcher-worker-9] CutoverUiDataService - engine detected tx f7948d89abc32435013840eba4580b66b913113c211d9044709471fd4a28f276 pre-block (context=1, net=-570 duffs) — syncing display row now
06:16:14 [main] WalletTransactionsFragment - STARTUP submitData called on thread=main at 1789798574803
06:16:14 [DefaultDispatcher-worker-1] CutoverUiDataService - cutover UI display sync: 1 SDK records → 1 inserts, 0 status updates
06:16:14 [DefaultDispatcher-worker-1] CutoverUiDataService - engine detected tx 0736c6c70eaa32af026d20163bd8e70d70d7c2b444c25195e2285592708e241a pre-block (context=1, net=-920 duffs) — syncing display row now
06:16:14 [main] WalletTransactionsFragment - STARTUP submitData called on thread=main at 1789798574808
06:16:14 [DefaultDispatcher-worker-4] CutoverUiDataService - cutover UI display sync: 1 SDK records → 1 inserts, 0 status updates
06:16:14 [DefaultDispatcher-worker-4] CutoverUiDataService - engine detected tx ed613f8f1d50c244633e0fe3923a9af7a4aa9cbd8e7d38cacdd2b1fbbf32e1b7 pre-block (context=1, net=-990 duffs) — syncing display row now
06:16:14 [main] WalletTransactionsFragment - STARTUP submitData called on thread=main at 1789798574813
06:16:14 [DefaultDispatcher-worker-15] CutoverUiDataService - cutover UI display sync: 1 SDK records → 1 inserts, 0 status updates
06:16:14 [DefaultDispatcher-worker-15] CutoverUiDataService - engine detected tx b8c280611911553279d16cbb3d8fcac9dd4f963b7b4cf5e6a57e78bc115cd179 pre-block (context=1, net=-1140 duffs) — syncing display row now
06:16:14 [main] WalletTransactionsFragment - STARTUP submitData called on thread=main at 1789798574824
06:16:14 [DefaultDispatcher-worker-9] CutoverUiDataService - cutover UI display sync: 1 SDK records → 1 inserts, 0 status updates
06:16:14 [DefaultDispatcher-worker-9] CutoverUiDataService - engine detected tx 574e2b3e44e0c38c69f6b483782bb1986836486fbbca744f720aeea7c034d064 pre-block (context=1, net=-1180 duffs) — syncing display row now
06:16:14 [main] WalletTransactionsFragment - STARTUP submitData called on thread=main at 1789798574830
06:16:14 [DefaultDispatcher-worker-8] CutoverUiDataService - cutover UI display sync: 1 SDK records → 1 inserts, 0 status updates
06:16:14 [DefaultDispatcher-worker-8] CutoverUiDataService - engine detected tx d939f1c23f8651f9b9346419ad175c4300416812beff9522ea6257a45b68f74f pre-block (context=1, net=-870 duffs) — syncing display row now
06:16:14 [main] WalletTransactionsFragment - STARTUP submitData called on thread=main at 1789798574859
06:16:14 [main] WalletTransactionsFragment - STARTUP submitData called on thread=main at 1789798574859
06:16:14 [DefaultDispatcher-worker-10] CutoverUiDataService - cutover UI display sync: 1 SDK records → 1 inserts, 0 status updates
06:16:14 [main] WalletTransactionsFragment - STARTUP submitData called on thread=main at 1789798574867
06:16:15 [DefaultDispatcher-worker-14] L1ShadowSyncService - L1 engine tx event: Detected(txidHex=16843a089a26caf205dcb7c4beadb3a63d28988de9a8720106305b887471497d, netAmountDuffs=-680, feeDuffs=null, contextCode=1, directionCode=2)
06:16:15 [DefaultDispatcher-worker-14] CutoverUiDataService - engine detected tx 16843a089a26caf205dcb7c4beadb3a63d28988de9a8720106305b887471497d pre-block (context=1, net=-680 duffs) — syncing display row now
06:16:15 [DefaultDispatcher-worker-13] CutoverUiDataService - SDK balance published: 98679000 duffs (was 98679680) | l1Synced=true rescanArmedHold=false dashPayBackfill(armed=false,replaying=false) deferredContactBuilds=0 (unchangedReads=3) persistedAsLastKnown=true lastKnown=0
06:16:16 [DefaultDispatcher-worker-5] L1ShadowSyncService - L1 engine tx event: Detected(txidHex=7447964c785eb4a987646761d0b97c0730bb2ff47daea0f4c4cf93f1f5260799, netAmountDuffs=-490, feeDuffs=null, contextCode=0, directionCode=2)
06:16:16 [DefaultDispatcher-worker-10] CutoverUiDataService - SDK balance published: 98677440 duffs (was 98679000) | l1Synced=true rescanArmedHold=false dashPayBackfill(armed=false,replaying=false) deferredContactBuilds=0 (unchangedReads=3) persistedAsLastKnown=true lastKnown=0
06:16:16 [DefaultDispatcher-worker-5] L1ShadowSyncService - L1 engine tx event: Detected(txidHex=7cfdf8214ae51ca4c44a01192bcc4aba3494566f42a40f4692bef5580a938598, netAmountDuffs=-1070, feeDuffs=null, contextCode=0, directionCode=2)
06:16:16 [DefaultDispatcher-worker-1] CutoverUiDataService - cutover UI display sync: 1 SDK records → 1 inserts, 0 status updates
06:16:16 [DefaultDispatcher-worker-1] CutoverUiDataService - engine detected tx 7447964c785eb4a987646761d0b97c0730bb2ff47daea0f4c4cf93f1f5260799 pre-block (context=0, net=-490 duffs) — syncing display row now
06:16:16 [main] WalletTransactionsFragment - STARTUP submitData called on thread=main at 1789798576152
06:16:16 [DefaultDispatcher-worker-1] CutoverUiDataService - cutover UI display sync: 1 SDK records → 1 inserts, 0 status updates
06:16:16 [DefaultDispatcher-worker-1] CutoverUiDataService - engine detected tx 7cfdf8214ae51ca4c44a01192bcc4aba3494566f42a40f4692bef5580a938598 pre-block (context=0, net=-1070 duffs) — syncing display row now
06:16:16 [DefaultDispatcher-worker-10] CutoverUiDataService - cutover UI display sync: 1 SDK records → 1 inserts, 0 status updates
06:16:16 [main] WalletTransactionsFragment - STARTUP submitData called on thread=main at 1789798576179
06:16:16 [main] WalletTransactionsFragment - STARTUP submitData called on thread=main at 1789798576179
06:16:16 [DefaultDispatcher-worker-11] L1ShadowSyncService - L1 engine tx event: InstantLocked(txidHex=7447964c785eb4a987646761d0b97c0730bb2ff47daea0f4c4cf93f1f5260799)
06:16:16 [DefaultDispatcher-worker-11] L1ShadowSyncService - L1 engine tx event: InstantLocked(txidHex=7cfdf8214ae51ca4c44a01192bcc4aba3494566f42a40f4692bef5580a938598)
06:16:19 [DefaultDispatcher-worker-14] L1ShadowSyncService - L1 engine tx event: Detected(txidHex=26dd628b4aa6f1f0a89d4cec3d841ee57c7e912161c9bf9ba152db9621fcedaa, netAmountDuffs=-490, feeDuffs=null, contextCode=0, directionCode=2)
06:16:19 [DefaultDispatcher-worker-14] L1ShadowSyncService - L1 engine tx event: Detected(txidHex=c5bc76e935bc0a524bebcd53efc291bff61bc25275c00631c0609f7f79f40e64, netAmountDuffs=-490, feeDuffs=null, contextCode=0, directionCode=2)
06:16:19 [DefaultDispatcher-worker-1] CutoverUiDataService - engine detected tx 26dd628b4aa6f1f0a89d4cec3d841ee57c7e912161c9bf9ba152db9621fcedaa pre-block (context=0, net=-490 duffs) — syncing display row now
06:16:19 [DefaultDispatcher-worker-14] L1ShadowSyncService - L1 engine tx event: Detected(txidHex=427e1034fbe60aa47742ed3660508f996f9af9c94bbffa9d146ebc801b356c33, netAmountDuffs=-910, feeDuffs=null, contextCode=0, directionCode=2)
06:16:19 [DefaultDispatcher-worker-2] CutoverUiDataService - SDK balance published: 98675550 duffs (was 98677440) | l1Synced=true rescanArmedHold=false dashPayBackfill(armed=false,replaying=false) deferredContactBuilds=0 (unchangedReads=3) persistedAsLastKnown=true lastKnown=0
06:16:19 [DefaultDispatcher-worker-3] CutoverUiDataService - cutover UI display sync: 1 SDK records → 1 inserts, 0 status updates
06:16:19 [DefaultDispatcher-worker-3] CutoverUiDataService - engine detected tx c5bc76e935bc0a524bebcd53efc291bff61bc25275c00631c0609f7f79f40e64 pre-block (context=0, net=-490 duffs) — syncing display row now
06:16:19 [main] WalletTransactionsFragment - STARTUP submitData called on thread=main at 1789798579503
06:16:19 [main] WalletTransactionsFragment - STARTUP submitData called on thread=main at 1789798579503
06:16:19 [DefaultDispatcher-worker-7] CutoverUiDataService - cutover UI display sync: 1 SDK records → 1 inserts, 0 status updates
06:16:19 [DefaultDispatcher-worker-7] CutoverUiDataService - engine detected tx 427e1034fbe60aa47742ed3660508f996f9af9c94bbffa9d146ebc801b356c33 pre-block (context=0, net=-910 duffs) — syncing display row now
06:16:19 [main] WalletTransactionsFragment - STARTUP submitData called on thread=main at 1789798579523
06:16:19 [DefaultDispatcher-worker-1] CutoverUiDataService - cutover UI display sync: 1 SDK records → 1 inserts, 0 status updates
06:16:19 [main] WalletTransactionsFragment - STARTUP submitData called on thread=main at 1789798579535
06:16:19 [main] WalletTransactionsFragment - STARTUP submitData called on thread=main at 1789798579535
06:16:19 [native-log-bridge] DashSdkNative - 09-19 01:15:51.927  4514  5637 I DashSDK : platform_wallet::changeset::core_bridge: wallet-event batch: folded=1 wallets=1 synced_height_persisted=None synced_height_frozen=None synced_height_rejected=None faulted=0
06:16:19 [native-log-bridge] DashSdkNative - 09-19 01:15:54.332  4514  5638 I DashSDK : platform_wallet::changeset::core_bridge: wallet-event batch: folded=9 wallets=1 synced_height_persisted=None synced_height_frozen=None synced_height_rejected=None faulted=0
06:16:19 [native-log-bridge] DashSdkNative - 09-19 01:15:54.361  4514  5637 I DashSDK : platform_wallet::changeset::core_bridge: wallet-event batch: folded=2 wallets=1 synced_height_persisted=None synced_height_frozen=None synced_height_rejected=None faulted=0
06:16:19 [native-log-bridge] DashSdkNative - 09-19 01:15:54.754  4514  5640 I DashSDK : platform_wallet::changeset::core_bridge: wallet-event batch: folded=2 wallets=1 synced_height_persisted=None synced_height_frozen=None synced_height_rejected=None faulted=0
06:16:19 [native-log-bridge] DashSdkNative - 09-19 01:15:55.324  4514  5638 I DashSDK : platform_wallet::changeset::core_bridge: wallet-event batch: folded=1 wallets=1 synced_height_persisted=None synced_height_frozen=None synced_height_rejected=None faulted=0
06:16:19 [native-log-bridge] DashSdkNative - 09-19 01:15:55.381  4514  5640 I DashSDK : platform_wallet::changeset::core_bridge: wallet-event batch: folded=2 wallets=1 synced_height_persisted=None synced_height_frozen=None synced_height_rejected=None faulted=0
06:16:19 [native-log-bridge] DashSdkNative - 09-19 01:15:55.446  4514  5637 I DashSDK : platform_wallet::changeset::core_bridge: wallet-event batch: folded=1 wallets=1 synced_height_persisted=None synced_height_frozen=None synced_height_rejected=None faulted=0
06:16:19 [native-log-bridge] DashSdkNative - 09-19 01:15:55.870  4514  5637 I DashSDK : platform_wallet::changeset::core_bridge: wallet-event batch: folded=1 wallets=1 synced_height_persisted=None synced_height_frozen=None synced_height_rejected=None faulted=0
06:16:19 [native-log-bridge] DashSdkNative - 09-19 01:15:56.263  4514  5640 I DashSDK : platform_wallet::changeset::core_bridge: wallet-event batch: folded=1 wallets=1 synced_height_persisted=None synced_height_frozen=None synced_height_rejected=None faulted=0
06:16:19 [native-log-bridge] DashSdkNative - 09-19 01:15:56.992  4514  5639 I DashSDK : platform_wallet::changeset::core_bridge: wallet-event batch: folded=1 wallets=1 synced_height_persisted=None synced_height_frozen=None synced_height_rejected=None faulted=0
06:16:19 [native-log-bridge] DashSdkNative - 09-19 01:15:57.774  4514  5639 I DashSDK : platform_wallet::changeset::core_bridge: wallet-event batch: folded=2 wallets=1 synced_height_persisted=None synced_height_frozen=None synced_height_rejected=None faulted=0
06:16:19 [native-log-bridge] DashSdkNative - 09-19 01:15:57.838  4514  5638 I DashSDK : platform_wallet::changeset::core_bridge: wallet-event batch: folded=1 wallets=1 synced_height_persisted=None synced_height_frozen=None synced_height_rejected=None faulted=0
06:16:19 [native-log-bridge] DashSdkNative - 09-19 01:15:58.053  4514  5639 I DashSDK : platform_wallet::changeset::core_bridge: wallet-event batch: folded=1 wallets=1 synced_height_persisted=None synced_height_frozen=None synced_height_rejected=None faulted=0
06:16:19 [native-log-bridge] DashSdkNative - 09-19 01:16:03.923  4514  5640 I DashSDK : platform_wallet::changeset::core_bridge: wallet-event batch: folded=9 wallets=1 synced_height_persisted=None synced_height_frozen=None synced_height_rejected=None faulted=0
06:16:19 [native-log-bridge] DashSdkNative - 09-19 01:16:04.261  4514  5639 I DashSDK : platform_wallet::changeset::core_bridge: wallet-event batch: folded=1 wallets=1 synced_height_persisted=None synced_height_frozen=None synced_height_rejected=None faulted=0
06:16:19 [native-log-bridge] DashSdkNative - 09-19 01:16:04.852  4514  5639 I DashSDK : platform_wallet::changeset::core_bridge: wallet-event batch: folded=1 wallets=1 synced_height_persisted=None synced_height_frozen=None synced_height_rejected=None faulted=0
06:16:19 [native-log-bridge] DashSdkNative - 09-19 01:16:05.643  4514  5640 I DashSDK : platform_wallet::changeset::core_bridge: wallet-event batch: folded=4 wallets=1 synced_height_persisted=None synced_height_frozen=None synced_height_rejected=None faulted=0
06:16:19 [native-log-bridge] DashSdkNative - 09-19 01:16:05.864  4514  5639 I DashSDK : platform_wallet::changeset::core_bridge: wallet-event batch: folded=1 wallets=1 synced_height_persisted=None synced_height_frozen=None synced_height_rejected=None faulted=0
06:16:19 [native-log-bridge] DashSdkNative - 09-19 01:16:06.203  4514  5637 I DashSDK : platform_wallet::changeset::core_bridge: wallet-event batch: folded=1 wallets=1 synced_height_persisted=None synced_height_frozen=None synced_height_rejected=None faulted=0
06:16:19 [native-log-bridge] DashSdkNative - 09-19 01:16:06.404  4514  5639 I DashSDK : platform_wallet::changeset::core_bridge: wallet-event batch: folded=1 wallets=1 synced_height_persisted=None synced_height_frozen=None synced_height_rejected=None faulted=0
06:16:19 [native-log-bridge] DashSdkNative - 09-19 01:16:09.021  4514  5638 I DashSDK : platform_wallet::changeset::core_bridge: wallet-event batch: folded=5 wallets=1 synced_height_persisted=None synced_height_frozen=None synced_height_rejected=None faulted=0
06:16:19 [native-log-bridge] DashSdkNative - 09-19 01:16:09.264  4514  5638 I DashSDK : platform_wallet::changeset::core_bridge: wallet-event batch: folded=1 wallets=1 synced_height_persisted=None synced_height_frozen=None synced_height_rejected=None faulted=0
06:16:19 [native-log-bridge] DashSdkNative - 09-19 01:16:09.275  4514  5640 I DashSDK : platform_wallet::changeset::core_bridge: wallet-event batch: folded=1 wallets=1 synced_height_persisted=None synced_height_frozen=None synced_height_rejected=None faulted=0
06:16:19 [native-log-bridge] DashSdkNative - 09-19 01:16:09.276  4514  5638 I DashSDK : platform_wallet::changeset::core_bridge: wallet-event batch: folded=1 wallets=1 synced_height_persisted=None synced_height_frozen=None synced_height_rejected=None faulted=0
06:16:19 [native-log-bridge] DashSdkNative - 09-19 01:16:11.279  4514  5637 I DashSDK : platform_wallet::changeset::core_bridge: wallet-event batch: folded=1 wallets=1 synced_height_persisted=None synced_height_frozen=None synced_height_rejected=None faulted=0
06:16:19 [native-log-bridge] DashSdkNative - 09-19 01:16:14.404  4514  5639 I DashSDK : platform_wallet::changeset::core_bridge: wallet-event batch: folded=7 wallets=1 synced_height_persisted=None synced_height_frozen=None synced_height_rejected=None faulted=0
06:16:19 [native-log-bridge] DashSdkNative - 09-19 01:16:14.431  4514  5637 I DashSDK : platform_wallet::changeset::core_bridge: wallet-event batch: folded=2 wallets=1 synced_height_persisted=None synced_height_frozen=None synced_height_rejected=None faulted=0
06:16:19 [native-log-bridge] DashSdkNative - 09-19 01:16:14.433  4514  5637 I DashSDK : platform_wallet::changeset::core_bridge: wallet-event batch: folded=1 wallets=1 synced_height_persisted=None synced_height_frozen=None synced_height_rejected=None faulted=0
06:16:19 [native-log-bridge] DashSdkNative - 09-19 01:16:15.745  4514  5637 I DashSDK : platform_wallet::changeset::core_bridge: wallet-event batch: folded=1 wallets=1 synced_height_persisted=None synced_height_frozen=None synced_height_rejected=None faulted=0
06:16:19 [native-log-bridge] DashSdkNative - 09-19 01:16:16.144  4514  5639 I DashSDK : platform_wallet::changeset::core_bridge: wallet-event batch: folded=2 wallets=1 synced_height_persisted=None synced_height_frozen=None synced_height_rejected=None faulted=0
06:16:19 [native-log-bridge] DashSdkNative - 09-19 01:16:16.733  4514  5639 I DashSDK : platform_wallet::changeset::core_bridge: wallet-event batch: folded=1 wallets=1 synced_height_persisted=None synced_height_frozen=None synced_height_rejected=None faulted=0
06:16:19 [native-log-bridge] DashSdkNative - 09-19 01:16:16.801  4514  5638 I DashSDK : platform_wallet::changeset::core_bridge: wallet-event batch: folded=1 wallets=1 synced_height_persisted=None synced_height_frozen=None synced_height_rejected=None faulted=0
06:16:19 [native-log-bridge] DashSdkNative - 09-19 01:16:19.479  4514  5638 I DashSDK : platform_wallet::changeset::core_bridge: wallet-event batch: folded=3 wallets=1 synced_height_persisted=None synced_height_frozen=None synced_height_rejected=None faulted=0
06:16:20 [DefaultDispatcher-worker-1] L1ShadowSyncService - L1 engine tx event: InstantLocked(txidHex=427e1034fbe60aa47742ed3660508f996f9af9c94bbffa9d146ebc801b356c33)
06:16:20 [DefaultDispatcher-worker-11] L1ShadowSyncService - L1 engine tx event: InstantLocked(txidHex=26dd628b4aa6f1f0a89d4cec3d841ee57c7e912161c9bf9ba152db9621fcedaa)
06:16:20 [DefaultDispatcher-worker-8] L1ShadowSyncService - L1 engine tx event: Detected(txidHex=21e20fd58dee803760492cb1aab03fedf4309b0547fb73153074a9efd3ea6b47, netAmountDuffs=-870, feeDuffs=null, contextCode=0, directionCode=2)
06:16:20 [DefaultDispatcher-worker-8] L1ShadowSyncService - L1 engine tx event: Detected(txidHex=8158e0390b0ad1e7b07eaef889b6f4559e27cd33c71e3918f1a8ab334afe0ca1, netAmountDuffs=-910, feeDuffs=null, contextCode=1, directionCode=2)
06:16:20 [DefaultDispatcher-worker-9] CutoverUiDataService - engine detected tx 21e20fd58dee803760492cb1aab03fedf4309b0547fb73153074a9efd3ea6b47 pre-block (context=0, net=-870 duffs) — syncing display row now
06:16:20 [DefaultDispatcher-worker-8] L1ShadowSyncService - L1 engine tx event: Detected(txidHex=46a175718e944729ec46efc98966967dc106198d5d91dad0c4064791b06ff599, netAmountDuffs=-1100, feeDuffs=null, contextCode=1, directionCode=2)
06:16:20 [DefaultDispatcher-worker-12] CutoverUiDataService - SDK balance published: 98672180 duffs (was 98675550) | l1Synced=true rescanArmedHold=false dashPayBackfill(armed=false,replaying=false) deferredContactBuilds=0 (unchangedReads=3) persistedAsLastKnown=true lastKnown=0
06:16:20 [DefaultDispatcher-worker-8] L1ShadowSyncService - L1 engine tx event: Detected(txidHex=6b48e3cc3646596d3aa7dc5390f06a635b9d616e085e456505373ef9e1285a71, netAmountDuffs=-490, feeDuffs=null, contextCode=1, directionCode=2)
06:16:20 [DefaultDispatcher-worker-8] CutoverUiDataService - cutover UI display sync: 1 SDK records → 1 inserts, 0 status updates
06:16:20 [DefaultDispatcher-worker-8] CutoverUiDataService - engine detected tx 8158e0390b0ad1e7b07eaef889b6f4559e27cd33c71e3918f1a8ab334afe0ca1 pre-block (context=1, net=-910 duffs) — syncing display row now
06:16:20 [main] WalletTransactionsFragment - STARTUP submitData called on thread=main at 1789798580940
06:16:20 [DefaultDispatcher-worker-6] L1ShadowSyncService - L1 engine tx event: InstantLocked(txidHex=21e20fd58dee803760492cb1aab03fedf4309b0547fb73153074a9efd3ea6b47)
06:16:20 [DefaultDispatcher-worker-12] CutoverUiDataService - cutover UI display sync: 1 SDK records → 1 inserts, 0 status updates
06:16:20 [DefaultDispatcher-worker-12] CutoverUiDataService - engine detected tx 46a175718e944729ec46efc98966967dc106198d5d91dad0c4064791b06ff599 pre-block (context=1, net=-1100 duffs) — syncing display row now
06:16:20 [main] WalletTransactionsFragment - STARTUP submitData called on thread=main at 1789798580952
06:16:20 [DefaultDispatcher-worker-1] CutoverUiDataService - cutover UI display sync: 1 SDK records → 1 inserts, 0 status updates
06:16:20 [DefaultDispatcher-worker-1] CutoverUiDataService - engine detected tx 6b48e3cc3646596d3aa7dc5390f06a635b9d616e085e456505373ef9e1285a71 pre-block (context=1, net=-490 duffs) — syncing display row now
06:16:20 [main] WalletTransactionsFragment - STARTUP submitData called on thread=main at 1789798580965
06:16:20 [DefaultDispatcher-worker-1] CutoverUiDataService - cutover UI display sync: 1 SDK records → 1 inserts, 0 status updates
06:16:20 [main] WalletTransactionsFragment - STARTUP submitData called on thread=main at 1789798580976
06:16:22 [DefaultDispatcher-worker-12] L1ShadowSyncService - L1 engine tx event: InstantLocked(txidHex=c5bc76e935bc0a524bebcd53efc291bff61bc25275c00631c0609f7f79f40e64)
06:16:22 [DefaultDispatcher-worker-13] L1ShadowSyncService - L1 engine tx event: Detected(txidHex=b937aaf382d14f57a9745b30160a5873b13c9926eae755bb674ccb1bc9bb9075, netAmountDuffs=-1070, feeDuffs=null, contextCode=0, directionCode=2)
06:16:22 [DefaultDispatcher-worker-13] L1ShadowSyncService - L1 engine tx event: Detected(txidHex=45c7b9dd63e7f00c4ae7b1777bac6f172b1a637332aa350ab3e5468b2c966b50, netAmountDuffs=-490, feeDuffs=null, contextCode=0, directionCode=2)
06:16:22 [DefaultDispatcher-worker-12] CutoverUiDataService - engine detected tx b937aaf382d14f57a9745b30160a5873b13c9926eae755bb674ccb1bc9bb9075 pre-block (context=0, net=-1070 duffs) — syncing display row now
06:16:22 [DefaultDispatcher-worker-13] L1ShadowSyncService - L1 engine tx event: Detected(txidHex=c28ad84cf7df4b0e0fb7e728bd223faad75b0b0a40f4090ba46778c195287374, netAmountDuffs=-1060, feeDuffs=null, contextCode=0, directionCode=2)
06:16:22 [DefaultDispatcher-worker-6] CutoverUiDataService - SDK balance published: 98669560 duffs (was 98672180) | l1Synced=true rescanArmedHold=false dashPayBackfill(armed=false,replaying=false) deferredContactBuilds=0 (unchangedReads=3) persistedAsLastKnown=true lastKnown=0
06:16:22 [DefaultDispatcher-worker-5] L1ShadowSyncService - L1 engine tx event: InstantLocked(txidHex=b937aaf382d14f57a9745b30160a5873b13c9926eae755bb674ccb1bc9bb9075)
06:16:22 [DefaultDispatcher-worker-12] L1ShadowSyncService - L1 engine tx event: InstantLocked(txidHex=45c7b9dd63e7f00c4ae7b1777bac6f172b1a637332aa350ab3e5468b2c966b50)
06:16:22 [DefaultDispatcher-worker-5] L1ShadowSyncService - L1 engine tx event: InstantLocked(txidHex=c28ad84cf7df4b0e0fb7e728bd223faad75b0b0a40f4090ba46778c195287374)
06:16:22 [DefaultDispatcher-worker-7] CutoverUiDataService - cutover UI display sync: 1 SDK records → 1 inserts, 0 status updates
06:16:22 [DefaultDispatcher-worker-7] CutoverUiDataService - engine detected tx 45c7b9dd63e7f00c4ae7b1777bac6f172b1a637332aa350ab3e5468b2c966b50 pre-block (context=0, net=-490 duffs) — syncing display row now
06:16:22 [DefaultDispatcher-worker-15] CutoverUiDataService - cutover UI display sync: 1 SDK records → 1 inserts, 0 status updates
06:16:22 [DefaultDispatcher-worker-15] CutoverUiDataService - engine detected tx c28ad84cf7df4b0e0fb7e728bd223faad75b0b0a40f4090ba46778c195287374 pre-block (context=0, net=-1060 duffs) — syncing display row now
06:16:22 [main] WalletTransactionsFragment - STARTUP submitData called on thread=main at 1789798582855
06:16:22 [main] WalletTransactionsFragment - STARTUP submitData called on thread=main at 1789798582855
06:16:22 [DefaultDispatcher-worker-5] CutoverUiDataService - cutover UI display sync: 1 SDK records → 1 inserts, 0 status updates
06:16:22 [main] WalletTransactionsFragment - STARTUP submitData called on thread=main at 1789798582916
06:16:23 [DefaultDispatcher-worker-15] L1ShadowSyncService - L1 engine tx event: Detected(txidHex=357b3898f9c6308d75090bed4cc6a1f1965aab6c5676a70897eba620e5708399, netAmountDuffs=-870, feeDuffs=null, contextCode=0, directionCode=2)
06:16:23 [DefaultDispatcher-worker-15] L1ShadowSyncService - L1 engine tx event: Detected(txidHex=ebcc483e526e1b4a63f9534d7a989703d4473c6473d81cce4f18d844c997ddca, netAmountDuffs=-950, feeDuffs=null, contextCode=0, directionCode=2)
06:16:23 [DefaultDispatcher-worker-13] CutoverUiDataService - SDK balance published: 98667740 duffs (was 98669560) | l1Synced=true rescanArmedHold=false dashPayBackfill(armed=false,replaying=false) deferredContactBuilds=0 (unchangedReads=3) persistedAsLastKnown=true lastKnown=0
06:16:23 [DefaultDispatcher-worker-8] CutoverUiDataService - engine detected tx 357b3898f9c6308d75090bed4cc6a1f1965aab6c5676a70897eba620e5708399 pre-block (context=0, net=-870 duffs) — syncing display row now
06:16:23 [DefaultDispatcher-worker-5] CutoverUiDataService - cutover UI display sync: 1 SDK records → 1 inserts, 0 status updates
06:16:23 [DefaultDispatcher-worker-5] CutoverUiDataService - engine detected tx ebcc483e526e1b4a63f9534d7a989703d4473c6473d81cce4f18d844c997ddca pre-block (context=0, net=-950 duffs) — syncing display row now
06:16:23 [main] WalletTransactionsFragment - STARTUP submitData called on thread=main at 1789798583977
06:16:23 [DefaultDispatcher-worker-9] CutoverUiDataService - cutover UI display sync: 1 SDK records → 1 inserts, 0 status updates
06:16:23 [main] WalletTransactionsFragment - STARTUP submitData called on thread=main at 1789798583991
06:16:24 [DefaultDispatcher-worker-4] L1ShadowSyncService - L1 engine tx event: InstantLocked(txidHex=ebcc483e526e1b4a63f9534d7a989703d4473c6473d81cce4f18d844c997ddca)
06:16:24 [DefaultDispatcher-worker-8] L1ShadowSyncService - L1 engine tx event: InstantLocked(txidHex=357b3898f9c6308d75090bed4cc6a1f1965aab6c5676a70897eba620e5708399)
06:16:24 [DefaultDispatcher-worker-8] BlockchainServiceImpl - network capabilities changed: 100, hasInternet: true, validated: true
06:16:24 [DefaultDispatcher-worker-8] BlockchainServiceImpl - acquiring check() mutex
06:16:24 [DefaultDispatcher-worker-8] BlockchainServiceImpl - check()
06:16:24 [DefaultDispatcher-worker-8] BlockchainServiceImpl - cutover committed — holding the dashj L1 engine; SDK owns L1 this launch
06:16:24 [DefaultDispatcher-worker-8] BlockchainServiceImpl - releasing check() mutex
06:16:27 [DefaultDispatcher-worker-5] L1ShadowSyncService - L1 engine tx event: Detected(txidHex=eb89ca341060b12e382d20426fbd5038c057eaa25ee30864b2e8ae0ad1db815f, netAmountDuffs=-490, feeDuffs=null, contextCode=1, directionCode=2)
06:16:27 [DefaultDispatcher-worker-3] CutoverUiDataService - engine detected tx eb89ca341060b12e382d20426fbd5038c057eaa25ee30864b2e8ae0ad1db815f pre-block (context=1, net=-490 duffs) — syncing display row now
06:16:27 [DefaultDispatcher-worker-15] CutoverUiDataService - SDK balance published: 98663900 duffs (was 98667740) | l1Synced=true rescanArmedHold=false dashPayBackfill(armed=false,replaying=false) deferredContactBuilds=0 (unchangedReads=3) persistedAsLastKnown=true lastKnown=0
06:16:27 [DefaultDispatcher-worker-5] L1ShadowSyncService - L1 engine tx event: Detected(txidHex=0b781ac37525caccc5fb116a8945a82faa870e1f9e57891fb8afa23549cb345a, netAmountDuffs=-490, feeDuffs=null, contextCode=1, directionCode=2)
06:16:27 [DefaultDispatcher-worker-5] L1ShadowSyncService - L1 engine tx event: Detected(txidHex=e4a0d9ba060f817d32ff0c2af822e67b3b55d67158090763ed04ad4efb437d9e, netAmountDuffs=-920, feeDuffs=null, contextCode=1, directionCode=2)
06:16:27 [DefaultDispatcher-worker-5] L1ShadowSyncService - L1 engine tx event: Detected(txidHex=0e5f86ec85aa0e4d0c823fccc4907979ccfd8356cd2e3812306a39d7bfe1853c, netAmountDuffs=-870, feeDuffs=null, contextCode=0, directionCode=2)
06:16:27 [DefaultDispatcher-worker-5] L1ShadowSyncService - L1 engine tx event: Detected(txidHex=9512d530d63f70c36486c16d429c32042b6be2891db8139768adf5f242e62861, netAmountDuffs=-1070, feeDuffs=null, contextCode=1, directionCode=2)
06:16:27 [DefaultDispatcher-worker-5] L1ShadowSyncService - L1 engine tx event: Detected(txidHex=119f6e246cf9bbf00ea915eb11e59e484b3ad35b302b3a5284afc8223ab9386d, netAmountDuffs=-1220, feeDuffs=null, contextCode=1, directionCode=2)
06:16:27 [DefaultDispatcher-worker-6] Constants - --> GET https://rates.ctx.com/rates?source=ctx
06:16:27 [DefaultDispatcher-worker-15] CutoverUiDataService - SDK balance published: 98662680 duffs (was 98663900) | l1Synced=true rescanArmedHold=false dashPayBackfill(armed=false,replaying=false) deferredContactBuilds=0 (unchangedReads=3) persistedAsLastKnown=true lastKnown=0
06:16:27 [DefaultDispatcher-worker-6] Constants - <-- 200 https://rates.ctx.com/rates?source=ctx (72ms, unknown-length body)
06:16:27 [DefaultDispatcher-worker-6] ExchangeRatesRepository - exchange rates updated successfully with de.schildbach.wallet.rates.DashRetailClient@adcd44c
06:16:27 [DefaultDispatcher-worker-6] ExchangeRatesRepository - updateTrigger
06:16:27 [DefaultDispatcher-worker-13] L1ShadowSyncService - L1 engine tx event: InstantLocked(txidHex=0e5f86ec85aa0e4d0c823fccc4907979ccfd8356cd2e3812306a39d7bfe1853c)
06:16:27 [DefaultDispatcher-worker-5] BlockchainServiceImpl - network capabilities changed: 100, hasInternet: true, validated: true
06:16:27 [DefaultDispatcher-worker-5] BlockchainServiceImpl - acquiring check() mutex
06:16:27 [DefaultDispatcher-worker-5] BlockchainServiceImpl - check()
06:16:27 [DefaultDispatcher-worker-5] BlockchainServiceImpl - cutover committed — holding the dashj L1 engine; SDK owns L1 this launch
06:16:27 [DefaultDispatcher-worker-5] BlockchainServiceImpl - releasing check() mutex
06:16:27 [DefaultDispatcher-worker-14] CutoverUiDataService - cutover UI display sync: 1 SDK records → 1 inserts, 0 status updates
06:16:27 [DefaultDispatcher-worker-14] CutoverUiDataService - engine detected tx 0b781ac37525caccc5fb116a8945a82faa870e1f9e57891fb8afa23549cb345a pre-block (context=1, net=-490 duffs) — syncing display row now
06:16:27 [main] WalletTransactionsFragment - STARTUP submitData called on thread=main at 1789798587912
06:16:27 [DefaultDispatcher-worker-13] CutoverUiDataService - cutover UI display sync: 1 SDK records → 1 inserts, 0 status updates
06:16:27 [DefaultDispatcher-worker-13] CutoverUiDataService - engine detected tx e4a0d9ba060f817d32ff0c2af822e67b3b55d67158090763ed04ad4efb437d9e pre-block (context=1, net=-920 duffs) — syncing display row now
06:16:27 [main] WalletTransactionsFragment - STARTUP submitData called on thread=main at 1789798587917
06:16:27 [DefaultDispatcher-worker-13] CutoverUiDataService - cutover UI display sync: 1 SDK records → 1 inserts, 0 status updates
06:16:27 [DefaultDispatcher-worker-13] CutoverUiDataService - engine detected tx 0e5f86ec85aa0e4d0c823fccc4907979ccfd8356cd2e3812306a39d7bfe1853c pre-block (context=0, net=-870 duffs) — syncing display row now
06:16:27 [main] WalletTransactionsFragment - STARTUP submitData called on thread=main at 1789798587925
06:16:27 [DefaultDispatcher-worker-15] CutoverUiDataService - cutover UI display sync: 1 SDK records → 1 inserts, 0 status updates
06:16:27 [DefaultDispatcher-worker-15] CutoverUiDataService - engine detected tx 9512d530d63f70c36486c16d429c32042b6be2891db8139768adf5f242e62861 pre-block (context=1, net=-1070 duffs) — syncing display row now
06:16:27 [main] WalletTransactionsFragment - STARTUP submitData called on thread=main at 1789798587934
06:16:27 [DefaultDispatcher-worker-11] CutoverUiDataService - cutover UI display sync: 1 SDK records → 1 inserts, 0 status updates
06:16:27 [DefaultDispatcher-worker-11] CutoverUiDataService - engine detected tx 119f6e246cf9bbf00ea915eb11e59e484b3ad35b302b3a5284afc8223ab9386d pre-block (context=1, net=-1220 duffs) — syncing display row now
06:16:27 [main] WalletTransactionsFragment - STARTUP submitData called on thread=main at 1789798587942
06:16:27 [DefaultDispatcher-worker-14] CutoverUiDataService - cutover UI display sync: 1 SDK records → 1 inserts, 0 status updates
06:16:27 [main] WalletTransactionsFragment - STARTUP submitData called on thread=main at 1789798587961
06:16:31 [DefaultDispatcher-worker-12] L1ShadowSyncService - L1 engine tx event: Detected(txidHex=2e481925a258d7052ca03ac3c338f1dffdc6ca633cf5a0bd6cca7aea709cf802, netAmountDuffs=-490, feeDuffs=null, contextCode=1, directionCode=2)
06:16:31 [DefaultDispatcher-worker-12] L1ShadowSyncService - L1 engine tx event: Detected(txidHex=29fa959861760553e22787533ab4cfeda9b940bdd8d30bcb8589e7ecf9dde909, netAmountDuffs=-680, feeDuffs=null, contextCode=1, directionCode=2)
06:16:31 [DefaultDispatcher-worker-12] L1ShadowSyncService - L1 engine tx event: Detected(txidHex=b8a10c83488c31a4125107d39482e73bedf1b47b9949317559ab393d5fbf334c, netAmountDuffs=-770, feeDuffs=null, contextCode=1, directionCode=2)
06:16:31 [DefaultDispatcher-worker-12] CutoverUiDataService - engine detected tx 2e481925a258d7052ca03ac3c338f1dffdc6ca633cf5a0bd6cca7aea709cf802 pre-block (context=1, net=-490 duffs) — syncing display row now
06:16:31 [DefaultDispatcher-worker-10] CutoverUiDataService - SDK balance published: 98660740 duffs (was 98662680) | l1Synced=true rescanArmedHold=false dashPayBackfill(armed=false,replaying=false) deferredContactBuilds=0 (unchangedReads=3) persistedAsLastKnown=true lastKnown=0
06:16:31 [DefaultDispatcher-worker-9] CutoverUiDataService - cutover UI display sync: 1 SDK records → 1 inserts, 0 status updates
06:16:31 [DefaultDispatcher-worker-9] CutoverUiDataService - engine detected tx 29fa959861760553e22787533ab4cfeda9b940bdd8d30bcb8589e7ecf9dde909 pre-block (context=1, net=-680 duffs) — syncing display row now
06:16:31 [main] WalletTransactionsFragment - STARTUP submitData called on thread=main at 1789798591448
06:16:31 [DefaultDispatcher-worker-13] CutoverUiDataService - cutover UI display sync: 1 SDK records → 1 inserts, 0 status updates
06:16:31 [DefaultDispatcher-worker-13] CutoverUiDataService - engine detected tx b8a10c83488c31a4125107d39482e73bedf1b47b9949317559ab393d5fbf334c pre-block (context=1, net=-770 duffs) — syncing display row now
06:16:31 [main] WalletTransactionsFragment - STARTUP submitData called on thread=main at 1789798591454
06:16:31 [DefaultDispatcher-worker-14] CutoverUiDataService - cutover UI display sync: 1 SDK records → 1 inserts, 0 status updates
06:16:31 [main] WalletTransactionsFragment - STARTUP submitData called on thread=main at 1789798591458
06:16:33 [DefaultDispatcher-worker-1] L1ShadowSyncService - L1 engine tx event: Detected(txidHex=cdae174a0b1fe804735dac5a45ac0d375a770e8ee9a6fb6de40ef85320df31b6, netAmountDuffs=-490, feeDuffs=null, contextCode=1, directionCode=2)
06:16:33 [DefaultDispatcher-worker-1] L1ShadowSyncService - L1 engine tx event: Detected(txidHex=81e3197df382fd2a4414a6b104669e4a471fbdd0dac2bd164ce858ed84e7fad9, netAmountDuffs=-920, feeDuffs=null, contextCode=1, directionCode=2)
06:16:33 [DefaultDispatcher-worker-1] L1ShadowSyncService - L1 engine tx event: Detected(txidHex=da8380ff20628142a1ca551429e7445094767f6d0723f799210c155ab8fcbab5, netAmountDuffs=-1070, feeDuffs=null, contextCode=0, directionCode=2)
06:16:33 [DefaultDispatcher-worker-1] L1ShadowSyncService - L1 engine tx event: Detected(txidHex=8a3f859e09c01bbdd228b69a8b11645f9090038c9db85abef2108c395cb2e32b, netAmountDuffs=-1060, feeDuffs=null, contextCode=0, directionCode=2)
06:16:33 [DefaultDispatcher-worker-1] L1ShadowSyncService - L1 engine tx event: Detected(txidHex=35703fb691e984c382f0a8230b56d41d66281087feee3d860798deded47ab82a, netAmountDuffs=-1220, feeDuffs=null, contextCode=1, directionCode=2)
06:16:33 [DefaultDispatcher-worker-1] L1ShadowSyncService - L1 engine tx event: Detected(txidHex=ea1299df4eb8d120c9136549ee9cb357ef2ec273942cf65ea3bc6b028b6f2726, netAmountDuffs=-490, feeDuffs=null, contextCode=1, directionCode=2)
06:16:33 [DefaultDispatcher-worker-1] L1ShadowSyncService - L1 engine tx event: Detected(txidHex=1ca66f69a2c0bdd7f9b59846d0483edade05b236588544e3e2ed3d6150070dd2, netAmountDuffs=-870, feeDuffs=null, contextCode=1, directionCode=2)
06:16:33 [DefaultDispatcher-worker-1] L1ShadowSyncService - L1 engine tx event: Detected(txidHex=e5be65840d5523d0cc5f3f6fe80091ae7df45a0b8582cf9913e5b0636db71b56, netAmountDuffs=-1100, feeDuffs=null, contextCode=1, directionCode=2)
06:16:33 [DefaultDispatcher-worker-8] CutoverUiDataService - engine detected tx cdae174a0b1fe804735dac5a45ac0d375a770e8ee9a6fb6de40ef85320df31b6 pre-block (context=1, net=-490 duffs) — syncing display row now
06:16:33 [DefaultDispatcher-worker-1] CutoverUiDataService - SDK balance published: 98653520 duffs (was 98660740) | l1Synced=true rescanArmedHold=false dashPayBackfill(armed=false,replaying=false) deferredContactBuilds=0 (unchangedReads=3) persistedAsLastKnown=true lastKnown=0
06:16:33 [DefaultDispatcher-worker-3] L1ShadowSyncService - L1 engine tx event: InstantLocked(txidHex=da8380ff20628142a1ca551429e7445094767f6d0723f799210c155ab8fcbab5)
06:16:34 [DefaultDispatcher-worker-13] CutoverUiDataService - cutover UI display sync: 1 SDK records → 1 inserts, 0 status updates
06:16:34 [DefaultDispatcher-worker-13] CutoverUiDataService - engine detected tx 81e3197df382fd2a4414a6b104669e4a471fbdd0dac2bd164ce858ed84e7fad9 pre-block (context=1, net=-920 duffs) — syncing display row now
06:16:34 [main] WalletTransactionsFragment - STARTUP submitData called on thread=main at 1789798594213
06:16:34 [DefaultDispatcher-worker-12] CutoverUiDataService - cutover UI display sync: 1 SDK records → 1 inserts, 0 status updates
06:16:34 [DefaultDispatcher-worker-12] CutoverUiDataService - engine detected tx da8380ff20628142a1ca551429e7445094767f6d0723f799210c155ab8fcbab5 pre-block (context=0, net=-1070 duffs) — syncing display row now
06:16:34 [main] WalletTransactionsFragment - STARTUP submitData called on thread=main at 1789798594219
06:16:34 [DefaultDispatcher-worker-7] CutoverUiDataService - cutover UI display sync: 1 SDK records → 1 inserts, 0 status updates
06:16:34 [DefaultDispatcher-worker-7] CutoverUiDataService - engine detected tx 8a3f859e09c01bbdd228b69a8b11645f9090038c9db85abef2108c395cb2e32b pre-block (context=0, net=-1060 duffs) — syncing display row now
06:16:34 [main] WalletTransactionsFragment - STARTUP submitData called on thread=main at 1789798594230
06:16:34 [DefaultDispatcher-worker-6] CutoverUiDataService - cutover UI display sync: 1 SDK records → 1 inserts, 0 status updates
06:16:34 [DefaultDispatcher-worker-6] CutoverUiDataService - engine detected tx 35703fb691e984c382f0a8230b56d41d66281087feee3d860798deded47ab82a pre-block (context=1, net=-1220 duffs) — syncing display row now
06:16:34 [main] WalletTransactionsFragment - STARTUP submitData called on thread=main at 1789798594240
06:16:34 [DefaultDispatcher-worker-1] CutoverUiDataService - cutover UI display sync: 1 SDK records → 1 inserts, 0 status updates
06:16:34 [DefaultDispatcher-worker-1] CutoverUiDataService - engine detected tx ea1299df4eb8d120c9136549ee9cb357ef2ec273942cf65ea3bc6b028b6f2726 pre-block (context=1, net=-490 duffs) — syncing display row now
06:16:34 [main] WalletTransactionsFragment - STARTUP submitData called on thread=main at 1789798594248
06:16:34 [DefaultDispatcher-worker-4] CutoverUiDataService - cutover UI display sync: 1 SDK records → 1 inserts, 0 status updates
06:16:34 [DefaultDispatcher-worker-4] CutoverUiDataService - engine detected tx 1ca66f69a2c0bdd7f9b59846d0483edade05b236588544e3e2ed3d6150070dd2 pre-block (context=1, net=-870 duffs) — syncing display row now
06:16:34 [main] WalletTransactionsFragment - STARTUP submitData called on thread=main at 1789798594269
06:16:34 [DefaultDispatcher-worker-8] CutoverUiDataService - cutover UI display sync: 1 SDK records → 1 inserts, 0 status updates
06:16:34 [DefaultDispatcher-worker-8] CutoverUiDataService - engine detected tx e5be65840d5523d0cc5f3f6fe80091ae7df45a0b8582cf9913e5b0636db71b56 pre-block (context=1, net=-1100 duffs) — syncing display row now
06:16:34 [main] WalletTransactionsFragment - STARTUP submitData called on thread=main at 1789798594290
06:16:34 [DefaultDispatcher-worker-14] CutoverUiDataService - cutover UI display sync: 1 SDK records → 1 inserts, 0 status updates
06:16:34 [main] WalletTransactionsFragment - STARTUP submitData called on thread=main at 1789798594307
06:16:34 [DefaultDispatcher-worker-8] L1ShadowSyncService - L1 engine tx event: InstantLocked(txidHex=8a3f859e09c01bbdd228b69a8b11645f9090038c9db85abef2108c395cb2e32b)
06:16:35 [DefaultDispatcher-worker-15] L1ShadowSyncService - L1 engine tx event: Detected(txidHex=4c3f6f60665dd7dbb81c45fd20355a9969e4f34fd2a08bae4a12de969a817cbe, netAmountDuffs=-680, feeDuffs=null, contextCode=0, directionCode=2)
06:16:35 [DefaultDispatcher-worker-15] L1ShadowSyncService - L1 engine tx event: Detected(txidHex=d0a845ae90ee5ff1155a7c23112a4a969d5e9067ee9b767dc33bcd63c4ca2ba8, netAmountDuffs=-720, feeDuffs=null, contextCode=1, directionCode=2)
06:16:35 [DefaultDispatcher-worker-8] CutoverUiDataService - engine detected tx 4c3f6f60665dd7dbb81c45fd20355a9969e4f34fd2a08bae4a12de969a817cbe pre-block (context=0, net=-680 duffs) — syncing display row now
06:16:35 [DefaultDispatcher-worker-15] L1ShadowSyncService - L1 engine tx event: Detected(txidHex=647b9556e54176d252df7f8b3e8004b26a2eca695e4ece6b439715732d338052, netAmountDuffs=-870, feeDuffs=null, contextCode=0, directionCode=2)
06:16:35 [DefaultDispatcher-worker-13] CutoverUiDataService - SDK balance published: 98650190 duffs (was 98653520) | l1Synced=true rescanArmedHold=false dashPayBackfill(armed=false,replaying=false) deferredContactBuilds=0 (unchangedReads=3) persistedAsLastKnown=true lastKnown=0
06:16:35 [DefaultDispatcher-worker-15] L1ShadowSyncService - L1 engine tx event: Detected(txidHex=aaa4d5c2b5e7a456d773e27d19c4417dc361119958aada3de9550df4cc2d0109, netAmountDuffs=-1060, feeDuffs=null, contextCode=1, directionCode=2)
06:16:36 [DefaultDispatcher-worker-13] CutoverUiDataService - cutover UI display sync: 1 SDK records → 1 inserts, 0 status updates
06:16:36 [DefaultDispatcher-worker-13] CutoverUiDataService - engine detected tx d0a845ae90ee5ff1155a7c23112a4a969d5e9067ee9b767dc33bcd63c4ca2ba8 pre-block (context=1, net=-720 duffs) — syncing display row now
06:16:36 [main] WalletTransactionsFragment - STARTUP submitData called on thread=main at 1789798596006
06:16:36 [DefaultDispatcher-worker-10] CutoverUiDataService - cutover UI display sync: 1 SDK records → 1 inserts, 0 status updates
06:16:36 [DefaultDispatcher-worker-10] CutoverUiDataService - engine detected tx 647b9556e54176d252df7f8b3e8004b26a2eca695e4ece6b439715732d338052 pre-block (context=0, net=-870 duffs) — syncing display row now
06:16:36 [main] WalletTransactionsFragment - STARTUP submitData called on thread=main at 1789798596025
06:16:36 [main] WalletTransactionsFragment - STARTUP submitData called on thread=main at 1789798596025
06:16:36 [DefaultDispatcher-worker-2] CutoverUiDataService - cutover UI display sync: 1 SDK records → 1 inserts, 0 status updates
06:16:36 [DefaultDispatcher-worker-2] CutoverUiDataService - engine detected tx aaa4d5c2b5e7a456d773e27d19c4417dc361119958aada3de9550df4cc2d0109 pre-block (context=1, net=-1060 duffs) — syncing display row now
06:16:36 [main] WalletTransactionsFragment - STARTUP submitData called on thread=main at 1789798596038
06:16:36 [DefaultDispatcher-worker-5] CutoverUiDataService - cutover UI display sync: 1 SDK records → 1 inserts, 0 status updates
06:16:36 [main] WalletTransactionsFragment - STARTUP submitData called on thread=main at 1789798596046
06:16:36 [DefaultDispatcher-worker-7] L1ShadowSyncService - L1 engine tx event: Detected(txidHex=fdbbb25b898f8f125a0bfceea419838a145e4db613f040e9fada4570ee0afea1, netAmountDuffs=-1140, feeDuffs=null, contextCode=0, directionCode=2)
06:16:36 [DefaultDispatcher-worker-14] CutoverUiDataService - engine detected tx fdbbb25b898f8f125a0bfceea419838a145e4db613f040e9fada4570ee0afea1 pre-block (context=0, net=-1140 duffs) — syncing display row now
06:16:36 [DefaultDispatcher-worker-15] CutoverUiDataService - SDK balance published: 98649050 duffs (was 98650190) | l1Synced=true rescanArmedHold=false dashPayBackfill(armed=false,replaying=false) deferredContactBuilds=0 (unchangedReads=3) persistedAsLastKnown=true lastKnown=0
06:16:36 [DefaultDispatcher-worker-12] L1ShadowSyncService - L1 engine tx event: InstantLocked(txidHex=4c3f6f60665dd7dbb81c45fd20355a9969e4f34fd2a08bae4a12de969a817cbe)
06:16:36 [DefaultDispatcher-worker-7] L1ShadowSyncService - L1 engine tx event: InstantLocked(txidHex=647b9556e54176d252df7f8b3e8004b26a2eca695e4ece6b439715732d338052)
06:16:36 [DefaultDispatcher-worker-8] L1ShadowSyncService - L1 engine tx event: InstantLocked(txidHex=fdbbb25b898f8f125a0bfceea419838a145e4db613f040e9fada4570ee0afea1)
06:16:36 [DefaultDispatcher-worker-10] BlockchainServiceImpl - network capabilities changed: 100, hasInternet: true, validated: true
06:16:36 [DefaultDispatcher-worker-10] BlockchainServiceImpl - acquiring check() mutex
06:16:36 [DefaultDispatcher-worker-10] BlockchainServiceImpl - check()
06:16:36 [DefaultDispatcher-worker-10] BlockchainServiceImpl - cutover committed — holding the dashj L1 engine; SDK owns L1 this launch
06:16:36 [DefaultDispatcher-worker-10] BlockchainServiceImpl - releasing check() mutex
06:16:36 [main] BlockchainServiceImpl - cutover committed and SDK L1 scan synced — triggering identity/contacts discovery
06:16:36 [DefaultDispatcher-worker-7] BlockchainIdentityData - creation: BlockchainIdentityData(NONE, null, null, null, null, null)
06:16:36 [DefaultDispatcher-worker-7] PlatformSynchronizationService - discoverAndRecoverIdentity: checking for existing associated identity
06:16:36 [DefaultDispatcher-worker-7] SecurityGuard - loading security guard [healthy=true] with keys: [keystore_healthy, fallback_pin_wallet_password_key, primary_ui_pin_key, modern_encryption_migration_complete, fallback_mnemonic_wallet_password_key, primary_wallet_password_key, fallback_mnemonic_ui_pin_key]
06:16:36 [DefaultDispatcher-worker-7] ModernEncryptionProvider - Decrypted data for alias: wallet_password_key
06:16:36 [DefaultDispatcher-worker-6] CutoverUiDataService - cutover UI display sync: 1 SDK records → 1 inserts, 0 status updates
06:16:36 [main] WalletTransactionsFragment - STARTUP submitData called on thread=main at 1789798596786
06:16:36 [DefaultDispatcher-worker-7] KeyCrypterScrypt - Deriving key took 159.8 ms for N=65536, r=8, p=1.
06:16:36 [DefaultDispatcher-worker-7] DapiClient - getIdentityByFirstPublicKey(e7679c1cbad57327ae85e68d12d12df3549b9bfa)
06:16:37 [DefaultDispatcher-worker-7] PlatformSynchronizationService - discoverAndRecoverIdentity: no existing identity found
06:16:37 [DefaultDispatcher-worker-7] PlatformSynchronizationService - identity-discovery guard released (no identity found) — a later discovery may run again
06:16:37 [DefaultDispatcher-worker-7] BlockchainServiceImpl - post-cutover identity discovery found nothing and the wallet has no identity — re-arming; next attempt no sooner than 120000 ms from now
06:16:37 [DefaultDispatcher-worker-7] PlatformSynchronizationService - TxMetadata settings: saveToNetwork=false frequency=afterTenTransactions saveAfter=9223372036854775807 paymentCategory=false taxCategory=false exchangeRates=false memos=false giftCards=false storedDocuments=0
06:16:39 [DefaultDispatcher-worker-6] BlockchainServiceImpl - network capabilities changed: 100, hasInternet: true, validated: true
06:16:39 [DefaultDispatcher-worker-6] BlockchainServiceImpl - acquiring check() mutex
06:16:39 [DefaultDispatcher-worker-6] BlockchainServiceImpl - check()
06:16:39 [DefaultDispatcher-worker-6] BlockchainServiceImpl - cutover committed — holding the dashj L1 engine; SDK owns L1 this launch
06:16:39 [DefaultDispatcher-worker-6] BlockchainServiceImpl - releasing check() mutex
06:16:40 [main] BiometricHelper - No biometric credentials
06:16:40 [main] LockScreenActivity - fingerprint was disabled
06:16:40 [main] LockScreenActivity - LockState = ENTER_PIN
06:16:40 [DefaultDispatcher-worker-12] L1ShadowSyncService - L1 engine tx event: Detected(txidHex=75ea32e29849efce3792645b13614f0d6115acf5f8df211e954d292c95c23c05, netAmountDuffs=-490, feeDuffs=null, contextCode=1, directionCode=2)
06:16:40 [DefaultDispatcher-worker-12] L1ShadowSyncService - L1 engine tx event: Detected(txidHex=51824e87ab6fdfee8a53118b71d12d766d76bb509b105a3245e7cfc3ba798ca4, netAmountDuffs=-680, feeDuffs=null, contextCode=1, directionCode=2)
06:16:40 [DefaultDispatcher-worker-5] CutoverUiDataService - engine detected tx 75ea32e29849efce3792645b13614f0d6115acf5f8df211e954d292c95c23c05 pre-block (context=1, net=-490 duffs) — syncing display row now
06:16:40 [DefaultDispatcher-worker-8] CutoverUiDataService - SDK balance published: 98644310 duffs (was 98649050) | l1Synced=true rescanArmedHold=false dashPayBackfill(armed=false,replaying=false) deferredContactBuilds=0 (unchangedReads=3) persistedAsLastKnown=true lastKnown=0
06:16:40 [DefaultDispatcher-worker-12] L1ShadowSyncService - L1 engine tx event: Detected(txidHex=bc3b27b3bff74e9c72ff1d3bba23ed0ec0485eca44e77c1f4af792493f0cd509, netAmountDuffs=-680, feeDuffs=null, contextCode=1, directionCode=2)
06:16:40 [DefaultDispatcher-worker-12] L1ShadowSyncService - L1 engine tx event: Detected(txidHex=d4355ce7345ba69fef2570f0f56ab8a290c9591f8345dce002bf427ae82939f0, netAmountDuffs=-870, feeDuffs=null, contextCode=1, directionCode=2)
06:16:40 [DefaultDispatcher-worker-12] L1ShadowSyncService - L1 engine tx event: Detected(txidHex=bcfec675c4a75bbbacd609e72149e588214a7416fea8a722b4f9aa0e12475a2c, netAmountDuffs=-950, feeDuffs=null, contextCode=1, directionCode=2)
06:16:40 [DefaultDispatcher-worker-12] L1ShadowSyncService - L1 engine tx event: Detected(txidHex=2ae5087538c7395930e65a0b54c73ac4bad5b9be60b88a0cbe0fe4d43cf0c988, netAmountDuffs=-1070, feeDuffs=null, contextCode=1, directionCode=2)
06:16:40 [DefaultDispatcher-worker-3] CutoverUiDataService - cutover UI display sync: 1 SDK records → 1 inserts, 0 status updates
06:16:40 [DefaultDispatcher-worker-3] CutoverUiDataService - engine detected tx 51824e87ab6fdfee8a53118b71d12d766d76bb509b105a3245e7cfc3ba798ca4 pre-block (context=1, net=-680 duffs) — syncing display row now
06:16:40 [DefaultDispatcher-worker-2] CutoverUiDataService - cutover UI display sync: 1 SDK records → 1 inserts, 0 status updates
06:16:40 [DefaultDispatcher-worker-2] CutoverUiDataService - engine detected tx bc3b27b3bff74e9c72ff1d3bba23ed0ec0485eca44e77c1f4af792493f0cd509 pre-block (context=1, net=-680 duffs) — syncing display row now
06:16:40 [main] WalletTransactionsFragment - STARTUP submitData called on thread=main at 1789798600777
06:16:40 [main] WalletTransactionsFragment - STARTUP submitData called on thread=main at 1789798600777
06:16:40 [DefaultDispatcher-worker-3] CutoverUiDataService - cutover UI display sync: 1 SDK records → 1 inserts, 0 status updates
06:16:40 [DefaultDispatcher-worker-3] CutoverUiDataService - engine detected tx d4355ce7345ba69fef2570f0f56ab8a290c9591f8345dce002bf427ae82939f0 pre-block (context=1, net=-870 duffs) — syncing display row now
06:16:40 [DefaultDispatcher-worker-5] CutoverUiDataService - cutover UI display sync: 1 SDK records → 1 inserts, 0 status updates
06:16:40 [DefaultDispatcher-worker-5] CutoverUiDataService - engine detected tx bcfec675c4a75bbbacd609e72149e588214a7416fea8a722b4f9aa0e12475a2c pre-block (context=1, net=-950 duffs) — syncing display row now
06:16:40 [DefaultDispatcher-worker-14] CutoverUiDataService - cutover UI display sync: 1 SDK records → 1 inserts, 0 status updates
06:16:40 [DefaultDispatcher-worker-14] CutoverUiDataService - engine detected tx 2ae5087538c7395930e65a0b54c73ac4bad5b9be60b88a0cbe0fe4d43cf0c988 pre-block (context=1, net=-1070 duffs) — syncing display row now
06:16:40 [DefaultDispatcher-worker-5] CutoverUiDataService - cutover UI display sync: 1 SDK records → 1 inserts, 0 status updates
06:16:40 [main] WalletTransactionsFragment - STARTUP submitData called on thread=main at 1789798600831
06:16:40 [main] WalletTransactionsFragment - STARTUP submitData called on thread=main at 1789798600832
06:16:40 [main] WalletTransactionsFragment - STARTUP submitData called on thread=main at 1789798600832
06:16:40 [main] WalletTransactionsFragment - STARTUP submitData called on thread=main at 1789798600832
06:16:40 [DefaultDispatcher-worker-10] L1ShadowSyncService - L1 engine tx event: Detected(txidHex=c06a2758987f985b8377227b93eea7315b415503ec177ccd28839cc0a7feda57, netAmountDuffs=-490, feeDuffs=null, contextCode=0, directionCode=2)
06:16:40 [DefaultDispatcher-worker-10] L1ShadowSyncService - L1 engine tx event: Detected(txidHex=71103805df7d4a531e93f41a1648b5836bc79cff4d96a54d2821627bed49a567, netAmountDuffs=-910, feeDuffs=null, contextCode=0, directionCode=2)
06:16:40 [DefaultDispatcher-worker-13] CutoverUiDataService - engine detected tx c06a2758987f985b8377227b93eea7315b415503ec177ccd28839cc0a7feda57 pre-block (context=0, net=-490 duffs) — syncing display row now
06:16:40 [DefaultDispatcher-worker-15] CutoverUiDataService - SDK balance published: 98642910 duffs (was 98644310) | l1Synced=true rescanArmedHold=false dashPayBackfill(armed=false,replaying=false) deferredContactBuilds=0 (unchangedReads=3) persistedAsLastKnown=true lastKnown=0
06:16:40 [DefaultDispatcher-worker-9] CutoverUiDataService - cutover UI display sync: 1 SDK records → 1 inserts, 0 status updates
06:16:40 [DefaultDispatcher-worker-9] CutoverUiDataService - engine detected tx 71103805df7d4a531e93f41a1648b5836bc79cff4d96a54d2821627bed49a567 pre-block (context=0, net=-910 duffs) — syncing display row now
06:16:40 [main] WalletTransactionsFragment - STARTUP submitData called on thread=main at 1789798600934
06:16:40 [DefaultDispatcher-worker-3] CutoverUiDataService - cutover UI display sync: 1 SDK records → 1 inserts, 0 status updates
06:16:40 [main] WalletTransactionsFragment - STARTUP submitData called on thread=main at 1789798600941
06:16:40 [main] WalletTransactionsFragment - STARTUP submitData called on thread=main at 1789798600941
06:16:41 [DefaultDispatcher-worker-6] L1ShadowSyncService - L1 engine tx event: InstantLocked(txidHex=71103805df7d4a531e93f41a1648b5836bc79cff4d96a54d2821627bed49a567)
06:16:41 [DefaultDispatcher-worker-6] L1ShadowSyncService - L1 engine tx event: InstantLocked(txidHex=c06a2758987f985b8377227b93eea7315b415503ec177ccd28839cc0a7feda57)
06:16:47 [DefaultDispatcher-worker-6] L1ShadowSyncService - L1 engine tx event: Detected(txidHex=c687852f59c6ebb8763cb7edcad9b87bc253ea22a51a93aa9327384067b68266, netAmountDuffs=-490, feeDuffs=null, contextCode=1, directionCode=2)
06:16:47 [DefaultDispatcher-worker-1] CutoverUiDataService - engine detected tx c687852f59c6ebb8763cb7edcad9b87bc253ea22a51a93aa9327384067b68266 pre-block (context=1, net=-490 duffs) — syncing display row now
06:16:47 [DefaultDispatcher-worker-12] CutoverUiDataService - SDK balance published: 98637210 duffs (was 98642910) | l1Synced=true rescanArmedHold=false dashPayBackfill(armed=false,replaying=false) deferredContactBuilds=0 (unchangedReads=3) persistedAsLastKnown=true lastKnown=0
06:16:47 [DefaultDispatcher-worker-6] L1ShadowSyncService - L1 engine tx event: Detected(txidHex=11b83e944d10630a485862cbfb7534b24b1ef1faa7e6f79a5c4a6596986bbeff, netAmountDuffs=-530, feeDuffs=null, contextCode=1, directionCode=2)
06:16:47 [DefaultDispatcher-worker-6] L1ShadowSyncService - L1 engine tx event: Detected(txidHex=3b51a15fd79a44e54721676941be962417be38c19186345a0fcc15102b39cef5, netAmountDuffs=-680, feeDuffs=null, contextCode=1, directionCode=2)
06:16:47 [DefaultDispatcher-worker-6] L1ShadowSyncService - L1 engine tx event: Detected(txidHex=e338e0db84c78b63aae7d93d807466d43e98a289fac0ccb08e6e552426d18959, netAmountDuffs=-680, feeDuffs=null, contextCode=1, directionCode=2)
06:16:47 [DefaultDispatcher-worker-6] L1ShadowSyncService - L1 engine tx event: Detected(txidHex=9a5b5a09bca1f9a2bbc0dad4aa556e408b6d4ff58ec549f6627610454970fe59, netAmountDuffs=-770, feeDuffs=null, contextCode=1, directionCode=2)
06:16:47 [DefaultDispatcher-worker-6] L1ShadowSyncService - L1 engine tx event: Detected(txidHex=be456eea97d636c9c3168fba8d91e9dbcf3eb245e17d9279cf5f2dea6bd59621, netAmountDuffs=-770, feeDuffs=null, contextCode=1, directionCode=2)
06:16:47 [DefaultDispatcher-worker-6] L1ShadowSyncService - L1 engine tx event: Detected(txidHex=1e64d6fa5cc2874cecb997ddc3f7f87153e7683f06cb3d6ac5c7b97a66306681, netAmountDuffs=-870, feeDuffs=null, contextCode=1, directionCode=2)
06:16:47 [DefaultDispatcher-worker-6] L1ShadowSyncService - L1 engine tx event: Detected(txidHex=6e6d85328bd451de5bec6c2aaf698a71a9aea92cc79a9ab1985b51ae9a95c00f, netAmountDuffs=-910, feeDuffs=null, contextCode=1, directionCode=2)
06:16:48 [DefaultDispatcher-worker-13] CutoverUiDataService - cutover UI display sync: 1 SDK records → 1 inserts, 0 status updates
06:16:48 [DefaultDispatcher-worker-13] CutoverUiDataService - engine detected tx 11b83e944d10630a485862cbfb7534b24b1ef1faa7e6f79a5c4a6596986bbeff pre-block (context=1, net=-530 duffs) — syncing display row now
06:16:48 [main] WalletTransactionsFragment - STARTUP submitData called on thread=main at 1789798608059
06:16:48 [DefaultDispatcher-worker-15] CutoverUiDataService - cutover UI display sync: 1 SDK records → 1 inserts, 0 status updates
06:16:48 [DefaultDispatcher-worker-15] CutoverUiDataService - engine detected tx 3b51a15fd79a44e54721676941be962417be38c19186345a0fcc15102b39cef5 pre-block (context=1, net=-680 duffs) — syncing display row now
06:16:48 [main] WalletTransactionsFragment - STARTUP submitData called on thread=main at 1789798608069
06:16:48 [main] WalletTransactionsFragment - STARTUP submitData called on thread=main at 1789798608070
06:16:48 [DefaultDispatcher-worker-13] CutoverUiDataService - cutover UI display sync: 1 SDK records → 1 inserts, 0 status updates
06:16:48 [DefaultDispatcher-worker-13] CutoverUiDataService - engine detected tx e338e0db84c78b63aae7d93d807466d43e98a289fac0ccb08e6e552426d18959 pre-block (context=1, net=-680 duffs) — syncing display row now
06:16:48 [main] WalletTransactionsFragment - STARTUP submitData called on thread=main at 1789798608078
06:16:48 [main] WalletTransactionsFragment - STARTUP submitData called on thread=main at 1789798608078
06:16:48 [DefaultDispatcher-worker-1] CutoverUiDataService - cutover UI display sync: 1 SDK records → 1 inserts, 0 status updates
06:16:48 [DefaultDispatcher-worker-1] CutoverUiDataService - engine detected tx 9a5b5a09bca1f9a2bbc0dad4aa556e408b6d4ff58ec549f6627610454970fe59 pre-block (context=1, net=-770 duffs) — syncing display row now
06:16:48 [main] WalletTransactionsFragment - STARTUP submitData called on thread=main at 1789798608085
06:16:48 [DefaultDispatcher-worker-3] CutoverUiDataService - cutover UI display sync: 1 SDK records → 1 inserts, 0 status updates
06:16:48 [DefaultDispatcher-worker-3] CutoverUiDataService - engine detected tx be456eea97d636c9c3168fba8d91e9dbcf3eb245e17d9279cf5f2dea6bd59621 pre-block (context=1, net=-770 duffs) — syncing display row now
06:16:48 [main] WalletTransactionsFragment - STARTUP submitData called on thread=main at 1789798608095
06:16:48 [main] WalletTransactionsFragment - STARTUP submitData called on thread=main at 1789798608095
06:16:48 [DefaultDispatcher-worker-5] CutoverUiDataService - cutover UI display sync: 1 SDK records → 1 inserts, 0 status updates
06:16:48 [DefaultDispatcher-worker-5] CutoverUiDataService - engine detected tx 1e64d6fa5cc2874cecb997ddc3f7f87153e7683f06cb3d6ac5c7b97a66306681 pre-block (context=1, net=-870 duffs) — syncing display row now
06:16:48 [main] WalletTransactionsFragment - STARTUP submitData called on thread=main at 1789798608104
06:16:48 [DefaultDispatcher-worker-7] CutoverUiDataService - cutover UI display sync: 1 SDK records → 1 inserts, 0 status updates
06:16:48 [DefaultDispatcher-worker-7] CutoverUiDataService - engine detected tx 6e6d85328bd451de5bec6c2aaf698a71a9aea92cc79a9ab1985b51ae9a95c00f pre-block (context=1, net=-910 duffs) — syncing display row now
06:16:48 [main] WalletTransactionsFragment - STARTUP submitData called on thread=main at 1789798608111
06:16:48 [DefaultDispatcher-worker-8] CutoverUiDataService - cutover UI display sync: 1 SDK records → 1 inserts, 0 status updates
06:16:48 [main] WalletTransactionsFragment - STARTUP submitData called on thread=main at 1789798608118
06:16:49 [DefaultDispatcher-worker-15] L1ShadowSyncService - L1 engine tx event: Detected(txidHex=5c0da2a08d44a1ef09c92a746f6881b92edc4d7c56dde47c20612cf346700ab2, netAmountDuffs=-680, feeDuffs=null, contextCode=1, directionCode=2)
06:16:49 [DefaultDispatcher-worker-15] L1ShadowSyncService - L1 engine tx event: Detected(txidHex=b6051475a629be9c4a4b38bfb8132665de650419923add8e226eeaf9609b1f7f, netAmountDuffs=-680, feeDuffs=null, contextCode=1, directionCode=2)
06:16:49 [DefaultDispatcher-worker-13] CutoverUiDataService - engine detected tx 5c0da2a08d44a1ef09c92a746f6881b92edc4d7c56dde47c20612cf346700ab2 pre-block (context=1, net=-680 duffs) — syncing display row now
06:16:49 [DefaultDispatcher-worker-7] CutoverUiDataService - SDK balance published: 98631820 duffs (was 98637210) | l1Synced=true rescanArmedHold=false dashPayBackfill(armed=false,replaying=false) deferredContactBuilds=0 (unchangedReads=3) persistedAsLastKnown=true lastKnown=0
06:16:49 [DefaultDispatcher-worker-15] L1ShadowSyncService - L1 engine tx event: Detected(txidHex=de13f060977a724ac2fccef07a83ee873abe84f8c86bacfe06363cd40bda651c, netAmountDuffs=-680, feeDuffs=null, contextCode=1, directionCode=2)
06:16:49 [DefaultDispatcher-worker-15] L1ShadowSyncService - L1 engine tx event: Detected(txidHex=fc24078db1e8984d66b3c4abedbfb4134ae6a6d3a1f8d70f8bddaca9aefacd4d, netAmountDuffs=-770, feeDuffs=null, contextCode=0, directionCode=2)
06:16:49 [DefaultDispatcher-worker-15] L1ShadowSyncService - L1 engine tx event: Detected(txidHex=e4685e746de7db3b23601180ca20fa6fdfa12ad342e7f73ab85aca931f92eb3d, netAmountDuffs=-870, feeDuffs=null, contextCode=1, directionCode=2)
06:16:49 [DefaultDispatcher-worker-15] L1ShadowSyncService - L1 engine tx event: Detected(txidHex=580d8593e44ea31f70646edf7641cd9f9e6ebc8bad15712a1b8e40b9d3ae4e42, netAmountDuffs=-1220, feeDuffs=null, contextCode=0, directionCode=2)
06:16:49 [DefaultDispatcher-worker-15] L1ShadowSyncService - L1 engine tx event: Detected(txidHex=7ee6c89804cfab409b35ac6bed2b699d42e39311234f35e124b9a0782a1e405b, netAmountDuffs=-490, feeDuffs=null, contextCode=0, directionCode=2)
06:16:49 [DefaultDispatcher-worker-15] L1ShadowSyncService - L1 engine tx event: InstantLocked(txidHex=fc24078db1e8984d66b3c4abedbfb4134ae6a6d3a1f8d70f8bddaca9aefacd4d)
06:16:49 [DefaultDispatcher-worker-12] L1ShadowSyncService - L1 engine tx event: InstantLocked(txidHex=7ee6c89804cfab409b35ac6bed2b699d42e39311234f35e124b9a0782a1e405b)
06:16:49 [DefaultDispatcher-worker-14] CutoverUiDataService - cutover UI display sync: 1 SDK records → 1 inserts, 0 status updates
06:16:49 [DefaultDispatcher-worker-14] CutoverUiDataService - engine detected tx b6051475a629be9c4a4b38bfb8132665de650419923add8e226eeaf9609b1f7f pre-block (context=1, net=-680 duffs) — syncing display row now
06:16:49 [main] WalletTransactionsFragment - STARTUP submitData called on thread=main at 1789798609619
06:16:49 [DefaultDispatcher-worker-14] CutoverUiDataService - cutover UI display sync: 1 SDK records → 1 inserts, 0 status updates
06:16:49 [DefaultDispatcher-worker-14] CutoverUiDataService - engine detected tx de13f060977a724ac2fccef07a83ee873abe84f8c86bacfe06363cd40bda651c pre-block (context=1, net=-680 duffs) — syncing display row now
06:16:49 [main] WalletTransactionsFragment - STARTUP submitData called on thread=main at 1789798609625
06:16:49 [DefaultDispatcher-worker-2] CutoverUiDataService - cutover UI display sync: 1 SDK records → 1 inserts, 0 status updates
06:16:49 [DefaultDispatcher-worker-2] CutoverUiDataService - engine detected tx fc24078db1e8984d66b3c4abedbfb4134ae6a6d3a1f8d70f8bddaca9aefacd4d pre-block (context=0, net=-770 duffs) — syncing display row now
06:16:49 [main] WalletTransactionsFragment - STARTUP submitData called on thread=main at 1789798609632
06:16:49 [DefaultDispatcher-worker-7] CutoverUiDataService - cutover UI display sync: 1 SDK records → 1 inserts, 0 status updates
06:16:49 [DefaultDispatcher-worker-7] CutoverUiDataService - engine detected tx e4685e746de7db3b23601180ca20fa6fdfa12ad342e7f73ab85aca931f92eb3d pre-block (context=1, net=-870 duffs) — syncing display row now
06:16:49 [main] WalletTransactionsFragment - STARTUP submitData called on thread=main at 1789798609658
06:16:49 [DefaultDispatcher-worker-8] CutoverUiDataService - cutover UI display sync: 1 SDK records → 1 inserts, 0 status updates
06:16:49 [DefaultDispatcher-worker-8] CutoverUiDataService - engine detected tx 580d8593e44ea31f70646edf7641cd9f9e6ebc8bad15712a1b8e40b9d3ae4e42 pre-block (context=0, net=-1220 duffs) — syncing display row now
06:16:49 [main] WalletTransactionsFragment - STARTUP submitData called on thread=main at 1789798609662
06:16:49 [main] WalletTransactionsFragment - STARTUP submitData called on thread=main at 1789798609662
06:16:49 [DefaultDispatcher-worker-11] CutoverUiDataService - cutover UI display sync: 1 SDK records → 1 inserts, 0 status updates
06:16:49 [main] WalletTransactionsFragment - STARTUP submitData called on thread=main at 1789798609672
06:16:49 [DefaultDispatcher-worker-11] CutoverUiDataService - engine detected tx 7ee6c89804cfab409b35ac6bed2b699d42e39311234f35e124b9a0782a1e405b pre-block (context=0, net=-490 duffs) — syncing display row now
06:16:49 [DefaultDispatcher-worker-8] CutoverUiDataService - cutover UI display sync: 1 SDK records → 1 inserts, 0 status updates
06:16:49 [main] WalletTransactionsFragment - STARTUP submitData called on thread=main at 1789798609680
06:16:49 [native-log-bridge] DashSdkNative - 09-19 01:16:20.085  4514  5637 I DashSDK : platform_wallet::changeset::core_bridge: wallet-event batch: folded=1 wallets=1 synced_height_persisted=None synced_height_frozen=None synced_height_rejected=None faulted=0
06:16:49 [native-log-bridge] DashSdkNative - 09-19 01:16:20.122  4514  5638 I DashSDK : platform_wallet::changeset::core_bridge: wallet-event batch: folded=1 wallets=1 synced_height_persisted=None synced_height_frozen=None synced_height_rejected=None faulted=0
06:16:49 [native-log-bridge] DashSdkNative - 09-19 01:16:20.537  4514  5640 I DashSDK : platform_wallet::changeset::core_bridge: wallet-event batch: folded=4 wallets=1 synced_height_persisted=None synced_height_frozen=None synced_height_rejected=None faulted=0
06:16:49 [native-log-bridge] DashSdkNative - 09-19 01:16:20.949  4514  5637 I DashSDK : platform_wallet::changeset::core_bridge: wallet-event batch: folded=1 wallets=1 synced_height_persisted=None synced_height_frozen=None synced_height_rejected=None faulted=0
06:16:49 [native-log-bridge] DashSdkNative - 09-19 01:16:22.162  4514  5640 I DashSDK : platform_wallet::changeset::core_bridge: wallet-event batch: folded=1 wallets=1 synced_height_persisted=None synced_height_frozen=None synced_height_rejected=None faulted=0
06:16:49 [native-log-bridge] DashSdkNative - 09-19 01:16:22.420  4514  5638 I DashSDK : platform_wallet::changeset::core_bridge: wallet-event batch: folded=3 wallets=1 synced_height_persisted=None synced_height_frozen=None synced_height_rejected=None faulted=0
06:16:49 [native-log-bridge] DashSdkNative - 09-19 01:16:22.738  4514  5640 I DashSDK : platform_wallet::changeset::core_bridge: wallet-event batch: folded=1 wallets=1 synced_height_persisted=None synced_height_frozen=None synced_height_rejected=None faulted=0
06:16:49 [native-log-bridge] DashSdkNative - 09-19 01:16:22.754  4514  5640 I DashSDK : platform_wallet::changeset::core_bridge: wallet-event batch: folded=1 wallets=1 synced_height_persisted=None synced_height_frozen=None synced_height_rejected=None faulted=0
06:16:49 [native-log-bridge] DashSdkNative - 09-19 01:16:22.782  4514  5637 I DashSDK : platform_wallet::changeset::core_bridge: wallet-event batch: folded=1 wallets=1 synced_height_persisted=None synced_height_frozen=None synced_height_rejected=None faulted=0
06:16:49 [native-log-bridge] DashSdkNative - 09-19 01:16:23.966  4514  5639 I DashSDK : platform_wallet::changeset::core_bridge: wallet-event batch: folded=2 wallets=1 synced_height_persisted=None synced_height_frozen=None synced_height_rejected=None faulted=0
06:16:49 [native-log-bridge] DashSdkNative - 09-19 01:16:24.241  4514  5640 I DashSDK : platform_wallet::changeset::core_bridge: wallet-event batch: folded=1 wallets=1 synced_height_persisted=None synced_height_frozen=None synced_height_rejected=None faulted=0
06:16:49 [native-log-bridge] DashSdkNative - 09-19 01:16:24.410  4514  5638 I DashSDK : platform_wallet::changeset::core_bridge: wallet-event batch: folded=1 wallets=1 synced_height_persisted=None synced_height_frozen=None synced_height_rejected=None faulted=0
06:16:49 [native-log-bridge] DashSdkNative - 09-19 01:16:27.525  4514  5638 I DashSDK : platform_wallet::changeset::core_bridge: wallet-event batch: folded=6 wallets=1 synced_height_persisted=None synced_height_frozen=None synced_height_rejected=None faulted=0
06:16:49 [native-log-bridge] DashSdkNative - 09-19 01:16:27.645  4514  5637 I DashSDK : platform_wallet::changeset::core_bridge: wallet-event batch: folded=1 wallets=1 synced_height_persisted=None synced_height_frozen=None synced_height_rejected=None faulted=0
06:16:49 [native-log-bridge] DashSdkNative - 09-19 01:16:31.050  4514  5638 I DashSDK : platform_wallet::changeset::core_bridge: wallet-event batch: folded=3 wallets=1 synced_height_persisted=None synced_height_frozen=None synced_height_rejected=None faulted=0
06:16:49 [native-log-bridge] DashSdkNative - 09-19 01:16:33.869  4514  5639 I DashSDK : platform_wallet::changeset::core_bridge: wallet-event batch: folded=8 wallets=1 synced_height_persisted=None synced_height_frozen=None synced_height_rejected=None faulted=0
06:16:49 [native-log-bridge] DashSdkNative - 09-19 01:16:33.874  4514  5639 I DashSDK : platform_wallet::changeset::core_bridge: wallet-event batch: folded=1 wallets=1 synced_height_persisted=None synced_height_frozen=None synced_height_rejected=None faulted=0
06:16:49 [native-log-bridge] DashSdkNative - 09-19 01:16:34.953  4514  5638 I DashSDK : platform_wallet::changeset::core_bridge: wallet-event batch: folded=1 wallets=1 synced_height_persisted=None synced_height_frozen=None synced_height_rejected=None faulted=0
06:16:49 [native-log-bridge] DashSdkNative - 09-19 01:16:35.985  4514  5638 I DashSDK : platform_wallet::changeset::core_bridge: wallet-event batch: folded=4 wallets=1 synced_height_persisted=None synced_height_frozen=None synced_height_rejected=None faulted=0
06:16:49 [native-log-bridge] DashSdkNative - 09-19 01:16:36.390  4514  5640 I DashSDK : platform_wallet::changeset::core_bridge: wallet-event batch: folded=1 wallets=1 synced_height_persisted=None synced_height_frozen=None synced_height_rejected=None faulted=0
06:16:49 [native-log-bridge] DashSdkNative - 09-19 01:16:36.394  4514  5640 I DashSDK : platform_wallet::changeset::core_bridge: wallet-event batch: folded=1 wallets=1 synced_height_persisted=None synced_height_frozen=None synced_height_rejected=None faulted=0
06:16:49 [native-log-bridge] DashSdkNative - 09-19 01:16:36.468  4514  5640 I DashSDK : platform_wallet::changeset::core_bridge: wallet-event batch: folded=1 wallets=1 synced_height_persisted=None synced_height_frozen=None synced_height_rejected=None faulted=0
06:16:49 [native-log-bridge] DashSdkNative - 09-19 01:16:36.480  4514  5640 I DashSDK : platform_wallet::changeset::core_bridge: wallet-event batch: folded=1 wallets=1 synced_height_persisted=None synced_height_frozen=None synced_height_rejected=None faulted=0
06:16:49 [native-log-bridge] DashSdkNative - 09-19 01:16:40.702  4514  5637 I DashSDK : platform_wallet::changeset::core_bridge: wallet-event batch: folded=5 wallets=1 synced_height_persisted=None synced_height_frozen=None synced_height_rejected=None faulted=0
06:16:49 [native-log-bridge] DashSdkNative - 09-19 01:16:40.719  4514  5637 I DashSDK : platform_wallet::changeset::core_bridge: wallet-event batch: folded=1 wallets=1 synced_height_persisted=None synced_height_frozen=None synced_height_rejected=None faulted=0
06:16:49 [native-log-bridge] DashSdkNative - 09-19 01:16:40.916  4514  5638 I DashSDK : platform_wallet::changeset::core_bridge: wallet-event batch: folded=2 wallets=1 synced_height_persisted=None synced_height_frozen=None synced_height_rejected=None faulted=0
06:16:49 [native-log-bridge] DashSdkNative - 09-19 01:16:41.376  4514  5639 I DashSDK : platform_wallet::changeset::core_bridge: wallet-event batch: folded=1 wallets=1 synced_height_persisted=None synced_height_frozen=None synced_height_rejected=None faulted=0
06:16:49 [native-log-bridge] DashSdkNative - 09-19 01:16:41.378  4514  5638 I DashSDK : platform_wallet::changeset::core_bridge: wallet-event batch: folded=1 wallets=1 synced_height_persisted=None synced_height_frozen=None synced_height_rejected=None faulted=0
06:16:49 [native-log-bridge] DashSdkNative - 09-19 01:16:47.643  4514  5639 I DashSDK : platform_wallet::changeset::core_bridge: wallet-event batch: folded=8 wallets=1 synced_height_persisted=None synced_height_frozen=None synced_height_rejected=None faulted=0
06:16:49 [native-log-bridge] DashSdkNative - 09-19 01:16:49.221  4514  5640 I DashSDK : platform_wallet::changeset::core_bridge: wallet-event batch: folded=7 wallets=1 synced_height_persisted=None synced_height_frozen=None synced_height_rejected=None faulted=0
06:16:49 [native-log-bridge] DashSdkNative - 09-19 01:16:49.310  4514  5639 I DashSDK : platform_wallet::changeset::core_bridge: wallet-event batch: folded=1 wallets=1 synced_height_persisted=None synced_height_frozen=None synced_height_rejected=None faulted=0
06:16:49 [native-log-bridge] DashSdkNative - 09-19 01:16:49.454  4514  5638 I DashSDK : platform_wallet::changeset::core_bridge: wallet-event batch: folded=1 wallets=1 synced_height_persisted=None synced_height_frozen=None synced_height_rejected=None faulted=0
06:16:50 [DefaultDispatcher-worker-6] L1ShadowSyncService - L1 engine tx event: InstantLocked(txidHex=580d8593e44ea31f70646edf7641cd9f9e6ebc8bad15712a1b8e40b9d3ae4e42)
06:16:50 [DefaultDispatcher-worker-9] L1ShadowSyncService - L1 engine tx event: Detected(txidHex=97fdb41d598c847d9bdaebb6ddadade94d3861907c43eca7909f44c2ad7f0c44, netAmountDuffs=-920, feeDuffs=null, contextCode=0, directionCode=2)
06:16:50 [DefaultDispatcher-worker-12] CutoverUiDataService - engine detected tx 97fdb41d598c847d9bdaebb6ddadade94d3861907c43eca7909f44c2ad7f0c44 pre-block (context=0, net=-920 duffs) — syncing display row now
06:16:50 [DefaultDispatcher-worker-9] L1ShadowSyncService - L1 engine tx event: Detected(txidHex=c86e56261199c2edb3ee8769be5217969378c7c9e01d7d0700dd17d99f2b3983, netAmountDuffs=-1220, feeDuffs=null, contextCode=0, directionCode=2)
06:16:50 [DefaultDispatcher-worker-9] L1ShadowSyncService - L1 engine tx event: Detected(txidHex=e4d5316d4bdf3259959d3e67ed5d61df450b80801ab48b57ca35789032905423, netAmountDuffs=-1220, feeDuffs=null, contextCode=0, directionCode=2)
06:16:50 [DefaultDispatcher-worker-14] CutoverUiDataService - SDK balance published: 98628460 duffs (was 98631820) | l1Synced=true rescanArmedHold=false dashPayBackfill(armed=false,replaying=false) deferredContactBuilds=0 (unchangedReads=3) persistedAsLastKnown=true lastKnown=0
06:16:51 [DefaultDispatcher-worker-13] CutoverUiDataService - cutover UI display sync: 1 SDK records → 1 inserts, 0 status updates
06:16:51 [DefaultDispatcher-worker-13] CutoverUiDataService - engine detected tx c86e56261199c2edb3ee8769be5217969378c7c9e01d7d0700dd17d99f2b3983 pre-block (context=0, net=-1220 duffs) — syncing display row now
06:16:51 [main] WalletTransactionsFragment - STARTUP submitData called on thread=main at 1789798611142
06:16:51 [DefaultDispatcher-worker-9] CutoverUiDataService - cutover UI display sync: 1 SDK records → 1 inserts, 0 status updates
06:16:51 [DefaultDispatcher-worker-9] CutoverUiDataService - engine detected tx e4d5316d4bdf3259959d3e67ed5d61df450b80801ab48b57ca35789032905423 pre-block (context=0, net=-1220 duffs) — syncing display row now
06:16:51 [main] WalletTransactionsFragment - STARTUP submitData called on thread=main at 1789798611150
06:16:51 [DefaultDispatcher-worker-6] CutoverUiDataService - cutover UI display sync: 1 SDK records → 1 inserts, 0 status updates
06:16:51 [main] WalletTransactionsFragment - STARTUP submitData called on thread=main at 1789798611155
06:16:51 [DefaultDispatcher-worker-2] L1ShadowSyncService - L1 engine tx event: InstantLocked(txidHex=97fdb41d598c847d9bdaebb6ddadade94d3861907c43eca7909f44c2ad7f0c44)
06:16:51 [DefaultDispatcher-worker-6] L1ShadowSyncService - L1 engine tx event: InstantLocked(txidHex=e4d5316d4bdf3259959d3e67ed5d61df450b80801ab48b57ca35789032905423)
06:16:51 [DefaultDispatcher-worker-12] L1ShadowSyncService - L1 engine tx event: InstantLocked(txidHex=c86e56261199c2edb3ee8769be5217969378c7c9e01d7d0700dd17d99f2b3983)
06:16:52 [DefaultDispatcher-worker-5] L1ShadowSyncService - L1 engine tx event: Detected(txidHex=f69dfb3029f26bd4ac950aed7cb4e603d27889284d8c5b42cfbcba0da7ddcb89, netAmountDuffs=-680, feeDuffs=null, contextCode=1, directionCode=2)
06:16:52 [DefaultDispatcher-worker-5] L1ShadowSyncService - L1 engine tx event: Detected(txidHex=a7acf0944c6a8d8be5a8025f10baa33322f769abf946f1c55123b09df636b7a7, netAmountDuffs=-1070, feeDuffs=null, contextCode=1, directionCode=2)
06:16:52 [DefaultDispatcher-worker-15] CutoverUiDataService - SDK balance published: 98626710 duffs (was 98628460) | l1Synced=true rescanArmedHold=false dashPayBackfill(armed=false,replaying=false) deferredContactBuilds=0 (unchangedReads=3) persistedAsLastKnown=true lastKnown=0
06:16:52 [DefaultDispatcher-worker-9] CutoverUiDataService - engine detected tx f69dfb3029f26bd4ac950aed7cb4e603d27889284d8c5b42cfbcba0da7ddcb89 pre-block (context=1, net=-680 duffs) — syncing display row now
06:16:52 [DefaultDispatcher-worker-15] CutoverUiDataService - cutover UI display sync: 1 SDK records → 1 inserts, 0 status updates
06:16:52 [DefaultDispatcher-worker-15] CutoverUiDataService - engine detected tx a7acf0944c6a8d8be5a8025f10baa33322f769abf946f1c55123b09df636b7a7 pre-block (context=1, net=-1070 duffs) — syncing display row now
06:16:52 [main] WalletTransactionsFragment - STARTUP submitData called on thread=main at 1789798612778
06:16:52 [DefaultDispatcher-worker-8] CutoverUiDataService - cutover UI display sync: 1 SDK records → 1 inserts, 0 status updates
06:16:52 [main] WalletTransactionsFragment - STARTUP submitData called on thread=main at 1789798612786
