05:20:32 [main] StartupBreadcrumbs - STARTUP breadcrumb: 1 LOGGING_INITIALIZED +13ms
05:20:32 [main] StartupBreadcrumbs - STARTUP breadcrumb: 2 FIREBASE_INITIALIZED +15ms
05:20:32 [process-exit-reasons] ProcessExitReasons - PROCESS EXIT REASON: none recorded (fresh install, or the history was cleared)
05:20:32 [main] WalletApplication - STARTUP WalletApplication.onCreate()
05:20:32 [main] StartupBreadcrumbs - STARTUP breadcrumb: 3 CONFIG_LOADED +20ms
05:20:32 [main] StartupBreadcrumbs - STARTUP breadcrumb: 11 ONCREATE_COMPLETE +60ms
05:20:32 [main] WalletActivityTracker - activity lifecycle: app started
05:20:32 [main] WalletActivityTracker - activity lifecycle: activity OnboardingActivity created
05:20:32 [main] WalletActivityTracker - activity lifecycle: current: OnboardingActivity, activities: 1 visible: 0 foreground: 0
05:20:32 [main] AppForegroundMonitor - App moved to foreground
05:20:32 [main] WalletActivityTracker - activity lifecycle: current: OnboardingActivity, activities: 1 visible: 1 foreground: 0
05:20:32 [main] WalletActivityTracker - activity lifecycle: current: OnboardingActivity, activities: 1 visible: 1 foreground: 1
05:20:33 [DefaultDispatcher-worker-8] ExploreSyncWorker - sync explore db started
05:20:33 [DefaultDispatcher-worker-8] ExploreDataSyncStatus - sync explore data progress: 0.0
05:20:33 [DefaultDispatcher-worker-8] GCExploreDatabase - preloading explore db from assets /data/user/0/hashengineering.darkcoin.wallet/cache/explore.db, test database: false
05:20:33 [DefaultDispatcher-worker-8] GCExploreDatabase - missing preloaded database explore/explore.db
05:20:33 [DefaultDispatcher-worker-8] ExploreSyncWorker - local data timestamp: 0 (Wed Dec 31 18:00:00 CST 1969)
05:20:33 [DefaultDispatcher-worker-8] GCExploreDatabase - error getting remote data timestamp
com.google.firebase.FirebaseException: An internal error has occurred. [ API key not valid. Please pass a valid API key. ]
	at com.google.android.gms.internal.firebase-auth-api.zzaag.zza(com.google.firebase:firebase-auth@@22.0.0:4)
	at com.google.android.gms.internal.firebase-auth-api.zzabf.zza(com.google.firebase:firebase-auth@@22.0.0:26)
	at com.google.android.gms.internal.firebase-auth-api.zzabg.zzl(com.google.firebase:firebase-auth@@22.0.0:1)
	at com.google.android.gms.internal.firebase-auth-api.zzabd.zzh(com.google.firebase:firebase-auth@@22.0.0:25)
	at com.google.android.gms.internal.firebase-auth-api.zzaae.zzh(com.google.firebase:firebase-auth@@22.0.0:1)
	at com.google.android.gms.internal.firebase-auth-api.zzyb.zza(com.google.firebase:firebase-auth@@22.0.0:2)
	at com.google.android.gms.internal.firebase-auth-api.zzabo.zzc(com.google.firebase:firebase-auth@@22.0.0:10)
	at com.google.android.gms.internal.firebase-auth-api.zzabo.zzb(com.google.firebase:firebase-auth@@22.0.0:14)
	at com.google.android.gms.internal.firebase-auth-api.zzaat.zzn(com.google.firebase:firebase-auth@@22.0.0:4)
	at com.google.android.gms.internal.firebase-auth-api.zzyh.zzz(com.google.firebase:firebase-auth@@22.0.0:2)
	at com.google.android.gms.internal.firebase-auth-api.zzaaf.zzv(com.google.firebase:firebase-auth@@22.0.0:2)
	at com.google.android.gms.internal.firebase-auth-api.zzzk.zzc(com.google.firebase:firebase-auth@@22.0.0:1)
	at com.google.android.gms.internal.firebase-auth-api.zzabh.run(com.google.firebase:firebase-auth@@22.0.0:1)
	at java.util.concurrent.ThreadPoolExecutor.runWorker(ThreadPoolExecutor.java:1145)
	at java.util.concurrent.ThreadPoolExecutor$Worker.run(ThreadPoolExecutor.java:644)
	at com.google.firebase.concurrent.CustomThreadFactory.lambda$newThread$0(CustomThreadFactory.java:47)
	at com.google.firebase.concurrent.CustomThreadFactory.$r8$lambda$XB8AY3Hcio74byWuTzgVEC3Hiek(CustomThreadFactory.java:0)
	at com.google.firebase.concurrent.CustomThreadFactory$$ExternalSyntheticLambda0.run(R8$$SyntheticClass:0)
	at java.lang.Thread.run(Thread.java:1012)
05:20:33 [DefaultDispatcher-worker-8] ExploreSyncWorker - remote data timestamp: -1 (Wed Dec 31 17:59:59 CST 1969)
05:20:33 [DefaultDispatcher-worker-8] ExploreSyncWorker - unable to delete /data/user/0/hashengineering.darkcoin.wallet/cache/explore.db
05:20:33 [DefaultDispatcher-worker-8] ExploreSyncWorker - explore db is up to date, nothing to sync
05:20:33 [DefaultDispatcher-worker-8] ExploreDataSyncStatus - sync explore data progress: 100.0
05:20:33 [DefaultDispatcher-worker-8] ExploreDatabase - Open database explore-database
05:20:33 [DefaultDispatcher-worker-8] ExploreSyncWorker - adding PiggyCards test merchants
05:20:33 [DefaultDispatcher-worker-8] ExploreSyncWorker - PiggyCards test merchant added successfully
05:20:58 [main] WalletActivityTracker - activity lifecycle: current: OnboardingActivity, activities: 1 visible: 1 foreground: 0
05:20:58 [main] WalletActivityTracker - activity lifecycle: activity SelectSecurityLevelActivity created
05:20:58 [main] WalletActivityTracker - activity lifecycle: current: SelectSecurityLevelActivity, activities: 2 visible: 1 foreground: 0
05:20:58 [main] WalletActivityTracker - activity lifecycle: current: SelectSecurityLevelActivity, activities: 2 visible: 2 foreground: 0
05:20:58 [main] WalletActivityTracker - activity lifecycle: current: SelectSecurityLevelActivity, activities: 2 visible: 2 foreground: 1
05:20:59 [main] WalletActivityTracker - activity lifecycle: current: OnboardingActivity, activities: 2 visible: 1 foreground: 1
05:21:22 [main] WalletActivityTracker - activity lifecycle: current: SelectSecurityLevelActivity, activities: 2 visible: 1 foreground: 0
05:21:23 [main] WalletActivityTracker - activity lifecycle: current: OnboardingActivity, activities: 2 visible: 2 foreground: 0
05:21:23 [main] WalletActivityTracker - activity lifecycle: current: OnboardingActivity, activities: 2 visible: 2 foreground: 1
05:21:23 [DefaultDispatcher-worker-7] BLSJniLibrary - Initializing BLS JNI Library
05:21:23 [DefaultDispatcher-worker-7] WalletApplication - === starting app using configuration: prod, org.darkcoin.production
05:21:23 [DefaultDispatcher-worker-7] MnemonicCodeExt - BIP39 wordlist loaded from: 'bip39-wordlists/english.txt', took 1.677 ms
05:21:23 [DefaultDispatcher-worker-7] MnemonicCode - PBKDF2 took 7.058 ms
05:21:23 [DefaultDispatcher-worker-7] OnboardingViewModel - successfully created new wallet
05:21:23 [DefaultDispatcher-worker-10] BLSJniLibrary - Initializing BLS JNI Library
05:21:23 [DefaultDispatcher-worker-10] TxDisplayCacheService - rebuildWrappedList: 0 raw txs → 0 wrappers → 0 sorted | getTransactions=2ms wrapAll=0ms sort=0ms total=2ms
05:21:23 [DefaultDispatcher-worker-7] KeyChainGroup - Activating a new HD chain: DeterministicKeyChain{P2PKH, accountPath=[44H, 5H, 0H], lookaheadSize=100, lookaheadThreshold=33}
05:21:23 [DefaultDispatcher-worker-8] TxDisplayCacheService - updateDisplayCache: 0 rows in 1ms
05:21:23 [DefaultDispatcher-worker-8] TxDisplayCacheService - STARTUP rebuildWrappedList DONE (_transactionsLoaded=true) at 1789795283088
05:21:23 [DefaultDispatcher-worker-8] WalletObserver - observing transactions start de.schildbach.wallet.transactions.WalletObserver@b667a83
05:21:23 [DefaultDispatcher-worker-8] BLSJniLibrary - Initializing BLS JNI Library
05:21:23 [dashj user thread] BLSJniLibrary - Initializing BLS JNI Library
05:21:23 [DefaultDispatcher-worker-7] AnyKeyChainGroup - Activating a new HD chain: AuthenticationKeyChain{BLOCKCHAIN_IDENTITY, ECDSA, P2PKH, accountPath=[9H, 5H, 5H, 0H, 0H, 0H], lookaheadSize=0, lookaheadThreshold=0}
05:21:23 [DefaultDispatcher-worker-7] AnyKeyChainGroup - Activating a new HD chain: AuthenticationKeyChain{BLOCKCHAIN_IDENTITY_FUNDING, ECDSA, P2PKH, accountPath=[9H, 5H, 5H, 1H], lookaheadSize=5, lookaheadThreshold=5}
05:21:23 [DefaultDispatcher-worker-7] AnyKeyChainGroup - Activating a new HD chain: AuthenticationKeyChain{MASTERNODE_OWNER, ECDSA, P2PKH, accountPath=[9H, 5H, 3H, 2H], lookaheadSize=5, lookaheadThreshold=5}
05:21:23 [DefaultDispatcher-worker-7] BLSJniLibrary - Initializing BLS JNI Library
05:21:23 [main] WalletActivityTracker - activity lifecycle: current: SelectSecurityLevelActivity, activities: 2 visible: 1 foreground: 1
05:21:23 [main] WalletActivityTracker - activity lifecycle: activity SelectSecurityLevelActivity destroyed
05:21:23 [main] WalletActivityTracker - activity lifecycle: current: SelectSecurityLevelActivity, activities: 1 visible: 1 foreground: 1
05:21:23 [DefaultDispatcher-worker-7] AnyKeyChainGroup - Activating a new HD chain: AuthenticationKeyChain{MASTERNODE_OPERATOR, BLS, P2PKH, accountPath=[9H, 5H, 3H, 3H], lookaheadSize=5, lookaheadThreshold=5}
05:21:23 [DefaultDispatcher-worker-7] AnyKeyChainGroup - Activating a new HD chain: AuthenticationKeyChain{MASTERNODE_VOTING, ECDSA, P2PKH, accountPath=[9H, 5H, 3H, 1H], lookaheadSize=5, lookaheadThreshold=5}
05:21:23 [DefaultDispatcher-worker-7] AnyKeyChainGroup - Activating a new HD chain: AuthenticationKeyChain{BLOCKCHAIN_IDENTITY_TOPUP, ECDSA, P2PKH, accountPath=[9H, 5H, 5H, 2H], lookaheadSize=5, lookaheadThreshold=5}
05:21:23 [DefaultDispatcher-worker-7] AnyKeyChainGroup - Activating a new HD chain: AuthenticationKeyChain{INVITATION_FUNDING, ECDSA, P2PKH, accountPath=[9H, 5H, 5H, 3H], lookaheadSize=5, lookaheadThreshold=5}
05:21:23 [DefaultDispatcher-worker-7] AnyKeyChainGroup - Activating a new HD chain: AuthenticationKeyChain{MASTERNODE_PLATFORM_OPERATOR, EdDSA, P2PKH, accountPath=[9H, 5H, 3H, 4H], lookaheadSize=0, lookaheadThreshold=0}
05:21:23 [DefaultDispatcher-worker-7] AnyKeyChainGroup - Activating a new HD chain: AnyDeterministicKeyChain{ECDSA, P2PKH, accountPath=[9H, 5H, 4H, 0H], lookaheadSize=100, lookaheadThreshold=33}
05:21:23 [DefaultDispatcher-worker-5] CutoverCoordinator - cutover state DUAL_RUNNING -> CUT_OVER (fresh-wallet setup (restore/new))
05:21:23 [main] WalletActivityTracker - activity lifecycle: current: OnboardingActivity, activities: 1 visible: 1 foreground: 0
05:21:23 [main] WalletActivityTracker - activity lifecycle: activity SetPinActivity created
05:21:23 [main] WalletActivityTracker - activity lifecycle: current: SetPinActivity, activities: 2 visible: 1 foreground: 0
05:21:23 [main] SecurityGuard - loading security guard [healthy=true] with keys: [modern_encryption_migration_complete]
05:21:23 [main] SecurityGuard - loading security guard [healthy=true] with keys: [modern_encryption_migration_complete]
05:21:23 [main] WalletActivityTracker - activity lifecycle: current: SetPinActivity, activities: 2 visible: 2 foreground: 0
05:21:23 [main] WalletActivityTracker - activity lifecycle: current: SetPinActivity, activities: 2 visible: 2 foreground: 1
05:21:23 [main] WalletActivityTracker - activity lifecycle: current: OnboardingActivity, activities: 2 visible: 1 foreground: 1
05:22:06 [main] SecurityGuard - removing security keys
05:22:06 [main] ModernEncryptionProvider - deleting ui_pin_key
05:22:06 [main] ModernEncryptionProvider - deleting wallet_password_key
05:22:06 [main] SecurityGuard - Cleared DataStore backups
05:22:06 [main] ModernEncryptionProvider - key store does not have ui_pin_key, but has android.security.keystore2.AndroidKeyStoreSpi$KeyEntriesEnumerator@2f8001e, generating new key. Stack trace:
  at dalvik.system.VMStack.getThreadStackTrace(Native Method)
  at java.lang.Thread.getStackTrace(Thread.java:1841)
  at de.schildbach.wallet.security.ModernEncryptionProvider.getSecretKey(ModernEncryptionProvider.kt:175)
  at de.schildbach.wallet.security.ModernEncryptionProvider.encrypt(ModernEncryptionProvider.kt:79)
  at de.schildbach.wallet.security.DualFallbackEncryptionProvider.encrypt(DualFallbackEncryptionProvider.kt:85)
  at de.schildbach.wallet.security.SecurityGuard.validateKeyIntegrity(SecurityGuard.java:307)
  at de.schildbach.wallet.security.SecurityGuard.savePin(SecurityGuard.java:262)
  at de.schildbach.wallet.livedata.EncryptWalletLiveData.savePin(EncryptWalletLiveData.kt:106)
  at de.schildbach.wallet.ui.SetPinViewModel.savePinAndEncrypt(SetPinViewModel.kt:74)
  at de.schildbach.wallet.ui.SetPinViewModel.savePinAndEncrypt(SetPinViewModel.kt:65)
  at de.schildbach.wallet.ui.SetPinActivity$nextStep$submit$1.run(SetPinActivity.kt:289)
  at android.os.Handler.handleCallback(Handler.java:959)
  at android.os.Handler.dispatchMessage(Handler.java:100)
  at android.os.Looper.loopOnce(Looper.java:232)
  at android.os.Looper.loop(Looper.java:317)
  at android.app.ActivityThread.main(ActivityThread.java:8705)
  at java.lang.reflect.Method.invoke(Native Method)
  at com.android.internal.os.RuntimeInit$MethodAndArgsCaller.run(RuntimeInit.java:580)
  at com.android.internal.os.ZygoteInit.main(ZygoteInit.java:886)
05:22:06 [main] SecurityGuard - Notifying 1 health listeners of status change: HEALTHY
05:22:06 [main] SecurityGuard - Notifying 1 health listeners of status change: HEALTHY
05:22:06 [main] ModernEncryptionProvider - Decrypted data for alias: ui_pin_key
05:22:06 [main] SecurityGuard - Notifying 1 health listeners of status change: HEALTHY
05:22:06 [main] ModernEncryptionProvider - Decrypted data for alias: ui_pin_key
05:22:06 [main] MnemonicBasedKeyProvider - Derived key from mnemonic for alias: ui_pin_key
05:22:06 [main] SecurityGuard - Notifying 1 health listeners of status change: HEALTHY
05:22:06 [main] DualFallbackEncryptionProvider - Added mnemonic-fallback for ui_pin_key
05:22:06 [AsyncTask #1] BLSJniLibrary - Initializing BLS JNI Library
05:22:06 [AsyncTask #1] KeyCrypterScrypt - Deriving key took 121.8 ms for N=65536, r=8, p=1.
05:22:06 [AsyncTask #1] ModernEncryptionProvider - key store does not have wallet_password_key, but has android.security.keystore2.AndroidKeyStoreSpi$KeyEntriesEnumerator@30ea9cf, generating new key. Stack trace:
  at dalvik.system.VMStack.getThreadStackTrace(Native Method)
  at java.lang.Thread.getStackTrace(Thread.java:1841)
  at de.schildbach.wallet.security.ModernEncryptionProvider.getSecretKey(ModernEncryptionProvider.kt:175)
  at de.schildbach.wallet.security.ModernEncryptionProvider.encrypt(ModernEncryptionProvider.kt:79)
  at de.schildbach.wallet.security.DualFallbackEncryptionProvider.encrypt(DualFallbackEncryptionProvider.kt:85)
  at de.schildbach.wallet.security.SecurityGuard.validateKeyIntegrity(SecurityGuard.java:307)
  at de.schildbach.wallet.security.SecurityGuard.savePassword(SecurityGuard.java:204)
  at de.schildbach.wallet.livedata.EncryptWalletLiveData$EncryptWalletTask.doInBackground$lambda$0(EncryptWalletLiveData.kt:188)
  at de.schildbach.wallet.livedata.EncryptWalletLiveData$EncryptWalletTask.$r8$lambda$0CMI4LnZeajmC7OpxOq-bClhh3o(EncryptWalletLiveData.kt:0)
  at de.schildbach.wallet.livedata.EncryptWalletLiveData$EncryptWalletTask$$ExternalSyntheticLambda0.invoke(R8$$SyntheticClass:0)
  at de.schildbach.wallet.livedata.EncryptWalletLiveData$Companion.encryptAndSavePassword$wallet_prodRelease(EncryptWalletLiveData.kt:58)
  at de.schildbach.wallet.livedata.EncryptWalletLiveData$EncryptWalletTask.doInBackground(EncryptWalletLiveData.kt:188)
  at de.schildbach.wallet.livedata.EncryptWalletLiveData$EncryptWalletTask.doInBackground(EncryptWalletLiveData.kt:172)
  at android.os.AsyncTask$3.call(AsyncTask.java:394)
  at java.util.concurrent.FutureTask.run(FutureTask.java:264)
  at android.os.AsyncTask$SerialExecutor$1.run(AsyncTask.java:305)
  at java.util.concurrent.ThreadPoolExecutor.runWorker(ThreadPoolExecutor.java:1145)
  at java.util.concurrent.ThreadPoolExecutor$Worker.run(ThreadPoolExecutor.java:644)
  at java.lang.Thread.run(Thread.java:1012)
05:22:06 [main] SecurityGuard - Notifying 1 health listeners of status change: HEALTHY
05:22:06 [AsyncTask #1] ModernEncryptionProvider - Decrypted data for alias: wallet_password_key
05:22:06 [AsyncTask #1] EncryptWalletLiveData - wallet successfully encrypted, using key derived by new spending password (65536 scrypt iterations)
05:22:06 [main] SecurityGuard - Notifying 1 health listeners of status change: HEALTHY
05:22:06 [main] CoinJoinExtension - CoinJoinExtension serialization: 0ms total (keys:0ms[8], cache:0ms[0], salt:0ms, io:0ms, size:1431bytes, buffer:64KB)
05:22:06 [main] WalletProtobufSerializer - walletToProto (serial=8) timing: 16ms total, init=0ms, tx=0ms[0], keys=1ms, scripts=0ms[0], metadata=0ms, ext=13ms, friendRecv=0ms, friendSend=0ms, build=0ms
05:22:06 [main] WalletProtobufSerializer - writeWallet timing: 18ms total (16ms/88% serialization, 2ms/11% I/O) buffer=8KB
05:22:06 [main] WalletApplication - wallet saved to: '/data/user/0/hashengineering.darkcoin.wallet/files/wallet-protobuf', took 22.77 ms
05:22:06 [main] CoinJoinExtension - CoinJoinExtension serialization: 0ms total (keys:0ms[8], cache:0ms[0], salt:0ms, io:0ms, size:1431bytes, buffer:64KB)
05:22:06 [main] WalletProtobufSerializer - walletToProto (serial=8) timing: 2ms total, init=0ms, tx=0ms[0], keys=0ms, scripts=0ms[0], metadata=0ms, ext=2ms, friendRecv=0ms, friendSend=0ms, build=0ms
05:22:06 [main] WalletApplication - wallet backed up to: 'key-backup-protobuf', took 4.010 ms
05:22:06 [main] StartupBreadcrumbs - STARTUP breadcrumb: 7 FINALIZE_INIT_BEGIN +93862ms
05:22:06 [main] SecurityGuard - loading security guard [healthy=true] with keys: [keystore_healthy, modern_encryption_migration_complete, primary_ui_pin_key, primary_wallet_password_key, fallback_mnemonic_ui_pin_key]
05:22:06 [main] SecurityGuard - loading security guard [healthy=true] with keys: [keystore_healthy, modern_encryption_migration_complete, primary_ui_pin_key, primary_wallet_password_key, fallback_mnemonic_ui_pin_key]
05:22:06 [main] ModernEncryptionProvider - Decrypted data for alias: wallet_password_key
05:22:06 [main] KeyCrypterScrypt - Deriving key took 116.4 ms for N=65536, r=8, p=1.
05:22:06 [main] ModernEncryptionProvider - Decrypted data for alias: wallet_password_key
05:22:06 [main] MnemonicBasedKeyProvider - Derived key from mnemonic for alias: wallet_password_key
05:22:06 [main] SecurityGuard - Notifying 1 health listeners of status change: HEALTHY
05:22:06 [main] DualFallbackEncryptionProvider - Added mnemonic-fallback for wallet_password_key
05:22:06 [main] SecurityGuard - Mnemonic-based fallbacks ensured for PIN and wallet password
05:22:06 [main] WalletApplication - Mnemonic-based fallbacks ensured
05:22:06 [main] ModernEncryptionProvider - Decrypted data for alias: ui_pin_key
05:22:06 [main] ModernEncryptionProvider - Decrypted data for alias: wallet_password_key
05:22:06 [main] SecurityGuard - Notifying 1 health listeners of status change: HEALTHY_WITH_FALLBACKS
05:22:06 [main] DualFallbackEncryptionProvider - Added PIN-fallback for wallet_password_key
05:22:06 [main] SecurityGuard - PIN-based fallback ensured for wallet password
05:22:06 [main] WalletApplication - PIN-based fallback added successfully
05:22:06 [main] WalletApplication - STARTUP finalizeInit: securityGuard done in 252ms
05:22:06 [main] WalletApplication - STARTUP finalizeInit: initDash done in 8ms
05:22:06 [main] StartupBreadcrumbs - STARTUP breadcrumb: 8 INIT_DASH_DONE +94122ms
05:22:06 [main] Configuration - detected app upgrade: 0 -> 12000000
05:22:06 [main] WalletApplication - STARTUP finalizeInit: afterLoadWallet done in 4ms
05:22:06 [main] StartupBreadcrumbs - STARTUP breadcrumb: 9 AFTER_LOAD_WALLET_DONE +94126ms
05:22:06 [main] StartupBreadcrumbs - STARTUP breadcrumb: 20 SDK_BIND_KICKED +94129ms
05:22:06 [DefaultDispatcher-worker-4] BlockchainIdentityData - creation: BlockchainIdentityData(NONE, null, null, null, null, null)
05:22:06 [main] PlatformSynchronizationService - Starting the platform sync job
05:22:06 [main] StartupBreadcrumbs - STARTUP breadcrumb: 10 PLATFORM_INIT_KICKED +94130ms
05:22:06 [main] WalletApplication - STARTUP finalizeInit: initPlatform+channels done in 4ms
05:22:06 [DefaultDispatcher-worker-4] SecurityGuard - loading security guard [healthy=true] with keys: [keystore_healthy, fallback_pin_wallet_password_key, primary_ui_pin_key, modern_encryption_migration_complete, fallback_mnemonic_wallet_password_key, primary_wallet_password_key, fallback_mnemonic_ui_pin_key]
05:22:06 [DefaultDispatcher-worker-4] ModernEncryptionProvider - Decrypted data for alias: wallet_password_key
05:22:06 [main] WalletApplication - STARTUP finalizeInit: integrations done in 71ms
05:22:06 [main] WalletActivityTracker - activity lifecycle: current: SetPinActivity, activities: 2 visible: 1 foreground: 0
05:22:06 [main] WalletActivityTracker - activity lifecycle: activity OnboardingActivity destroyed
05:22:06 [main] WalletActivityTracker - activity lifecycle: current: SetPinActivity, activities: 1 visible: 1 foreground: 0
05:22:06 [main] WalletActivityTracker - activity lifecycle: activity VerifySeedActivity created
05:22:06 [main] WalletActivityTracker - activity lifecycle: current: VerifySeedActivity, activities: 2 visible: 1 foreground: 0
05:22:06 [main] SecurityGuard - loading security guard [healthy=true] with keys: [keystore_healthy, fallback_pin_wallet_password_key, primary_ui_pin_key, modern_encryption_migration_complete, fallback_mnemonic_wallet_password_key, primary_wallet_password_key, fallback_mnemonic_ui_pin_key]
05:22:06 [main] SecurityGuard - loading security guard [healthy=true] with keys: [keystore_healthy, fallback_pin_wallet_password_key, primary_ui_pin_key, modern_encryption_migration_complete, fallback_mnemonic_wallet_password_key, primary_wallet_password_key, fallback_mnemonic_ui_pin_key]
05:22:06 [main] WalletActivityTracker - activity lifecycle: current: VerifySeedActivity, activities: 2 visible: 2 foreground: 0
05:22:06 [main] WalletActivityTracker - activity lifecycle: current: VerifySeedActivity, activities: 2 visible: 2 foreground: 1
05:22:06 [DefaultDispatcher-worker-4] KeyCrypterScrypt - Deriving key took 194.4 ms for N=65536, r=8, p=1.
05:22:06 [DefaultDispatcher-worker-10] DashSdkServiceImpl - bootstrapping Dash Platform SDK for network=mainnet (flavor=prod)
05:22:06 [DefaultDispatcher-worker-10] DashSdkServiceImpl - SDK tracing file logging (INFO) at /data/user/0/hashengineering.darkcoin.wallet/files/sdk-logs/platform_wallet/run.log: NOT installed (subscriber already set or dir unwritable)
05:22:06 [DefaultDispatcher-worker-10] DashSdkServiceImpl - Dash Platform SDK started: version=4.2.0-dev.8, restored 0 wallet(s)
05:22:06 [DefaultDispatcher-worker-10] CheckpointManager - Read 4182 checkpoints up to time 2026-01-20T14:37:37Z, hash is c443288fa6ef670aaae806d6cf9ffae35aac33a580e1dbdd5fbc333e42ac57b4
05:22:06 [DefaultDispatcher-worker-10] BirthHeightResolver - resolved birth time 1789795283 to SDK birth height 2404800 (checkpoint height 2408832, margin 4032 blocks)
05:22:06 [main] WalletActivityTracker - activity lifecycle: current: SetPinActivity, activities: 2 visible: 1 foreground: 1
05:22:06 [main] WalletActivityTracker - activity lifecycle: activity SetPinActivity destroyed
05:22:06 [main] WalletActivityTracker - activity lifecycle: current: SetPinActivity, activities: 1 visible: 1 foreground: 1
05:22:07 [DefaultDispatcher-worker-10] DashSdkServiceImpl - app wallet bound to new SDK wallet ee230719… (birthHeight=2404800 via checkpoint mapping; 0 = full scan from genesis)
05:22:07 [DefaultDispatcher-worker-10] DashSdkServiceImpl - widenAddressWindows: BIP44 account 0 gap -> 1000 on ee230719…
05:22:07 [DefaultDispatcher-worker-10] DashSdkServiceImpl - widenAddressWindows: BIP32 account 0 gap -> 1000 on ee230719…
05:22:07 [DefaultDispatcher-worker-10] DashSdkServiceImpl - widenAddressWindows: COIN_JOIN account 0 gap -> 1000 on ee230719…
05:22:07 [DefaultDispatcher-worker-10] CheckpointManager - Read 4182 checkpoints up to time 2026-01-20T14:37:37Z, hash is c443288fa6ef670aaae806d6cf9ffae35aac33a580e1dbdd5fbc333e42ac57b4
05:22:07 [DefaultDispatcher-worker-10] BirthHeightResolver - resolved birth time 1789795283 to SDK birth height 2404800 (checkpoint height 2408832, margin 4032 blocks)
05:22:07 [DefaultDispatcher-worker-10] DashSdkServiceImpl - armSpvRescan: filter watermark rewind to 2404800 armed on ee230719…
05:22:07 [DefaultDispatcher-worker-9] SdkWalletBinder - address-window heal v2 applied on ee230719…: gaps widened, backfill coverage invalidated — next gate pass rewinds with the widened script set
05:22:07 [DefaultDispatcher-worker-9] SdkWalletBinder - SDK wallet bound; identity not yet registered — discovery deferred
05:22:07 [DefaultDispatcher-worker-9] PlatformSynchronizationService - SDK L1 engine not started from Application init — it starts from the foreground blockchain service (resume())
05:22:07 [DefaultDispatcher-worker-1] SdkBindRetryService - SDK bind established — clearing the pending state (no blocker recorded in this process)
05:22:07 [DefaultDispatcher-worker-9] StartupBreadcrumbs - STARTUP breadcrumb: 23 CUTOVER_SERVICES_STARTED +94869ms
05:22:07 [DefaultDispatcher-worker-6] CutoverUiDataService - cutover committed — serving home-screen data from the SDK
05:22:07 [DefaultDispatcher-worker-5] SdkBlockchainStateService - cutover committed — deriving BlockchainState from the SDK SPV feed
05:22:07 [DefaultDispatcher-worker-6] CutoverUiDataService - cutover UI active but the engine wallet-event tap is not running (USE_KOTLIN_SDK_L1_SHADOW off, or L1ShadowSyncService not started) — instant receives degrade to the Room-snapshot/block cadence
05:22:07 [DefaultDispatcher-worker-10] CutoverTxSeamService - cutover committed — priming the SDK seam tx feed
05:22:07 [DefaultDispatcher-worker-1] CutoverUiDataService - SDK balance published: 0 duffs (was none) | l1Synced=false rescanArmedHold=true dashPayBackfill(armed=false,replaying=false) deferredContactBuilds=0 (unchangedReads=1) persistedAsLastKnown=false lastKnown=none
05:22:07 [DefaultDispatcher-worker-2] TxDisplayCacheService - Sync complete (cutoverCommitted=true): SDK=0 records | dashj wallet=0 txs | group cache=0 txs/0 groups | display=0 rows — cache is complete (SDK holds 0 records, display has 0 rows)
05:22:07 [DefaultDispatcher-worker-6] CutoverTxSeamService - seam tx feed primed (0 recent records, 0 in the priming window); serving seam tx reads from the SDK store
05:22:07 [DefaultDispatcher-worker-9] ShieldedBalanceServiceImpl - shielded runtime ready on SDK wallet ee230719… (account 0, sync loop running)
05:24:09 [main] WalletActivityTracker - activity lifecycle: current: VerifySeedActivity, activities: 1 visible: 1 foreground: 0
05:24:09 [main] WalletActivityTracker - activity lifecycle: activity MainActivity created
05:24:09 [main] WalletActivityTracker - activity lifecycle: current: MainActivity, activities: 2 visible: 1 foreground: 0
05:24:09 [main] SecurityGuard - loading security guard [healthy=true] with keys: [keystore_healthy, fallback_pin_wallet_password_key, primary_ui_pin_key, modern_encryption_migration_complete, fallback_mnemonic_wallet_password_key, primary_wallet_password_key, fallback_mnemonic_ui_pin_key]
05:24:09 [main] SecurityGuard - loading security guard [healthy=true] with keys: [keystore_healthy, fallback_pin_wallet_password_key, primary_ui_pin_key, modern_encryption_migration_complete, fallback_mnemonic_wallet_password_key, primary_wallet_password_key, fallback_mnemonic_ui_pin_key]
05:24:09 [main] ModernEncryptionProvider - Decrypted data for alias: wallet_password_key
05:24:09 [main] ModernEncryptionProvider - Decrypted data for alias: ui_pin_key
05:24:09 [main] DashPaymentIntentParser - network parameters = org.darkcoin.production
05:24:09 [main] DashPaymentIntentParser - network parameters = org.darkcoin.production
05:24:09 [main] MainViewModel - STARTUP MainViewModel init at 1789795449565
05:24:09 [main] StartupBreadcrumbs - STARTUP breadcrumb: 12 MAIN_UI_SHOWN +217120ms
05:24:09 [DefaultDispatcher-worker-1] DapiClient - getDocuments(contractId=GWRSAVFMjXx8HpQFaNJMqBV7MBgMK4br5UESsB4S31Ec, type=domain, {limit=5, where=[]})
05:24:09 [DefaultDispatcher-worker-7] DapiClient - getDocuments(contractId=GWRSAVFMjXx8HpQFaNJMqBV7MBgMK4br5UESsB4S31Ec, type=domain, {limit=5, where=[]})
05:24:09 [DefaultDispatcher-worker-2] MainViewModel - blockchain state update: mnlist=0; chain=0; wallet=0
05:24:09 [DefaultDispatcher-worker-4] DapiClient - getDocuments(contractId=GWRSAVFMjXx8HpQFaNJMqBV7MBgMK4br5UESsB4S31Ec, type=domain, {limit=5, where=[]})
05:24:09 [main] Configuration - just being used - last used 29829924 minutes ago
05:24:09 [main] WalletActivityTracker - activity lifecycle: current: MainActivity, activities: 2 visible: 2 foreground: 0
05:24:09 [DefaultDispatcher-worker-5] CrowdNodeApiAggregator - restoring CrowdNode status
05:24:09 [DefaultDispatcher-worker-5] BLSJniLibrary - Initializing BLS JNI Library
05:24:09 [main] WalletTransactionsFragment - STARTUP WalletTransactionsFragment.onViewCreated at 1789795449594
05:24:09 [main] HistoryHeaderAdapter - set invite, synced = false
05:24:09 [DefaultDispatcher-worker-5] BLSJniLibrary - Initializing BLS JNI Library
05:24:09 [main] HistoryHeaderAdapter - set invite = null
05:24:09 [main] HistoryHeaderAdapter - set invite, synced = false
05:24:09 [main] SecurityGuard - loading security guard [healthy=true] with keys: [keystore_healthy, fallback_pin_wallet_password_key, primary_ui_pin_key, modern_encryption_migration_complete, fallback_mnemonic_wallet_password_key, primary_wallet_password_key, fallback_mnemonic_ui_pin_key]
05:24:09 [main] SecurityGuard - loading security guard [healthy=true] with keys: [keystore_healthy, fallback_pin_wallet_password_key, primary_ui_pin_key, modern_encryption_migration_complete, fallback_mnemonic_wallet_password_key, primary_wallet_password_key, fallback_mnemonic_ui_pin_key]
05:24:09 [main] LockScreenActivity - show lock screen false = ![keepUnlocked=false] && autologout=true && (keepUnlockedUntilPenEntered=false || shouldLogout=false) || isHealthy=true
05:24:09 [main] MainActivity - updateTrigger => rateStale: RateRetrievalState(lastAttemptFailed=false, staleRates=false, volatile=false)
05:24:09 [main] WalletActivityTracker - activity lifecycle: current: MainActivity, activities: 2 visible: 2 foreground: 1
05:24:09 [main] BlockchainIdentityData - creation: BlockchainIdentityData(NONE, null, null, null, null, null)
05:24:09 [main] BlockchainIdentityData - creation: BlockchainIdentityData(NONE, null, null, null, null, null)
05:24:09 [main] BlockchainServiceImpl - .onCreate()
05:24:09 [main] DashPaymentIntentParser - network parameters = org.darkcoin.production
05:24:09 [main] BlockchainServiceImpl - start foreground service
05:24:09 [main] BlockchainServiceImpl - .onStartCommand(Intent { cmp=hashengineering.darkcoin.wallet/de.schildbach.wallet.service.BlockchainServiceImpl })
05:24:09 [DefaultDispatcher-worker-11] BlockchainServiceImpl - onCreate() serviceScope waiting for cleanup null
05:24:09 [main] WalletTransactionsFragment - STARTUP submitData called on thread=main at 1789795449764
05:24:09 [DefaultDispatcher-worker-11] BLSJniLibrary - Initializing BLS JNI Library
05:24:09 [DefaultDispatcher-worker-11] BlockchainServiceImpl - Phase 5d cutover gate: dashjEngineMayStart=false (coordinatorAllowsDashj=false, dashjHeldByCutover=true, dashjSyncDiagnostic=false)
05:24:09 [main] WalletActivityTracker - activity lifecycle: current: MainActivity, activities: 2 visible: 2 foreground: 0
05:24:09 [DefaultDispatcher-worker-10] BlockchainServiceImpl - onStartCommand waiting for onCreate to complete...
05:24:09 [DefaultDispatcher-worker-11] BLSJniLibrary - Initializing BLS JNI Library
05:24:09 [DefaultDispatcher-worker-11] BlockchainServiceImpl - blockchain does not exist, resetting wallet
05:24:09 [DefaultDispatcher-worker-5] BLSJniLibrary - Initializing BLS JNI Library
05:24:09 [Wallet autosave thread] BLSJniLibrary - Initializing BLS JNI Library
05:24:09 [DefaultDispatcher-worker-11] AbstractQuorumState - resetting masternode list; force: true, requestFreshList: false
05:24:09 [main] DeviceInfoProvider - Detecting currency based on device, mobile network or locale:
05:24:09 [main] DeviceInfoProvider - Device Sim Country: us
05:24:09 [DefaultDispatcher-worker-11] AbstractQuorumState - resetting masternode list; force: true, requestFreshList: false
05:24:09 [main] MainViewModel - Updating currency exchange rate based on country: US
05:24:09 [main] BlockchainServiceImpl - .onStartCommand(Intent { act=de.schildbach.wallet.service.cancel_coins_received cmp=hashengineering.darkcoin.wallet/de.schildbach.wallet.service.BlockchainServiceImpl })
05:24:09 [DefaultDispatcher-worker-5] BlockchainServiceImpl - onStartCommand waiting for onCreate to complete...
05:24:09 [DefaultDispatcher-worker-11] SPVBlockStore - Creating new SPV block chain file /data/user/0/hashengineering.darkcoin.wallet/app_blockstore/blockchain
05:24:09 [DefaultDispatcher-worker-11] SPVBlockStore - Creating new SPV block chain file /data/user/0/hashengineering.darkcoin.wallet/app_blockstore/headers
05:24:09 [DefaultDispatcher-worker-11] BlockchainServiceImpl - verifying backupBlockStore
05:24:09 [DefaultDispatcher-worker-11] BlockchainServiceImpl - verifying headerStore
05:24:09 [main] MainViewModel - platform available: false; no identity creation is progress: true
05:24:09 [main] MainViewModel - Using default Country: US
05:24:09 [main] MainViewModel - Using default currency: USD
05:24:09 [DefaultDispatcher-worker-10] Constants - --> GET https://rates.ctx.com/rates?source=ctx
05:24:09 [pool-48-thread-1] BlockchainServiceImpl - verify blockstore: 227.7 μs, 0 loaded
05:24:09 [DefaultDispatcher-worker-11] BlockchainServiceImpl - verifying blockStore
05:24:09 [DefaultDispatcher-worker-4] DapiClient - searching for quorum: 4, 000000000000000e92697c2217d50b9526a698b4ef0eff8fd48743cfa53983db, 2541274
05:24:09 [pool-48-thread-1] BlockchainServiceImpl - verify blockstore: 168.0 μs, 0 loaded
05:24:09 [DefaultDispatcher-worker-11] BlockchainServiceImpl - blockstore files verified: true, true
05:24:09 [DefaultDispatcher-worker-11] CheckpointManager - Attempting to initialize a new block store with a checkpoint for time 1789190483 (2026-09-12T05:21:23Z)
05:24:10 [DefaultDispatcher-worker-7] DapiClient - searching for quorum: 4, 000000000000000e92697c2217d50b9526a698b4ef0eff8fd48743cfa53983db, 2541274
05:24:10 [DefaultDispatcher-worker-1] DapiClient - searching for quorum: 4, 000000000000000e92697c2217d50b9526a698b4ef0eff8fd48743cfa53983db, 2541274
05:24:10 [DefaultDispatcher-worker-11] CheckpointManager - Read 4182 checkpoints up to time 2026-01-20T14:37:37Z, hash is c443288fa6ef670aaae806d6cf9ffae35aac33a580e1dbdd5fbc333e42ac57b4
05:24:10 [DefaultDispatcher-worker-11] CheckpointManager - Attempting to initialize a new block store with a checkpoint for time 1789190650 (2026-09-12T05:24:10Z)
05:24:10 [main] WalletActivityTracker - activity lifecycle: current: VerifySeedActivity, activities: 2 visible: 1 foreground: 0
05:24:10 [main] WalletActivityTracker - activity lifecycle: activity VerifySeedActivity destroyed
05:24:10 [main] WalletActivityTracker - activity lifecycle: current: VerifySeedActivity, activities: 1 visible: 1 foreground: 0
05:24:10 [DefaultDispatcher-worker-10] Constants - <-- 200 https://rates.ctx.com/rates?source=ctx (277ms, unknown-length body)
05:24:10 [DefaultDispatcher-worker-11] CheckpointManager - Read 4182 checkpoints up to time 2026-01-20T14:37:37Z, hash is c443288fa6ef670aaae806d6cf9ffae35aac33a580e1dbdd5fbc333e42ac57b4
05:24:10 [DefaultDispatcher-worker-11] BlockchainServiceImpl - checkpoints loaded from 'checkpoints.txt', took 162.7 ms
05:24:10 [DefaultDispatcher-worker-11] BLSJniLibrary - Initializing BLS JNI Library
05:24:10 [DefaultDispatcher-worker-11] AbstractBlockChain - chain head is at height 2408832:
 block: 
   hash: 000000000000001d48fec4e90fe93780f3128d77745ecb1468a14531c53d4737
   version: 536870912 (0x20000000) (BIP34, BIP66, BIP65)
   previous block: 000000000000002a1ab581f99a79e79f02e8024b6fca6f680e4dc2bcfe3dc063
   merkle root: f161306eabcc7c786a20738041e326718f94677260c9e8d062688a8fd24508d4
   time: 1768919857 (2026-01-20T14:37:37Z)
   difficulty target (nBits): 422562999
   nonce: 3317596855

05:24:10 [DefaultDispatcher-worker-11] AbstractBlockChain - chain head is at height 2408832:
 block: 
   hash: 000000000000001d48fec4e90fe93780f3128d77745ecb1468a14531c53d4737
   version: 536870912 (0x20000000) (BIP34, BIP66, BIP65)
   previous block: 000000000000002a1ab581f99a79e79f02e8024b6fca6f680e4dc2bcfe3dc063
   merkle root: f161306eabcc7c786a20738041e326718f94677260c9e8d062688a8fd24508d4
   time: 1768919857 (2026-01-20T14:37:37Z)
   difficulty target (nBits): 422562999
   nonce: 3317596855

05:24:10 [main] SecurityGuard - loading security guard [healthy=true] with keys: [keystore_healthy, fallback_pin_wallet_password_key, primary_ui_pin_key, modern_encryption_migration_complete, fallback_mnemonic_wallet_password_key, primary_wallet_password_key, fallback_mnemonic_ui_pin_key]
05:24:10 [main] BlockchainServiceImpl - network callback registered with NetworkRequest: de.schildbach.wallet.service.BlockchainServiceImpl$NetworkCallbackImpl@c91d8d9
05:24:10 [DefaultDispatcher-worker-5] BlockchainServiceImpl - monitoring 0 old transactions
05:24:10 [main] BlockchainServiceImpl - receiver register: tickReceiver, de.schildbach.wallet.service.BlockchainServiceImpl$tickReceiver$1@756d54c
05:24:10 [DefaultDispatcher-worker-5] BlockchainServiceImpl - network capabilities changed: 100, hasInternet: true, validated: true
05:24:10 [DefaultDispatcher-worker-9] BlockchainServiceImpl - network available: 100, hasInternet: true, validated: true, type: WiFi
05:24:10 [DefaultDispatcher-worker-12] BlockchainServiceImpl - cutover committed — Platform quorum lookups wired to the SDK-sourced quorum list
05:24:10 [DefaultDispatcher-worker-12] StartupBreadcrumbs - STARTUP breadcrumb: 20 SDK_BIND_KICKED +217703ms
05:24:10 [DefaultDispatcher-worker-12] BlockchainServiceImpl - .onCreate() finished
05:24:10 [DefaultDispatcher-worker-10] BlockchainServiceImpl - onCreate completed, processing onStartCommand
05:24:10 [DefaultDispatcher-worker-10] BLSJniLibrary - Initializing BLS JNI Library
05:24:10 [DefaultDispatcher-worker-10] BlockchainServiceImpl - service start command: Intent { cmp=hashengineering.darkcoin.wallet/de.schildbach.wallet.service.BlockchainServiceImpl }
05:24:10 [DefaultDispatcher-worker-10] BlockchainServiceImpl - .onStartCommand(Intent { cmp=hashengineering.darkcoin.wallet/de.schildbach.wallet.service.BlockchainServiceImpl }) finished
05:24:10 [DefaultDispatcher-worker-2] BlockchainServiceImpl - onCreate completed, processing onStartCommand
05:24:10 [DefaultDispatcher-worker-2] BLSJniLibrary - Initializing BLS JNI Library
05:24:10 [DefaultDispatcher-worker-2] BlockchainServiceImpl - service start command: Intent { act=de.schildbach.wallet.service.cancel_coins_received cmp=hashengineering.darkcoin.wallet/de.schildbach.wallet.service.BlockchainServiceImpl }
05:24:10 [DefaultDispatcher-worker-2] BlockchainServiceImpl - .onStartCommand(Intent { act=de.schildbach.wallet.service.cancel_coins_received cmp=hashengineering.darkcoin.wallet/de.schildbach.wallet.service.BlockchainServiceImpl }) finished
05:24:10 [DefaultDispatcher-worker-5] BlockchainServiceImpl - acquiring check() mutex
05:24:10 [DefaultDispatcher-worker-5] BlockchainServiceImpl - check()
05:24:10 [DefaultDispatcher-worker-5] BlockchainServiceImpl - cutover committed — holding the dashj L1 engine; SDK owns L1 this launch
05:24:10 [DefaultDispatcher-worker-5] BlockchainServiceImpl - releasing check() mutex
05:24:10 [DefaultDispatcher-worker-13] BlockchainServiceImpl - acquiring check() mutex
05:24:10 [DefaultDispatcher-worker-13] BlockchainServiceImpl - check()
05:24:10 [DefaultDispatcher-worker-13] BlockchainServiceImpl - cutover committed — holding the dashj L1 engine; SDK owns L1 this launch
05:24:10 [DefaultDispatcher-worker-13] BlockchainServiceImpl - releasing check() mutex
05:24:10 [DefaultDispatcher-worker-16] BlockchainServiceImpl - acquiring check() mutex
05:24:10 [DefaultDispatcher-worker-16] BlockchainServiceImpl - check()
05:24:10 [DefaultDispatcher-worker-16] BlockchainServiceImpl - cutover committed — holding the dashj L1 engine; SDK owns L1 this launch
05:24:10 [DefaultDispatcher-worker-16] BlockchainServiceImpl - releasing check() mutex
05:24:10 [DefaultDispatcher-worker-10] SdkWalletBinder - SDK wallet bound; identity not yet registered — discovery deferred
05:24:10 [DefaultDispatcher-worker-10] StartupBreadcrumbs - STARTUP breadcrumb: 21 SDK_L1_ENGINE_STARTING +217705ms
05:24:10 [DefaultDispatcher-worker-5] ExchangeRatesRepository - exchange rates updated successfully with de.schildbach.wallet.rates.DashRetailClient@76dd850
05:24:10 [DefaultDispatcher-worker-15] ExchangeRatesRepository - updateTrigger
05:24:10 [DefaultDispatcher-worker-4] DapiClient - searching for quorum: 4, 000000000000000e92697c2217d50b9526a698b4ef0eff8fd48743cfa53983db, 2541274
05:24:10 [DefaultDispatcher-worker-1] DapiClient - searching for quorum: 4, 000000000000000e92697c2217d50b9526a698b4ef0eff8fd48743cfa53983db, 2541274
05:24:10 [DefaultDispatcher-worker-7] DapiClient - searching for quorum: 4, 000000000000000e92697c2217d50b9526a698b4ef0eff8fd48743cfa53983db, 2541274
05:24:10 [DefaultDispatcher-worker-4] SdkQuorumDataSource - SDK quorum keys refreshed: 24 fetched, 24 cached
05:24:10 [DefaultDispatcher-worker-7] DapiClient - searching for quorum: result: 8226fba4c06fd9398a852a2f0d1013e9231c2016c3ae87fa7f344c8098e5dfb056fb573f383df422fd44b759fae65698
05:24:10 [DefaultDispatcher-worker-1] DapiClient - searching for quorum: result: 8226fba4c06fd9398a852a2f0d1013e9231c2016c3ae87fa7f344c8098e5dfb056fb573f383df422fd44b759fae65698
05:24:10 [DefaultDispatcher-worker-4] DapiClient - searching for quorum: result: 8226fba4c06fd9398a852a2f0d1013e9231c2016c3ae87fa7f344c8098e5dfb056fb573f383df422fd44b759fae65698
05:24:10 [DefaultDispatcher-worker-2] L1ShadowSyncService - DashPay bring-up before SPV: status=NO_IDENTITY discovery=1 dashPaySyncRan=false drained=0 pending=0 elapsedMs=788
05:24:10 [DefaultDispatcher-worker-10] L1ShadowSyncService - L1Shadow phase=IDLE 0.0% headers 0/0 filters 0/0 wallet 0
05:24:10 [DefaultDispatcher-worker-10] L1ShadowSyncService - ReplayMemTelemetry phase=IDLE nativeHeapAllocated=109847808 nativeHeapSize=127221760 jvmUsed=27176320 jvmMax=603979776 headers 0/0 filters 0 wallet 0
05:24:10 [DefaultDispatcher-worker-8] L1ShadowSyncService - L1 shadow SPV started for SDK wallet ee230719… (dataDir=/data/user/0/hashengineering.darkcoin.wallet/files/l1_shadow_spv/mainnet, default peer discovery); debug-only instrumentation — two SPV engines are now running
05:24:10 [DefaultDispatcher-worker-8] StartupBreadcrumbs - STARTUP breadcrumb: 22 SDK_L1_ENGINE_STARTED +218513ms
05:24:10 [DefaultDispatcher-worker-8] StartupBreadcrumbs - STARTUP breadcrumb: 23 CUTOVER_SERVICES_STARTED +218513ms
05:24:10 [DefaultDispatcher-worker-10] L1ShadowSyncService - ReplayMemTelemetry phase=CONNECTING nativeHeapAllocated=113446368 nativeHeapSize=131039232 jvmUsed=27241856 jvmMax=603979776 headers 2400000/2400000 filters 2404799 wallet 0 SETTLED
05:24:10 [DefaultDispatcher-worker-9] L1ShadowSyncService - L1Parity probing suspended: the cutover is committed and the dashj engine is held, so its balance is frozen at the cutover snapshot — any comparison against it is a guaranteed MISMATCH that measures nothing. Turn on the Tools 'dashj sync (diagnostic)' toggle to un-hold dashj and resume probing.
05:24:10 [DefaultDispatcher-worker-9] L1ShadowSyncService - L1Parity cadence relaxing 10000ms -> 60000ms (cutover already committed)
05:24:10 [DefaultDispatcher-worker-15] L1ShadowSyncService - WalletHistoryFacts: displayDbEmpty count=0 dashjEarliestKeyTime=2026-09-19T05:21:23Z (real line follows at first sync settle)
05:24:10 [DefaultDispatcher-worker-13] MainViewModel - blockchain state update: mnlist=0; chain=2400000; wallet=-1
05:24:10 [DefaultDispatcher-worker-9] L1ShadowSyncService - WalletBalanceFacts: total=0 accounts={bip44:0, bip32:0, coinjoin:0, identityRegistration:0, identityTopUpUnbound:0, identityInvitation:0, assetLockTopUp:0, assetLockShieldedTopUp:0, providerVoting:0, providerOwner:0, providerOperator:0, providerPlatform:0} confirmed=0 unconfirmed=0 txCount=0
05:24:10 [DefaultDispatcher-worker-3] MainViewModel - blockchain state update: mnlist=0; chain=2400000; wallet=-1
05:24:10 [main] HistoryHeaderAdapter - set invite, synced = true
05:24:11 [DefaultDispatcher-worker-4] Platform - platform check: 1.673 s
05:24:11 [DefaultDispatcher-worker-1] Platform - platform check: 1.725 s
05:24:11 [main] HistoryHeaderAdapter - set invite, synced = false
05:24:12 [DefaultDispatcher-worker-9] BlockchainServiceImpl - network capabilities changed: 100, hasInternet: true, validated: true
05:24:12 [DefaultDispatcher-worker-9] BlockchainServiceImpl - acquiring check() mutex
05:24:12 [DefaultDispatcher-worker-9] BlockchainServiceImpl - check()
05:24:12 [DefaultDispatcher-worker-9] BlockchainServiceImpl - cutover committed — holding the dashj L1 engine; SDK owns L1 this launch
05:24:12 [DefaultDispatcher-worker-9] BlockchainServiceImpl - releasing check() mutex
05:24:14 [Wallet autosave thread] WalletFiles - Background saving wallet; last seen block is height -1, date unknown, hash null
05:24:14 [Wallet autosave thread] CoinJoinExtension - CoinJoinExtension serialization: 0ms total (keys:0ms[8], cache:0ms[0], salt:0ms, io:0ms, size:1431bytes, buffer:64KB)
05:24:14 [Wallet autosave thread] WalletProtobufSerializer - walletToProto (serial=8) timing: 11ms total, init=0ms, tx=0ms[0], keys=0ms, scripts=0ms[0], metadata=0ms, ext=11ms, friendRecv=0ms, friendSend=0ms, build=0ms
05:24:14 [Wallet autosave thread] WalletProtobufSerializer - writeWallet timing: 13ms total (13ms/100% serialization, 0ms/0% I/O) buffer=8KB
05:24:14 [Wallet autosave thread] WalletFiles - Save completed in 19.40 ms (15328 bytes); /data/user/0/hashengineering.darkcoin.wallet/files/wallet-protobuf
05:24:15 [DefaultDispatcher-worker-1] BlockchainServiceImpl - network capabilities changed: 100, hasInternet: true, validated: true
05:24:15 [DefaultDispatcher-worker-1] BlockchainServiceImpl - acquiring check() mutex
05:24:15 [DefaultDispatcher-worker-1] BlockchainServiceImpl - check()
05:24:15 [DefaultDispatcher-worker-1] BlockchainServiceImpl - cutover committed — holding the dashj L1 engine; SDK owns L1 this launch
05:24:15 [DefaultDispatcher-worker-1] BlockchainServiceImpl - releasing check() mutex
05:24:21 [DefaultDispatcher-worker-10] BlockchainServiceImpl - network capabilities changed: 100, hasInternet: true, validated: true
05:24:21 [DefaultDispatcher-worker-10] BlockchainServiceImpl - acquiring check() mutex
05:24:21 [DefaultDispatcher-worker-10] BlockchainServiceImpl - check()
05:24:21 [DefaultDispatcher-worker-10] BlockchainServiceImpl - cutover committed — holding the dashj L1 engine; SDK owns L1 this launch
05:24:21 [DefaultDispatcher-worker-10] BlockchainServiceImpl - releasing check() mutex
05:24:29 [main] WalletActivityTracker - activity lifecycle: current: MainActivity, activities: 1 visible: 1 foreground: 1
05:24:29 [DefaultDispatcher-worker-16] TimeUtils - timeskew: 715; using last value
05:24:29 [main] BlockchainServiceImpl - .onStartCommand(Intent { act=de.schildbach.wallet.service.cancel_coins_received cmp=hashengineering.darkcoin.wallet/de.schildbach.wallet.service.BlockchainServiceImpl })
05:24:29 [DefaultDispatcher-worker-16] BlockchainServiceImpl - onStartCommand waiting for onCreate to complete...
05:24:29 [DefaultDispatcher-worker-16] BlockchainServiceImpl - onCreate completed, processing onStartCommand
05:24:29 [DefaultDispatcher-worker-16] BLSJniLibrary - Initializing BLS JNI Library
05:24:29 [DefaultDispatcher-worker-16] BlockchainServiceImpl - service start command: Intent { act=de.schildbach.wallet.service.cancel_coins_received cmp=hashengineering.darkcoin.wallet/de.schildbach.wallet.service.BlockchainServiceImpl }
05:24:29 [DefaultDispatcher-worker-16] BlockchainServiceImpl - .onStartCommand(Intent { act=de.schildbach.wallet.service.cancel_coins_received cmp=hashengineering.darkcoin.wallet/de.schildbach.wallet.service.BlockchainServiceImpl }) finished
05:24:29 [main] DeviceInfoProvider - Detecting currency based on device, mobile network or locale:
05:24:29 [main] DeviceInfoProvider - Device Sim Country: us
05:24:29 [main] MainViewModel - Updating currency exchange rate based on country: US
05:24:32 [native-log-bridge] DashSdkNative - --------- beginning of main
05:24:32 [native-log-bridge] DashSdkNative - 09-19 00:24:16.775  4533  5134 I DashSDK : platform_wallet::changeset::core_bridge: wallet-event batch: folded=1 wallets=1 synced_height_persisted=Some(2405999) synced_height_frozen=None synced_height_rejected=None faulted=0
05:24:32 [native-log-bridge] DashSdkNative - 09-19 00:24:20.094  4533  5133 I DashSDK : platform_wallet::changeset::core_bridge: wallet-event batch: folded=1 wallets=1 synced_height_persisted=Some(2407999) synced_height_frozen=None synced_height_rejected=None faulted=0
05:24:32 [native-log-bridge] DashSdkNative - 09-19 00:24:20.106  4533  5132 I DashSDK : platform_wallet::changeset::core_bridge: wallet-event batch: folded=1 wallets=1 synced_height_persisted=Some(2408000) synced_height_frozen=None synced_height_rejected=None faulted=0
05:24:32 [native-log-bridge] DashSdkNative - 09-19 00:24:20.903  4533  5134 I DashSDK : platform_wallet::changeset::core_bridge: wallet-event batch: folded=1 wallets=1 synced_height_persisted=Some(2413000) synced_height_frozen=None synced_height_rejected=None faulted=0
05:24:32 [native-log-bridge] DashSdkNative - 09-19 00:24:28.275  4533  5134 I DashSDK : platform_wallet::changeset::core_bridge: wallet-event batch: folded=1 wallets=1 synced_height_persisted=Some(2418000) synced_height_frozen=None synced_height_rejected=None faulted=0
05:24:35 [DefaultDispatcher-worker-15] DapiClient - getDocuments(contractId=GWRSAVFMjXx8HpQFaNJMqBV7MBgMK4br5UESsB4S31Ec, type=domain, {limit=5, where=[]})
05:24:35 [DefaultDispatcher-worker-6] DapiClient - getDocuments(contractId=GWRSAVFMjXx8HpQFaNJMqBV7MBgMK4br5UESsB4S31Ec, type=domain, {limit=5, where=[]})
05:24:35 [DefaultDispatcher-worker-11] DapiClient - getDocuments(contractId=GWRSAVFMjXx8HpQFaNJMqBV7MBgMK4br5UESsB4S31Ec, type=domain, {limit=5, where=[]})
05:24:35 [DefaultDispatcher-worker-11] Platform - platform check: 428.8 ms
05:24:35 [DefaultDispatcher-worker-15] Platform - platform check: 434.1 ms
05:24:36 [DefaultDispatcher-worker-6] Platform - platform check: 1.284 s
05:24:36 [DefaultDispatcher-worker-6] PlatformServiceImplementation - platform available 3 of 3: true
05:24:36 [main] MainViewModel - platform available: true; no identity creation is progress: true
05:24:39 [main] StartupBreadcrumbs - STARTUP breadcrumb: 13 LAUNCH_SURVIVED +247211ms
05:24:42 [DefaultDispatcher-worker-15] L1ShadowSyncService - L1Shadow phase=FILTERS 98.5% headers 2541275/2541275 filters 2428000/2541275 wallet 2428000
05:24:42 [DefaultDispatcher-worker-15] L1ShadowSyncService - ReplayMemTelemetry phase=FILTERS nativeHeapAllocated=375572816 nativeHeapSize=410247168 jvmUsed=19020480 jvmMax=603979776 headers 2541275/2541275 filters 2428000 wallet 2428000
05:24:48 [DefaultDispatcher-worker-5] BlockchainServiceImpl - network capabilities changed: 100, hasInternet: true, validated: true
05:24:48 [DefaultDispatcher-worker-5] BlockchainServiceImpl - acquiring check() mutex
05:24:48 [DefaultDispatcher-worker-5] BlockchainServiceImpl - check()
05:24:48 [DefaultDispatcher-worker-5] BlockchainServiceImpl - cutover committed — holding the dashj L1 engine; SDK owns L1 this launch
05:24:48 [DefaultDispatcher-worker-5] BlockchainServiceImpl - releasing check() mutex
05:24:51 [DefaultDispatcher-worker-16] BlockchainServiceImpl - network capabilities changed: 100, hasInternet: true, validated: true
05:24:51 [DefaultDispatcher-worker-16] BlockchainServiceImpl - acquiring check() mutex
05:24:51 [DefaultDispatcher-worker-16] BlockchainServiceImpl - check()
05:24:51 [DefaultDispatcher-worker-16] BlockchainServiceImpl - cutover committed — holding the dashj L1 engine; SDK owns L1 this launch
05:24:51 [DefaultDispatcher-worker-16] BlockchainServiceImpl - releasing check() mutex
05:24:52 [DefaultDispatcher-worker-16] L1ShadowSyncService - L1Shadow phase=SYNCED 100.0% headers 2541275/2541275 filters 2541275/2541275 wallet 2541275
05:24:52 [DefaultDispatcher-worker-16] L1ShadowSyncService - ReplayMemTelemetry phase=SYNCED nativeHeapAllocated=224235072 nativeHeapSize=422428672 jvmUsed=20167360 jvmMax=603979776 headers 2541275/2541275 filters 2541275 wallet 2541275 SETTLED
05:24:52 [DefaultDispatcher-worker-1] L1ShadowSyncService - WalletHistoryFacts: displayDbEmpty count=0 dashjEarliestKeyTime=2026-09-19T05:21:23Z (real line follows at first sync settle)
05:24:52 [DefaultDispatcher-worker-5] L1ShadowSyncService - WalletBalanceFacts: total=0 accounts={bip44:0, bip32:0, coinjoin:0, identityRegistration:0, identityTopUpUnbound:0, identityInvitation:0, assetLockTopUp:0, assetLockShieldedTopUp:0, providerVoting:0, providerOwner:0, providerOperator:0, providerPlatform:0} confirmed=0 unconfirmed=0 txCount=0
05:24:52 [DefaultDispatcher-worker-4] MainViewModel - blockchain state update: mnlist=2541275; chain=2541275; wallet=-1
05:24:52 [main] HistoryHeaderAdapter - set invite, synced = true
05:24:52 [DefaultDispatcher-worker-15] TxDisplayCacheService - Sync complete (cutoverCommitted=true): SDK=0 records | dashj wallet=0 txs | group cache=0 txs/0 groups | display=0 rows — cache is complete (SDK holds 0 records, display has 0 rows)
05:24:52 [main] BlockchainServiceImpl - cutover committed and SDK L1 scan synced — triggering identity/contacts discovery
05:24:52 [DefaultDispatcher-worker-15] BlockchainIdentityData - creation: BlockchainIdentityData(NONE, null, null, null, null, null)
05:24:52 [DefaultDispatcher-worker-15] PlatformSynchronizationService - discoverAndRecoverIdentity: checking for existing associated identity
05:24:52 [DefaultDispatcher-worker-15] SecurityGuard - loading security guard [healthy=true] with keys: [keystore_healthy, fallback_pin_wallet_password_key, primary_ui_pin_key, modern_encryption_migration_complete, fallback_mnemonic_wallet_password_key, primary_wallet_password_key, fallback_mnemonic_ui_pin_key]
05:24:52 [DefaultDispatcher-worker-15] ModernEncryptionProvider - Decrypted data for alias: wallet_password_key
05:24:52 [DefaultDispatcher-worker-15] KeyCrypterScrypt - Deriving key took 130.0 ms for N=65536, r=8, p=1.
05:24:52 [DefaultDispatcher-worker-15] DapiClient - getIdentityByFirstPublicKey(8091b58b727505df0a144ed3e9de9d92d93bfcfd)
05:24:52 [DefaultDispatcher-worker-13] L1ShadowSyncService - L1 engine chainlock height 0 -> 2541275
05:24:52 [DefaultDispatcher-worker-1] MainViewModel - blockchain state update: mnlist=2541275; chain=2541275; wallet=-1
05:24:53 [DefaultDispatcher-worker-15] PlatformSynchronizationService - discoverAndRecoverIdentity: no existing identity found
05:24:53 [DefaultDispatcher-worker-15] PlatformSynchronizationService - identity-discovery guard released (no identity found) — a later discovery may run again
05:24:53 [DefaultDispatcher-worker-15] BlockchainServiceImpl - post-cutover identity discovery found nothing and the wallet has no identity — re-arming; next attempt no sooner than 120000 ms from now
05:24:53 [DefaultDispatcher-worker-10] PlatformSynchronizationService - TxMetadata settings: saveToNetwork=false frequency=afterTenTransactions saveAfter=9223372036854775807 paymentCategory=false taxCategory=false exchangeRates=false memos=false giftCards=false storedDocuments=0
05:24:53 [DefaultDispatcher-worker-1] PlatformSynchronizationService - TxMetadata publish: not publishing — saveToNetwork is OFF (per-device setting; the default for a new or restored install, and it does NOT travel with the wallet)
05:24:54 [main] WalletActivityTracker - activity lifecycle: current: MainActivity, activities: 1 visible: 1 foreground: 0
05:24:54 [DefaultDispatcher-worker-14] BlockchainServiceImpl - network capabilities changed: 100, hasInternet: true, validated: true
05:24:54 [DefaultDispatcher-worker-14] BlockchainServiceImpl - acquiring check() mutex
05:24:54 [DefaultDispatcher-worker-14] BlockchainServiceImpl - check()
05:24:54 [DefaultDispatcher-worker-14] BlockchainServiceImpl - cutover committed — holding the dashj L1 engine; SDK owns L1 this launch
05:24:54 [DefaultDispatcher-worker-14] BlockchainServiceImpl - releasing check() mutex
05:25:00 [main] BlockchainServiceImpl - MEM pss=350MB nativeHeap=201/402MB jvm=20/576MB
05:25:00 [DefaultDispatcher-worker-11] BlockchainServiceImpl - network capabilities changed: 100, hasInternet: true, validated: true
05:25:00 [DefaultDispatcher-worker-11] BlockchainServiceImpl - acquiring check() mutex
05:25:00 [DefaultDispatcher-worker-11] BlockchainServiceImpl - check()
05:25:00 [DefaultDispatcher-worker-11] BlockchainServiceImpl - cutover committed — holding the dashj L1 engine; SDK owns L1 this launch
05:25:00 [DefaultDispatcher-worker-11] BlockchainServiceImpl - releasing check() mutex
05:25:02 [native-log-bridge] DashSdkNative - 09-19 00:24:40.967  4533  5135 I DashSDK : platform_wallet::changeset::core_bridge: wallet-event batch: folded=1 wallets=1 synced_height_persisted=Some(2423000) synced_height_frozen=None synced_height_rejected=None faulted=0
05:25:02 [native-log-bridge] DashSdkNative - 09-19 00:24:41.680  4533  5132 I DashSDK : platform_wallet::changeset::core_bridge: wallet-event batch: folded=1 wallets=1 synced_height_persisted=Some(2428000) synced_height_frozen=None synced_height_rejected=None faulted=0
05:25:02 [native-log-bridge] DashSdkNative - 09-19 00:24:41.992  4533  5132 I DashSDK : platform_wallet::changeset::core_bridge: wallet-event batch: folded=1 wallets=1 synced_height_persisted=Some(2433000) synced_height_frozen=None synced_height_rejected=None faulted=0
05:25:02 [native-log-bridge] DashSdkNative - 09-19 00:24:42.355  4533  5132 I DashSDK : platform_wallet::changeset::core_bridge: wallet-event batch: folded=1 wallets=1 synced_height_persisted=Some(2438000) synced_height_frozen=None synced_height_rejected=None faulted=0
05:25:02 [native-log-bridge] DashSdkNative - 09-19 00:24:43.031  4533  5133 I DashSDK : platform_wallet::changeset::core_bridge: wallet-event batch: folded=1 wallets=1 synced_height_persisted=Some(2443000) synced_height_frozen=None synced_height_rejected=None faulted=0
05:25:02 [native-log-bridge] DashSdkNative - 09-19 00:24:43.469  4533  5133 I DashSDK : platform_wallet::changeset::core_bridge: wallet-event batch: folded=1 wallets=1 synced_height_persisted=Some(2448000) synced_height_frozen=None synced_height_rejected=None faulted=0
05:25:02 [native-log-bridge] DashSdkNative - 09-19 00:24:43.845  4533  5133 I DashSDK : platform_wallet::changeset::core_bridge: wallet-event batch: folded=1 wallets=1 synced_height_persisted=Some(2453000) synced_height_frozen=None synced_height_rejected=None faulted=0
05:25:02 [native-log-bridge] DashSdkNative - 09-19 00:24:44.314  4533  5132 I DashSDK : platform_wallet::changeset::core_bridge: wallet-event batch: folded=1 wallets=1 synced_height_persisted=Some(2458000) synced_height_frozen=None synced_height_rejected=None faulted=0
05:25:02 [native-log-bridge] DashSdkNative - 09-19 00:24:44.636  4533  5135 I DashSDK : platform_wallet::changeset::core_bridge: wallet-event batch: folded=1 wallets=1 synced_height_persisted=Some(2463000) synced_height_frozen=None synced_height_rejected=None faulted=0
05:25:02 [native-log-bridge] DashSdkNative - 09-19 00:24:45.352  4533  5134 I DashSDK : platform_wallet::changeset::core_bridge: wallet-event batch: folded=1 wallets=1 synced_height_persisted=Some(2468000) synced_height_frozen=None synced_height_rejected=None faulted=0
05:25:02 [native-log-bridge] DashSdkNative - 09-19 00:24:45.661  4533  5132 I DashSDK : platform_wallet::changeset::core_bridge: wallet-event batch: folded=1 wallets=1 synced_height_persisted=Some(2473000) synced_height_frozen=None synced_height_rejected=None faulted=0
05:25:02 [native-log-bridge] DashSdkNative - 09-19 00:24:45.981  4533  5133 I DashSDK : platform_wallet::changeset::core_bridge: wallet-event batch: folded=1 wallets=1 synced_height_persisted=Some(2478000) synced_height_frozen=None synced_height_rejected=None faulted=0
05:25:02 [native-log-bridge] DashSdkNative - 09-19 00:24:46.636  4533  5134 I DashSDK : platform_wallet::changeset::core_bridge: wallet-event batch: folded=1 wallets=1 synced_height_persisted=Some(2483000) synced_height_frozen=None synced_height_rejected=None faulted=0
05:25:02 [native-log-bridge] DashSdkNative - 09-19 00:24:47.090  4533  5134 I DashSDK : platform_wallet::changeset::core_bridge: wallet-event batch: folded=1 wallets=1 synced_height_persisted=Some(2488000) synced_height_frozen=None synced_height_rejected=None faulted=0
05:25:02 [native-log-bridge] DashSdkNative - 09-19 00:24:47.577  4533  5133 I DashSDK : platform_wallet::changeset::core_bridge: wallet-event batch: folded=1 wallets=1 synced_height_persisted=Some(2493000) synced_height_frozen=None synced_height_rejected=None faulted=0
05:25:02 [native-log-bridge] DashSdkNative - 09-19 00:24:48.131  4533  5134 I DashSDK : platform_wallet::changeset::core_bridge: wallet-event batch: folded=1 wallets=1 synced_height_persisted=Some(2498000) synced_height_frozen=None synced_height_rejected=None faulted=0
05:25:02 [native-log-bridge] DashSdkNative - 09-19 00:24:48.496  4533  5133 I DashSDK : platform_wallet::changeset::core_bridge: wallet-event batch: folded=1 wallets=1 synced_height_persisted=Some(2503000) synced_height_frozen=None synced_height_rejected=None faulted=0
05:25:02 [native-log-bridge] DashSdkNative - 09-19 00:24:48.980  4533  5132 I DashSDK : platform_wallet::changeset::core_bridge: wallet-event batch: folded=1 wallets=1 synced_height_persisted=Some(2508000) synced_height_frozen=None synced_height_rejected=None faulted=0
05:25:02 [native-log-bridge] DashSdkNative - 09-19 00:24:49.428  4533  5133 I DashSDK : platform_wallet::changeset::core_bridge: wallet-event batch: folded=1 wallets=1 synced_height_persisted=Some(2513000) synced_height_frozen=None synced_height_rejected=None faulted=0
05:25:02 [native-log-bridge] DashSdkNative - 09-19 00:24:49.758  4533  5132 I DashSDK : platform_wallet::changeset::core_bridge: wallet-event batch: folded=1 wallets=1 synced_height_persisted=Some(2518000) synced_height_frozen=None synced_height_rejected=None faulted=0
05:25:02 [native-log-bridge] DashSdkNative - 09-19 00:24:50.104  4533  5135 I DashSDK : platform_wallet::changeset::core_bridge: wallet-event batch: folded=1 wallets=1 synced_height_persisted=Some(2523000) synced_height_frozen=None synced_height_rejected=None faulted=0
05:25:02 [native-log-bridge] DashSdkNative - 09-19 00:24:50.467  4533  5135 I DashSDK : platform_wallet::changeset::core_bridge: wallet-event batch: folded=1 wallets=1 synced_height_persisted=Some(2528000) synced_height_frozen=None synced_height_rejected=None faulted=0
05:25:02 [native-log-bridge] DashSdkNative - 09-19 00:24:50.761  4533  5133 I DashSDK : platform_wallet::changeset::core_bridge: wallet-event batch: folded=1 wallets=1 synced_height_persisted=Some(2533000) synced_height_frozen=None synced_height_rejected=None faulted=0
05:25:02 [native-log-bridge] DashSdkNative - 09-19 00:24:51.125  4533  5135 I DashSDK : platform_wallet::changeset::core_bridge: wallet-event batch: folded=1 wallets=1 synced_height_persisted=Some(2538000) synced_height_frozen=None synced_height_rejected=None faulted=0
05:25:02 [native-log-bridge] DashSdkNative - 09-19 00:24:51.441  4533  5132 I DashSDK : platform_wallet::changeset::core_bridge: wallet-event batch: folded=1 wallets=1 synced_height_persisted=Some(2541275) synced_height_frozen=None synced_height_rejected=None faulted=0
05:25:02 [native-log-bridge] DashSdkNative - 09-19 00:24:52.762  4533  5135 I DashSDK : platform_wallet::changeset::core_bridge: wallet-event batch: folded=1 wallets=1 synced_height_persisted=None synced_height_frozen=None synced_height_rejected=None faulted=0
05:25:12 [main] WalletActivityTracker - activity lifecycle: current: MainActivity, activities: 1 visible: 1 foreground: 1
05:25:12 [main] DeviceInfoProvider - Detecting currency based on device, mobile network or locale:
05:25:12 [main] DeviceInfoProvider - Device Sim Country: us
05:25:12 [main] MainViewModel - Updating currency exchange rate based on country: US
05:25:12 [main] BlockchainServiceImpl - .onStartCommand(Intent { act=de.schildbach.wallet.service.cancel_coins_received cmp=hashengineering.darkcoin.wallet/de.schildbach.wallet.service.BlockchainServiceImpl })
05:25:12 [DefaultDispatcher-worker-14] BlockchainServiceImpl - onStartCommand waiting for onCreate to complete...
05:25:12 [DefaultDispatcher-worker-14] BlockchainServiceImpl - onCreate completed, processing onStartCommand
05:25:12 [DefaultDispatcher-worker-14] BLSJniLibrary - Initializing BLS JNI Library
05:25:12 [DefaultDispatcher-worker-14] BlockchainServiceImpl - service start command: Intent { act=de.schildbach.wallet.service.cancel_coins_received cmp=hashengineering.darkcoin.wallet/de.schildbach.wallet.service.BlockchainServiceImpl }
05:25:12 [DefaultDispatcher-worker-14] BlockchainServiceImpl - .onStartCommand(Intent { act=de.schildbach.wallet.service.cancel_coins_received cmp=hashengineering.darkcoin.wallet/de.schildbach.wallet.service.BlockchainServiceImpl }) finished
05:25:15 [DefaultDispatcher-worker-14] BlockchainServiceImpl - network capabilities changed: 100, hasInternet: true, validated: true
05:25:15 [DefaultDispatcher-worker-14] BlockchainServiceImpl - acquiring check() mutex
05:25:15 [DefaultDispatcher-worker-14] BlockchainServiceImpl - check()
05:25:15 [DefaultDispatcher-worker-14] BlockchainServiceImpl - cutover committed — holding the dashj L1 engine; SDK owns L1 this launch
05:25:15 [DefaultDispatcher-worker-14] BlockchainServiceImpl - releasing check() mutex
05:25:18 [DefaultDispatcher-worker-10] BlockchainServiceImpl - network capabilities changed: 100, hasInternet: true, validated: true
05:25:18 [DefaultDispatcher-worker-10] BlockchainServiceImpl - acquiring check() mutex
05:25:18 [DefaultDispatcher-worker-10] BlockchainServiceImpl - check()
05:25:18 [DefaultDispatcher-worker-10] BlockchainServiceImpl - cutover committed — holding the dashj L1 engine; SDK owns L1 this launch
05:25:18 [DefaultDispatcher-worker-10] BlockchainServiceImpl - releasing check() mutex
05:25:21 [DefaultDispatcher-worker-2] BlockchainServiceImpl - network capabilities changed: 100, hasInternet: true, validated: true
05:25:21 [DefaultDispatcher-worker-2] BlockchainServiceImpl - acquiring check() mutex
05:25:21 [DefaultDispatcher-worker-2] BlockchainServiceImpl - check()
05:25:21 [DefaultDispatcher-worker-2] BlockchainServiceImpl - cutover committed — holding the dashj L1 engine; SDK owns L1 this launch
05:25:21 [DefaultDispatcher-worker-2] BlockchainServiceImpl - releasing check() mutex
05:25:24 [DefaultDispatcher-worker-10] BlockchainServiceImpl - network capabilities changed: 100, hasInternet: true, validated: true
05:25:24 [DefaultDispatcher-worker-10] BlockchainServiceImpl - acquiring check() mutex
05:25:24 [DefaultDispatcher-worker-10] BlockchainServiceImpl - check()
05:25:24 [DefaultDispatcher-worker-10] BlockchainServiceImpl - cutover committed — holding the dashj L1 engine; SDK owns L1 this launch
05:25:24 [DefaultDispatcher-worker-10] BlockchainServiceImpl - releasing check() mutex
05:25:36 [DefaultDispatcher-worker-12] BlockchainServiceImpl - network capabilities changed: 100, hasInternet: true, validated: true
05:25:36 [DefaultDispatcher-worker-12] BlockchainServiceImpl - acquiring check() mutex
05:25:36 [DefaultDispatcher-worker-12] BlockchainServiceImpl - check()
05:25:36 [DefaultDispatcher-worker-12] BlockchainServiceImpl - cutover committed — holding the dashj L1 engine; SDK owns L1 this launch
05:25:36 [DefaultDispatcher-worker-12] BlockchainServiceImpl - releasing check() mutex
05:25:39 [DefaultDispatcher-worker-14] BlockchainServiceImpl - network capabilities changed: 100, hasInternet: true, validated: true
05:25:39 [DefaultDispatcher-worker-14] BlockchainServiceImpl - acquiring check() mutex
05:25:39 [DefaultDispatcher-worker-14] BlockchainServiceImpl - check()
05:25:39 [DefaultDispatcher-worker-14] BlockchainServiceImpl - cutover committed — holding the dashj L1 engine; SDK owns L1 this launch
05:25:39 [DefaultDispatcher-worker-14] BlockchainServiceImpl - releasing check() mutex
05:25:41 [DefaultDispatcher-worker-6] BlockchainServiceImpl - network capabilities changed: 101, hasInternet: true, validated: true
05:25:41 [DefaultDispatcher-worker-6] BlockchainServiceImpl - acquiring check() mutex
05:25:41 [DefaultDispatcher-worker-6] BlockchainServiceImpl - check()
05:25:41 [DefaultDispatcher-worker-6] BlockchainServiceImpl - cutover committed — holding the dashj L1 engine; SDK owns L1 this launch
05:25:41 [DefaultDispatcher-worker-6] BlockchainServiceImpl - releasing check() mutex
05:25:41 [DefaultDispatcher-worker-14] BlockchainServiceImpl - network available: 101, hasInternet: true, validated: true, type: Cellular
05:25:41 [DefaultDispatcher-worker-14] BlockchainServiceImpl - acquiring check() mutex
05:25:41 [DefaultDispatcher-worker-14] BlockchainServiceImpl - check()
05:25:41 [DefaultDispatcher-worker-14] BlockchainServiceImpl - cutover committed — holding the dashj L1 engine; SDK owns L1 this launch
05:25:41 [DefaultDispatcher-worker-14] BlockchainServiceImpl - releasing check() mutex
05:25:42 [DefaultDispatcher-worker-2] BlockchainServiceImpl - network capabilities changed: 100, hasInternet: true, validated: true
05:25:42 [DefaultDispatcher-worker-2] BlockchainServiceImpl - acquiring check() mutex
05:25:42 [DefaultDispatcher-worker-2] BlockchainServiceImpl - check()
05:25:42 [DefaultDispatcher-worker-2] BlockchainServiceImpl - cutover committed — holding the dashj L1 engine; SDK owns L1 this launch
05:25:42 [DefaultDispatcher-worker-2] BlockchainServiceImpl - releasing check() mutex
05:25:46 [DefaultDispatcher-worker-8] BlockchainServiceImpl - network capabilities changed: 100, hasInternet: true, validated: true
05:25:46 [DefaultDispatcher-worker-8] BlockchainServiceImpl - acquiring check() mutex
05:25:46 [DefaultDispatcher-worker-8] BlockchainServiceImpl - check()
05:25:46 [DefaultDispatcher-worker-8] BlockchainServiceImpl - cutover committed — holding the dashj L1 engine; SDK owns L1 this launch
05:25:46 [DefaultDispatcher-worker-8] BlockchainServiceImpl - releasing check() mutex
05:25:52 [main] BiometricHelper - No biometric credentials
05:25:52 [main] LockScreenActivity - fingerprint was disabled
05:25:52 [main] LockScreenActivity - LockState = ENTER_PIN
05:26:00 [main] BlockchainServiceImpl - MEM pss=340MB nativeHeap=201/403MB jvm=18/576MB
05:26:00 [main] BlockchainServiceImpl - History of transactions/blocks/headers/mnlistdiff (sdk): 0/0/0/0
05:26:22 [DefaultDispatcher-worker-2] BlockchainServiceImpl - network capabilities changed: 100, hasInternet: true, validated: true
05:26:22 [DefaultDispatcher-worker-2] BlockchainServiceImpl - acquiring check() mutex
05:26:22 [DefaultDispatcher-worker-2] BlockchainServiceImpl - check()
05:26:22 [DefaultDispatcher-worker-2] BlockchainServiceImpl - cutover committed — holding the dashj L1 engine; SDK owns L1 this launch
05:26:22 [DefaultDispatcher-worker-2] BlockchainServiceImpl - releasing check() mutex
05:26:25 [DefaultDispatcher-worker-7] Platform - platform check: 2.268 min
05:26:25 [DefaultDispatcher-worker-7] PlatformServiceImplementation - platform available 3 of 3: true
05:26:31 [DefaultDispatcher-worker-7] BlockchainServiceImpl - network capabilities changed: 100, hasInternet: true, validated: true
05:26:31 [DefaultDispatcher-worker-7] BlockchainServiceImpl - acquiring check() mutex
05:26:31 [DefaultDispatcher-worker-7] BlockchainServiceImpl - check()
05:26:31 [DefaultDispatcher-worker-7] BlockchainServiceImpl - cutover committed — holding the dashj L1 engine; SDK owns L1 this launch
05:26:31 [DefaultDispatcher-worker-7] BlockchainServiceImpl - releasing check() mutex
05:26:37 [main] SecurityGuard - loading security guard [healthy=true] with keys: [keystore_healthy, fallback_pin_wallet_password_key, primary_ui_pin_key, modern_encryption_migration_complete, fallback_mnemonic_wallet_password_key, primary_wallet_password_key, fallback_mnemonic_ui_pin_key]
05:26:37 [main] ModernEncryptionProvider - Decrypted data for alias: ui_pin_key
05:26:37 [main] BiometricHelper - No biometric credentials
05:26:38 [DefaultDispatcher-worker-6] BlockchainServiceImpl - network lost: 101, remaining networks: 1
05:27:00 [main] BlockchainServiceImpl - MEM pss=341MB nativeHeap=202/403MB jvm=17/576MB
05:27:00 [main] BlockchainServiceImpl - History of transactions/blocks/headers/mnlistdiff (sdk): 0/0/0/0, 0/0/0/0
05:27:00 [main] BlockchainServiceImpl - idling detected, stopping service
05:27:19 [DefaultDispatcher-worker-3] BlockchainServiceImpl - network capabilities changed: 100, hasInternet: true, validated: true
05:27:19 [DefaultDispatcher-worker-3] BlockchainServiceImpl - acquiring check() mutex
05:27:19 [DefaultDispatcher-worker-3] BlockchainServiceImpl - check()
05:27:19 [DefaultDispatcher-worker-3] BlockchainServiceImpl - cutover committed — holding the dashj L1 engine; SDK owns L1 this launch
05:27:19 [DefaultDispatcher-worker-3] BlockchainServiceImpl - releasing check() mutex
05:27:19 [main] BlockchainServiceImpl - cutover committed and SDK L1 scan synced — triggering identity/contacts discovery
05:27:19 [DefaultDispatcher-worker-12] BlockchainIdentityData - creation: BlockchainIdentityData(NONE, null, null, null, null, null)
05:27:19 [DefaultDispatcher-worker-12] PlatformSynchronizationService - discoverAndRecoverIdentity: checking for existing associated identity
05:27:19 [DefaultDispatcher-worker-12] SecurityGuard - loading security guard [healthy=true] with keys: [keystore_healthy, fallback_pin_wallet_password_key, primary_ui_pin_key, modern_encryption_migration_complete, fallback_mnemonic_wallet_password_key, primary_wallet_password_key, fallback_mnemonic_ui_pin_key]
05:27:19 [DefaultDispatcher-worker-12] ModernEncryptionProvider - Decrypted data for alias: wallet_password_key
05:27:19 [DefaultDispatcher-worker-12] KeyCrypterScrypt - Deriving key took 129.0 ms for N=65536, r=8, p=1.
05:27:19 [DefaultDispatcher-worker-12] DapiClient - getIdentityByFirstPublicKey(8091b58b727505df0a144ed3e9de9d92d93bfcfd)
05:27:20 [DefaultDispatcher-worker-12] PlatformSynchronizationService - discoverAndRecoverIdentity: no existing identity found
05:27:20 [DefaultDispatcher-worker-12] PlatformSynchronizationService - identity-discovery guard released (no identity found) — a later discovery may run again
05:27:20 [DefaultDispatcher-worker-12] BlockchainServiceImpl - post-cutover identity discovery found nothing and the wallet has no identity — re-arming; next attempt no sooner than 120000 ms from now
05:27:20 [DefaultDispatcher-worker-13] PlatformSynchronizationService - TxMetadata settings: saveToNetwork=false frequency=afterTenTransactions saveAfter=9223372036854775807 paymentCategory=false taxCategory=false exchangeRates=false memos=false giftCards=false storedDocuments=0
05:27:25 [DefaultDispatcher-worker-3] BlockchainServiceImpl - network capabilities changed: 100, hasInternet: true, validated: true
05:27:25 [DefaultDispatcher-worker-3] BlockchainServiceImpl - acquiring check() mutex
05:27:25 [DefaultDispatcher-worker-3] BlockchainServiceImpl - check()
05:27:25 [DefaultDispatcher-worker-3] BlockchainServiceImpl - cutover committed — holding the dashj L1 engine; SDK owns L1 this launch
05:27:25 [DefaultDispatcher-worker-3] BlockchainServiceImpl - releasing check() mutex
05:27:28 [DefaultDispatcher-worker-6] BlockchainServiceImpl - network capabilities changed: 100, hasInternet: true, validated: true
05:27:28 [DefaultDispatcher-worker-6] BlockchainServiceImpl - acquiring check() mutex
05:27:28 [DefaultDispatcher-worker-6] BlockchainServiceImpl - check()
05:27:28 [DefaultDispatcher-worker-6] BlockchainServiceImpl - cutover committed — holding the dashj L1 engine; SDK owns L1 this launch
05:27:28 [DefaultDispatcher-worker-6] BlockchainServiceImpl - releasing check() mutex
05:27:31 [DefaultDispatcher-worker-8] BlockchainServiceImpl - network capabilities changed: 100, hasInternet: true, validated: true
05:27:31 [DefaultDispatcher-worker-8] BlockchainServiceImpl - acquiring check() mutex
05:27:31 [DefaultDispatcher-worker-8] BlockchainServiceImpl - check()
05:27:31 [DefaultDispatcher-worker-8] BlockchainServiceImpl - cutover committed — holding the dashj L1 engine; SDK owns L1 this launch
05:27:31 [DefaultDispatcher-worker-8] BlockchainServiceImpl - releasing check() mutex
05:27:37 [main] BiometricHelper - No biometric credentials
05:27:37 [main] LockScreenActivity - fingerprint was disabled
05:27:37 [main] LockScreenActivity - LockState = ENTER_PIN
05:28:00 [main] BlockchainServiceImpl - MEM pss=342MB nativeHeap=202/403MB jvm=17/576MB
05:28:00 [main] BlockchainServiceImpl - History of transactions/blocks/headers/mnlistdiff (sdk): 0/0/0/0, 0/0/0/0, 0/0/0/0
05:28:00 [main] BlockchainServiceImpl - idling detected, stopping service
05:28:22 [DefaultDispatcher-worker-2] L1ShadowSyncService - L1 engine chainlock height 2541275 -> 2541276
05:28:22 [DefaultDispatcher-worker-1] MainViewModel - blockchain state update: mnlist=2541275; chain=2541275; wallet=-1
05:28:22 [DefaultDispatcher-worker-1] BlockchainServiceImpl - network capabilities changed: 100, hasInternet: true, validated: true
05:28:22 [DefaultDispatcher-worker-1] BlockchainServiceImpl - acquiring check() mutex
05:28:22 [DefaultDispatcher-worker-1] BlockchainServiceImpl - check()
05:28:22 [DefaultDispatcher-worker-1] BlockchainServiceImpl - cutover committed — holding the dashj L1 engine; SDK owns L1 this launch
05:28:22 [DefaultDispatcher-worker-1] BlockchainServiceImpl - releasing check() mutex
05:28:25 [DefaultDispatcher-worker-9] L1ShadowSyncService - L1Shadow phase=FILTERS 100.0% headers 2541276/2541276 filters 2541275/2541276 wallet 2541275
05:28:25 [DefaultDispatcher-worker-12] MainViewModel - blockchain state update: mnlist=2541276; chain=2541276; wallet=-1
05:28:25 [DefaultDispatcher-worker-9] MainViewModel - blockchain state update: mnlist=2541276; chain=2541276; wallet=-1
05:28:25 [DefaultDispatcher-worker-11] BlockchainServiceImpl - network capabilities changed: 100, hasInternet: true, validated: true
05:28:25 [DefaultDispatcher-worker-11] BlockchainServiceImpl - acquiring check() mutex
05:28:25 [DefaultDispatcher-worker-11] BlockchainServiceImpl - check()
05:28:25 [DefaultDispatcher-worker-11] BlockchainServiceImpl - cutover committed — holding the dashj L1 engine; SDK owns L1 this launch
05:28:25 [DefaultDispatcher-worker-11] BlockchainServiceImpl - releasing check() mutex
05:28:26 [DefaultDispatcher-worker-2] L1ShadowSyncService - L1Shadow phase=SYNCED 100.0% headers 2541276/2541276 filters 2541276/2541276 wallet 2541276
05:28:26 [DefaultDispatcher-worker-2] MainViewModel - blockchain state update: mnlist=2541276; chain=2541276; wallet=-1
05:28:32 [native-log-bridge] DashSdkNative - 09-19 00:28:22.657  4533  5134 I DashSDK : platform_wallet::changeset::core_bridge: wallet-event batch: folded=1 wallets=1 synced_height_persisted=None synced_height_frozen=None synced_height_rejected=None faulted=0
05:28:32 [native-log-bridge] DashSdkNative - 09-19 00:28:25.555  4533  5135 I DashSDK : platform_wallet::changeset::core_bridge: wallet-event batch: folded=1 wallets=1 synced_height_persisted=Some(2541276) synced_height_frozen=None synced_height_rejected=None faulted=0
05:28:59 [DefaultDispatcher-worker-7] BlockchainServiceImpl - network capabilities changed: 100, hasInternet: true, validated: true
05:28:59 [DefaultDispatcher-worker-7] BlockchainServiceImpl - acquiring check() mutex
05:28:59 [DefaultDispatcher-worker-7] BlockchainServiceImpl - check()
05:28:59 [DefaultDispatcher-worker-7] BlockchainServiceImpl - cutover committed — holding the dashj L1 engine; SDK owns L1 this launch
05:28:59 [DefaultDispatcher-worker-7] BlockchainServiceImpl - releasing check() mutex
05:29:00 [main] BlockchainServiceImpl - MEM pss=344MB nativeHeap=204/404MB jvm=17/576MB
05:29:00 [main] BlockchainServiceImpl - History of transactions/blocks/headers/mnlistdiff (sdk): 0/1/1/1, 0/0/0/0, 0/0/0/0, 0/0/0/0
05:29:02 [DefaultDispatcher-worker-10] BlockchainServiceImpl - network capabilities changed: 100, hasInternet: true, validated: true
05:29:02 [DefaultDispatcher-worker-10] BlockchainServiceImpl - acquiring check() mutex
05:29:02 [DefaultDispatcher-worker-10] BlockchainServiceImpl - check()
05:29:02 [DefaultDispatcher-worker-10] BlockchainServiceImpl - cutover committed — holding the dashj L1 engine; SDK owns L1 this launch
05:29:02 [DefaultDispatcher-worker-10] BlockchainServiceImpl - releasing check() mutex
05:29:04 [DefaultDispatcher-worker-2] L1ShadowSyncService - L1Shadow phase=SYNCED 100.0% headers 2541277/2541277 filters 2541277/2541277 wallet 2541277
05:29:04 [DefaultDispatcher-worker-5] MainViewModel - blockchain state update: mnlist=2541276; chain=2541276; wallet=-1
05:29:05 [DefaultDispatcher-worker-9] L1ShadowSyncService - L1 engine chainlock height 2541276 -> 2541277
05:29:05 [DefaultDispatcher-worker-13] MainViewModel - blockchain state update: mnlist=2541277; chain=2541277; wallet=-1
05:29:05 [DefaultDispatcher-worker-5] BlockchainServiceImpl - network capabilities changed: 100, hasInternet: true, validated: true
05:29:05 [DefaultDispatcher-worker-5] BlockchainServiceImpl - acquiring check() mutex
05:29:05 [DefaultDispatcher-worker-5] BlockchainServiceImpl - check()
05:29:05 [DefaultDispatcher-worker-5] BlockchainServiceImpl - cutover committed — holding the dashj L1 engine; SDK owns L1 this launch
05:29:05 [DefaultDispatcher-worker-5] BlockchainServiceImpl - releasing check() mutex
05:29:11 [DefaultDispatcher-worker-10] BlockchainServiceImpl - network capabilities changed: 100, hasInternet: true, validated: true
05:29:11 [DefaultDispatcher-worker-10] BlockchainServiceImpl - acquiring check() mutex
05:29:11 [DefaultDispatcher-worker-10] BlockchainServiceImpl - check()
05:29:11 [DefaultDispatcher-worker-10] BlockchainServiceImpl - cutover committed — holding the dashj L1 engine; SDK owns L1 this launch
05:29:11 [DefaultDispatcher-worker-10] BlockchainServiceImpl - releasing check() mutex
05:29:23 [DefaultDispatcher-worker-9] BlockchainServiceImpl - network capabilities changed: 100, hasInternet: true, validated: true
05:29:23 [DefaultDispatcher-worker-9] BlockchainServiceImpl - acquiring check() mutex
05:29:23 [DefaultDispatcher-worker-9] BlockchainServiceImpl - check()
05:29:23 [DefaultDispatcher-worker-9] BlockchainServiceImpl - cutover committed — holding the dashj L1 engine; SDK owns L1 this launch
05:29:23 [DefaultDispatcher-worker-9] BlockchainServiceImpl - releasing check() mutex
05:29:23 [main] BlockchainServiceImpl - cutover committed and SDK L1 scan synced — triggering identity/contacts discovery
05:29:23 [DefaultDispatcher-worker-9] BlockchainIdentityData - creation: BlockchainIdentityData(NONE, null, null, null, null, null)
05:29:23 [DefaultDispatcher-worker-9] PlatformSynchronizationService - discoverAndRecoverIdentity: checking for existing associated identity
05:29:23 [DefaultDispatcher-worker-9] SecurityGuard - loading security guard [healthy=true] with keys: [keystore_healthy, fallback_pin_wallet_password_key, primary_ui_pin_key, modern_encryption_migration_complete, fallback_mnemonic_wallet_password_key, primary_wallet_password_key, fallback_mnemonic_ui_pin_key]
05:29:23 [DefaultDispatcher-worker-9] ModernEncryptionProvider - Decrypted data for alias: wallet_password_key
05:29:23 [DefaultDispatcher-worker-9] KeyCrypterScrypt - Deriving key took 108.5 ms for N=65536, r=8, p=1.
05:29:23 [DefaultDispatcher-worker-9] DapiClient - getIdentityByFirstPublicKey(8091b58b727505df0a144ed3e9de9d92d93bfcfd)
05:29:29 [DefaultDispatcher-worker-4] BlockchainServiceImpl - network capabilities changed: 100, hasInternet: true, validated: true
05:29:29 [DefaultDispatcher-worker-4] BlockchainServiceImpl - acquiring check() mutex
05:29:29 [DefaultDispatcher-worker-4] BlockchainServiceImpl - check()
05:29:29 [DefaultDispatcher-worker-4] BlockchainServiceImpl - cutover committed — holding the dashj L1 engine; SDK owns L1 this launch
05:29:29 [DefaultDispatcher-worker-4] BlockchainServiceImpl - releasing check() mutex
05:29:32 [native-log-bridge] DashSdkNative - 09-19 00:29:04.667  4533  5134 I DashSDK : platform_wallet::changeset::core_bridge: wallet-event batch: folded=1 wallets=1 synced_height_persisted=Some(2541277) synced_height_frozen=None synced_height_rejected=None faulted=0
05:29:32 [native-log-bridge] DashSdkNative - 09-19 00:29:05.023  4533  5135 I DashSDK : platform_wallet::changeset::core_bridge: wallet-event batch: folded=1 wallets=1 synced_height_persisted=None synced_height_frozen=None synced_height_rejected=None faulted=0
05:29:35 [DefaultDispatcher-worker-1] BlockchainServiceImpl - network capabilities changed: 100, hasInternet: true, validated: true
05:29:35 [DefaultDispatcher-worker-1] BlockchainServiceImpl - acquiring check() mutex
05:29:35 [DefaultDispatcher-worker-1] BlockchainServiceImpl - check()
05:29:35 [DefaultDispatcher-worker-1] BlockchainServiceImpl - cutover committed — holding the dashj L1 engine; SDK owns L1 this launch
05:29:35 [DefaultDispatcher-worker-1] BlockchainServiceImpl - releasing check() mutex
05:29:41 [DefaultDispatcher-worker-12] BlockchainServiceImpl - network capabilities changed: 100, hasInternet: true, validated: true
05:29:41 [DefaultDispatcher-worker-12] BlockchainServiceImpl - acquiring check() mutex
05:29:41 [DefaultDispatcher-worker-12] BlockchainServiceImpl - check()
05:29:41 [DefaultDispatcher-worker-12] BlockchainServiceImpl - cutover committed — holding the dashj L1 engine; SDK owns L1 this launch
05:29:41 [DefaultDispatcher-worker-12] BlockchainServiceImpl - releasing check() mutex
05:29:44 [DefaultDispatcher-worker-7] BlockchainServiceImpl - network capabilities changed: 100, hasInternet: true, validated: true
05:29:44 [DefaultDispatcher-worker-7] BlockchainServiceImpl - acquiring check() mutex
05:29:44 [DefaultDispatcher-worker-7] BlockchainServiceImpl - check()
05:29:44 [DefaultDispatcher-worker-7] BlockchainServiceImpl - cutover committed — holding the dashj L1 engine; SDK owns L1 this launch
05:29:44 [DefaultDispatcher-worker-7] BlockchainServiceImpl - releasing check() mutex
05:29:47 [DefaultDispatcher-worker-13] BlockchainServiceImpl - network capabilities changed: 100, hasInternet: true, validated: true
05:29:47 [DefaultDispatcher-worker-13] BlockchainServiceImpl - acquiring check() mutex
05:29:47 [DefaultDispatcher-worker-13] BlockchainServiceImpl - check()
05:29:47 [DefaultDispatcher-worker-13] BlockchainServiceImpl - cutover committed — holding the dashj L1 engine; SDK owns L1 this launch
05:29:47 [DefaultDispatcher-worker-13] BlockchainServiceImpl - releasing check() mutex
05:29:50 [DefaultDispatcher-worker-2] BlockchainServiceImpl - network capabilities changed: 100, hasInternet: true, validated: true
05:29:50 [DefaultDispatcher-worker-2] BlockchainServiceImpl - acquiring check() mutex
05:29:50 [DefaultDispatcher-worker-2] BlockchainServiceImpl - check()
05:29:50 [DefaultDispatcher-worker-2] BlockchainServiceImpl - cutover committed — holding the dashj L1 engine; SDK owns L1 this launch
05:29:50 [DefaultDispatcher-worker-2] BlockchainServiceImpl - releasing check() mutex
05:29:53 [DefaultDispatcher-worker-7] BlockchainServiceImpl - network capabilities changed: 100, hasInternet: true, validated: true
05:29:53 [DefaultDispatcher-worker-7] BlockchainServiceImpl - acquiring check() mutex
05:29:53 [DefaultDispatcher-worker-7] BlockchainServiceImpl - check()
05:29:53 [DefaultDispatcher-worker-7] BlockchainServiceImpl - cutover committed — holding the dashj L1 engine; SDK owns L1 this launch
05:29:53 [DefaultDispatcher-worker-7] BlockchainServiceImpl - releasing check() mutex
05:29:57 [main] SecurityGuard - loading security guard [healthy=true] with keys: [keystore_healthy, fallback_pin_wallet_password_key, primary_ui_pin_key, modern_encryption_migration_complete, fallback_mnemonic_wallet_password_key, primary_wallet_password_key, fallback_mnemonic_ui_pin_key]
05:29:57 [main] ModernEncryptionProvider - Decrypted data for alias: ui_pin_key
05:29:57 [main] BiometricHelper - No biometric credentials
05:30:00 [main] BlockchainServiceImpl - MEM pss=346MB nativeHeap=205/404MB jvm=18/576MB
05:30:00 [main] BlockchainServiceImpl - History of transactions/blocks/headers/mnlistdiff (sdk): 0/1/1/1, 0/1/1/1, 0/0/0/0, 0/0/0/0, 0/0/0/0
05:30:05 [DefaultDispatcher-worker-1] BlockchainServiceImpl - network capabilities changed: 100, hasInternet: true, validated: true
05:30:05 [DefaultDispatcher-worker-1] BlockchainServiceImpl - acquiring check() mutex
05:30:05 [DefaultDispatcher-worker-1] BlockchainServiceImpl - check()
05:30:05 [DefaultDispatcher-worker-1] BlockchainServiceImpl - cutover committed — holding the dashj L1 engine; SDK owns L1 this launch
05:30:05 [DefaultDispatcher-worker-1] BlockchainServiceImpl - releasing check() mutex
05:30:08 [DefaultDispatcher-worker-2] BlockchainServiceImpl - network capabilities changed: 100, hasInternet: true, validated: true
05:30:08 [DefaultDispatcher-worker-2] BlockchainServiceImpl - acquiring check() mutex
05:30:08 [DefaultDispatcher-worker-2] BlockchainServiceImpl - check()
05:30:08 [DefaultDispatcher-worker-2] BlockchainServiceImpl - cutover committed — holding the dashj L1 engine; SDK owns L1 this launch
05:30:08 [DefaultDispatcher-worker-2] BlockchainServiceImpl - releasing check() mutex
05:30:11 [DefaultDispatcher-worker-12] BlockchainServiceImpl - network capabilities changed: 100, hasInternet: true, validated: true
05:30:11 [DefaultDispatcher-worker-12] BlockchainServiceImpl - acquiring check() mutex
05:30:11 [DefaultDispatcher-worker-12] BlockchainServiceImpl - check()
05:30:11 [DefaultDispatcher-worker-12] BlockchainServiceImpl - cutover committed — holding the dashj L1 engine; SDK owns L1 this launch
05:30:11 [DefaultDispatcher-worker-12] BlockchainServiceImpl - releasing check() mutex
05:30:14 [DefaultDispatcher-worker-13] BlockchainServiceImpl - network capabilities changed: 100, hasInternet: true, validated: true
05:30:14 [DefaultDispatcher-worker-13] BlockchainServiceImpl - acquiring check() mutex
05:30:14 [DefaultDispatcher-worker-13] BlockchainServiceImpl - check()
05:30:14 [DefaultDispatcher-worker-13] BlockchainServiceImpl - cutover committed — holding the dashj L1 engine; SDK owns L1 this launch
05:30:14 [DefaultDispatcher-worker-13] BlockchainServiceImpl - releasing check() mutex
05:30:23 [DefaultDispatcher-worker-11] BlockchainServiceImpl - network capabilities changed: 100, hasInternet: true, validated: true
05:30:23 [DefaultDispatcher-worker-11] BlockchainServiceImpl - acquiring check() mutex
05:30:23 [DefaultDispatcher-worker-11] BlockchainServiceImpl - check()
05:30:23 [DefaultDispatcher-worker-11] BlockchainServiceImpl - cutover committed — holding the dashj L1 engine; SDK owns L1 this launch
05:30:23 [DefaultDispatcher-worker-11] BlockchainServiceImpl - releasing check() mutex
05:30:26 [DefaultDispatcher-worker-5] BlockchainServiceImpl - network capabilities changed: 100, hasInternet: true, validated: true
05:30:26 [DefaultDispatcher-worker-5] BlockchainServiceImpl - acquiring check() mutex
05:30:26 [DefaultDispatcher-worker-5] BlockchainServiceImpl - check()
05:30:26 [DefaultDispatcher-worker-5] BlockchainServiceImpl - cutover committed — holding the dashj L1 engine; SDK owns L1 this launch
05:30:26 [DefaultDispatcher-worker-5] BlockchainServiceImpl - releasing check() mutex
05:30:32 [DefaultDispatcher-worker-6] BlockchainServiceImpl - network capabilities changed: 100, hasInternet: true, validated: true
05:30:32 [DefaultDispatcher-worker-6] BlockchainServiceImpl - acquiring check() mutex
05:30:32 [DefaultDispatcher-worker-6] BlockchainServiceImpl - check()
05:30:32 [DefaultDispatcher-worker-6] BlockchainServiceImpl - cutover committed — holding the dashj L1 engine; SDK owns L1 this launch
05:30:32 [DefaultDispatcher-worker-6] BlockchainServiceImpl - releasing check() mutex
05:30:35 [DefaultDispatcher-worker-3] L1ShadowSyncService - L1Shadow phase=SYNCED 100.0% headers 2541278/2541278 filters 2541277/2541277 wallet 2541277
05:30:35 [DefaultDispatcher-worker-6] MainViewModel - blockchain state update: mnlist=2541277; chain=2541278; wallet=-1
05:30:35 [DefaultDispatcher-worker-8] BlockchainServiceImpl - network capabilities changed: 100, hasInternet: true, validated: true
05:30:35 [DefaultDispatcher-worker-8] BlockchainServiceImpl - acquiring check() mutex
05:30:35 [DefaultDispatcher-worker-8] BlockchainServiceImpl - check()
05:30:35 [DefaultDispatcher-worker-8] BlockchainServiceImpl - cutover committed — holding the dashj L1 engine; SDK owns L1 this launch
05:30:35 [DefaultDispatcher-worker-8] BlockchainServiceImpl - releasing check() mutex
05:30:36 [DefaultDispatcher-worker-6] L1ShadowSyncService - L1 engine chainlock height 2541277 -> 2541278
05:30:36 [DefaultDispatcher-worker-5] MainViewModel - blockchain state update: mnlist=2541277; chain=2541278; wallet=-1
05:30:36 [DefaultDispatcher-worker-4] MainViewModel - blockchain state update: mnlist=2541278; chain=2541278; wallet=-1
05:30:38 [DefaultDispatcher-worker-6] BlockchainServiceImpl - network capabilities changed: 100, hasInternet: true, validated: true
05:30:38 [DefaultDispatcher-worker-6] BlockchainServiceImpl - acquiring check() mutex
05:30:38 [DefaultDispatcher-worker-6] BlockchainServiceImpl - check()
05:30:38 [DefaultDispatcher-worker-6] BlockchainServiceImpl - cutover committed — holding the dashj L1 engine; SDK owns L1 this launch
05:30:38 [DefaultDispatcher-worker-6] BlockchainServiceImpl - releasing check() mutex
05:30:41 [DefaultDispatcher-worker-1] BlockchainServiceImpl - network capabilities changed: 100, hasInternet: true, validated: true
05:30:41 [DefaultDispatcher-worker-1] BlockchainServiceImpl - acquiring check() mutex
05:30:41 [DefaultDispatcher-worker-1] BlockchainServiceImpl - check()
05:30:41 [DefaultDispatcher-worker-1] BlockchainServiceImpl - cutover committed — holding the dashj L1 engine; SDK owns L1 this launch
05:30:41 [DefaultDispatcher-worker-1] BlockchainServiceImpl - releasing check() mutex
05:30:44 [DefaultDispatcher-worker-11] BlockchainServiceImpl - network capabilities changed: 100, hasInternet: true, validated: true
05:30:44 [DefaultDispatcher-worker-11] BlockchainServiceImpl - acquiring check() mutex
05:30:44 [DefaultDispatcher-worker-11] BlockchainServiceImpl - check()
05:30:44 [DefaultDispatcher-worker-11] BlockchainServiceImpl - cutover committed — holding the dashj L1 engine; SDK owns L1 this launch
05:30:44 [DefaultDispatcher-worker-11] BlockchainServiceImpl - releasing check() mutex
05:30:48 [main] BlockchainIdentityData - creation: BlockchainIdentityData(NONE, null, null, null, null, null)
05:30:48 [main] BlockchainIdentityData - creation: BlockchainIdentityData(NONE, null, null, null, null, null)
05:30:48 [main] BlockchainIdentityData - creation: BlockchainIdentityData(NONE, null, null, null, null, null)
05:30:56 [DefaultDispatcher-worker-3] BlockchainServiceImpl - network capabilities changed: 100, hasInternet: true, validated: true
05:30:56 [DefaultDispatcher-worker-3] BlockchainServiceImpl - acquiring check() mutex
05:30:56 [DefaultDispatcher-worker-3] BlockchainServiceImpl - check()
05:30:56 [DefaultDispatcher-worker-3] BlockchainServiceImpl - cutover committed — holding the dashj L1 engine; SDK owns L1 this launch
05:30:56 [DefaultDispatcher-worker-3] BlockchainServiceImpl - releasing check() mutex
05:30:59 [DefaultDispatcher-worker-4] BlockchainServiceImpl - network capabilities changed: 100, hasInternet: true, validated: true
05:30:59 [DefaultDispatcher-worker-4] BlockchainServiceImpl - acquiring check() mutex
05:30:59 [DefaultDispatcher-worker-4] BlockchainServiceImpl - check()
05:30:59 [DefaultDispatcher-worker-4] BlockchainServiceImpl - cutover committed — holding the dashj L1 engine; SDK owns L1 this launch
05:30:59 [DefaultDispatcher-worker-4] BlockchainServiceImpl - releasing check() mutex
05:31:00 [main] BlockchainServiceImpl - MEM pss=356MB nativeHeap=216/411MB jvm=20/576MB
05:31:00 [main] BlockchainServiceImpl - History of transactions/blocks/headers/mnlistdiff (sdk): 0/1/1/1, 0/1/1/1, 0/1/1/1, 0/0/0/0, 0/0/0/0, 0/0/0/0
05:31:02 [DefaultDispatcher-worker-11] BlockchainServiceImpl - network capabilities changed: 100, hasInternet: true, validated: true
05:31:02 [DefaultDispatcher-worker-11] BlockchainServiceImpl - acquiring check() mutex
05:31:02 [DefaultDispatcher-worker-11] BlockchainServiceImpl - check()
05:31:02 [DefaultDispatcher-worker-11] BlockchainServiceImpl - cutover committed — holding the dashj L1 engine; SDK owns L1 this launch
05:31:02 [DefaultDispatcher-worker-11] BlockchainServiceImpl - releasing check() mutex
05:31:02 [main] BiometricHelper - No biometric credentials
05:31:02 [main] BiometricHelper - No biometric credentials
05:31:02 [main] BiometricHelper - No biometric credentials
05:31:02 [main] BlockchainIdentityData - creation: BlockchainIdentityData(NONE, null, null, null, null, null)
05:31:02 [DefaultDispatcher-worker-5] Constants - --> GET https://rates.ctx.com/rates?source=ctx
05:31:02 [native-log-bridge] DashSdkNative - 09-19 00:30:35.867  4533  5133 I DashSDK : platform_wallet::changeset::core_bridge: wallet-event batch: folded=1 wallets=1 synced_height_persisted=Some(2541278) synced_height_frozen=None synced_height_rejected=None faulted=0
05:31:02 [native-log-bridge] DashSdkNative - 09-19 00:30:36.154  4533  5133 I DashSDK : platform_wallet::changeset::core_bridge: wallet-event batch: folded=1 wallets=1 synced_height_persisted=None synced_height_frozen=None synced_height_rejected=None faulted=0
05:31:03 [DefaultDispatcher-worker-5] Constants - <-- 200 https://rates.ctx.com/rates?source=ctx (229ms, unknown-length body)
05:31:03 [DefaultDispatcher-worker-2] ExchangeRatesRepository - exchange rates updated successfully with de.schildbach.wallet.rates.DashRetailClient@76dd850
05:31:03 [DefaultDispatcher-worker-2] ExchangeRatesRepository - updateTrigger
05:31:05 [DefaultDispatcher-worker-7] BlockchainServiceImpl - network capabilities changed: 100, hasInternet: true, validated: true
05:31:05 [DefaultDispatcher-worker-7] BlockchainServiceImpl - acquiring check() mutex
05:31:05 [DefaultDispatcher-worker-7] BlockchainServiceImpl - check()
05:31:05 [DefaultDispatcher-worker-7] BlockchainServiceImpl - cutover committed — holding the dashj L1 engine; SDK owns L1 this launch
05:31:05 [DefaultDispatcher-worker-7] BlockchainServiceImpl - releasing check() mutex
05:31:08 [DefaultDispatcher-worker-6] BlockchainServiceImpl - network capabilities changed: 100, hasInternet: true, validated: true
05:31:08 [DefaultDispatcher-worker-6] BlockchainServiceImpl - acquiring check() mutex
05:31:08 [DefaultDispatcher-worker-6] BlockchainServiceImpl - check()
05:31:08 [DefaultDispatcher-worker-6] BlockchainServiceImpl - cutover committed — holding the dashj L1 engine; SDK owns L1 this launch
05:31:08 [DefaultDispatcher-worker-6] BlockchainServiceImpl - releasing check() mutex
05:31:14 [DefaultDispatcher-worker-3] BlockchainServiceImpl - network capabilities changed: 100, hasInternet: true, validated: true
05:31:14 [DefaultDispatcher-worker-3] BlockchainServiceImpl - acquiring check() mutex
05:31:14 [DefaultDispatcher-worker-3] BlockchainServiceImpl - check()
05:31:14 [DefaultDispatcher-worker-3] BlockchainServiceImpl - cutover committed — holding the dashj L1 engine; SDK owns L1 this launch
05:31:14 [DefaultDispatcher-worker-3] BlockchainServiceImpl - releasing check() mutex
05:31:17 [DefaultDispatcher-worker-13] BlockchainServiceImpl - network capabilities changed: 100, hasInternet: true, validated: true
05:31:17 [DefaultDispatcher-worker-13] BlockchainServiceImpl - acquiring check() mutex
05:31:17 [DefaultDispatcher-worker-13] BlockchainServiceImpl - check()
05:31:17 [DefaultDispatcher-worker-13] BlockchainServiceImpl - cutover committed — holding the dashj L1 engine; SDK owns L1 this launch
05:31:17 [DefaultDispatcher-worker-13] BlockchainServiceImpl - releasing check() mutex
05:31:20 [DefaultDispatcher-worker-10] BlockchainServiceImpl - network capabilities changed: 100, hasInternet: true, validated: true
05:31:20 [DefaultDispatcher-worker-10] BlockchainServiceImpl - acquiring check() mutex
05:31:20 [DefaultDispatcher-worker-10] BlockchainServiceImpl - check()
05:31:20 [DefaultDispatcher-worker-10] BlockchainServiceImpl - cutover committed — holding the dashj L1 engine; SDK owns L1 this launch
05:31:20 [DefaultDispatcher-worker-10] BlockchainServiceImpl - releasing check() mutex
05:31:31 [main] WalletApplication - Removing all the data and restarting the app.
05:31:31 [main] AppRestartService - perform restart on application context: true
05:31:31 [main] BlockchainServiceImpl - .onDestroy()
05:31:31 [main] BlockchainServiceImpl - receivers unregistered, Now starting coroutine to finish the rest of the cleanup
05:31:31 [main] BlockchainServiceImpl - service was up for 7 minutes
05:31:31 [DefaultDispatcher-worker-8] BlockchainServiceImpl - The onCreateCompleted is active: false
05:31:31 [DefaultDispatcher-worker-8] BlockchainServiceImpl - The check() mutex is locked: false
05:31:31 [DefaultDispatcher-worker-8] BlockchainServiceImpl - Created new cleanupDeferred for coordination (previous was null)
05:31:31 [DefaultDispatcher-worker-8] BlockchainServiceImpl - detaching from wallet
05:31:31 [DefaultDispatcher-worker-8] WalletApplication - last used 7 minutes ago, rescheduling blockchain sync in roughly 15 minutes
05:31:31 [main] WalletActivityTracker - activity lifecycle: current: MainActivity, activities: 1 visible: 1 foreground: 0
05:31:31 [DefaultDispatcher-worker-8] WalletApplication - ALARM-DIAG armed reason=periodic-15min firstFireInMinutes=15 repeat=1440min exact=false batteryOptimisationExempt=true - if no matching 'started by alarm' line follows, the background FGS start was refused
05:31:31 [main] BlockchainServiceImpl - .onCreate()
05:31:31 [main] DashPaymentIntentParser - network parameters = org.darkcoin.production
05:31:31 [DefaultDispatcher-worker-8] BlockchainServiceImpl - stop monitoring 0 old transactions
05:31:31 [main] BlockchainServiceImpl - start foreground service
05:31:31 [DefaultDispatcher-worker-7] BlockchainServiceImpl - onCreate() serviceScope waiting for cleanup true
05:31:31 [main] BlockchainServiceImpl - .onStartCommand(Intent { act=de.schildbach.wallet.service.wipe_wallet cmp=hashengineering.darkcoin.wallet/de.schildbach.wallet.service.BlockchainServiceImpl })
05:31:31 [DefaultDispatcher-worker-2] BlockchainServiceImpl - onStartCommand waiting for onCreate to complete...
05:31:31 [DefaultDispatcher-worker-2] L1ShadowSyncService - L1Shadow parity probe loop cancelled (StandaloneCoroutine was cancelled)
05:31:31 [DefaultDispatcher-worker-7] L1ShadowSyncService - L1Shadow progress monitor cancelled (StandaloneCoroutine was cancelled)
05:31:31 [DefaultDispatcher-worker-2] L1ShadowSyncService - L1Shadow probe watchdog cancelled (StandaloneCoroutine was cancelled)
05:31:31 [DefaultDispatcher-worker-7] L1ShadowSyncService - L1Shadow wallet-event tap cancelled (StandaloneCoroutine was cancelled)
05:31:31 [main] WalletActivityTracker - activity lifecycle: activity OnboardingActivity created
05:31:31 [main] WalletActivityTracker - activity lifecycle: current: OnboardingActivity, activities: 2 visible: 1 foreground: 0
05:31:31 [main] OnboardingActivity - reset in progress — holding onboarding until the wipe finishes
05:31:31 [main] WalletActivityTracker - activity lifecycle: current: OnboardingActivity, activities: 2 visible: 2 foreground: 0
05:31:31 [main] WalletActivityTracker - activity lifecycle: current: OnboardingActivity, activities: 2 visible: 2 foreground: 1
05:31:31 [DefaultDispatcher-worker-8] L1ShadowSyncService - L1ShadowLifecycle watermark at stop: durable syncedHeight 2541278 covers the committed cursor 2541278 (filter 2541278)
05:31:31 [DefaultDispatcher-worker-8] L1ShadowSyncService - L1ShadowLifecycle STOPPED after 7m20s up; all four loops torn down (progress monitor, parity probe, watchdog, wallet-event tap); teardown #1 this process. Nothing runs until the next startIfEnabled().
05:31:31 [DefaultDispatcher-worker-8] BlockchainServiceImpl - CLEANUP STEP 5: About to stop peerConnectivityListener
05:31:31 [DefaultDispatcher-worker-8] BlockchainServiceImpl - CLEANUP STEP 5: peerConnectivityListener stopped
05:31:31 [DefaultDispatcher-worker-8] BlockchainServiceImpl - CLEANUP STEP 6: delayHandler callbacks cleared
05:31:31 [DefaultDispatcher-worker-8] BlockchainServiceImpl - closing blockchain stores
05:31:31 [DefaultDispatcher-worker-8] BLSJniLibrary - Initializing BLS JNI Library
05:31:31 [DefaultDispatcher-worker-8] CoinJoinExtension - CoinJoinExtension serialization: 0ms total (keys:0ms[8], cache:0ms[0], salt:0ms, io:0ms, size:1431bytes, buffer:64KB)
05:31:31 [DefaultDispatcher-worker-8] WalletProtobufSerializer - walletToProto (serial=8) timing: 12ms total, init=0ms, tx=0ms[0], keys=0ms, scripts=0ms[0], metadata=0ms, ext=11ms, friendRecv=0ms, friendSend=0ms, build=0ms
05:31:31 [DefaultDispatcher-worker-8] WalletProtobufSerializer - writeWallet timing: 11ms total (11ms/100% serialization, 0ms/0% I/O) buffer=8KB
05:31:31 [DefaultDispatcher-worker-8] WalletApplication - wallet saved to: '/data/user/0/hashengineering.darkcoin.wallet/files/wallet-protobuf', took 18.55 ms
05:31:31 [DefaultDispatcher-worker-8] BlockchainServiceImpl - closing bootstrap streams
05:31:31 [DefaultDispatcher-worker-8] BlockchainServiceImpl - serviceJob cancelled after 7 minutes
05:31:31 [DefaultDispatcher-worker-8] BLSJniLibrary - Initializing BLS JNI Library
05:31:31 [DefaultDispatcher-worker-8] BlockchainServiceImpl - Phase 5d cutover gate: dashjEngineMayStart=false (coordinatorAllowsDashj=false, dashjHeldByCutover=true, dashjSyncDiagnostic=false)
05:31:31 [DefaultDispatcher-worker-8] BlockchainServiceImpl - verifying backupBlockStore
05:31:31 [DefaultDispatcher-worker-8] BlockchainServiceImpl - verifying headerStore
05:31:31 [main] WalletActivityTracker - activity lifecycle: current: MainActivity, activities: 2 visible: 1 foreground: 1
05:31:31 [main] WalletActivityTracker - activity lifecycle: activity MainActivity destroyed
05:31:31 [main] WalletActivityTracker - activity lifecycle: current: MainActivity, activities: 1 visible: 1 foreground: 1
05:31:31 [pool-53-thread-1] BlockchainServiceImpl - verify blockstore: 380.6 μs, null loaded
05:31:31 [DefaultDispatcher-worker-8] BlockchainServiceImpl - verifying blockStore
05:31:31 [pool-53-thread-1] BlockchainServiceImpl - verify blockstore: 349.3 μs, null loaded
05:31:31 [DefaultDispatcher-worker-8] BlockchainServiceImpl - blockstore files verified: true, true
05:31:31 [DefaultDispatcher-worker-8] BLSJniLibrary - Initializing BLS JNI Library
05:31:31 [DefaultDispatcher-worker-8] AbstractBlockChain - chain head is at height 2408832:
 block: 
   hash: 000000000000001d48fec4e90fe93780f3128d77745ecb1468a14531c53d4737
   version: 536870912 (0x20000000) (BIP34, BIP66, BIP65)
   previous block: 000000000000002a1ab581f99a79e79f02e8024b6fca6f680e4dc2bcfe3dc063
   merkle root: f161306eabcc7c786a20738041e326718f94677260c9e8d062688a8fd24508d4
   time: 1768919857 (2026-01-20T14:37:37Z)
   difficulty target (nBits): 422562999
   nonce: 3317596855

05:31:31 [DefaultDispatcher-worker-8] AbstractBlockChain - chain head is at height 2408832:
 block: 
   hash: 000000000000001d48fec4e90fe93780f3128d77745ecb1468a14531c53d4737
   version: 536870912 (0x20000000) (BIP34, BIP66, BIP65)
   previous block: 000000000000002a1ab581f99a79e79f02e8024b6fca6f680e4dc2bcfe3dc063
   merkle root: f161306eabcc7c786a20738041e326718f94677260c9e8d062688a8fd24508d4
   time: 1768919857 (2026-01-20T14:37:37Z)
   difficulty target (nBits): 422562999
   nonce: 3317596855

05:31:31 [main] SecurityGuard - loading security guard [healthy=true] with keys: [keystore_healthy, fallback_pin_wallet_password_key, primary_ui_pin_key, modern_encryption_migration_complete, fallback_mnemonic_wallet_password_key, primary_wallet_password_key, fallback_mnemonic_ui_pin_key]
05:31:31 [main] BlockchainServiceImpl - network callback registered with NetworkRequest: de.schildbach.wallet.service.BlockchainServiceImpl$NetworkCallbackImpl@6b61725
05:31:31 [DefaultDispatcher-worker-4] BlockchainServiceImpl - monitoring 0 old transactions
05:31:31 [main] BlockchainServiceImpl - receiver register: tickReceiver, de.schildbach.wallet.service.BlockchainServiceImpl$tickReceiver$1@de1d6ab
05:31:31 [DefaultDispatcher-worker-4] BlockchainServiceImpl - network capabilities changed: 100, hasInternet: true, validated: true
05:31:31 [DefaultDispatcher-worker-5] BlockchainServiceImpl - network available: 100, hasInternet: true, validated: true, type: WiFi
05:31:31 [DefaultDispatcher-worker-8] BlockchainServiceImpl - cutover committed — Platform quorum lookups wired to the SDK-sourced quorum list
05:31:31 [DefaultDispatcher-worker-8] StartupBreadcrumbs - STARTUP breadcrumb: 20 SDK_BIND_KICKED +659219ms
05:31:31 [DefaultDispatcher-worker-8] BlockchainServiceImpl - .onCreate() finished
05:31:31 [DefaultDispatcher-worker-8] BlockchainServiceImpl - acquiring check() mutex
05:31:31 [DefaultDispatcher-worker-8] BlockchainServiceImpl - check()
05:31:31 [DefaultDispatcher-worker-8] BlockchainServiceImpl - cutover committed — holding the dashj L1 engine; SDK owns L1 this launch
05:31:31 [DefaultDispatcher-worker-8] BlockchainServiceImpl - releasing check() mutex
05:31:31 [DefaultDispatcher-worker-8] BlockchainServiceImpl - onCreate completed, processing onStartCommand
05:31:31 [DefaultDispatcher-worker-8] BLSJniLibrary - Initializing BLS JNI Library
05:31:31 [DefaultDispatcher-worker-8] BlockchainServiceImpl - service start command: Intent { act=de.schildbach.wallet.service.wipe_wallet cmp=hashengineering.darkcoin.wallet/de.schildbach.wallet.service.BlockchainServiceImpl }
05:31:31 [DefaultDispatcher-worker-3] SdkWalletBinder - SDK wallet bound; identity not yet registered — discovery deferred
05:31:31 [main] BlockchainServiceImpl - cutover committed and SDK L1 scan synced — triggering identity/contacts discovery
05:31:31 [DefaultDispatcher-worker-10] BlockchainServiceImpl - acquiring check() mutex
05:31:31 [DefaultDispatcher-worker-10] BlockchainServiceImpl - check()
05:31:31 [DefaultDispatcher-worker-10] BlockchainServiceImpl - cutover committed — holding the dashj L1 engine; SDK owns L1 this launch
05:31:31 [DefaultDispatcher-worker-10] BlockchainServiceImpl - releasing check() mutex
05:31:31 [DefaultDispatcher-worker-14] BlockchainServiceImpl - acquiring check() mutex
05:31:31 [DefaultDispatcher-worker-14] BlockchainServiceImpl - check()
05:31:31 [DefaultDispatcher-worker-14] BlockchainServiceImpl - cutover committed — holding the dashj L1 engine; SDK owns L1 this launch
05:31:31 [DefaultDispatcher-worker-14] BlockchainServiceImpl - releasing check() mutex
05:31:31 [DefaultDispatcher-worker-14] StartupBreadcrumbs - STARTUP breadcrumb: 21 SDK_L1_ENGINE_STARTING +659221ms
05:31:31 [DefaultDispatcher-worker-8] BlockchainServiceImpl - will remove blockchain and delete walletFile on service shutdown
05:31:31 [DefaultDispatcher-worker-5] BlockchainIdentityData - creation: BlockchainIdentityData(NONE, null, null, null, null, null)
05:31:31 [DefaultDispatcher-worker-5] PlatformSynchronizationService - discoverAndRecoverIdentity: discovery already in flight, skipping
05:31:31 [DefaultDispatcher-worker-5] BlockchainServiceImpl - post-cutover identity discovery found nothing and the wallet has no identity — re-arming; next attempt no sooner than 120000 ms from now
05:31:31 [DefaultDispatcher-worker-8] BlockchainServiceImpl - .onStartCommand(Intent { act=de.schildbach.wallet.service.wipe_wallet cmp=hashengineering.darkcoin.wallet/de.schildbach.wallet.service.BlockchainServiceImpl }) finished
05:31:31 [main] BlockchainServiceImpl - .onDestroy()
05:31:31 [main] BlockchainServiceImpl - receivers unregistered, Now starting coroutine to finish the rest of the cleanup
05:31:31 [main] BlockchainServiceImpl - service was up for 0 minutes
05:31:31 [DefaultDispatcher-worker-8] PlatformSynchronizationService - TxMetadata settings: saveToNetwork=false frequency=afterTenTransactions saveAfter=9223372036854775807 paymentCategory=false taxCategory=false exchangeRates=false memos=false giftCards=false storedDocuments=0
05:31:31 [DefaultDispatcher-worker-3] BlockchainServiceImpl - The onCreateCompleted is active: false
05:31:31 [DefaultDispatcher-worker-3] BlockchainServiceImpl - The check() mutex is locked: false
05:31:31 [DefaultDispatcher-worker-3] BlockchainServiceImpl - Created new cleanupDeferred for coordination (previous was completed)
05:31:31 [DefaultDispatcher-worker-3] BlockchainServiceImpl - detaching from wallet
05:31:31 [DefaultDispatcher-worker-3] WalletApplication - last used 7 minutes ago, rescheduling blockchain sync in roughly 15 minutes
05:31:31 [DefaultDispatcher-worker-3] WalletApplication - ALARM-DIAG armed reason=periodic-15min firstFireInMinutes=15 repeat=1440min exact=false batteryOptimisationExempt=true - if no matching 'started by alarm' line follows, the background FGS start was refused
05:31:31 [DefaultDispatcher-worker-3] BlockchainServiceImpl - stop monitoring 0 old transactions
05:31:32 [DefaultDispatcher-worker-4] L1ShadowSyncService - DashPay bring-up before SPV: status=NO_IDENTITY discovery=1 dashPaySyncRan=false drained=0 pending=0 elapsedMs=498
05:31:32 [DefaultDispatcher-worker-4] L1ShadowSyncService - L1ShadowLifecycle RESUMING after 0s down (teardown #1 this process); the progress feed and every consumer of it were silent for that whole span
05:31:32 [DefaultDispatcher-worker-4] L1ShadowSyncService - L1 shadow SPV started for SDK wallet ee230719… (dataDir=/data/user/0/hashengineering.darkcoin.wallet/files/l1_shadow_spv/mainnet, default peer discovery); debug-only instrumentation — two SPV engines are now running
05:31:32 [DefaultDispatcher-worker-3] L1ShadowSyncService - L1Shadow phase=IDLE 0.0% headers 0/0 filters 0/0 wallet 2541278
05:31:32 [DefaultDispatcher-worker-4] StartupBreadcrumbs - STARTUP breadcrumb: 22 SDK_L1_ENGINE_STARTED +659881ms
05:31:32 [DefaultDispatcher-worker-4] StartupBreadcrumbs - STARTUP breadcrumb: 23 CUTOVER_SERVICES_STARTED +659881ms
05:31:32 [DefaultDispatcher-worker-10] L1ShadowSyncService - L1Parity probing suspended: the cutover is committed and the dashj engine is held, so its balance is frozen at the cutover snapshot — any comparison against it is a guaranteed MISMATCH that measures nothing. Turn on the Tools 'dashj sync (diagnostic)' toggle to un-hold dashj and resume probing.
05:31:32 [DefaultDispatcher-worker-3] L1ShadowSyncService - ReplayMemTelemetry phase=IDLE nativeHeapAllocated=323989664 nativeHeapSize=461901824 jvmUsed=22440176 jvmMax=603979776 headers 0/0 filters 0 wallet 2541278
05:31:32 [DefaultDispatcher-worker-14] L1ShadowSyncService - L1Shadow progress monitor cancelled (StandaloneCoroutine was cancelled)
05:31:32 [DefaultDispatcher-worker-13] L1ShadowSyncService - L1Shadow parity probe loop cancelled (StandaloneCoroutine was cancelled)
05:31:32 [DefaultDispatcher-worker-6] L1ShadowSyncService - L1Shadow probe watchdog cancelled (StandaloneCoroutine was cancelled)
05:31:32 [DefaultDispatcher-worker-6] L1ShadowSyncService - L1Shadow wallet-event tap cancelled (StandaloneCoroutine was cancelled)
05:31:32 [DefaultDispatcher-worker-4] ShieldedBalanceServiceImpl - shielded runtime ready on SDK wallet ee230719… (account 0, sync loop running)
05:31:32 [DefaultDispatcher-worker-1] L1ShadowSyncService - L1ShadowLifecycle watermark at stop: durable syncedHeight 2541278 covers the committed cursor 2541278 (filter 0)
05:31:32 [DefaultDispatcher-worker-1] L1ShadowSyncService - L1ShadowLifecycle STOPPED after 0s up; all four loops torn down (progress monitor, parity probe, watchdog, wallet-event tap); teardown #2 this process. Nothing runs until the next startIfEnabled().
05:31:33 [DefaultDispatcher-worker-1] BlockchainServiceImpl - CLEANUP STEP 5: About to stop peerConnectivityListener
05:31:33 [DefaultDispatcher-worker-1] BlockchainServiceImpl - CLEANUP STEP 5: peerConnectivityListener stopped
05:31:33 [DefaultDispatcher-worker-1] BlockchainServiceImpl - CLEANUP STEP 6: delayHandler callbacks cleared
05:31:33 [DefaultDispatcher-worker-1] BlockchainServiceImpl - closing blockchain stores
05:31:33 [DefaultDispatcher-worker-1] BlockchainServiceImpl - removing blockchain
05:31:33 [DefaultDispatcher-worker-1] AbstractQuorumState - resetting masternode list; force: true, requestFreshList: false
05:31:33 [DefaultDispatcher-worker-1] AbstractQuorumState - resetting masternode list; force: true, requestFreshList: false
05:31:33 [DefaultDispatcher-worker-1] BlockchainServiceImpl - removing wallet file and app data
05:31:33 [main] WalletApplication - removing wallet from memory during wipe
05:31:33 [DefaultDispatcher-worker-1] WalletObserver - observing transactions stop: de.schildbach.wallet.transactions.WalletObserver@b667a83
05:31:33 [DefaultDispatcher-worker-11] WalletApplication - last used 7 minutes ago, rescheduling blockchain sync in roughly 15 minutes
05:31:33 [DefaultDispatcher-worker-1] WalletObserver - Error setting up transaction observation
kotlinx.coroutines.flow.internal.ChildCancelledException: Child of the scoped flow was cancelled
05:31:33 [DefaultDispatcher-worker-11] WalletApplication - ALARM-DIAG armed reason=periodic-15min firstFireInMinutes=15 repeat=1440min exact=false batteryOptimisationExempt=true - if no matching 'started by alarm' line follows, the background FGS start was refused
05:31:33 [DefaultDispatcher-worker-1] SdkBlockchainStateService - cutover rolled back — clearing SDK-derived BlockchainState
05:31:33 [DefaultDispatcher-worker-11] WalletApplication - datastore preferences cleared; api-cleared: [platform-identity.preferences_pb, crowdnode.preferences_pb, security_backup.preferences_pb, explore.preferences_pb, dashpay.preferences_pb, maya.preferences_pb, blockchain_service.preferences_pb, wallet_ui.preferences_pb, uphold.preferences_pb, exchange_rates_config.preferences_pb, coinbase.preferences_pb], file-deleted: [org.dashfoundation.wallet.secrets.preferences_pb]
05:31:33 [DefaultDispatcher-worker-11] CrowdNodeApiAggregator - reset is triggered
05:31:33 [DefaultDispatcher-worker-15] MayaApiAggregator - reset is triggered
05:31:33 [DefaultDispatcher-worker-11] SecurityGuard - loading security guard [healthy=true] with keys: [keystore_healthy, fallback_pin_wallet_password_key, primary_ui_pin_key, modern_encryption_migration_complete, fallback_mnemonic_wallet_password_key, primary_wallet_password_key, fallback_mnemonic_ui_pin_key]
05:31:33 [DefaultDispatcher-worker-11] SecurityGuard - removing security keys
05:31:33 [DefaultDispatcher-worker-11] ModernEncryptionProvider - deleting ui_pin_key
05:31:33 [DefaultDispatcher-worker-11] ModernEncryptionProvider - deleting wallet_password_key
05:31:33 [main] SecurityGuard - Notifying 5 health listeners of status change: HEALTHY
05:31:33 [main] SecurityGuard - Notifying 5 health listeners of status change: HEALTHY
05:31:33 [main] SecurityGuard - Notifying 5 health listeners of status change: HEALTHY
05:31:33 [main] SecurityGuard - Notifying 5 health listeners of status change: HEALTHY
05:31:33 [main] SecurityGuard - Notifying 5 health listeners of status change: HEALTHY
05:31:33 [DefaultDispatcher-worker-11] SecurityGuard - Cleared DataStore backups
05:31:33 [DefaultDispatcher-worker-11] PlatformSynchronizationService - stopping the platform sync machinery for a wallet reset/rescan
05:31:33 [DefaultDispatcher-worker-11] PlatformSynchronizationService - identity-discovery guard released (wallet reset/rescan) — a later discovery may run again
05:31:33 [DefaultDispatcher-worker-11] PlatformSynchronizationService - platform sync machinery stopped
05:31:33 [DefaultDispatcher-worker-2] L1ShadowSyncService - wallet-wipe SDK cleanup for wallet ee230719: stopping shadow + shielded sync, removing the SDK wallet (full cascade), deleting the SPV dataDir, clearing the binder latch — NO rebind (the next wallet setup binds fresh). SDK-side state only; dashj is untouched
05:31:33 [DefaultDispatcher-worker-2] DashSdkServiceImpl - removing SDK wallet ee230719… — full persistence cascade (Room wallet/identity/TXO/address/shielded rows, Keystore-backed identity keys and mnemonic, native wallet handle); dashj state is untouched and the next bind re-creates the same deterministic wallet id from the app seed
05:31:33 [DefaultDispatcher-worker-2] DashSdkServiceImpl - SDK wallet ee230719… removed
05:31:33 [DefaultDispatcher-worker-2] L1ShadowSyncService - L1 shadow hard reset: deleted SPV dataDir /data/user/0/hashengineering.darkcoin.wallet/files/l1_shadow_spv/mainnet (17 files) — header store and scan watermark gone; the restart re-scans from the wallet's birth height
05:31:33 [DefaultDispatcher-worker-2] SdkWalletBinder - binder state reset for SDK wallet re-creation: bound wallet id and success latch cleared — the next binding trigger runs a full bind + discovery pass
05:31:33 [DefaultDispatcher-worker-2] L1ShadowSyncService - wallet-wipe SDK cleanup complete for wallet ee230719: the next wallet binds fresh
05:31:33 [DefaultDispatcher-worker-2] IdentityRepository - clearing databases (includeInvitations = true)
05:31:33 [DefaultDispatcher-worker-11] BlockchainIdentityConfig - clearing data
05:31:33 [DefaultDispatcher-worker-14] DashPayConfig - debug SDK flag seeding: seeded ON = [use_kotlin_sdk_dpns_reads, use_kotlin_sdk_dashpay_writes, use_kotlin_sdk_shielded, use_kotlin_sdk_l1_invite, use_kotlin_sdk_l1_shadow], already set (skipped) = []
05:31:33 [DefaultDispatcher-worker-14] WalletApplicationExt - databases cleared (isWalletWipe = true)
05:31:33 [main] OnboardingActivity - reset finished — re-running the onboarding routing
05:31:33 [DefaultDispatcher-worker-14] BlockchainServiceImpl - closing bootstrap streams
05:31:33 [DefaultDispatcher-worker-14] BlockchainServiceImpl - serviceJob cancelled after 0 minutes
05:31:33 [main] WalletActivityTracker - activity lifecycle: current: OnboardingActivity, activities: 1 visible: 1 foreground: 0
05:31:33 [main] WalletActivityTracker - activity lifecycle: OnboardingActivity stopped for a configuration change — not treating it as background
05:31:33 [main] WalletActivityTracker - activity lifecycle: current: OnboardingActivity, activities: 1 visible: 0 foreground: 0
05:31:33 [main] WalletActivityTracker - activity lifecycle: activity OnboardingActivity destroyed
05:31:33 [main] WalletActivityTracker - activity lifecycle: current: OnboardingActivity, activities: 0 visible: 0 foreground: 0
05:31:33 [main] WalletActivityTracker - activity lifecycle: app closed
05:31:33 [main] WalletActivityTracker - activity lifecycle: app started
05:31:33 [main] WalletActivityTracker - activity lifecycle: activity OnboardingActivity created
05:31:33 [main] WalletActivityTracker - activity lifecycle: current: OnboardingActivity, activities: 1 visible: 0 foreground: 0
05:31:33 [main] WalletActivityTracker - activity lifecycle: current: OnboardingActivity, activities: 1 visible: 1 foreground: 0
05:31:33 [main] WalletActivityTracker - activity lifecycle: current: OnboardingActivity, activities: 1 visible: 1 foreground: 1
05:31:39 [DefaultDispatcher-worker-9] PlatformSynchronizationService - discoverAndRecoverIdentity: no existing identity found
05:31:39 [DefaultDispatcher-worker-9] BlockchainServiceImpl - post-cutover identity discovery/recovery failed
kotlinx.coroutines.JobCancellationException: Job was cancelled
05:31:39 [DefaultDispatcher-worker-12] PlatformSynchronizationService - TxMetadata settings: saveToNetwork=false frequency=afterTenTransactions saveAfter=9223372036854775807 paymentCategory=false taxCategory=false exchangeRates=false memos=false giftCards=false storedDocuments=0
05:31:51 [main] WalletActivityTracker - activity lifecycle: current: OnboardingActivity, activities: 1 visible: 1 foreground: 0
05:31:51 [main] WalletActivityTracker - activity lifecycle: activity RestoreWalletFromSeedActivity created
05:31:51 [main] WalletActivityTracker - activity lifecycle: current: RestoreWalletFromSeedActivity, activities: 2 visible: 1 foreground: 0
05:31:51 [main] SecurityGuard - loading security guard [healthy=true] with keys: [keystore_healthy, modern_encryption_migration_complete]
05:31:51 [main] WalletActivityTracker - activity lifecycle: current: RestoreWalletFromSeedActivity, activities: 2 visible: 2 foreground: 0
05:31:51 [main] WalletActivityTracker - activity lifecycle: current: RestoreWalletFromSeedActivity, activities: 2 visible: 2 foreground: 1
05:31:51 [main] WalletActivityTracker - activity lifecycle: current: OnboardingActivity, activities: 2 visible: 1 foreground: 1
05:32:27 [main] BiometricHelper - No biometric credentials
05:32:27 [main] LockScreenActivity - fingerprint was disabled
05:32:27 [main] LockScreenActivity - LockState = ENTER_PIN
05:32:38 [DefaultDispatcher-worker-7] MnemonicCode - PBKDF2 took 4.408 ms
05:32:38 [DefaultDispatcher-worker-3] BLSJniLibrary - Initializing BLS JNI Library
05:32:38 [DefaultDispatcher-worker-3] TxDisplayCacheService - rebuildWrappedList: 0 raw txs → 0 wrappers → 0 sorted | getTransactions=0ms wrapAll=0ms sort=0ms total=0ms
05:32:38 [DefaultDispatcher-worker-3] TxDisplayCacheService - updateDisplayCache: 0 rows in 1ms
05:32:38 [DefaultDispatcher-worker-3] TxDisplayCacheService - STARTUP rebuildWrappedList DONE (_transactionsLoaded=true) at 1789795958046
05:32:38 [DefaultDispatcher-worker-3] WalletObserver - observing transactions start de.schildbach.wallet.transactions.WalletObserver@fe15cf1
05:32:38 [DefaultDispatcher-worker-3] BLSJniLibrary - Initializing BLS JNI Library
05:32:38 [dashj user thread] BLSJniLibrary - Initializing BLS JNI Library
05:32:38 [DefaultDispatcher-worker-7] AnyKeyChainGroup - Activating a new HD chain: AuthenticationKeyChain{BLOCKCHAIN_IDENTITY, ECDSA, P2PKH, accountPath=[9H, 5H, 5H, 0H, 0H, 0H], lookaheadSize=0, lookaheadThreshold=0}
05:32:38 [DefaultDispatcher-worker-7] AnyKeyChainGroup - Activating a new HD chain: AuthenticationKeyChain{BLOCKCHAIN_IDENTITY_FUNDING, ECDSA, P2PKH, accountPath=[9H, 5H, 5H, 1H], lookaheadSize=5, lookaheadThreshold=5}
05:32:38 [DefaultDispatcher-worker-7] AnyKeyChainGroup - Activating a new HD chain: AuthenticationKeyChain{MASTERNODE_OWNER, ECDSA, P2PKH, accountPath=[9H, 5H, 3H, 2H], lookaheadSize=5, lookaheadThreshold=5}
05:32:38 [DefaultDispatcher-worker-7] AnyKeyChainGroup - Activating a new HD chain: AuthenticationKeyChain{MASTERNODE_OPERATOR, BLS, P2PKH, accountPath=[9H, 5H, 3H, 3H], lookaheadSize=5, lookaheadThreshold=5}
05:32:38 [DefaultDispatcher-worker-7] AnyKeyChainGroup - Activating a new HD chain: AuthenticationKeyChain{MASTERNODE_VOTING, ECDSA, P2PKH, accountPath=[9H, 5H, 3H, 1H], lookaheadSize=5, lookaheadThreshold=5}
05:32:38 [DefaultDispatcher-worker-7] AnyKeyChainGroup - Activating a new HD chain: AuthenticationKeyChain{BLOCKCHAIN_IDENTITY_TOPUP, ECDSA, P2PKH, accountPath=[9H, 5H, 5H, 2H], lookaheadSize=5, lookaheadThreshold=5}
05:32:38 [DefaultDispatcher-worker-7] AnyKeyChainGroup - Activating a new HD chain: AuthenticationKeyChain{INVITATION_FUNDING, ECDSA, P2PKH, accountPath=[9H, 5H, 5H, 3H], lookaheadSize=5, lookaheadThreshold=5}
05:32:38 [DefaultDispatcher-worker-7] AnyKeyChainGroup - Activating a new HD chain: AuthenticationKeyChain{MASTERNODE_PLATFORM_OPERATOR, EdDSA, P2PKH, accountPath=[9H, 5H, 3H, 4H], lookaheadSize=0, lookaheadThreshold=0}
05:32:38 [DefaultDispatcher-worker-7] AnyKeyChainGroup - Activating a new HD chain: AnyDeterministicKeyChain{ECDSA, P2PKH, accountPath=[9H, 5H, 4H, 0H], lookaheadSize=100, lookaheadThreshold=33}
05:32:38 [DefaultDispatcher-worker-7] RestoreWalletFromSeedViewModel - successfully restored wallet from seed
05:32:38 [main] WalletActivityTracker - activity lifecycle: current: RestoreWalletFromSeedActivity, activities: 2 visible: 1 foreground: 0
05:32:38 [main] WalletActivityTracker - activity lifecycle: activity SetPinActivity created
05:32:38 [main] WalletActivityTracker - activity lifecycle: current: SetPinActivity, activities: 3 visible: 1 foreground: 0
05:32:38 [DefaultDispatcher-worker-2] CutoverUiDataService - cutover committed — serving home-screen data from the SDK
05:32:38 [DefaultDispatcher-worker-10] SdkBlockchainStateService - cutover committed — deriving BlockchainState from the SDK SPV feed
05:32:38 [DefaultDispatcher-worker-2] CutoverUiDataService - cutover UI pipelines waiting for a SINGLE bound SDK wallet (none, or more than one loaded — post-reset orphan not pruned yet, or a failed bind pending retry?); retrying every 5000ms
05:32:38 [DefaultDispatcher-worker-5] CutoverTxSeamService - cutover committed — priming the SDK seam tx feed
05:32:38 [DefaultDispatcher-worker-6] CutoverCoordinator - cutover state DUAL_RUNNING -> CUT_OVER (fresh-wallet setup (restore/new))
05:32:38 [main] SecurityGuard - loading security guard [healthy=true] with keys: [keystore_healthy, modern_encryption_migration_complete]
05:32:38 [main] SecurityGuard - loading security guard [healthy=true] with keys: [keystore_healthy, modern_encryption_migration_complete]
05:32:38 [main] WalletActivityTracker - activity lifecycle: current: SetPinActivity, activities: 3 visible: 2 foreground: 0
05:32:38 [main] WalletActivityTracker - activity lifecycle: current: SetPinActivity, activities: 3 visible: 2 foreground: 1
05:32:38 [main] WalletActivityTracker - activity lifecycle: current: RestoreWalletFromSeedActivity, activities: 3 visible: 1 foreground: 1
05:33:16 [main] SecurityGuard - removing security keys
05:33:16 [main] ModernEncryptionProvider - deleting ui_pin_key
05:33:16 [main] ModernEncryptionProvider - deleting wallet_password_key
05:33:16 [main] SecurityGuard - Cleared DataStore backups
05:33:16 [main] ModernEncryptionProvider - key store does not have ui_pin_key, but has android.security.keystore2.AndroidKeyStoreSpi$KeyEntriesEnumerator@c943652, generating new key. Stack trace:
  at dalvik.system.VMStack.getThreadStackTrace(Native Method)
  at java.lang.Thread.getStackTrace(Thread.java:1841)
  at de.schildbach.wallet.security.ModernEncryptionProvider.getSecretKey(ModernEncryptionProvider.kt:175)
  at de.schildbach.wallet.security.ModernEncryptionProvider.encrypt(ModernEncryptionProvider.kt:79)
  at de.schildbach.wallet.security.DualFallbackEncryptionProvider.encrypt(DualFallbackEncryptionProvider.kt:85)
  at de.schildbach.wallet.security.SecurityGuard.validateKeyIntegrity(SecurityGuard.java:307)
  at de.schildbach.wallet.security.SecurityGuard.savePin(SecurityGuard.java:262)
  at de.schildbach.wallet.livedata.EncryptWalletLiveData.savePin(EncryptWalletLiveData.kt:106)
  at de.schildbach.wallet.ui.SetPinViewModel.savePinAndEncrypt(SetPinViewModel.kt:74)
  at de.schildbach.wallet.ui.SetPinViewModel.savePinAndEncrypt(SetPinViewModel.kt:65)
  at de.schildbach.wallet.ui.SetPinActivity$nextStep$submit$1.run(SetPinActivity.kt:289)
  at android.os.Handler.handleCallback(Handler.java:959)
  at android.os.Handler.dispatchMessage(Handler.java:100)
  at android.os.Looper.loopOnce(Looper.java:232)
  at android.os.Looper.loop(Looper.java:317)
  at android.app.ActivityThread.main(ActivityThread.java:8705)
  at java.lang.reflect.Method.invoke(Native Method)
  at com.android.internal.os.RuntimeInit$MethodAndArgsCaller.run(RuntimeInit.java:580)
  at com.android.internal.os.ZygoteInit.main(ZygoteInit.java:886)
05:33:16 [main] SecurityGuard - Notifying 6 health listeners of status change: HEALTHY
05:33:16 [main] ModernEncryptionProvider - Decrypted data for alias: ui_pin_key
05:33:16 [main] SecurityGuard - Notifying 6 health listeners of status change: HEALTHY
05:33:16 [main] ModernEncryptionProvider - Decrypted data for alias: ui_pin_key
05:33:16 [main] MnemonicBasedKeyProvider - Derived key from mnemonic for alias: ui_pin_key
05:33:16 [main] SecurityGuard - Notifying 6 health listeners of status change: HEALTHY
05:33:16 [main] DualFallbackEncryptionProvider - Added mnemonic-fallback for ui_pin_key
05:33:16 [AsyncTask #1] BLSJniLibrary - Initializing BLS JNI Library
05:33:17 [AsyncTask #1] KeyCrypterScrypt - Deriving key took 135.8 ms for N=65536, r=8, p=1.
05:33:17 [AsyncTask #1] ModernEncryptionProvider - key store does not have wallet_password_key, but has android.security.keystore2.AndroidKeyStoreSpi$KeyEntriesEnumerator@f021e57, generating new key. Stack trace:
  at dalvik.system.VMStack.getThreadStackTrace(Native Method)
  at java.lang.Thread.getStackTrace(Thread.java:1841)
  at de.schildbach.wallet.security.ModernEncryptionProvider.getSecretKey(ModernEncryptionProvider.kt:175)
  at de.schildbach.wallet.security.ModernEncryptionProvider.encrypt(ModernEncryptionProvider.kt:79)
  at de.schildbach.wallet.security.DualFallbackEncryptionProvider.encrypt(DualFallbackEncryptionProvider.kt:85)
  at de.schildbach.wallet.security.SecurityGuard.validateKeyIntegrity(SecurityGuard.java:307)
  at de.schildbach.wallet.security.SecurityGuard.savePassword(SecurityGuard.java:204)
  at de.schildbach.wallet.livedata.EncryptWalletLiveData$EncryptWalletTask.doInBackground$lambda$0(EncryptWalletLiveData.kt:188)
  at de.schildbach.wallet.livedata.EncryptWalletLiveData$EncryptWalletTask.$r8$lambda$0CMI4LnZeajmC7OpxOq-bClhh3o(EncryptWalletLiveData.kt:0)
  at de.schildbach.wallet.livedata.EncryptWalletLiveData$EncryptWalletTask$$ExternalSyntheticLambda0.invoke(R8$$SyntheticClass:0)
  at de.schildbach.wallet.livedata.EncryptWalletLiveData$Companion.encryptAndSavePassword$wallet_prodRelease(EncryptWalletLiveData.kt:58)
  at de.schildbach.wallet.livedata.EncryptWalletLiveData$EncryptWalletTask.doInBackground(EncryptWalletLiveData.kt:188)
  at de.schildbach.wallet.livedata.EncryptWalletLiveData$EncryptWalletTask.doInBackground(EncryptWalletLiveData.kt:172)
  at android.os.AsyncTask$3.call(AsyncTask.java:394)
  at java.util.concurrent.FutureTask.run(FutureTask.java:264)
  at android.os.AsyncTask$SerialExecutor$1.run(AsyncTask.java:305)
  at java.util.concurrent.ThreadPoolExecutor.runWorker(ThreadPoolExecutor.java:1145)
  at java.util.concurrent.ThreadPoolExecutor$Worker.run(ThreadPoolExecutor.java:644)
  at java.lang.Thread.run(Thread.java:1012)
05:33:17 [main] SecurityGuard - Notifying 6 health listeners of status change: HEALTHY
05:33:17 [AsyncTask #1] ModernEncryptionProvider - Decrypted data for alias: wallet_password_key
05:33:17 [AsyncTask #1] EncryptWalletLiveData - wallet successfully encrypted, using key derived by new spending password (65536 scrypt iterations)
05:33:17 [main] SecurityGuard - Notifying 6 health listeners of status change: HEALTHY
05:33:17 [main] CoinJoinExtension - CoinJoinExtension serialization: 0ms total (keys:0ms[8], cache:0ms[0], salt:0ms, io:0ms, size:1447bytes, buffer:64KB)
05:33:17 [main] WalletProtobufSerializer - walletToProto (serial=8) timing: 1ms total, init=0ms, tx=0ms[0], keys=0ms, scripts=0ms[0], metadata=0ms, ext=0ms, friendRecv=0ms, friendSend=0ms, build=0ms
05:33:17 [main] WalletProtobufSerializer - writeWallet timing: 1ms total (1ms/100% serialization, 0ms/0% I/O) buffer=8KB
05:33:17 [main] WalletApplication - wallet saved to: '/data/user/0/hashengineering.darkcoin.wallet/files/wallet-protobuf', took 3.357 ms
05:33:17 [main] CoinJoinExtension - CoinJoinExtension serialization: 0ms total (keys:0ms[8], cache:0ms[0], salt:0ms, io:0ms, size:1447bytes, buffer:64KB)
05:33:17 [main] WalletProtobufSerializer - walletToProto (serial=8) timing: 3ms total, init=0ms, tx=0ms[0], keys=0ms, scripts=0ms[0], metadata=0ms, ext=2ms, friendRecv=0ms, friendSend=0ms, build=0ms
05:33:17 [main] WalletApplication - wallet backed up to: 'key-backup-protobuf', took 3.934 ms
05:33:17 [main] StartupBreadcrumbs - STARTUP breadcrumb: 7 FINALIZE_INIT_BEGIN +764656ms
05:33:17 [main] SecurityGuard - loading security guard [healthy=true] with keys: [keystore_healthy, modern_encryption_migration_complete, primary_ui_pin_key, primary_wallet_password_key, fallback_mnemonic_ui_pin_key]
05:33:17 [main] SecurityGuard - loading security guard [healthy=true] with keys: [keystore_healthy, modern_encryption_migration_complete, primary_ui_pin_key, primary_wallet_password_key, fallback_mnemonic_ui_pin_key]
05:33:17 [main] ModernEncryptionProvider - Decrypted data for alias: wallet_password_key
05:33:17 [main] KeyCrypterScrypt - Deriving key took 116.1 ms for N=65536, r=8, p=1.
05:33:17 [main] ModernEncryptionProvider - Decrypted data for alias: wallet_password_key
05:33:17 [main] MnemonicBasedKeyProvider - Derived key from mnemonic for alias: wallet_password_key
05:33:17 [main] SecurityGuard - Notifying 6 health listeners of status change: HEALTHY
05:33:17 [main] DualFallbackEncryptionProvider - Added mnemonic-fallback for wallet_password_key
05:33:17 [main] SecurityGuard - Mnemonic-based fallbacks ensured for PIN and wallet password
05:33:17 [main] WalletApplication - Mnemonic-based fallbacks ensured
05:33:17 [main] ModernEncryptionProvider - Decrypted data for alias: ui_pin_key
05:33:17 [main] ModernEncryptionProvider - Decrypted data for alias: wallet_password_key
05:33:17 [main] SecurityGuard - Notifying 6 health listeners of status change: HEALTHY_WITH_FALLBACKS
05:33:17 [main] DualFallbackEncryptionProvider - Added PIN-fallback for wallet_password_key
05:33:17 [main] SecurityGuard - PIN-based fallback ensured for wallet password
05:33:17 [main] WalletApplication - PIN-based fallback added successfully
05:33:17 [main] WalletApplication - STARTUP finalizeInit: securityGuard done in 220ms
05:33:17 [main] WalletApplication - STARTUP finalizeInit: initDash done in 0ms
05:33:17 [main] StartupBreadcrumbs - STARTUP breadcrumb: 8 INIT_DASH_DONE +764876ms
05:33:17 [main] Configuration - detected app upgrade: 0 -> 12000000
05:33:17 [main] WalletApplication - STARTUP finalizeInit: afterLoadWallet done in 1ms
05:33:17 [main] StartupBreadcrumbs - STARTUP breadcrumb: 9 AFTER_LOAD_WALLET_DONE +764877ms
05:33:17 [main] StartupBreadcrumbs - STARTUP breadcrumb: 20 SDK_BIND_KICKED +764878ms
05:33:17 [DefaultDispatcher-worker-1] BlockchainIdentityData - creation: BlockchainIdentityData(NONE, null, null, null, null, null)
05:33:17 [main] PlatformSynchronizationService - Starting the platform sync job
05:33:17 [main] StartupBreadcrumbs - STARTUP breadcrumb: 10 PLATFORM_INIT_KICKED +764878ms
05:33:17 [main] WalletApplication - STARTUP finalizeInit: initPlatform+channels done in 1ms
05:33:17 [DefaultDispatcher-worker-12] SecurityGuard - loading security guard [healthy=true] with keys: [keystore_healthy, fallback_pin_wallet_password_key, primary_ui_pin_key, modern_encryption_migration_complete, fallback_mnemonic_wallet_password_key, primary_wallet_password_key, fallback_mnemonic_ui_pin_key]
05:33:17 [DefaultDispatcher-worker-12] ModernEncryptionProvider - Decrypted data for alias: wallet_password_key
05:33:17 [main] WalletApplication - STARTUP finalizeInit: integrations done in 29ms
05:33:17 [main] WalletActivityTracker - activity lifecycle: current: SetPinActivity, activities: 3 visible: 1 foreground: 0
05:33:17 [main] WalletActivityTracker - activity lifecycle: activity RestoreWalletFromSeedActivity destroyed
05:33:17 [main] WalletActivityTracker - activity lifecycle: current: SetPinActivity, activities: 2 visible: 1 foreground: 0
05:33:17 [main] WalletActivityTracker - activity lifecycle: activity OnboardingActivity destroyed
05:33:17 [main] WalletActivityTracker - activity lifecycle: current: SetPinActivity, activities: 1 visible: 1 foreground: 0
05:33:17 [main] WalletActivityTracker - activity lifecycle: activity MainActivity created
05:33:17 [main] WalletActivityTracker - activity lifecycle: current: MainActivity, activities: 2 visible: 1 foreground: 0
05:33:17 [main] SecurityGuard - loading security guard [healthy=true] with keys: [keystore_healthy, fallback_pin_wallet_password_key, primary_ui_pin_key, modern_encryption_migration_complete, fallback_mnemonic_wallet_password_key, primary_wallet_password_key, fallback_mnemonic_ui_pin_key]
05:33:17 [main] SecurityGuard - loading security guard [healthy=true] with keys: [keystore_healthy, fallback_pin_wallet_password_key, primary_ui_pin_key, modern_encryption_migration_complete, fallback_mnemonic_wallet_password_key, primary_wallet_password_key, fallback_mnemonic_ui_pin_key]
05:33:17 [main] ModernEncryptionProvider - Decrypted data for alias: wallet_password_key
05:33:17 [main] ModernEncryptionProvider - Decrypted data for alias: ui_pin_key
05:33:17 [main] MainViewModel - STARTUP MainViewModel init at 1789795997396
05:33:17 [DefaultDispatcher-worker-4] DapiClient - getDocuments(contractId=GWRSAVFMjXx8HpQFaNJMqBV7MBgMK4br5UESsB4S31Ec, type=domain, {limit=5, where=[]})
05:33:17 [DefaultDispatcher-worker-10] DapiClient - getDocuments(contractId=GWRSAVFMjXx8HpQFaNJMqBV7MBgMK4br5UESsB4S31Ec, type=domain, {limit=5, where=[]})
05:33:17 [DefaultDispatcher-worker-2] DapiClient - getDocuments(contractId=GWRSAVFMjXx8HpQFaNJMqBV7MBgMK4br5UESsB4S31Ec, type=domain, {limit=5, where=[]})
05:33:17 [main] StartupBreadcrumbs - STARTUP breadcrumb: 12 MAIN_UI_SHOWN +764946ms
05:33:17 [main] Configuration - just being used - last used 29829933 minutes ago
05:33:17 [main] WalletActivityTracker - activity lifecycle: current: MainActivity, activities: 2 visible: 2 foreground: 0
05:33:17 [DefaultDispatcher-worker-6] CrowdNodeApiAggregator - restoring CrowdNode status
05:33:17 [DefaultDispatcher-worker-6] BLSJniLibrary - Initializing BLS JNI Library
05:33:17 [main] WalletTransactionsFragment - STARTUP WalletTransactionsFragment.onViewCreated at 1789795997409
05:33:17 [main] HistoryHeaderAdapter - set invite, synced = false
05:33:17 [main] WalletTransactionsFragment - STARTUP submitData called on thread=main at 1789795997409
05:33:17 [DefaultDispatcher-worker-9] BLSJniLibrary - Initializing BLS JNI Library
05:33:17 [main] HistoryHeaderAdapter - set invite = null
05:33:17 [main] HistoryHeaderAdapter - set invite, synced = false
05:33:17 [main] SecurityGuard - loading security guard [healthy=true] with keys: [keystore_healthy, fallback_pin_wallet_password_key, primary_ui_pin_key, modern_encryption_migration_complete, fallback_mnemonic_wallet_password_key, primary_wallet_password_key, fallback_mnemonic_ui_pin_key]
05:33:17 [main] SecurityGuard - loading security guard [healthy=true] with keys: [keystore_healthy, fallback_pin_wallet_password_key, primary_ui_pin_key, modern_encryption_migration_complete, fallback_mnemonic_wallet_password_key, primary_wallet_password_key, fallback_mnemonic_ui_pin_key]
05:33:17 [main] LockScreenActivity - show lock screen false = ![keepUnlocked=false] && autologout=true && (keepUnlockedUntilPenEntered=false || shouldLogout=false) || isHealthy=true
05:33:17 [main] MainActivity - updateTrigger => rateStale: RateRetrievalState(lastAttemptFailed=false, staleRates=false, volatile=false)
05:33:17 [main] WalletActivityTracker - activity lifecycle: current: MainActivity, activities: 2 visible: 2 foreground: 1
05:33:17 [main] BlockchainIdentityData - creation: BlockchainIdentityData(NONE, null, null, null, null, null)
05:33:17 [main] BlockchainIdentityData - creation: BlockchainIdentityData(NONE, null, null, null, null, null)
05:33:17 [main] BlockchainServiceImpl - .onCreate()
05:33:17 [main] DashPaymentIntentParser - network parameters = org.darkcoin.production
05:33:17 [main] BlockchainServiceImpl - start foreground service
05:33:17 [main] BlockchainServiceImpl - .onStartCommand(Intent { cmp=hashengineering.darkcoin.wallet/de.schildbach.wallet.service.BlockchainServiceImpl })
05:33:17 [DefaultDispatcher-worker-9] BlockchainServiceImpl - onStartCommand waiting for onCreate to complete...
05:33:17 [DefaultDispatcher-worker-11] BlockchainServiceImpl - onCreate() serviceScope waiting for cleanup false
05:33:17 [DefaultDispatcher-worker-11] BLSJniLibrary - Initializing BLS JNI Library
05:33:17 [DefaultDispatcher-worker-11] BlockchainServiceImpl - Phase 5d cutover gate: dashjEngineMayStart=false (coordinatorAllowsDashj=false, dashjHeldByCutover=true, dashjSyncDiagnostic=false)
05:33:17 [DefaultDispatcher-worker-11] BLSJniLibrary - Initializing BLS JNI Library
05:33:17 [DefaultDispatcher-worker-11] BlockchainServiceImpl - blockchain does not exist, resetting wallet
05:33:17 [Wallet autosave thread] BLSJniLibrary - Initializing BLS JNI Library
05:33:17 [DefaultDispatcher-worker-11] AbstractQuorumState - resetting masternode list; force: true, requestFreshList: false
05:33:17 [DefaultDispatcher-worker-11] AbstractQuorumState - resetting masternode list; force: true, requestFreshList: false
05:33:17 [DefaultDispatcher-worker-11] SPVBlockStore - Creating new SPV block chain file /data/user/0/hashengineering.darkcoin.wallet/app_blockstore/blockchain
05:33:17 [DefaultDispatcher-worker-9] BLSJniLibrary - Initializing BLS JNI Library
05:33:17 [DefaultDispatcher-worker-11] SPVBlockStore - Creating new SPV block chain file /data/user/0/hashengineering.darkcoin.wallet/app_blockstore/headers
05:33:17 [DefaultDispatcher-worker-11] BlockchainServiceImpl - verifying backupBlockStore
05:33:17 [DefaultDispatcher-worker-11] BlockchainServiceImpl - verifying headerStore
05:33:17 [main] BlockchainServiceImpl - .onStartCommand(Intent { act=de.schildbach.wallet.service.cancel_coins_received cmp=hashengineering.darkcoin.wallet/de.schildbach.wallet.service.BlockchainServiceImpl })
05:33:17 [DefaultDispatcher-worker-13] BlockchainServiceImpl - onStartCommand waiting for onCreate to complete...
05:33:17 [DefaultDispatcher-worker-2] Platform - platform check: 77.46 ms
05:33:17 [main] MainViewModel - platform available: false; no identity creation is progress: true
05:33:17 [DefaultDispatcher-worker-12] KeyCrypterScrypt - Deriving key took 164.0 ms for N=65536, r=8, p=1.
05:33:17 [main] DeviceInfoProvider - Detecting currency based on device, mobile network or locale:
05:33:17 [main] DeviceInfoProvider - Device Sim Country: us
05:33:17 [main] MainViewModel - Updating currency exchange rate based on country: US
05:33:17 [pool-59-thread-1] BlockchainServiceImpl - verify blockstore: 2.257 ms, 0 loaded
05:33:17 [DefaultDispatcher-worker-11] BlockchainServiceImpl - verifying blockStore
05:33:17 [main] WalletActivityTracker - activity lifecycle: current: SetPinActivity, activities: 2 visible: 1 foreground: 1
05:33:17 [main] WalletActivityTracker - activity lifecycle: activity SetPinActivity destroyed
05:33:17 [main] WalletActivityTracker - activity lifecycle: current: SetPinActivity, activities: 1 visible: 1 foreground: 1
05:33:17 [main] MainViewModel - Using default Country: US
05:33:17 [main] MainViewModel - Using default currency: USD
05:33:17 [DefaultDispatcher-worker-3] CheckpointManager - Read 4182 checkpoints up to time 2026-01-20T14:37:37Z, hash is c443288fa6ef670aaae806d6cf9ffae35aac33a580e1dbdd5fbc333e42ac57b4
05:33:17 [DefaultDispatcher-worker-3] BirthHeightResolver - resolved birth time 1427610960 to SDK birth height 239040 (checkpoint height 243072, margin 4032 blocks)
05:33:17 [DefaultDispatcher-worker-6] Constants - --> GET https://rates.ctx.com/rates?source=ctx
05:33:17 [pool-59-thread-1] BlockchainServiceImpl - verify blockstore: 326.8 μs, 0 loaded
05:33:17 [DefaultDispatcher-worker-11] BlockchainServiceImpl - blockstore files verified: true, true
05:33:17 [DefaultDispatcher-worker-11] CheckpointManager - Attempting to initialize a new block store with a checkpoint for time 1427006160 (2015-03-22T06:36:00Z)
05:33:17 [DefaultDispatcher-worker-6] Constants - <-- 200 https://rates.ctx.com/rates?source=ctx (78ms, unknown-length body)
05:33:17 [DefaultDispatcher-worker-12] ExchangeRatesRepository - exchange rates updated successfully with de.schildbach.wallet.rates.DashRetailClient@76dd850
05:33:17 [DefaultDispatcher-worker-13] ExchangeRatesRepository - updateTrigger
05:33:17 [DefaultDispatcher-worker-11] CheckpointManager - Read 4182 checkpoints up to time 2026-01-20T14:37:37Z, hash is c443288fa6ef670aaae806d6cf9ffae35aac33a580e1dbdd5fbc333e42ac57b4
05:33:17 [DefaultDispatcher-worker-11] CheckpointManager - Attempting to initialize a new block store with a checkpoint for time 1789191197 (2026-09-12T05:33:17Z)
05:33:17 [DefaultDispatcher-worker-3] DashSdkServiceImpl - app wallet bound to new SDK wallet 0b91f36d… (birthHeight=239040 via checkpoint mapping; 0 = full scan from genesis)
05:33:17 [DefaultDispatcher-worker-11] CheckpointManager - Read 4182 checkpoints up to time 2026-01-20T14:37:37Z, hash is c443288fa6ef670aaae806d6cf9ffae35aac33a580e1dbdd5fbc333e42ac57b4
05:33:17 [DefaultDispatcher-worker-11] BlockchainServiceImpl - checkpoints loaded from 'checkpoints.txt', took 117.3 ms
05:33:17 [DefaultDispatcher-worker-11] BLSJniLibrary - Initializing BLS JNI Library
05:33:17 [DefaultDispatcher-worker-11] AbstractBlockChain - chain head is at height 239040:
 block: 
   hash: 00000000000a6ea81e7178cfcf24ad076d13a9e30f7ec10b97b90f6468e55303
   version: 2 (0x00000002) (BIP34)
   previous block: 000000000000d573152c432792e9c596534d35b01868ede0a73e201e7f9944bc
   merkle root: 1b25a706980e7525d99b224a50db7932bab01b7f66ce1efbf97c5b4bf5285e01
   time: 1426917664 (2015-03-21T06:01:04Z)
   difficulty target (nBits): 453849361
   nonce: 7232920

05:33:17 [DefaultDispatcher-worker-11] AbstractBlockChain - chain head is at height 2408832:
 block: 
   hash: 000000000000001d48fec4e90fe93780f3128d77745ecb1468a14531c53d4737
   version: 536870912 (0x20000000) (BIP34, BIP66, BIP65)
   previous block: 000000000000002a1ab581f99a79e79f02e8024b6fca6f680e4dc2bcfe3dc063
   merkle root: f161306eabcc7c786a20738041e326718f94677260c9e8d062688a8fd24508d4
   time: 1768919857 (2026-01-20T14:37:37Z)
   difficulty target (nBits): 422562999
   nonce: 3317596855

05:33:17 [main] SecurityGuard - loading security guard [healthy=true] with keys: [keystore_healthy, fallback_pin_wallet_password_key, primary_ui_pin_key, modern_encryption_migration_complete, fallback_mnemonic_wallet_password_key, primary_wallet_password_key, fallback_mnemonic_ui_pin_key]
05:33:17 [main] BlockchainServiceImpl - network callback registered with NetworkRequest: de.schildbach.wallet.service.BlockchainServiceImpl$NetworkCallbackImpl@7185c1e
05:33:17 [DefaultDispatcher-worker-3] BlockchainServiceImpl - monitoring 0 old transactions
05:33:17 [main] BlockchainServiceImpl - receiver register: tickReceiver, de.schildbach.wallet.service.BlockchainServiceImpl$tickReceiver$1@b3feacc
05:33:17 [DefaultDispatcher-worker-3] BlockchainServiceImpl - cutover committed — Platform quorum lookups wired to the SDK-sourced quorum list
05:33:17 [DefaultDispatcher-worker-3] StartupBreadcrumbs - STARTUP breadcrumb: 20 SDK_BIND_KICKED +765309ms
05:33:17 [DefaultDispatcher-worker-3] BlockchainServiceImpl - .onCreate() finished
05:33:17 [DefaultDispatcher-worker-9] BlockchainServiceImpl - onCreate completed, processing onStartCommand
05:33:17 [DefaultDispatcher-worker-9] BLSJniLibrary - Initializing BLS JNI Library
05:33:17 [DefaultDispatcher-worker-9] BlockchainServiceImpl - service start command: Intent { cmp=hashengineering.darkcoin.wallet/de.schildbach.wallet.service.BlockchainServiceImpl }
05:33:17 [DefaultDispatcher-worker-9] BlockchainServiceImpl - .onStartCommand(Intent { cmp=hashengineering.darkcoin.wallet/de.schildbach.wallet.service.BlockchainServiceImpl }) finished
05:33:17 [DefaultDispatcher-worker-9] BlockchainServiceImpl - onCreate completed, processing onStartCommand
05:33:17 [DefaultDispatcher-worker-9] BLSJniLibrary - Initializing BLS JNI Library
05:33:17 [DefaultDispatcher-worker-9] BlockchainServiceImpl - service start command: Intent { act=de.schildbach.wallet.service.cancel_coins_received cmp=hashengineering.darkcoin.wallet/de.schildbach.wallet.service.BlockchainServiceImpl }
05:33:17 [DefaultDispatcher-worker-9] BlockchainServiceImpl - .onStartCommand(Intent { act=de.schildbach.wallet.service.cancel_coins_received cmp=hashengineering.darkcoin.wallet/de.schildbach.wallet.service.BlockchainServiceImpl }) finished
05:33:17 [DefaultDispatcher-worker-3] BlockchainServiceImpl - acquiring check() mutex
05:33:17 [DefaultDispatcher-worker-3] BlockchainServiceImpl - check()
05:33:17 [DefaultDispatcher-worker-3] BlockchainServiceImpl - cutover committed — holding the dashj L1 engine; SDK owns L1 this launch
05:33:17 [DefaultDispatcher-worker-3] BlockchainServiceImpl - releasing check() mutex
05:33:17 [DefaultDispatcher-worker-11] BlockchainServiceImpl - network available: 100, hasInternet: true, validated: true, type: WiFi
05:33:17 [DefaultDispatcher-worker-8] BlockchainServiceImpl - network capabilities changed: 100, hasInternet: true, validated: true
05:33:17 [DefaultDispatcher-worker-8] BlockchainServiceImpl - acquiring check() mutex
05:33:17 [DefaultDispatcher-worker-8] BlockchainServiceImpl - check()
05:33:17 [DefaultDispatcher-worker-8] BlockchainServiceImpl - cutover committed — holding the dashj L1 engine; SDK owns L1 this launch
05:33:17 [DefaultDispatcher-worker-8] BlockchainServiceImpl - releasing check() mutex
05:33:17 [DefaultDispatcher-worker-11] BlockchainServiceImpl - acquiring check() mutex
05:33:17 [DefaultDispatcher-worker-11] BlockchainServiceImpl - check()
05:33:17 [DefaultDispatcher-worker-11] BlockchainServiceImpl - cutover committed — holding the dashj L1 engine; SDK owns L1 this launch
05:33:17 [DefaultDispatcher-worker-11] BlockchainServiceImpl - releasing check() mutex
05:33:17 [DefaultDispatcher-worker-10] Platform - platform check: 377.6 ms
05:33:17 [DefaultDispatcher-worker-13] DashSdkServiceImpl - widenAddressWindows: BIP44 account 0 gap -> 1000 on 0b91f36d…
05:33:17 [DefaultDispatcher-worker-4] Platform - platform check: 448.6 ms
05:33:17 [DefaultDispatcher-worker-4] PlatformServiceImplementation - platform available 3 of 3: true
05:33:17 [main] MainViewModel - platform available: true; no identity creation is progress: true
05:33:17 [DefaultDispatcher-worker-13] DashSdkServiceImpl - widenAddressWindows: BIP32 account 0 gap -> 1000 on 0b91f36d…
05:33:18 [DefaultDispatcher-worker-13] DashSdkServiceImpl - widenAddressWindows: COIN_JOIN account 0 gap -> 1000 on 0b91f36d…
05:33:18 [DefaultDispatcher-worker-13] CheckpointManager - Read 4182 checkpoints up to time 2026-01-20T14:37:37Z, hash is c443288fa6ef670aaae806d6cf9ffae35aac33a580e1dbdd5fbc333e42ac57b4
05:33:18 [DefaultDispatcher-worker-13] BirthHeightResolver - resolved birth time 1427610960 to SDK birth height 239040 (checkpoint height 243072, margin 4032 blocks)
05:33:18 [DefaultDispatcher-worker-13] DashSdkServiceImpl - armSpvRescan: filter watermark rewind to 239040 armed on 0b91f36d…
05:33:18 [DefaultDispatcher-worker-13] SdkWalletBinder - address-window heal v2 applied on 0b91f36d…: gaps widened, backfill coverage invalidated — next gate pass rewinds with the widened script set
05:33:18 [DefaultDispatcher-worker-13] SdkWalletBinder - SDK wallet bound; identity not yet registered — discovery deferred
05:33:18 [DefaultDispatcher-worker-8] PlatformSynchronizationService - SDK L1 engine not started from Application init — it starts from the foreground blockchain service (resume())
05:33:18 [DefaultDispatcher-worker-8] StartupBreadcrumbs - STARTUP breadcrumb: 23 CUTOVER_SERVICES_STARTED +765613ms
05:33:18 [DefaultDispatcher-worker-6] SdkWalletBinder - SDK wallet bound; identity not yet registered — discovery deferred
05:33:18 [DefaultDispatcher-worker-6] StartupBreadcrumbs - STARTUP breadcrumb: 21 SDK_L1_ENGINE_STARTING +765616ms
05:33:18 [DefaultDispatcher-worker-12] ShieldedBalanceServiceImpl - shielded runtime ready on SDK wallet 0b91f36d… (account 0, sync loop running)
05:33:18 [DefaultDispatcher-worker-3] CutoverUiDataService - SDK balance published: 0 duffs (was none) | l1Synced=false rescanArmedHold=true dashPayBackfill(armed=false,replaying=false) deferredContactBuilds=0 (unchangedReads=3) persistedAsLastKnown=false lastKnown=0
05:33:18 [DefaultDispatcher-worker-7] CutoverTxSeamService - seam tx feed primed (0 recent records, 0 in the priming window); serving seam tx reads from the SDK store
05:33:19 [DefaultDispatcher-worker-1] L1ShadowSyncService - DashPay bring-up before SPV: status=NO_IDENTITY discovery=1 dashPaySyncRan=false drained=0 pending=0 elapsedMs=1555
05:33:19 [DefaultDispatcher-worker-1] L1ShadowSyncService - L1ShadowLifecycle RESUMING after 1m47s down (teardown #2 this process); the progress feed and every consumer of it were silent for that whole span
05:33:19 [DefaultDispatcher-worker-6] L1ShadowSyncService - L1Shadow phase=IDLE 0.0% headers 0/0 filters 0/0 wallet 0
05:33:19 [DefaultDispatcher-worker-6] L1ShadowSyncService - ReplayMemTelemetry phase=IDLE nativeHeapAllocated=126127280 nativeHeapSize=402853888 jvmUsed=43822880 jvmMax=603979776 headers 0/0 filters 0 wallet 0
05:33:19 [DefaultDispatcher-worker-1] L1ShadowSyncService - L1 shadow SPV started for SDK wallet 0b91f36d… (dataDir=/data/user/0/hashengineering.darkcoin.wallet/files/l1_shadow_spv/mainnet, default peer discovery); debug-only instrumentation — two SPV engines are now running
05:33:19 [DefaultDispatcher-worker-1] StartupBreadcrumbs - STARTUP breadcrumb: 22 SDK_L1_ENGINE_STARTED +767181ms
05:33:19 [DefaultDispatcher-worker-1] StartupBreadcrumbs - STARTUP breadcrumb: 23 CUTOVER_SERVICES_STARTED +767181ms
05:33:19 [DefaultDispatcher-worker-2] L1ShadowSyncService - L1Parity probing suspended: the cutover is committed and the dashj engine is held, so its balance is frozen at the cutover snapshot — any comparison against it is a guaranteed MISMATCH that measures nothing. Turn on the Tools 'dashj sync (diagnostic)' toggle to un-hold dashj and resume probing.
05:33:22 [Wallet autosave thread] WalletFiles - Background saving wallet; last seen block is height -1, date unknown, hash null
05:33:22 [Wallet autosave thread] CoinJoinExtension - CoinJoinExtension serialization: 0ms total (keys:0ms[8], cache:0ms[0], salt:0ms, io:0ms, size:1447bytes, buffer:64KB)
05:33:22 [Wallet autosave thread] WalletProtobufSerializer - walletToProto (serial=8) timing: 8ms total, init=0ms, tx=0ms[0], keys=0ms, scripts=0ms[0], metadata=0ms, ext=7ms, friendRecv=0ms, friendSend=0ms, build=0ms
05:33:22 [Wallet autosave thread] WalletProtobufSerializer - writeWallet timing: 8ms total (8ms/100% serialization, 0ms/0% I/O) buffer=8KB
05:33:22 [Wallet autosave thread] WalletFiles - Save completed in 13.90 ms (15504 bytes); /data/user/0/hashengineering.darkcoin.wallet/files/wallet-protobuf
05:33:27 [DefaultDispatcher-worker-2] BlockchainServiceImpl - network capabilities changed: 100, hasInternet: true, validated: true
05:33:27 [DefaultDispatcher-worker-2] BlockchainServiceImpl - acquiring check() mutex
05:33:27 [DefaultDispatcher-worker-2] BlockchainServiceImpl - check()
05:33:27 [DefaultDispatcher-worker-2] BlockchainServiceImpl - cutover committed — holding the dashj L1 engine; SDK owns L1 this launch
05:33:27 [DefaultDispatcher-worker-2] BlockchainServiceImpl - releasing check() mutex
05:33:30 [DefaultDispatcher-worker-2] BlockchainServiceImpl - network capabilities changed: 100, hasInternet: true, validated: true
05:33:30 [DefaultDispatcher-worker-2] BlockchainServiceImpl - acquiring check() mutex
05:33:30 [DefaultDispatcher-worker-2] BlockchainServiceImpl - check()
05:33:30 [DefaultDispatcher-worker-2] BlockchainServiceImpl - cutover committed — holding the dashj L1 engine; SDK owns L1 this launch
05:33:30 [DefaultDispatcher-worker-2] BlockchainServiceImpl - releasing check() mutex
05:33:41 [DefaultDispatcher-worker-8] BlockchainServiceImpl - network available: 101, hasInternet: true, validated: true, type: Cellular
05:33:41 [DefaultDispatcher-worker-4] BlockchainServiceImpl - network capabilities changed: 101, hasInternet: true, validated: true
05:33:41 [DefaultDispatcher-worker-4] BlockchainServiceImpl - acquiring check() mutex
05:33:41 [DefaultDispatcher-worker-8] BlockchainServiceImpl - acquiring check() mutex
05:33:41 [DefaultDispatcher-worker-4] BlockchainServiceImpl - check()
05:33:41 [DefaultDispatcher-worker-4] BlockchainServiceImpl - cutover committed — holding the dashj L1 engine; SDK owns L1 this launch
05:33:41 [DefaultDispatcher-worker-4] BlockchainServiceImpl - releasing check() mutex
05:33:41 [DefaultDispatcher-worker-4] BlockchainServiceImpl - check()
05:33:41 [DefaultDispatcher-worker-4] BlockchainServiceImpl - cutover committed — holding the dashj L1 engine; SDK owns L1 this launch
05:33:41 [DefaultDispatcher-worker-4] BlockchainServiceImpl - releasing check() mutex
05:33:47 [main] StartupBreadcrumbs - STARTUP breadcrumb: 13 LAUNCH_SURVIVED +795012ms
05:33:50 [DefaultDispatcher-worker-12] L1ShadowSyncService - L1Shadow phase=HEADERS 40.3% headers 1830000/2541278 filters 329000/2541278 wallet 329000
05:33:50 [DefaultDispatcher-worker-12] L1ShadowSyncService - ReplayMemTelemetry phase=HEADERS nativeHeapAllocated=363193744 nativeHeapSize=603320320 jvmUsed=20015248 jvmMax=603979776 headers 1830000/2541278 filters 329000 wallet 329000
05:34:00 [main] BlockchainServiceImpl - MEM pss=538MB nativeHeap=390/581MB jvm=20/576MB
05:34:00 [DefaultDispatcher-worker-6] BlockchainServiceImpl - network capabilities changed: 100, hasInternet: true, validated: true
05:34:00 [DefaultDispatcher-worker-9] BlockchainServiceImpl - acquiring check() mutex
05:34:00 [DefaultDispatcher-worker-9] BlockchainServiceImpl - check()
05:34:00 [DefaultDispatcher-worker-9] BlockchainServiceImpl - cutover committed — holding the dashj L1 engine; SDK owns L1 this launch
05:34:00 [DefaultDispatcher-worker-9] BlockchainServiceImpl - releasing check() mutex
05:34:03 [native-log-bridge] DashSdkNative - 09-19 00:33:33.551  4533  5132 I DashSDK : platform_wallet::changeset::core_bridge: wallet-event batch: folded=1 wallets=1 synced_height_persisted=Some(240000) synced_height_frozen=None synced_height_rejected=None faulted=0
05:34:03 [native-log-bridge] DashSdkNative - 09-19 00:33:33.962  4533  5132 I DashSDK : platform_wallet::changeset::core_bridge: wallet-event batch: folded=1 wallets=1 synced_height_persisted=Some(242000) synced_height_frozen=None synced_height_rejected=None faulted=0
05:34:03 [native-log-bridge] DashSdkNative - 09-19 00:33:35.015  4533  5133 I DashSDK : platform_wallet::changeset::core_bridge: wallet-event batch: folded=1 wallets=1 synced_height_persisted=Some(244000) synced_height_frozen=None synced_height_rejected=None faulted=0
05:34:03 [native-log-bridge] DashSdkNative - 09-19 00:33:35.899  4533  5132 I DashSDK : platform_wallet::changeset::core_bridge: wallet-event batch: folded=1 wallets=1 synced_height_persisted=Some(249000) synced_height_frozen=None synced_height_rejected=None faulted=0
05:34:03 [native-log-bridge] DashSdkNative - 09-19 00:33:37.002  4533  5133 I DashSDK : platform_wallet::changeset::core_bridge: wallet-event batch: folded=1 wallets=1 synced_height_persisted=Some(254000) synced_height_frozen=None synced_height_rejected=None faulted=0
05:34:03 [native-log-bridge] DashSdkNative - 09-19 00:33:37.702  4533  5132 I DashSDK : platform_wallet::changeset::core_bridge: wallet-event batch: folded=1 wallets=1 synced_height_persisted=Some(259000) synced_height_frozen=None synced_height_rejected=None faulted=0
05:34:03 [native-log-bridge] DashSdkNative - 09-19 00:33:38.616  4533  5135 I DashSDK : platform_wallet::changeset::core_bridge: wallet-event batch: folded=1 wallets=1 synced_height_persisted=Some(264000) synced_height_frozen=None synced_height_rejected=None faulted=0
05:34:03 [native-log-bridge] DashSdkNative - 09-19 00:33:39.217  4533  5135 I DashSDK : platform_wallet::changeset::core_bridge: wallet-event batch: folded=1 wallets=1 synced_height_persisted=Some(269000) synced_height_frozen=None synced_height_rejected=None faulted=0
05:34:03 [native-log-bridge] DashSdkNative - 09-19 00:33:39.881  4533  5134 I DashSDK : platform_wallet::changeset::core_bridge: wallet-event batch: folded=1 wallets=1 synced_height_persisted=Some(274000) synced_height_frozen=None synced_height_rejected=None faulted=0
05:34:03 [native-log-bridge] DashSdkNative - 09-19 00:33:40.349  4533  5132 I DashSDK : platform_wallet::changeset::core_bridge: wallet-event batch: folded=1 wallets=1 synced_height_persisted=Some(279000) synced_height_frozen=None synced_height_rejected=None faulted=0
05:34:03 [native-log-bridge] DashSdkNative - 09-19 00:33:40.815  4533  5132 I DashSDK : platform_wallet::changeset::core_bridge: wallet-event batch: folded=1 wallets=1 synced_height_persisted=Some(284000) synced_height_frozen=None synced_height_rejected=None faulted=0
05:34:03 [native-log-bridge] DashSdkNative - 09-19 00:33:42.164  4533  5132 I DashSDK : platform_wallet::changeset::core_bridge: wallet-event batch: folded=1 wallets=1 synced_height_persisted=Some(289000) synced_height_frozen=None synced_height_rejected=None faulted=0
05:34:03 [native-log-bridge] DashSdkNative - 09-19 00:33:42.943  4533  5133 I DashSDK : platform_wallet::changeset::core_bridge: wallet-event batch: folded=1 wallets=1 synced_height_persisted=Some(294000) synced_height_frozen=None synced_height_rejected=None faulted=0
05:34:03 [native-log-bridge] DashSdkNative - 09-19 00:33:43.599  4533  5134 I DashSDK : platform_wallet::changeset::core_bridge: wallet-event batch: folded=1 wallets=1 synced_height_persisted=Some(299000) synced_height_frozen=None synced_height_rejected=None faulted=0
05:34:03 [native-log-bridge] DashSdkNative - 09-19 00:33:44.419  4533  5135 I DashSDK : platform_wallet::changeset::core_bridge: wallet-event batch: folded=1 wallets=1 synced_height_persisted=Some(304000) synced_height_frozen=None synced_height_rejected=None faulted=0
05:34:03 [native-log-bridge] DashSdkNative - 09-19 00:33:45.381  4533  5132 I DashSDK : platform_wallet::changeset::core_bridge: wallet-event batch: folded=1 wallets=1 synced_height_persisted=Some(309000) synced_height_frozen=None synced_height_rejected=None faulted=0
05:34:03 [native-log-bridge] DashSdkNative - 09-19 00:33:46.666  4533  5132 I DashSDK : platform_wallet::changeset::core_bridge: wallet-event batch: folded=1 wallets=1 synced_height_persisted=Some(314000) synced_height_frozen=None synced_height_rejected=None faulted=0
05:34:03 [native-log-bridge] DashSdkNative - 09-19 00:33:47.682  4533  5135 I DashSDK : platform_wallet::changeset::core_bridge: wallet-event batch: folded=1 wallets=1 synced_height_persisted=Some(319000) synced_height_frozen=None synced_height_rejected=None faulted=0
05:34:03 [native-log-bridge] DashSdkNative - 09-19 00:33:48.397  4533  5134 I DashSDK : platform_wallet::changeset::core_bridge: wallet-event batch: folded=1 wallets=1 synced_height_persisted=Some(324000) synced_height_frozen=None synced_height_rejected=None faulted=0
05:34:03 [native-log-bridge] DashSdkNative - 09-19 00:33:49.226  4533  5134 I DashSDK : platform_wallet::changeset::core_bridge: wallet-event batch: folded=1 wallets=1 synced_height_persisted=Some(329000) synced_height_frozen=None synced_height_rejected=None faulted=0
05:34:03 [native-log-bridge] DashSdkNative - 09-19 00:33:50.609  4533  5133 I DashSDK : platform_wallet::changeset::core_bridge: wallet-event batch: folded=1 wallets=1 synced_height_persisted=Some(334000) synced_height_frozen=None synced_height_rejected=None faulted=0
05:34:03 [native-log-bridge] DashSdkNative - 09-19 00:33:52.802  4533  5132 I DashSDK : platform_wallet::changeset::core_bridge: wallet-event batch: folded=1 wallets=1 synced_height_persisted=Some(339000) synced_height_frozen=None synced_height_rejected=None faulted=0
05:34:03 [native-log-bridge] DashSdkNative - 09-19 00:33:54.912  4533  5132 I DashSDK : platform_wallet::changeset::core_bridge: wallet-event batch: folded=1 wallets=1 synced_height_persisted=Some(344000) synced_height_frozen=None synced_height_rejected=None faulted=0
05:34:03 [native-log-bridge] DashSdkNative - 09-19 00:33:56.326  4533  5134 I DashSDK : platform_wallet::changeset::core_bridge: wallet-event batch: folded=1 wallets=1 synced_height_persisted=Some(349000) synced_height_frozen=None synced_height_rejected=None faulted=0
05:34:03 [native-log-bridge] DashSdkNative - 09-19 00:33:58.767  4533  5132 I DashSDK : platform_wallet::changeset::core_bridge: wallet-event batch: folded=1 wallets=1 synced_height_persisted=Some(354000) synced_height_frozen=None synced_height_rejected=None faulted=0
05:34:03 [native-log-bridge] DashSdkNative - 09-19 00:34:02.397  4533  5134 I DashSDK : platform_wallet::changeset::core_bridge: wallet-event batch: folded=1 wallets=1 synced_height_persisted=Some(359000) synced_height_frozen=None synced_height_rejected=None faulted=0
05:34:03 [DefaultDispatcher-worker-11] BlockchainServiceImpl - network capabilities changed: 100, hasInternet: true, validated: true
05:34:03 [DefaultDispatcher-worker-11] BlockchainServiceImpl - acquiring check() mutex
05:34:03 [DefaultDispatcher-worker-11] BlockchainServiceImpl - check()
05:34:03 [DefaultDispatcher-worker-11] BlockchainServiceImpl - cutover committed — holding the dashj L1 engine; SDK owns L1 this launch
05:34:03 [DefaultDispatcher-worker-11] BlockchainServiceImpl - releasing check() mutex
05:34:20 [DefaultDispatcher-worker-9] L1ShadowSyncService - L1Shadow phase=FILTER_HEADERS 56.9% headers 2541278/2541278 filters 389000/2541278 wallet 389000
05:34:20 [DefaultDispatcher-worker-9] L1ShadowSyncService - ReplayMemTelemetry phase=FILTER_HEADERS nativeHeapAllocated=601551712 nativeHeapSize=737898496 jvmUsed=20183248 jvmMax=603979776 headers 2541278/2541278 filters 389000 wallet 389000
05:34:21 [DefaultDispatcher-worker-9] BlockchainServiceImpl - network lost: 101, remaining networks: 1
05:34:30 [DefaultDispatcher-worker-12] BlockchainServiceImpl - network capabilities changed: 100, hasInternet: true, validated: true
05:34:30 [DefaultDispatcher-worker-12] BlockchainServiceImpl - acquiring check() mutex
05:34:30 [DefaultDispatcher-worker-12] BlockchainServiceImpl - check()
05:34:30 [DefaultDispatcher-worker-12] BlockchainServiceImpl - cutover committed — holding the dashj L1 engine; SDK owns L1 this launch
05:34:30 [DefaultDispatcher-worker-12] BlockchainServiceImpl - releasing check() mutex
05:34:33 [native-log-bridge] DashSdkNative - 09-19 00:34:04.765  4533  5133 I DashSDK : platform_wallet::changeset::core_bridge: wallet-event batch: folded=1 wallets=1 synced_height_persisted=Some(364000) synced_height_frozen=None synced_height_rejected=None faulted=0
05:34:33 [native-log-bridge] DashSdkNative - 09-19 00:34:07.383  4533  5135 I DashSDK : platform_wallet::changeset::core_bridge: wallet-event batch: folded=1 wallets=1 synced_height_persisted=Some(369000) synced_height_frozen=None synced_height_rejected=None faulted=0
05:34:33 [native-log-bridge] DashSdkNative - 09-19 00:34:10.114  4533  5132 I DashSDK : platform_wallet::changeset::core_bridge: wallet-event batch: folded=1 wallets=1 synced_height_persisted=Some(374000) synced_height_frozen=None synced_height_rejected=None faulted=0
05:34:33 [native-log-bridge] DashSdkNative - 09-19 00:34:11.401  4533  5133 I DashSDK : platform_wallet::changeset::core_bridge: wallet-event batch: folded=1 wallets=1 synced_height_persisted=Some(379000) synced_height_frozen=None synced_height_rejected=None faulted=0
05:34:33 [native-log-bridge] DashSdkNative - 09-19 00:34:13.758  4533  5134 I DashSDK : platform_wallet::changeset::core_bridge: wallet-event batch: folded=1 wallets=1 synced_height_persisted=Some(384000) synced_height_frozen=None synced_height_rejected=None faulted=0
05:34:33 [native-log-bridge] DashSdkNative - 09-19 00:34:16.297  4533  5134 I DashSDK : platform_wallet::changeset::core_bridge: wallet-event batch: folded=1 wallets=1 synced_height_persisted=Some(389000) synced_height_frozen=None synced_height_rejected=None faulted=0
05:34:33 [native-log-bridge] DashSdkNative - 09-19 00:34:20.036  4533  5133 I DashSDK : platform_wallet::changeset::core_bridge: wallet-event batch: folded=1 wallets=1 synced_height_persisted=Some(394000) synced_height_frozen=None synced_height_rejected=None faulted=0
05:34:33 [native-log-bridge] DashSdkNative - 09-19 00:34:21.852  4533  5133 I DashSDK : platform_wallet::changeset::core_bridge: wallet-event batch: folded=1 wallets=1 synced_height_persisted=Some(399000) synced_height_frozen=None synced_height_rejected=None faulted=0
05:34:33 [native-log-bridge] DashSdkNative - 09-19 00:34:30.716  4533  5133 I DashSDK : platform_wallet::changeset::core_bridge: wallet-event batch: folded=1 wallets=1 synced_height_persisted=Some(404000) synced_height_frozen=None synced_height_rejected=None faulted=0
05:34:33 [native-log-bridge] DashSdkNative - 09-19 00:34:32.269  4533  5133 I DashSDK : platform_wallet::changeset::core_bridge: wallet-event batch: folded=1 wallets=1 synced_height_persisted=Some(409000) synced_height_frozen=None synced_height_rejected=None faulted=0
05:34:33 [DefaultDispatcher-worker-2] BlockchainServiceImpl - network capabilities changed: 100, hasInternet: true, validated: true
05:34:33 [DefaultDispatcher-worker-2] BlockchainServiceImpl - acquiring check() mutex
05:34:33 [DefaultDispatcher-worker-2] BlockchainServiceImpl - check()
05:34:33 [DefaultDispatcher-worker-2] BlockchainServiceImpl - cutover committed — holding the dashj L1 engine; SDK owns L1 this launch
05:34:33 [DefaultDispatcher-worker-2] BlockchainServiceImpl - releasing check() mutex
05:34:37 [main] BiometricHelper - No biometric credentials
05:34:37 [main] LockScreenActivity - fingerprint was disabled
05:34:37 [main] LockScreenActivity - LockState = ENTER_PIN
05:34:50 [DefaultDispatcher-worker-2] L1ShadowSyncService - L1Shadow phase=FILTER_HEADERS 64.4% headers 2541278/2541278 filters 449000/2541278 wallet 449000
05:34:50 [DefaultDispatcher-worker-2] L1ShadowSyncService - ReplayMemTelemetry phase=FILTER_HEADERS nativeHeapAllocated=801531904 nativeHeapSize=887717888 jvmUsed=19654704 jvmMax=603979776 headers 2541278/2541278 filters 449000 wallet 449000
05:35:00 [main] BlockchainServiceImpl - MEM pss=912MB nativeHeap=717/851MB jvm=19/576MB
05:35:00 [main] BlockchainServiceImpl - History of transactions/blocks/headers/mnlistdiff (sdk): 0/125000/359278/2541278
05:35:00 [main] BlockchainServiceImpl - replay in progress on the SDK path — acquiring the wake lock
05:35:00 [main] BlockchainServiceImpl - MEM pss=912MB nativeHeap=717/851MB jvm=19/576MB
05:35:00 [main] BlockchainServiceImpl - History of transactions/blocks/headers/mnlistdiff (sdk): 0/0/0/0, 0/125000/359278/2541278
05:35:03 [native-log-bridge] DashSdkNative - 09-19 00:34:35.303  4533  5133 I DashSDK : platform_wallet::changeset::core_bridge: wallet-event batch: folded=1 wallets=1 synced_height_persisted=Some(414000) synced_height_frozen=None synced_height_rejected=None faulted=0
05:35:03 [native-log-bridge] DashSdkNative - 09-19 00:34:37.626  4533  5135 I DashSDK : platform_wallet::changeset::core_bridge: wallet-event batch: folded=1 wallets=1 synced_height_persisted=Some(419000) synced_height_frozen=None synced_height_rejected=None faulted=0
05:35:03 [native-log-bridge] DashSdkNative - 09-19 00:34:39.349  4533  5134 I DashSDK : platform_wallet::changeset::core_bridge: wallet-event batch: folded=1 wallets=1 synced_height_persisted=Some(424000) synced_height_frozen=None synced_height_rejected=None faulted=0
05:35:03 [native-log-bridge] DashSdkNative - 09-19 00:34:41.240  4533  5135 I DashSDK : platform_wallet::changeset::core_bridge: wallet-event batch: folded=1 wallets=1 synced_height_persisted=Some(429000) synced_height_frozen=None synced_height_rejected=None faulted=0
05:35:03 [native-log-bridge] DashSdkNative - 09-19 00:34:43.277  4533  5135 I DashSDK : platform_wallet::changeset::core_bridge: wallet-event batch: folded=1 wallets=1 synced_height_persisted=Some(434000) synced_height_frozen=None synced_height_rejected=None faulted=0
05:35:03 [native-log-bridge] DashSdkNative - 09-19 00:34:45.760  4533  5135 I DashSDK : platform_wallet::changeset::core_bridge: wallet-event batch: folded=1 wallets=1 synced_height_persisted=Some(439000) synced_height_frozen=None synced_height_rejected=None faulted=0
05:35:03 [native-log-bridge] DashSdkNative - 09-19 00:34:46.677  4533  5133 I DashSDK : platform_wallet::changeset::core_bridge: wallet-event batch: folded=1 wallets=1 synced_height_persisted=Some(444000) synced_height_frozen=None synced_height_rejected=None faulted=0
05:35:03 [native-log-bridge] DashSdkNative - 09-19 00:34:49.307  4533  5133 I DashSDK : platform_wallet::changeset::core_bridge: wallet-event batch: folded=1 wallets=1 synced_height_persisted=Some(449000) synced_height_frozen=None synced_height_rejected=None faulted=0
05:35:03 [native-log-bridge] DashSdkNative - 09-19 00:34:50.830  4533  5133 I DashSDK : platform_wallet::changeset::core_bridge: wallet-event batch: folded=1 wallets=1 synced_height_persisted=Some(454000) synced_height_frozen=None synced_height_rejected=None faulted=0
05:35:03 [native-log-bridge] DashSdkNative - 09-19 00:34:52.910  4533  5133 I DashSDK : platform_wallet::changeset::core_bridge: wallet-event batch: folded=1 wallets=1 synced_height_persisted=Some(459000) synced_height_frozen=None synced_height_rejected=None faulted=0
05:35:03 [native-log-bridge] DashSdkNative - 09-19 00:34:54.172  4533  5133 I DashSDK : platform_wallet::changeset::core_bridge: wallet-event batch: folded=1 wallets=1 synced_height_persisted=Some(464000) synced_height_frozen=None synced_height_rejected=None faulted=0
05:35:03 [native-log-bridge] DashSdkNative - 09-19 00:34:55.779  4533  5134 I DashSDK : platform_wallet::changeset::core_bridge: wallet-event batch: folded=1 wallets=1 synced_height_persisted=Some(469000) synced_height_frozen=None synced_height_rejected=None faulted=0
05:35:03 [native-log-bridge] DashSdkNative - 09-19 00:34:56.892  4533  5133 I DashSDK : platform_wallet::changeset::core_bridge: wallet-event batch: folded=1 wallets=1 synced_height_persisted=Some(474000) synced_height_frozen=None synced_height_rejected=None faulted=0
05:35:03 [native-log-bridge] DashSdkNative - 09-19 00:34:58.318  4533  5134 I DashSDK : platform_wallet::changeset::core_bridge: wallet-event batch: folded=1 wallets=1 synced_height_persisted=Some(479000) synced_height_frozen=None synced_height_rejected=None faulted=0
05:35:03 [native-log-bridge] DashSdkNative - 09-19 00:35:00.141  4533  5132 I DashSDK : platform_wallet::changeset::core_bridge: wallet-event batch: folded=1 wallets=1 synced_height_persisted=Some(484000) synced_height_frozen=None synced_height_rejected=None faulted=0
05:35:03 [native-log-bridge] DashSdkNative - 09-19 00:35:01.141  4533  5132 I DashSDK : platform_wallet::changeset::core_bridge: wallet-event batch: folded=1 wallets=1 synced_height_persisted=Some(489000) synced_height_frozen=None synced_height_rejected=None faulted=0
05:35:03 [native-log-bridge] DashSdkNative - 09-19 00:35:02.609  4533  5132 I DashSDK : platform_wallet::changeset::core_bridge: wallet-event batch: folded=1 wallets=1 synced_height_persisted=Some(494000) synced_height_frozen=None synced_height_rejected=None faulted=0
05:35:16 [main] SecurityGuard - loading security guard [healthy=true] with keys: [keystore_healthy, fallback_pin_wallet_password_key, primary_ui_pin_key, modern_encryption_migration_complete, fallback_mnemonic_wallet_password_key, primary_wallet_password_key, fallback_mnemonic_ui_pin_key]
05:35:16 [main] ModernEncryptionProvider - Decrypted data for alias: ui_pin_key
05:35:16 [main] BiometricHelper - No biometric credentials
05:35:20 [DefaultDispatcher-worker-4] L1ShadowSyncService - L1Shadow phase=FILTERS 74.9% headers 2541278/2541278 filters 624000/2541278 wallet 624000
05:35:20 [DefaultDispatcher-worker-4] L1ShadowSyncService - ReplayMemTelemetry phase=FILTERS nativeHeapAllocated=683016832 nativeHeapSize=899227648 jvmUsed=20658224 jvmMax=603979776 headers 2541278/2541278 filters 624000 wallet 624000
05:35:33 [native-log-bridge] DashSdkNative - 09-19 00:35:03.296  4533  5135 I DashSDK : platform_wallet::changeset::core_bridge: wallet-event batch: folded=1 wallets=1 synced_height_persisted=Some(499000) synced_height_frozen=None synced_height_rejected=None faulted=0
05:35:33 [native-log-bridge] DashSdkNative - 09-19 00:35:04.127  4533  5133 I DashSDK : platform_wallet::changeset::core_bridge: wallet-event batch: folded=1 wallets=1 synced_height_persisted=Some(504000) synced_height_frozen=None synced_height_rejected=None faulted=0
05:35:33 [native-log-bridge] DashSdkNative - 09-19 00:35:05.044  4533  5133 I DashSDK : platform_wallet::changeset::core_bridge: wallet-event batch: folded=1 wallets=1 synced_height_persisted=Some(509000) synced_height_frozen=None synced_height_rejected=None faulted=0
05:35:33 [native-log-bridge] DashSdkNative - 09-19 00:35:06.064  4533  5132 I DashSDK : platform_wallet::changeset::core_bridge: wallet-event batch: folded=1 wallets=1 synced_height_persisted=Some(514000) synced_height_frozen=None synced_height_rejected=None faulted=0
05:35:33 [native-log-bridge] DashSdkNative - 09-19 00:35:06.883  4533  5134 I DashSDK : platform_wallet::changeset::core_bridge: wallet-event batch: folded=1 wallets=1 synced_height_persisted=Some(519000) synced_height_frozen=None synced_height_rejected=None faulted=0
05:35:33 [native-log-bridge] DashSdkNative - 09-19 00:35:07.620  4533  5133 I DashSDK : platform_wallet::changeset::core_bridge: wallet-event batch: folded=1 wallets=1 synced_height_persisted=Some(524000) synced_height_frozen=None synced_height_rejected=None faulted=0
05:35:33 [native-log-bridge] DashSdkNative - 09-19 00:35:09.153  4533  5134 I DashSDK : platform_wallet::changeset::core_bridge: wallet-event batch: folded=1 wallets=1 synced_height_persisted=Some(529000) synced_height_frozen=None synced_height_rejected=None faulted=0
05:35:33 [native-log-bridge] DashSdkNative - 09-19 00:35:09.875  4533  5135 I DashSDK : platform_wallet::changeset::core_bridge: wallet-event batch: folded=1 wallets=1 synced_height_persisted=Some(534000) synced_height_frozen=None synced_height_rejected=None faulted=0
05:35:33 [native-log-bridge] DashSdkNative - 09-19 00:35:10.508  4533  5134 I DashSDK : platform_wallet::changeset::core_bridge: wallet-event batch: folded=1 wallets=1 synced_height_persisted=Some(539000) synced_height_frozen=None synced_height_rejected=None faulted=0
05:35:33 [native-log-bridge] DashSdkNative - 09-19 00:35:11.472  4533  5135 I DashSDK : platform_wallet::changeset::core_bridge: wallet-event batch: folded=1 wallets=1 synced_height_persisted=Some(544000) synced_height_frozen=None synced_height_rejected=None faulted=0
05:35:33 [native-log-bridge] DashSdkNative - 09-19 00:35:12.098  4533  5135 I DashSDK : platform_wallet::changeset::core_bridge: wallet-event batch: folded=1 wallets=1 synced_height_persisted=Some(549000) synced_height_frozen=None synced_height_rejected=None faulted=0
05:35:33 [native-log-bridge] DashSdkNative - 09-19 00:35:12.545  4533  5133 I DashSDK : platform_wallet::changeset::core_bridge: wallet-event batch: folded=1 wallets=1 synced_height_persisted=Some(554000) synced_height_frozen=None synced_height_rejected=None faulted=0
05:35:33 [native-log-bridge] DashSdkNative - 09-19 00:35:13.135  4533  5134 I DashSDK : platform_wallet::changeset::core_bridge: wallet-event batch: folded=1 wallets=1 synced_height_persisted=Some(559000) synced_height_frozen=None synced_height_rejected=None faulted=0
05:35:33 [native-log-bridge] DashSdkNative - 09-19 00:35:13.866  4533  5134 I DashSDK : platform_wallet::changeset::core_bridge: wallet-event batch: folded=1 wallets=1 synced_height_persisted=Some(564000) synced_height_frozen=None synced_height_rejected=None faulted=0
05:35:33 [native-log-bridge] DashSdkNative - 09-19 00:35:14.407  4533  5132 I DashSDK : platform_wallet::changeset::core_bridge: wallet-event batch: folded=1 wallets=1 synced_height_persisted=Some(569000) synced_height_frozen=None synced_height_rejected=None faulted=0
05:35:33 [native-log-bridge] DashSdkNative - 09-19 00:35:14.812  4533  5134 I DashSDK : platform_wallet::changeset::core_bridge: wallet-event batch: folded=1 wallets=1 synced_height_persisted=Some(574000) synced_height_frozen=None synced_height_rejected=None faulted=0
05:35:33 [native-log-bridge] DashSdkNative - 09-19 00:35:15.013  4533  5133 I DashSDK : platform_wallet::changeset::core_bridge: wallet-event batch: folded=1 wallets=1 synced_height_persisted=Some(579000) synced_height_frozen=None synced_height_rejected=None faulted=0
05:35:33 [native-log-bridge] DashSdkNative - 09-19 00:35:15.292  4533  5135 I DashSDK : platform_wallet::changeset::core_bridge: wallet-event batch: folded=1 wallets=1 synced_height_persisted=Some(584000) synced_height_frozen=None synced_height_rejected=None faulted=0
05:35:33 [native-log-bridge] DashSdkNative - 09-19 00:35:16.025  4533  5133 I DashSDK : platform_wallet::changeset::core_bridge: wallet-event batch: folded=1 wallets=1 synced_height_persisted=Some(589000) synced_height_frozen=None synced_height_rejected=None faulted=0
05:35:33 [native-log-bridge] DashSdkNative - 09-19 00:35:17.072  4533  5135 I DashSDK : platform_wallet::changeset::core_bridge: wallet-event batch: folded=1 wallets=1 synced_height_persisted=Some(594000) synced_height_frozen=None synced_height_rejected=None faulted=0
05:35:33 [native-log-bridge] DashSdkNative - 09-19 00:35:17.721  4533  5132 I DashSDK : platform_wallet::changeset::core_bridge: wallet-event batch: folded=1 wallets=1 synced_height_persisted=Some(599000) synced_height_frozen=None synced_height_rejected=None faulted=0
05:35:33 [native-log-bridge] DashSdkNative - 09-19 00:35:18.251  4533  5134 I DashSDK : platform_wallet::changeset::core_bridge: wallet-event batch: folded=1 wallets=1 synced_height_persisted=Some(604000) synced_height_frozen=None synced_height_rejected=None faulted=0
05:35:33 [native-log-bridge] DashSdkNative - 09-19 00:35:18.529  4533  5132 I DashSDK : platform_wallet::changeset::core_bridge: wallet-event batch: folded=1 wallets=1 synced_height_persisted=Some(609000) synced_height_frozen=None synced_height_rejected=None faulted=0
05:35:33 [native-log-bridge] DashSdkNative - 09-19 00:35:18.781  4533  5133 I DashSDK : platform_wallet::changeset::core_bridge: wallet-event batch: folded=1 wallets=1 synced_height_persisted=Some(614000) synced_height_frozen=None synced_height_rejected=None faulted=0
05:35:33 [native-log-bridge] DashSdkNative - 09-19 00:35:19.154  4533  5134 I DashSDK : platform_wallet::changeset::core_bridge: wallet-event batch: folded=1 wallets=1 synced_height_persisted=Some(619000) synced_height_frozen=None synced_height_rejected=None faulted=0
05:35:33 [native-log-bridge] DashSdkNative - 09-19 00:35:20.334  4533  5134 I DashSDK : platform_wallet::changeset::core_bridge: wallet-event batch: folded=1 wallets=1 synced_height_persisted=Some(624000) synced_height_frozen=None synced_height_rejected=None faulted=0
05:35:33 [native-log-bridge] DashSdkNative - 09-19 00:35:22.196  4533  5135 I DashSDK : platform_wallet::changeset::core_bridge: wallet-event batch: folded=1 wallets=1 synced_height_persisted=Some(629000) synced_height_frozen=None synced_height_rejected=None faulted=0
05:35:33 [native-log-bridge] DashSdkNative - 09-19 00:35:25.444  4533  5133 I DashSDK : platform_wallet::changeset::core_bridge: wallet-event batch: folded=1 wallets=1 synced_height_persisted=Some(634000) synced_height_frozen=None synced_height_rejected=None faulted=0
05:35:33 [native-log-bridge] DashSdkNative - 09-19 00:35:27.637  4533  5135 I DashSDK : platform_wallet::changeset::core_bridge: wallet-event batch: folded=1 wallets=1 synced_height_persisted=Some(639000) synced_height_frozen=None synced_height_rejected=None faulted=0
05:35:33 [native-log-bridge] DashSdkNative - 09-19 00:35:28.189  4533  5132 I DashSDK : platform_wallet::changeset::core_bridge: wallet-event batch: folded=1 wallets=1 synced_height_persisted=Some(644000) synced_height_frozen=None synced_height_rejected=None faulted=0
05:35:33 [native-log-bridge] DashSdkNative - 09-19 00:35:28.673  4533  5135 I DashSDK : platform_wallet::changeset::core_bridge: wallet-event batch: folded=1 wallets=1 synced_height_persisted=Some(649000) synced_height_frozen=None synced_height_rejected=None faulted=0
05:35:33 [native-log-bridge] DashSdkNative - 09-19 00:35:29.321  4533  5133 I DashSDK : platform_wallet::changeset::core_bridge: wallet-event batch: folded=1 wallets=1 synced_height_persisted=Some(654000) synced_height_frozen=None synced_height_rejected=None faulted=0
05:35:33 [native-log-bridge] DashSdkNative - 09-19 00:35:29.821  4533  5134 I DashSDK : platform_wallet::changeset::core_bridge: wallet-event batch: folded=1 wallets=1 synced_height_persisted=Some(659000) synced_height_frozen=None synced_height_rejected=None faulted=0
05:35:33 [native-log-bridge] DashSdkNative - 09-19 00:35:30.046  4533  5135 I DashSDK : platform_wallet::changeset::core_bridge: wallet-event batch: folded=1 wallets=1 synced_height_persisted=Some(664000) synced_height_frozen=None synced_height_rejected=None faulted=0
05:35:33 [native-log-bridge] DashSdkNative - 09-19 00:35:30.389  4533  5134 I DashSDK : platform_wallet::changeset::core_bridge: wallet-event batch: folded=1 wallets=1 synced_height_persisted=Some(669000) synced_height_frozen=None synced_height_rejected=None faulted=0
05:35:33 [native-log-bridge] DashSdkNative - 09-19 00:35:30.696  4533  5135 I DashSDK : platform_wallet::changeset::core_bridge: wallet-event batch: folded=1 wallets=1 synced_height_persisted=Some(674000) synced_height_frozen=None synced_height_rejected=None faulted=0
05:35:33 [native-log-bridge] DashSdkNative - 09-19 00:35:31.014  4533  5135 I DashSDK : platform_wallet::changeset::core_bridge: wallet-event batch: folded=1 wallets=1 synced_height_persisted=Some(679000) synced_height_frozen=None synced_height_rejected=None faulted=0
05:35:33 [native-log-bridge] DashSdkNative - 09-19 00:35:31.261  4533  5135 I DashSDK : platform_wallet::changeset::core_bridge: wallet-event batch: folded=1 wallets=1 synced_height_persisted=Some(684000) synced_height_frozen=None synced_height_rejected=None faulted=0
05:35:33 [native-log-bridge] DashSdkNative - 09-19 00:35:31.481  4533  5135 I DashSDK : platform_wallet::changeset::core_bridge: wallet-event batch: folded=1 wallets=1 synced_height_persisted=Some(689000) synced_height_frozen=None synced_height_rejected=None faulted=0
05:35:33 [native-log-bridge] DashSdkNative - 09-19 00:35:32.485  4533  5135 I DashSDK : platform_wallet::changeset::core_bridge: wallet-event batch: folded=1 wallets=1 synced_height_persisted=Some(694000) synced_height_frozen=None synced_height_rejected=None faulted=0
05:35:33 [native-log-bridge] DashSdkNative - 09-19 00:35:32.699  4533  5133 I DashSDK : platform_wallet::changeset::core_bridge: wallet-event batch: folded=1 wallets=1 synced_height_persisted=Some(699000) synced_height_frozen=None synced_height_rejected=None faulted=0
05:35:33 [native-log-bridge] DashSdkNative - 09-19 00:35:33.012  4533  5134 I DashSDK : platform_wallet::changeset::core_bridge: wallet-event batch: folded=1 wallets=1 synced_height_persisted=Some(704000) synced_height_frozen=None synced_height_rejected=None faulted=0
05:35:37 [DefaultDispatcher-worker-4] BlockchainServiceImpl - network capabilities changed: 100, hasInternet: true, validated: true
05:35:37 [DefaultDispatcher-worker-4] BlockchainServiceImpl - acquiring check() mutex
05:35:37 [DefaultDispatcher-worker-4] BlockchainServiceImpl - check()
05:35:37 [DefaultDispatcher-worker-4] BlockchainServiceImpl - cutover committed — holding the dashj L1 engine; SDK owns L1 this launch
05:35:37 [DefaultDispatcher-worker-4] BlockchainServiceImpl - releasing check() mutex
05:35:40 [DefaultDispatcher-worker-2] BlockchainServiceImpl - network capabilities changed: 100, hasInternet: true, validated: true
05:35:40 [DefaultDispatcher-worker-2] BlockchainServiceImpl - acquiring check() mutex
05:35:40 [DefaultDispatcher-worker-2] BlockchainServiceImpl - check()
05:35:40 [DefaultDispatcher-worker-2] BlockchainServiceImpl - cutover committed — holding the dashj L1 engine; SDK owns L1 this launch
05:35:40 [DefaultDispatcher-worker-2] BlockchainServiceImpl - releasing check() mutex
05:35:46 [DefaultDispatcher-worker-7] BlockchainServiceImpl - network capabilities changed: 100, hasInternet: true, validated: true
05:35:46 [DefaultDispatcher-worker-7] BlockchainServiceImpl - acquiring check() mutex
05:35:46 [DefaultDispatcher-worker-7] BlockchainServiceImpl - check()
05:35:46 [DefaultDispatcher-worker-7] BlockchainServiceImpl - cutover committed — holding the dashj L1 engine; SDK owns L1 this launch
05:35:46 [DefaultDispatcher-worker-7] BlockchainServiceImpl - releasing check() mutex
05:35:49 [DefaultDispatcher-worker-11] BlockchainServiceImpl - network capabilities changed: 100, hasInternet: true, validated: true
05:35:49 [DefaultDispatcher-worker-11] BlockchainServiceImpl - acquiring check() mutex
05:35:49 [DefaultDispatcher-worker-11] BlockchainServiceImpl - check()
05:35:49 [DefaultDispatcher-worker-11] BlockchainServiceImpl - cutover committed — holding the dashj L1 engine; SDK owns L1 this launch
05:35:49 [DefaultDispatcher-worker-11] BlockchainServiceImpl - releasing check() mutex
05:35:49 [DefaultDispatcher-worker-12] CutoverUiDataService - cutover UI display sync: 2 SDK records → 2 inserts, 0 status updates
05:35:49 [main] WalletTransactionsFragment - STARTUP submitData called on thread=main at 1789796149406
05:35:49 [main] WalletTransactionsFragment - STARTUP swapping to live adapter: 3 items at 1789796149483
05:35:51 [DefaultDispatcher-worker-10] L1ShadowSyncService - L1Shadow phase=FILTERS 78.5% headers 2541278/2541278 filters 899000/2541278 wallet 899000
05:35:51 [DefaultDispatcher-worker-10] L1ShadowSyncService - ReplayMemTelemetry phase=FILTERS nativeHeapAllocated=795558416 nativeHeapSize=933105664 jvmUsed=22650592 jvmMax=603979776 headers 2541278/2541278 filters 899000 wallet 899000
05:35:55 [DefaultDispatcher-worker-9] BlockchainServiceImpl - network capabilities changed: 100, hasInternet: true, validated: true
05:35:55 [DefaultDispatcher-worker-9] BlockchainServiceImpl - acquiring check() mutex
05:35:55 [DefaultDispatcher-worker-9] BlockchainServiceImpl - check()
05:35:55 [DefaultDispatcher-worker-9] BlockchainServiceImpl - cutover committed — holding the dashj L1 engine; SDK owns L1 this launch
05:35:55 [DefaultDispatcher-worker-9] BlockchainServiceImpl - releasing check() mutex
05:35:58 [DefaultDispatcher-worker-2] BlockchainServiceImpl - network capabilities changed: 100, hasInternet: true, validated: true
05:35:58 [DefaultDispatcher-worker-2] BlockchainServiceImpl - acquiring check() mutex
05:35:58 [DefaultDispatcher-worker-2] BlockchainServiceImpl - check()
05:35:58 [DefaultDispatcher-worker-2] BlockchainServiceImpl - cutover committed — holding the dashj L1 engine; SDK owns L1 this launch
05:35:58 [DefaultDispatcher-worker-2] BlockchainServiceImpl - releasing check() mutex
05:36:00 [main] BlockchainServiceImpl - MEM pss=951MB nativeHeap=750/906MB jvm=22/576MB
05:36:00 [main] BlockchainServiceImpl - History of transactions/blocks/headers/mnlistdiff (sdk): 0/500000/0/0, 0/0/0/0, 0/125000/359278/2541278
05:36:03 [native-log-bridge] DashSdkNative - 09-19 00:35:33.282  4533  5132 I DashSDK : platform_wallet::changeset::core_bridge: wallet-event batch: folded=1 wallets=1 synced_height_persisted=Some(709000) synced_height_frozen=None synced_height_rejected=None faulted=0
05:36:03 [native-log-bridge] DashSdkNative - 09-19 00:35:33.920  4533  5134 I DashSDK : platform_wallet::changeset::core_bridge: wallet-event batch: folded=1 wallets=1 synced_height_persisted=Some(714000) synced_height_frozen=None synced_height_rejected=None faulted=0
05:36:03 [native-log-bridge] DashSdkNative - 09-19 00:35:34.128  4533  5133 I DashSDK : platform_wallet::changeset::core_bridge: wallet-event batch: folded=1 wallets=1 synced_height_persisted=Some(719000) synced_height_frozen=None synced_height_rejected=None faulted=0
05:36:03 [native-log-bridge] DashSdkNative - 09-19 00:35:34.532  4533  5133 I DashSDK : platform_wallet::changeset::core_bridge: wallet-event batch: folded=1 wallets=1 synced_height_persisted=Some(724000) synced_height_frozen=None synced_height_rejected=None faulted=0
05:36:03 [native-log-bridge] DashSdkNative - 09-19 00:35:34.912  4533  5135 I DashSDK : platform_wallet::changeset::core_bridge: wallet-event batch: folded=1 wallets=1 synced_height_persisted=Some(729000) synced_height_frozen=None synced_height_rejected=None faulted=0
05:36:03 [native-log-bridge] DashSdkNative - 09-19 00:35:35.109  4533  5133 I DashSDK : platform_wallet::changeset::core_bridge: wallet-event batch: folded=1 wallets=1 synced_height_persisted=Some(734000) synced_height_frozen=None synced_height_rejected=None faulted=0
05:36:03 [native-log-bridge] DashSdkNative - 09-19 00:35:35.628  4533  5132 I DashSDK : platform_wallet::changeset::core_bridge: wallet-event batch: folded=1 wallets=1 synced_height_persisted=Some(739000) synced_height_frozen=None synced_height_rejected=None faulted=0
05:36:03 [native-log-bridge] DashSdkNative - 09-19 00:35:35.946  4533  5134 I DashSDK : platform_wallet::changeset::core_bridge: wallet-event batch: folded=1 wallets=1 synced_height_persisted=Some(744000) synced_height_frozen=None synced_height_rejected=None faulted=0
05:36:03 [native-log-bridge] DashSdkNative - 09-19 00:35:36.726  4533  5133 I DashSDK : platform_wallet::changeset::core_bridge: wallet-event batch: folded=1 wallets=1 synced_height_persisted=Some(749000) synced_height_frozen=None synced_height_rejected=None faulted=0
05:36:03 [native-log-bridge] DashSdkNative - 09-19 00:35:37.148  4533  5134 I DashSDK : platform_wallet::changeset::core_bridge: wallet-event batch: folded=1 wallets=1 synced_height_persisted=Some(754000) synced_height_frozen=None synced_height_rejected=None faulted=0
05:36:03 [native-log-bridge] DashSdkNative - 09-19 00:35:38.153  4533  5135 I DashSDK : platform_wallet::changeset::core_bridge: wallet-event batch: folded=1 wallets=1 synced_height_persisted=Some(759000) synced_height_frozen=None synced_height_rejected=None faulted=0
05:36:03 [native-log-bridge] DashSdkNative - 09-19 00:35:38.687  4533  5132 I DashSDK : platform_wallet::changeset::core_bridge: wallet-event batch: folded=1 wallets=1 synced_height_persisted=Some(764000) synced_height_frozen=None synced_height_rejected=None faulted=0
05:36:03 [native-log-bridge] DashSdkNative - 09-19 00:35:39.147  4533  5132 I DashSDK : platform_wallet::changeset::core_bridge: wallet-event batch: folded=1 wallets=1 synced_height_persisted=Some(769000) synced_height_frozen=None synced_height_rejected=None faulted=0
05:36:03 [native-log-bridge] DashSdkNative - 09-19 00:35:39.339  4533  5132 I DashSDK : platform_wallet::changeset::core_bridge: wallet-event batch: folded=1 wallets=1 synced_height_persisted=Some(774000) synced_height_frozen=None synced_height_rejected=None faulted=0
05:36:03 [native-log-bridge] DashSdkNative - 09-19 00:35:39.699  4533  5132 I DashSDK : platform_wallet::changeset::core_bridge: wallet-event batch: folded=1 wallets=1 synced_height_persisted=Some(779000) synced_height_frozen=None synced_height_rejected=None faulted=0
05:36:03 [native-log-bridge] DashSdkNative - 09-19 00:35:40.257  4533  5134 I DashSDK : platform_wallet::changeset::core_bridge: wallet-event batch: folded=1 wallets=1 synced_height_persisted=Some(784000) synced_height_frozen=None synced_height_rejected=None faulted=0
05:36:03 [native-log-bridge] DashSdkNative - 09-19 00:35:40.657  4533  5132 I DashSDK : platform_wallet::changeset::core_bridge: wallet-event batch: folded=1 wallets=1 synced_height_persisted=Some(789000) synced_height_frozen=None synced_height_rejected=None faulted=0
05:36:03 [native-log-bridge] DashSdkNative - 09-19 00:35:41.165  4533  5134 I DashSDK : platform_wallet::changeset::core_bridge: wallet-event batch: folded=1 wallets=1 synced_height_persisted=Some(794000) synced_height_frozen=None synced_height_rejected=None faulted=0
05:36:03 [native-log-bridge] DashSdkNative - 09-19 00:35:41.613  4533  5132 I DashSDK : platform_wallet::changeset::core_bridge: wallet-event batch: folded=1 wallets=1 synced_height_persisted=Some(799000) synced_height_frozen=None synced_height_rejected=None faulted=0
05:36:03 [native-log-bridge] DashSdkNative - 09-19 00:35:42.078  4533  5132 I DashSDK : platform_wallet::changeset::core_bridge: wallet-event batch: folded=1 wallets=1 synced_height_persisted=Some(804000) synced_height_frozen=None synced_height_rejected=None faulted=0
05:36:03 [native-log-bridge] DashSdkNative - 09-19 00:35:42.616  4533  5134 I DashSDK : platform_wallet::changeset::core_bridge: wallet-event batch: folded=1 wallets=1 synced_height_persisted=Some(809000) synced_height_frozen=None synced_height_rejected=None faulted=0
05:36:03 [native-log-bridge] DashSdkNative - 09-19 00:35:43.280  4533  5135 I DashSDK : platform_wallet::changeset::core_bridge: wallet-event batch: folded=1 wallets=1 synced_height_persisted=Some(814000) synced_height_frozen=None synced_height_rejected=None faulted=0
05:36:03 [native-log-bridge] DashSdkNative - 09-19 00:35:44.297  4533  5133 I DashSDK : platform_wallet::changeset::core_bridge: wallet-event batch: folded=1 wallets=1 synced_height_persisted=Some(819000) synced_height_frozen=None synced_height_rejected=None faulted=0
05:36:03 [native-log-bridge] DashSdkNative - 09-19 00:35:44.470  4533  5135 I DashSDK : platform_wallet::changeset::core_bridge: wallet-event batch: folded=1 wallets=1 synced_height_persisted=Some(824000) synced_height_frozen=None synced_height_rejected=None faulted=0
05:36:03 [native-log-bridge] DashSdkNative - 09-19 00:35:44.723  4533  5134 I DashSDK : platform_wallet::changeset::core_bridge: wallet-event batch: folded=1 wallets=1 synced_height_persisted=Some(829000) synced_height_frozen=None synced_height_rejected=None faulted=0
05:36:03 [native-log-bridge] DashSdkNative - 09-19 00:35:45.139  4533  5132 I DashSDK : platform_wallet::changeset::core_bridge: wallet-event batch: folded=1 wallets=1 synced_height_persisted=Some(834000) synced_height_frozen=None synced_height_rejected=None faulted=0
05:36:03 [native-log-bridge] DashSdkNative - 09-19 00:35:45.564  4533  5133 I DashSDK : platform_wallet::changeset::core_bridge: wallet-event batch: folded=1 wallets=1 synced_height_persisted=Some(839000) synced_height_frozen=None synced_height_rejected=None faulted=0
05:36:03 [native-log-bridge] DashSdkNative - 09-19 00:35:46.097  4533  5134 I DashSDK : platform_wallet::changeset::core_bridge: wallet-event batch: folded=1 wallets=1 synced_height_persisted=Some(844000) synced_height_frozen=None synced_height_rejected=None faulted=0
05:36:03 [native-log-bridge] DashSdkNative - 09-19 00:35:46.498  4533  5132 I DashSDK : platform_wallet::changeset::core_bridge: wallet-event batch: folded=1 wallets=1 synced_height_persisted=Some(849000) synced_height_frozen=None synced_height_rejected=None faulted=0
05:36:03 [native-log-bridge] DashSdkNative - 09-19 00:35:46.682  4533  5134 I DashSDK : platform_wallet::changeset::core_bridge: wallet-event batch: folded=1 wallets=1 synced_height_persisted=Some(854000) synced_height_frozen=None synced_height_rejected=None faulted=0
05:36:03 [native-log-bridge] DashSdkNative - 09-19 00:35:47.093  4533  5132 I DashSDK : platform_wallet::changeset::core_bridge: wallet-event batch: folded=1 wallets=1 synced_height_persisted=Some(859000) synced_height_frozen=None synced_height_rejected=None faulted=0
05:36:03 [native-log-bridge] DashSdkNative - 09-19 00:35:47.367  4533  5134 I DashSDK : platform_wallet::changeset::core_bridge: wallet-event batch: folded=1 wallets=1 synced_height_persisted=Some(864000) synced_height_frozen=None synced_height_rejected=None faulted=0
05:36:03 [native-log-bridge] DashSdkNative - 09-19 00:35:47.912  4533  5134 I DashSDK : platform_wallet::changeset::core_bridge: wallet-event batch: folded=1 wallets=1 synced_height_persisted=Some(869000) synced_height_frozen=None synced_height_rejected=None faulted=0
05:36:03 [native-log-bridge] DashSdkNative - 09-19 00:35:48.191  4533  5135 I DashSDK : platform_wallet::changeset::core_bridge: wallet-event batch: folded=1 wallets=1 synced_height_persisted=Some(874000) synced_height_frozen=None synced_height_rejected=None faulted=0
05:36:03 [native-log-bridge] DashSdkNative - 09-19 00:35:48.965  4533  5135 I DashSDK : platform_wallet::changeset::core_bridge: wallet-event batch: folded=1 wallets=1 synced_height_persisted=Some(879000) synced_height_frozen=None synced_height_rejected=None faulted=0
05:36:03 [native-log-bridge] DashSdkNative - 09-19 00:35:49.319  4533  5134 I DashSDK : platform_wallet::changeset::core_bridge: wallet 0b91f36de2613a410303e8309b4f92a150738ae018695d2030b33e64ccea7b2e: withholding 1 new UTXO(s) already observed spent in an earlier-processed block (#649): 6d49881892429d6e0c1eca781ca2ac38f49edb803b38638bbcd4a494bcb638d8:0 (1000000 duffs)
05:36:03 [native-log-bridge] DashSdkNative - 09-19 00:35:49.361  4533  5135 I DashSDK : platform_wallet::changeset::core_bridge: wallet-event batch: folded=2 wallets=1 synced_height_persisted=None synced_height_frozen=None synced_height_rejected=None faulted=0
05:36:03 [native-log-bridge] DashSdkNative - 09-19 00:35:49.362  4533  5134 I DashSDK : platform_wallet::changeset::core_bridge: wallet-event batch: folded=1 wallets=1 synced_height_persisted=Some(884000) synced_height_frozen=None synced_height_rejected=None faulted=0
05:36:03 [native-log-bridge] DashSdkNative - 09-19 00:35:49.775  4533  5135 I DashSDK : platform_wallet::changeset::core_bridge: wallet-event batch: folded=1 wallets=1 synced_height_persisted=Some(889000) synced_height_frozen=None synced_height_rejected=None faulted=0
05:36:03 [native-log-bridge] DashSdkNative - 09-19 00:35:50.182  4533  5135 I DashSDK : platform_wallet::changeset::core_bridge: wallet-event batch: folded=1 wallets=1 synced_height_persisted=Some(894000) synced_height_frozen=None synced_height_rejected=None faulted=0
05:36:03 [native-log-bridge] DashSdkNative - 09-19 00:35:50.581  4533  5133 I DashSDK : platform_wallet::changeset::core_bridge: wallet-event batch: folded=1 wallets=1 synced_height_persisted=Some(899000) synced_height_frozen=None synced_height_rejected=None faulted=0
05:36:03 [native-log-bridge] DashSdkNative - 09-19 00:35:51.315  4533  5132 I DashSDK : platform_wallet::changeset::core_bridge: wallet-event batch: folded=1 wallets=1 synced_height_persisted=Some(904000) synced_height_frozen=None synced_height_rejected=None faulted=0
05:36:03 [native-log-bridge] DashSdkNative - 09-19 00:35:51.859  4533  5135 I DashSDK : platform_wallet::changeset::core_bridge: wallet-event batch: folded=1 wallets=1 synced_height_persisted=Some(909000) synced_height_frozen=None synced_height_rejected=None faulted=0
05:36:03 [native-log-bridge] DashSdkNative - 09-19 00:35:52.401  4533  5135 I DashSDK : platform_wallet::changeset::core_bridge: wallet-event batch: folded=1 wallets=1 synced_height_persisted=Some(914000) synced_height_frozen=None synced_height_rejected=None faulted=0
05:36:03 [native-log-bridge] DashSdkNative - 09-19 00:35:53.177  4533  5132 I DashSDK : platform_wallet::changeset::core_bridge: wallet-event batch: folded=1 wallets=1 synced_height_persisted=Some(919000) synced_height_frozen=None synced_height_rejected=None faulted=0
05:36:03 [native-log-bridge] DashSdkNative - 09-19 00:35:53.415  4533  5135 I DashSDK : platform_wallet::changeset::core_bridge: wallet-event batch: folded=1 wallets=1 synced_height_persisted=Some(924000) synced_height_frozen=None synced_height_rejected=None faulted=0
05:36:03 [native-log-bridge] DashSdkNative - 09-19 00:35:54.214  4533  5133 I DashSDK : platform_wallet::changeset::core_bridge: wallet-event batch: folded=1 wallets=1 synced_height_persisted=Some(929000) synced_height_frozen=None synced_height_rejected=None faulted=0
05:36:03 [native-log-bridge] DashSdkNative - 09-19 00:35:54.472  4533  5132 I DashSDK : platform_wallet::changeset::core_bridge: wallet-event batch: folded=1 wallets=1 synced_height_persisted=Some(934000) synced_height_frozen=None synced_height_rejected=None faulted=0
05:36:03 [native-log-bridge] DashSdkNative - 09-19 00:35:55.097  4533  5134 I DashSDK : platform_wallet::changeset::core_bridge: wallet-event batch: folded=1 wallets=1 synced_height_persisted=Some(939000) synced_height_frozen=None synced_height_rejected=None faulted=0
05:36:03 [native-log-bridge] DashSdkNative - 09-19 00:35:55.420  4533  5132 I DashSDK : platform_wallet::changeset::core_bridge: wallet-event batch: folded=1 wallets=1 synced_height_persisted=Some(944000) synced_height_frozen=None synced_height_rejected=None faulted=0
05:36:03 [native-log-bridge] DashSdkNative - 09-19 00:35:55.961  4533  5135 I DashSDK : platform_wallet::changeset::core_bridge: wallet-event batch: folded=1 wallets=1 synced_height_persisted=Some(949000) synced_height_frozen=None synced_height_rejected=None faulted=0
05:36:03 [native-log-bridge] DashSdkNative - 09-19 00:35:56.294  4533  5133 I DashSDK : platform_wallet::changeset::core_bridge: wallet-event batch: folded=1 wallets=1 synced_height_persisted=Some(954000) synced_height_frozen=None synced_height_rejected=None faulted=0
05:36:03 [native-log-bridge] DashSdkNative - 09-19 00:35:57.093  4533  5135 I DashSDK : platform_wallet::changeset::core_bridge: wallet-event batch: folded=1 wallets=1 synced_height_persisted=Some(959000) synced_height_frozen=None synced_height_rejected=None faulted=0
05:36:03 [native-log-bridge] DashSdkNative - 09-19 00:35:57.286  4533  5135 I DashSDK : platform_wallet::changeset::core_bridge: wallet-event batch: folded=1 wallets=1 synced_height_persisted=Some(964000) synced_height_frozen=None synced_height_rejected=None faulted=0
05:36:03 [native-log-bridge] DashSdkNative - 09-19 00:35:57.893  4533  5132 I DashSDK : platform_wallet::changeset::core_bridge: wallet-event batch: folded=1 wallets=1 synced_height_persisted=Some(969000) synced_height_frozen=None synced_height_rejected=None faulted=0
05:36:03 [native-log-bridge] DashSdkNative - 09-19 00:35:58.293  4533  5135 I DashSDK : platform_wallet::changeset::core_bridge: wallet-event batch: folded=1 wallets=1 synced_height_persisted=Some(974000) synced_height_frozen=None synced_height_rejected=None faulted=0
05:36:03 [native-log-bridge] DashSdkNative - 09-19 00:35:58.922  4533  5135 I DashSDK : platform_wallet::changeset::core_bridge: wallet-event batch: folded=1 wallets=1 synced_height_persisted=Some(979000) synced_height_frozen=None synced_height_rejected=None faulted=0
05:36:03 [native-log-bridge] DashSdkNative - 09-19 00:35:59.358  4533  5132 I DashSDK : platform_wallet::changeset::core_bridge: wallet-event batch: folded=1 wallets=1 synced_height_persisted=Some(984000) synced_height_frozen=None synced_height_rejected=None faulted=0
05:36:03 [native-log-bridge] DashSdkNative - 09-19 00:35:59.627  4533  5134 I DashSDK : platform_wallet::changeset::core_bridge: wallet-event batch: folded=1 wallets=1 synced_height_persisted=Some(989000) synced_height_frozen=None synced_height_rejected=None faulted=0
05:36:03 [native-log-bridge] DashSdkNative - 09-19 00:36:00.130  4533  5132 I DashSDK : platform_wallet::changeset::core_bridge: wallet-event batch: folded=1 wallets=1 synced_height_persisted=Some(994000) synced_height_frozen=None synced_height_rejected=None faulted=0
05:36:03 [native-log-bridge] DashSdkNative - 09-19 00:36:00.819  4533  5132 I DashSDK : platform_wallet::changeset::core_bridge: wallet-event batch: folded=1 wallets=1 synced_height_persisted=Some(999000) synced_height_frozen=None synced_height_rejected=None faulted=0
05:36:03 [native-log-bridge] DashSdkNative - 09-19 00:36:01.211  4533  5134 I DashSDK : platform_wallet::changeset::core_bridge: wallet-event batch: folded=1 wallets=1 synced_height_persisted=Some(1004000) synced_height_frozen=None synced_height_rejected=None faulted=0
05:36:03 [native-log-bridge] DashSdkNative - 09-19 00:36:01.759  4533  5135 I DashSDK : platform_wallet::changeset::core_bridge: wallet-event batch: folded=1 wallets=1 synced_height_persisted=Some(1009000) synced_height_frozen=None synced_height_rejected=None faulted=0
05:36:03 [native-log-bridge] DashSdkNative - 09-19 00:36:02.426  4533  5134 I DashSDK : platform_wallet::changeset::core_bridge: wallet-event batch: folded=1 wallets=1 synced_height_persisted=Some(1014000) synced_height_frozen=None synced_height_rejected=None faulted=0
05:36:03 [native-log-bridge] DashSdkNative - 09-19 00:36:02.723  4533  5135 I DashSDK : platform_wallet::changeset::core_bridge: wallet-event batch: folded=1 wallets=1 synced_height_persisted=Some(1019000) synced_height_frozen=None synced_height_rejected=None faulted=0
05:36:03 [native-log-bridge] DashSdkNative - 09-19 00:36:03.259  4533  5133 I DashSDK : platform_wallet::changeset::core_bridge: wallet-event batch: folded=1 wallets=1 synced_height_persisted=Some(1024000) synced_height_frozen=None synced_height_rejected=None faulted=0
05:36:07 [DefaultDispatcher-worker-6] BlockchainServiceImpl - network capabilities changed: 100, hasInternet: true, validated: true
05:36:07 [DefaultDispatcher-worker-6] BlockchainServiceImpl - acquiring check() mutex
05:36:07 [DefaultDispatcher-worker-6] BlockchainServiceImpl - check()
05:36:07 [DefaultDispatcher-worker-6] BlockchainServiceImpl - cutover committed — holding the dashj L1 engine; SDK owns L1 this launch
05:36:07 [DefaultDispatcher-worker-6] BlockchainServiceImpl - releasing check() mutex
05:36:10 [DefaultDispatcher-worker-9] BlockchainServiceImpl - network capabilities changed: 100, hasInternet: true, validated: true
05:36:10 [DefaultDispatcher-worker-9] BlockchainServiceImpl - acquiring check() mutex
05:36:10 [DefaultDispatcher-worker-9] BlockchainServiceImpl - check()
05:36:10 [DefaultDispatcher-worker-9] BlockchainServiceImpl - cutover committed — holding the dashj L1 engine; SDK owns L1 this launch
05:36:10 [DefaultDispatcher-worker-9] BlockchainServiceImpl - releasing check() mutex
05:36:16 [DefaultDispatcher-worker-1] BlockchainServiceImpl - network capabilities changed: 100, hasInternet: true, validated: true
05:36:16 [DefaultDispatcher-worker-1] BlockchainServiceImpl - acquiring check() mutex
05:36:16 [DefaultDispatcher-worker-1] BlockchainServiceImpl - check()
05:36:16 [DefaultDispatcher-worker-1] BlockchainServiceImpl - cutover committed — holding the dashj L1 engine; SDK owns L1 this launch
05:36:16 [DefaultDispatcher-worker-1] BlockchainServiceImpl - releasing check() mutex
05:36:16 [main] BiometricHelper - No biometric credentials
05:36:16 [main] LockScreenActivity - fingerprint was disabled
05:36:16 [main] LockScreenActivity - LockState = ENTER_PIN
05:36:19 [DefaultDispatcher-worker-8] BlockchainServiceImpl - network capabilities changed: 100, hasInternet: true, validated: true
05:36:19 [DefaultDispatcher-worker-8] BlockchainServiceImpl - acquiring check() mutex
05:36:19 [DefaultDispatcher-worker-8] BlockchainServiceImpl - check()
05:36:19 [DefaultDispatcher-worker-8] BlockchainServiceImpl - cutover committed — holding the dashj L1 engine; SDK owns L1 this launch
05:36:19 [DefaultDispatcher-worker-8] BlockchainServiceImpl - releasing check() mutex
05:36:21 [DefaultDispatcher-worker-6] L1ShadowSyncService - L1Shadow phase=FILTERS 82.4% headers 2541279/2541279 filters 1199000/2541279 wallet 1199000
05:36:21 [DefaultDispatcher-worker-6] L1ShadowSyncService - ReplayMemTelemetry phase=FILTERS nativeHeapAllocated=849127328 nativeHeapSize=976756736 jvmUsed=21568256 jvmMax=603979776 headers 2541279/2541279 filters 1199000 wallet 1199000
05:36:33 [native-log-bridge] DashSdkNative - 09-19 00:36:03.793  4533  5134 I DashSDK : platform_wallet::changeset::core_bridge: wallet-event batch: folded=1 wallets=1 synced_height_persisted=Some(1029000) synced_height_frozen=None synced_height_rejected=None faulted=0
05:36:33 [native-log-bridge] DashSdkNative - 09-19 00:36:04.312  4533  5135 I DashSDK : platform_wallet::changeset::core_bridge: wallet-event batch: folded=1 wallets=1 synced_height_persisted=Some(1034000) synced_height_frozen=None synced_height_rejected=None faulted=0
05:36:33 [native-log-bridge] DashSdkNative - 09-19 00:36:04.731  4533  5135 I DashSDK : platform_wallet::changeset::core_bridge: wallet-event batch: folded=1 wallets=1 synced_height_persisted=Some(1039000) synced_height_frozen=None synced_height_rejected=None faulted=0
05:36:33 [native-log-bridge] DashSdkNative - 09-19 00:36:05.686  4533  5132 I DashSDK : platform_wallet::changeset::core_bridge: wallet-event batch: folded=1 wallets=1 synced_height_persisted=Some(1044000) synced_height_frozen=None synced_height_rejected=None faulted=0
05:36:33 [native-log-bridge] DashSdkNative - 09-19 00:36:06.033  4533  5132 I DashSDK : platform_wallet::changeset::core_bridge: wallet-event batch: folded=1 wallets=1 synced_height_persisted=Some(1049000) synced_height_frozen=None synced_height_rejected=None faulted=0
05:36:33 [native-log-bridge] DashSdkNative - 09-19 00:36:06.720  4533  5135 I DashSDK : platform_wallet::changeset::core_bridge: wallet-event batch: folded=1 wallets=1 synced_height_persisted=Some(1054000) synced_height_frozen=None synced_height_rejected=None faulted=0
05:36:33 [native-log-bridge] DashSdkNative - 09-19 00:36:07.125  4533  5133 I DashSDK : platform_wallet::changeset::core_bridge: wallet-event batch: folded=1 wallets=1 synced_height_persisted=Some(1059000) synced_height_frozen=None synced_height_rejected=None faulted=0
05:36:33 [native-log-bridge] DashSdkNative - 09-19 00:36:07.377  4533  5134 I DashSDK : platform_wallet::changeset::core_bridge: wallet-event batch: folded=1 wallets=1 synced_height_persisted=Some(1064000) synced_height_frozen=None synced_height_rejected=None faulted=0
05:36:33 [native-log-bridge] DashSdkNative - 09-19 00:36:07.742  4533  5134 I DashSDK : platform_wallet::changeset::core_bridge: wallet-event batch: folded=1 wallets=1 synced_height_persisted=Some(1069000) synced_height_frozen=None synced_height_rejected=None faulted=0
05:36:33 [native-log-bridge] DashSdkNative - 09-19 00:36:08.417  4533  5135 I DashSDK : platform_wallet::changeset::core_bridge: wallet-event batch: folded=1 wallets=1 synced_height_persisted=Some(1074000) synced_height_frozen=None synced_height_rejected=None faulted=0
05:36:33 [native-log-bridge] DashSdkNative - 09-19 00:36:08.699  4533  5134 I DashSDK : platform_wallet::changeset::core_bridge: wallet-event batch: folded=1 wallets=1 synced_height_persisted=Some(1079000) synced_height_frozen=None synced_height_rejected=None faulted=0
05:36:33 [native-log-bridge] DashSdkNative - 09-19 00:36:09.099  4533  5132 I DashSDK : platform_wallet::changeset::core_bridge: wallet-event batch: folded=1 wallets=1 synced_height_persisted=Some(1084000) synced_height_frozen=None synced_height_rejected=None faulted=0
05:36:33 [native-log-bridge] DashSdkNative - 09-19 00:36:09.605  4533  5135 I DashSDK : platform_wallet::changeset::core_bridge: wallet-event batch: folded=1 wallets=1 synced_height_persisted=Some(1089000) synced_height_frozen=None synced_height_rejected=None faulted=0
05:36:33 [native-log-bridge] DashSdkNative - 09-19 00:36:10.133  4533  5132 I DashSDK : platform_wallet::changeset::core_bridge: wallet-event batch: folded=1 wallets=1 synced_height_persisted=Some(1094000) synced_height_frozen=None synced_height_rejected=None faulted=0
05:36:33 [native-log-bridge] DashSdkNative - 09-19 00:36:10.627  4533  5132 I DashSDK : platform_wallet::changeset::core_bridge: wallet-event batch: folded=1 wallets=1 synced_height_persisted=Some(1099000) synced_height_frozen=None synced_height_rejected=None faulted=0
05:36:33 [native-log-bridge] DashSdkNative - 09-19 00:36:11.103  4533  5132 I DashSDK : platform_wallet::changeset::core_bridge: wallet-event batch: folded=1 wallets=1 synced_height_persisted=Some(1104000) synced_height_frozen=None synced_height_rejected=None faulted=0
05:36:33 [native-log-bridge] DashSdkNative - 09-19 00:36:11.729  4533  5134 I DashSDK : platform_wallet::changeset::core_bridge: wallet-event batch: folded=1 wallets=1 synced_height_persisted=Some(1109000) synced_height_frozen=None synced_height_rejected=None faulted=0
05:36:33 [native-log-bridge] DashSdkNative - 09-19 00:36:11.948  4533  5134 I DashSDK : platform_wallet::changeset::core_bridge: wallet-event batch: folded=1 wallets=1 synced_height_persisted=Some(1114000) synced_height_frozen=None synced_height_rejected=None faulted=0
05:36:33 [native-log-bridge] DashSdkNative - 09-19 00:36:13.034  4533  5133 I DashSDK : platform_wallet::changeset::core_bridge: wallet-event batch: folded=1 wallets=1 synced_height_persisted=Some(1119000) synced_height_frozen=None synced_height_rejected=None faulted=0
05:36:33 [native-log-bridge] DashSdkNative - 09-19 00:36:13.397  4533  5134 I DashSDK : platform_wallet::changeset::core_bridge: wallet-event batch: folded=1 wallets=1 synced_height_persisted=Some(1124000) synced_height_frozen=None synced_height_rejected=None faulted=0
05:36:33 [native-log-bridge] DashSdkNative - 09-19 00:36:14.002  4533  5132 I DashSDK : platform_wallet::changeset::core_bridge: wallet-event batch: folded=1 wallets=1 synced_height_persisted=Some(1129000) synced_height_frozen=None synced_height_rejected=None faulted=0
05:36:33 [native-log-bridge] DashSdkNative - 09-19 00:36:14.629  4533  5132 I DashSDK : platform_wallet::changeset::core_bridge: wallet-event batch: folded=1 wallets=1 synced_height_persisted=Some(1134000) synced_height_frozen=None synced_height_rejected=None faulted=0
05:36:33 [native-log-bridge] DashSdkNative - 09-19 00:36:15.696  4533  5135 I DashSDK : platform_wallet::changeset::core_bridge: wallet-event batch: folded=1 wallets=1 synced_height_persisted=Some(1139000) synced_height_frozen=None synced_height_rejected=None faulted=0
05:36:33 [native-log-bridge] DashSdkNative - 09-19 00:36:16.344  4533  5133 I DashSDK : platform_wallet::changeset::core_bridge: wallet-event batch: folded=1 wallets=1 synced_height_persisted=Some(1144000) synced_height_frozen=None synced_height_rejected=None faulted=0
05:36:33 [native-log-bridge] DashSdkNative - 09-19 00:36:16.551  4533  5132 I DashSDK : platform_wallet::changeset::core_bridge: wallet-event batch: folded=1 wallets=1 synced_height_persisted=Some(1149000) synced_height_frozen=None synced_height_rejected=None faulted=0
05:36:33 [native-log-bridge] DashSdkNative - 09-19 00:36:16.830  4533  5134 I DashSDK : platform_wallet::changeset::core_bridge: wallet-event batch: folded=1 wallets=1 synced_height_persisted=Some(1154000) synced_height_frozen=None synced_height_rejected=None faulted=0
05:36:33 [native-log-bridge] DashSdkNative - 09-19 00:36:17.180  4533  5133 I DashSDK : platform_wallet::changeset::core_bridge: wallet-event batch: folded=1 wallets=1 synced_height_persisted=Some(1159000) synced_height_frozen=None synced_height_rejected=None faulted=0
05:36:33 [native-log-bridge] DashSdkNative - 09-19 00:36:17.690  4533  5135 I DashSDK : platform_wallet::changeset::core_bridge: wallet-event batch: folded=1 wallets=1 synced_height_persisted=Some(1164000) synced_height_frozen=None synced_height_rejected=None faulted=0
05:36:33 [native-log-bridge] DashSdkNative - 09-19 00:36:18.321  4533  5132 I DashSDK : platform_wallet::changeset::core_bridge: wallet-event batch: folded=1 wallets=1 synced_height_persisted=Some(1169000) synced_height_frozen=None synced_height_rejected=None faulted=0
05:36:33 [native-log-bridge] DashSdkNative - 09-19 00:36:18.788  4533  5132 I DashSDK : platform_wallet::changeset::core_bridge: wallet-event batch: folded=1 wallets=1 synced_height_persisted=Some(1174000) synced_height_frozen=None synced_height_rejected=None faulted=0
05:36:33 [native-log-bridge] DashSdkNative - 09-19 00:36:19.333  4533  5133 I DashSDK : platform_wallet::changeset::core_bridge: wallet-event batch: folded=1 wallets=1 synced_height_persisted=Some(1179000) synced_height_frozen=None synced_height_rejected=None faulted=0
05:36:33 [native-log-bridge] DashSdkNative - 09-19 00:36:19.801  4533  5132 I DashSDK : platform_wallet::changeset::core_bridge: wallet-event batch: folded=1 wallets=1 synced_height_persisted=Some(1184000) synced_height_frozen=None synced_height_rejected=None faulted=0
05:36:33 [native-log-bridge] DashSdkNative - 09-19 00:36:20.275  4533  5133 I DashSDK : platform_wallet::changeset::core_bridge: wallet-event batch: folded=1 wallets=1 synced_height_persisted=Some(1189000) synced_height_frozen=None synced_height_rejected=None faulted=0
05:36:33 [native-log-bridge] DashSdkNative - 09-19 00:36:20.769  4533  5135 I DashSDK : platform_wallet::changeset::core_bridge: wallet-event batch: folded=1 wallets=1 synced_height_persisted=Some(1194000) synced_height_frozen=None synced_height_rejected=None faulted=0
05:36:33 [native-log-bridge] DashSdkNative - 09-19 00:36:21.199  4533  5134 I DashSDK : platform_wallet::changeset::core_bridge: wallet-event batch: folded=1 wallets=1 synced_height_persisted=Some(1199000) synced_height_frozen=None synced_height_rejected=None faulted=0
05:36:33 [native-log-bridge] DashSdkNative - 09-19 00:36:21.553  4533  5132 I DashSDK : platform_wallet::changeset::core_bridge: wallet-event batch: folded=1 wallets=1 synced_height_persisted=Some(1204000) synced_height_frozen=None synced_height_rejected=None faulted=0
05:36:33 [native-log-bridge] DashSdkNative - 09-19 00:36:21.723  4533  5135 I DashSDK : platform_wallet::changeset::core_bridge: wallet-event batch: folded=1 wallets=1 synced_height_persisted=Some(1209000) synced_height_frozen=None synced_height_rejected=None faulted=0
05:36:33 [native-log-bridge] DashSdkNative - 09-19 00:36:21.925  4533  5133 I DashSDK : platform_wallet::changeset::core_bridge: wallet-event batch: folded=1 wallets=1 synced_height_persisted=Some(1214000) synced_height_frozen=None synced_height_rejected=None faulted=0
05:36:33 [native-log-bridge] DashSdkNative - 09-19 00:36:22.378  4533  5135 I DashSDK : platform_wallet::changeset::core_bridge: wallet-event batch: folded=1 wallets=1 synced_height_persisted=Some(1219000) synced_height_frozen=None synced_height_rejected=None faulted=0
05:36:33 [native-log-bridge] DashSdkNative - 09-19 00:36:22.758  4533  5132 I DashSDK : platform_wallet::changeset::core_bridge: wallet-event batch: folded=1 wallets=1 synced_height_persisted=Some(1224000) synced_height_frozen=None synced_height_rejected=None faulted=0
05:36:33 [native-log-bridge] DashSdkNative - 09-19 00:36:23.117  4533  5133 I DashSDK : platform_wallet::changeset::core_bridge: wallet-event batch: folded=1 wallets=1 synced_height_persisted=Some(1229000) synced_height_frozen=None synced_height_rejected=None faulted=0
05:36:33 [native-log-bridge] DashSdkNative - 09-19 00:36:23.385  4533  5133 I DashSDK : platform_wallet::changeset::core_bridge: wallet-event batch: folded=1 wallets=1 synced_height_persisted=Some(1234000) synced_height_frozen=None synced_height_rejected=None faulted=0
05:36:33 [native-log-bridge] DashSdkNative - 09-19 00:36:23.845  4533  5135 I DashSDK : platform_wallet::changeset::core_bridge: wallet-event batch: folded=1 wallets=1 synced_height_persisted=Some(1239000) synced_height_frozen=None synced_height_rejected=None faulted=0
05:36:33 [native-log-bridge] DashSdkNative - 09-19 00:36:24.210  4533  5135 I DashSDK : platform_wallet::changeset::core_bridge: wallet-event batch: folded=1 wallets=1 synced_height_persisted=Some(1244000) synced_height_frozen=None synced_height_rejected=None faulted=0
05:36:33 [native-log-bridge] DashSdkNative - 09-19 00:36:24.529  4533  5135 I DashSDK : platform_wallet::changeset::core_bridge: wallet-event batch: folded=1 wallets=1 synced_height_persisted=Some(1249000) synced_height_frozen=None synced_height_rejected=None faulted=0
05:36:33 [native-log-bridge] DashSdkNative - 09-19 00:36:24.979  4533  5133 I DashSDK : platform_wallet::changeset::core_bridge: wallet-event batch: folded=1 wallets=1 synced_height_persisted=Some(1254000) synced_height_frozen=None synced_height_rejected=None faulted=0
05:36:33 [native-log-bridge] DashSdkNative - 09-19 00:36:25.381  4533  5132 I DashSDK : platform_wallet::changeset::core_bridge: wallet-event batch: folded=1 wallets=1 synced_height_persisted=Some(1259000) synced_height_frozen=None synced_height_rejected=None faulted=0
05:36:33 [native-log-bridge] DashSdkNative - 09-19 00:36:25.672  4533  5135 I DashSDK : platform_wallet::changeset::core_bridge: wallet-event batch: folded=1 wallets=1 synced_height_persisted=Some(1264000) synced_height_frozen=None synced_height_rejected=None faulted=0
05:36:33 [native-log-bridge] DashSdkNative - 09-19 00:36:25.929  4533  5135 I DashSDK : platform_wallet::changeset::core_bridge: wallet-event batch: folded=1 wallets=1 synced_height_persisted=Some(1269000) synced_height_frozen=None synced_height_rejected=None faulted=0
05:36:33 [native-log-bridge] DashSdkNative - 09-19 00:36:26.203  4533  5135 I DashSDK : platform_wallet::changeset::core_bridge: wallet-event batch: folded=1 wallets=1 synced_height_persisted=Some(1274000) synced_height_frozen=None synced_height_rejected=None faulted=0
05:36:33 [native-log-bridge] DashSdkNative - 09-19 00:36:26.533  4533  5133 I DashSDK : platform_wallet::changeset::core_bridge: wallet-event batch: folded=1 wallets=1 synced_height_persisted=Some(1279000) synced_height_frozen=None synced_height_rejected=None faulted=0
05:36:33 [native-log-bridge] DashSdkNative - 09-19 00:36:26.940  4533  5134 I DashSDK : platform_wallet::changeset::core_bridge: wallet-event batch: folded=1 wallets=1 synced_height_persisted=Some(1284000) synced_height_frozen=None synced_height_rejected=None faulted=0
05:36:33 [native-log-bridge] DashSdkNative - 09-19 00:36:27.229  4533  5133 I DashSDK : platform_wallet::changeset::core_bridge: wallet-event batch: folded=1 wallets=1 synced_height_persisted=Some(1289000) synced_height_frozen=None synced_height_rejected=None faulted=0
05:36:33 [native-log-bridge] DashSdkNative - 09-19 00:36:27.504  4533  5134 I DashSDK : platform_wallet::changeset::core_bridge: wallet-event batch: folded=1 wallets=1 synced_height_persisted=Some(1294000) synced_height_frozen=None synced_height_rejected=None faulted=0
05:36:33 [native-log-bridge] DashSdkNative - 09-19 00:36:27.796  4533  5134 I DashSDK : platform_wallet::changeset::core_bridge: wallet-event batch: folded=1 wallets=1 synced_height_persisted=Some(1299000) synced_height_frozen=None synced_height_rejected=None faulted=0
05:36:33 [native-log-bridge] DashSdkNative - 09-19 00:36:28.097  4533  5135 I DashSDK : platform_wallet::changeset::core_bridge: wallet-event batch: folded=1 wallets=1 synced_height_persisted=Some(1304000) synced_height_frozen=None synced_height_rejected=None faulted=0
05:36:33 [native-log-bridge] DashSdkNative - 09-19 00:36:28.322  4533  5132 I DashSDK : platform_wallet::changeset::core_bridge: wallet-event batch: folded=1 wallets=1 synced_height_persisted=Some(1309000) synced_height_frozen=None synced_height_rejected=None faulted=0
05:36:33 [native-log-bridge] DashSdkNative - 09-19 00:36:28.535  4533  5135 I DashSDK : platform_wallet::changeset::core_bridge: wallet-event batch: folded=1 wallets=1 synced_height_persisted=Some(1314000) synced_height_frozen=None synced_height_rejected=None faulted=0
05:36:33 [native-log-bridge] DashSdkNative - 09-19 00:36:28.795  4533  5132 I DashSDK : platform_wallet::changeset::core_bridge: wallet-event batch: folded=1 wallets=1 synced_height_persisted=Some(1319000) synced_height_frozen=None synced_height_rejected=None faulted=0
05:36:33 [native-log-bridge] DashSdkNative - 09-19 00:36:29.133  4533  5133 I DashSDK : platform_wallet::changeset::core_bridge: wallet-event batch: folded=1 wallets=1 synced_height_persisted=Some(1324000) synced_height_frozen=None synced_height_rejected=None faulted=0
05:36:33 [native-log-bridge] DashSdkNative - 09-19 00:36:29.379  4533  5133 I DashSDK : platform_wallet::changeset::core_bridge: wallet-event batch: folded=1 wallets=1 synced_height_persisted=Some(1329000) synced_height_frozen=None synced_height_rejected=None faulted=0
05:36:33 [native-log-bridge] DashSdkNative - 09-19 00:36:29.777  4533  5133 I DashSDK : platform_wallet::changeset::core_bridge: wallet-event batch: folded=1 wallets=1 synced_height_persisted=Some(1334000) synced_height_frozen=None synced_height_rejected=None faulted=0
05:36:33 [native-log-bridge] DashSdkNative - 09-19 00:36:30.195  4533  5135 I DashSDK : platform_wallet::changeset::core_bridge: wallet-event batch: folded=1 wallets=1 synced_height_persisted=Some(1339000) synced_height_frozen=None synced_height_rejected=None faulted=0
05:36:33 [native-log-bridge] DashSdkNative - 09-19 00:36:30.731  4533  5132 I DashSDK : platform_wallet::changeset::core_bridge: wallet-event batch: folded=1 wallets=1 synced_height_persisted=Some(1344000) synced_height_frozen=None synced_height_rejected=None faulted=0
05:36:33 [native-log-bridge] DashSdkNative - 09-19 00:36:31.187  4533  5135 I DashSDK : platform_wallet::changeset::core_bridge: wallet-event batch: folded=1 wallets=1 synced_height_persisted=Some(1349000) synced_height_frozen=None synced_height_rejected=None faulted=0
05:36:33 [native-log-bridge] DashSdkNative - 09-19 00:36:31.188  4533  5133 I DashSDK : platform_wallet::changeset::core_bridge: wallet-event batch: folded=1 wallets=1 synced_height_persisted=Some(1354000) synced_height_frozen=None synced_height_rejected=None faulted=0
05:36:33 [native-log-bridge] DashSdkNative - 09-19 00:36:31.363  4533  5133 I DashSDK : platform_wallet::changeset::core_bridge: wallet-event batch: folded=1 wallets=1 synced_height_persisted=Some(1359000) synced_height_frozen=None synced_height_rejected=None faulted=0
05:36:33 [native-log-bridge] DashSdkNative - 09-19 00:36:31.593  4533  5134 I DashSDK : platform_wallet::changeset::core_bridge: wallet-event batch: folded=1 wallets=1 synced_height_persisted=Some(1364000) synced_height_frozen=None synced_height_rejected=None faulted=0
05:36:33 [native-log-bridge] DashSdkNative - 09-19 00:36:31.920  4533  5133 I DashSDK : platform_wallet::changeset::core_bridge: wallet-event batch: folded=1 wallets=1 synced_height_persisted=Some(1369000) synced_height_frozen=None synced_height_rejected=None faulted=0
05:36:33 [native-log-bridge] DashSdkNative - 09-19 00:36:32.152  4533  5132 I DashSDK : platform_wallet::changeset::core_bridge: wallet-event batch: folded=1 wallets=1 synced_height_persisted=Some(1374000) synced_height_frozen=None synced_height_rejected=None faulted=0
05:36:33 [native-log-bridge] DashSdkNative - 09-19 00:36:32.415  4533  5134 I DashSDK : platform_wallet::changeset::core_bridge: wallet-event batch: folded=1 wallets=1 synced_height_persisted=Some(1379000) synced_height_frozen=None synced_height_rejected=None faulted=0
05:36:33 [native-log-bridge] DashSdkNative - 09-19 00:36:32.632  4533  5134 I DashSDK : platform_wallet::changeset::core_bridge: wallet-event batch: folded=1 wallets=1 synced_height_persisted=Some(1384000) synced_height_frozen=None synced_height_rejected=None faulted=0
05:36:33 [native-log-bridge] DashSdkNative - 09-19 00:36:32.992  4533  5134 I DashSDK : platform_wallet::changeset::core_bridge: wallet-event batch: folded=1 wallets=1 synced_height_persisted=Some(1389000) synced_height_frozen=None synced_height_rejected=None faulted=0
05:36:49 [DefaultDispatcher-worker-1] BlockchainServiceImpl - network capabilities changed: 100, hasInternet: true, validated: true
05:36:49 [DefaultDispatcher-worker-1] BlockchainServiceImpl - acquiring check() mutex
05:36:49 [DefaultDispatcher-worker-1] BlockchainServiceImpl - check()
05:36:49 [DefaultDispatcher-worker-1] BlockchainServiceImpl - cutover committed — holding the dashj L1 engine; SDK owns L1 this launch
05:36:49 [DefaultDispatcher-worker-1] BlockchainServiceImpl - releasing check() mutex
05:36:51 [DefaultDispatcher-worker-9] L1ShadowSyncService - L1Shadow phase=FILTERS 89.0% headers 2541279/2541279 filters 1699000/2541279 wallet 1704000
05:36:51 [DefaultDispatcher-worker-9] L1ShadowSyncService - ReplayMemTelemetry phase=FILTERS nativeHeapAllocated=842244528 nativeHeapSize=1040650240 jvmUsed=21453536 jvmMax=603979776 headers 2541279/2541279 filters 1699000 wallet 1704000
05:36:52 [DefaultDispatcher-worker-11] BlockchainServiceImpl - network capabilities changed: 100, hasInternet: true, validated: true
05:36:52 [DefaultDispatcher-worker-11] BlockchainServiceImpl - acquiring check() mutex
05:36:52 [DefaultDispatcher-worker-11] BlockchainServiceImpl - check()
05:36:52 [DefaultDispatcher-worker-11] BlockchainServiceImpl - cutover committed — holding the dashj L1 engine; SDK owns L1 this launch
05:36:52 [DefaultDispatcher-worker-11] BlockchainServiceImpl - releasing check() mutex
05:36:55 [DefaultDispatcher-worker-7] BlockchainServiceImpl - network capabilities changed: 100, hasInternet: true, validated: true
05:36:55 [DefaultDispatcher-worker-7] BlockchainServiceImpl - acquiring check() mutex
05:36:55 [DefaultDispatcher-worker-7] BlockchainServiceImpl - check()
05:36:55 [DefaultDispatcher-worker-7] BlockchainServiceImpl - cutover committed — holding the dashj L1 engine; SDK owns L1 this launch
05:36:55 [DefaultDispatcher-worker-7] BlockchainServiceImpl - releasing check() mutex
05:36:58 [DefaultDispatcher-worker-9] BlockchainServiceImpl - network capabilities changed: 100, hasInternet: true, validated: true
05:36:58 [DefaultDispatcher-worker-9] BlockchainServiceImpl - acquiring check() mutex
05:36:58 [DefaultDispatcher-worker-9] BlockchainServiceImpl - check()
05:36:58 [DefaultDispatcher-worker-9] BlockchainServiceImpl - cutover committed — holding the dashj L1 engine; SDK owns L1 this launch
05:36:58 [DefaultDispatcher-worker-9] BlockchainServiceImpl - releasing check() mutex
05:37:00 [main] BlockchainServiceImpl - MEM pss=958MB nativeHeap=759/985MB jvm=21/576MB
05:37:00 [main] BlockchainServiceImpl - History of transactions/blocks/headers/mnlistdiff (sdk): 0/805000/1/1, 0/500000/0/0, 0/0/0/0, 0/125000/359278/2541278
05:37:03 [native-log-bridge] DashSdkNative - 09-19 00:36:33.398  4533  5133 I DashSDK : platform_wallet::changeset::core_bridge: wallet-event batch: folded=1 wallets=1 synced_height_persisted=Some(1394000) synced_height_frozen=None synced_height_rejected=None faulted=0
05:37:03 [native-log-bridge] DashSdkNative - 09-19 00:36:33.693  4533  5132 I DashSDK : platform_wallet::changeset::core_bridge: wallet-event batch: folded=1 wallets=1 synced_height_persisted=Some(1399000) synced_height_frozen=None synced_height_rejected=None faulted=0
05:37:03 [native-log-bridge] DashSdkNative - 09-19 00:36:33.957  4533  5132 I DashSDK : platform_wallet::changeset::core_bridge: wallet-event batch: folded=1 wallets=1 synced_height_persisted=Some(1404000) synced_height_frozen=None synced_height_rejected=None faulted=0
05:37:03 [native-log-bridge] DashSdkNative - 09-19 00:36:34.186  4533  5132 I DashSDK : platform_wallet::changeset::core_bridge: wallet-event batch: folded=1 wallets=1 synced_height_persisted=Some(1409000) synced_height_frozen=None synced_height_rejected=None faulted=0
05:37:03 [native-log-bridge] DashSdkNative - 09-19 00:36:34.366  4533  5133 I DashSDK : platform_wallet::changeset::core_bridge: wallet-event batch: folded=1 wallets=1 synced_height_persisted=Some(1414000) synced_height_frozen=None synced_height_rejected=None faulted=0
05:37:03 [native-log-bridge] DashSdkNative - 09-19 00:36:34.607  4533  5135 I DashSDK : platform_wallet::changeset::core_bridge: wallet-event batch: folded=1 wallets=1 synced_height_persisted=Some(1419000) synced_height_frozen=None synced_height_rejected=None faulted=0
05:37:03 [native-log-bridge] DashSdkNative - 09-19 00:36:34.935  4533  5134 I DashSDK : platform_wallet::changeset::core_bridge: wallet-event batch: folded=1 wallets=1 synced_height_persisted=Some(1424000) synced_height_frozen=None synced_height_rejected=None faulted=0
05:37:03 [native-log-bridge] DashSdkNative - 09-19 00:36:35.197  4533  5132 I DashSDK : platform_wallet::changeset::core_bridge: wallet-event batch: folded=1 wallets=1 synced_height_persisted=Some(1429000) synced_height_frozen=None synced_height_rejected=None faulted=0
05:37:03 [native-log-bridge] DashSdkNative - 09-19 00:36:35.505  4533  5134 I DashSDK : platform_wallet::changeset::core_bridge: wallet-event batch: folded=1 wallets=1 synced_height_persisted=Some(1434000) synced_height_frozen=None synced_height_rejected=None faulted=0
05:37:03 [native-log-bridge] DashSdkNative - 09-19 00:36:35.774  4533  5133 I DashSDK : platform_wallet::changeset::core_bridge: wallet-event batch: folded=1 wallets=1 synced_height_persisted=Some(1439000) synced_height_frozen=None synced_height_rejected=None faulted=0
05:37:03 [native-log-bridge] DashSdkNative - 09-19 00:36:36.034  4533  5135 I DashSDK : platform_wallet::changeset::core_bridge: wallet-event batch: folded=1 wallets=1 synced_height_persisted=Some(1444000) synced_height_frozen=None synced_height_rejected=None faulted=0
05:37:03 [native-log-bridge] DashSdkNative - 09-19 00:36:36.274  4533  5133 I DashSDK : platform_wallet::changeset::core_bridge: wallet-event batch: folded=1 wallets=1 synced_height_persisted=Some(1449000) synced_height_frozen=None synced_height_rejected=None faulted=0
05:37:03 [native-log-bridge] DashSdkNative - 09-19 00:36:36.800  4533  5134 I DashSDK : platform_wallet::changeset::core_bridge: wallet-event batch: folded=1 wallets=1 synced_height_persisted=Some(1454000) synced_height_frozen=None synced_height_rejected=None faulted=0
05:37:03 [native-log-bridge] DashSdkNative - 09-19 00:36:37.016  4533  5135 I DashSDK : platform_wallet::changeset::core_bridge: wallet-event batch: folded=1 wallets=1 synced_height_persisted=Some(1459000) synced_height_frozen=None synced_height_rejected=None faulted=0
05:37:03 [native-log-bridge] DashSdkNative - 09-19 00:36:37.268  4533  5135 I DashSDK : platform_wallet::changeset::core_bridge: wallet-event batch: folded=1 wallets=1 synced_height_persisted=Some(1464000) synced_height_frozen=None synced_height_rejected=None faulted=0
05:37:03 [native-log-bridge] DashSdkNative - 09-19 00:36:37.592  4533  5134 I DashSDK : platform_wallet::changeset::core_bridge: wallet-event batch: folded=1 wallets=1 synced_height_persisted=Some(1469000) synced_height_frozen=None synced_height_rejected=None faulted=0
05:37:03 [native-log-bridge] DashSdkNative - 09-19 00:36:37.876  4533  5132 I DashSDK : platform_wallet::changeset::core_bridge: wallet-event batch: folded=1 wallets=1 synced_height_persisted=Some(1474000) synced_height_frozen=None synced_height_rejected=None faulted=0
05:37:03 [native-log-bridge] DashSdkNative - 09-19 00:36:38.079  4533  5133 I DashSDK : platform_wallet::changeset::core_bridge: wallet-event batch: folded=1 wallets=1 synced_height_persisted=Some(1479000) synced_height_frozen=None synced_height_rejected=None faulted=0
05:37:03 [native-log-bridge] DashSdkNative - 09-19 00:36:38.279  4533  5134 I DashSDK : platform_wallet::changeset::core_bridge: wallet-event batch: folded=1 wallets=1 synced_height_persisted=Some(1484000) synced_height_frozen=None synced_height_rejected=None faulted=0
05:37:03 [native-log-bridge] DashSdkNative - 09-19 00:36:38.564  4533  5135 I DashSDK : platform_wallet::changeset::core_bridge: wallet-event batch: folded=1 wallets=1 synced_height_persisted=Some(1489000) synced_height_frozen=None synced_height_rejected=None faulted=0
05:37:03 [native-log-bridge] DashSdkNative - 09-19 00:36:38.853  4533  5133 I DashSDK : platform_wallet::changeset::core_bridge: wallet-event batch: folded=1 wallets=1 synced_height_persisted=Some(1494000) synced_height_frozen=None synced_height_rejected=None faulted=0
05:37:03 [native-log-bridge] DashSdkNative - 09-19 00:36:39.140  4533  5132 I DashSDK : platform_wallet::changeset::core_bridge: wallet-event batch: folded=1 wallets=1 synced_height_persisted=Some(1499000) synced_height_frozen=None synced_height_rejected=None faulted=0
05:37:03 [native-log-bridge] DashSdkNative - 09-19 00:36:39.380  4533  5134 I DashSDK : platform_wallet::changeset::core_bridge: wallet-event batch: folded=1 wallets=1 synced_height_persisted=Some(1504000) synced_height_frozen=None synced_height_rejected=None faulted=0
05:37:03 [native-log-bridge] DashSdkNative - 09-19 00:36:39.597  4533  5135 I DashSDK : platform_wallet::changeset::core_bridge: wallet-event batch: folded=1 wallets=1 synced_height_persisted=Some(1509000) synced_height_frozen=None synced_height_rejected=None faulted=0
05:37:03 [native-log-bridge] DashSdkNative - 09-19 00:36:39.934  4533  5134 I DashSDK : platform_wallet::changeset::core_bridge: wallet-event batch: folded=1 wallets=1 synced_height_persisted=Some(1514000) synced_height_frozen=None synced_height_rejected=None faulted=0
05:37:03 [native-log-bridge] DashSdkNative - 09-19 00:36:40.373  4533  5134 I DashSDK : platform_wallet::changeset::core_bridge: wallet-event batch: folded=1 wallets=1 synced_height_persisted=Some(1519000) synced_height_frozen=None synced_height_rejected=None faulted=0
05:37:03 [native-log-bridge] DashSdkNative - 09-19 00:36:40.817  4533  5134 I DashSDK : platform_wallet::changeset::core_bridge: wallet-event batch: folded=1 wallets=1 synced_height_persisted=Some(1524000) synced_height_frozen=None synced_height_rejected=None faulted=0
05:37:03 [native-log-bridge] DashSdkNative - 09-19 00:36:41.190  4533  5132 I DashSDK : platform_wallet::changeset::core_bridge: wallet-event batch: folded=1 wallets=1 synced_height_persisted=Some(1529000) synced_height_frozen=None synced_height_rejected=None faulted=0
05:37:03 [native-log-bridge] DashSdkNative - 09-19 00:36:41.570  4533  5134 I DashSDK : platform_wallet::changeset::core_bridge: wallet-event batch: folded=1 wallets=1 synced_height_persisted=Some(1534000) synced_height_frozen=None synced_height_rejected=None faulted=0
05:37:03 [native-log-bridge] DashSdkNative - 09-19 00:36:41.839  4533  5132 I DashSDK : platform_wallet::changeset::core_bridge: wallet-event batch: folded=1 wallets=1 synced_height_persisted=Some(1539000) synced_height_frozen=None synced_height_rejected=None faulted=0
05:37:03 [native-log-bridge] DashSdkNative - 09-19 00:36:42.072  4533  5133 I DashSDK : platform_wallet::changeset::core_bridge: wallet-event batch: folded=1 wallets=1 synced_height_persisted=Some(1544000) synced_height_frozen=None synced_height_rejected=None faulted=0
05:37:03 [native-log-bridge] DashSdkNative - 09-19 00:36:42.304  4533  5133 I DashSDK : platform_wallet::changeset::core_bridge: wallet-event batch: folded=1 wallets=1 synced_height_persisted=Some(1549000) synced_height_frozen=None synced_height_rejected=None faulted=0
05:37:03 [native-log-bridge] DashSdkNative - 09-19 00:36:42.593  4533  5133 I DashSDK : platform_wallet::changeset::core_bridge: wallet-event batch: folded=1 wallets=1 synced_height_persisted=Some(1554000) synced_height_frozen=None synced_height_rejected=None faulted=0
05:37:03 [native-log-bridge] DashSdkNative - 09-19 00:36:42.889  4533  5132 I DashSDK : platform_wallet::changeset::core_bridge: wallet-event batch: folded=1 wallets=1 synced_height_persisted=Some(1559000) synced_height_frozen=None synced_height_rejected=None faulted=0
05:37:03 [native-log-bridge] DashSdkNative - 09-19 00:36:43.102  4533  5132 I DashSDK : platform_wallet::changeset::core_bridge: wallet-event batch: folded=1 wallets=1 synced_height_persisted=Some(1564000) synced_height_frozen=None synced_height_rejected=None faulted=0
05:37:03 [native-log-bridge] DashSdkNative - 09-19 00:36:43.317  4533  5132 I DashSDK : platform_wallet::changeset::core_bridge: wallet-event batch: folded=1 wallets=1 synced_height_persisted=Some(1569000) synced_height_frozen=None synced_height_rejected=None faulted=0
05:37:03 [native-log-bridge] DashSdkNative - 09-19 00:36:43.591  4533  5134 I DashSDK : platform_wallet::changeset::core_bridge: wallet-event batch: folded=1 wallets=1 synced_height_persisted=Some(1574000) synced_height_frozen=None synced_height_rejected=None faulted=0
05:37:03 [native-log-bridge] DashSdkNative - 09-19 00:36:43.895  4533  5134 I DashSDK : platform_wallet::changeset::core_bridge: wallet-event batch: folded=1 wallets=1 synced_height_persisted=Some(1579000) synced_height_frozen=None synced_height_rejected=None faulted=0
05:37:03 [native-log-bridge] DashSdkNative - 09-19 00:36:44.136  4533  5134 I DashSDK : platform_wallet::changeset::core_bridge: wallet-event batch: folded=1 wallets=1 synced_height_persisted=Some(1584000) synced_height_frozen=None synced_height_rejected=None faulted=0
05:37:03 [native-log-bridge] DashSdkNative - 09-19 00:36:44.406  4533  5135 I DashSDK : platform_wallet::changeset::core_bridge: wallet-event batch: folded=1 wallets=1 synced_height_persisted=Some(1589000) synced_height_frozen=None synced_height_rejected=None faulted=0
05:37:03 [native-log-bridge] DashSdkNative - 09-19 00:36:44.675  4533  5135 I DashSDK : platform_wallet::changeset::core_bridge: wallet-event batch: folded=1 wallets=1 synced_height_persisted=Some(1594000) synced_height_frozen=None synced_height_rejected=None faulted=0
05:37:03 [native-log-bridge] DashSdkNative - 09-19 00:36:45.024  4533  5132 I DashSDK : platform_wallet::changeset::core_bridge: wallet-event batch: folded=1 wallets=1 synced_height_persisted=Some(1599000) synced_height_frozen=None synced_height_rejected=None faulted=0
05:37:03 [native-log-bridge] DashSdkNative - 09-19 00:36:45.372  4533  5134 I DashSDK : platform_wallet::changeset::core_bridge: wallet-event batch: folded=1 wallets=1 synced_height_persisted=Some(1604000) synced_height_frozen=None synced_height_rejected=None faulted=0
05:37:03 [native-log-bridge] DashSdkNative - 09-19 00:36:45.646  4533  5134 I DashSDK : platform_wallet::changeset::core_bridge: wallet-event batch: folded=1 wallets=1 synced_height_persisted=Some(1609000) synced_height_frozen=None synced_height_rejected=None faulted=0
05:37:03 [native-log-bridge] DashSdkNative - 09-19 00:36:45.946  4533  5133 I DashSDK : platform_wallet::changeset::core_bridge: wallet-event batch: folded=1 wallets=1 synced_height_persisted=Some(1614000) synced_height_frozen=None synced_height_rejected=None faulted=0
05:37:03 [native-log-bridge] DashSdkNative - 09-19 00:36:46.310  4533  5132 I DashSDK : platform_wallet::changeset::core_bridge: wallet-event batch: folded=1 wallets=1 synced_height_persisted=Some(1619000) synced_height_frozen=None synced_height_rejected=None faulted=0
05:37:03 [native-log-bridge] DashSdkNative - 09-19 00:36:46.584  4533  5133 I DashSDK : platform_wallet::changeset::core_bridge: wallet-event batch: folded=1 wallets=1 synced_height_persisted=Some(1624000) synced_height_frozen=None synced_height_rejected=None faulted=0
05:37:03 [native-log-bridge] DashSdkNative - 09-19 00:36:46.774  4533  5135 I DashSDK : platform_wallet::changeset::core_bridge: wallet-event batch: folded=1 wallets=1 synced_height_persisted=Some(1629000) synced_height_frozen=None synced_height_rejected=None faulted=0
05:37:03 [native-log-bridge] DashSdkNative - 09-19 00:36:47.010  4533  5134 I DashSDK : platform_wallet::changeset::core_bridge: wallet-event batch: folded=1 wallets=1 synced_height_persisted=Some(1634000) synced_height_frozen=None synced_height_rejected=None faulted=0
05:37:03 [native-log-bridge] DashSdkNative - 09-19 00:36:47.237  4533  5132 I DashSDK : platform_wallet::changeset::core_bridge: wallet-event batch: folded=1 wallets=1 synced_height_persisted=Some(1639000) synced_height_frozen=None synced_height_rejected=None faulted=0
05:37:03 [native-log-bridge] DashSdkNative - 09-19 00:36:47.480  4533  5135 I DashSDK : platform_wallet::changeset::core_bridge: wallet-event batch: folded=1 wallets=1 synced_height_persisted=Some(1644000) synced_height_frozen=None synced_height_rejected=None faulted=0
05:37:03 [native-log-bridge] DashSdkNative - 09-19 00:36:47.808  4533  5133 I DashSDK : platform_wallet::changeset::core_bridge: wallet-event batch: folded=1 wallets=1 synced_height_persisted=Some(1649000) synced_height_frozen=None synced_height_rejected=None faulted=0
05:37:03 [native-log-bridge] DashSdkNative - 09-19 00:36:48.257  4533  5134 I DashSDK : platform_wallet::changeset::core_bridge: wallet-event batch: folded=1 wallets=1 synced_height_persisted=Some(1654000) synced_height_frozen=None synced_height_rejected=None faulted=0
05:37:03 [native-log-bridge] DashSdkNative - 09-19 00:36:48.566  4533  5133 I DashSDK : platform_wallet::changeset::core_bridge: wallet-event batch: folded=1 wallets=1 synced_height_persisted=Some(1659000) synced_height_frozen=None synced_height_rejected=None faulted=0
05:37:03 [native-log-bridge] DashSdkNative - 09-19 00:36:48.830  4533  5134 I DashSDK : platform_wallet::changeset::core_bridge: wallet-event batch: folded=1 wallets=1 synced_height_persisted=Some(1664000) synced_height_frozen=None synced_height_rejected=None faulted=0
05:37:03 [native-log-bridge] DashSdkNative - 09-19 00:36:49.085  4533  5135 I DashSDK : platform_wallet::changeset::core_bridge: wallet-event batch: folded=1 wallets=1 synced_height_persisted=Some(1669000) synced_height_frozen=None synced_height_rejected=None faulted=0
05:37:03 [native-log-bridge] DashSdkNative - 09-19 00:36:49.366  4533  5133 I DashSDK : platform_wallet::changeset::core_bridge: wallet-event batch: folded=1 wallets=1 synced_height_persisted=Some(1674000) synced_height_frozen=None synced_height_rejected=None faulted=0
05:37:03 [native-log-bridge] DashSdkNative - 09-19 00:36:49.627  4533  5135 I DashSDK : platform_wallet::changeset::core_bridge: wallet-event batch: folded=1 wallets=1 synced_height_persisted=Some(1679000) synced_height_frozen=None synced_height_rejected=None faulted=0
05:37:03 [native-log-bridge] DashSdkNative - 09-19 00:36:49.914  4533  5133 I DashSDK : platform_wallet::changeset::core_bridge: wallet-event batch: folded=1 wallets=1 synced_height_persisted=Some(1684000) synced_height_frozen=None synced_height_rejected=None faulted=0
05:37:03 [native-log-bridge] DashSdkNative - 09-19 00:36:50.154  4533  5133 I DashSDK : platform_wallet::changeset::core_bridge: wallet-event batch: folded=1 wallets=1 synced_height_persisted=Some(1689000) synced_height_frozen=None synced_height_rejected=None faulted=0
05:37:03 [native-log-bridge] DashSdkNative - 09-19 00:36:50.392  4533  5132 I DashSDK : platform_wallet::changeset::core_bridge: wallet-event batch: folded=1 wallets=1 synced_height_persisted=Some(1694000) synced_height_frozen=None synced_height_rejected=None faulted=0
05:37:03 [native-log-bridge] DashSdkNative - 09-19 00:36:51.205  4533  5133 I DashSDK : platform_wallet::changeset::core_bridge: wallet-event batch: folded=1 wallets=1 synced_height_persisted=Some(1699000) synced_height_frozen=None synced_height_rejected=None faulted=0
05:37:03 [native-log-bridge] DashSdkNative - 09-19 00:36:51.732  4533  5135 I DashSDK : platform_wallet::changeset::core_bridge: wallet-event batch: folded=1 wallets=1 synced_height_persisted=Some(1704000) synced_height_frozen=None synced_height_rejected=None faulted=0
05:37:03 [native-log-bridge] DashSdkNative - 09-19 00:36:51.998  4533  5134 I DashSDK : platform_wallet::changeset::core_bridge: wallet-event batch: folded=1 wallets=1 synced_height_persisted=Some(1709000) synced_height_frozen=None synced_height_rejected=None faulted=0
05:37:03 [native-log-bridge] DashSdkNative - 09-19 00:36:52.431  4533  5135 I DashSDK : platform_wallet::changeset::core_bridge: wallet-event batch: folded=1 wallets=1 synced_height_persisted=Some(1714000) synced_height_frozen=None synced_height_rejected=None faulted=0
05:37:03 [native-log-bridge] DashSdkNative - 09-19 00:36:52.820  4533  5132 I DashSDK : platform_wallet::changeset::core_bridge: wallet-event batch: folded=1 wallets=1 synced_height_persisted=Some(1719000) synced_height_frozen=None synced_height_rejected=None faulted=0
05:37:03 [native-log-bridge] DashSdkNative - 09-19 00:36:53.252  4533  5135 I DashSDK : platform_wallet::changeset::core_bridge: wallet-event batch: folded=1 wallets=1 synced_height_persisted=Some(1724000) synced_height_frozen=None synced_height_rejected=None faulted=0
05:37:03 [native-log-bridge] DashSdkNative - 09-19 00:36:54.471  4533  5132 I DashSDK : platform_wallet::changeset::core_bridge: wallet-event batch: folded=1 wallets=1 synced_height_persisted=Some(1729000) synced_height_frozen=None synced_height_rejected=None faulted=0
05:37:03 [native-log-bridge] DashSdkNative - 09-19 00:36:54.631  4533  5135 I DashSDK : platform_wallet::changeset::core_bridge: wallet-event batch: folded=1 wallets=1 synced_height_persisted=Some(1734000) synced_height_frozen=None synced_height_rejected=None faulted=0
05:37:03 [native-log-bridge] DashSdkNative - 09-19 00:36:55.053  4533  5133 I DashSDK : platform_wallet::changeset::core_bridge: wallet-event batch: folded=1 wallets=1 synced_height_persisted=Some(1739000) synced_height_frozen=None synced_height_rejected=None faulted=0
05:37:03 [native-log-bridge] DashSdkNative - 09-19 00:36:55.580  4533  5132 I DashSDK : platform_wallet::changeset::core_bridge: wallet-event batch: folded=1 wallets=1 synced_height_persisted=Some(1744000) synced_height_frozen=None synced_height_rejected=None faulted=0
05:37:03 [native-log-bridge] DashSdkNative - 09-19 00:36:56.272  4533  5134 I DashSDK : platform_wallet::changeset::core_bridge: wallet-event batch: folded=1 wallets=1 synced_height_persisted=Some(1749000) synced_height_frozen=None synced_height_rejected=None faulted=0
05:37:03 [native-log-bridge] DashSdkNative - 09-19 00:36:56.596  4533  5132 I DashSDK : platform_wallet::changeset::core_bridge: wallet-event batch: folded=1 wallets=1 synced_height_persisted=Some(1754000) synced_height_frozen=None synced_height_rejected=None faulted=0
05:37:03 [native-log-bridge] DashSdkNative - 09-19 00:36:57.578  4533  5132 I DashSDK : platform_wallet::changeset::core_bridge: wallet-event batch: folded=1 wallets=1 synced_height_persisted=Some(1759000) synced_height_frozen=None synced_height_rejected=None faulted=0
05:37:03 [native-log-bridge] DashSdkNative - 09-19 00:36:57.856  4533  5133 I DashSDK : platform_wallet::changeset::core_bridge: wallet-event batch: folded=1 wallets=1 synced_height_persisted=Some(1764000) synced_height_frozen=None synced_height_rejected=None faulted=0
05:37:03 [native-log-bridge] DashSdkNative - 09-19 00:36:58.330  4533  5132 I DashSDK : platform_wallet::changeset::core_bridge: wallet-event batch: folded=1 wallets=1 synced_height_persisted=Some(1769000) synced_height_frozen=None synced_height_rejected=None faulted=0
05:37:03 [native-log-bridge] DashSdkNative - 09-19 00:36:58.838  4533  5135 I DashSDK : platform_wallet::changeset::core_bridge: wallet-event batch: folded=1 wallets=1 synced_height_persisted=Some(1774000) synced_height_frozen=None synced_height_rejected=None faulted=0
05:37:03 [native-log-bridge] DashSdkNative - 09-19 00:36:59.098  4533  5134 I DashSDK : platform_wallet::changeset::core_bridge: wallet-event batch: folded=1 wallets=1 synced_height_persisted=Some(1779000) synced_height_frozen=None synced_height_rejected=None faulted=0
05:37:03 [native-log-bridge] DashSdkNative - 09-19 00:36:59.684  4533  5133 I DashSDK : platform_wallet::changeset::core_bridge: wallet-event batch: folded=1 wallets=1 synced_height_persisted=Some(1784000) synced_height_frozen=None synced_height_rejected=None faulted=0
05:37:03 [native-log-bridge] DashSdkNative - 09-19 00:37:00.363  4533  5133 I DashSDK : platform_wallet::changeset::core_bridge: wallet-event batch: folded=1 wallets=1 synced_height_persisted=Some(1789000) synced_height_frozen=None synced_height_rejected=None faulted=0
05:37:03 [native-log-bridge] DashSdkNative - 09-19 00:37:00.885  4533  5132 I DashSDK : platform_wallet::changeset::core_bridge: wallet-event batch: folded=1 wallets=1 synced_height_persisted=Some(1794000) synced_height_frozen=None synced_height_rejected=None faulted=0
05:37:03 [native-log-bridge] DashSdkNative - 09-19 00:37:01.672  4533  5134 I DashSDK : platform_wallet::changeset::core_bridge: wallet-event batch: folded=1 wallets=1 synced_height_persisted=Some(1799000) synced_height_frozen=None synced_height_rejected=None faulted=0
05:37:03 [native-log-bridge] DashSdkNative - 09-19 00:37:01.837  4533  5133 I DashSDK : platform_wallet::changeset::core_bridge: wallet-event batch: folded=1 wallets=1 synced_height_persisted=Some(1804000) synced_height_frozen=None synced_height_rejected=None faulted=0
05:37:03 [native-log-bridge] DashSdkNative - 09-19 00:37:02.533  4533  5134 I DashSDK : platform_wallet::changeset::core_bridge: wallet-event batch: folded=1 wallets=1 synced_height_persisted=Some(1809000) synced_height_frozen=None synced_height_rejected=None faulted=0
05:37:03 [native-log-bridge] DashSdkNative - 09-19 00:37:02.936  4533  5132 I DashSDK : platform_wallet::changeset::core_bridge: wallet-event batch: folded=1 wallets=1 synced_height_persisted=Some(1814000) synced_height_frozen=None synced_height_rejected=None faulted=0
05:37:19 [DefaultDispatcher-worker-1] BlockchainServiceImpl - network capabilities changed: 100, hasInternet: true, validated: true
05:37:19 [DefaultDispatcher-worker-1] BlockchainServiceImpl - acquiring check() mutex
05:37:19 [DefaultDispatcher-worker-1] BlockchainServiceImpl - check()
05:37:19 [DefaultDispatcher-worker-1] BlockchainServiceImpl - cutover committed — holding the dashj L1 engine; SDK owns L1 this launch
05:37:19 [DefaultDispatcher-worker-1] BlockchainServiceImpl - releasing check() mutex
05:37:21 [DefaultDispatcher-worker-13] CutoverUiDataService - cutover UI display sync: 4 SDK records → 2 inserts, 0 status updates
05:37:21 [main] WalletTransactionsFragment - STARTUP submitData called on thread=main at 1789796241026
05:37:21 [DefaultDispatcher-worker-12] L1ShadowSyncService - L1Shadow phase=FILTERS 92.8% headers 2541279/2541279 filters 1994000/2541279 wallet 1994000
05:37:21 [DefaultDispatcher-worker-12] L1ShadowSyncService - ReplayMemTelemetry phase=FILTERS nativeHeapAllocated=849007552 nativeHeapSize=1055236096 jvmUsed=21592800 jvmMax=603979776 headers 2541279/2541279 filters 1994000 wallet 1994000
05:37:22 [DefaultDispatcher-worker-2] BlockchainServiceImpl - network capabilities changed: 100, hasInternet: true, validated: true
05:37:22 [DefaultDispatcher-worker-2] BlockchainServiceImpl - acquiring check() mutex
05:37:22 [DefaultDispatcher-worker-2] BlockchainServiceImpl - check()
05:37:22 [DefaultDispatcher-worker-2] BlockchainServiceImpl - cutover committed — holding the dashj L1 engine; SDK owns L1 this launch
05:37:22 [DefaultDispatcher-worker-2] BlockchainServiceImpl - releasing check() mutex
05:37:33 [native-log-bridge] DashSdkNative - 09-19 00:37:03.459  4533  5132 I DashSDK : platform_wallet::changeset::core_bridge: wallet-event batch: folded=1 wallets=1 synced_height_persisted=Some(1819000) synced_height_frozen=None synced_height_rejected=None faulted=0
05:37:33 [native-log-bridge] DashSdkNative - 09-19 00:37:04.233  4533  5133 I DashSDK : platform_wallet::changeset::core_bridge: wallet-event batch: folded=1 wallets=1 synced_height_persisted=Some(1824000) synced_height_frozen=None synced_height_rejected=None faulted=0
05:37:33 [native-log-bridge] DashSdkNative - 09-19 00:37:04.617  4533  5133 I DashSDK : platform_wallet::changeset::core_bridge: wallet-event batch: folded=1 wallets=1 synced_height_persisted=Some(1829000) synced_height_frozen=None synced_height_rejected=None faulted=0
05:37:33 [native-log-bridge] DashSdkNative - 09-19 00:37:05.024  4533  5135 I DashSDK : platform_wallet::changeset::core_bridge: wallet-event batch: folded=1 wallets=1 synced_height_persisted=Some(1834000) synced_height_frozen=None synced_height_rejected=None faulted=0
05:37:33 [native-log-bridge] DashSdkNative - 09-19 00:37:05.672  4533  5132 I DashSDK : platform_wallet::changeset::core_bridge: wallet-event batch: folded=1 wallets=1 synced_height_persisted=Some(1839000) synced_height_frozen=None synced_height_rejected=None faulted=0
05:37:33 [native-log-bridge] DashSdkNative - 09-19 00:37:06.100  4533  5133 I DashSDK : platform_wallet::changeset::core_bridge: wallet-event batch: folded=1 wallets=1 synced_height_persisted=Some(1844000) synced_height_frozen=None synced_height_rejected=None faulted=0
05:37:33 [native-log-bridge] DashSdkNative - 09-19 00:37:06.584  4533  5132 I DashSDK : platform_wallet::changeset::core_bridge: wallet-event batch: folded=1 wallets=1 synced_height_persisted=Some(1849000) synced_height_frozen=None synced_height_rejected=None faulted=0
05:37:33 [native-log-bridge] DashSdkNative - 09-19 00:37:07.436  4533  5133 I DashSDK : platform_wallet::changeset::core_bridge: wallet-event batch: folded=1 wallets=1 synced_height_persisted=Some(1854000) synced_height_frozen=None synced_height_rejected=None faulted=0
05:37:33 [native-log-bridge] DashSdkNative - 09-19 00:37:07.745  4533  5132 I DashSDK : platform_wallet::changeset::core_bridge: wallet-event batch: folded=1 wallets=1 synced_height_persisted=Some(1859000) synced_height_frozen=None synced_height_rejected=None faulted=0
05:37:33 [native-log-bridge] DashSdkNative - 09-19 00:37:08.910  4533  5135 I DashSDK : platform_wallet::changeset::core_bridge: wallet-event batch: folded=1 wallets=1 synced_height_persisted=Some(1864000) synced_height_frozen=None synced_height_rejected=None faulted=0
05:37:33 [native-log-bridge] DashSdkNative - 09-19 00:37:09.054  4533  5135 I DashSDK : platform_wallet::changeset::core_bridge: wallet-event batch: folded=1 wallets=1 synced_height_persisted=Some(1869000) synced_height_frozen=None synced_height_rejected=None faulted=0
05:37:33 [native-log-bridge] DashSdkNative - 09-19 00:37:09.505  4533  5134 I DashSDK : platform_wallet::changeset::core_bridge: wallet-event batch: folded=1 wallets=1 synced_height_persisted=Some(1874000) synced_height_frozen=None synced_height_rejected=None faulted=0
05:37:33 [native-log-bridge] DashSdkNative - 09-19 00:37:09.877  4533  5135 I DashSDK : platform_wallet::changeset::core_bridge: wallet-event batch: folded=1 wallets=1 synced_height_persisted=Some(1879000) synced_height_frozen=None synced_height_rejected=None faulted=0
05:37:33 [native-log-bridge] DashSdkNative - 09-19 00:37:10.377  4533  5134 I DashSDK : platform_wallet::changeset::core_bridge: wallet-event batch: folded=1 wallets=1 synced_height_persisted=Some(1884000) synced_height_frozen=None synced_height_rejected=None faulted=0
05:37:33 [native-log-bridge] DashSdkNative - 09-19 00:37:10.810  4533  5132 I DashSDK : platform_wallet::changeset::core_bridge: wallet-event batch: folded=1 wallets=1 synced_height_persisted=Some(1889000) synced_height_frozen=None synced_height_rejected=None faulted=0
05:37:33 [native-log-bridge] DashSdkNative - 09-19 00:37:11.305  4533  5133 I DashSDK : platform_wallet::changeset::core_bridge: wallet-event batch: folded=1 wallets=1 synced_height_persisted=Some(1894000) synced_height_frozen=None synced_height_rejected=None faulted=0
05:37:33 [native-log-bridge] DashSdkNative - 09-19 00:37:11.573  4533  5134 I DashSDK : platform_wallet::changeset::core_bridge: wallet-event batch: folded=1 wallets=1 synced_height_persisted=Some(1899000) synced_height_frozen=None synced_height_rejected=None faulted=0
05:37:33 [native-log-bridge] DashSdkNative - 09-19 00:37:11.980  4533  5133 I DashSDK : platform_wallet::changeset::core_bridge: wallet-event batch: folded=1 wallets=1 synced_height_persisted=Some(1904000) synced_height_frozen=None synced_height_rejected=None faulted=0
05:37:33 [native-log-bridge] DashSdkNative - 09-19 00:37:12.780  4533  5133 I DashSDK : platform_wallet::changeset::core_bridge: wallet-event batch: folded=1 wallets=1 synced_height_persisted=Some(1909000) synced_height_frozen=None synced_height_rejected=None faulted=0
05:37:33 [native-log-bridge] DashSdkNative - 09-19 00:37:13.214  4533  5133 I DashSDK : platform_wallet::changeset::core_bridge: wallet-event batch: folded=1 wallets=1 synced_height_persisted=Some(1914000) synced_height_frozen=None synced_height_rejected=None faulted=0
05:37:33 [native-log-bridge] DashSdkNative - 09-19 00:37:14.720  4533  5135 I DashSDK : platform_wallet::changeset::core_bridge: wallet-event batch: folded=1 wallets=1 synced_height_persisted=Some(1919000) synced_height_frozen=None synced_height_rejected=None faulted=0
05:37:33 [native-log-bridge] DashSdkNative - 09-19 00:37:14.884  4533  5135 I DashSDK : platform_wallet::changeset::core_bridge: wallet-event batch: folded=1 wallets=1 synced_height_persisted=Some(1924000) synced_height_frozen=None synced_height_rejected=None faulted=0
05:37:33 [native-log-bridge] DashSdkNative - 09-19 00:37:15.286  4533  5135 I DashSDK : platform_wallet::changeset::core_bridge: wallet-event batch: folded=1 wallets=1 synced_height_persisted=Some(1929000) synced_height_frozen=None synced_height_rejected=None faulted=0
05:37:33 [native-log-bridge] DashSdkNative - 09-19 00:37:15.827  4533  5133 I DashSDK : platform_wallet::changeset::core_bridge: wallet-event batch: folded=1 wallets=1 synced_height_persisted=Some(1934000) synced_height_frozen=None synced_height_rejected=None faulted=0
05:37:33 [native-log-bridge] DashSdkNative - 09-19 00:37:16.578  4533  5132 I DashSDK : platform_wallet::changeset::core_bridge: wallet-event batch: folded=1 wallets=1 synced_height_persisted=Some(1939000) synced_height_frozen=None synced_height_rejected=None faulted=0
05:37:33 [native-log-bridge] DashSdkNative - 09-19 00:37:16.813  4533  5132 I DashSDK : platform_wallet::changeset::core_bridge: wallet-event batch: folded=1 wallets=1 synced_height_persisted=Some(1944000) synced_height_frozen=None synced_height_rejected=None faulted=0
05:37:33 [native-log-bridge] DashSdkNative - 09-19 00:37:17.269  4533  5135 I DashSDK : platform_wallet::changeset::core_bridge: wallet-event batch: folded=1 wallets=1 synced_height_persisted=Some(1949000) synced_height_frozen=None synced_height_rejected=None faulted=0
05:37:33 [native-log-bridge] DashSdkNative - 09-19 00:37:17.680  4533  5132 I DashSDK : platform_wallet::changeset::core_bridge: wallet-event batch: folded=1 wallets=1 synced_height_persisted=Some(1954000) synced_height_frozen=None synced_height_rejected=None faulted=0
05:37:33 [native-log-bridge] DashSdkNative - 09-19 00:37:18.156  4533  5134 I DashSDK : platform_wallet::changeset::core_bridge: wallet-event batch: folded=1 wallets=1 synced_height_persisted=Some(1959000) synced_height_frozen=None synced_height_rejected=None faulted=0
05:37:33 [native-log-bridge] DashSdkNative - 09-19 00:37:18.318  4533  5132 I DashSDK : platform_wallet::changeset::core_bridge: wallet-event batch: folded=1 wallets=1 synced_height_persisted=Some(1964000) synced_height_frozen=None synced_height_rejected=None faulted=0
05:37:33 [native-log-bridge] DashSdkNative - 09-19 00:37:19.113  4533  5133 I DashSDK : platform_wallet::changeset::core_bridge: wallet-event batch: folded=1 wallets=1 synced_height_persisted=Some(1969000) synced_height_frozen=None synced_height_rejected=None faulted=0
05:37:33 [native-log-bridge] DashSdkNative - 09-19 00:37:19.694  4533  5133 I DashSDK : platform_wallet::changeset::core_bridge: wallet-event batch: folded=1 wallets=1 synced_height_persisted=Some(1974000) synced_height_frozen=None synced_height_rejected=None faulted=0
05:37:33 [native-log-bridge] DashSdkNative - 09-19 00:37:20.090  4533  5132 I DashSDK : platform_wallet::changeset::core_bridge: wallet-event batch: folded=1 wallets=1 synced_height_persisted=Some(1979000) synced_height_frozen=None synced_height_rejected=None faulted=0
05:37:33 [native-log-bridge] DashSdkNative - 09-19 00:37:20.376  4533  5132 I DashSDK : platform_wallet::changeset::core_bridge: wallet-event batch: folded=1 wallets=1 synced_height_persisted=Some(1984000) synced_height_frozen=None synced_height_rejected=None faulted=0
05:37:33 [native-log-bridge] DashSdkNative - 09-19 00:37:20.857  4533  5135 I DashSDK : platform_wallet::changeset::core_bridge: wallet 0b91f36de2613a410303e8309b4f92a150738ae018695d2030b33e64ccea7b2e: withholding 1 new UTXO(s) already observed spent in an earlier-processed block (#649): 77dc9192a4176903fde535c7dc38432ce2089a47d461d3da7d38d2c5f43db3f7:0 (122000 duffs)
05:37:33 [native-log-bridge] DashSdkNative - 09-19 00:37:20.989  4533  5132 I DashSDK : platform_wallet::changeset::core_bridge: wallet-event batch: folded=2 wallets=1 synced_height_persisted=None synced_height_frozen=None synced_height_rejected=None faulted=0
05:37:33 [native-log-bridge] DashSdkNative - 09-19 00:37:20.999  4533  5132 I DashSDK : platform_wallet::changeset::core_bridge: wallet-event batch: folded=1 wallets=1 synced_height_persisted=Some(1989000) synced_height_frozen=None synced_height_rejected=None faulted=0
05:37:33 [native-log-bridge] DashSdkNative - 09-19 00:37:21.452  4533  5133 I DashSDK : platform_wallet::changeset::core_bridge: wallet-event batch: folded=1 wallets=1 synced_height_persisted=Some(1994000) synced_height_frozen=None synced_height_rejected=None faulted=0
05:37:33 [native-log-bridge] DashSdkNative - 09-19 00:37:21.945  4533  5134 I DashSDK : platform_wallet::changeset::core_bridge: wallet-event batch: folded=1 wallets=1 synced_height_persisted=Some(1999000) synced_height_frozen=None synced_height_rejected=None faulted=0
05:37:33 [native-log-bridge] DashSdkNative - 09-19 00:37:22.357  4533  5132 I DashSDK : platform_wallet::changeset::core_bridge: wallet-event batch: folded=1 wallets=1 synced_height_persisted=Some(2004000) synced_height_frozen=None synced_height_rejected=None faulted=0
05:37:33 [native-log-bridge] DashSdkNative - 09-19 00:37:22.874  4533  5134 I DashSDK : platform_wallet::changeset::core_bridge: wallet-event batch: folded=1 wallets=1 synced_height_persisted=Some(2009000) synced_height_frozen=None synced_height_rejected=None faulted=0
05:37:33 [native-log-bridge] DashSdkNative - 09-19 00:37:23.134  4533  5135 I DashSDK : platform_wallet::changeset::core_bridge: wallet-event batch: folded=1 wallets=1 synced_height_persisted=Some(2014000) synced_height_frozen=None synced_height_rejected=None faulted=0
05:37:33 [native-log-bridge] DashSdkNative - 09-19 00:37:23.452  4533  5132 I DashSDK : platform_wallet::changeset::core_bridge: wallet-event batch: folded=1 wallets=1 synced_height_persisted=Some(2019000) synced_height_frozen=None synced_height_rejected=None faulted=0
05:37:33 [native-log-bridge] DashSdkNative - 09-19 00:37:24.214  4533  5133 I DashSDK : platform_wallet::changeset::core_bridge: wallet-event batch: folded=1 wallets=1 synced_height_persisted=Some(2024000) synced_height_frozen=None synced_height_rejected=None faulted=0
05:37:33 [native-log-bridge] DashSdkNative - 09-19 00:37:24.528  4533  5135 I DashSDK : platform_wallet::changeset::core_bridge: wallet-event batch: folded=1 wallets=1 synced_height_persisted=Some(2029000) synced_height_frozen=None synced_height_rejected=None faulted=0
05:37:33 [native-log-bridge] DashSdkNative - 09-19 00:37:24.829  4533  5132 I DashSDK : platform_wallet::changeset::core_bridge: wallet-event batch: folded=1 wallets=1 synced_height_persisted=Some(2034000) synced_height_frozen=None synced_height_rejected=None faulted=0
05:37:33 [native-log-bridge] DashSdkNative - 09-19 00:37:25.506  4533  5132 I DashSDK : platform_wallet::changeset::core_bridge: wallet-event batch: folded=1 wallets=1 synced_height_persisted=Some(2039000) synced_height_frozen=None synced_height_rejected=None faulted=0
05:37:33 [native-log-bridge] DashSdkNative - 09-19 00:37:25.770  4533  5135 I DashSDK : platform_wallet::changeset::core_bridge: wallet-event batch: folded=1 wallets=1 synced_height_persisted=Some(2044000) synced_height_frozen=None synced_height_rejected=None faulted=0
05:37:33 [native-log-bridge] DashSdkNative - 09-19 00:37:26.316  4533  5133 I DashSDK : platform_wallet::changeset::core_bridge: wallet-event batch: folded=1 wallets=1 synced_height_persisted=Some(2049000) synced_height_frozen=None synced_height_rejected=None faulted=0
05:37:33 [native-log-bridge] DashSdkNative - 09-19 00:37:26.811  4533  5133 I DashSDK : platform_wallet::changeset::core_bridge: wallet-event batch: folded=1 wallets=1 synced_height_persisted=Some(2054000) synced_height_frozen=None synced_height_rejected=None faulted=0
05:37:33 [native-log-bridge] DashSdkNative - 09-19 00:37:27.431  4533  5135 I DashSDK : platform_wallet::changeset::core_bridge: wallet-event batch: folded=1 wallets=1 synced_height_persisted=Some(2059000) synced_height_frozen=None synced_height_rejected=None faulted=0
05:37:33 [native-log-bridge] DashSdkNative - 09-19 00:37:27.586  4533  5134 I DashSDK : platform_wallet::changeset::core_bridge: wallet-event batch: folded=1 wallets=1 synced_height_persisted=Some(2064000) synced_height_frozen=None synced_height_rejected=None faulted=0
05:37:33 [native-log-bridge] DashSdkNative - 09-19 00:37:28.003  4533  5133 I DashSDK : platform_wallet::changeset::core_bridge: wallet-event batch: folded=1 wallets=1 synced_height_persisted=Some(2069000) synced_height_frozen=None synced_height_rejected=None faulted=0
05:37:33 [native-log-bridge] DashSdkNative - 09-19 00:37:28.872  4533  5132 I DashSDK : platform_wallet::changeset::core_bridge: wallet-event batch: folded=1 wallets=1 synced_height_persisted=Some(2074000) synced_height_frozen=None synced_height_rejected=None faulted=0
05:37:33 [native-log-bridge] DashSdkNative - 09-19 00:37:29.129  4533  5135 I DashSDK : platform_wallet::changeset::core_bridge: wallet-event batch: folded=1 wallets=1 synced_height_persisted=Some(2079000) synced_height_frozen=None synced_height_rejected=None faulted=0
05:37:33 [native-log-bridge] DashSdkNative - 09-19 00:37:29.400  4533  5134 I DashSDK : platform_wallet::changeset::core_bridge: wallet-event batch: folded=1 wallets=1 synced_height_persisted=Some(2084000) synced_height_frozen=None synced_height_rejected=None faulted=0
05:37:33 [native-log-bridge] DashSdkNative - 09-19 00:37:29.908  4533  5133 I DashSDK : platform_wallet::changeset::core_bridge: wallet-event batch: folded=1 wallets=1 synced_height_persisted=Some(2089000) synced_height_frozen=None synced_height_rejected=None faulted=0
05:37:33 [native-log-bridge] DashSdkNative - 09-19 00:37:30.215  4533  5132 I DashSDK : platform_wallet::changeset::core_bridge: wallet-event batch: folded=1 wallets=1 synced_height_persisted=Some(2094000) synced_height_frozen=None synced_height_rejected=None faulted=0
05:37:33 [native-log-bridge] DashSdkNative - 09-19 00:37:30.957  4533  5135 I DashSDK : platform_wallet::changeset::core_bridge: wallet-event batch: folded=1 wallets=1 synced_height_persisted=Some(2099000) synced_height_frozen=None synced_height_rejected=None faulted=0
05:37:33 [native-log-bridge] DashSdkNative - 09-19 00:37:31.223  4533  5132 I DashSDK : platform_wallet::changeset::core_bridge: wallet-event batch: folded=1 wallets=1 synced_height_persisted=Some(2104000) synced_height_frozen=None synced_height_rejected=None faulted=0
05:37:33 [native-log-bridge] DashSdkNative - 09-19 00:37:31.551  4533  5135 I DashSDK : platform_wallet::changeset::core_bridge: wallet-event batch: folded=1 wallets=1 synced_height_persisted=Some(2109000) synced_height_frozen=None synced_height_rejected=None faulted=0
05:37:33 [native-log-bridge] DashSdkNative - 09-19 00:37:32.312  4533  5135 I DashSDK : platform_wallet::changeset::core_bridge: wallet-event batch: folded=1 wallets=1 synced_height_persisted=Some(2114000) synced_height_frozen=None synced_height_rejected=None faulted=0
05:37:33 [native-log-bridge] DashSdkNative - 09-19 00:37:32.630  4533  5134 I DashSDK : platform_wallet::changeset::core_bridge: wallet-event batch: folded=1 wallets=1 synced_height_persisted=Some(2119000) synced_height_frozen=None synced_height_rejected=None faulted=0
05:37:33 [native-log-bridge] DashSdkNative - 09-19 00:37:32.997  4533  5132 I DashSDK : platform_wallet::changeset::core_bridge: wallet-event batch: folded=1 wallets=1 synced_height_persisted=Some(2124000) synced_height_frozen=None synced_height_rejected=None faulted=0
05:37:53 [DefaultDispatcher-worker-13] L1ShadowSyncService - L1Shadow phase=FILTERS 97.3% headers 2541279/2541279 filters 2339000/2541279 wallet 2339000
05:37:53 [DefaultDispatcher-worker-13] L1ShadowSyncService - ReplayMemTelemetry phase=FILTERS nativeHeapAllocated=760733984 nativeHeapSize=1062506496 jvmUsed=21269216 jvmMax=603979776 headers 2541279/2541279 filters 2339000 wallet 2339000
05:38:00 [main] BlockchainServiceImpl - MEM pss=941MB nativeHeap=723/1014MB jvm=20/576MB
05:38:00 [main] BlockchainServiceImpl - History of transactions/blocks/headers/mnlistdiff (sdk): 0/605000/0/0, 0/805000/1/1, 0/500000/0/0, 0/0/0/0, 0/125000/359278/2541278
05:38:01 [DefaultDispatcher-worker-3] BlockchainServiceImpl - network capabilities changed: 100, hasInternet: true, validated: true
05:38:01 [DefaultDispatcher-worker-3] BlockchainServiceImpl - acquiring check() mutex
05:38:01 [DefaultDispatcher-worker-3] BlockchainServiceImpl - check()
05:38:01 [DefaultDispatcher-worker-3] BlockchainServiceImpl - cutover committed — holding the dashj L1 engine; SDK owns L1 this launch
05:38:01 [DefaultDispatcher-worker-3] BlockchainServiceImpl - releasing check() mutex
05:38:03 [native-log-bridge] DashSdkNative - 09-19 00:37:33.319  4533  5132 I DashSDK : platform_wallet::changeset::core_bridge: wallet-event batch: folded=1 wallets=1 synced_height_persisted=Some(2129000) synced_height_frozen=None synced_height_rejected=None faulted=0
05:38:03 [native-log-bridge] DashSdkNative - 09-19 00:37:34.112  4533  5135 I DashSDK : platform_wallet::changeset::core_bridge: wallet-event batch: folded=1 wallets=1 synced_height_persisted=Some(2134000) synced_height_frozen=None synced_height_rejected=None faulted=0
05:38:03 [native-log-bridge] DashSdkNative - 09-19 00:37:34.264  4533  5135 I DashSDK : platform_wallet::changeset::core_bridge: wallet-event batch: folded=1 wallets=1 synced_height_persisted=Some(2139000) synced_height_frozen=None synced_height_rejected=None faulted=0
05:38:03 [native-log-bridge] DashSdkNative - 09-19 00:37:34.744  4533  5132 I DashSDK : platform_wallet::changeset::core_bridge: wallet-event batch: folded=1 wallets=1 synced_height_persisted=Some(2144000) synced_height_frozen=None synced_height_rejected=None faulted=0
05:38:03 [native-log-bridge] DashSdkNative - 09-19 00:37:35.173  4533  5133 I DashSDK : platform_wallet::changeset::core_bridge: wallet-event batch: folded=1 wallets=1 synced_height_persisted=Some(2149000) synced_height_frozen=None synced_height_rejected=None faulted=0
05:38:03 [native-log-bridge] DashSdkNative - 09-19 00:37:35.803  4533  5133 I DashSDK : platform_wallet::changeset::core_bridge: wallet-event batch: folded=1 wallets=1 synced_height_persisted=Some(2154000) synced_height_frozen=None synced_height_rejected=None faulted=0
05:38:03 [native-log-bridge] DashSdkNative - 09-19 00:37:35.967  4533  5135 I DashSDK : platform_wallet::changeset::core_bridge: wallet-event batch: folded=1 wallets=1 synced_height_persisted=Some(2159000) synced_height_frozen=None synced_height_rejected=None faulted=0
05:38:03 [native-log-bridge] DashSdkNative - 09-19 00:37:36.329  4533  5135 I DashSDK : platform_wallet::changeset::core_bridge: wallet-event batch: folded=1 wallets=1 synced_height_persisted=Some(2164000) synced_height_frozen=None synced_height_rejected=None faulted=0
05:38:03 [native-log-bridge] DashSdkNative - 09-19 00:37:36.655  4533  5135 I DashSDK : platform_wallet::changeset::core_bridge: wallet-event batch: folded=1 wallets=1 synced_height_persisted=Some(2169000) synced_height_frozen=None synced_height_rejected=None faulted=0
05:38:03 [native-log-bridge] DashSdkNative - 09-19 00:37:37.281  4533  5133 I DashSDK : platform_wallet::changeset::core_bridge: wallet-event batch: folded=1 wallets=1 synced_height_persisted=Some(2174000) synced_height_frozen=None synced_height_rejected=None faulted=0
05:38:03 [native-log-bridge] DashSdkNative - 09-19 00:37:38.364  4533  5135 I DashSDK : platform_wallet::changeset::core_bridge: wallet-event batch: folded=1 wallets=1 synced_height_persisted=Some(2179000) synced_height_frozen=None synced_height_rejected=None faulted=0
05:38:03 [native-log-bridge] DashSdkNative - 09-19 00:37:38.601  4533  5132 I DashSDK : platform_wallet::changeset::core_bridge: wallet-event batch: folded=1 wallets=1 synced_height_persisted=Some(2184000) synced_height_frozen=None synced_height_rejected=None faulted=0
05:38:03 [native-log-bridge] DashSdkNative - 09-19 00:37:38.946  4533  5135 I DashSDK : platform_wallet::changeset::core_bridge: wallet-event batch: folded=1 wallets=1 synced_height_persisted=Some(2189000) synced_height_frozen=None synced_height_rejected=None faulted=0
05:38:03 [native-log-bridge] DashSdkNative - 09-19 00:37:39.596  4533  5134 I DashSDK : platform_wallet::changeset::core_bridge: wallet-event batch: folded=1 wallets=1 synced_height_persisted=Some(2194000) synced_height_frozen=None synced_height_rejected=None faulted=0
05:38:03 [native-log-bridge] DashSdkNative - 09-19 00:37:39.772  4533  5133 I DashSDK : platform_wallet::changeset::core_bridge: wallet-event batch: folded=1 wallets=1 synced_height_persisted=Some(2199000) synced_height_frozen=None synced_height_rejected=None faulted=0
05:38:03 [native-log-bridge] DashSdkNative - 09-19 00:37:40.022  4533  5132 I DashSDK : platform_wallet::changeset::core_bridge: wallet-event batch: folded=1 wallets=1 synced_height_persisted=Some(2204000) synced_height_frozen=None synced_height_rejected=None faulted=0
05:38:03 [native-log-bridge] DashSdkNative - 09-19 00:37:41.012  4533  5134 I DashSDK : platform_wallet::changeset::core_bridge: wallet-event batch: folded=1 wallets=1 synced_height_persisted=Some(2209000) synced_height_frozen=None synced_height_rejected=None faulted=0
05:38:03 [native-log-bridge] DashSdkNative - 09-19 00:37:41.272  4533  5133 I DashSDK : platform_wallet::changeset::core_bridge: wallet-event batch: folded=1 wallets=1 synced_height_persisted=Some(2214000) synced_height_frozen=None synced_height_rejected=None faulted=0
05:38:03 [native-log-bridge] DashSdkNative - 09-19 00:37:41.626  4533  5135 I DashSDK : platform_wallet::changeset::core_bridge: wallet-event batch: folded=1 wallets=1 synced_height_persisted=Some(2219000) synced_height_frozen=None synced_height_rejected=None faulted=0
05:38:03 [native-log-bridge] DashSdkNative - 09-19 00:37:42.056  4533  5134 I DashSDK : platform_wallet::changeset::core_bridge: wallet-event batch: folded=1 wallets=1 synced_height_persisted=Some(2224000) synced_height_frozen=None synced_height_rejected=None faulted=0
05:38:03 [native-log-bridge] DashSdkNative - 09-19 00:37:42.540  4533  5135 I DashSDK : platform_wallet::changeset::core_bridge: wallet-event batch: folded=1 wallets=1 synced_height_persisted=Some(2229000) synced_height_frozen=None synced_height_rejected=None faulted=0
05:38:03 [native-log-bridge] DashSdkNative - 09-19 00:37:42.876  4533  5135 I DashSDK : platform_wallet::changeset::core_bridge: wallet-event batch: folded=1 wallets=1 synced_height_persisted=Some(2234000) synced_height_frozen=None synced_height_rejected=None faulted=0
05:38:03 [native-log-bridge] DashSdkNative - 09-19 00:37:43.358  4533  5134 I DashSDK : platform_wallet::changeset::core_bridge: wallet-event batch: folded=1 wallets=1 synced_height_persisted=Some(2239000) synced_height_frozen=None synced_height_rejected=None faulted=0
05:38:03 [native-log-bridge] DashSdkNative - 09-19 00:37:43.856  4533  5133 I DashSDK : platform_wallet::changeset::core_bridge: wallet-event batch: folded=1 wallets=1 synced_height_persisted=Some(2244000) synced_height_frozen=None synced_height_rejected=None faulted=0
05:38:03 [native-log-bridge] DashSdkNative - 09-19 00:37:44.579  4533  5133 I DashSDK : platform_wallet::changeset::core_bridge: wallet-event batch: folded=1 wallets=1 synced_height_persisted=Some(2249000) synced_height_frozen=None synced_height_rejected=None faulted=0
05:38:03 [native-log-bridge] DashSdkNative - 09-19 00:37:44.754  4533  5135 I DashSDK : platform_wallet::changeset::core_bridge: wallet-event batch: folded=1 wallets=1 synced_height_persisted=Some(2254000) synced_height_frozen=None synced_height_rejected=None faulted=0
05:38:03 [native-log-bridge] DashSdkNative - 09-19 00:37:45.221  4533  5132 I DashSDK : platform_wallet::changeset::core_bridge: wallet-event batch: folded=1 wallets=1 synced_height_persisted=Some(2259000) synced_height_frozen=None synced_height_rejected=None faulted=0
05:38:03 [native-log-bridge] DashSdkNative - 09-19 00:37:45.779  4533  5135 I DashSDK : platform_wallet::changeset::core_bridge: wallet-event batch: folded=1 wallets=1 synced_height_persisted=Some(2264000) synced_height_frozen=None synced_height_rejected=None faulted=0
05:38:03 [native-log-bridge] DashSdkNative - 09-19 00:37:45.930  4533  5133 I DashSDK : platform_wallet::changeset::core_bridge: wallet-event batch: folded=1 wallets=1 synced_height_persisted=Some(2269000) synced_height_frozen=None synced_height_rejected=None faulted=0
05:38:03 [native-log-bridge] DashSdkNative - 09-19 00:37:46.438  4533  5135 I DashSDK : platform_wallet::changeset::core_bridge: wallet-event batch: folded=1 wallets=1 synced_height_persisted=Some(2274000) synced_height_frozen=None synced_height_rejected=None faulted=0
05:38:03 [native-log-bridge] DashSdkNative - 09-19 00:37:46.723  4533  5135 I DashSDK : platform_wallet::changeset::core_bridge: wallet-event batch: folded=1 wallets=1 synced_height_persisted=Some(2279000) synced_height_frozen=None synced_height_rejected=None faulted=0
05:38:03 [native-log-bridge] DashSdkNative - 09-19 00:37:47.284  4533  5132 I DashSDK : platform_wallet::changeset::core_bridge: wallet-event batch: folded=1 wallets=1 synced_height_persisted=Some(2284000) synced_height_frozen=None synced_height_rejected=None faulted=0
05:38:03 [native-log-bridge] DashSdkNative - 09-19 00:37:47.851  4533  5135 I DashSDK : platform_wallet::changeset::core_bridge: wallet-event batch: folded=1 wallets=1 synced_height_persisted=Some(2289000) synced_height_frozen=None synced_height_rejected=None faulted=0
05:38:03 [native-log-bridge] DashSdkNative - 09-19 00:37:48.039  4533  5134 I DashSDK : platform_wallet::changeset::core_bridge: wallet-event batch: folded=1 wallets=1 synced_height_persisted=Some(2294000) synced_height_frozen=None synced_height_rejected=None faulted=0
05:38:03 [native-log-bridge] DashSdkNative - 09-19 00:37:48.565  4533  5134 I DashSDK : platform_wallet::changeset::core_bridge: wallet-event batch: folded=1 wallets=1 synced_height_persisted=Some(2299000) synced_height_frozen=None synced_height_rejected=None faulted=0
05:38:03 [native-log-bridge] DashSdkNative - 09-19 00:37:49.193  4533  5134 I DashSDK : platform_wallet::changeset::core_bridge: wallet-event batch: folded=1 wallets=1 synced_height_persisted=Some(2304000) synced_height_frozen=None synced_height_rejected=None faulted=0
05:38:03 [native-log-bridge] DashSdkNative - 09-19 00:37:49.720  4533  5133 I DashSDK : platform_wallet::changeset::core_bridge: wallet-event batch: folded=1 wallets=1 synced_height_persisted=Some(2309000) synced_height_frozen=None synced_height_rejected=None faulted=0
05:38:03 [native-log-bridge] DashSdkNative - 09-19 00:37:49.878  4533  5134 I DashSDK : platform_wallet::changeset::core_bridge: wallet-event batch: folded=1 wallets=1 synced_height_persisted=Some(2314000) synced_height_frozen=None synced_height_rejected=None faulted=0
05:38:03 [native-log-bridge] DashSdkNative - 09-19 00:37:51.178  4533  5133 I DashSDK : platform_wallet::changeset::core_bridge: wallet-event batch: folded=1 wallets=1 synced_height_persisted=Some(2319000) synced_height_frozen=None synced_height_rejected=None faulted=0
05:38:03 [native-log-bridge] DashSdkNative - 09-19 00:37:51.336  4533  5135 I DashSDK : platform_wallet::changeset::core_bridge: wallet-event batch: folded=1 wallets=1 synced_height_persisted=Some(2324000) synced_height_frozen=None synced_height_rejected=None faulted=0
05:38:03 [native-log-bridge] DashSdkNative - 09-19 00:37:52.519  4533  5135 I DashSDK : platform_wallet::changeset::core_bridge: wallet-event batch: folded=1 wallets=1 synced_height_persisted=Some(2329000) synced_height_frozen=None synced_height_rejected=None faulted=0
05:38:03 [native-log-bridge] DashSdkNative - 09-19 00:37:52.671  4533  5132 I DashSDK : platform_wallet::changeset::core_bridge: wallet-event batch: folded=1 wallets=1 synced_height_persisted=Some(2334000) synced_height_frozen=None synced_height_rejected=None faulted=0
05:38:03 [native-log-bridge] DashSdkNative - 09-19 00:37:53.340  4533  5135 I DashSDK : platform_wallet::changeset::core_bridge: wallet-event batch: folded=1 wallets=1 synced_height_persisted=Some(2339000) synced_height_frozen=None synced_height_rejected=None faulted=0
05:38:03 [native-log-bridge] DashSdkNative - 09-19 00:37:53.614  4533  5134 I DashSDK : platform_wallet::changeset::core_bridge: wallet-event batch: folded=1 wallets=1 synced_height_persisted=Some(2344000) synced_height_frozen=None synced_height_rejected=None faulted=0
05:38:03 [native-log-bridge] DashSdkNative - 09-19 00:37:54.222  4533  5134 I DashSDK : platform_wallet::changeset::core_bridge: wallet-event batch: folded=1 wallets=1 synced_height_persisted=Some(2349000) synced_height_frozen=None synced_height_rejected=None faulted=0
05:38:03 [native-log-bridge] DashSdkNative - 09-19 00:37:54.691  4533  5133 I DashSDK : platform_wallet::changeset::core_bridge: wallet-event batch: folded=1 wallets=1 synced_height_persisted=Some(2354000) synced_height_frozen=None synced_height_rejected=None faulted=0
05:38:03 [native-log-bridge] DashSdkNative - 09-19 00:37:55.705  4533  5133 I DashSDK : platform_wallet::changeset::core_bridge: wallet-event batch: folded=1 wallets=1 synced_height_persisted=Some(2359000) synced_height_frozen=None synced_height_rejected=None faulted=0
05:38:03 [native-log-bridge] DashSdkNative - 09-19 00:37:56.251  4533  5135 I DashSDK : platform_wallet::changeset::core_bridge: wallet-event batch: folded=1 wallets=1 synced_height_persisted=Some(2364000) synced_height_frozen=None synced_height_rejected=None faulted=0
05:38:03 [native-log-bridge] DashSdkNative - 09-19 00:37:56.553  4533  5135 I DashSDK : platform_wallet::changeset::core_bridge: wallet-event batch: folded=1 wallets=1 synced_height_persisted=Some(2369000) synced_height_frozen=None synced_height_rejected=None faulted=0
05:38:03 [native-log-bridge] DashSdkNative - 09-19 00:37:57.605  4533  5132 I DashSDK : platform_wallet::changeset::core_bridge: wallet-event batch: folded=1 wallets=1 synced_height_persisted=Some(2374000) synced_height_frozen=None synced_height_rejected=None faulted=0
05:38:03 [native-log-bridge] DashSdkNative - 09-19 00:37:57.909  4533  5132 I DashSDK : platform_wallet::changeset::core_bridge: wallet-event batch: folded=1 wallets=1 synced_height_persisted=Some(2379000) synced_height_frozen=None synced_height_rejected=None faulted=0
05:38:03 [native-log-bridge] DashSdkNative - 09-19 00:37:58.334  4533  5133 I DashSDK : platform_wallet::changeset::core_bridge: wallet-event batch: folded=1 wallets=1 synced_height_persisted=Some(2384000) synced_height_frozen=None synced_height_rejected=None faulted=0
05:38:03 [native-log-bridge] DashSdkNative - 09-19 00:37:59.073  4533  5132 I DashSDK : platform_wallet::changeset::core_bridge: wallet-event batch: folded=1 wallets=1 synced_height_persisted=Some(2389000) synced_height_frozen=None synced_height_rejected=None faulted=0
05:38:03 [native-log-bridge] DashSdkNative - 09-19 00:37:59.616  4533  5134 I DashSDK : platform_wallet::changeset::core_bridge: wallet-event batch: folded=1 wallets=1 synced_height_persisted=Some(2394000) synced_height_frozen=None synced_height_rejected=None faulted=0
05:38:03 [native-log-bridge] DashSdkNative - 09-19 00:37:59.987  4533  5135 I DashSDK : platform_wallet::changeset::core_bridge: wallet-event batch: folded=1 wallets=1 synced_height_persisted=Some(2399000) synced_height_frozen=None synced_height_rejected=None faulted=0
05:38:03 [native-log-bridge] DashSdkNative - 09-19 00:38:00.330  4533  5135 I DashSDK : platform_wallet::changeset::core_bridge: wallet-event batch: folded=1 wallets=1 synced_height_persisted=Some(2404000) synced_height_frozen=None synced_height_rejected=None faulted=0
05:38:03 [native-log-bridge] DashSdkNative - 09-19 00:38:00.923  4533  5132 I DashSDK : platform_wallet::changeset::core_bridge: wallet-event batch: folded=1 wallets=1 synced_height_persisted=Some(2409000) synced_height_frozen=None synced_height_rejected=None faulted=0
05:38:03 [native-log-bridge] DashSdkNative - 09-19 00:38:01.185  4533  5133 I DashSDK : platform_wallet::changeset::core_bridge: wallet-event batch: folded=1 wallets=1 synced_height_persisted=Some(2414000) synced_height_frozen=None synced_height_rejected=None faulted=0
05:38:03 [native-log-bridge] DashSdkNative - 09-19 00:38:01.740  4533  5132 I DashSDK : platform_wallet::changeset::core_bridge: wallet-event batch: folded=1 wallets=1 synced_height_persisted=Some(2419000) synced_height_frozen=None synced_height_rejected=None faulted=0
05:38:03 [native-log-bridge] DashSdkNative - 09-19 00:38:02.526  4533  5133 I DashSDK : platform_wallet::changeset::core_bridge: wallet-event batch: folded=1 wallets=1 synced_height_persisted=Some(2424000) synced_height_frozen=None synced_height_rejected=None faulted=0
05:38:03 [native-log-bridge] DashSdkNative - 09-19 00:38:03.007  4533  5132 I DashSDK : platform_wallet::changeset::core_bridge: wallet-event batch: folded=1 wallets=1 synced_height_persisted=Some(2429000) synced_height_frozen=None synced_height_rejected=None faulted=0
05:38:03 [native-log-bridge] DashSdkNative - 09-19 00:38:03.272  4533  5134 I DashSDK : platform_wallet::changeset::core_bridge: wallet-event batch: folded=1 wallets=1 synced_height_persisted=Some(2434000) synced_height_frozen=None synced_height_rejected=None faulted=0
05:38:04 [DefaultDispatcher-worker-1] BlockchainServiceImpl - network capabilities changed: 100, hasInternet: true, validated: true
05:38:04 [DefaultDispatcher-worker-1] BlockchainServiceImpl - acquiring check() mutex
05:38:04 [DefaultDispatcher-worker-1] BlockchainServiceImpl - check()
05:38:04 [DefaultDispatcher-worker-1] BlockchainServiceImpl - cutover committed — holding the dashj L1 engine; SDK owns L1 this launch
05:38:04 [DefaultDispatcher-worker-1] BlockchainServiceImpl - releasing check() mutex
05:38:10 [DefaultDispatcher-worker-6] BlockchainServiceImpl - network capabilities changed: 100, hasInternet: true, validated: true
05:38:10 [DefaultDispatcher-worker-6] BlockchainServiceImpl - acquiring check() mutex
05:38:10 [DefaultDispatcher-worker-6] BlockchainServiceImpl - check()
05:38:10 [DefaultDispatcher-worker-6] BlockchainServiceImpl - cutover committed — holding the dashj L1 engine; SDK owns L1 this launch
05:38:10 [DefaultDispatcher-worker-6] BlockchainServiceImpl - releasing check() mutex
05:38:13 [DefaultDispatcher-worker-10] BlockchainServiceImpl - network capabilities changed: 100, hasInternet: true, validated: true
05:38:13 [DefaultDispatcher-worker-10] BlockchainServiceImpl - acquiring check() mutex
05:38:13 [DefaultDispatcher-worker-10] BlockchainServiceImpl - check()
05:38:13 [DefaultDispatcher-worker-10] BlockchainServiceImpl - cutover committed — holding the dashj L1 engine; SDK owns L1 this launch
05:38:13 [DefaultDispatcher-worker-10] BlockchainServiceImpl - releasing check() mutex
05:38:21 [DefaultDispatcher-worker-2] L1ShadowSyncService - L1 engine chainlock height 2541278 -> 2541279
05:38:21 [main] HistoryHeaderAdapter - set invite, synced = true
05:38:21 [DefaultDispatcher-worker-10] L1ShadowSyncService - L1Shadow phase=SYNCED 100.0% headers 2541279/2541279 filters 2541279/2541279 wallet 2541279
05:38:21 [main] BlockchainServiceImpl - cutover committed and SDK L1 scan synced — triggering identity/contacts discovery
05:38:21 [DefaultDispatcher-worker-7] MainViewModel - blockchain state update: mnlist=2541279; chain=2541279; wallet=-1
05:38:21 [DefaultDispatcher-worker-10] L1ShadowSyncService - ReplayMemTelemetry phase=SYNCED nativeHeapAllocated=842327680 nativeHeapSize=1181822976 jvmUsed=20925152 jvmMax=603979776 headers 2541279/2541279 filters 2541279 wallet 2541279 SETTLED
05:38:21 [DefaultDispatcher-worker-3] BlockchainIdentityData - creation: BlockchainIdentityData(NONE, null, null, null, null, null)
05:38:21 [DefaultDispatcher-worker-3] PlatformSynchronizationService - discoverAndRecoverIdentity: checking for existing associated identity
05:38:21 [DefaultDispatcher-worker-3] SecurityGuard - loading security guard [healthy=true] with keys: [keystore_healthy, fallback_pin_wallet_password_key, primary_ui_pin_key, modern_encryption_migration_complete, fallback_mnemonic_wallet_password_key, primary_wallet_password_key, fallback_mnemonic_ui_pin_key]
05:38:21 [DefaultDispatcher-worker-7] L1ShadowSyncService - WalletBalanceFacts: total=0 accounts={bip44:0, bip32:0, coinjoin:0, identityRegistration:0, identityTopUpUnbound:0, identityInvitation:0, assetLockTopUp:0, assetLockShieldedTopUp:0, providerVoting:0, providerOwner:0, providerOperator:0, providerPlatform:0} confirmed=0 unconfirmed=0 txCount=4
05:38:21 [DefaultDispatcher-worker-3] ModernEncryptionProvider - Decrypted data for alias: wallet_password_key
05:38:21 [DefaultDispatcher-worker-8] TxDisplayCacheService - Sync complete (cutoverCommitted=true): SDK=0 records | dashj wallet=0 txs | group cache=0 txs/0 groups | display=4 rows — cache is complete (SDK holds 0 records, display has 4 rows)
05:38:21 [DefaultDispatcher-worker-3] KeyCrypterScrypt - Deriving key took 115.8 ms for N=65536, r=8, p=1.
05:38:21 [DefaultDispatcher-worker-3] DapiClient - getIdentityByFirstPublicKey(d0559a724d640d22df8a04665308ffd0b7fe9b77)
05:38:23 [DefaultDispatcher-worker-3] PlatformSynchronizationService - discoverAndRecoverIdentity: no existing identity found
05:38:23 [DefaultDispatcher-worker-3] PlatformSynchronizationService - identity-discovery guard released (no identity found) — a later discovery may run again
05:38:23 [DefaultDispatcher-worker-3] BlockchainServiceImpl - post-cutover identity discovery found nothing and the wallet has no identity — re-arming; next attempt no sooner than 120000 ms from now
05:38:23 [DefaultDispatcher-worker-7] PlatformSynchronizationService - TxMetadata settings: saveToNetwork=false frequency=afterTenTransactions saveAfter=9223372036854775807 paymentCategory=false taxCategory=false exchangeRates=false memos=false giftCards=false storedDocuments=0
05:38:31 [DefaultDispatcher-worker-10] MainViewModel - blockchain state update: mnlist=2541280; chain=2541280; wallet=-1
05:38:32 [DefaultDispatcher-worker-9] L1ShadowSyncService - L1 engine chainlock height 2541279 -> 2541280
05:38:32 [DefaultDispatcher-worker-4] MainViewModel - blockchain state update: mnlist=2541280; chain=2541280; wallet=-1
05:38:33 [DefaultDispatcher-worker-2] L1ShadowSyncService - L1Shadow phase=SYNCED 100.0% headers 2541280/2541280 filters 2541280/2541280 wallet 2541280
05:38:33 [DefaultDispatcher-worker-9] MainViewModel - blockchain state update: mnlist=2541280; chain=2541280; wallet=-1
05:38:33 [native-log-bridge] DashSdkNative - 09-19 00:38:03.823  4533  5135 I DashSDK : platform_wallet::changeset::core_bridge: wallet-event batch: folded=1 wallets=1 synced_height_persisted=Some(2439000) synced_height_frozen=None synced_height_rejected=None faulted=0
05:38:33 [native-log-bridge] DashSdkNative - 09-19 00:38:04.401  4533  5135 I DashSDK : platform_wallet::changeset::core_bridge: wallet-event batch: folded=1 wallets=1 synced_height_persisted=Some(2444000) synced_height_frozen=None synced_height_rejected=None faulted=0
05:38:33 [native-log-bridge] DashSdkNative - 09-19 00:38:04.743  4533  5133 I DashSDK : platform_wallet::changeset::core_bridge: wallet-event batch: folded=1 wallets=1 synced_height_persisted=Some(2449000) synced_height_frozen=None synced_height_rejected=None faulted=0
05:38:33 [native-log-bridge] DashSdkNative - 09-19 00:38:05.048  4533  5134 I DashSDK : platform_wallet::changeset::core_bridge: wallet-event batch: folded=1 wallets=1 synced_height_persisted=Some(2454000) synced_height_frozen=None synced_height_rejected=None faulted=0
05:38:33 [native-log-bridge] DashSdkNative - 09-19 00:38:05.739  4533  5133 I DashSDK : platform_wallet::changeset::core_bridge: wallet-event batch: folded=1 wallets=1 synced_height_persisted=Some(2459000) synced_height_frozen=None synced_height_rejected=None faulted=0
05:38:33 [native-log-bridge] DashSdkNative - 09-19 00:38:06.752  4533  5132 I DashSDK : platform_wallet::changeset::core_bridge: wallet-event batch: folded=1 wallets=1 synced_height_persisted=Some(2464000) synced_height_frozen=None synced_height_rejected=None faulted=0
05:38:33 [native-log-bridge] DashSdkNative - 09-19 00:38:06.928  4533  5134 I DashSDK : platform_wallet::changeset::core_bridge: wallet-event batch: folded=1 wallets=1 synced_height_persisted=Some(2469000) synced_height_frozen=None synced_height_rejected=None faulted=0
05:38:33 [native-log-bridge] DashSdkNative - 09-19 00:38:07.469  4533  5134 I DashSDK : platform_wallet::changeset::core_bridge: wallet-event batch: folded=1 wallets=1 synced_height_persisted=Some(2474000) synced_height_frozen=None synced_height_rejected=None faulted=0
05:38:33 [native-log-bridge] DashSdkNative - 09-19 00:38:08.350  4533  5134 I DashSDK : platform_wallet::changeset::core_bridge: wallet-event batch: folded=1 wallets=1 synced_height_persisted=Some(2479000) synced_height_frozen=None synced_height_rejected=None faulted=0
05:38:33 [native-log-bridge] DashSdkNative - 09-19 00:38:08.511  4533  5132 I DashSDK : platform_wallet::changeset::core_bridge: wallet-event batch: folded=1 wallets=1 synced_height_persisted=Some(2484000) synced_height_frozen=None synced_height_rejected=None faulted=0
05:38:33 [native-log-bridge] DashSdkNative - 09-19 00:38:08.915  4533  5132 I DashSDK : platform_wallet::changeset::core_bridge: wallet-event batch: folded=1 wallets=1 synced_height_persisted=Some(2489000) synced_height_frozen=None synced_height_rejected=None faulted=0
05:38:33 [native-log-bridge] DashSdkNative - 09-19 00:38:09.920  4533  5134 I DashSDK : platform_wallet::changeset::core_bridge: wallet-event batch: folded=1 wallets=1 synced_height_persisted=Some(2494000) synced_height_frozen=None synced_height_rejected=None faulted=0
05:38:33 [native-log-bridge] DashSdkNative - 09-19 00:38:10.175  4533  5135 I DashSDK : platform_wallet::changeset::core_bridge: wallet-event batch: folded=1 wallets=1 synced_height_persisted=Some(2499000) synced_height_frozen=None synced_height_rejected=None faulted=0
05:38:33 [native-log-bridge] DashSdkNative - 09-19 00:38:11.120  4533  5132 I DashSDK : platform_wallet::changeset::core_bridge: wallet-event batch: folded=1 wallets=1 synced_height_persisted=Some(2504000) synced_height_frozen=None synced_height_rejected=None faulted=0
05:38:33 [native-log-bridge] DashSdkNative - 09-19 00:38:12.508  4533  5133 I DashSDK : platform_wallet::changeset::core_bridge: wallet-event batch: folded=1 wallets=1 synced_height_persisted=Some(2509000) synced_height_frozen=None synced_height_rejected=None faulted=0
05:38:33 [native-log-bridge] DashSdkNative - 09-19 00:38:12.779  4533  5133 I DashSDK : platform_wallet::changeset::core_bridge: wallet-event batch: folded=1 wallets=1 synced_height_persisted=Some(2514000) synced_height_frozen=None synced_height_rejected=None faulted=0
05:38:33 [native-log-bridge] DashSdkNative - 09-19 00:38:13.234  4533  5135 I DashSDK : platform_wallet::changeset::core_bridge: wallet-event batch: folded=1 wallets=1 synced_height_persisted=Some(2519000) synced_height_frozen=None synced_height_rejected=None faulted=0
05:38:33 [native-log-bridge] DashSdkNative - 09-19 00:38:14.109  4533  5135 I DashSDK : platform_wallet::changeset::core_bridge: wallet-event batch: folded=1 wallets=1 synced_height_persisted=Some(2524000) synced_height_frozen=None synced_height_rejected=None faulted=0
05:38:33 [native-log-bridge] DashSdkNative - 09-19 00:38:14.366  4533  5132 I DashSDK : platform_wallet::changeset::core_bridge: wallet-event batch: folded=1 wallets=1 synced_height_persisted=Some(2529000) synced_height_frozen=None synced_height_rejected=None faulted=0
05:38:33 [native-log-bridge] DashSdkNative - 09-19 00:38:14.985  4533  5133 I DashSDK : platform_wallet::changeset::core_bridge: wallet-event batch: folded=1 wallets=1 synced_height_persisted=Some(2534000) synced_height_frozen=None synced_height_rejected=None faulted=0
05:38:33 [native-log-bridge] DashSdkNative - 09-19 00:38:15.561  4533  5133 I DashSDK : platform_wallet::changeset::core_bridge: wallet-event batch: folded=1 wallets=1 synced_height_persisted=Some(2539000) synced_height_frozen=None synced_height_rejected=None faulted=0
05:38:33 [native-log-bridge] DashSdkNative - 09-19 00:38:21.626  4533  5133 I DashSDK : platform_wallet::changeset::core_bridge: wallet-event batch: folded=1 wallets=1 synced_height_persisted=Some(2541279) synced_height_frozen=None synced_height_rejected=None faulted=0
05:38:33 [native-log-bridge] DashSdkNative - 09-19 00:38:21.679  4533  5133 I DashSDK : platform_wallet::changeset::core_bridge: wallet-event batch: folded=1 wallets=1 synced_height_persisted=None synced_height_frozen=None synced_height_rejected=None faulted=0
05:38:33 [native-log-bridge] DashSdkNative - 09-19 00:38:32.126  4533  5133 I DashSDK : platform_wallet::changeset::core_bridge: wallet-event batch: folded=1 wallets=1 synced_height_persisted=Some(2541280) synced_height_frozen=None synced_height_rejected=None faulted=0
05:38:33 [native-log-bridge] DashSdkNative - 09-19 00:38:32.537  4533  5133 I DashSDK : platform_wallet::changeset::core_bridge: wallet-event batch: folded=1 wallets=1 synced_height_persisted=None synced_height_frozen=None synced_height_rejected=None faulted=0
05:38:34 [DefaultDispatcher-worker-10] BlockchainServiceImpl - network capabilities changed: 100, hasInternet: true, validated: true
05:38:34 [DefaultDispatcher-worker-10] BlockchainServiceImpl - acquiring check() mutex
05:38:34 [DefaultDispatcher-worker-10] BlockchainServiceImpl - check()
05:38:34 [DefaultDispatcher-worker-10] BlockchainServiceImpl - cutover committed — holding the dashj L1 engine; SDK owns L1 this launch
05:38:34 [DefaultDispatcher-worker-10] BlockchainServiceImpl - releasing check() mutex
05:38:37 [DefaultDispatcher-worker-5] BlockchainServiceImpl - network capabilities changed: 100, hasInternet: true, validated: true
05:38:37 [DefaultDispatcher-worker-5] BlockchainServiceImpl - acquiring check() mutex
05:38:37 [DefaultDispatcher-worker-5] BlockchainServiceImpl - check()
05:38:37 [DefaultDispatcher-worker-5] BlockchainServiceImpl - cutover committed — holding the dashj L1 engine; SDK owns L1 this launch
05:38:37 [DefaultDispatcher-worker-5] BlockchainServiceImpl - releasing check() mutex
05:39:00 [main] BlockchainServiceImpl - MEM pss=704MB nativeHeap=464/1088MB jvm=18/576MB
05:39:00 [main] BlockchainServiceImpl - History of transactions/blocks/headers/mnlistdiff (sdk): 0/152280/1/1, 0/605000/0/0, 0/805000/1/1, 0/500000/0/0, 0/0/0/0, 0/125000/359278/2541278
05:39:00 [main] BlockchainServiceImpl - replay complete — releasing the wake lock
05:39:07 [DefaultDispatcher-worker-9] BlockchainServiceImpl - network capabilities changed: 100, hasInternet: true, validated: true
05:39:07 [DefaultDispatcher-worker-9] BlockchainServiceImpl - acquiring check() mutex
05:39:07 [DefaultDispatcher-worker-9] BlockchainServiceImpl - check()
05:39:07 [DefaultDispatcher-worker-9] BlockchainServiceImpl - cutover committed — holding the dashj L1 engine; SDK owns L1 this launch
05:39:07 [DefaultDispatcher-worker-9] BlockchainServiceImpl - releasing check() mutex
05:39:10 [DefaultDispatcher-worker-5] BlockchainServiceImpl - network capabilities changed: 100, hasInternet: true, validated: true
05:39:10 [DefaultDispatcher-worker-5] BlockchainServiceImpl - acquiring check() mutex
05:39:10 [DefaultDispatcher-worker-5] BlockchainServiceImpl - check()
05:39:10 [DefaultDispatcher-worker-5] BlockchainServiceImpl - cutover committed — holding the dashj L1 engine; SDK owns L1 this launch
05:39:10 [DefaultDispatcher-worker-5] BlockchainServiceImpl - releasing check() mutex
05:39:13 [DefaultDispatcher-worker-3] BlockchainServiceImpl - network capabilities changed: 100, hasInternet: true, validated: true
05:39:13 [DefaultDispatcher-worker-3] BlockchainServiceImpl - acquiring check() mutex
05:39:13 [DefaultDispatcher-worker-3] BlockchainServiceImpl - check()
05:39:13 [DefaultDispatcher-worker-3] BlockchainServiceImpl - cutover committed — holding the dashj L1 engine; SDK owns L1 this launch
05:39:13 [DefaultDispatcher-worker-3] BlockchainServiceImpl - releasing check() mutex
05:39:16 [DefaultDispatcher-worker-7] BlockchainServiceImpl - network capabilities changed: 100, hasInternet: true, validated: true
05:39:16 [DefaultDispatcher-worker-7] BlockchainServiceImpl - acquiring check() mutex
05:39:16 [DefaultDispatcher-worker-7] BlockchainServiceImpl - check()
05:39:16 [DefaultDispatcher-worker-7] BlockchainServiceImpl - cutover committed — holding the dashj L1 engine; SDK owns L1 this launch
05:39:16 [DefaultDispatcher-worker-7] BlockchainServiceImpl - releasing check() mutex
05:39:31 [DefaultDispatcher-worker-12] BlockchainServiceImpl - network capabilities changed: 100, hasInternet: true, validated: true
05:39:31 [DefaultDispatcher-worker-12] BlockchainServiceImpl - acquiring check() mutex
05:39:31 [DefaultDispatcher-worker-12] BlockchainServiceImpl - check()
05:39:31 [DefaultDispatcher-worker-12] BlockchainServiceImpl - cutover committed — holding the dashj L1 engine; SDK owns L1 this launch
05:39:31 [DefaultDispatcher-worker-12] BlockchainServiceImpl - releasing check() mutex
05:39:34 [DefaultDispatcher-worker-1] BlockchainServiceImpl - network capabilities changed: 100, hasInternet: true, validated: true
05:39:34 [DefaultDispatcher-worker-1] BlockchainServiceImpl - acquiring check() mutex
05:39:34 [DefaultDispatcher-worker-1] BlockchainServiceImpl - check()
05:39:34 [DefaultDispatcher-worker-1] BlockchainServiceImpl - cutover committed — holding the dashj L1 engine; SDK owns L1 this launch
05:39:34 [DefaultDispatcher-worker-1] BlockchainServiceImpl - releasing check() mutex
05:39:37 [DefaultDispatcher-worker-1] BlockchainServiceImpl - network capabilities changed: 100, hasInternet: true, validated: true
05:39:37 [DefaultDispatcher-worker-1] BlockchainServiceImpl - acquiring check() mutex
05:39:37 [DefaultDispatcher-worker-1] BlockchainServiceImpl - check()
05:39:37 [DefaultDispatcher-worker-1] BlockchainServiceImpl - cutover committed — holding the dashj L1 engine; SDK owns L1 this launch
05:39:37 [DefaultDispatcher-worker-1] BlockchainServiceImpl - releasing check() mutex
05:39:41 [DefaultDispatcher-worker-13] BlockchainServiceImpl - network capabilities changed: 100, hasInternet: true, validated: true
05:39:41 [DefaultDispatcher-worker-13] BlockchainServiceImpl - acquiring check() mutex
05:39:41 [DefaultDispatcher-worker-13] BlockchainServiceImpl - check()
05:39:41 [DefaultDispatcher-worker-13] BlockchainServiceImpl - cutover committed — holding the dashj L1 engine; SDK owns L1 this launch
05:39:41 [DefaultDispatcher-worker-13] BlockchainServiceImpl - releasing check() mutex
05:39:44 [DefaultDispatcher-worker-10] BlockchainServiceImpl - network capabilities changed: 100, hasInternet: true, validated: true
05:39:44 [DefaultDispatcher-worker-10] BlockchainServiceImpl - acquiring check() mutex
05:39:44 [DefaultDispatcher-worker-10] BlockchainServiceImpl - check()
05:39:44 [DefaultDispatcher-worker-10] BlockchainServiceImpl - cutover committed — holding the dashj L1 engine; SDK owns L1 this launch
05:39:44 [DefaultDispatcher-worker-10] BlockchainServiceImpl - releasing check() mutex
05:39:56 [DefaultDispatcher-worker-1] BlockchainServiceImpl - network capabilities changed: 100, hasInternet: true, validated: true
05:39:56 [DefaultDispatcher-worker-1] BlockchainServiceImpl - acquiring check() mutex
05:39:56 [DefaultDispatcher-worker-1] BlockchainServiceImpl - check()
05:39:56 [DefaultDispatcher-worker-1] BlockchainServiceImpl - cutover committed — holding the dashj L1 engine; SDK owns L1 this launch
05:39:56 [DefaultDispatcher-worker-1] BlockchainServiceImpl - releasing check() mutex
05:39:59 [DefaultDispatcher-worker-9] BlockchainServiceImpl - network capabilities changed: 100, hasInternet: true, validated: true
05:39:59 [DefaultDispatcher-worker-9] BlockchainServiceImpl - acquiring check() mutex
05:39:59 [DefaultDispatcher-worker-9] BlockchainServiceImpl - check()
05:39:59 [DefaultDispatcher-worker-9] BlockchainServiceImpl - cutover committed — holding the dashj L1 engine; SDK owns L1 this launch
05:39:59 [DefaultDispatcher-worker-9] BlockchainServiceImpl - releasing check() mutex
05:40:00 [main] BlockchainServiceImpl - MEM pss=705MB nativeHeap=464/1088MB jvm=19/576MB
05:40:00 [main] BlockchainServiceImpl - History of transactions/blocks/headers/mnlistdiff (sdk): 0/0/0/0, 0/152280/1/1, 0/605000/0/0, 0/805000/1/1, 0/500000/0/0, 0/0/0/0, 0/125000/359278/2541278
05:40:02 [DefaultDispatcher-worker-5] BlockchainServiceImpl - network capabilities changed: 100, hasInternet: true, validated: true
05:40:02 [DefaultDispatcher-worker-5] BlockchainServiceImpl - acquiring check() mutex
05:40:02 [DefaultDispatcher-worker-5] BlockchainServiceImpl - check()
05:40:02 [DefaultDispatcher-worker-5] BlockchainServiceImpl - cutover committed — holding the dashj L1 engine; SDK owns L1 this launch
05:40:02 [DefaultDispatcher-worker-5] BlockchainServiceImpl - releasing check() mutex
05:40:03 [main] SecurityGuard - loading security guard [healthy=true] with keys: [keystore_healthy, fallback_pin_wallet_password_key, primary_ui_pin_key, modern_encryption_migration_complete, fallback_mnemonic_wallet_password_key, primary_wallet_password_key, fallback_mnemonic_ui_pin_key]
05:40:03 [main] ModernEncryptionProvider - Decrypted data for alias: ui_pin_key
05:40:03 [main] BiometricHelper - No biometric credentials
05:40:24 [DefaultDispatcher-worker-12] WalletTransactionMetadataProvider - txmetadata for 6d49881892429d6e0c1eca781ca2ac38f49edb803b38638bbcd4a494bcb638d8 does not exist, perform insert, then update
05:40:24 [DefaultDispatcher-worker-12] BLSJniLibrary - Initializing BLS JNI Library
05:40:24 [DefaultDispatcher-worker-12] WalletTransactionMetadataProvider - txmetadata for 6d49881892429d6e0c1eca781ca2ac38f49edb803b38638bbcd4a494bcb638d8 DROPPED — no wallet tx and no fallback row; any platform metadata for this transaction will not be displayed
05:40:40 [DefaultDispatcher-worker-10] L1ShadowSyncService - L1Shadow phase=SYNCED 100.0% headers 2541281/2541281 filters 2541280/2541280 wallet 2541280
05:40:40 [DefaultDispatcher-worker-2] MainViewModel - blockchain state update: mnlist=2541280; chain=2541281; wallet=-1
05:40:40 [main] BlockchainServiceImpl - cutover committed and SDK L1 scan synced — triggering identity/contacts discovery
05:40:40 [DefaultDispatcher-worker-13] BlockchainIdentityData - creation: BlockchainIdentityData(NONE, null, null, null, null, null)
05:40:40 [DefaultDispatcher-worker-13] PlatformSynchronizationService - discoverAndRecoverIdentity: checking for existing associated identity
05:40:40 [DefaultDispatcher-worker-13] SecurityGuard - loading security guard [healthy=true] with keys: [keystore_healthy, fallback_pin_wallet_password_key, primary_ui_pin_key, modern_encryption_migration_complete, fallback_mnemonic_wallet_password_key, primary_wallet_password_key, fallback_mnemonic_ui_pin_key]
05:40:40 [DefaultDispatcher-worker-13] ModernEncryptionProvider - Decrypted data for alias: wallet_password_key
05:40:40 [DefaultDispatcher-worker-13] KeyCrypterScrypt - Deriving key took 129.0 ms for N=65536, r=8, p=1.
05:40:40 [DefaultDispatcher-worker-13] DapiClient - getIdentityByFirstPublicKey(d0559a724d640d22df8a04665308ffd0b7fe9b77)
05:40:40 [DefaultDispatcher-worker-5] L1ShadowSyncService - L1 engine chainlock height 2541280 -> 2541281
05:40:40 [DefaultDispatcher-worker-3] MainViewModel - blockchain state update: mnlist=2541280; chain=2541281; wallet=-1
05:40:41 [DefaultDispatcher-worker-13] PlatformSynchronizationService - discoverAndRecoverIdentity: no existing identity found
05:40:41 [DefaultDispatcher-worker-13] PlatformSynchronizationService - identity-discovery guard released (no identity found) — a later discovery may run again
05:40:41 [DefaultDispatcher-worker-13] BlockchainServiceImpl - post-cutover identity discovery found nothing and the wallet has no identity — re-arming; next attempt no sooner than 120000 ms from now
05:40:41 [DefaultDispatcher-worker-2] PlatformSynchronizationService - TxMetadata settings: saveToNetwork=false frequency=afterTenTransactions saveAfter=9223372036854775807 paymentCategory=false taxCategory=false exchangeRates=false memos=false giftCards=false storedDocuments=0
05:40:41 [DefaultDispatcher-worker-6] MainViewModel - blockchain state update: mnlist=2541281; chain=2541281; wallet=-1
05:40:55 [DefaultDispatcher-worker-7] WalletTransactionMetadataProvider - txmetadata for f3269c40c4464838f497e8cbfa95f357838bfce5cc4f53ce2e5f73989f15319b does not exist, perform insert, then update
05:40:55 [DefaultDispatcher-worker-7] BLSJniLibrary - Initializing BLS JNI Library
05:40:55 [DefaultDispatcher-worker-7] WalletTransactionMetadataProvider - txmetadata for f3269c40c4464838f497e8cbfa95f357838bfce5cc4f53ce2e5f73989f15319b DROPPED — no wallet tx and no fallback row; any platform metadata for this transaction will not be displayed
05:40:56 [DefaultDispatcher-worker-9] BlockchainServiceImpl - network capabilities changed: 100, hasInternet: true, validated: true
05:40:56 [DefaultDispatcher-worker-9] BlockchainServiceImpl - acquiring check() mutex
05:40:56 [DefaultDispatcher-worker-9] BlockchainServiceImpl - check()
05:40:56 [DefaultDispatcher-worker-9] BlockchainServiceImpl - cutover committed — holding the dashj L1 engine; SDK owns L1 this launch
05:40:56 [DefaultDispatcher-worker-9] BlockchainServiceImpl - releasing check() mutex
05:41:00 [main] BlockchainServiceImpl - MEM pss=667MB nativeHeap=469/1089MB jvm=21/576MB
05:41:00 [main] BlockchainServiceImpl - History of transactions/blocks/headers/mnlistdiff (sdk): 0/1/1/1, 0/0/0/0, 0/152280/1/1, 0/605000/0/0, 0/805000/1/1, 0/500000/0/0, 0/0/0/0, 0/125000/359278/2541278
05:41:02 [DefaultDispatcher-worker-1] BlockchainServiceImpl - network capabilities changed: 100, hasInternet: true, validated: true
05:41:02 [DefaultDispatcher-worker-1] BlockchainServiceImpl - acquiring check() mutex
05:41:02 [DefaultDispatcher-worker-1] BlockchainServiceImpl - check()
05:41:02 [DefaultDispatcher-worker-1] BlockchainServiceImpl - cutover committed — holding the dashj L1 engine; SDK owns L1 this launch
05:41:02 [DefaultDispatcher-worker-1] BlockchainServiceImpl - releasing check() mutex
05:41:03 [native-log-bridge] DashSdkNative - 09-19 00:40:40.264  4533  5132 I DashSDK : platform_wallet::changeset::core_bridge: wallet-event batch: folded=1 wallets=1 synced_height_persisted=Some(2541281) synced_height_frozen=None synced_height_rejected=None faulted=0
05:41:03 [native-log-bridge] DashSdkNative - 09-19 00:40:40.860  4533  5132 I DashSDK : platform_wallet::changeset::core_bridge: wallet-event batch: folded=1 wallets=1 synced_height_persisted=None synced_height_frozen=None synced_height_rejected=None faulted=0
