06:07:55 [DefaultDispatcher-worker-12] WalletTransactionMetadataProvider - metadata: TxOut of 0.100001 DASH to yaishz8jk8xvii8h5MKWeCRTxm4r7k5t1q script:DUP HASH160 PUSHDATA(20)[9e00142ad09e3761b9e992452bdd84328b77046c] EQUALVERIFY CHECKSIG
06:07:55 [DefaultDispatcher-worker-1] WalletTransactionMetadataProvider - metadata: TxOut of 0.00100001 DASH to yMrvHGWqQPmcK1S6Hk1UERcsdDipGm7Muz script:DUP HASH160 PUSHDATA(20)[10ebeb78d9b3d40192e49ca26a7283ff8552fd7e] EQUALVERIFY CHECKSIG
06:07:55 [DefaultDispatcher-worker-1] WalletTransactionMetadataProvider - metadata: TxOut of 0.00100001 DASH to yS1zAWPe1X9kPbozPpmbyDkmHWcQGewT2Q script:DUP HASH160 PUSHDATA(20)[3e836888794ba94e05b5de6b76f9eab85baf8d27] EQUALVERIFY CHECKSIG
06:07:55 [DefaultDispatcher-worker-1] WalletTransactionMetadataProvider - metadata: TxOut of 0.00100001 DASH to ySVvZJJEC1UTboSLp9Wf2MRK5u1WSHSvAJ script:DUP HASH160 PUSHDATA(20)[43cc0b54435ea24db8314dfe9bcfd077130795e9] EQUALVERIFY CHECKSIG
06:07:55 [DefaultDispatcher-worker-12] WalletTransactionMetadataProvider - metadata: TxOut of 0.00100001 DASH to yVP23JT2mviUi5u5C2fCmMnr1xiomwLeFo script:DUP HASH160 PUSHDATA(20)[6366163125029a3a7689f0521a58cdfc3dcb1c39] EQUALVERIFY CHECKSIG
06:07:55 [DefaultDispatcher-worker-12] WalletTransactionMetadataProvider - metadata: TxOut of 0.00100001 DASH to yeJUaoXiLA7yDPHBYSEYds6dW5VZwa4j4e script:DUP HASH160 PUSHDATA(20)[c5434bc7ed868aa0eb9a667094840dbddd41259f] EQUALVERIFY CHECKSIG
06:07:55 [DefaultDispatcher-worker-4] WalletTransactionMetadataProvider - metadata: TxOut of 0.0100001 DASH to yPekKgFD24z4NDH94MTD1AiwnC1oFLrmcy script:DUP HASH160 PUSHDATA(20)[248eddef4bac50f9c8b15f2cd8e0e562c221a50d] EQUALVERIFY CHECKSIG
06:07:55 [DefaultDispatcher-worker-1] WalletTransactionMetadataProvider - metadata: TxOut of 0.0100001 DASH to yRc8YXLULmjhq9AG3wt2tLqUuDZ2oy8JPL script:DUP HASH160 PUSHDATA(20)[3a006b90ec5e6e4f87f6b962395f1ceb1c8f5592] EQUALVERIFY CHECKSIG
06:07:55 [DefaultDispatcher-worker-1] WalletTransactionMetadataProvider - metadata: TxOut of 0.0100001 DASH to yVVkpwWHTZNkLwAr5k2XZ6DSKciBANhmVp script:DUP HASH160 PUSHDATA(20)[64ac4c94c1539f65a33e8378f97bce4bc33b5665] EQUALVERIFY CHECKSIG
06:07:55 [DefaultDispatcher-worker-1] WalletTransactionMetadataProvider - metadata: TxOut of 0.0100001 DASH to yWaAcwo5YEeRXFXSvMJuMTv2Sn4hqn3UHL script:DUP HASH160 PUSHDATA(20)[7079f348d63ea1db0b1961059dff0fcca824da38] EQUALVERIFY CHECKSIG
06:07:55 [DefaultDispatcher-worker-2] WalletTransactionMetadataProvider - metadata: TxOut of 0.0100001 DASH to yY8dMpHidDHYqngWqrg3ZhEpLzQZfRxZbU script:DUP HASH160 PUSHDATA(20)[8195b525c9c6620da6aee1f43f6320188c43bb6d] EQUALVERIFY CHECKSIG
06:07:55 [DefaultDispatcher-worker-12] WalletTransactionMetadataProvider - metadata: TxOut of 0.0100001 DASH to yb9Kimx5aE91PiKd3M9kHvdFCpwwPsvzkx script:DUP HASH160 PUSHDATA(20)[a29fc6e55ceb6e3309144ad249baf81f7615665a] EQUALVERIFY CHECKSIG
06:07:55 [DefaultDispatcher-worker-2] WalletTransactionMetadataProvider - metadata: TxOut of 0.0100001 DASH to ybrJhnpYxMZk5jFrbeaxuL4nJdLhpn65t5 script:DUP HASH160 PUSHDATA(20)[aa5ffb80f14ecf93670be2d570277aab42b356e7] EQUALVERIFY CHECKSIG
06:07:55 [DefaultDispatcher-worker-7] WalletTransactionMetadataProvider - metadata: TxOut of 0.0100001 DASH to ycd6LnwWaRnUyb61qYVokq5FqUW8P8euFL script:DUP HASH160 PUSHDATA(20)[b2d861a427a2e6a4d89554010642767576aba7a4] EQUALVERIFY CHECKSIG
06:07:55 [DefaultDispatcher-worker-2] WalletTransactionMetadataProvider - metadata: TxOut of 0.0100001 DASH to yQ1H5wt3ywiFGNMvwj5Sz2HenS9BvgDWAb script:DUP HASH160 PUSHDATA(20)[2870ddb590a83ada3575646af0e63a7780ab8a3c] EQUALVERIFY CHECKSIG
06:07:55 [DefaultDispatcher-worker-2] WalletTransactionMetadataProvider - metadata: TxOut of 0.0100001 DASH to yQfCrJ2WPLKnAQMS29eb4i1wWdRv8gUUba script:DUP HASH160 PUSHDATA(20)[2f9d231741bc22132fec088f8f9df539337d1ec4] EQUALVERIFY CHECKSIG
06:07:55 [DefaultDispatcher-worker-2] WalletTransactionMetadataProvider - metadata: TxOut of 0.0100001 DASH to yS89H3XmXFvRamMgFBM7JSxqvjL14SAjt1 script:DUP HASH160 PUSHDATA(20)[3fad82d14fe43d170b930c34c9336613d3f07aa0] EQUALVERIFY CHECKSIG
06:07:55 [DefaultDispatcher-worker-2] WalletTransactionMetadataProvider - metadata: TxOut of 0.0100001 DASH to yTFkVAbGdSW6WNgyKfkyCn7cd6pufva9UT script:DUP HASH160 PUSHDATA(20)[4c15f083d950ec6cc4d90b459fbf83afe52b197c] EQUALVERIFY CHECKSIG
06:07:55 [DefaultDispatcher-worker-2] WalletTransactionMetadataProvider - metadata: TxOut of 0.0100001 DASH to yTuw4EGEzEboVbuAUi6T7JsigomXg7vvRC script:DUP HASH160 PUSHDATA(20)[534e91cab1e692c7813786a41711ce66b93425d6] EQUALVERIFY CHECKSIG
06:07:55 [DefaultDispatcher-worker-2] WalletTransactionMetadataProvider - metadata: TxOut of 0.0100001 DASH to yU5KjqcnNmjPVh3przZRpKPhMsknqMacLA script:DUP HASH160 PUSHDATA(20)[55153f76c62fc2029476b79d60b7135efdaff51a] EQUALVERIFY CHECKSIG
06:07:55 [DefaultDispatcher-worker-2] WalletTransactionMetadataProvider - metadata: TxOut of 0.0100001 DASH to yW63Lon6SxYjGMvDsuAyejbsg4VbqBEM14 script:DUP HASH160 PUSHDATA(20)[6b283a52dd059a6d239fb73e0cf4920ebe2837ac] EQUALVERIFY CHECKSIG
06:07:55 [DefaultDispatcher-worker-2] WalletTransactionMetadataProvider - metadata: TxOut of 0.0100001 DASH to yWghP6V3YxfjEnQ7ZxnZpDVeK1YKHSz84Y script:DUP HASH160 PUSHDATA(20)[71b61fcf8a1175054af007834c12a5a9053948c2] EQUALVERIFY CHECKSIG
06:07:55 [DefaultDispatcher-worker-2] WalletTransactionMetadataProvider - metadata: TxOut of 0.0100001 DASH to yXreMAfjNUYnv9wKrFBFosJWRsnJbMHZ42 script:DUP HASH160 PUSHDATA(20)[7e8fe0ad234ded60ba233f60b3559f9a630e6727] EQUALVERIFY CHECKSIG
06:07:55 [DefaultDispatcher-worker-2] WalletTransactionMetadataProvider - metadata: TxOut of 0.0100001 DASH to yYMos37EJDY9nziQhDcpzfsL7kjy2VqWKA script:DUP HASH160 PUSHDATA(20)[8413e21cb81003890033ff290e7ab4a57dd0992c] EQUALVERIFY CHECKSIG
06:07:55 [DefaultDispatcher-worker-2] WalletTransactionMetadataProvider - metadata: TxOut of 0.0100001 DASH to yZ7PRpr2pcLG8tuti5afdvQVtxwzTHr4Ph script:DUP HASH160 PUSHDATA(20)[8c51c9dcd956fb0d3185288677a52ff8fd81fd5e] EQUALVERIFY CHECKSIG
06:07:55 [DefaultDispatcher-worker-2] WalletTransactionMetadataProvider - metadata: TxOut of 0.0100001 DASH to yfECpf1fgqM1igZ2H3xriN3m9QM49iABDf script:DUP HASH160 PUSHDATA(20)[cf6c99e8c873b9ab98852a9dc2cee8c79a03e7e2] EQUALVERIFY CHECKSIG
06:07:55 [DefaultDispatcher-worker-2] WalletTransactionMetadataProvider - metadata: TxOut of 0.0100001 DASH to yi2TBo9xym57kuEYgS1yQcfovsPD8WfBde script:DUP HASH160 PUSHDATA(20)[ee1bfa5702af52b833f64b8da73fc34b5fa7dbc8] EQUALVERIFY CHECKSIG
06:07:55 [DefaultDispatcher-worker-2] WalletTransactionMetadataProvider - metadata: TxOut of 0.0100001 DASH to yikqAyhCDCcRFgq2XZW84SCBiopARhutwR script:DUP HASH160 PUSHDATA(20)[f61fcd1a56de9e87dd2f1bc632588522276ac449] EQUALVERIFY CHECKSIG
06:07:55 [DefaultDispatcher-worker-7] WalletTransactionMetadataProvider - metadata: TxOut of 1.00001 DASH to yQ95zJjW2xGJPosLpqxiPAzwHE1ECa7bvd script:DUP HASH160 PUSHDATA(20)[29eaee237691209ffa0acd849393aa2a1735a732] EQUALVERIFY CHECKSIG
06:07:55 [DefaultDispatcher-worker-7] WalletTransactionMetadataProvider - metadata: TxOut of 1.00001 DASH to yVru7GoWcDqmbAWY1BY7BHnoNdhtYGAbL8 script:DUP HASH160 PUSHDATA(20)[68abf28d9071c113f242d26c04df1c00cc04f71f] EQUALVERIFY CHECKSIG
06:07:55 [DefaultDispatcher-worker-7] WalletTransactionMetadataProvider - metadata: TxOut of 1.00001 DASH to yXv9ktkXVE9EjGA7w26mUq6S7SY8BdTSbc script:DUP HASH160 PUSHDATA(20)[7f39accb30901a7d126c08789523e18e6b328f0f] EQUALVERIFY CHECKSIG
06:07:55 [DefaultDispatcher-worker-2] WalletTransactionMetadataProvider - metadata: TxOut of 0.100001 DASH to yNheFe8Ee1tzcDe2rv3MtfvEJuAqzY3o4a script:DUP HASH160 PUSHDATA(20)[1a22ec21cda50df9af309cdfc199b0be759441f0] EQUALVERIFY CHECKSIG
06:07:55 [DefaultDispatcher-worker-2] WalletTransactionMetadataProvider - metadata: TxOut of 0.100001 DASH to yQDy98YfNX8WcT4oWHyJTbWqCran9Tf7QJ script:DUP HASH160 PUSHDATA(20)[2ad74b323eb94c88b5402b11fa15e7d07c8d8cef] EQUALVERIFY CHECKSIG
06:07:55 [DefaultDispatcher-worker-4] WalletTransactionMetadataProvider - metadata: TxOut of 0.100001 DASH to yRuW14crQgd1qS4HiVNDYvh7kvRHrbJEze script:DUP HASH160 PUSHDATA(20)[3d49674604607de69cbad5175b7f0c53dbceabac] EQUALVERIFY CHECKSIG
06:07:55 [DefaultDispatcher-worker-4] WalletTransactionMetadataProvider - metadata: TxOut of 0.100001 DASH to yT3NKzDbE7PFZ8hp3H3Cp8yCqCd5JKJFFr script:DUP HASH160 PUSHDATA(20)[49be738129aadda3d3e5bef9260093afd3035351] EQUALVERIFY CHECKSIG
06:07:55 [DefaultDispatcher-worker-4] WalletTransactionMetadataProvider - metadata: TxOut of 0.100001 DASH to yUdNNiFEMnvJiTKAaiahhe1TaaNbqyCAN9 script:DUP HASH160 PUSHDATA(20)[5b24c2467d1b40d80b6538b75c8a54b6f3ba9f19] EQUALVERIFY CHECKSIG
06:07:55 [DefaultDispatcher-worker-4] WalletTransactionMetadataProvider - metadata: TxOut of 0.00949953 DASH to yNgiECmUAQUZELJfA8V8EsMCB1XGc7h7Ey script:DUP HASH160 PUSHDATA(20)[19f5d3248566ab5218f75352a2e0f0ff8f70c8df] EQUALVERIFY CHECKSIG
06:07:55 [DefaultDispatcher-worker-2] WalletTransactionMetadataProvider - metadata: TxOut of 0.00 DASH (unknown type) script:RETURN
06:07:55 [DefaultDispatcher-worker-1] WalletTransactionMetadataProvider - metadata: TxOut of 0.00100001 DASH to yRKtw5FB87MEDDhd3B2MM6duMjzhhchYaK script:DUP HASH160 PUSHDATA(20)[36ee6719553f2ddf682c3ca6f7c98ad4756b2687] EQUALVERIFY CHECKSIG
06:07:55 [DefaultDispatcher-worker-1] WalletTransactionMetadataProvider - metadata: TxOut of 0.00100001 DASH to yaLpEiNzasLUmdH8sXyuQu7fp2HmA1FCK1 script:DUP HASH160 PUSHDATA(20)[99d407e53ab03eb628b302047ea66d6663a38f48] EQUALVERIFY CHECKSIG
06:07:55 [DefaultDispatcher-worker-1] WalletTransactionMetadataProvider - metadata: TxOut of 0.00100001 DASH to ybRzmttHwUh5mB2FKjqkMfR5hRJypUuau9 script:DUP HASH160 PUSHDATA(20)[a5c708648ec619b0656bbb6c32be76c146642b6b] EQUALVERIFY CHECKSIG
06:07:55 [DefaultDispatcher-worker-12] WalletTransactionMetadataProvider - metadata: TxOut of 0.00020032 DASH to yNgiECmUAQUZELJfA8V8EsMCB1XGc7h7Ey script:DUP HASH160 PUSHDATA(20)[19f5d3248566ab5218f75352a2e0f0ff8f70c8df] EQUALVERIFY CHECKSIG
06:07:55 [DefaultDispatcher-worker-12] WalletTransactionMetadataProvider - metadata: TxOut of 0.0100001 DASH to ySLxzWmEi5Ps4WFHsMFV9eHNQtQL2r3crb script:DUP HASH160 PUSHDATA(20)[421a55409b721182d426fad85425ebd18652edab] EQUALVERIFY CHECKSIG
06:07:55 [DefaultDispatcher-worker-12] WalletTransactionMetadataProvider - metadata: TxOut of 0.0100001 DASH to yXo9u7koVMCDvSDYRmM2H91yyTtqs6mtZM script:DUP HASH160 PUSHDATA(20)[7de6e1b1207a2c83e4233908f8ab5aeae3271241] EQUALVERIFY CHECKSIG
06:07:55 [DefaultDispatcher-worker-12] WalletTransactionMetadataProvider - metadata: TxOut of 0.0100001 DASH to ycGUEZnujmDAtMVVrgq4fZEagD8t1Hatt3 script:DUP HASH160 PUSHDATA(20)[aef1ebd87634e40642a0def5a6faff509e11bac7] EQUALVERIFY CHECKSIG
06:07:55 [DefaultDispatcher-worker-1] WalletTransactionMetadataProvider - metadata: TxOut of 0.100001 DASH to yTC436Gu25vrdBjDhwbLEYxgY7cjPbnqTn script:DUP HASH160 PUSHDATA(20)[4b62ed10a0f37a77826b6626c832d42c3ac11e3f] EQUALVERIFY CHECKSIG
06:07:55 [DefaultDispatcher-worker-1] WalletTransactionMetadataProvider - metadata: TxOut of 0.100001 DASH to yaXP1DKzNNUXBsvYGMjKL6VPeaEoufkdYP script:DUP HASH160 PUSHDATA(20)[9bd38b0cad43f2bebd0ca05c4c85634fb9420684] EQUALVERIFY CHECKSIG
06:07:55 [DefaultDispatcher-worker-1] WalletTransactionMetadataProvider - metadata: TxOut of 0.100001 DASH to ycVWR49HJ4ZuNM2g4Lw5STAqUJBBRPua9d script:DUP HASH160 PUSHDATA(20)[b16926353d41864b131ff4c341426fbbfe20363b] EQUALVERIFY CHECKSIG
06:07:55 [DefaultDispatcher-worker-2] WalletTransactionMetadataProvider - metadata: TxOut of 22.00 DASH to yhij5wpXcHMrT7NGLLzCpaeCZ8ARokcq26 script:DUP HASH160 PUSHDATA(20)[eac1c33347c511be994cd8993a8095871610833e] EQUALVERIFY CHECKSIG
06:07:55 [DefaultDispatcher-worker-2] WalletTransactionMetadataProvider - metadata: TxOut of 837.20859463 DASH to yYcQ2ibL3pkzZ7rcZMd92hhSS2kizkqHEf script:DUP HASH160 PUSHDATA(20)[86d63a5221b991791ac834d87ed4b214e0e06d1d] EQUALVERIFY CHECKSIG
06:07:55 [DefaultDispatcher-worker-2] WalletTransactionMetadataProvider - metadata: TxOut of 0.100001 DASH to yMTkh4oDDtgdDSKs6J3BZPFCcrDHWunM7q script:DUP HASH160 PUSHDATA(20)[0c8a58fdb7c0148944696287f13ea3cb358c3903] EQUALVERIFY CHECKSIG
06:07:55 [DefaultDispatcher-worker-2] WalletTransactionMetadataProvider - metadata: TxOut of 0.100001 DASH to yV4HEpVWjP5keQyneVArRPZXJsL7DpFdx2 script:DUP HASH160 PUSHDATA(20)[5fdadedc9f6f40f0aa915dc5943ee71c17034611] EQUALVERIFY CHECKSIG
06:07:55 [DefaultDispatcher-worker-2] WalletTransactionMetadataProvider - metadata: TxOut of 48.11720164 DASH to yNgiECmUAQUZELJfA8V8EsMCB1XGc7h7Ey script:DUP HASH160 PUSHDATA(20)[19f5d3248566ab5218f75352a2e0f0ff8f70c8df] EQUALVERIFY CHECKSIG
06:07:55 [DefaultDispatcher-worker-4] WalletTransactionMetadataProvider - metadata: TxOut of 0.00020008 DASH to yNgiECmUAQUZELJfA8V8EsMCB1XGc7h7Ey script:DUP HASH160 PUSHDATA(20)[19f5d3248566ab5218f75352a2e0f0ff8f70c8df] EQUALVERIFY CHECKSIG
06:07:55 [DefaultDispatcher-worker-4] WalletTransactionMetadataProvider - metadata: TxOut of 0.0100001 DASH to yPbKtQ9zJzBfWyqP1ZLqMLChTWBbQ5f9pn script:DUP HASH160 PUSHDATA(20)[23e93896ff906233b7d04cfb9a4a558e82b867b6] EQUALVERIFY CHECKSIG
06:07:55 [DefaultDispatcher-worker-4] WalletTransactionMetadataProvider - metadata: TxOut of 0.0100001 DASH to yQZ8TGV46HJh4TGJorAH3Zr7vXMKTwHh8b script:DUP HASH160 PUSHDATA(20)[2e76f88a8493cb9e30510f37d1331efdf2335d38] EQUALVERIFY CHECKSIG
06:07:55 [DefaultDispatcher-worker-2] WalletTransactionMetadataProvider - metadata: TxOut of 0.0100001 DASH to ydtGD8cWKXYmYvYyehCs7ceZo2EXochmZc script:DUP HASH160 PUSHDATA(20)[c0aefbe3be5d5052ceb1c730ee7d867dce8d7196] EQUALVERIFY CHECKSIG
06:07:55 [DefaultDispatcher-worker-2] WalletTransactionMetadataProvider - metadata: TxOut of 0.0100001 DASH to ygh8e6o6aH9vX3a1xSxy2ufaAtwKAgVpg3 script:DUP HASH160 PUSHDATA(20)[df7c778dfc6e09344f57d4b9cfdffe8ed88d1139] EQUALVERIFY CHECKSIG
06:07:55 [DefaultDispatcher-worker-2] WalletTransactionMetadataProvider - metadata: TxOut of 0.0100001 DASH to yifz59XfM9Wc7QFuiSmDaJX9aoujS9QLtC script:DUP HASH160 PUSHDATA(20)[f5352678e5e6ac750ef2396779eb9b4898f17a5d] EQUALVERIFY CHECKSIG
06:07:55 [DefaultDispatcher-worker-4] WalletTransactionMetadataProvider - metadata: TxOut of 0.0100001 DASH to yMp2KaW7YuY4o2zkvShc8WdfvAZGbF1CFX script:DUP HASH160 PUSHDATA(20)[105fb6b6948fac7275ce7eebad741878f247970b] EQUALVERIFY CHECKSIG
06:07:55 [DefaultDispatcher-worker-4] WalletTransactionMetadataProvider - metadata: TxOut of 0.0100001 DASH to yjL4VB9y5kkJnjKQz46MR6YSF5LSw3okvd script:DUP HASH160 PUSHDATA(20)[fc68a4455091510cd0668e92408a8df03fd9dd91] EQUALVERIFY CHECKSIG
06:07:55 [DefaultDispatcher-worker-2] WalletTransactionMetadataProvider - metadata: TxOut of 4.32099807 DASH to yY8p1Bhnx2AwDVEfwHyTtye32FFPS8PgRY script:DUP HASH160 PUSHDATA(20)[819e97d0207a9c53133de0fac2a1c7cb9f294e0d] EQUALVERIFY CHECKSIG
06:07:55 [DefaultDispatcher-worker-4] WalletTransactionMetadataProvider - metadata: TxOut of 0.51419891 DASH to yNgiECmUAQUZELJfA8V8EsMCB1XGc7h7Ey script:DUP HASH160 PUSHDATA(20)[19f5d3248566ab5218f75352a2e0f0ff8f70c8df] EQUALVERIFY CHECKSIG
06:07:55 [DefaultDispatcher-worker-4] WalletTransactionMetadataProvider - metadata: TxOut of 0.0100001 DASH to yPxqDKPPjXHnDCWYLyHB3UeZyUAqS2tA34 script:DUP HASH160 PUSHDATA(20)[27fa6fbebf9451d424ab3ef585fad26a9a984c2e] EQUALVERIFY CHECKSIG
06:07:55 [DefaultDispatcher-worker-4] WalletTransactionMetadataProvider - metadata: TxOut of 0.0100001 DASH to yQKKo53jZKbBKdBzGZn9mmeefHHcbCECx8 script:DUP HASH160 PUSHDATA(20)[2bda9d5ffb2409e048e3523d03caa70e9d96ab95] EQUALVERIFY CHECKSIG
06:07:55 [DefaultDispatcher-worker-2] WalletTransactionMetadataProvider - metadata: TxOut of 0.0100001 DASH to yRiM6HL4qvN8VPjG63K9GBnyrrWfCcBjEL script:DUP HASH160 PUSHDATA(20)[3b2d63df58a58faf7b42b3aa0d2e21303f9a846e] EQUALVERIFY CHECKSIG
06:07:55 [DefaultDispatcher-worker-2] WalletTransactionMetadataProvider - metadata: TxOut of 0.0100001 DASH to yTKLrC4WfvUK8NPwhLocfAkxinfafqXCEo script:DUP HASH160 PUSHDATA(20)[4cc3df2c7cc633855e0b7befd4fd45696c98ffb7] EQUALVERIFY CHECKSIG
06:07:55 [DefaultDispatcher-worker-2] WalletTransactionMetadataProvider - metadata: TxOut of 0.0100001 DASH to yUfoddD36W42PJmgRDsTeFCzhq6QxqSm3y script:DUP HASH160 PUSHDATA(20)[5b9aaca53bda75bd3b3fd24cf88700496ad05762] EQUALVERIFY CHECKSIG
06:07:55 [DefaultDispatcher-worker-2] WalletTransactionMetadataProvider - metadata: TxOut of 0.0100001 DASH to ybneSmLaEzkCqCtNjYpE5rN8MzMX17PmxQ script:DUP HASH160 PUSHDATA(20)[a9aecc289ec72781b2137719761145a9e0c9d62c] EQUALVERIFY CHECKSIG
06:07:55 [DefaultDispatcher-worker-4] WalletTransactionMetadataProvider - metadata: TxOut of 0.0100001 DASH to ydjZKAMXurSVwe3vFirw14wxtCXQpoKhDH script:DUP HASH160 PUSHDATA(20)[bf098498fff9dbe984d77c3d7a27bac46d336b1a] EQUALVERIFY CHECKSIG
06:07:55 [DefaultDispatcher-worker-4] WalletTransactionMetadataProvider - metadata: TxOut of 0.0100001 DASH to yib5fQhSyutNEoewrPP6TLrbEPMJAjsNLs script:DUP HASH160 PUSHDATA(20)[f447bcc426c4790ea388703d43cbd622dc8a5e24] EQUALVERIFY CHECKSIG
06:07:55 [DefaultDispatcher-worker-2] WalletTransactionMetadataProvider - metadata: TxOut of 0.0100001 DASH to yMWLbAiCjn6hi9y26SJ99DFt1QJqyiRACB script:DUP HASH160 PUSHDATA(20)[0d0779f73e28ef819859001a6036ebcdce2b5642] EQUALVERIFY CHECKSIG
06:07:55 [DefaultDispatcher-worker-2] WalletTransactionMetadataProvider - metadata: TxOut of 0.0100001 DASH to yNN1WczRm2CKdKmD22VpmzMk2r4Jw7rN53 script:DUP HASH160 PUSHDATA(20)[166c5942da470ed0459a0e3c06d54f86bdc62fc2] EQUALVERIFY CHECKSIG
06:07:55 [DefaultDispatcher-worker-2] WalletTransactionMetadataProvider - metadata: TxOut of 0.0100001 DASH to yTJXRrgpJEaZYRZtbjxx4CsSnKvDWYa4wx script:DUP HASH160 PUSHDATA(20)[4c9c49b55e433b262b56778ab792d5f8318900da] EQUALVERIFY CHECKSIG
06:07:55 [DefaultDispatcher-worker-4] WalletTransactionMetadataProvider - metadata: TxOut of 0.0100001 DASH to yVPqB76ASE2o4fv9gch6xmWkXdrYrz1ABk script:DUP HASH160 PUSHDATA(20)[638d6ec0f466fc5a887cf7938b91634f00ece138] EQUALVERIFY CHECKSIG
06:07:55 [DefaultDispatcher-worker-4] WalletTransactionMetadataProvider - metadata: TxOut of 0.0100001 DASH to ycYiMM263ErQJP6WGen1VAGHLUsa8c637q script:DUP HASH160 PUSHDATA(20)[b2045c60989b6aea0cb54c713ec651b51b8912c4] EQUALVERIFY CHECKSIG
06:07:55 [DefaultDispatcher-worker-4] WalletTransactionMetadataProvider - metadata: TxOut of 0.0100001 DASH to yjYpA9sHNJLcw5jxdkdCr7YXgtN8stek5Z script:DUP HASH160 PUSHDATA(20)[fed216bb944351d81b7d85688b2844db0e583df1] EQUALVERIFY CHECKSIG
06:07:55 [DefaultDispatcher-worker-4] WalletTransactionMetadataProvider - metadata: TxOut of 0.0100001 DASH to yje5ycoWMwYJTpCxWTwYqsyKEo7npCsafL script:DUP HASH160 PUSHDATA(20)[ffd15f83b87c0ac119840941c8948755fc8ae07a] EQUALVERIFY CHECKSIG
06:07:55 [DefaultDispatcher-worker-12] WalletTransactionMetadataProvider - metadata: TxOut of 1.00001 DASH to yP1Sfiv2mgJHKxENCNxWR6jWiKFgvmCy3i script:DUP HASH160 PUSHDATA(20)[1d80bd3d111c2ab82202ac2f0066765556abcd93] EQUALVERIFY CHECKSIG
06:07:55 [DefaultDispatcher-worker-12] WalletTransactionMetadataProvider - metadata: TxOut of 1.00001 DASH to yQUep3ZkcT8T3toUmgkE61HwEVUeD4vV5K script:DUP HASH160 PUSHDATA(20)[2d9e3b9a98a31bf53bf23b6a8656c4a00271abb0] EQUALVERIFY CHECKSIG
06:07:55 [DefaultDispatcher-worker-12] WalletTransactionMetadataProvider - metadata: TxOut of 1.00001 DASH to ybN1RxFQczAepNWCKvoCBDmpgomRmZYJMR script:DUP HASH160 PUSHDATA(20)[a505eaabb27f8d2344087f46107bc1323540bfd0] EQUALVERIFY CHECKSIG
06:07:55 [DefaultDispatcher-worker-4] WalletTransactionMetadataProvider - metadata: TxOut of 1.00001 DASH to yiJ6nTESdrrq7kFTuTF194bhQ4t9CH11DA script:DUP HASH160 PUSHDATA(20)[f1119a26936a428acfb3c92fcffedbe3176c3ef5] EQUALVERIFY CHECKSIG
06:07:55 [DefaultDispatcher-worker-12] WalletTransactionMetadataProvider - metadata: TxOut of 1.00001 DASH to yjPxqP9THejkEthyM5PoSx7buoBJmXjF2x script:DUP HASH160 PUSHDATA(20)[fd25967a6605605d6a8a66633bbb063d241900a3] EQUALVERIFY CHECKSIG
06:07:55 [DefaultDispatcher-worker-4] WalletTransactionMetadataProvider - metadata: TxOut of 0.33848582 DASH to yWcaVhiPFfxx7ugWgLDRcQGf1XJGWXkcxd script:DUP HASH160 PUSHDATA(20)[70eeb653015337953caa06b2b19f6b298a9b102c] EQUALVERIFY CHECKSIG
06:07:55 [DefaultDispatcher-worker-12] WalletTransactionMetadataProvider - metadata: TxOut of 0.100001 DASH to ySUNbkBbjwuq2Ujn1gLCSy4Pf2sEFrR6Au script:DUP HASH160 PUSHDATA(20)[4380f384dd198f440b12fe4eb6f886f64ac159cc] EQUALVERIFY CHECKSIG
06:07:55 [DefaultDispatcher-worker-4] WalletTransactionMetadataProvider - metadata: TxOut of 0.100001 DASH to yVuxSPoMr5tykb5zeUULNJXvQM8NwobQ1h script:DUP HASH160 PUSHDATA(20)[693ff98e06f066d5f0d386004b7dac40105bf0f5] EQUALVERIFY CHECKSIG
06:07:55 [DefaultDispatcher-worker-4] WalletTransactionMetadataProvider - metadata: TxOut of 0.00100001 DASH to yPUVb6bekn7AFFQ4Er2EYZwn4CL2jzh2Lm script:DUP HASH160 PUSHDATA(20)[229e686a6c8fc843c573d2e8960a9fa0da2bbd72] EQUALVERIFY CHECKSIG
06:07:55 [DefaultDispatcher-worker-4] WalletTransactionMetadataProvider - metadata: TxOut of 0.00100001 DASH to yT8tGx3piYWPHvjXTGkeu6xTParqh4SQ9x script:DUP HASH160 PUSHDATA(20)[4ac987af890ce43cbf235e50c6eb73acc13cb00c] EQUALVERIFY CHECKSIG
06:07:55 [DefaultDispatcher-worker-12] WalletTransactionMetadataProvider - metadata: TxOut of 0.00100001 DASH to yUQsk1ppWvhqJmgWHHXfGaEkai8TCg4GNF script:DUP HASH160 PUSHDATA(20)[58c7ddb0112656eaf29f5e51776d2d57ffdb3ffc] EQUALVERIFY CHECKSIG
06:07:55 [DefaultDispatcher-worker-12] WalletTransactionMetadataProvider - metadata: TxOut of 0.00100001 DASH to yVBLvSjcYHTqbaXpbkU1S2BZgm3WfJGc2p script:DUP HASH160 PUSHDATA(20)[6130db5af4f0c038b2f3f168c1f4dc78408f49e3] EQUALVERIFY CHECKSIG
06:07:55 [DefaultDispatcher-worker-12] WalletTransactionMetadataProvider - metadata: TxOut of 0.00100001 DASH to yYTwt1eUJzgR911AYSTusAVvZvoaGKqyND script:DUP HASH160 PUSHDATA(20)[853d1234960a50584764973c9e3722ed90d1999b] EQUALVERIFY CHECKSIG
06:07:55 [DefaultDispatcher-worker-12] WalletTransactionMetadataProvider - metadata: TxOut of 0.00100001 DASH to yebmwM4HjPCqresCkTm94E96zW9RbL9MuT script:DUP HASH160 PUSHDATA(20)[c888da9ae5a73fceaea7751d8fda18fc1c81f4d9] EQUALVERIFY CHECKSIG
06:07:55 [DefaultDispatcher-worker-12] WalletTransactionMetadataProvider - metadata: TxOut of 0.00100001 DASH to yj34QfcXXMPFhsmJUGSeVV4KP3eppyQ2v6 script:DUP HASH160 PUSHDATA(20)[f9318163fe3894eb4f47960ff8aa8b0a8efe267f] EQUALVERIFY CHECKSIG
06:07:56 [DefaultDispatcher-worker-4] WalletTransactionMetadataProvider - metadata: TxOut of 0.00100001 DASH to yLeVMQ6B9bZPo1butpKcR83RDd4aowCkUX script:DUP HASH160 PUSHDATA(20)[0399fe347055f11a77b2fe2b6b3cdcc86df787c8] EQUALVERIFY CHECKSIG
06:07:56 [DefaultDispatcher-worker-4] WalletTransactionMetadataProvider - metadata: TxOut of 0.00100001 DASH to yYEEA49C89XNHr9JwDiY2kHYagKSGRaCxN script:DUP HASH160 PUSHDATA(20)[82a4d5ad39ce94b5e6edbcd0afb9a05ecd106287] EQUALVERIFY CHECKSIG
06:07:56 [DefaultDispatcher-worker-2] WalletTransactionMetadataProvider - metadata: TxOut of 0.00100001 DASH to yYuA8Q3AjCSbLYXgFqK7A2fE1JuiEYPxJx script:DUP HASH160 PUSHDATA(20)[8a01b1bdf4e8bb435e9e99057d50ad60a8f1a624] EQUALVERIFY CHECKSIG
06:07:56 [DefaultDispatcher-worker-4] WalletTransactionMetadataProvider - metadata: TxOut of 0.011 DASH to yZD9PkPwpQ3s9FPw2AeFi8darqWFtRmqsm script:DUP HASH160 PUSHDATA(20)[8d68915b1bf3c2a896cc7f847e6c318c379f89da] EQUALVERIFY CHECKSIG
06:07:56 [DefaultDispatcher-worker-4] WalletTransactionMetadataProvider - metadata: TxOut of 710.31053679 DASH to ybU7kwoe8jmLzz8m3QDGwdYWfrxSEvknAT script:DUP HASH160 PUSHDATA(20)[a62db1c0a65b92ac832e93432f89ef86aa96f4a1] EQUALVERIFY CHECKSIG
06:07:56 [DefaultDispatcher-worker-2] WalletTransactionMetadataProvider - metadata: TxOut of 0.00100001 DASH to yMko4jgJxugAz8jpq9HeuwLDXmLhGmBcJB script:DUP HASH160 PUSHDATA(20)[0fc3667f07bf98c3b2e653ef9285fc85c4e8f1be] EQUALVERIFY CHECKSIG
06:07:56 [DefaultDispatcher-worker-2] WalletTransactionMetadataProvider - metadata: TxOut of 0.00100001 DASH to yPk9W31hSBCs5CjvRWPjeJn3Sg8ZJqCf1M script:DUP HASH160 PUSHDATA(20)[25944b959d8bca6a8ff5fb2fd2dc7ac00e512dbd] EQUALVERIFY CHECKSIG
06:07:56 [DefaultDispatcher-worker-2] WalletTransactionMetadataProvider - metadata: TxOut of 0.00100001 DASH to yRd11vhtLRuBJj28Z7hWe4z573xRB59VFT script:DUP HASH160 PUSHDATA(20)[3a2a8d6ec35754ae338f47a6bd112bafcd759d4a] EQUALVERIFY CHECKSIG
06:07:56 [DefaultDispatcher-worker-2] WalletTransactionMetadataProvider - metadata: TxOut of 0.00100001 DASH to yRkw5ybvMdC2b7jNmNagAqdrsa5XJKcyUR script:DUP HASH160 PUSHDATA(20)[3baa9973bc9f9cb22567eb426d48bd38fc333811] EQUALVERIFY CHECKSIG
06:07:56 [DefaultDispatcher-worker-4] WalletTransactionMetadataProvider - metadata: TxOut of 0.00100001 DASH to yV2e6twNNHzERv94eEr9XiGSVeoJndwU2j script:DUP HASH160 PUSHDATA(20)[5f8b745ae168feffb8303af8df9f09bdf0910a4a] EQUALVERIFY CHECKSIG
06:07:56 [DefaultDispatcher-worker-2] WalletTransactionMetadataProvider - metadata: TxOut of 0.00100001 DASH to yVdt6GcwMbhbfCjkzT6bRtymFW2ji1C55A script:DUP HASH160 PUSHDATA(20)[6635b0d68c9a34fca936124eaa1076a5054cb68f] EQUALVERIFY CHECKSIG
06:07:56 [DefaultDispatcher-worker-2] WalletTransactionMetadataProvider - metadata: TxOut of 0.00100001 DASH to yWXQLsLD4V61SxZS5soSKKfKhNX9USci21 script:DUP HASH160 PUSHDATA(20)[6ff4285d1aa00bd234090a458619990fd01e8371] EQUALVERIFY CHECKSIG
06:07:56 [DefaultDispatcher-worker-4] WalletTransactionMetadataProvider - metadata: TxOut of 0.00100001 DASH to yZ9YUDxP1Ue9S3zVWyG8fiRKYvqwDbiQ1Q script:DUP HASH160 PUSHDATA(20)[8cba2af45359ede3c92492f09dc23336c67560d7] EQUALVERIFY CHECKSIG
06:07:56 [DefaultDispatcher-worker-4] WalletTransactionMetadataProvider - metadata: TxOut of 0.00100001 DASH to ybCEu17WH4we6nzGZDwDKvgSpuk6zcCxgS script:DUP HASH160 PUSHDATA(20)[a32cff8b88655201bc55f207ee248834633abd85] EQUALVERIFY CHECKSIG
06:07:56 [DefaultDispatcher-worker-4] WalletTransactionMetadataProvider - metadata: TxOut of 0.00100001 DASH to yg7PKNdytiRMJ8WaKKUs76JLqa4pZhX6ka script:DUP HASH160 PUSHDATA(20)[d91a937ee4d6747e2b0b5737d92384472178f717] EQUALVERIFY CHECKSIG
06:07:56 [DefaultDispatcher-worker-4] WalletTransactionMetadataProvider - metadata: TxOut of 0.00100001 DASH to yiA1qqkN5QMSFu8FjqHsv5XX9oxGsH6tw5 script:DUP HASH160 PUSHDATA(20)[ef8a2641219f5dbdf5572151bf6f479fec745c40] EQUALVERIFY CHECKSIG
06:07:56 [DefaultDispatcher-worker-4] WalletTransactionMetadataProvider - metadata: TxOut of 0.00100001 DASH to yiW5eezvuF5hAbsSPxpiWhjGQzJi7iDT2y script:DUP HASH160 PUSHDATA(20)[f355a58f2602042413f2f0e2fba261e334ef6c55] EQUALVERIFY CHECKSIG
06:07:56 [DefaultDispatcher-worker-4] WalletTransactionMetadataProvider - metadata: TxOut of 0.00100001 DASH to yirCfVroYMSpmPn6ex2cp1pAcWh3XMAW4R script:DUP HASH160 PUSHDATA(20)[f723d2460c5233e8f8615fabaf566b0d17570fae] EQUALVERIFY CHECKSIG
06:07:56 [DefaultDispatcher-worker-2] WalletTransactionMetadataProvider - metadata: TxOut of 0.00100001 DASH to yQtM7PkquQicqFqgkTsWzM11VC5jUU6ivf script:DUP HASH160 PUSHDATA(20)[321970a0707204049921ff5b75d9e869195e03f0] EQUALVERIFY CHECKSIG
06:07:56 [DefaultDispatcher-worker-2] WalletTransactionMetadataProvider - metadata: TxOut of 0.00100001 DASH to yVkuTorFTVTFCgW1ehqHTSP2vyx9KinHYj script:DUP HASH160 PUSHDATA(20)[6789bf4c0397360a2271e897db3f2de8e0e36d50] EQUALVERIFY CHECKSIG
06:07:56 [DefaultDispatcher-worker-2] WalletTransactionMetadataProvider - metadata: TxOut of 0.00100001 DASH to yYRFUiEaxgyJY611tL3vzKpiYPCiQifzzX script:DUP HASH160 PUSHDATA(20)[84ba837689a56af195320ba0e9027f64ce8c462d] EQUALVERIFY CHECKSIG
06:07:56 [DefaultDispatcher-worker-2] WalletTransactionMetadataProvider - metadata: TxOut of 0.00100001 DASH to yh4r8WSFjgf8Nueh5TToVGpmVsu6VcXVEs script:DUP HASH160 PUSHDATA(20)[e397d60d165ba6a3ee3bc6061d1b3eb7f9803664] EQUALVERIFY CHECKSIG
06:07:56 [DefaultDispatcher-worker-12] WalletTransactionMetadataProvider - metadata: TxOut of 0.00100001 DASH to yNwP5bzzuPACCpkQti7kQ5pLjTxZK6JSMP script:DUP HASH160 PUSHDATA(20)[1cbc147d32e390b5fc069cae64041fe380928ebb] EQUALVERIFY CHECKSIG
06:07:56 [DefaultDispatcher-worker-12] WalletTransactionMetadataProvider - metadata: TxOut of 0.00100001 DASH to yRk9Fzo9VncTsCwELE8F7wA6CdrpEw9amo script:DUP HASH160 PUSHDATA(20)[3b8458433ce7c5fa6f9bd8edeaeed38b208f4e99] EQUALVERIFY CHECKSIG
06:07:56 [DefaultDispatcher-worker-12] WalletTransactionMetadataProvider - metadata: TxOut of 0.00100001 DASH to yTa4oZAt2SHHtwCG9ZVMporsYZyAvRpBF2 script:DUP HASH160 PUSHDATA(20)[4f8cb7960a0588506ddd60c21842b628ff54d93e] EQUALVERIFY CHECKSIG
06:07:56 [DefaultDispatcher-worker-12] WalletTransactionMetadataProvider - metadata: TxOut of 0.00100001 DASH to yUJmb6A7Px9CZ3ixcMH7XCom9FYzWQzLmW script:DUP HASH160 PUSHDATA(20)[57a03bb289992b27e64c131095ce384eaf6818f6] EQUALVERIFY CHECKSIG
06:07:56 [DefaultDispatcher-worker-12] WalletTransactionMetadataProvider - metadata: TxOut of 0.00100001 DASH to yUTDHaigK7FiRmvC3mb33KcbzqZJRnAYsP script:DUP HASH160 PUSHDATA(20)[5939033afe121d296962e431200462f4aa63c6b3] EQUALVERIFY CHECKSIG
06:07:56 [DefaultDispatcher-worker-2] WalletTransactionMetadataProvider - metadata: TxOut of 0.00100001 DASH to yYxk7WnAyH3XjbXfvRhyFSsGJsTavSWHLJ script:DUP HASH160 PUSHDATA(20)[8aaf4fad829dfa9c729e014bb4dbc5c55f5066c1] EQUALVERIFY CHECKSIG
06:07:56 [DefaultDispatcher-worker-12] WalletTransactionMetadataProvider - metadata: TxOut of 0.00100001 DASH to ygAMnUoRcHueER1fpaAehGpBXXzXZaSeWo script:DUP HASH160 PUSHDATA(20)[d9aa8b6e0c0792ef34856a3d79ec3fbb8f94a799] EQUALVERIFY CHECKSIG
06:07:56 [DefaultDispatcher-worker-12] WalletTransactionMetadataProvider - metadata: TxOut of 0.0100001 DASH to yU2eEXH6x1MkfJmDEBjS6S6uyBdeQGDeEw script:DUP HASH160 PUSHDATA(20)[5493704106da1cb851dcf628a80480937fedf074] EQUALVERIFY CHECKSIG
06:07:56 [DefaultDispatcher-worker-12] WalletTransactionMetadataProvider - metadata: TxOut of 0.0100001 DASH to yUKXLVdDdF5XEV5BpXLiNx8B7EomRpyAui script:DUP HASH160 PUSHDATA(20)[57c4c0a2978b9c09b9d9abfd7b19966c6e2e1952] EQUALVERIFY CHECKSIG
06:07:56 [DefaultDispatcher-worker-12] WalletTransactionMetadataProvider - metadata: TxOut of 713.96160898 DASH to yWcqpssCKQ7ZBsQED3y5kkH2NKau4J6mfL script:DUP HASH160 PUSHDATA(20)[70fb8271b9e8dbc13cf64c062faf0465d1169bf8] EQUALVERIFY CHECKSIG
06:07:56 [DefaultDispatcher-worker-12] WalletTransactionMetadataProvider - metadata: TxOut of 0.01 DASH (unknown type) script:RETURN PUSHDATA(20)[d326288b08a9a09098bd492e43c8a1bb87448d16]
06:07:56 [DefaultDispatcher-worker-12] WalletTransactionMetadataProvider - metadata: TxOut of 0.100001 DASH to yMyKg2UvyN38NpSUEFQE9EJzgdiahvv7Ph script:DUP HASH160 PUSHDATA(20)[1221f14b8ef62684cf906e79c72c5422e8200186] EQUALVERIFY CHECKSIG
06:07:56 [DefaultDispatcher-worker-12] WalletTransactionMetadataProvider - metadata: TxOut of 0.100001 DASH to yNQ442pnedRj7HBC2k5VC2NW2BSLuHUuSM script:DUP HASH160 PUSHDATA(20)[16cf4d5c92bf5528b9a0dac190d02cfacb7ac301] EQUALVERIFY CHECKSIG
06:07:56 [DefaultDispatcher-worker-12] WalletTransactionMetadataProvider - metadata: TxOut of 0.100001 DASH to yPuLkdJbf4rMBXfDjcmKG3zdCP5waCDg8G script:DUP HASH160 PUSHDATA(20)[27516e664336d8c4c0547c3a3e47216c12510cba] EQUALVERIFY CHECKSIG
06:07:56 [DefaultDispatcher-worker-12] WalletTransactionMetadataProvider - metadata: TxOut of 0.100001 DASH to ySqsehCLG18TjmtZYeDLeCatDNYYgGtScY script:DUP HASH160 PUSHDATA(20)[4791efd6153dcdc1160608157fbc3af1ac69cc53] EQUALVERIFY CHECKSIG
06:07:56 [DefaultDispatcher-worker-2] WalletTransactionMetadataProvider - metadata: TxOut of 0.100001 DASH to yYnzghrkqiMTdZWUgx544jwSrbNuVtQRyZ script:DUP HASH160 PUSHDATA(20)[88d750e0f511905e981bf04a429b1e503624d3d2] EQUALVERIFY CHECKSIG
06:07:56 [DefaultDispatcher-worker-2] WalletTransactionMetadataProvider - metadata: TxOut of 0.100001 DASH to yZjvKeqBMFutxTsL4AZ7HeCYppRDmYSkFT script:DUP HASH160 PUSHDATA(20)[933a8d434a147ac1b94131d84e1f5084887b2a1c] EQUALVERIFY CHECKSIG
06:07:56 [DefaultDispatcher-worker-2] WalletTransactionMetadataProvider - metadata: TxOut of 0.100001 DASH to ydiU2QyZrdmDSvRFbXYwLQCfDSDV56NnpB script:DUP HASH160 PUSHDATA(20)[bed4afea181db8e0c75c6573ddf8edaa62b4ba09] EQUALVERIFY CHECKSIG
06:07:56 [DefaultDispatcher-worker-12] WalletTransactionMetadataProvider - metadata: TxOut of 0.100001 DASH to ydtHaDnBeKdpRwwdcrNKQk59yAf9kawFLW script:DUP HASH160 PUSHDATA(20)[c0b01f4a107e88334720ca6aa57e4f83d203ddba] EQUALVERIFY CHECKSIG
06:07:56 [DefaultDispatcher-worker-1] WalletTransactionMetadataProvider - metadata: TxOut of 0.00100001 DASH to yMuimwNYqNmjzHm7PDjMo4KqiHS7U4tcYv script:DUP HASH160 PUSHDATA(20)[1173902feebd90144df9b09c531f14a23e2a31b1] EQUALVERIFY CHECKSIG
06:07:56 [DefaultDispatcher-worker-2] WalletTransactionMetadataProvider - metadata: TxOut of 0.00100001 DASH to yPQsp7XQwPjfvi6eJckZTbEAwmojHonEpc script:DUP HASH160 PUSHDATA(20)[21ef4bc8ceeb29782a567a2b9f8f828fe005f6bc] EQUALVERIFY CHECKSIG
06:07:56 [DefaultDispatcher-worker-2] WalletTransactionMetadataProvider - metadata: TxOut of 0.00100001 DASH to yY7AyGJsDtGaBhrXttXysWyyDKyutVQz5c script:DUP HASH160 PUSHDATA(20)[814f436c48603a7080bed7f346fa744915788d3a] EQUALVERIFY CHECKSIG
06:07:56 [DefaultDispatcher-worker-2] WalletTransactionMetadataProvider - metadata: TxOut of 0.00100001 DASH to yYpKtAAddfrAWF27yawxW2pMRKdGsbsX98 script:DUP HASH160 PUSHDATA(20)[8917c1d3ee01f67ea74816b26e18d7a726d3fd02] EQUALVERIFY CHECKSIG
06:07:56 [DefaultDispatcher-worker-2] WalletTransactionMetadataProvider - metadata: TxOut of 0.00100001 DASH to ye9w21ri7bnv2CrirPj2mxT27atUwQnWTP script:DUP HASH160 PUSHDATA(20)[c3a59e72c5aedfd3053c4de04033bfa188a3596a] EQUALVERIFY CHECKSIG
06:07:56 [DefaultDispatcher-worker-12] WalletTransactionMetadataProvider - metadata: TxOut of 1.94951347 DASH to ye1p57F2R7ogvWzXL4Q35HDo2LwNoCjptS script:DUP HASH160 PUSHDATA(20)[c21c7e1156bd5d5aa9394418aa0703fcb56b5069] EQUALVERIFY CHECKSIG
06:07:56 [DefaultDispatcher-worker-12] WalletTransactionMetadataProvider - metadata: TxOut of 2.00 DASH to yXpQkbAPF49rNp1d5EoP7SFkVVW4scaDur script:DUP HASH160 PUSHDATA(20)[7e23b23acabb07cc0c20b8d6db2cc4c94bd5713e] EQUALVERIFY CHECKSIG
06:07:56 [DefaultDispatcher-worker-12] WalletTransactionMetadataProvider - metadata: TxOut of 0.01 DASH to ydHgcjBtq2FHXoSc8vPAnNwg8G58kAxFvF script:DUP HASH160 PUSHDATA(20)[ba24cc904b8e71bbaf5c5222581ea03cde1ff863] EQUALVERIFY CHECKSIG
06:07:56 [DefaultDispatcher-worker-1] WalletTransactionMetadataProvider - metadata: TxOut of 2.60570041 DASH to yXum1uzP6DZ6UoPe3s5i3fZfoU5sEHEpaX script:DUP HASH160 PUSHDATA(20)[7f26b1159257916ee1d6e75e8ad411e74392f54b] EQUALVERIFY CHECKSIG
06:07:56 [DefaultDispatcher-worker-4] WalletTransactionMetadataProvider - metadata: TxOut of 0.00100001 DASH to yNVouaRWkayKpfMffLvwWATqTXSXLyGcit script:DUP HASH160 PUSHDATA(20)[17e5fd5a8921c619139928d6e7331ad58fbabb0c] EQUALVERIFY CHECKSIG
06:07:56 [DefaultDispatcher-worker-4] WalletTransactionMetadataProvider - metadata: TxOut of 0.00100001 DASH to yRYAvBGZZx3xy1T3b4Tnc8GfHfWJJ1Y8yW script:DUP HASH160 PUSHDATA(20)[3940bccce761877eeea613e0bf85cb5da5874d41] EQUALVERIFY CHECKSIG
06:07:56 [DefaultDispatcher-worker-12] WalletTransactionMetadataProvider - metadata: TxOut of 0.00100001 DASH to yTUoQdqx85FvabLsePvDYdhj7rnFL9tzXa script:DUP HASH160 PUSHDATA(20)[4e8dc93d2eab8d9ea2089660005c5ed1a4f60254] EQUALVERIFY CHECKSIG
06:07:56 [DefaultDispatcher-worker-12] WalletTransactionMetadataProvider - metadata: TxOut of 0.00100001 DASH to yUhUbPNXX5cs6QehBgEyiJGq8YdfNaV1UN script:DUP HASH160 PUSHDATA(20)[5beb9d1b780baf995f2dae56a710a1b467e5537f] EQUALVERIFY CHECKSIG
06:07:56 [DefaultDispatcher-worker-12] WalletTransactionMetadataProvider - metadata: TxOut of 0.00100001 DASH to yXzpVvj5mcMWSjsXhf4zp3PhckfRTnVBp2 script:DUP HASH160 PUSHDATA(20)[801badd22080bf56c9335d4489e35e1ba66aeeca] EQUALVERIFY CHECKSIG
06:07:56 [DefaultDispatcher-worker-12] WalletTransactionMetadataProvider - metadata: TxOut of 0.00100001 DASH to yhoV68zAzG9iUDstprMvuXn1xf7PFJtdEH script:DUP HASH160 PUSHDATA(20)[eba8289175fee3daeffbbfbd7e584f75810ca9ac] EQUALVERIFY CHECKSIG
06:07:56 [DefaultDispatcher-worker-2] WalletTransactionMetadataProvider - metadata: TxOut of 0.0100001 DASH to yLc6d466RfoWa2s46Ei7xyUDfJHGyAXVgK script:DUP HASH160 PUSHDATA(20)[03262fdbad97e0f4a0d20ef206ec478bdaa214a2] EQUALVERIFY CHECKSIG
06:07:56 [DefaultDispatcher-worker-2] WalletTransactionMetadataProvider - metadata: TxOut of 0.0100001 DASH to yTd6fBpj2D4Jq4sUrfvpqwqqpcSKPWY9Q1 script:DUP HASH160 PUSHDATA(20)[501f839befedbc261c9de5dda4149f6c873f3c8b] EQUALVERIFY CHECKSIG
06:07:56 [DefaultDispatcher-worker-2] WalletTransactionMetadataProvider - metadata: TxOut of 0.0100001 DASH to ybmu4pN1Hd799o7rBHBLfFHV1oVREydZQx script:DUP HASH160 PUSHDATA(20)[a98a9646fcccbea11142825ed7205b6d78b5126b] EQUALVERIFY CHECKSIG
06:07:56 [DefaultDispatcher-worker-2] WalletTransactionMetadataProvider - metadata: TxOut of 0.0100001 DASH to yf4NFis4woMGzveph68QPt8DTKp6QLMquf script:DUP HASH160 PUSHDATA(20)[cd9050af74e628901069e1f3c323ec07d9d697a0] EQUALVERIFY CHECKSIG
06:07:56 [DefaultDispatcher-worker-2] WalletTransactionMetadataProvider - metadata: TxOut of 0.5384824 DASH to yjX3YTkV6DaJ8dEu1wyHqt8ZWVRVc1X7pG script:DUP HASH160 PUSHDATA(20)[fe7c6e07571ba5496124c14a6186985a13113005] EQUALVERIFY CHECKSIG
06:07:56 [DefaultDispatcher-worker-12] WalletTransactionMetadataProvider - metadata: TxOut of 0.0100001 DASH to yP15vZp171M3n379W2KnmKZo7ooH4HLQ8m script:DUP HASH160 PUSHDATA(20)[1d6f6c44a52d730f8da3d558bce5f834e3d3a406] EQUALVERIFY CHECKSIG
06:07:56 [DefaultDispatcher-worker-12] WalletTransactionMetadataProvider - metadata: TxOut of 0.0100001 DASH to yU7puxwGHUhBu8UoJn3zjZMBSMZMEtrj2D script:DUP HASH160 PUSHDATA(20)[558e6efd296088205606c5c9abb0d97b5d411c3d] EQUALVERIFY CHECKSIG
06:07:56 [DefaultDispatcher-worker-12] WalletTransactionMetadataProvider - metadata: TxOut of 0.0100001 DASH to yXmBrrx8M5HJ5RRJJM8Rq2hh4m7Ffk8Ze2 script:DUP HASH160 PUSHDATA(20)[7d87afce61638baa6d5c46f268082c6d84566072] EQUALVERIFY CHECKSIG
06:07:56 [DefaultDispatcher-worker-12] WalletTransactionMetadataProvider - metadata: TxOut of 0.0100001 DASH to ybUWDELRhwzF21kd88yFysUHYcQwgvWFoT script:DUP HASH160 PUSHDATA(20)[a6406ff4860718869ae1f491a7fc259c758ce52e] EQUALVERIFY CHECKSIG
06:07:56 [DefaultDispatcher-worker-12] WalletTransactionMetadataProvider - metadata: TxOut of 0.0100001 DASH to yi8rwcPAfvnHNzXxDttBsjQt2EQouJ93AQ script:DUP HASH160 PUSHDATA(20)[ef524dbe56add23feda051f6648bbc526f78f396] EQUALVERIFY CHECKSIG
06:07:56 [DefaultDispatcher-worker-4] WalletTransactionMetadataProvider - metadata: TxOut of 0.0100001 DASH to yia3s2QTy4Ds4Nt9B6msYpLnmR8XSYhhYF script:DUP HASH160 PUSHDATA(20)[f415d1ae606d1cedcdf92b89eff6967cd787035c] EQUALVERIFY CHECKSIG
06:07:56 [DefaultDispatcher-worker-2] WalletTransactionMetadataProvider - metadata: TxOut of 0.99999807 DASH to yN3QYtys86JQgMVV1yHHaFXttBRJ1rBtKZ script:DUP HASH160 PUSHDATA(20)[12e7ad766a65a8db3b2e1963c14a6690c310e9c3] EQUALVERIFY CHECKSIG
06:07:56 [DefaultDispatcher-worker-4] WalletTransactionMetadataProvider - metadata: TxOut of 0.100001 DASH to yYeBh1j7AcYJigCsmxjkMGmvCSkYwkAmQL script:DUP HASH160 PUSHDATA(20)[872cc250f70283d0e134ad364fba6d270f3e4c73] EQUALVERIFY CHECKSIG
06:07:56 [DefaultDispatcher-worker-2] WalletTransactionMetadataProvider - metadata: TxOut of 0.100001 DASH to yZsJB7uLZwvjL4pnh8pUmtp7omTSdKgD2L script:DUP HASH160 PUSHDATA(20)[949fb495395457a612f36176e176d08a0053f69c] EQUALVERIFY CHECKSIG
06:07:56 [DefaultDispatcher-worker-2] WalletTransactionMetadataProvider - metadata: TxOut of 0.100001 DASH to yfCcxQn38p5Ar23vXzVzeVMGdYquXbEZNC script:DUP HASH160 PUSHDATA(20)[cf1fea42d7ade36116288cf760b31bfd951d4f57] EQUALVERIFY CHECKSIG
06:07:56 [DefaultDispatcher-worker-2] WalletTransactionMetadataProvider - metadata: TxOut of 0.100001 DASH to yjb2dcDFXUHsygAw39b8TpVuJN2wUsnSvd script:DUP HASH160 PUSHDATA(20)[ff3d553c3a7937474461349c5e9a3a3dc9e17bec] EQUALVERIFY CHECKSIG
06:07:56 [DefaultDispatcher-worker-4] WalletTransactionMetadataProvider - metadata: TxOut of 0.0001 DASH to yi7Ldw8vKpRSKSV9P5EMyqsCysvW1k1jiY script:DUP HASH160 PUSHDATA(20)[ef08972ffbadf9b44ed39d04bfa568e04d917b52] EQUALVERIFY CHECKSIG
06:07:56 [DefaultDispatcher-worker-4] WalletTransactionMetadataProvider - metadata: TxOut of 0.00738474 DASH to yWTcyPqhEFqraqWFd6g8zqadTRPyphEmD5 script:DUP HASH160 PUSHDATA(20)[6f3d095f9c5e68c402c9f2842a47d8a11f7db2cf] EQUALVERIFY CHECKSIG
06:07:56 [DefaultDispatcher-worker-4] WalletTransactionMetadataProvider - metadata: TxOut of 0.00100001 DASH to yWZtVtwLjiRPSdZMHAugBKtycUP7GE4kFv script:DUP HASH160 PUSHDATA(20)[706c7e24ab4c63fbd63f98c364562b2ab31cc11a] EQUALVERIFY CHECKSIG
06:07:56 [DefaultDispatcher-worker-12] WalletTransactionMetadataProvider - metadata: TxOut of 0.00100001 DASH to yWeiT76Zut7d2sKuf3QpxZ1zPrLhni5v8s script:DUP HASH160 PUSHDATA(20)[71562f502125021d13a5b4a10c354c12ec0e75e9] EQUALVERIFY CHECKSIG
06:07:56 [DefaultDispatcher-worker-4] WalletTransactionMetadataProvider - metadata: TxOut of 0.00100001 DASH to yZh3GFuNRdb3S4AEbb8sRRVS2t4xkeaZ9D script:DUP HASH160 PUSHDATA(20)[92af192e3ddce97fd8e6d63041978f5be150ba7f] EQUALVERIFY CHECKSIG
06:07:56 [DefaultDispatcher-worker-4] WalletTransactionMetadataProvider - metadata: TxOut of 0.00100001 DASH to yhsVHnKkPRuAfdJrFBg5yCDaCtbkAem57x script:DUP HASH160 PUSHDATA(20)[ec69fd69f42e53e64cddd2bc7d6ddc1afaa5d963] EQUALVERIFY CHECKSIG
06:07:56 [DefaultDispatcher-worker-7] WalletTransactionMetadataProvider - metadata: TxOut of 0.00999096 DASH to yY1nTVQvooAyJE3RBDv8DHCKamd31jumn5 script:DUP HASH160 PUSHDATA(20)[804a63ef1d7d4121fffecbdfe63b8798c2be4469] EQUALVERIFY CHECKSIG
06:07:56 [DefaultDispatcher-worker-10] WalletTransactionMetadataProvider - metadata: TxOut of 0.01 DASH to yR7TtnuWkptVCa9Aj4p2iKxE5zFufvXGnR script:DUP HASH160 PUSHDATA(20)[3494826813d0240e40ca1a28564061ff8235e4de] EQUALVERIFY CHECKSIG
06:07:56 [DefaultDispatcher-worker-6] WalletTransactionMetadataProvider - metadata: TxOut of 0.0100001 DASH to yVaVbcV6y2H4WZdLSJH9XQtdrhH3BMjiDA script:DUP HASH160 PUSHDATA(20)[6591aa6f7c19971d43ee4e348730f15d91dd79de] EQUALVERIFY CHECKSIG
06:07:56 [DefaultDispatcher-worker-6] WalletTransactionMetadataProvider - metadata: TxOut of 0.0100001 DASH to yW5qcvR9DvL8EmgaPCJeMryiyeGBmCKmr1 script:DUP HASH160 PUSHDATA(20)[6b1e7151f46dbdcc22562605e8efb0dee454d24b] EQUALVERIFY CHECKSIG
06:07:56 [DefaultDispatcher-worker-6] WalletTransactionMetadataProvider - metadata: TxOut of 0.0100001 DASH to yXpKgF71upZnkTUUsLb2qbk4a3izY9GEdq script:DUP HASH160 PUSHDATA(20)[7e1f75ba3c2d8ab5b8d67a853a593c5fe5270f46] EQUALVERIFY CHECKSIG
06:07:56 [DefaultDispatcher-worker-6] WalletTransactionMetadataProvider - metadata: TxOut of 0.0100001 DASH to ydKkLTSeA8jbXfHMcovGcSQ1daErQvsydR script:DUP HASH160 PUSHDATA(20)[ba88bc6076b1faab9a66d1cd5b7bc803f0dcc821] EQUALVERIFY CHECKSIG
06:07:56 [DefaultDispatcher-worker-12] WalletTransactionMetadataProvider - metadata: TxOut of 0.0100001 DASH to ydicEPjEEQ67qomx5aU7YrZPJGeHEXQa3K script:DUP HASH160 PUSHDATA(20)[bedb89a2055eff7d2b6b26e559a13015be21424e] EQUALVERIFY CHECKSIG
06:07:56 [DefaultDispatcher-worker-12] WalletTransactionMetadataProvider - metadata: TxOut of 0.0100001 DASH to yez3bQF3grKuELNVyZx4FaDuTAbEPXLEro script:DUP HASH160 PUSHDATA(20)[ccbf12fbdde61acd53f199b0b8ab9e4ed148ee4a] EQUALVERIFY CHECKSIG
06:07:56 [DefaultDispatcher-worker-6] WalletTransactionMetadataProvider - metadata: TxOut of 0.0100001 DASH to yioDDYa1L4JufDXWcDCiAvB9K3JYR7bDKS script:DUP HASH160 PUSHDATA(20)[f69308e3b7487c288e664a1af2a425558d4c2cd8] EQUALVERIFY CHECKSIG
06:07:56 [DefaultDispatcher-worker-4] WalletTransactionMetadataProvider - metadata: TxOut of 713.91059775 DASH to yWU2ZNno2Z46qfaSSa61BxhBHeEwVh1CyJ script:DUP HASH160 PUSHDATA(20)[6f50b9a2072aa770af64cfc6a5cb885f2c2a180b] EQUALVERIFY CHECKSIG
06:07:56 [DefaultDispatcher-worker-12] WalletTransactionMetadataProvider - metadata: TxOut of 0.01 DASH (unknown type) script:RETURN PUSHDATA(20)[5572dc006a8948cc88c8be877f17e8ac39ba02c9]
06:07:56 [DefaultDispatcher-worker-4] WalletTransactionMetadataProvider - metadata: TxOut of 0.100001 DASH to yNbHd5htnYiid8v9fdLpj7R51AyngG2EAW script:DUP HASH160 PUSHDATA(20)[18ef348de9cd8b58713892ae6fc54e1c8ac02875] EQUALVERIFY CHECKSIG
06:07:56 [DefaultDispatcher-worker-7] WalletTransactionMetadataProvider - metadata: TxOut of 0.100001 DASH to ySkHcogRdArfdWt6KAmswtwdiFFGwpFYhK script:DUP HASH160 PUSHDATA(20)[468372b703241a9ab56f80daa529eb77ba33ca7e] EQUALVERIFY CHECKSIG
06:07:56 [DefaultDispatcher-worker-7] WalletTransactionMetadataProvider - metadata: TxOut of 0.100001 DASH to ycvzT86t45iVkPbQn5E8kwRMqh31bB18ST script:DUP HASH160 PUSHDATA(20)[b63af3876322eb49356ccd463dcf8abe5688f710] EQUALVERIFY CHECKSIG
06:07:56 [DefaultDispatcher-worker-4] WalletTransactionMetadataProvider - metadata: TxOut of 0.100001 DASH to yjL5Tt9ncZqadkj9ppJGxVo7M9ZAoskGzk script:DUP HASH160 PUSHDATA(20)[fc69753448419f7d28d19d06527ae7756293eb0c] EQUALVERIFY CHECKSIG
06:07:56 [DefaultDispatcher-worker-4] WalletTransactionMetadataProvider - metadata: TxOut of 0.00100001 DASH to yRdbsqD1jiPrfAyPhFETMrE8PgSmXWZz3A script:DUP HASH160 PUSHDATA(20)[3a47a70a06e2363d21604c53494701b048fb1f3a] EQUALVERIFY CHECKSIG
06:07:56 [DefaultDispatcher-worker-4] WalletTransactionMetadataProvider - metadata: TxOut of 0.00100001 DASH to ySbFJyp9K2ZoAK3emrunTxcKx5eymehaSk script:DUP HASH160 PUSHDATA(20)[44cdc74437c0b2aa935e80a1f4b700eea1641f3a] EQUALVERIFY CHECKSIG
06:07:56 [DefaultDispatcher-worker-12] WalletTransactionMetadataProvider - metadata: TxOut of 0.00100001 DASH to yWNywWb43tgRq856aKq53wify7jePo2arc script:DUP HASH160 PUSHDATA(20)[6e5c75a932f682fa21b662719723b24dc81c30ac] EQUALVERIFY CHECKSIG
06:07:56 [DefaultDispatcher-worker-4] WalletTransactionMetadataProvider - metadata: TxOut of 0.00100001 DASH to yfQMhxjN1RfSr75Fhz5tcuwQh9coLfYjfu script:DUP HASH160 PUSHDATA(20)[d1582d63667b6419cad34dcaebad46740fda1541] EQUALVERIFY CHECKSIG
06:07:56 [DefaultDispatcher-worker-12] WalletTransactionMetadataProvider - metadata: TxOut of 0.00100001 DASH to yS1J9QzfzkLiYvkNK7iP1GHMBLsHjq8hvf script:DUP HASH160 PUSHDATA(20)[3e620095978f35c20dd8e80ec4e1da6d19060c62] EQUALVERIFY CHECKSIG
06:07:56 [DefaultDispatcher-worker-12] WalletTransactionMetadataProvider - metadata: TxOut of 0.00100001 DASH to ySCtVTkufQQTHavn3xE5Ha7mCKdMiQaw97 script:DUP HASH160 PUSHDATA(20)[40933f87d035e742b6828f7f6fe4e782529947d9] EQUALVERIFY CHECKSIG
06:07:56 [DefaultDispatcher-worker-4] WalletTransactionMetadataProvider - metadata: TxOut of 0.00100001 DASH to yU13GtEKU1WoEhjFsMwVP3Ea5Ggn2mWAzU script:DUP HASH160 PUSHDATA(20)[5445d7094cbfdb81cb7417f834a2a8227d12124f] EQUALVERIFY CHECKSIG
06:07:56 [DefaultDispatcher-worker-4] WalletTransactionMetadataProvider - metadata: TxOut of 0.00100001 DASH to yWJevQ89mbeHDp3nJNoznTBtTpQi73KqZd script:DUP HASH160 PUSHDATA(20)[6d8aeb5bb7bb3070806068248fb1dcf00ccceadd] EQUALVERIFY CHECKSIG
06:07:56 [DefaultDispatcher-worker-4] WalletTransactionMetadataProvider - metadata: TxOut of 0.00100001 DASH to yZCFoZWyBBg99pp7XDetZhSbXgbFKckuUu script:DUP HASH160 PUSHDATA(20)[8d3d80cb294a0cb2bdbfda2decbda21d1f221c5d] EQUALVERIFY CHECKSIG
06:07:56 [DefaultDispatcher-worker-4] WalletTransactionMetadataProvider - metadata: TxOut of 0.00100001 DASH to yb52gmZp74iN1ZfesQdoaMQ3r4cFdXyqR2 script:DUP HASH160 PUSHDATA(20)[a1cfe4b0ee9fa55052683659e46483a3ba0128ec] EQUALVERIFY CHECKSIG
06:07:56 [DefaultDispatcher-worker-7] WalletTransactionMetadataProvider - metadata: TxOut of 0.01 DASH (unknown type) script:RETURN PUSHDATA(20)[a4b7f0d3cae0123275f55f0ccaad11d1dbc3a9a4]
06:07:56 [DefaultDispatcher-worker-7] WalletTransactionMetadataProvider - metadata: TxOut of 0.76778195 DASH to yX62y2PGUqoU5vYqJkBGkuHytDxiAudDfe script:DUP HASH160 PUSHDATA(20)[76200a446c620cae8b8777b72515d71ad649d5c0] EQUALVERIFY CHECKSIG
06:07:56 [DefaultDispatcher-worker-7] WalletTransactionMetadataProvider - metadata: TxOut of 0.0100001 DASH to yPq2zcfimMpQMPqwznDGSE4nM3Q2mN3EQs script:DUP HASH160 PUSHDATA(20)[2680f16e8a44aac8b835e328d20534a09705ed8b] EQUALVERIFY CHECKSIG
06:07:56 [DefaultDispatcher-worker-7] WalletTransactionMetadataProvider - metadata: TxOut of 0.0100001 DASH to yRcfZtZzsJpCx5VgKx123YeERnJNu4Xpna script:DUP HASH160 PUSHDATA(20)[3a1a513d139ddc859f1f84363403e5f85e5e1439] EQUALVERIFY CHECKSIG
06:07:56 [DefaultDispatcher-worker-7] WalletTransactionMetadataProvider - metadata: TxOut of 0.0100001 DASH to yYRF1VSg259aDqBpRpP6bgWvuRhy8cXwSu script:DUP HASH160 PUSHDATA(20)[84ba1f2b9ac64579c524e45c5de565bce17531e1] EQUALVERIFY CHECKSIG
06:07:56 [DefaultDispatcher-worker-7] WalletTransactionMetadataProvider - metadata: TxOut of 0.0100001 DASH to yevR6KnWD71izYNyYqGCZUQPG7NZYgnBwr script:DUP HASH160 PUSHDATA(20)[cc0f5b437d7d8db1d2d57be7a4c55212e8503cea] EQUALVERIFY CHECKSIG
06:07:56 [DefaultDispatcher-worker-12] WalletTransactionMetadataProvider - metadata: TxOut of 0.00100001 DASH to yM3YpDQkiJ7p2aDFrW8jBAha8PkppmxoMT script:DUP HASH160 PUSHDATA(20)[07f673489e33988be30a9bb91c2f4a2ab1f40315] EQUALVERIFY CHECKSIG
06:07:56 [DefaultDispatcher-worker-12] WalletTransactionMetadataProvider - metadata: TxOut of 0.00100001 DASH to yQro7FYSaRcGxH7p9FgX5DiUWNXAYszbt2 script:DUP HASH160 PUSHDATA(20)[31ce4f480fc325cd626fafab43e13be15f70beb8] EQUALVERIFY CHECKSIG
06:07:56 [DefaultDispatcher-worker-11] WalletTransactionMetadataProvider - metadata: TxOut of 0.00100001 DASH to yU7Uk54qJ2UaiCoUd3GpWK1ebvNgE9Hq51 script:DUP HASH160 PUSHDATA(20)[557d9892b694990a34119f36c952f45b07b0aace] EQUALVERIFY CHECKSIG
06:07:56 [DefaultDispatcher-worker-11] WalletTransactionMetadataProvider - metadata: TxOut of 0.00100001 DASH to ydsPpkJShxNvcZj2AKZHhgH17TCCVZ4nqR script:DUP HASH160 PUSHDATA(20)[c084ec83335a0657876bddc87b28753449fb349e] EQUALVERIFY CHECKSIG
06:07:56 [DefaultDispatcher-worker-11] WalletTransactionMetadataProvider - metadata: TxOut of 0.00020008 DASH to yNgiECmUAQUZELJfA8V8EsMCB1XGc7h7Ey script:DUP HASH160 PUSHDATA(20)[19f5d3248566ab5218f75352a2e0f0ff8f70c8df] EQUALVERIFY CHECKSIG
06:07:56 [DefaultDispatcher-worker-7] WalletTransactionMetadataProvider - metadata: TxOut of 0.100001 DASH to yRxbh7vsN9hCznYSLQek38MV7NidoG74xL script:DUP HASH160 PUSHDATA(20)[3ddf66cf84723a494345137ad4995d8d4fa134c4] EQUALVERIFY CHECKSIG
06:07:56 [DefaultDispatcher-worker-7] WalletTransactionMetadataProvider - metadata: TxOut of 0.100001 DASH to yVjvvhfA7gPNGCHQ2p9xc2E1KBoKfESB3x script:DUP HASH160 PUSHDATA(20)[675a8d987772a42073ee1ab4560b65f38739db02] EQUALVERIFY CHECKSIG
06:07:56 [DefaultDispatcher-worker-7] WalletTransactionMetadataProvider - metadata: TxOut of 0.100001 DASH to yW9LYP6f8GAZXEYifUrRjqY45eXWMDVgtE script:DUP HASH160 PUSHDATA(20)[6bc7d54b69d691aedde02951849c276e21915c28] EQUALVERIFY CHECKSIG
06:07:56 [DefaultDispatcher-worker-7] WalletTransactionMetadataProvider - metadata: TxOut of 0.100001 DASH to yhsD2HPAYg7EVYbrVAa8nZiK3JbjPRGXqZ script:DUP HASH160 PUSHDATA(20)[ec5c6923da907f09911cb4433f0b927cff1008b1] EQUALVERIFY CHECKSIG
06:07:56 [DefaultDispatcher-worker-1] WalletTransactionMetadataProvider - metadata: TxOut of 10.00 DASH to yhdcSiEctHa3f32javqAvBw4HDpZ38hVHP script:DUP HASH160 PUSHDATA(20)[e9ca2364b72630452fc32fe79d2d31f9e2791907] EQUALVERIFY CHECKSIG
06:07:56 [DefaultDispatcher-worker-1] WalletTransactionMetadataProvider - metadata: TxOut of 758.10876441 DASH to yehMuZTQ6ASyZpEiswSxqqArZnpqWcpVpK script:DUP HASH160 PUSHDATA(20)[c9974a302beb4b988e55babeab4145e98d293cac] EQUALVERIFY CHECKSIG
06:07:56 [DefaultDispatcher-worker-1] WalletTransactionMetadataProvider - metadata: TxOut of 0.100001 DASH to yPGCXqtx36TDmMCopTf3zFkUxDkBQxA6LB script:DUP HASH160 PUSHDATA(20)[204b2dba283c93e5aa2ad585c0bf2cbc7a85e41a] EQUALVERIFY CHECKSIG
06:07:56 [DefaultDispatcher-worker-1] WalletTransactionMetadataProvider - metadata: TxOut of 0.100001 DASH to yTL7QC2L9rRF3yanYXzSLDuqHpbcDzM7WB script:DUP HASH160 PUSHDATA(20)[4ce90fc9958f3ad113dd72d62854efcb58e57f1e] EQUALVERIFY CHECKSIG
06:07:56 [DefaultDispatcher-worker-1] WalletTransactionMetadataProvider - metadata: TxOut of 0.100001 DASH to yW87yPFEZdd9ZsMiddFjjnuZhyVfSTFdpd script:DUP HASH160 PUSHDATA(20)[6b8cecdabf8dcba2daaf6b5b42630fd86862f581] EQUALVERIFY CHECKSIG
06:07:56 [DefaultDispatcher-worker-1] WalletTransactionMetadataProvider - metadata: TxOut of 0.100001 DASH to yeakr17hm6PyhUTibTTaKSBT3gS6jp34fW script:DUP HASH160 PUSHDATA(20)[c85786bb579dc95f192f42483d72bfb57ff0fa50] EQUALVERIFY CHECKSIG
06:07:56 [DefaultDispatcher-worker-7] WalletTransactionMetadataProvider - metadata: TxOut of 0.00100001 DASH to yMybkbV4pxEierC2FLa79zNHFzNV5iQBe1 script:DUP HASH160 PUSHDATA(20)[122f5d4c4bba4bd851de3ff218769560f7aaf268] EQUALVERIFY CHECKSIG
06:07:56 [DefaultDispatcher-worker-7] WalletTransactionMetadataProvider - metadata: TxOut of 0.00100001 DASH to yRjbuXgBRxPski5B4veZtCbisjfzRNoJyy script:DUP HASH160 PUSHDATA(20)[3b6a2c363099b91ad98a25939453b40c4793cc5c] EQUALVERIFY CHECKSIG
06:07:56 [DefaultDispatcher-worker-7] WalletTransactionMetadataProvider - metadata: TxOut of 0.00100001 DASH to yed9AKtr3couKwovvVE9e4qd1HJhCQxTh7 script:DUP HASH160 PUSHDATA(20)[c8cafc92f560f75ecc6b56e1632f4c4b64caae31] EQUALVERIFY CHECKSIG
06:07:56 [DefaultDispatcher-worker-7] WalletTransactionMetadataProvider - metadata: TxOut of 0.00100001 DASH to yhsx2y3DpW6sgF64UpLT62T6BCLf4Swiuv script:DUP HASH160 PUSHDATA(20)[ec8050acc33d066263c2cf37d96fea57fb89412b] EQUALVERIFY CHECKSIG
06:07:56 [DefaultDispatcher-worker-7] WalletTransactionMetadataProvider - metadata: TxOut of 770.50877349 DASH to yVqQXFfXeDWUoqa1F3CbXtzEHprtxj7euE script:DUP HASH160 PUSHDATA(20)[6863ab2d9c3b25cce132c3e55cec26d8d9772a6a] EQUALVERIFY CHECKSIG
06:07:56 [DefaultDispatcher-worker-7] WalletTransactionMetadataProvider - metadata: TxOut of 4.00 DASH to ycmnAnAMmgMjspUkfjxPFWWe1XqeTrpC33 script:DUP HASH160 PUSHDATA(20)[b47cf48efde5787b5f9ed30133407327601fa50f] EQUALVERIFY CHECKSIG
06:07:56 [DefaultDispatcher-worker-10] WalletTransactionMetadataProvider - metadata: TxOut of 0.0100001 DASH to yUPyhC4gyih34q1DpmiFx2pd5xWB5xkRQf script:DUP HASH160 PUSHDATA(20)[589c6afca356f4f1ea1bb83be7cdfea2c5852e15] EQUALVERIFY CHECKSIG
06:07:56 [DefaultDispatcher-worker-10] WalletTransactionMetadataProvider - metadata: TxOut of 0.0100001 DASH to ybZvuJpe3m1oABf2DxPt9McbmRt4URvGBX script:DUP HASH160 PUSHDATA(20)[a74720cd58c5a17ca330fd5a5054fdcde7783db3] EQUALVERIFY CHECKSIG
06:07:56 [DefaultDispatcher-worker-1] WalletTransactionMetadataProvider - metadata: TxOut of 0.0100001 DASH to yjJkxGdz1P3RMu95LF9a13LgvvQTJNSgnY script:DUP HASH160 PUSHDATA(20)[fc29970c5c68bd250621f1ade8851935ef2e2053] EQUALVERIFY CHECKSIG
06:07:56 [DefaultDispatcher-worker-10] WalletTransactionMetadataProvider - metadata: TxOut of 0.0100001 DASH to yLc88emzkVKwc1gEvMEpiByh4v2ocfFd3t script:DUP HASH160 PUSHDATA(20)[0327729bd5903cba88c049ba50b3dfca69426a2d] EQUALVERIFY CHECKSIG
06:07:56 [DefaultDispatcher-worker-10] WalletTransactionMetadataProvider - metadata: TxOut of 0.0100001 DASH to yTCHPQbw3J32Mmbjxd4L56yVMXwshgJXUp script:DUP HASH160 PUSHDATA(20)[4b6e11fe2385700d85f9388ff9f80cadb2ff6f81] EQUALVERIFY CHECKSIG
06:07:56 [DefaultDispatcher-worker-7] WalletTransactionMetadataProvider - metadata: TxOut of 0.0100001 DASH to yW4MGtAwrrFnV2mBypHkzqKyYQ9ap3zh5c script:DUP HASH160 PUSHDATA(20)[6ad65d750fa97928d8e599c8a38c3060a14885b9] EQUALVERIFY CHECKSIG
06:07:56 [DefaultDispatcher-worker-7] WalletTransactionMetadataProvider - metadata: TxOut of 0.0100001 DASH to yWXc6Djx8VodzJHpQhGELkRQpRJBpZuiSR script:DUP HASH160 PUSHDATA(20)[6ffdf6c5193bb88b381fac9d76df2e4dd6e212c0] EQUALVERIFY CHECKSIG
06:07:56 [DefaultDispatcher-worker-7] WalletTransactionMetadataProvider - metadata: TxOut of 0.0100001 DASH to yXDeQRAfjhTPhLmYB218vCkHCdY4K57LbZ script:DUP HASH160 PUSHDATA(20)[779088a91fdc5fb95ed4c7aa76f33eec9748efe0] EQUALVERIFY CHECKSIG
06:07:56 [DefaultDispatcher-worker-7] WalletTransactionMetadataProvider - metadata: TxOut of 0.0100001 DASH to yXh8Kpo4GPNzkUHovVJTrvXw7vnxuLf7ng script:DUP HASH160 PUSHDATA(20)[7cc312698b86cc88db63dcd27c24443648ddddc3] EQUALVERIFY CHECKSIG
06:07:56 [DefaultDispatcher-worker-7] WalletTransactionMetadataProvider - metadata: TxOut of 0.0100001 DASH to yYJc7pkc7HYSv8cbkPAAnFkusLoeXD7VzL script:DUP HASH160 PUSHDATA(20)[8378d4c248553cb3b5fa40b68c894c8b7b510d00] EQUALVERIFY CHECKSIG
06:07:56 [DefaultDispatcher-worker-7] WalletTransactionMetadataProvider - metadata: TxOut of 0.0100001 DASH to ya8KqDi2LLqpPiqxXZ4QkzRMk81PUo5mMS script:DUP HASH160 PUSHDATA(20)[977753f3b863c4ad60f7fbfb3dbba2cf4c284a2b] EQUALVERIFY CHECKSIG
06:07:56 [DefaultDispatcher-worker-1] WalletTransactionMetadataProvider - metadata: TxOut of 0.0100001 DASH to yeHM5wGW9NAmengWAT1eKgcbQL7DxiwrnF script:DUP HASH160 PUSHDATA(20)[c50c9f0d0e9aaa4aaaf29aa859bfabb8a9b2ed7a] EQUALVERIFY CHECKSIG
06:07:56 [DefaultDispatcher-worker-1] WalletTransactionMetadataProvider - metadata: TxOut of 0.0100001 DASH to yh3QCYQsJnQswtS3PN3MhEVdK5tWYJbUna script:DUP HASH160 PUSHDATA(20)[e351c6477c129d971a6df4b4f79d31db4594314c] EQUALVERIFY CHECKSIG
06:07:56 [DefaultDispatcher-worker-1] WalletTransactionMetadataProvider - metadata: TxOut of 0.0100001 DASH to yhVomH3dvw9CtF4MKCPxUFKwTkHHkfMwhj script:DUP HASH160 PUSHDATA(20)[e8504296231858c18c2e20c13f5925ed01ef6922] EQUALVERIFY CHECKSIG
06:07:56 [DefaultDispatcher-worker-11] WalletTransactionMetadataProvider - metadata: TxOut of 0.0100001 DASH to yXoSi1rsEzrtAzbvFjej3vfbv5cMegmUG2 script:DUP HASH160 PUSHDATA(20)[7df4e9a7b509ade98742abd8e4f290cce72e1642] EQUALVERIFY CHECKSIG
06:07:56 [DefaultDispatcher-worker-11] WalletTransactionMetadataProvider - metadata: TxOut of 0.0100001 DASH to ybwmdNMcqMutBHiR9UmHE8Ae5KGnjpAJiH script:DUP HASH160 PUSHDATA(20)[ab68897d6acc3f377526f0ef7d646c50e864d453] EQUALVERIFY CHECKSIG
06:07:56 [DefaultDispatcher-worker-11] WalletTransactionMetadataProvider - metadata: TxOut of 0.0100001 DASH to yfAsrF2QYAoAW3yiLHvL3DKvoycKpLjTiL script:DUP HASH160 PUSHDATA(20)[cecb84087501ca51ea8cd048c497daaf2e43c927] EQUALVERIFY CHECKSIG
06:07:56 [DefaultDispatcher-worker-11] WalletTransactionMetadataProvider - metadata: TxOut of 0.0100001 DASH to yftgggBGBCxNj5LU4nvTQgQLxXC9gYvdXg script:DUP HASH160 PUSHDATA(20)[d6b3aa877397d983401e52f14902abdc013251e8] EQUALVERIFY CHECKSIG
06:07:56 [DefaultDispatcher-worker-11] WalletTransactionMetadataProvider - metadata: TxOut of 0.0100001 DASH to yQaoafRJ4dEnYUXjSSWEB878QLkaY6L9ov script:DUP HASH160 PUSHDATA(20)[2ec80c7fb7936f691acf1914768f2072ed54eb25] EQUALVERIFY CHECKSIG
06:07:56 [DefaultDispatcher-worker-11] WalletTransactionMetadataProvider - metadata: TxOut of 0.0100001 DASH to yR5YutgMkBH4MY7oZj2h8Kf62GDxfA6J3P script:DUP HASH160 PUSHDATA(20)[3437ddf9ba3823484577c0e26c3f583b5da97bc7] EQUALVERIFY CHECKSIG
06:07:56 [DefaultDispatcher-worker-11] WalletTransactionMetadataProvider - metadata: TxOut of 0.0100001 DASH to yXAFe6EQD9jcXKNr8rvAPJxjMqno3bnqHS script:DUP HASH160 PUSHDATA(20)[76ec4886c928d021d344de10b418c3697306d451] EQUALVERIFY CHECKSIG
06:07:56 [DefaultDispatcher-worker-11] WalletTransactionMetadataProvider - metadata: TxOut of 0.0100001 DASH to yeTeHjmpWHHe8RX46cNxU2HAbbjJRGNCok script:DUP HASH160 PUSHDATA(20)[c6ff2443560677e30e2a8a7ab3832a29a6db88f6] EQUALVERIFY CHECKSIG
06:07:56 [DefaultDispatcher-worker-12] WalletTransactionMetadataProvider - metadata: TxOut of 1.00001 DASH to yPh3Ka4FnMXy15spbuye2kpkEZMZwsH86p script:DUP HASH160 PUSHDATA(20)[24fde36174d76c362334f7e0ea0300f990b56acb] EQUALVERIFY CHECKSIG
06:07:56 [DefaultDispatcher-worker-12] WalletTransactionMetadataProvider - metadata: TxOut of 1.00001 DASH to yPh6CWRuxqNk6C5x1Rg73mYXZtM2PGh2zL script:DUP HASH160 PUSHDATA(20)[25004a740a57292215660248237a2ddc22c7b364] EQUALVERIFY CHECKSIG
06:07:56 [DefaultDispatcher-worker-12] WalletTransactionMetadataProvider - metadata: TxOut of 1.00001 DASH to yQ2hw6iYtG1nkG9MZf4xVbuf4152zH6tqZ script:DUP HASH160 PUSHDATA(20)[28b6060c356de668d9b535d60be438fe28e33c27] EQUALVERIFY CHECKSIG
06:07:56 [DefaultDispatcher-worker-12] WalletTransactionMetadataProvider - metadata: TxOut of 1.00001 DASH to ycWftm8kHaPknCMykZqBgGANuxVNXFrYRX script:DUP HASH160 PUSHDATA(20)[b1a17a0f82b3f34ca0053fe56c5565f64d2689da] EQUALVERIFY CHECKSIG
06:07:56 [DefaultDispatcher-worker-12] WalletTransactionMetadataProvider - metadata: TxOut of 1.00001 DASH to yhLDdnUghxi9FWbT4JcC7R93rEqKdZaMMR script:DUP HASH160 PUSHDATA(20)[e68006df0c053361964ef4ac4de3d14eaa9f457d] EQUALVERIFY CHECKSIG
06:07:56 [DefaultDispatcher-worker-12] WalletTransactionMetadataProvider - metadata: TxOut of 0.00100001 DASH to yTotMJzftcyx7BYJJHfGeKFKT4ZTyM3kY1 script:DUP HASH160 PUSHDATA(20)[5229d0b77046a2b89c48be24d2e8a50ba75ac8ea] EQUALVERIFY CHECKSIG
06:07:56 [DefaultDispatcher-worker-12] WalletTransactionMetadataProvider - metadata: TxOut of 0.00100001 DASH to ycCUNHGnBKocTmizUbKVooQ7eXFeCdViGk script:DUP HASH160 PUSHDATA(20)[ae305e53adeed78c3eda6fed4799258127b37162] EQUALVERIFY CHECKSIG
06:07:56 [DefaultDispatcher-worker-11] WalletTransactionMetadataProvider - metadata: TxOut of 0.00100001 DASH to yfs2ey3TCcGVjmueULPU3FyH2rs1aDLvMW script:DUP HASH160 PUSHDATA(20)[d66381384bf8a94be1277f8481653513add183ed] EQUALVERIFY CHECKSIG
06:07:56 [DefaultDispatcher-worker-12] WalletTransactionMetadataProvider - metadata: TxOut of 0.00100001 DASH to yQTiprFkKNXnxj7A8GKwBWsV2jpzv6oKET script:DUP HASH160 PUSHDATA(20)[2d712ae03324f5ab20cffadc945c45bbf9d2553b] EQUALVERIFY CHECKSIG
06:07:56 [DefaultDispatcher-worker-12] WalletTransactionMetadataProvider - metadata: TxOut of 0.00100001 DASH to ySkCu23hPtbYbj6m7bp1kYVebG5MVvDxTv script:DUP HASH160 PUSHDATA(20)[467f81f623a5fa8e5443227d252af05f1ae3e395] EQUALVERIFY CHECKSIG
06:07:56 [DefaultDispatcher-worker-12] WalletTransactionMetadataProvider - metadata: TxOut of 0.00100001 DASH to yUkmcBaNLZHrM2Y8toMK2PDueJpkpJutkN script:DUP HASH160 PUSHDATA(20)[5c8b105e23232cde6bb1cf4369a8ce3753d2e60a] EQUALVERIFY CHECKSIG
06:07:56 [DefaultDispatcher-worker-12] WalletTransactionMetadataProvider - metadata: TxOut of 0.00100001 DASH to yeqb7Br7Q1cT1dCRrjT8hNuKdzBMEuUbT9 script:DUP HASH160 PUSHDATA(20)[cb25a2fe3d71fc794a99e25726da2f6ae45b97c8] EQUALVERIFY CHECKSIG
06:07:56 [DefaultDispatcher-worker-12] WalletTransactionMetadataProvider - metadata: TxOut of 0.100001 DASH to yXEBStp3FhTkdzgBHAmWbeNgeUWE5nX32t script:DUP HASH160 PUSHDATA(20)[77aa726cc1bc6d1a4745fa75138789ddf0234497] EQUALVERIFY CHECKSIG
06:07:56 [DefaultDispatcher-worker-12] WalletTransactionMetadataProvider - metadata: TxOut of 0.100001 DASH to ygHn6M8Gh9rJNd6vMWv48scmKKj9idPNFJ script:DUP HASH160 PUSHDATA(20)[db11bf6b38f3907ded57a306a27b7f797ace3e27] EQUALVERIFY CHECKSIG
06:07:56 [DefaultDispatcher-worker-11] WalletTransactionMetadataProvider - metadata: TxOut of 0.100001 DASH to yiiY17pYGUDW8KaSJh3hPZ2WKKmKHA8XLi script:DUP HASH160 PUSHDATA(20)[f5b0a2ef80b81ca404e7d0676bd27429ae22ae40] EQUALVERIFY CHECKSIG
06:07:56 [DefaultDispatcher-worker-1] WalletTransactionMetadataProvider - metadata: TxOut of 0.00998722 DASH to ydm1zad8rVPdiaFNWuhUGiY4umczAZtBEU script:DUP HASH160 PUSHDATA(20)[bf503477d31b47e4019d2b3b00eb6843a30f1dc3] EQUALVERIFY CHECKSIG
06:07:56 [DefaultDispatcher-worker-1] WalletTransactionMetadataProvider - metadata: TxOut of 0.01 DASH to yem2FxRDLZbu1EWFx62Tcv6GsTo36s6hmx script:DUP HASH160 PUSHDATA(20)[ca488d51e7685c49df9c5da32f10b198b65db51a] EQUALVERIFY CHECKSIG
06:07:56 [DefaultDispatcher-worker-11] WalletTransactionMetadataProvider - metadata: TxOut of 0.00100001 DASH to yQyJH9CRUqMh5QdHQcozYeWXRxowazodji script:DUP HASH160 PUSHDATA(20)[330927e2215ac31ed43f076a4c6afa55a0d1c558] EQUALVERIFY CHECKSIG
06:07:56 [DefaultDispatcher-worker-11] WalletTransactionMetadataProvider - metadata: TxOut of 0.00100001 DASH to yRdEg94qTwhi2RPJCFx8EAvmRs3G8MvZwX script:DUP HASH160 PUSHDATA(20)[3a35f44d2d31ac156ea48ddf43c4d84ed7eff2f7] EQUALVERIFY CHECKSIG
06:07:56 [DefaultDispatcher-worker-11] WalletTransactionMetadataProvider - metadata: TxOut of 0.00100001 DASH to ySe7gy1SR2jZmoZ2tpxHRiBrVbcQWmayY8 script:DUP HASH160 PUSHDATA(20)[4558aa25c5990607a05a4867ff1ed8171501b10c] EQUALVERIFY CHECKSIG
06:07:56 [DefaultDispatcher-worker-1] WalletTransactionMetadataProvider - metadata: TxOut of 0.00100001 DASH to ySrr22Y2xZJpePrFVfJSxQ8BRTHC6WXWse script:DUP HASH160 PUSHDATA(20)[47c0fd87442b7c596b47e343b14ec18f2a46d7ee] EQUALVERIFY CHECKSIG
06:07:56 [DefaultDispatcher-worker-1] WalletTransactionMetadataProvider - metadata: TxOut of 0.00100001 DASH to yWCzDSUaG6EeQ4Gbc8CJ3b6XDU8yNpZVT1 script:DUP HASH160 PUSHDATA(20)[6c78877d1e11ab0253459cafae97b8f61e516136] EQUALVERIFY CHECKSIG
06:07:56 [DefaultDispatcher-worker-11] WalletTransactionMetadataProvider - metadata: TxOut of 0.00100001 DASH to yWyfiVFQDLbV5c46GxYf5NyrYB8quLsKur script:DUP HASH160 PUSHDATA(20)[74ebce2188ae0e153fcdf932cf051abbb93d1208] EQUALVERIFY CHECKSIG
06:07:56 [DefaultDispatcher-worker-11] WalletTransactionMetadataProvider - metadata: TxOut of 0.00100001 DASH to yYtBGAi6ojcqs3PeQcKt4imNySTzFGVCWc script:DUP HASH160 PUSHDATA(20)[89d239952d379e4e32dec391017955553fe1502d] EQUALVERIFY CHECKSIG
06:07:56 [DefaultDispatcher-worker-11] WalletTransactionMetadataProvider - metadata: TxOut of 0.00100001 DASH to ychn6ug1iMmHXBoYkpy8uQdKZ97nGLiUaW script:DUP HASH160 PUSHDATA(20)[b3bb3c5a615337fd3391fb2ad586a0ac75dab58d] EQUALVERIFY CHECKSIG
06:07:56 [DefaultDispatcher-worker-11] WalletTransactionMetadataProvider - metadata: TxOut of 0.00100001 DASH to ycxgP4y73xLPuBNrzGyewQkcZ6Kq1upC17 script:DUP HASH160 PUSHDATA(20)[b68cb2ffed7239afd7c246c01581ef5568f64a55] EQUALVERIFY CHECKSIG
06:07:56 [DefaultDispatcher-worker-10] WalletTransactionMetadataProvider - metadata: TxOut of 0.00100001 DASH to ydHRiQCMgbDwuoFZce3dHcWzzekRvdMm34 script:DUP HASH160 PUSHDATA(20)[ba185bfe494245a274520f78693a8bc903277de8] EQUALVERIFY CHECKSIG
06:07:56 [DefaultDispatcher-worker-12] WalletTransactionMetadataProvider - metadata: TxOut of 0.00100001 DASH to yfFw5rn45AoretRXa77eDEDJ3Ad3TRBarM script:DUP HASH160 PUSHDATA(20)[cfc04bba2d6f7f519dfe51ad60a86f990d6cd91d] EQUALVERIFY CHECKSIG
06:07:56 [DefaultDispatcher-worker-12] WalletTransactionMetadataProvider - metadata: TxOut of 0.00100001 DASH to ygHG7Y6emvSG9py9mdtyYGC19sSXLWuRAn script:DUP HASH160 PUSHDATA(20)[daf8b8dbf0a5265b18c58fa202b4ab673275d53c] EQUALVERIFY CHECKSIG
06:07:56 [DefaultDispatcher-worker-12] WalletTransactionMetadataProvider - metadata: TxOut of 0.00100001 DASH to yi9zK8EP83BxYxx6jwgp72VHa2UvPSvU7v script:DUP HASH160 PUSHDATA(20)[ef88df62b373f87e901ed4cedc6dc5d01a7357c8] EQUALVERIFY CHECKSIG
06:07:56 [DefaultDispatcher-worker-12] WalletTransactionMetadataProvider - metadata: TxOut of 0.0100001 DASH to yUsy453cAPo2Yc9PWB31DWQM2tGJ74cdxq script:DUP HASH160 PUSHDATA(20)[5de787d49bb98c2fc547b65eb557a482f51774af] EQUALVERIFY CHECKSIG
06:07:56 [DefaultDispatcher-worker-12] WalletTransactionMetadataProvider - metadata: TxOut of 0.0100001 DASH to ybdz56C8Uk3JdaEkdhpE54kJbJ1gpUpyD4 script:DUP HASH160 PUSHDATA(20)[a80b6fe2219039302cbbd0ef5e483e6b7a1939c8] EQUALVERIFY CHECKSIG
06:07:56 [DefaultDispatcher-worker-7] WalletTransactionMetadataProvider - metadata: TxOut of 0.0100001 DASH to ycBFvWCGnWsdbqjsUweyjA1Br7u19M5mR7 script:DUP HASH160 PUSHDATA(20)[adf5907d4a1d68f8c5201b6b12e6ddc40a8fa14a] EQUALVERIFY CHECKSIG
06:07:56 [DefaultDispatcher-worker-11] WalletTransactionMetadataProvider - metadata: TxOut of 8.89019821 DASH to yNgiECmUAQUZELJfA8V8EsMCB1XGc7h7Ey script:DUP HASH160 PUSHDATA(20)[19f5d3248566ab5218f75352a2e0f0ff8f70c8df] EQUALVERIFY CHECKSIG
06:07:56 [DefaultDispatcher-worker-12] WalletTransactionMetadataProvider - metadata: TxOut of 0.0100001 DASH to yNBEds5hmx5h3UBaFaSdjCWp9eLjggE6zC script:DUP HASH160 PUSHDATA(20)[1462baac6b54c2bb7e36d4054789fefe2da24917] EQUALVERIFY CHECKSIG
06:07:56 [DefaultDispatcher-worker-12] WalletTransactionMetadataProvider - metadata: TxOut of 0.0100001 DASH to yQgDSMn1M5ZV6nPMsHqgccx3ZHX3nMPDiv script:DUP HASH160 PUSHDATA(20)[2fce0b1627eab3f12552a3cccb0636a90d3aa239] EQUALVERIFY CHECKSIG
06:07:56 [DefaultDispatcher-worker-12] WalletTransactionMetadataProvider - metadata: TxOut of 0.0100001 DASH to yS8Z4fj3aiPxu5HBcD645Dt1GbDRFCnKH9 script:DUP HASH160 PUSHDATA(20)[3fc15df8d2334567d8c6535c59dc60a2438b6f2f] EQUALVERIFY CHECKSIG
06:07:56 [DefaultDispatcher-worker-12] WalletTransactionMetadataProvider - metadata: TxOut of 0.0100001 DASH to yj6kA971c72vSkBoijPQdRajxPpQZ8jH9X script:DUP HASH160 PUSHDATA(20)[f9e3ef401b8183384235338c85c0daf2f48c42f5] EQUALVERIFY CHECKSIG
06:07:56 [DefaultDispatcher-worker-12] WalletTransactionMetadataProvider - metadata: TxOut of 10.0001 DASH to yLUgY9GwXomJG8yhQCAVFL9c3z9T9nisYx script:DUP HASH160 PUSHDATA(20)[01bf2b9be310f32df220e67868ec2843f8f621ad] EQUALVERIFY CHECKSIG
06:07:56 [DefaultDispatcher-worker-12] WalletTransactionMetadataProvider - metadata: TxOut of 10.0001 DASH to yfcSJkNea7gFVEJSPiv5ZBjJr3pjewTDHh script:DUP HASH160 PUSHDATA(20)[d3a1022f8f1bdc0af957e75e72c6b9ec37786e3e] EQUALVERIFY CHECKSIG
06:07:56 [DefaultDispatcher-worker-12] WalletTransactionMetadataProvider - metadata: TxOut of 10.0001 DASH to yhoE1gkAZFkgZ448E115d44uKzKAATp3YH script:DUP HASH160 PUSHDATA(20)[eb9b92b15e5c1657a29c44ccd80762aeaaf896e1] EQUALVERIFY CHECKSIG
06:07:56 [DefaultDispatcher-worker-12] WalletTransactionMetadataProvider - metadata: TxOut of 0.22999112 DASH to ybr9cZcdPsn8iHuw8PQkrn8WCPY8LhWRUn script:DUP HASH160 PUSHDATA(20)[aa5864f5d04505c6974f00dd1f67136abf58a36e] EQUALVERIFY CHECKSIG
06:07:56 [DefaultDispatcher-worker-12] WalletTransactionMetadataProvider - metadata: TxOut of 0.26 DASH to ySo6TPETgwAPqX3BszvyRjj75UV3f3L6yd script:DUP HASH160 PUSHDATA(20)[470b60c834435f2caa12390036a603cd99c5e6c3] EQUALVERIFY CHECKSIG
06:07:56 [DefaultDispatcher-worker-11] WalletTransactionMetadataProvider - metadata: TxOut of 0.00100001 DASH to yMfZPKkSb3NC75ZaKqtor6AQ3pCMawDZju script:DUP HASH160 PUSHDATA(20)[0ec5e6c6ec3163ee3d1704629239d20f397f0f05] EQUALVERIFY CHECKSIG
06:07:56 [DefaultDispatcher-worker-11] WalletTransactionMetadataProvider - metadata: TxOut of 0.00100001 DASH to yQGKCWozAu2FzeeJqa8qfQVGPA9ZzBRgVH script:DUP HASH160 PUSHDATA(20)[2b48de98dee060604b0cf200c3ae360274b1429c] EQUALVERIFY CHECKSIG
06:07:56 [DefaultDispatcher-worker-11] WalletTransactionMetadataProvider - metadata: TxOut of 0.00100001 DASH to yRN3griphu8GjagikfTMUaRGr1TM2K1quS script:DUP HASH160 PUSHDATA(20)[37568af9d52e18f444fd43e5e33de51e9f1fc949] EQUALVERIFY CHECKSIG
06:07:56 [DefaultDispatcher-worker-11] WalletTransactionMetadataProvider - metadata: TxOut of 0.00100001 DASH to ySrqN4WzxLz25YU8WEvXNH4KQupqxWvptP script:DUP HASH160 PUSHDATA(20)[47c071a52e8827ed03db673e119c43a966b4a391] EQUALVERIFY CHECKSIG
06:07:56 [DefaultDispatcher-worker-12] WalletTransactionMetadataProvider - metadata: TxOut of 0.00100001 DASH to yU6ZAYMLJ6jBFvGNieHBeyDVyhf7d8UJZ8 script:DUP HASH160 PUSHDATA(20)[5550df09ff7335b8a7bd17ba534515a3ab5e8a83] EQUALVERIFY CHECKSIG
06:07:56 [DefaultDispatcher-worker-12] WalletTransactionMetadataProvider - metadata: TxOut of 0.00100001 DASH to yZxvKbueaB2F3FQsw7QkAVAiQTvr212DeE script:DUP HASH160 PUSHDATA(20)[95aff565e3967a5888d8b0ad69299084a5ecbc08] EQUALVERIFY CHECKSIG
06:07:56 [DefaultDispatcher-worker-11] WalletTransactionMetadataProvider - metadata: TxOut of 0.00 DASH (unknown type) script:RETURN
06:07:56 [DefaultDispatcher-worker-12] WalletTransactionMetadataProvider - metadata: TxOut of 0.00100001 DASH to yTyT9o1xQQbuoiSebMzMRNZPjFia7Resh7 script:DUP HASH160 PUSHDATA(20)[53f8f0b1cacd8a7f7d395917e65ef48a774d0ea6] EQUALVERIFY CHECKSIG
06:07:56 [DefaultDispatcher-worker-12] WalletTransactionMetadataProvider - metadata: TxOut of 0.00100001 DASH to yTymz4wNRneiHTwtfDsfb1rEMjgBXC4qig script:DUP HASH160 PUSHDATA(20)[5408a91fc601e1f233cc17f1ddb3f7673b14fe2f] EQUALVERIFY CHECKSIG
06:07:56 [DefaultDispatcher-worker-12] WalletTransactionMetadataProvider - metadata: TxOut of 0.00100001 DASH to yUZqrcdsB1vJYGPHEDQGJKfyoykKrgbpLT script:DUP HASH160 PUSHDATA(20)[5a7a08fc5803583ded809d839acf5cf2a606aa7c] EQUALVERIFY CHECKSIG
06:07:56 [DefaultDispatcher-worker-11] WalletTransactionMetadataProvider - metadata: TxOut of 0.00100001 DASH to yZZdis43h1E2nTV694rntouFAN1uKqg5ak script:DUP HASH160 PUSHDATA(20)[9148890d803414f95851e5220fc514596e7d48dd] EQUALVERIFY CHECKSIG
06:07:56 [DefaultDispatcher-worker-11] WalletTransactionMetadataProvider - metadata: TxOut of 0.00100001 DASH to yby7YHSCxQ491VUGeeqR6JeMgQzAo9H2ar script:DUP HASH160 PUSHDATA(20)[aba99333b984d13e710a64dfea6c04143b60e7c3] EQUALVERIFY CHECKSIG
06:07:56 [DefaultDispatcher-worker-11] WalletTransactionMetadataProvider - metadata: TxOut of 0.00100001 DASH to yic9uRYvTLSKgjHz64VRkT6m3Ny3PxpTJC script:DUP HASH160 PUSHDATA(20)[f47bb1ae59e3be6c3444e60a2b0e6721dd2624a0] EQUALVERIFY CHECKSIG
06:07:56 [DefaultDispatcher-worker-7] WalletTransactionMetadataProvider - metadata: TxOut of 0.00100001 DASH to yMu4AwMsgvQ3kMwySeQnLrreeEffC8uHEH script:DUP HASH160 PUSHDATA(20)[115356b4909a9e57c05a8ff437db487f1a9d6119] EQUALVERIFY CHECKSIG
06:07:56 [DefaultDispatcher-worker-7] WalletTransactionMetadataProvider - metadata: TxOut of 0.00100001 DASH to yP2wkFUmZNAadNEBdVh8aYojVLcmxvy39K script:DUP HASH160 PUSHDATA(20)[1dc96da5b38af8bfccf39ad43d34414db3ccc40f] EQUALVERIFY CHECKSIG
06:07:56 [DefaultDispatcher-worker-7] WalletTransactionMetadataProvider - metadata: TxOut of 0.00100001 DASH to yUsGGjSHp5bSGnAeS2vUrUzF2P1qFvdmMK script:DUP HASH160 PUSHDATA(20)[5dc57cdcf50d113aa1b4332e63e6f15f322a7879] EQUALVERIFY CHECKSIG
06:07:56 [DefaultDispatcher-worker-7] WalletTransactionMetadataProvider - metadata: TxOut of 0.00100001 DASH to yaN8RKzKass4DZzf5bgmFADS5Qxr5d2XG6 script:DUP HASH160 PUSHDATA(20)[9a13a00d8a2e517898c91af9bcc67d36a69d0dd9] EQUALVERIFY CHECKSIG
06:07:56 [DefaultDispatcher-worker-12] WalletTransactionMetadataProvider - metadata: TxOut of 0.00100001 DASH to ybcLPbZGrS9R74qfiHQfFJuJAq1hWuEv4N script:DUP HASH160 PUSHDATA(20)[a7bb910e9f3c2ee89bb9609217cfab7df091ef7b] EQUALVERIFY CHECKSIG
06:07:56 [DefaultDispatcher-worker-11] WalletTransactionMetadataProvider - metadata: TxOut of 0.00100001 DASH to yiJX852XhC7t2dRzvXhG4Nh5Px4CaE5cTj script:DUP HASH160 PUSHDATA(20)[f125eb2e96a5d51671229b3baea42eab348ce57a] EQUALVERIFY CHECKSIG
06:07:56 [DefaultDispatcher-worker-11] WalletTransactionMetadataProvider - metadata: TxOut of 0.00100001 DASH to yiNKgK3hqt1zSarTyJCr3T1zT1U7ogDUBi script:DUP HASH160 PUSHDATA(20)[f1de078b1c666dc26c98a825d6ce69682f2d89d8] EQUALVERIFY CHECKSIG
06:07:56 [DefaultDispatcher-worker-12] WalletTransactionMetadataProvider - metadata: TxOut of 0.00100001 DASH to yQnRPSnb8E5nzhvoXx9gUdFxEepcteNXgm script:DUP HASH160 PUSHDATA(20)[30fa83a52dc745ea455d9c71158d732111b2d3ad] EQUALVERIFY CHECKSIG
06:07:56 [DefaultDispatcher-worker-12] WalletTransactionMetadataProvider - metadata: TxOut of 0.00100001 DASH to yWoRx1S4hVfmVj2QXoKmNqg7534ZG69ssM script:DUP HASH160 PUSHDATA(20)[72fc274fc123f1490917b85ea967930a2dd60c47] EQUALVERIFY CHECKSIG
06:07:56 [DefaultDispatcher-worker-12] WalletTransactionMetadataProvider - metadata: TxOut of 0.00100001 DASH to yapCLoysxHnmfZok2zW8MhmpduAD4VTynu script:DUP HASH160 PUSHDATA(20)[9f01b6d7ba1093b1336567ce32da21962bb85d38] EQUALVERIFY CHECKSIG
06:07:56 [DefaultDispatcher-worker-11] WalletTransactionMetadataProvider - metadata: TxOut of 0.100001 DASH to yLcbcpgZGrUtAdz3NfBJE5J4ML225iFoT9 script:DUP HASH160 PUSHDATA(20)[033e643fe744c9ac83599678567d76d920099b75] EQUALVERIFY CHECKSIG
06:07:56 [DefaultDispatcher-worker-11] WalletTransactionMetadataProvider - metadata: TxOut of 0.100001 DASH to yMzNEDu63voxQ41GN8ciDB9qPBjSvPFRoM script:DUP HASH160 PUSHDATA(20)[12547dce174d805d7665aa7cfb8a5f1d8acd5e89] EQUALVERIFY CHECKSIG
06:07:56 [DefaultDispatcher-worker-11] WalletTransactionMetadataProvider - metadata: TxOut of 0.100001 DASH to yPRo4J9nAfKwkuwdcjh7eru3k7ahKrMjsg script:DUP HASH160 PUSHDATA(20)[221bbe09ad364955e74839a0b650d28add687d41] EQUALVERIFY CHECKSIG
06:07:56 [DefaultDispatcher-worker-11] WalletTransactionMetadataProvider - metadata: TxOut of 0.100001 DASH to yQFG821fw4rJ3F3mFs8AX5cxU8Mxbsaaqz script:DUP HASH160 PUSHDATA(20)[2b15e27318c2064b3302decb66a5929232cf0b31] EQUALVERIFY CHECKSIG
06:07:56 [DefaultDispatcher-worker-12] WalletTransactionMetadataProvider - metadata: TxOut of 0.100001 DASH to yZXEDAxhrFwbjhJ7i8TiBZwukatPQ8TKX8 script:DUP HASH160 PUSHDATA(20)[90d413a12a599ab44aa93f9bc86f2ee038ee10b7] EQUALVERIFY CHECKSIG
06:07:56 [DefaultDispatcher-worker-11] WalletTransactionMetadataProvider - metadata: TxOut of 0.100001 DASH to ybgGbmmeKKB2CWGW4vBVfR6UDYkUaUWHWd script:DUP HASH160 PUSHDATA(20)[a87a111270076ad05416aa0a4bd07f552f531c14] EQUALVERIFY CHECKSIG
06:07:56 [DefaultDispatcher-worker-11] WalletTransactionMetadataProvider - metadata: TxOut of 0.100001 DASH to ycj9FmBzLoLHMNHVbKKqqsNBpPjZBzE5Gz script:DUP HASH160 PUSHDATA(20)[b3fd4f1e84f2cc4fbf45bc9210674ff2b155bca2] EQUALVERIFY CHECKSIG
06:07:56 [DefaultDispatcher-worker-11] WalletTransactionMetadataProvider - metadata: TxOut of 0.100001 DASH to ydKPoWkthqwQfnGL1TRzPSTPNHDt4zhxUe script:DUP HASH160 PUSHDATA(20)[ba779868a024cc068ad63caa0b897cd54f0052bc] EQUALVERIFY CHECKSIG
06:07:56 [DefaultDispatcher-worker-12] WalletTransactionMetadataProvider - metadata: TxOut of 0.100001 DASH to ydg6YrcbJP4iruZkTS3RbwQoxYofnFGu1B script:DUP HASH160 PUSHDATA(20)[be61edbf4ee30641dd0ee01f0a5303a6f11faf2e] EQUALVERIFY CHECKSIG
06:07:56 [DefaultDispatcher-worker-12] WalletTransactionMetadataProvider - metadata: TxOut of 1.00001 DASH to yPLmanrjcVHYW14m63yh9AAGxMQ6sUWGrs script:DUP HASH160 PUSHDATA(20)[21286e9151fec46a48fb0c9cb8413f87b4fc069d] EQUALVERIFY CHECKSIG
06:07:56 [DefaultDispatcher-worker-12] WalletTransactionMetadataProvider - metadata: TxOut of 1.00001 DASH to yQdX3qzfNAqTLrXasHs6NCUmmSnPvhYkQa script:DUP HASH160 PUSHDATA(20)[2f4b7f3e292d19c3308fedf48ed788b2c0d310e5] EQUALVERIFY CHECKSIG
06:07:56 [DefaultDispatcher-worker-12] WalletTransactionMetadataProvider - metadata: TxOut of 1.00001 DASH to yVJNhWJMFZMdpC3RrYFAqjZx6YoeLfpQHn script:DUP HASH160 PUSHDATA(20)[6285407bc66c85865b9f76b44ca4bce5581c400d] EQUALVERIFY CHECKSIG
06:07:56 [DefaultDispatcher-worker-12] WalletTransactionMetadataProvider - metadata: TxOut of 1.00001 DASH to yd719yBgPXgGNvCVSHiYNn2Z5GX69W1Lg7 script:DUP HASH160 PUSHDATA(20)[b81fb2e310c2e7db11f6e4d46d231bbf51e411cc] EQUALVERIFY CHECKSIG
06:07:56 [DefaultDispatcher-worker-1] WalletTransactionMetadataProvider - metadata: TxOut of 0.0100001 DASH to yLp1ouMJNSsFRectZswNaDETvmrM3UC1kt script:DUP HASH160 PUSHDATA(20)[0567292d29436fe685b9c646cbfd3b129de08762] EQUALVERIFY CHECKSIG
06:07:56 [DefaultDispatcher-worker-1] WalletTransactionMetadataProvider - metadata: TxOut of 0.0100001 DASH to yNbWJHbXbxUhW42iNiMoUGK8Q75zkv7oCe script:DUP HASH160 PUSHDATA(20)[18f9c96130602631c1e60e6b508893d9a8b44c32] EQUALVERIFY CHECKSIG
06:07:56 [DefaultDispatcher-worker-1] WalletTransactionMetadataProvider - metadata: TxOut of 0.0100001 DASH to yNwXAhDZG64DRToeNvWRP57djoAERgG7ia script:DUP HASH160 PUSHDATA(20)[1cc2d4d3b57231ac3d56159b5f5c3618e4f65483] EQUALVERIFY CHECKSIG
06:07:56 [DefaultDispatcher-worker-1] WalletTransactionMetadataProvider - metadata: TxOut of 0.0100001 DASH to yRoKZ8WSupXcBbzGVGvy6syhPszNDFPymg script:DUP HASH160 PUSHDATA(20)[3c1e2fd3c513526fe985738636b081c7c667f83f] EQUALVERIFY CHECKSIG
06:07:56 [DefaultDispatcher-worker-12] WalletTransactionMetadataProvider - metadata: TxOut of 0.0100001 DASH to yXLBfn7KaPjPxANhw5bVxrqT45CnJ6atBd script:DUP HASH160 PUSHDATA(20)[78cd20d07145b9fa42298b1474648e64b9b6001b] EQUALVERIFY CHECKSIG
06:07:56 [DefaultDispatcher-worker-12] WalletTransactionMetadataProvider - metadata: TxOut of 0.0100001 DASH to yZ26Q7zFTqZ1WgmreG7SYP39i5P9tG1QdG script:DUP HASH160 PUSHDATA(20)[8b517e48f45afcfae39fc327d578146b46a87469] EQUALVERIFY CHECKSIG
06:07:56 [DefaultDispatcher-worker-1] WalletTransactionMetadataProvider - metadata: TxOut of 0.0100001 DASH to yZWQnwW3pfYRQUUuYbjjKd53q81Mx9jyHQ script:DUP HASH160 PUSHDATA(20)[90ac7e8a3ae32323ce11126c5bd9df71e6646011] EQUALVERIFY CHECKSIG
06:07:56 [DefaultDispatcher-worker-12] WalletTransactionMetadataProvider - metadata: TxOut of 0.0100001 DASH to ybAP4VAXCBtuwxcT5rLutJrsdQ8EAQD2nD script:DUP HASH160 PUSHDATA(20)[a2d2fb1955a018dcab546fbdfa5dfc76255f0bc2] EQUALVERIFY CHECKSIG
06:07:56 [DefaultDispatcher-worker-1] WalletTransactionMetadataProvider - metadata: TxOut of 0.0100001 DASH to ydSt1A8ELHxhkfGKfu3yAWpNBpvPuAAjj8 script:DUP HASH160 PUSHDATA(20)[bbe20c4290f6489b84fc862ae5f69d9ae9f3f097] EQUALVERIFY CHECKSIG
06:07:56 [DefaultDispatcher-worker-1] WalletTransactionMetadataProvider - metadata: TxOut of 0.0100001 DASH to yfEHaSc74Gjj6QBBxcWYVUJdYo91HJdFKJ script:DUP HASH160 PUSHDATA(20)[cf709207739d01198baa6d77710d5a36ed97666e] EQUALVERIFY CHECKSIG
06:07:56 [DefaultDispatcher-worker-1] WalletTransactionMetadataProvider - metadata: TxOut of 0.0100001 DASH to yj2EKv7hohrQtkmrXtmPgMpBog7GQkfKyh script:DUP HASH160 PUSHDATA(20)[f9095e624249392eade737450fa9107440ede6be] EQUALVERIFY CHECKSIG
06:07:56 [DefaultDispatcher-worker-11] WalletTransactionMetadataProvider - metadata: TxOut of 0.0100001 DASH to yjKL4BFoMYMxqdcRoGoYzP6TQyZoCMGsZR script:DUP HASH160 PUSHDATA(20)[fc4538d92b6d9760a16bab2821a3c0385545c7c7] EQUALVERIFY CHECKSIG
06:07:56 [DefaultDispatcher-worker-11] WalletTransactionMetadataProvider - metadata: TxOut of 0.100001 DASH to yRWURt7hoD3iSg1ZP7SqWkF1562zxr4kwT script:DUP HASH160 PUSHDATA(20)[38ee8623722eba3d5d42041db9d7deee36bb1ae3] EQUALVERIFY CHECKSIG
06:07:56 [DefaultDispatcher-worker-11] WalletTransactionMetadataProvider - metadata: TxOut of 0.100001 DASH to ySCdortHsGL94UCsmvK8gHXLEw3ykB3aKD script:DUP HASH160 PUSHDATA(20)[4086fdd9646dec2c0be778b7bf801ac359f6a2f5] EQUALVERIFY CHECKSIG
06:07:56 [DefaultDispatcher-worker-11] WalletTransactionMetadataProvider - metadata: TxOut of 0.100001 DASH to yUTUivgzRdpWxeHrp21vJXU51b93BegyDx script:DUP HASH160 PUSHDATA(20)[5945e614b50aa74cc30dbe69a56cb1434dff2ecb] EQUALVERIFY CHECKSIG
06:07:56 [DefaultDispatcher-worker-7] WalletTransactionMetadataProvider - metadata: TxOut of 0.100001 DASH to ybsZf2w7vuCzngyxz6bcYeL3kzakT2FSjz script:DUP HASH160 PUSHDATA(20)[aa9ce14dbd60cc97a6a31aa5058c4bcf4c8b8c0e] EQUALVERIFY CHECKSIG
06:07:56 [DefaultDispatcher-worker-7] WalletTransactionMetadataProvider - metadata: TxOut of 0.100001 DASH to yetPZ3bpDQE6jGDGwXLpF91BAzEqBNm7PQ script:DUP HASH160 PUSHDATA(20)[cbad3d58ddd1d4800ac18b0b655db47a24a4e9e4] EQUALVERIFY CHECKSIG
06:07:56 [DefaultDispatcher-worker-10] WalletTransactionMetadataProvider - metadata: TxOut of 0.100001 DASH to yf9ArLHwRMwb6iWp6Bb1PgdrAjC3Ym13ZW script:DUP HASH160 PUSHDATA(20)[ce78e0430afc0c029eb3f8724a035b46d0b4a547] EQUALVERIFY CHECKSIG
06:07:56 [DefaultDispatcher-worker-7] WalletTransactionMetadataProvider - metadata: TxOut of 0.100001 DASH to yi3LJwVqiHfJo5xPyyAUqjvXyL3YSfo3gu script:DUP HASH160 PUSHDATA(20)[ee46a742cd519d09593f07f2dc6b93436526598a] EQUALVERIFY CHECKSIG
06:07:56 [DefaultDispatcher-worker-11] WalletTransactionMetadataProvider - metadata: TxOut of 0.99899549 DASH to yfyfaFonJh2gVVF7uBtRKFQTnKD82XCwsz script:DUP HASH160 PUSHDATA(20)[d7a4d19b7a9d0081d1c46d40b48f39c1f3cc4f8b] EQUALVERIFY CHECKSIG
06:07:56 [DefaultDispatcher-worker-10] WalletTransactionMetadataProvider - metadata: TxOut of 0.001 DASH to yaDcr76kSfr13LbFyunCD9cmiVCHcfNLeo script:DUP HASH160 PUSHDATA(20)[98779c83b22f1b026721cf471426676f5b162a16] EQUALVERIFY CHECKSIG
06:07:56 [DefaultDispatcher-worker-7] WalletTransactionMetadataProvider - metadata: TxOut of 0.011 DASH to yhx8b9rUn1DN8CFfAPT7wa21NmFzRJQEcy script:DUP HASH160 PUSHDATA(20)[ed4aca3082070bb56641eabb5cdcdbf462865221] EQUALVERIFY CHECKSIG
06:07:56 [DefaultDispatcher-worker-7] WalletTransactionMetadataProvider - metadata: TxOut of 0.96699322 DASH to yTHcKVE92ffWnVbdLhGqNnZ8Suq7bcwosq script:DUP HASH160 PUSHDATA(20)[4c6ff43e14e3fd661f42fcf48ba51af5b6be3660] EQUALVERIFY CHECKSIG
06:07:56 [DefaultDispatcher-worker-11] WalletTransactionMetadataProvider - metadata: TxOut of 50.01652163 DASH to yNgiECmUAQUZELJfA8V8EsMCB1XGc7h7Ey script:DUP HASH160 PUSHDATA(20)[19f5d3248566ab5218f75352a2e0f0ff8f70c8df] EQUALVERIFY CHECKSIG
06:07:56 [DefaultDispatcher-worker-11] WalletTransactionMetadataProvider - metadata: TxOut of 0.26 DASH to yWcaVhiPFfxx7ugWgLDRcQGf1XJGWXkcxd script:DUP HASH160 PUSHDATA(20)[70eeb653015337953caa06b2b19f6b298a9b102c] EQUALVERIFY CHECKSIG
06:07:56 [DefaultDispatcher-worker-11] WalletTransactionMetadataProvider - metadata: TxOut of 0.48999339 DASH to yWWJrJMXbnRPhMe4XTvfvMmCCmnb5J11Uk script:DUP HASH160 PUSHDATA(20)[6fbf2820b9673ef2612016af206feff1bfef2ccb] EQUALVERIFY CHECKSIG
06:07:56 [DefaultDispatcher-worker-11] WalletTransactionMetadataProvider - metadata: TxOut of 7.92485195 DASH to ydZrAwVPZg7KojxciVc3CtStTHeWHUBudJ script:DUP HASH160 PUSHDATA(20)[bd336e4f2f2e09e140dee2a545a7fc8921238b82] EQUALVERIFY CHECKSIG
06:07:56 [DefaultDispatcher-worker-7] WalletTransactionMetadataProvider - metadata: TxOut of 0.001 DASH to ySo6TPETgwAPqX3BszvyRjj75UV3f3L6yd script:DUP HASH160 PUSHDATA(20)[470b60c834435f2caa12390036a603cd99c5e6c3] EQUALVERIFY CHECKSIG
06:07:56 [DefaultDispatcher-worker-7] WalletTransactionMetadataProvider - metadata: TxOut of 0.00899773 DASH to yLZczGyEZK3nKPwjLpqKncnWoCYn5o6mPd script:DUP HASH160 PUSHDATA(20)[02ae49884814275073aecb4c7187baf448183ad7] EQUALVERIFY CHECKSIG
06:07:56 [DefaultDispatcher-worker-7] WalletTransactionMetadataProvider - metadata: TxOut of 807.40878406 DASH to yT5xizVutUN8xFJqgg3KLbzzWomSrrE8Wg script:DUP HASH160 PUSHDATA(20)[4a3bfef87167c7b4a6e12ac43cfeb1ce9e0187e6] EQUALVERIFY CHECKSIG
06:07:56 [DefaultDispatcher-worker-7] WalletTransactionMetadataProvider - metadata: TxOut of 6.00 DASH to yU3iiiAYtHMayqi9SBFCJzhECCe8736KLB script:DUP HASH160 PUSHDATA(20)[54c7996377ff5c228fb507d1e7e0d9548352a314] EQUALVERIFY CHECKSIG
06:07:56 [DefaultDispatcher-worker-10] WalletTransactionMetadataProvider - metadata: TxOut of 711.76156843 DASH to yfL6fcMfdxhg2SmqHt9SxJFQ93YgcbmPWd script:DUP HASH160 PUSHDATA(20)[d089f54f46f3a7e6841d288c209e51cb51748636] EQUALVERIFY CHECKSIG
06:07:56 [DefaultDispatcher-worker-10] WalletTransactionMetadataProvider - metadata: TxOut of 1.00 DASH to ybQY7CiNcjs4kBM5VNWBHSF5yBTRqRpsQD script:DUP HASH160 PUSHDATA(20)[a5805b3258d7c558b56a4ba0f0259c7be5ccf9cb] EQUALVERIFY CHECKSIG
06:07:56 [DefaultDispatcher-worker-11] WalletTransactionMetadataProvider - metadata: TxOut of 0.04997788 DASH to ybgHeEUj1tL44Xd3zVoxwXNbHKpGaeAbvB script:DUP HASH160 PUSHDATA(20)[a87aefd5ea018340c4ce1c5daab88b713d98d7a4] EQUALVERIFY CHECKSIG
06:07:56 [DefaultDispatcher-worker-11] WalletTransactionMetadataProvider - metadata: TxOut of 0.20 DASH to ySo6TPETgwAPqX3BszvyRjj75UV3f3L6yd script:DUP HASH160 PUSHDATA(20)[470b60c834435f2caa12390036a603cd99c5e6c3] EQUALVERIFY CHECKSIG
06:07:56 [DefaultDispatcher-worker-11] WalletTransactionMetadataProvider - metadata: TxOut of 0.011 DASH to yNKRX7dWTC75yk1DJjPp8J4Vurm1Ga6bTf script:DUP HASH160 PUSHDATA(20)[15ef245fed9d6661f1c7d212c3c3cf86c3f079ea] EQUALVERIFY CHECKSIG
06:07:56 [DefaultDispatcher-worker-11] WalletTransactionMetadataProvider - metadata: TxOut of 0.42921939 DASH to yPwzKhA1uFCG9ED6mv9KdsdkgH6ggtmUok script:DUP HASH160 PUSHDATA(20)[27d1a007e470a94695ac44e1f4b51d672d23e24f] EQUALVERIFY CHECKSIG
06:07:56 [DefaultDispatcher-worker-10] WalletTransactionMetadataProvider - metadata: TxOut of 5.42418414 DASH to yTZBXqsJU1gofBUpiQayetrS65MJkTK6uw script:DUP HASH160 PUSHDATA(20)[4f61eb187b1ee7fa3125f11cb4fe1682fa27afa7] EQUALVERIFY CHECKSIG
06:07:56 [DefaultDispatcher-worker-10] WalletTransactionMetadataProvider - metadata: TxOut of 714.03162466 DASH to yV67ZXkDpgtSocRW2AEjk7mZv9af8pZF2m script:DUP HASH160 PUSHDATA(20)[60339fcb695736c69c077fec87c6179c2e3809e1] EQUALVERIFY CHECKSIG
06:07:56 [DefaultDispatcher-worker-10] WalletTransactionMetadataProvider - metadata: TxOut of 0.01 DASH (unknown type) script:RETURN PUSHDATA(20)[d326288b08a9a09098bd492e43c8a1bb87448d16]
06:07:56 [DefaultDispatcher-worker-7] WalletTransactionMetadataProvider - metadata: TxOut of 0.00100001 DASH to yRn8C7HyxbFJDtMcaYVRs3hPxJfFXmP4tH script:DUP HASH160 PUSHDATA(20)[3be44936447bef8cf0ea42342f0f07afda5e5c9a] EQUALVERIFY CHECKSIG
06:07:56 [DefaultDispatcher-worker-7] WalletTransactionMetadataProvider - metadata: TxOut of 0.00100001 DASH to yTH9yhFJjgioZj1aHR1CGG3w5VRCWpdGFA script:DUP HASH160 PUSHDATA(20)[4c59f72b095cc1ec5515257aa9255fa21f4333d8] EQUALVERIFY CHECKSIG
06:07:56 [DefaultDispatcher-worker-10] WalletTransactionMetadataProvider - metadata: TxOut of 0.00100001 DASH to yTWq7ifeXtqz3CM26WZtzgaZidWEM6Ndhn script:DUP HASH160 PUSHDATA(20)[4ef00b47390c793bfbe120beb7236e1e24c5229b] EQUALVERIFY CHECKSIG
06:07:56 [DefaultDispatcher-worker-10] WalletTransactionMetadataProvider - metadata: TxOut of 0.00100001 DASH to yTijxKKqHkdU4s17gJatma1KF1Lt5ws1jy script:DUP HASH160 PUSHDATA(20)[5130b9fad5a7d0c125174cfd783bd05376b6134c] EQUALVERIFY CHECKSIG
06:07:56 [DefaultDispatcher-worker-10] WalletTransactionMetadataProvider - metadata: TxOut of 0.00100001 DASH to yUGmZPS1s23DU3t1sPBGhrfFh6NYGhKEba script:DUP HASH160 PUSHDATA(20)[573f6074137e2f174ad3b2c5558509b64656fb6e] EQUALVERIFY CHECKSIG
06:07:56 [DefaultDispatcher-worker-10] WalletTransactionMetadataProvider - metadata: TxOut of 0.00100001 DASH to yXyG2LkSTf4vaegq8PGRq4GF3uHgJWfR29 script:DUP HASH160 PUSHDATA(20)[7fd0275bdfb0bd65e093782946fd21447a293be6] EQUALVERIFY CHECKSIG
06:07:56 [DefaultDispatcher-worker-10] WalletTransactionMetadataProvider - metadata: TxOut of 0.00100001 DASH to yY5guLN6qr9mwpCAcWhxdCzDVJ5k3s6eA9 script:DUP HASH160 PUSHDATA(20)[81076ae95a88b78b811da43705d550699970eba4] EQUALVERIFY CHECKSIG
06:07:56 [DefaultDispatcher-worker-10] WalletTransactionMetadataProvider - metadata: TxOut of 0.00100001 DASH to yYGyJSWAjMs1GQw5hB8fprrJ7uQNfm2KfA script:DUP HASH160 PUSHDATA(20)[8329ae8f94753972ee87b44295fb2757dde4b08f] EQUALVERIFY CHECKSIG
06:07:56 [DefaultDispatcher-worker-10] WalletTransactionMetadataProvider - metadata: TxOut of 0.00100001 DASH to yZXFuqobFRavhbZThEDuZEArfZxw3MzDX5 script:DUP HASH160 PUSHDATA(20)[90d57f2c4c609b6e3922d83803eb0d6cba66ef01] EQUALVERIFY CHECKSIG
06:07:56 [DefaultDispatcher-worker-10] WalletTransactionMetadataProvider - metadata: TxOut of 0.00100001 DASH to yZcm9USHWwhb5MPjPErqSzo5FoYaiYxpsJ script:DUP HASH160 PUSHDATA(20)[91dffb127966644e9ad0dc0183fc2b59136623ce] EQUALVERIFY CHECKSIG
06:07:56 [DefaultDispatcher-worker-7] WalletTransactionMetadataProvider - metadata: TxOut of 0.00100001 DASH to ycp9QwyHNcCP5WrkiL5ffRzs7kzkBGyREm script:DUP HASH160 PUSHDATA(20)[b4ef85652c25685f4d176827e99436ca291d2d34] EQUALVERIFY CHECKSIG
06:07:56 [DefaultDispatcher-worker-10] WalletTransactionMetadataProvider - metadata: TxOut of 0.00100001 DASH to ydvvEqjc4mjrmh7KUfrrW8G7ouTTT9J9k7 script:DUP HASH160 PUSHDATA(20)[c12f8faf2bbf5ca843eda3efe32583030228eceb] EQUALVERIFY CHECKSIG
06:07:56 [DefaultDispatcher-worker-10] WalletTransactionMetadataProvider - metadata: TxOut of 0.00100001 DASH to yeYbRW12uWXxPbYVNNtJzLR2j8suGXSEjB script:DUP HASH160 PUSHDATA(20)[c7eed4336276d2fe4d682fddbba3f4a41e9159ec] EQUALVERIFY CHECKSIG
06:07:56 [DefaultDispatcher-worker-7] WalletTransactionMetadataProvider - metadata: TxOut of 0.00100001 DASH to yfyJ1cTFoFU9mff5q3de4sneNihBvcW1wF script:DUP HASH160 PUSHDATA(20)[d792d1ac5b19ad65764d69b2be04f9c1dcd32f3d] EQUALVERIFY CHECKSIG
06:07:56 [DefaultDispatcher-worker-10] WalletTransactionMetadataProvider - metadata: TxOut of 0.00100001 DASH to ygtyoD434qEbQMiW15rPWxGeH1VxkkaDZx script:DUP HASH160 PUSHDATA(20)[e1ba13aa19f272cf279387d5882ba176306f85bf] EQUALVERIFY CHECKSIG
06:07:56 [DefaultDispatcher-worker-7] WalletTransactionMetadataProvider - metadata: TxOut of 0.100001 DASH to yTMv1RxYGkSvZpvjnL3E7w8knFWgZZuN85 script:DUP HASH160 PUSHDATA(20)[4d4062396d6b09e47bc000ed581288fe3e330e25] EQUALVERIFY CHECKSIG
06:07:56 [DefaultDispatcher-worker-7] WalletTransactionMetadataProvider - metadata: TxOut of 0.100001 DASH to yUpKjtoCK7NaoJzKtnegPQiBmfk7EK6FRV script:DUP HASH160 PUSHDATA(20)[5d372292c4ee03ad1c0499e0de2017e3b05bed11] EQUALVERIFY CHECKSIG
06:07:56 [DefaultDispatcher-worker-7] WalletTransactionMetadataProvider - metadata: TxOut of 0.100001 DASH to yVkGDEN53acUz4612sAnTHmE4g1ePAd92c script:DUP HASH160 PUSHDATA(20)[676aa6c292141d6589dc383ad56bd4dd6a0fcfb2] EQUALVERIFY CHECKSIG
06:07:56 [DefaultDispatcher-worker-7] WalletTransactionMetadataProvider - metadata: TxOut of 0.100001 DASH to yVwXqJM46mYTEi4qmrehNVgwZH3Y91SBJh script:DUP HASH160 PUSHDATA(20)[698c4478df9f0881bcb6674b639fde2187213dba] EQUALVERIFY CHECKSIG
06:07:56 [DefaultDispatcher-worker-7] WalletTransactionMetadataProvider - metadata: TxOut of 0.100001 DASH to yWp9MEq3yXaHftq3T9aYCnMF8Z51DYxJmK script:DUP HASH160 PUSHDATA(20)[731eb68641756fcbafb6e84b84b13d90cf7fc52d] EQUALVERIFY CHECKSIG
06:07:56 [DefaultDispatcher-worker-11] WalletTransactionMetadataProvider - metadata: TxOut of 0.100001 DASH to yh3NrEsK1Vq1EW9Vmomnw7eFGETZzgNjZP script:DUP HASH160 PUSHDATA(20)[e350a5c71978734093d010acece6e02de8b59198] EQUALVERIFY CHECKSIG
06:07:56 [DefaultDispatcher-worker-10] WalletTransactionMetadataProvider - metadata: TxOut of 0.100001 DASH to ySdHtXz1vdJ3oQtkESUrL5m7NaoDsZD9sT script:DUP HASH160 PUSHDATA(20)[4530c343f24850ec045df80f46c238eed1eaaa3f] EQUALVERIFY CHECKSIG
06:07:56 [DefaultDispatcher-worker-10] WalletTransactionMetadataProvider - metadata: TxOut of 0.100001 DASH to yT1CYj1qjWJSdktedYDiTTAYBAubJaAN2n script:DUP HASH160 PUSHDATA(20)[4955747bdb5a0eb8317f6af1a81df3b1a11ec115] EQUALVERIFY CHECKSIG
06:07:56 [DefaultDispatcher-worker-7] WalletTransactionMetadataProvider - metadata: TxOut of 0.100001 DASH to yXvqZFNrBdF2XR62ha5iDYTE9S2W8bhUCa script:DUP HASH160 PUSHDATA(20)[7f5ae5cfe807469e3865dd13c1001f5d782780c6] EQUALVERIFY CHECKSIG
06:07:56 [DefaultDispatcher-worker-7] WalletTransactionMetadataProvider - metadata: TxOut of 0.100001 DASH to ydyGRF4X2KaGYoTBLBAFBu7oHhT2FXT1H9 script:DUP HASH160 PUSHDATA(20)[c1a13cf199003292796a4ccf6405ea6a6b88129a] EQUALVERIFY CHECKSIG
06:07:56 [DefaultDispatcher-worker-7] WalletTransactionMetadataProvider - metadata: TxOut of 0.00 DASH (unknown type) script:RETURN
06:07:56 [DefaultDispatcher-worker-8] WalletTransactionMetadataProvider - metadata: TxOut of 0.00100001 DASH to yQnCog6RvQ61ts5WxqKxX3nqzFnL7NTdpG script:DUP HASH160 PUSHDATA(20)[30f002d7c680ebb85ff4fe7eb82f4bb4d40a713b] EQUALVERIFY CHECKSIG
06:07:56 [DefaultDispatcher-worker-11] WalletTransactionMetadataProvider - metadata: TxOut of 0.00100001 DASH to yUsmGwKsAAVvyLR1x7pXP3Vw5U8wsRvvxv script:DUP HASH160 PUSHDATA(20)[5dddb2dc8a56c018f2d1c1b062b66cb60b810d12] EQUALVERIFY CHECKSIG
06:07:56 [DefaultDispatcher-worker-11] WalletTransactionMetadataProvider - metadata: TxOut of 0.00100001 DASH to yZJtRSwCimoJbsdz6Xe9pB15WjDLBpPBRH script:DUP HASH160 PUSHDATA(20)[8e7e910ff3b7aad25aebd242321fe5c3c5f42a79] EQUALVERIFY CHECKSIG
06:07:56 [DefaultDispatcher-worker-8] WalletTransactionMetadataProvider - metadata: TxOut of 0.00100001 DASH to yiCNK32J5uDtHzQt8HzJuY124FfqkAPk7P script:DUP HASH160 PUSHDATA(20)[effc11624b8891dd4d5d511dc8995e682d5303bf] EQUALVERIFY CHECKSIG
06:07:56 [DefaultDispatcher-worker-2] WalletTransactionMetadataProvider - metadata: TxOut of 0.00100001 DASH to yTj6tVmNchKScFM3Vxo9gqnekY7tpUDX5a script:DUP HASH160 PUSHDATA(20)[5142339065c3d4a4d83e7c0946ecef1ddf1adfed] EQUALVERIFY CHECKSIG
06:07:56 [DefaultDispatcher-worker-12] WalletTransactionMetadataProvider - metadata: TxOut of 0.00100001 DASH to yUDP2tj7CX7Qs68ZcSs7c2yCaVS8x95ztz script:DUP HASH160 PUSHDATA(20)[569b5347eca3bebba53c5593e3f4f8d71c426385] EQUALVERIFY CHECKSIG
06:07:56 [DefaultDispatcher-worker-12] WalletTransactionMetadataProvider - metadata: TxOut of 0.00100001 DASH to yWLF2vraB3kUyYyX9sz1JHgbh35aHubuuf script:DUP HASH160 PUSHDATA(20)[6dd7cfa2fe76c30963928f252b65f78ac5dddd71] EQUALVERIFY CHECKSIG
06:07:56 [DefaultDispatcher-worker-12] WalletTransactionMetadataProvider - metadata: TxOut of 0.00100001 DASH to yeNXBxYasExmNMTgrXi8h4W64frJ1wHWgD script:DUP HASH160 PUSHDATA(20)[c60722a67aa1183a2a47c0212f920caac3203fba] EQUALVERIFY CHECKSIG
06:07:56 [DefaultDispatcher-worker-2] WalletTransactionMetadataProvider - metadata: TxOut of 0.00100001 DASH to yek46CeXR4xcxnppYGq6Cj4nHsR2mmffnQ script:DUP HASH160 PUSHDATA(20)[ca19aa4a0b5b9785a37ad3f672cd0303af82583e] EQUALVERIFY CHECKSIG
06:07:56 [DefaultDispatcher-worker-2] WalletTransactionMetadataProvider - metadata: TxOut of 0.00100001 DASH to yXpf2hZeVqsxi1udpqegnMydBi8GYfJG6d script:DUP HASH160 PUSHDATA(20)[7e2f9d5c292b20608dcbb2b56165d955003885d5] EQUALVERIFY CHECKSIG
06:07:56 [DefaultDispatcher-worker-2] WalletTransactionMetadataProvider - metadata: TxOut of 0.00100001 DASH to yftKPtX1senNSRR5oDUFjqJKHc69yzCzzn script:DUP HASH160 PUSHDATA(20)[d6a1e504c374ea3c855271a23197f1498c009738] EQUALVERIFY CHECKSIG
06:07:56 [DefaultDispatcher-worker-2] WalletTransactionMetadataProvider - metadata: TxOut of 0.00100001 DASH to yjPeiXyhMvgPP812kBk2xVTaHP1KX82qR2 script:DUP HASH160 PUSHDATA(20)[fd1676aeee795c4d7d8b7af4002e1549204323ca] EQUALVERIFY CHECKSIG
06:07:56 [DefaultDispatcher-worker-7] WalletTransactionMetadataProvider - metadata: TxOut of 0.00100001 DASH to yPo9tLenbEYqnHnF4mRLzSFcefVwZz6TM6 script:DUP HASH160 PUSHDATA(20)[2625dd38b50c0a899e5a87e680b28c8d77b9680f] EQUALVERIFY CHECKSIG
06:07:56 [DefaultDispatcher-worker-7] WalletTransactionMetadataProvider - metadata: TxOut of 0.00100001 DASH to yQWqMwo23BpQzuoZJ5cC78XBoYvpLtMdUy script:DUP HASH160 PUSHDATA(20)[2e07df17ab2ec9e6a32cea7d2ab434b22418bf08] EQUALVERIFY CHECKSIG
06:07:56 [DefaultDispatcher-worker-7] WalletTransactionMetadataProvider - metadata: TxOut of 0.00100001 DASH to yWqxJvWFn1QFTBQX6v9oFqxSMMNPhNWZHD script:DUP HASH160 PUSHDATA(20)[7376544917a7348fed26cde688f1e3041bb3a331] EQUALVERIFY CHECKSIG
06:07:56 [DefaultDispatcher-worker-7] WalletTransactionMetadataProvider - metadata: TxOut of 0.00100001 DASH to yctjy2V6SER6YiVpAuStzqR1MkhnxpBd4t script:DUP HASH160 PUSHDATA(20)[b5ce074332d4dd7f9321a9dc3f8b6719bbe624c5] EQUALVERIFY CHECKSIG
06:07:56 [DefaultDispatcher-worker-2] WalletTransactionMetadataProvider - metadata: TxOut of 0.50 DASH to ygCtAkSaupADfwbmGLyyLK6m6HpDgELCiL script:DUP HASH160 PUSHDATA(20)[da24bd65188e5dfa31d8809b8188f965acb9c047] EQUALVERIFY CHECKSIG
06:07:56 [DefaultDispatcher-worker-2] WalletTransactionMetadataProvider - metadata: TxOut of 10.49999773 DASH to ygAUd6Hs5MaKYFLUpvotE8mVcC2K649ff9 script:DUP HASH160 PUSHDATA(20)[d9b040b9e666c17c1eeec3b827603310a398ee75] EQUALVERIFY CHECKSIG
06:07:56 [DefaultDispatcher-worker-7] WalletTransactionMetadataProvider - metadata: TxOut of 0.00100001 DASH to yaaNy99JKSkx83DuLZGevHnv3kubff41WK script:DUP HASH160 PUSHDATA(20)[9c64c2df9b7cb7c1ed802e04088697bdfcf42a7c] EQUALVERIFY CHECKSIG
06:07:56 [DefaultDispatcher-worker-7] WalletTransactionMetadataProvider - metadata: TxOut of 0.00100001 DASH to yeCiM92qjvizFenSFrcPtfmmJymJbXAXxN script:DUP HASH160 PUSHDATA(20)[c42c4a4af41945ea6289fdcfe4f078fb9ff1b392] EQUALVERIFY CHECKSIG
06:07:56 [DefaultDispatcher-worker-2] WalletTransactionMetadataProvider - metadata: TxOut of 0.00100001 DASH to yjbzR6cjabqzkN3KfV9ZhnXy86ospEFVpQ script:DUP HASH160 PUSHDATA(20)[ff6be63b63e1ef5f1d87189161597619471ffc85] EQUALVERIFY CHECKSIG
06:07:56 [DefaultDispatcher-worker-10] WalletTransactionMetadataProvider - metadata: TxOut of 0.01 DASH to yYRQbMgBgPJQvZvMKNqNXtuGt3DG9BHDkz script:DUP HASH160 PUSHDATA(20)[84c21f3b04792a9b59707d168f65811d87150dff] EQUALVERIFY CHECKSIG
06:07:56 [DefaultDispatcher-worker-10] WalletTransactionMetadataProvider - metadata: TxOut of 0.01999322 DASH to yZqQkgSCGPZBVVZbry79Dc1ngbC4EubXms script:DUP HASH160 PUSHDATA(20)[94445d73bd78f756861000c5454356eb513c8620] EQUALVERIFY CHECKSIG
06:07:56 [DefaultDispatcher-worker-11] WalletTransactionMetadataProvider - metadata: TxOut of 0.100001 DASH to yRu5xXNtJe9m1ndNCWvN4oxXt9CiLP5r1Z script:DUP HASH160 PUSHDATA(20)[3d35552ac8232b824fdc80fccc8c2f0c459a6878] EQUALVERIFY CHECKSIG
06:07:56 [DefaultDispatcher-worker-11] WalletTransactionMetadataProvider - metadata: TxOut of 0.100001 DASH to yaJxGBgZHJeuKWsFEPHTERA5KwfgVy2C3h script:DUP HASH160 PUSHDATA(20)[9979e5ed189debed8d76dd9282ab0a9e669222e5] EQUALVERIFY CHECKSIG
06:07:56 [DefaultDispatcher-worker-11] WalletTransactionMetadataProvider - metadata: TxOut of 0.100001 DASH to yiXMvjutMrUQJR8AMJFcPE69zrP8MGucAz script:DUP HASH160 PUSHDATA(20)[f393a67a2f7ee405062c18d576af387a5bf3f15a] EQUALVERIFY CHECKSIG
06:07:56 [DefaultDispatcher-worker-10] WalletTransactionMetadataProvider - metadata: TxOut of 747.19771908 DASH to ygR12nkLxWQRFe8RXyw4CxqfstRy9wwCZB script:DUP HASH160 PUSHDATA(20)[dc6f75c9652a5ff6efe6475bd7f9a7449e62d4a5] EQUALVERIFY CHECKSIG
06:07:56 [DefaultDispatcher-worker-10] WalletTransactionMetadataProvider - metadata: TxOut of 1.00 DASH to ybm7Z6Q1ptfC41Qg8RrVxq5D9HD4PerENa script:DUP HASH160 PUSHDATA(20)[a9649859c7e464936feee94a2a73d546d25f71d4] EQUALVERIFY CHECKSIG
06:07:56 [DefaultDispatcher-worker-11] WalletTransactionMetadataProvider - metadata: TxOut of 0.011 DASH to yPorQRP3NSGy6Sdf6fwm1c3m8NDYxSAr4t script:DUP HASH160 PUSHDATA(20)[2647affa15796aeb432da5065d72aa7e986bca09] EQUALVERIFY CHECKSIG
06:07:56 [DefaultDispatcher-worker-11] WalletTransactionMetadataProvider - metadata: TxOut of 81.85051324 DASH to yQ9kKvEdDChAivQTjsGPoEcH74ywvdDfJ9 script:DUP HASH160 PUSHDATA(20)[2a0aeeec7d0fb56cbfada3feef4463b1701bdb0c] EQUALVERIFY CHECKSIG
06:07:56 [DefaultDispatcher-worker-10] WalletTransactionMetadataProvider - metadata: TxOut of 0.00100001 DASH to yPduUact2MpzvJ55cjuit3Dy351DopK2oA script:DUP HASH160 PUSHDATA(20)[2466178893977930c19cdec4c7692776c4a61979] EQUALVERIFY CHECKSIG
06:07:56 [DefaultDispatcher-worker-10] WalletTransactionMetadataProvider - metadata: TxOut of 0.00100001 DASH to yXrjmm5oCCKMZqtrqMEFvtTta49oTKU35E script:DUP HASH160 PUSHDATA(20)[7e9467c78ce0ad2463615ffee2c20c7f7e8fdce8] EQUALVERIFY CHECKSIG
06:07:56 [DefaultDispatcher-worker-7] WalletTransactionMetadataProvider - metadata: TxOut of 0.00100001 DASH to yfkNQpeguST5WFtwac1NPFG2pSzTtvRq7x script:DUP HASH160 PUSHDATA(20)[d52115a9672d3bd1bd6e0bfea340f941df776805] EQUALVERIFY CHECKSIG
06:07:56 [DefaultDispatcher-worker-11] WalletTransactionMetadataProvider - metadata: TxOut of 0.00100001 DASH to yg5u7LvfpjBgspmC8kJEEqmRbMHydtwfBD script:DUP HASH160 PUSHDATA(20)[d8d29d246947bd563d556000415f9b0a5b715b17] EQUALVERIFY CHECKSIG
06:07:56 [DefaultDispatcher-worker-10] WalletTransactionMetadataProvider - metadata: TxOut of 3.00 DASH to yZdox8qBAbyzJVmz5eFUR8tgoCsX4JGbGu script:DUP HASH160 PUSHDATA(20)[9212bce0cd2dfa4ccdd8cb66e6ef8d1c49f6184d] EQUALVERIFY CHECKSIG
06:07:56 [DefaultDispatcher-worker-10] WalletTransactionMetadataProvider - metadata: TxOut of 0.99999624 DASH to ydpjbAD3ibQ2ReHmoQ1yruAnb1MquYubyH script:DUP HASH160 PUSHDATA(20)[c0042cf375da9713a9117dd0e1363861fa314ea6] EQUALVERIFY CHECKSIG
06:07:56 [DefaultDispatcher-worker-7] WalletTransactionMetadataProvider - metadata: TxOut of 3.45779566 DASH to ySo6TPETgwAPqX3BszvyRjj75UV3f3L6yd script:DUP HASH160 PUSHDATA(20)[470b60c834435f2caa12390036a603cd99c5e6c3] EQUALVERIFY CHECKSIG
06:07:56 [DefaultDispatcher-worker-10] WalletTransactionMetadataProvider - metadata: TxOut of 0.100001 DASH to yLnHSDPJEJXpgDAYExBQm7kabhQUhgjdMH script:DUP HASH160 PUSHDATA(20)[05135f75d9574d02aebc78eb3c1550a7ce6a2fd0] EQUALVERIFY CHECKSIG
06:07:56 [DefaultDispatcher-worker-10] WalletTransactionMetadataProvider - metadata: TxOut of 0.100001 DASH to yWZPMnrtmreWurxBs3dFRXS82iF1UDQhKf script:DUP HASH160 PUSHDATA(20)[70542b09dc419cd78d83b28223c4d0edf27538cf] EQUALVERIFY CHECKSIG
06:07:56 [DefaultDispatcher-worker-10] WalletTransactionMetadataProvider - metadata: TxOut of 0.100001 DASH to yf5rrdj2iFDUVzD5fyNz2a6hmGnTe7Xxum script:DUP HASH160 PUSHDATA(20)[cdd89b58902c3d1853a2039a892748e6bdb68f60] EQUALVERIFY CHECKSIG
06:07:56 [DefaultDispatcher-worker-12] WalletTransactionMetadataProvider - metadata: TxOut of 0.100001 DASH to yM5MT5vWynUsbyY4vRJVCmiG1FhEXxU1XJ script:DUP HASH160 PUSHDATA(20)[084dcbba88d3fff4ad6a95ab115c82fc926d7096] EQUALVERIFY CHECKSIG
06:07:56 [DefaultDispatcher-worker-12] WalletTransactionMetadataProvider - metadata: TxOut of 0.100001 DASH to yQuTKpWMk1ZZqYGDWLYPu9GEgAfRoRZa4F script:DUP HASH160 PUSHDATA(20)[324f0b163927e3feaf5717d913eb57a677cebecb] EQUALVERIFY CHECKSIG
06:07:56 [DefaultDispatcher-worker-12] WalletTransactionMetadataProvider - metadata: TxOut of 0.100001 DASH to yVnjUgN4bGvH18NJe5kTQvDqMMr5RTivQM script:DUP HASH160 PUSHDATA(20)[67e23e7f756623b48159cb2cc389bb6cbdbe1b69] EQUALVERIFY CHECKSIG
06:07:56 [DefaultDispatcher-worker-7] WalletTransactionMetadataProvider - metadata: TxOut of 0.100001 DASH to yYuCTNrccuk4uRs5ghqFFGfAGj22qndr5c script:DUP HASH160 PUSHDATA(20)[8a03a3114a57b2f650fd9246a1ee48792a04216e] EQUALVERIFY CHECKSIG
06:07:56 [DefaultDispatcher-worker-12] WalletTransactionMetadataProvider - metadata: TxOut of 0.100001 DASH to yfq7ZBJeHR4wFmttSxepokZrmfKcM8rscd script:DUP HASH160 PUSHDATA(20)[d606c368efc638f5c118f46017b720fb7782fa3f] EQUALVERIFY CHECKSIG
06:07:56 [DefaultDispatcher-worker-12] WalletTransactionMetadataProvider - metadata: TxOut of 0.0100001 DASH to yPpuD4iSwGNFADRZDbUZoA8M8KAEtpftMH script:DUP HASH160 PUSHDATA(20)[267a71b72bfd3efdc0c3ebd958d60199e5b55d4a] EQUALVERIFY CHECKSIG
06:07:56 [DefaultDispatcher-worker-12] WalletTransactionMetadataProvider - metadata: TxOut of 0.0100001 DASH to yfb75LstdzpPxchjEDXLGznrVLVTq7WmrE script:DUP HASH160 PUSHDATA(20)[d3608a0be2851f8bb8f8ddadeb11d9507021d307] EQUALVERIFY CHECKSIG
06:07:56 [DefaultDispatcher-worker-6] WalletTransactionMetadataProvider - metadata: TxOut of 0.0100001 DASH to yiizQFmaGojmDY9HzUGLnB4R1M84gvSs4s script:DUP HASH160 PUSHDATA(20)[f5c6ac54f2c91ac97ebf5a8aa0a756a303b10aa7] EQUALVERIFY CHECKSIG
06:07:56 [DefaultDispatcher-worker-7] WalletTransactionMetadataProvider - metadata: TxOut of 0.0100001 DASH to yj493mq6vieFA29JvnLJ47CTk5jmcSnhSs script:DUP HASH160 PUSHDATA(20)[f965cb6374f2cbeae7460d6edcf5aea742ae3bc3] EQUALVERIFY CHECKSIG
06:07:56 [DefaultDispatcher-worker-7] WalletTransactionMetadataProvider - metadata: TxOut of 0.00100001 DASH to yN66yFE9tRmDiMcejPAEFjjfdYq3xBqqF6 script:DUP HASH160 PUSHDATA(20)[136a4011c78b66208c7761a73c946b75dc117742] EQUALVERIFY CHECKSIG
06:07:56 [DefaultDispatcher-worker-7] WalletTransactionMetadataProvider - metadata: TxOut of 0.00100001 DASH to yR3Z4dpDQ3SBg1M1sKduxDx3aJJyfLpukk script:DUP HASH160 PUSHDATA(20)[33d72938055bab8395e594a7528e5e09ea562e5a] EQUALVERIFY CHECKSIG
06:07:56 [DefaultDispatcher-worker-7] WalletTransactionMetadataProvider - metadata: TxOut of 0.00100001 DASH to yVBLNPGN6qy915jT6mV7TvJWELHJXKdpzd script:DUP HASH160 PUSHDATA(20)[6130653b8611dfcb898c37c70c869724ef11a335] EQUALVERIFY CHECKSIG
06:07:56 [DefaultDispatcher-worker-10] WalletTransactionMetadataProvider - metadata: TxOut of 0.00100001 DASH to yXeCwyrGoPAvwFNTHqNh45aqqkXYui1Bgg script:DUP HASH160 PUSHDATA(20)[7c35aef610bf446596a77837e4dd694eb05853a9] EQUALVERIFY CHECKSIG
06:07:56 [DefaultDispatcher-worker-10] WalletTransactionMetadataProvider - metadata: TxOut of 0.00100001 DASH to yXgVX76wgg1G6MgSfyzhJuuH5CPsdvvUv7 script:DUP HASH160 PUSHDATA(20)[7ca459265934668708caedd24f226f0716422271] EQUALVERIFY CHECKSIG
06:07:56 [DefaultDispatcher-worker-10] WalletTransactionMetadataProvider - metadata: TxOut of 0.00100001 DASH to yXujju69ok3pjhL46x3edMQ3MUg1pjDdZF script:DUP HASH160 PUSHDATA(20)[7f25a060ba0a883768fd7bb63723454fbc0b6cf1] EQUALVERIFY CHECKSIG
06:07:56 [DefaultDispatcher-worker-7] WalletTransactionMetadataProvider - metadata: TxOut of 0.00100001 DASH to yb8VoGkW8EShr9Uqvqoy7txnhyPyUUh2K8 script:DUP HASH160 PUSHDATA(20)[a277c5f51bb7efdd3d629aedb9ec3c41637885b6] EQUALVERIFY CHECKSIG
06:07:56 [DefaultDispatcher-worker-10] WalletTransactionMetadataProvider - metadata: TxOut of 0.00100001 DASH to ycN6NuGnEt9TcGj7E89BBuJse4rE3vN9ab script:DUP HASH160 PUSHDATA(20)[b0022c1e7e275a001c9b49399d819854eef2fc41] EQUALVERIFY CHECKSIG
06:07:56 [DefaultDispatcher-worker-10] WalletTransactionMetadataProvider - metadata: TxOut of 0.00100001 DASH to ydSgP7A6GEcouYpMQ3RXqSzpUYfzaQysnQ script:DUP HASH160 PUSHDATA(20)[bbd858c0be66ba0794aa26a783ad822f46dcafcd] EQUALVERIFY CHECKSIG
06:07:56 [DefaultDispatcher-worker-10] WalletTransactionMetadataProvider - metadata: TxOut of 0.00100001 DASH to yeWXr42DedM4GPM3BMU16xC71psD4ALRbf script:DUP HASH160 PUSHDATA(20)[c78b02e5a20fb759d9466f174e7e84a9930b26fa] EQUALVERIFY CHECKSIG
06:07:56 [DefaultDispatcher-worker-11] WalletTransactionMetadataProvider - metadata: TxOut of 0.00100001 DASH to yej1hDyguasebS8Bhqa1iLtxPRzVrpswDb script:DUP HASH160 PUSHDATA(20)[c9e73fbfc6f9e9446f0315157f3afedf517ea25b] EQUALVERIFY CHECKSIG
06:07:56 [DefaultDispatcher-worker-11] WalletTransactionMetadataProvider - metadata: TxOut of 0.00100001 DASH to yfwG2kxg2cxBsB7Rj5f5N29hMinCemhNV1 script:DUP HASH160 PUSHDATA(20)[d730558795437e5314d857d3ff195c95fd12d5aa] EQUALVERIFY CHECKSIG
06:07:56 [DefaultDispatcher-worker-11] WalletTransactionMetadataProvider - metadata: TxOut of 0.00100001 DASH to yh37WbreSD6iuX2zGxMr57on1coFxNQm6V script:DUP HASH160 PUSHDATA(20)[e343d7f393f2a11b5c2e3dc21b936d7eb39a94fc] EQUALVERIFY CHECKSIG
06:07:56 [DefaultDispatcher-worker-7] WalletTransactionMetadataProvider - metadata: TxOut of 0.100001 DASH to yPoJPHfHgdDSTqJigHN2DzfKLZeDDCmaZb script:DUP HASH160 PUSHDATA(20)[262cf576fdec493e4c3198d53870805c1b4814fd] EQUALVERIFY CHECKSIG
06:07:56 [DefaultDispatcher-worker-11] WalletTransactionMetadataProvider - metadata: TxOut of 0.100001 DASH to yRKAp23qvfy6KAUKm1zLfBrwK4UwKPwGNy script:DUP HASH160 PUSHDATA(20)[36cb3dc987721df3f85357824abb91534161e34b] EQUALVERIFY CHECKSIG
06:07:56 [DefaultDispatcher-worker-11] WalletTransactionMetadataProvider - metadata: TxOut of 0.100001 DASH to yabjAnxyApxetKZKA86vcJRumcH7dZU5uS script:DUP HASH160 PUSHDATA(20)[9ca60a40848dabb68d38cc6f19f83598f370b520] EQUALVERIFY CHECKSIG
06:07:56 [DefaultDispatcher-worker-7] WalletTransactionMetadataProvider - metadata: TxOut of 0.100001 DASH to ycUTejKsftmguHySSKe7PSsVujN1WtnP6g script:DUP HASH160 PUSHDATA(20)[b1366d03b93e5a4de3547521584aebb69f40e6ee] EQUALVERIFY CHECKSIG
06:07:56 [DefaultDispatcher-worker-7] WalletTransactionMetadataProvider - metadata: TxOut of 0.00 DASH (unknown type) script:RETURN
06:07:56 [DefaultDispatcher-worker-10] WalletTransactionMetadataProvider - metadata: TxOut of 0.00020016 DASH to yNgiECmUAQUZELJfA8V8EsMCB1XGc7h7Ey script:DUP HASH160 PUSHDATA(20)[19f5d3248566ab5218f75352a2e0f0ff8f70c8df] EQUALVERIFY CHECKSIG
06:07:56 [DefaultDispatcher-worker-7] WalletTransactionMetadataProvider - metadata: TxOut of 0.26999031 DASH to ydv8EJTs9JgwBo9ntZAbVJDZtXTxUdtZor script:DUP HASH160 PUSHDATA(20)[c10927968666d660c05406ace1ed1a4ac612e3be] EQUALVERIFY CHECKSIG
06:07:56 [DefaultDispatcher-worker-7] WalletTransactionMetadataProvider - metadata: TxOut of 0.00100001 DASH to yMh1Ryh7S7EksXbVRkLt1VTwJAF3AbThUH script:DUP HASH160 PUSHDATA(20)[0f0c0f310319df7d58df08d36aae7d701da2ca7c] EQUALVERIFY CHECKSIG
06:07:56 [DefaultDispatcher-worker-7] WalletTransactionMetadataProvider - metadata: TxOut of 0.00100001 DASH to yUYdWAv1isy4TaoSokg82WQxxHkwSxec4H script:DUP HASH160 PUSHDATA(20)[5a3f4eccd33f0c15be33d1361b0d49dc3952f5b9] EQUALVERIFY CHECKSIG
06:07:56 [DefaultDispatcher-worker-7] WalletTransactionMetadataProvider - metadata: TxOut of 0.00100001 DASH to yhUZfMQEgi2WHi4VEB9isPscyyGwPGGRqP script:DUP HASH160 PUSHDATA(20)[e814127f687016dd0dafe0ec96b2dbadd72a0b76] EQUALVERIFY CHECKSIG
06:07:56 [DefaultDispatcher-worker-10] WalletTransactionMetadataProvider - metadata: TxOut of 0.00100001 DASH to yMWSds6WrfvuAFmNUM7wMzbw1UeJLWeAxk script:DUP HASH160 PUSHDATA(20)[0d0c86169e8ac35b926cb2724809676cff3bb97c] EQUALVERIFY CHECKSIG
06:07:56 [DefaultDispatcher-worker-8] WalletTransactionMetadataProvider - metadata: TxOut of 0.00100001 DASH to yUFNWYk4Eo39SfV1q311Jzv21s7HZkqGqc script:DUP HASH160 PUSHDATA(20)[56fbb87351801eae2f5fc2cbd4fe82b353be188e] EQUALVERIFY CHECKSIG
06:07:56 [DefaultDispatcher-worker-11] WalletTransactionMetadataProvider - metadata: TxOut of 0.00100001 DASH to yYfUdsVyLTTaYGKWGSSz1NaKiYYhtVUcyJ script:DUP HASH160 PUSHDATA(20)[876b5217dc3db1192fd1a97f61f0f6f516b05058] EQUALVERIFY CHECKSIG
06:07:56 [DefaultDispatcher-worker-11] WalletTransactionMetadataProvider - metadata: TxOut of 0.00100001 DASH to ycVGR4RoUDggzaGLrPBTe2G2RBDygPdA5c script:DUP HASH160 PUSHDATA(20)[b15d76741a2e89b98043371335566482307711f4] EQUALVERIFY CHECKSIG
06:07:56 [DefaultDispatcher-worker-10] WalletTransactionMetadataProvider - metadata: TxOut of 0.00100001 DASH to yjGrifx2TMSDR3Q7JTT1cTiCayN7wf7g74 script:DUP HASH160 PUSHDATA(20)[fbcd9229a209c9fad1e8f98267fd6879cce8ec02] EQUALVERIFY CHECKSIG
06:07:56 [DefaultDispatcher-worker-11] WalletTransactionMetadataProvider - metadata: TxOut of 0.02898699 DASH to ybBsqeWvBDfDEXHTKTCEuUKixHTLcNSxuK script:DUP HASH160 PUSHDATA(20)[a31b6b8646cb22756c1a5056afe1557b4177286c] EQUALVERIFY CHECKSIG
06:07:56 [DefaultDispatcher-worker-11] WalletTransactionMetadataProvider - metadata: TxOut of 2.9316 DASH to yguL7VjbFARexNY9LgWDQkaruYAaFM5dtn script:DUP HASH160 PUSHDATA(20)[e1cb0901496b1695c25256f4b7cb4fc69fcaf950] EQUALVERIFY CHECKSIG
06:07:56 [DefaultDispatcher-worker-11] WalletTransactionMetadataProvider - metadata: TxOut of 0.76959807 DASH to yNBXDFBM6ezC9kBuoCLM3Fe7WmZmx9C3Kd script:DUP HASH160 PUSHDATA(20)[147090d529df19ed49fa4a1edac08861d4b03c91] EQUALVERIFY CHECKSIG
06:07:56 [DefaultDispatcher-worker-11] WalletTransactionMetadataProvider - metadata: TxOut of 0.00020016 DASH to yNgiECmUAQUZELJfA8V8EsMCB1XGc7h7Ey script:DUP HASH160 PUSHDATA(20)[19f5d3248566ab5218f75352a2e0f0ff8f70c8df] EQUALVERIFY CHECKSIG
06:07:56 [DefaultDispatcher-worker-11] WalletTransactionMetadataProvider - metadata: TxOut of 0.00999799 DASH to ygQDDdRaVKr35oFnEDc6x55vgbswuasH1J script:DUP HASH160 PUSHDATA(20)[dc49379d14e0fa3d41f4f1792965c2c2cb3a83f8] EQUALVERIFY CHECKSIG
06:07:56 [DefaultDispatcher-worker-11] WalletTransactionMetadataProvider - metadata: TxOut of 1.2884 DASH to yWcaVhiPFfxx7ugWgLDRcQGf1XJGWXkcxd script:DUP HASH160 PUSHDATA(20)[70eeb653015337953caa06b2b19f6b298a9b102c] EQUALVERIFY CHECKSIG
06:07:56 [DefaultDispatcher-worker-11] WalletTransactionMetadataProvider - metadata: TxOut of 0.22 DASH to yQLZTHiu2vmZ6W4GevF6w2cScMjDvfvPML script:DUP HASH160 PUSHDATA(20)[2c166ebff9142ad2f74922feb88002bd0082c179] EQUALVERIFY CHECKSIG
06:07:56 [DefaultDispatcher-worker-11] WalletTransactionMetadataProvider - metadata: TxOut of 10.15204933 DASH to yWurErqsXf4fzcM7UMnNyWewLwFM5eLcHq script:DUP HASH160 PUSHDATA(20)[7432ed125e29ab9847398d357d50ad7edf47c88c] EQUALVERIFY CHECKSIG
06:07:56 [DefaultDispatcher-worker-10] WalletTransactionMetadataProvider - metadata: TxOut of 0.0100001 DASH to yS3YXgVqSKjZDYx5bHxK373jqSRQ2ES52c script:DUP HASH160 PUSHDATA(20)[3eced75f3be10aadb63975d4e6063cd40ad907f4] EQUALVERIFY CHECKSIG
06:07:56 [DefaultDispatcher-worker-11] WalletTransactionMetadataProvider - metadata: TxOut of 0.0100001 DASH to yVhT6FYWNEQiQVe7iFCTVRGTRiLWPQ56xR script:DUP HASH160 PUSHDATA(20)[66e27c437cad5ea6986e9f288a2068717ac5b86f] EQUALVERIFY CHECKSIG
06:07:56 [DefaultDispatcher-worker-11] WalletTransactionMetadataProvider - metadata: TxOut of 0.0100001 DASH to yejvVaFJ4nrMKALtb7bdAV7mHz1oVCCWXd script:DUP HASH160 PUSHDATA(20)[ca1352d1c1b446f1825a5aab3a31c498e825c126] EQUALVERIFY CHECKSIG
06:07:56 [DefaultDispatcher-worker-10] WalletTransactionMetadataProvider - metadata: TxOut of 0.0100001 DASH to yimnpD2eCkvSAZgT4WkXTUVfXqED3Zjoio script:DUP HASH160 PUSHDATA(20)[f64e3faaaea68dc7ba57c39949c7fe17edbcf5ef] EQUALVERIFY CHECKSIG
06:07:56 [DefaultDispatcher-worker-8] WalletTransactionMetadataProvider - metadata: TxOut of 0.0100001 DASH to yanpLseWBPmiJ6dPqwxFBU6JvAZjrfr9Yi script:DUP HASH160 PUSHDATA(20)[9ebeef3b8545d66e41aa6010142c1cd07d1cd058] EQUALVERIFY CHECKSIG
06:07:56 [DefaultDispatcher-worker-8] WalletTransactionMetadataProvider - metadata: TxOut of 0.0100001 DASH to yga67mQGwNWkxCCuKwUKyESQym4oeaZdNA script:DUP HASH160 PUSHDATA(20)[de2772fd55ea81a8c9e63d393a7393fdd2012c37] EQUALVERIFY CHECKSIG
06:07:56 [DefaultDispatcher-worker-8] WalletTransactionMetadataProvider - metadata: TxOut of 0.0100001 DASH to yhPdmv4xWpnU7xU19pDu4Y2vpdV7iTUWkq script:DUP HASH160 PUSHDATA(20)[e7256d0a68389fd683a3b2844080b845481cf37e] EQUALVERIFY CHECKSIG
06:07:56 [DefaultDispatcher-worker-8] WalletTransactionMetadataProvider - metadata: TxOut of 0.0100001 DASH to yhnTPYp1ex2YLhxApdPkZvbiL3X6F54SHU script:DUP HASH160 PUSHDATA(20)[eb7652d5c387f1781abc03cfcba6ba197e3b40d1] EQUALVERIFY CHECKSIG
06:07:56 [DefaultDispatcher-worker-10] WalletTransactionMetadataProvider - metadata: TxOut of 0.00100001 DASH to yQ38Qo7BN63ap8EXx1JHCw2xjDY5MF2nGp script:DUP HASH160 PUSHDATA(20)[28ca74d8b51611ee00809ae34928f6ac6e9692cd] EQUALVERIFY CHECKSIG
06:07:56 [DefaultDispatcher-worker-10] WalletTransactionMetadataProvider - metadata: TxOut of 0.00100001 DASH to yVCVKr2xbSDKgoU1vsyCaK37cKoNFfQSpw script:DUP HASH160 PUSHDATA(20)[616849a5f1e349df34ee6014a2ffb217b38ab6a6] EQUALVERIFY CHECKSIG
06:07:56 [DefaultDispatcher-worker-10] WalletTransactionMetadataProvider - metadata: TxOut of 0.00100001 DASH to yhMSPvjdqETMtB1q599yY1tkcsDZkJ8zVH script:DUP HASH160 PUSHDATA(20)[e6bb185fd0ed3ef82a77ab9f3482b7edda06ac68] EQUALVERIFY CHECKSIG
06:07:56 [DefaultDispatcher-worker-8] WalletTransactionMetadataProvider - metadata: TxOut of 0.100001 DASH to yRWsWhSwxxFGJYPukpNvSfiDkHGngysjXL script:DUP HASH160 PUSHDATA(20)[3901caf0196c9228bfb12b604db4da8a285603b3] EQUALVERIFY CHECKSIG
06:07:56 [DefaultDispatcher-worker-8] WalletTransactionMetadataProvider - metadata: TxOut of 0.100001 DASH to ySuftmTvCD6KvuDpwoTos4rC7ktKb9fZiu script:DUP HASH160 PUSHDATA(20)[4849c94214c88cd91ebdc1a96c808591d21cca7a] EQUALVERIFY CHECKSIG
06:07:56 [DefaultDispatcher-worker-8] WalletTransactionMetadataProvider - metadata: TxOut of 0.100001 DASH to yZEMiwHm9fCjhGkaWMXXT7jvoyvWfQTHak script:DUP HASH160 PUSHDATA(20)[8da346ea443e0393f7dd33980348142f1d3d0807] EQUALVERIFY CHECKSIG
06:07:56 [DefaultDispatcher-worker-8] WalletTransactionMetadataProvider - metadata: TxOut of 0.100001 DASH to yatohN6qoeYkRva73FMPb4NJqzhYZx1yqL script:DUP HASH160 PUSHDATA(20)[9fe0e3f2c3a6d7b53a20c2152ad5fb50eaeb3ffc] EQUALVERIFY CHECKSIG
06:07:56 [DefaultDispatcher-worker-10] WalletTransactionMetadataProvider - metadata: TxOut of 0.00100001 DASH to yQerTEn2Hkae7zt4gbzG7g1RBWCtiBm4Gd script:DUP HASH160 PUSHDATA(20)[2f8c1c2e6acf985eb196f02ce9ccebda26b78cf6] EQUALVERIFY CHECKSIG
06:07:56 [DefaultDispatcher-worker-8] WalletTransactionMetadataProvider - metadata: TxOut of 0.00100001 DASH to yhyJ4H7kdbspLqzDBLJC4PKNViQRSTK4Jj script:DUP HASH160 PUSHDATA(20)[ed831be64a43e5f46c502e4fad2658e6e904f67a] EQUALVERIFY CHECKSIG
06:07:56 [DefaultDispatcher-worker-7] WalletTransactionMetadataProvider - metadata: TxOut of 0.00100001 DASH to yja9Zt7Y3dea9R8pB8JSKJj1x24c6zTmJS script:DUP HASH160 PUSHDATA(20)[ff12b4e85c7ce883dde43f1b130acc307077652b] EQUALVERIFY CHECKSIG
06:07:56 [DefaultDispatcher-worker-8] WalletTransactionMetadataProvider - metadata: TxOut of 0.00100001 DASH to yQVnxtkKb6owwxxwNpwdu1zJHtoWYhRXZv script:DUP HASH160 PUSHDATA(20)[2dd5744638f260ab3a20a1705198137192d7393f] EQUALVERIFY CHECKSIG
06:07:56 [DefaultDispatcher-worker-8] WalletTransactionMetadataProvider - metadata: TxOut of 0.00100001 DASH to yXSR2t6RnayoeQEbdwK5GvD6csQjkC2SA6 script:DUP HASH160 PUSHDATA(20)[79fac78f44229b15a3710e14a60c72189f974b5a] EQUALVERIFY CHECKSIG
06:07:56 [DefaultDispatcher-worker-8] WalletTransactionMetadataProvider - metadata: TxOut of 0.00100001 DASH to yYUUxr3Mrw3AWAjGJK37Yx8uqbHPq2fhY3 script:DUP HASH160 PUSHDATA(20)[855704a81b210a3c3849fdc6bf8478fe0d8a3667] EQUALVERIFY CHECKSIG
06:07:56 [DefaultDispatcher-worker-7] WalletTransactionMetadataProvider - metadata: TxOut of 0.00100001 DASH to yduCzoAUgakPt6gxSLrzNFxjyxc1phPUok script:DUP HASH160 PUSHDATA(20)[c0dcb7d53622eb3e9eec73832f31519a788dff4f] EQUALVERIFY CHECKSIG
06:07:56 [DefaultDispatcher-worker-7] WalletTransactionMetadataProvider - metadata: TxOut of 0.00100001 DASH to yiS1M54CpxABJ22GrE6zZjQLcnCnvPW59Z script:DUP HASH160 PUSHDATA(20)[f2906407beb5fa40005ff7da054a7366b329c533] EQUALVERIFY CHECKSIG
06:07:56 [DefaultDispatcher-worker-7] WalletTransactionMetadataProvider - metadata: TxOut of 0.01 DASH to yhdcSiEctHa3f32javqAvBw4HDpZ38hVHP script:DUP HASH160 PUSHDATA(20)[e9ca2364b72630452fc32fe79d2d31f9e2791907] EQUALVERIFY CHECKSIG
06:07:56 [DefaultDispatcher-worker-7] WalletTransactionMetadataProvider - metadata: TxOut of 0.18999773 DASH to yfjrYFuJWNxtxoo6T9Vg4bQNzY5r4b51x6 script:DUP HASH160 PUSHDATA(20)[d508261da8c2e8651eeab745108f62f30e639de3] EQUALVERIFY CHECKSIG
06:07:56 [DefaultDispatcher-worker-7] WalletTransactionMetadataProvider - metadata: TxOut of 0.0100001 DASH to yLQCZZDRTPt5gWoZMNRwmsEeyD8g2XF3j2 script:DUP HASH160 PUSHDATA(20)[00e62752fdce76dcf1e8eac83d45604993b31012] EQUALVERIFY CHECKSIG
06:07:56 [DefaultDispatcher-worker-7] WalletTransactionMetadataProvider - metadata: TxOut of 0.0100001 DASH to yYfGZkd9xaejy5w4fz623j5zF8N9Zhhq7Y script:DUP HASH160 PUSHDATA(20)[87613e8ac9d598cc6715ba84e847597db49e2bcf] EQUALVERIFY CHECKSIG
06:07:56 [DefaultDispatcher-worker-7] WalletTransactionMetadataProvider - metadata: TxOut of 0.0100001 DASH to yarnBJqDzm2rMSBRsWNpcyp6VjAgkzxz6v script:DUP HASH160 PUSHDATA(20)[9f7eca896390902a256b93c0505208c70193b0d2] EQUALVERIFY CHECKSIG
06:07:56 [DefaultDispatcher-worker-7] WalletTransactionMetadataProvider - metadata: TxOut of 0.0100001 DASH to yhCGDyZpdo6fiEwxKcEq2EJZnnZbvdEUCi script:DUP HASH160 PUSHDATA(20)[e4fedc5a70274e1a12015bb92ce2a0f05db91073] EQUALVERIFY CHECKSIG
06:07:56 [DefaultDispatcher-worker-7] WalletTransactionMetadataProvider - metadata: TxOut of 0.0001 DASH to yWcaVhiPFfxx7ugWgLDRcQGf1XJGWXkcxd script:DUP HASH160 PUSHDATA(20)[70eeb653015337953caa06b2b19f6b298a9b102c] EQUALVERIFY CHECKSIG
06:07:56 [DefaultDispatcher-worker-7] WalletTransactionMetadataProvider - metadata: TxOut of 0.00728247 DASH to yhzxhndfGTibZkkJgN7c9t9SPphbavqx7q script:DUP HASH160 PUSHDATA(20)[edd3c91c5f952750cae7e42bdef4f1e3ee4cf33e] EQUALVERIFY CHECKSIG
06:07:56 [DefaultDispatcher-worker-7] WalletTransactionMetadataProvider - metadata: TxOut of 0.00100001 DASH to yPDFeFQxZ6XeaADZ1KSnGyVMUCE7rXPSyF script:DUP HASH160 PUSHDATA(20)[1fbc86f6990ac3e335ffe16047581377f38d3a5e] EQUALVERIFY CHECKSIG
06:07:56 [DefaultDispatcher-worker-7] WalletTransactionMetadataProvider - metadata: TxOut of 0.00100001 DASH to yRSBrzPEftfemzWwcnS9NBPd853X9Hfneq script:DUP HASH160 PUSHDATA(20)[381f07d619522362b6101c6911764d888ad5ca8c] EQUALVERIFY CHECKSIG
06:07:56 [DefaultDispatcher-worker-7] WalletTransactionMetadataProvider - metadata: TxOut of 0.00100001 DASH to ySKWRBJWhUgNMHPMHa1LAaKLpJgTGcXd3H script:DUP HASH160 PUSHDATA(20)[41d3bbcb4a23819c081c953aec4a1385380ddb8b] EQUALVERIFY CHECKSIG
06:07:56 [DefaultDispatcher-worker-10] WalletTransactionMetadataProvider - metadata: TxOut of 0.00100001 DASH to yUHGfpJRCMWhGeCWTaEaiMZc3RcZMCVuPX script:DUP HASH160 PUSHDATA(20)[5757ad620e22620d2d5d1681ac0dd4fb2323e470] EQUALVERIFY CHECKSIG
06:07:56 [DefaultDispatcher-worker-10] WalletTransactionMetadataProvider - metadata: TxOut of 0.00100001 DASH to ySRi4FzxnTqknLPBtcuCKa353Ba6YMrfxP script:DUP HASH160 PUSHDATA(20)[42fff20349a4c337b5a931829c714dd8e8e371e4] EQUALVERIFY CHECKSIG
06:07:56 [DefaultDispatcher-worker-10] WalletTransactionMetadataProvider - metadata: TxOut of 0.00100001 DASH to yY6ufaF9inq1fJaXqhVezrfDLrrov1eqnZ script:DUP HASH160 PUSHDATA(20)[81427cc58e76f3d1f10b8f4cefff37ee28e5e4c2] EQUALVERIFY CHECKSIG
06:07:56 [DefaultDispatcher-worker-7] WalletTransactionMetadataProvider - metadata: TxOut of 0.00100001 DASH to yfneGQVGxrgRvQk3dMyFSSpBq73VeQRygK script:DUP HASH160 PUSHDATA(20)[d58f26cad2bd292337dc20f2123b37a92ee65681] EQUALVERIFY CHECKSIG
06:07:56 [DefaultDispatcher-worker-10] WalletTransactionMetadataProvider - metadata: TxOut of 1.00001 DASH to yMhrfKbWNx3e7BMMqEgtEFqB3SCAzVuX57 script:DUP HASH160 PUSHDATA(20)[0f35278eb9f503032adcc839ffb9aa63c2a32f1a] EQUALVERIFY CHECKSIG
06:07:56 [DefaultDispatcher-worker-10] WalletTransactionMetadataProvider - metadata: TxOut of 1.00001 DASH to yWCe3Zwdrm7xWtjzzPkv2A9P7TKKruvyif script:DUP HASH160 PUSHDATA(20)[6c67b128659fa7ac2dc817686895f5c9ff2576ef] EQUALVERIFY CHECKSIG
06:07:56 [DefaultDispatcher-worker-10] WalletTransactionMetadataProvider - metadata: TxOut of 1.00001 DASH to yf7wHxad5N5qa9RMKwY8eWbYCRpxEujCgH script:DUP HASH160 PUSHDATA(20)[ce3d246b663a131b41122a6952d7a1d5728c3016] EQUALVERIFY CHECKSIG
06:07:56 [DefaultDispatcher-worker-10] WalletTransactionMetadataProvider - metadata: TxOut of 1.00001 DASH to yhyvaep1Ga92ZWxA5ZYdyPy2taiqUnpgPb script:DUP HASH160 PUSHDATA(20)[eda198f0c65dd24e8d9832d2b1df6e47f806b727] EQUALVERIFY CHECKSIG
06:07:56 [DefaultDispatcher-worker-10] WalletTransactionMetadataProvider - metadata: TxOut of 0.00100001 DASH to yS39ShxCiJHPg9mgNY8eaZLkpRfPGBwXF3 script:DUP HASH160 PUSHDATA(20)[3ebb91fcbed13b2af85450804778d5a9392743dd] EQUALVERIFY CHECKSIG
06:07:56 [DefaultDispatcher-worker-10] WalletTransactionMetadataProvider - metadata: TxOut of 0.00100001 DASH to yUoK5E2ch6JuZV1iBLqNtdeU3rU3jXDV8C script:DUP HASH160 PUSHDATA(20)[5d06299d81f5611246c36827d5017bee8c365958] EQUALVERIFY CHECKSIG
06:07:56 [DefaultDispatcher-worker-7] WalletTransactionMetadataProvider - metadata: TxOut of 0.00100001 DASH to yVHYuimgabGUPx65oK5fQvqqwpeV37sf2D script:DUP HASH160 PUSHDATA(20)[625d5bfbb88d5e25499765bd4165c6b704e6623f] EQUALVERIFY CHECKSIG
06:07:56 [DefaultDispatcher-worker-7] WalletTransactionMetadataProvider - metadata: TxOut of 0.00100001 DASH to ybYaHNqgpScooQm7V5CvUk93jBYn7h3gvh script:DUP HASH160 PUSHDATA(20)[a7057ff86190dd060e4b80bb05cd74f40976b46e] EQUALVERIFY CHECKSIG
06:07:56 [DefaultDispatcher-worker-10] WalletTransactionMetadataProvider - metadata: TxOut of 0.00100001 DASH to ydcq2rzwoDMkNFAA8akS3zmmS2VfanU3zh script:DUP HASH160 PUSHDATA(20)[bdc3ba4f20271f13f06ac675ad0ff13ef1fe3e7f] EQUALVERIFY CHECKSIG
06:07:56 [DefaultDispatcher-worker-8] WalletTransactionMetadataProvider - metadata: TxOut of 0.00 DASH (unknown type) script:RETURN
06:07:56 [DefaultDispatcher-worker-10] WalletTransactionMetadataProvider - metadata: TxOut of 0.001 DASH to yXMbqFHZrQieiwjHxz1cYHqstzZ17npB3L script:DUP HASH160 PUSHDATA(20)[7911b6f096d26572ed7366d1c7d4c68a29776f86] EQUALVERIFY CHECKSIG
06:07:56 [DefaultDispatcher-worker-8] WalletTransactionMetadataProvider - metadata: TxOut of 0.00899774 DASH to ySpd88rq39SDhTPJCGGMHQZMJbdgv4ogbo script:DUP HASH160 PUSHDATA(20)[475564fd68b57cd86533e9424f5ea7a0d62c58eb] EQUALVERIFY CHECKSIG
06:07:56 [DefaultDispatcher-worker-8] WalletTransactionMetadataProvider - metadata: TxOut of 0.00100001 DASH to yVEci4EVia4hSsmvU3vnQn2D2ZhHXuLKdy script:DUP HASH160 PUSHDATA(20)[61cf4856f90fd905241aa4398bedd5baf1653f28] EQUALVERIFY CHECKSIG
06:07:56 [DefaultDispatcher-worker-8] WalletTransactionMetadataProvider - metadata: TxOut of 0.00100001 DASH to yZ3PxuZLPxsPdNGJNrdxiEBQhHLzTW7Vfx script:DUP HASH160 PUSHDATA(20)[8b90926f60fa746285321d38639d46286148efda] EQUALVERIFY CHECKSIG
06:07:56 [DefaultDispatcher-worker-8] WalletTransactionMetadataProvider - metadata: TxOut of 0.00100001 DASH to yLSpE7EruPwbaDLnUEVZZKaM3DYUhSH6Xx script:DUP HASH160 PUSHDATA(20)[0164c1c57a1e6729b8167e79ddf9473d59f4ef0b] EQUALVERIFY CHECKSIG
06:07:56 [DefaultDispatcher-worker-8] WalletTransactionMetadataProvider - metadata: TxOut of 0.00100001 DASH to yQiFKjQezYnaRCUv4BnJqyxHsf3DQWS8Sb script:DUP HASH160 PUSHDATA(20)[30307309bfb4839d42045512aea65ee2db169acc] EQUALVERIFY CHECKSIG
06:07:56 [DefaultDispatcher-worker-8] WalletTransactionMetadataProvider - metadata: TxOut of 0.00100001 DASH to yTtcrs2pHHnCWNLpTXajkykaKmtELp9J33 script:DUP HASH160 PUSHDATA(20)[530ef6dcfadc641f786377fdedaac6fd9ba2e1b0] EQUALVERIFY CHECKSIG
06:07:56 [DefaultDispatcher-worker-8] WalletTransactionMetadataProvider - metadata: TxOut of 0.00100001 DASH to yXiHRXXYqmZ18AAyGY9fPrSiqV6BMhX1VD script:DUP HASH160 PUSHDATA(20)[7cfb1530cd4078401367999bc0460094de3b43c2] EQUALVERIFY CHECKSIG
06:07:56 [DefaultDispatcher-worker-8] WalletTransactionMetadataProvider - metadata: TxOut of 0.00100001 DASH to yaQw9nRLyntQ7jEMfuSjP7exqb35eQtVL5 script:DUP HASH160 PUSHDATA(20)[9a9b778f9d898c4eacbc95fba13919f2b991fa3b] EQUALVERIFY CHECKSIG
06:07:56 [DefaultDispatcher-worker-8] WalletTransactionMetadataProvider - metadata: TxOut of 0.00100001 DASH to yitPVUaGQ3wkCnZpwmJNFGXSzCywp8g5PL script:DUP HASH160 PUSHDATA(20)[f78db0ff943d644d364458ca7417038c958c1c43] EQUALVERIFY CHECKSIG
06:07:56 [DefaultDispatcher-worker-10] WalletTransactionMetadataProvider - metadata: TxOut of 0.0100001 DASH to yTWyQq9CefgXzC67et2CuZwnnAuhHGG2F1 script:DUP HASH160 PUSHDATA(20)[4ef6f7e8d3b5a3e177631a7dc5008696651dfaab] EQUALVERIFY CHECKSIG
06:07:56 [DefaultDispatcher-worker-10] WalletTransactionMetadataProvider - metadata: TxOut of 0.0100001 DASH to yTyzPu2JSfqrvWB3d4ac1aia63Cxiczf2U script:DUP HASH160 PUSHDATA(20)[5413054c28f06eb536cc4b7847460c5a569f7483] EQUALVERIFY CHECKSIG
06:07:56 [DefaultDispatcher-worker-10] WalletTransactionMetadataProvider - metadata: TxOut of 0.0100001 DASH to yZYWtPRBw8BSr2EiVoAG9KaUS7zGduGP5D script:DUP HASH160 PUSHDATA(20)[911269c4ea23c2ee7df81f7b7bbc9e29dd713bc7] EQUALVERIFY CHECKSIG
06:07:56 [DefaultDispatcher-worker-8] WalletTransactionMetadataProvider - metadata: TxOut of 0.0100001 DASH to yfdSctMXfhz1mvasE5eYiZLApC7iL5LnQS script:DUP HASH160 PUSHDATA(20)[d3d1af7fc1c696ca7871710bd2310ad62ad5c1ed] EQUALVERIFY CHECKSIG
06:07:56 [DefaultDispatcher-worker-7] WalletTransactionMetadataProvider - metadata: TxOut of 0.0100001 DASH to ygCNJ765jqo7nTGmo1fSq4JENN5QiYUbUE script:DUP HASH160 PUSHDATA(20)[da0bcd8e74cdfb54f04a496fdb4edd3ded8419c7] EQUALVERIFY CHECKSIG
06:07:56 [DefaultDispatcher-worker-8] WalletTransactionMetadataProvider - metadata: TxOut of 0.01 DASH (unknown type) script:RETURN PUSHDATA(20)[5572dc006a8948cc88c8be877f17e8ac39ba02c9]
06:07:56 [DefaultDispatcher-worker-8] WalletTransactionMetadataProvider - metadata: TxOut of 713.98161346 DASH to yh9Hvr5rQw6ggGn6zuKtwSzNyFHVdrmS8e script:DUP HASH160 PUSHDATA(20)[e46f092e0478b6565ec22d0562583442d8682fd4] EQUALVERIFY CHECKSIG
06:07:56 [DefaultDispatcher-worker-10] WalletTransactionMetadataProvider - metadata: TxOut of 0.100001 DASH to ySUK558RtY5Ux87wyYTGyTiRq8XBPUB8Mu script:DUP HASH160 PUSHDATA(20)[437e0169148d0a935300c8f91021af2cd602380e] EQUALVERIFY CHECKSIG
06:07:56 [DefaultDispatcher-worker-10] WalletTransactionMetadataProvider - metadata: TxOut of 0.100001 DASH to yWYsQUuoF1kPJSfPHUR2JLN9gpf3WXEupU script:DUP HASH160 PUSHDATA(20)[703b2a02acbcfb2f47b68d42ff3ac2ceb076b7a8] EQUALVERIFY CHECKSIG
06:07:56 [DefaultDispatcher-worker-7] WalletTransactionMetadataProvider - metadata: TxOut of 0.00100001 DASH to yNy2EAg6TkvVcyYMctC3oZbTJ1J6kjfpRT script:DUP HASH160 PUSHDATA(20)[1d0b815a994d3e91a6cd4a209944fa5ce501b866] EQUALVERIFY CHECKSIG
06:07:57 [DefaultDispatcher-worker-7] WalletTransactionMetadataProvider - metadata: TxOut of 0.00100001 DASH to yQTX9kACk8cEUrEreW14HEendRQfUwrBwz script:DUP HASH160 PUSHDATA(20)[2d676c1ddb639d6537563feeaf6a83fa08d49447] EQUALVERIFY CHECKSIG
06:07:57 [DefaultDispatcher-worker-10] WalletTransactionMetadataProvider - metadata: TxOut of 0.00100001 DASH to yR4HxrL2PSaej1RxH1Muwb1xNuYD2jK9go script:DUP HASH160 PUSHDATA(20)[33faf8ec382d0aff5977aa1d2be1fb47ae36960a] EQUALVERIFY CHECKSIG
06:07:57 [DefaultDispatcher-worker-7] WalletTransactionMetadataProvider - metadata: TxOut of 0.00100001 DASH to yRmVsXjkq5orxxoALSJY6BKqysBFyBrWYf script:DUP HASH160 PUSHDATA(20)[3bc5f7a182f24f0fd257d2c8473502f5263e9a1f] EQUALVERIFY CHECKSIG
06:07:57 [DefaultDispatcher-worker-7] WalletTransactionMetadataProvider - metadata: TxOut of 0.00100001 DASH to ySHnkGQHH5QhQ2fi3niBSqkfbNaUaoFjJe script:DUP HASH160 PUSHDATA(20)[418088519981cb48f0552a06557173173eaed6d8] EQUALVERIFY CHECKSIG
06:07:57 [DefaultDispatcher-worker-7] WalletTransactionMetadataProvider - metadata: TxOut of 0.00100001 DASH to yVoQKRnEm1cv9bVAbpE6WUHbPnUeHG3P8J script:DUP HASH160 PUSHDATA(20)[6802aaa28b675644381b2b0c1d31c80f0a72c297] EQUALVERIFY CHECKSIG
06:07:57 [DefaultDispatcher-worker-10] WalletTransactionMetadataProvider - metadata: TxOut of 0.00100001 DASH to yaM26ewr4bkSFofa4138k8uT5K5hJrQTse script:DUP HASH160 PUSHDATA(20)[99ddee9403661ddb2dbbdbbbeb2335a5b3a40454] EQUALVERIFY CHECKSIG
06:07:57 [DefaultDispatcher-worker-7] WalletTransactionMetadataProvider - metadata: TxOut of 0.00100001 DASH to yanjTsv1KjoyGK4p713CtAcJMuSKdjTfh6 script:DUP HASH160 PUSHDATA(20)[9ebadc8ce92b725919dbdaef51cf6a43f590c458] EQUALVERIFY CHECKSIG
06:07:57 [DefaultDispatcher-worker-7] WalletTransactionMetadataProvider - metadata: TxOut of 0.00100001 DASH to yd8urA4yJVa2HpppbzzgUt4PdHYaq27q2M script:DUP HASH160 PUSHDATA(20)[b87c19bd95bac85bc6ff9391cd1d72f26d5e017a] EQUALVERIFY CHECKSIG
06:07:57 [DefaultDispatcher-worker-10] WalletTransactionMetadataProvider - metadata: TxOut of 0.00100001 DASH to ydGKsthqtne3G3tup6QuZdBLm8ECnDZYvF script:DUP HASH160 PUSHDATA(20)[b9e3124a366c8edfedf2b630fc823040e79855eb] EQUALVERIFY CHECKSIG
06:07:57 [DefaultDispatcher-worker-10] WalletTransactionMetadataProvider - metadata: TxOut of 0.00100001 DASH to yfuc8m6NT9HGJXi6APMEGGqdGURn4BShNY script:DUP HASH160 PUSHDATA(20)[d6e048a21120555969e317c00393c203bef18f41] EQUALVERIFY CHECKSIG
06:07:57 [DefaultDispatcher-worker-7] WalletTransactionMetadataProvider - metadata: TxOut of 1.00001 DASH to yNqWakeFE9ogTJHxkiVtYUAJitvnpgfkpY script:DUP HASH160 PUSHDATA(20)[1b9fd8db24db755207ee7714e05adc59dbd478f0] EQUALVERIFY CHECKSIG
06:07:57 [DefaultDispatcher-worker-8] WalletTransactionMetadataProvider - metadata: TxOut of 1.00001 DASH to yQJhuj2GKXjuhp9vVb21UkszB6AraB4JhQ script:DUP HASH160 PUSHDATA(20)[2bbca8c3bbacab1641b105eea3bcaacd8a98ee59] EQUALVERIFY CHECKSIG
06:07:57 [DefaultDispatcher-worker-8] WalletTransactionMetadataProvider - metadata: TxOut of 1.00001 DASH to ySp7GXLRR8vH8szy1Zd4CKvqHqjqNQEysD script:DUP HASH160 PUSHDATA(20)[473c78f3bc6e3b855c90124e0d6860fd94a91340] EQUALVERIFY CHECKSIG
06:07:57 [DefaultDispatcher-worker-11] WalletTransactionMetadataProvider - metadata: TxOut of 1.00001 DASH to yUpugqh2MZmbNbkhHKW8u73LmCt6JAkqbT script:DUP HASH160 PUSHDATA(20)[5d53790e51d7885ff9f37c9ee5d799ff62d7b559] EQUALVERIFY CHECKSIG
06:07:57 [DefaultDispatcher-worker-11] WalletTransactionMetadataProvider - metadata: TxOut of 1.00001 DASH to yhEV5JufjXqkMHh65WdydCD9YPCp5CyNWj script:DUP HASH160 PUSHDATA(20)[e56a6b78086a259234cc3438899154683e557afd] EQUALVERIFY CHECKSIG
06:07:57 [DefaultDispatcher-worker-8] WalletTransactionMetadataProvider - metadata: TxOut of 0.001 DASH to ySo6TPETgwAPqX3BszvyRjj75UV3f3L6yd script:DUP HASH160 PUSHDATA(20)[470b60c834435f2caa12390036a603cd99c5e6c3] EQUALVERIFY CHECKSIG
06:07:57 [DefaultDispatcher-worker-8] WalletTransactionMetadataProvider - metadata: TxOut of 0.00899773 DASH to yT526VmitfaBWGGjRL2Y66er3VY7D52yCD script:DUP HASH160 PUSHDATA(20)[4a0e64cfb459cbdf0eddb5e7ff99ac07e0658a7d] EQUALVERIFY CHECKSIG
06:07:57 [DefaultDispatcher-worker-8] WalletTransactionMetadataProvider - metadata: TxOut of 1.00001 DASH to yNK2eMoQDjWLVVqQAcCtSK7Co9ZmELDhzD script:DUP HASH160 PUSHDATA(20)[15dc0c02dbd883d29cab635230ffb16e3e9b5ed5] EQUALVERIFY CHECKSIG
06:07:57 [DefaultDispatcher-worker-8] WalletTransactionMetadataProvider - metadata: TxOut of 1.00001 DASH to yeEy3hYxGv2ZYjkAiPdbCP1vsguz3UpwLu script:DUP HASH160 PUSHDATA(20)[c499647b435ca44557156a632b6277d741345f46] EQUALVERIFY CHECKSIG
06:07:57 [DefaultDispatcher-worker-8] WalletTransactionMetadataProvider - metadata: TxOut of 1.00001 DASH to yfQSvuPkjZuVYQ1f9eY9aMuJEC7XAUp4Bm script:DUP HASH160 PUSHDATA(20)[d15c89907345d44ba65f70b094b04a99808d9b19] EQUALVERIFY CHECKSIG
06:07:57 [DefaultDispatcher-worker-8] WalletTransactionMetadataProvider - metadata: TxOut of 1.00001 DASH to yhnM3tDyAT2vv8tLdaBoDWvpssdsNLQybY script:DUP HASH160 PUSHDATA(20)[eb710830e6b78fe11cb506d63948cfa2aa0fc59a] EQUALVERIFY CHECKSIG
06:07:57 [DefaultDispatcher-worker-11] WalletTransactionMetadataProvider - metadata: TxOut of 712.76157069 DASH to yebQ2Pn425bJsCLHEhdxmiXwAWrQ1TgUvj script:DUP HASH160 PUSHDATA(20)[c8768fd7e003ec2e014c15f789a9437bb349ee89] EQUALVERIFY CHECKSIG
06:07:57 [DefaultDispatcher-worker-11] WalletTransactionMetadataProvider - metadata: TxOut of 0.011 DASH to yhi9w4jPYtMmCQoD84ej3tkMSHk5UQ1hFA script:DUP HASH160 PUSHDATA(20)[eaa61671adc6a99d60228a2d560a49a8645842ad] EQUALVERIFY CHECKSIG
06:07:57 [DefaultDispatcher-worker-11] WalletTransactionMetadataProvider - metadata: TxOut of 0.00100001 DASH to yM9BgDfKFwSN6dSwcGqkXcD7BYoyB3wS5t script:DUP HASH160 PUSHDATA(20)[09074d15206b0921b78523ca59c6ca6c1d60edaf] EQUALVERIFY CHECKSIG
06:07:57 [DefaultDispatcher-worker-11] WalletTransactionMetadataProvider - metadata: TxOut of 0.00100001 DASH to yNkaemwoEmc3DLnaJ5J2D8CkqFX6Duumdr script:DUP HASH160 PUSHDATA(20)[1ab12a09a2ac598bd30579f703e20302819bae42] EQUALVERIFY CHECKSIG
06:07:57 [DefaultDispatcher-worker-8] WalletTransactionMetadataProvider - metadata: TxOut of 0.00100001 DASH to yaJ7NkeeVAihwXR3xDaJJv8aD7c9Dcqu2i script:DUP HASH160 PUSHDATA(20)[995116ec5768f95a48a4975b661eb6ecf416f5fd] EQUALVERIFY CHECKSIG
06:07:57 [DefaultDispatcher-worker-8] WalletTransactionMetadataProvider - metadata: TxOut of 0.00100001 DASH to ydA3D4DnWa5P8F4T42Dy8cWrgLfveXRFpA script:DUP HASH160 PUSHDATA(20)[b8b2a91d6f863d504e4ecf58d268f66b2d2c2639] EQUALVERIFY CHECKSIG
06:07:57 [DefaultDispatcher-worker-8] WalletTransactionMetadataProvider - metadata: TxOut of 0.00100001 DASH to yhWDELUBimFQhqcGJeweoVgRi6R8Zpvcd3 script:DUP HASH160 PUSHDATA(20)[e863d956c476a4d40695ff640e70cd973308be6e] EQUALVERIFY CHECKSIG
06:07:57 [DefaultDispatcher-worker-8] WalletTransactionMetadataProvider - metadata: TxOut of 1.00 DASH to yQZT766cF2do1G5qHboNQfASLehgoX5Q3Z script:DUP HASH160 PUSHDATA(20)[2e868a747adce9985b2ec064ba640011cea4e008] EQUALVERIFY CHECKSIG
06:07:57 [DefaultDispatcher-worker-8] WalletTransactionMetadataProvider - metadata: TxOut of 710.76156617 DASH to ye2uLtkwDFRdacrq4NUqE4ZEt5baKTxuMb script:DUP HASH160 PUSHDATA(20)[c2514f33c718c50e05c3374b4e56fd3b4f531d31] EQUALVERIFY CHECKSIG
06:07:57 [DefaultDispatcher-worker-8] WalletTransactionMetadataProvider - metadata: TxOut of 10.0001 DASH to yMrW3rZyuJ4LrePK79i77hS52VeQenWQUn script:DUP HASH160 PUSHDATA(20)[10d7b14cd7964dfac52493d8de2ee9a7fcf02ce2] EQUALVERIFY CHECKSIG
06:07:57 [DefaultDispatcher-worker-8] WalletTransactionMetadataProvider - metadata: TxOut of 10.0001 DASH to ySWxS7Tr7TNdKRmQBhRqTCuThR78Yo9zu8 script:DUP HASH160 PUSHDATA(20)[43fe06bb68aa8f2c1cd550a21b97224559890e7e] EQUALVERIFY CHECKSIG
06:07:57 [DefaultDispatcher-worker-8] WalletTransactionMetadataProvider - metadata: TxOut of 10.0001 DASH to yVZYBd6gwLk8hHEpBjg2wc3ERBvBe3GVz2 script:DUP HASH160 PUSHDATA(20)[656368a7d46d6b0b5b850ca40d0040dc5c5f0da4] EQUALVERIFY CHECKSIG
06:07:57 [DefaultDispatcher-worker-8] WalletTransactionMetadataProvider - metadata: TxOut of 107.96398794 DASH to yLoznD5VzKFLwWixihHmk2gBb7MjgymUhH script:DUP HASH160 PUSHDATA(20)[05664d3c5192a8b538e4c69ad32bb34b3771e1d8] EQUALVERIFY CHECKSIG
06:07:57 [DefaultDispatcher-worker-8] WalletTransactionMetadataProvider - metadata: TxOut of 0.055 DASH to yfz7h9NaWep27scSzTJWjzg8L5KYiemLxC script:DUP HASH160 PUSHDATA(20)[d7ba9f238350d094cda20d3cf3de23743f5c6ee9] EQUALVERIFY CHECKSIG
06:07:57 [DefaultDispatcher-worker-8] WalletTransactionMetadataProvider - metadata: TxOut of 0.00100001 DASH to yM2CBwZWeysNWP7kBBD6wbqQ9XnaSs3Qr3 script:DUP HASH160 PUSHDATA(20)[07b4d13090efe3f29853f80370122a25d3ff762d] EQUALVERIFY CHECKSIG
06:07:57 [DefaultDispatcher-worker-8] WalletTransactionMetadataProvider - metadata: TxOut of 0.00100001 DASH to yNd3To4iXfSApRMEcBqMsJUTJMTASvrPtq script:DUP HASH160 PUSHDATA(20)[194437897ece37a200bb29dac84b70c4bf107722] EQUALVERIFY CHECKSIG
06:07:57 [DefaultDispatcher-worker-8] WalletTransactionMetadataProvider - metadata: TxOut of 0.00100001 DASH to yQnTakhxihyCAtMPMjaB3pf2iKGfbEVJK8 script:DUP HASH160 PUSHDATA(20)[30fc58b5687e92cb7f358ce2a00ba1b9a63838d5] EQUALVERIFY CHECKSIG
06:07:57 [DefaultDispatcher-worker-8] WalletTransactionMetadataProvider - metadata: TxOut of 0.00100001 DASH to yRtEoP49qHAv1Pq9DoqG2QERK5NjXYrZW4 script:DUP HASH160 PUSHDATA(20)[3d0c4c4644af1f17de7a67eb9e103dc1c2e5c76b] EQUALVERIFY CHECKSIG
06:07:57 [DefaultDispatcher-worker-8] WalletTransactionMetadataProvider - metadata: TxOut of 0.00100001 DASH to yTC26PjRLWXVpKH1SgwDVys1Y41N4Z6x6z script:DUP HASH160 PUSHDATA(20)[4b614dd4c9888a49269aa1388b3b24d6e7721a8d] EQUALVERIFY CHECKSIG
06:07:57 [DefaultDispatcher-worker-11] WalletTransactionMetadataProvider - metadata: TxOut of 0.00100001 DASH to yXdMw9ftpnCcQfVmvrmDC2Ujn7ExhwmSaE script:DUP HASH160 PUSHDATA(20)[7c0cc4b25e5ed6730cf0a1537434f2bcec517de2] EQUALVERIFY CHECKSIG
06:07:57 [DefaultDispatcher-worker-10] WalletTransactionMetadataProvider - metadata: TxOut of 0.00100001 DASH to ybGYAaNfgjndizgEWBxPJbgmesmn1Q5rtR script:DUP HASH160 PUSHDATA(20)[a3fd13bc7a0bbf2ba632767bf93538580216bce8] EQUALVERIFY CHECKSIG
06:07:57 [DefaultDispatcher-worker-11] WalletTransactionMetadataProvider - metadata: TxOut of 0.00100001 DASH to yeux4in98mzVNZj8Ra7WMR3TDZo6bCeU6e script:DUP HASH160 PUSHDATA(20)[cbf8cb82252d5eed30c20e7cde2c8da8b2317db0] EQUALVERIFY CHECKSIG
06:07:57 [DefaultDispatcher-worker-6] WalletTransactionMetadataProvider - metadata: TxOut of 0.00100001 DASH to yfu3UzYF7surt8TGnGKBoP3mocn4k5Kc8N script:DUP HASH160 PUSHDATA(20)[d6c50724158837d6e48bef3214653514f24c0483] EQUALVERIFY CHECKSIG
06:07:57 [DefaultDispatcher-worker-6] WalletTransactionMetadataProvider - metadata: TxOut of 0.00100001 DASH to yiAeqbH7CELWoEKczgznKicY5FH5u5TgDn script:DUP HASH160 PUSHDATA(20)[efa90829a237dab791ce10ebf3d7dd38f43ccdbc] EQUALVERIFY CHECKSIG
06:07:57 [DefaultDispatcher-worker-11] WalletTransactionMetadataProvider - metadata: TxOut of 0.10 DASH to ybm7Z6Q1ptfC41Qg8RrVxq5D9HD4PerENa script:DUP HASH160 PUSHDATA(20)[a9649859c7e464936feee94a2a73d546d25f71d4] EQUALVERIFY CHECKSIG
06:07:57 [DefaultDispatcher-worker-11] WalletTransactionMetadataProvider - metadata: TxOut of 745.59770873 DASH to yQYQ3u7eaGNLFToL63GNye1r747KxfwAhj script:DUP HASH160 PUSHDATA(20)[2e53931fa9cc01f24d94a4daa105ac249ae8fb3d] EQUALVERIFY CHECKSIG
06:07:57 [DefaultDispatcher-worker-10] WalletTransactionMetadataProvider - metadata: TxOut of 0.0100001 DASH to yNFZFrvzDNyg4TdLavjkdY58tGRt96rxL4 script:DUP HASH160 PUSHDATA(20)[1533efd04ddca4208c5babed1d40e806f9237bfd] EQUALVERIFY CHECKSIG
06:07:57 [DefaultDispatcher-worker-10] WalletTransactionMetadataProvider - metadata: TxOut of 0.0100001 DASH to yRzBX1DYMF6NwR4o8fPho3fMBV67S4Avrf script:DUP HASH160 PUSHDATA(20)[3e2c0dc25cd6710273636d37f1474dd67fd652b3] EQUALVERIFY CHECKSIG
06:07:57 [DefaultDispatcher-worker-10] WalletTransactionMetadataProvider - metadata: TxOut of 0.0100001 DASH to yWBNV7YEZYHQYKG7WSj7d9X3Gehb3szA33 script:DUP HASH160 PUSHDATA(20)[6c2a499f119f44ca09d1c95698b22d295d3aba67] EQUALVERIFY CHECKSIG
06:07:57 [DefaultDispatcher-worker-11] WalletTransactionMetadataProvider - metadata: TxOut of 0.0100001 DASH to yWUG98vVyh3fg2EkQuTSbnKBZb8hUbHGjC script:DUP HASH160 PUSHDATA(20)[6f5c101907a9911847f2270f2302b92f924ec3ab] EQUALVERIFY CHECKSIG
06:07:57 [DefaultDispatcher-worker-10] WalletTransactionMetadataProvider - metadata: TxOut of 10.0001 DASH to ySHWrrKneRRHmbByvkwfo9qTu3UxQmK69k script:DUP HASH160 PUSHDATA(20)[4173456968f88c2e0d6a93da4867e8e6b58ba49e] EQUALVERIFY CHECKSIG
06:07:57 [DefaultDispatcher-worker-10] WalletTransactionMetadataProvider - metadata: TxOut of 10.0001 DASH to yUbGsk6vkdSMWC9QgYVNYEiK7ZMCgWkmFr script:DUP HASH160 PUSHDATA(20)[5abf5614e75f453c43d3881c08e720ea19116005] EQUALVERIFY CHECKSIG
06:07:57 [DefaultDispatcher-worker-6] WalletTransactionMetadataProvider - metadata: TxOut of 10.0001 DASH to ycmAoRCADzB39VC5P21mifryxE5jusx1Ry script:DUP HASH160 PUSHDATA(20)[b45f6e6bf76002c2dec81257fbf0be63199c688c] EQUALVERIFY CHECKSIG
06:07:57 [DefaultDispatcher-worker-6] WalletTransactionMetadataProvider - metadata: TxOut of 10.0001 DASH to ygNcUDnNPmmdkPcQZHjSndCgbMaNUXiu23 script:DUP HASH160 PUSHDATA(20)[dbfbcb7600ce1053da6e13c23df9e6aa9a819e33] EQUALVERIFY CHECKSIG
06:07:57 [DefaultDispatcher-worker-6] WalletTransactionMetadataProvider - metadata: TxOut of 10.0001 DASH to yguXCs2yyjdVGdVdBjdoxLnoG2jd3hWjUQ script:DUP HASH160 PUSHDATA(20)[e1d44b7571a26fad4123737f1f82a65cf93bea33] EQUALVERIFY CHECKSIG
06:07:57 [DefaultDispatcher-worker-10] WalletTransactionMetadataProvider - metadata: TxOut of 0.100001 DASH to yMUp64mUwbJ5VpvjN6LLJX45xekQJaN3s1 script:DUP HASH160 PUSHDATA(20)[0cbd994fd5612aa40b700d3b13c86ec0ea718846] EQUALVERIFY CHECKSIG
06:07:57 [DefaultDispatcher-worker-10] WalletTransactionMetadataProvider - metadata: TxOut of 0.100001 DASH to yV5tzP58tWzyhFe6WgNV8tBXFXAQCPuYMT script:DUP HASH160 PUSHDATA(20)[60292147c15d38b2f921417ef6a05bbf6e4bf6ad] EQUALVERIFY CHECKSIG
06:07:57 [DefaultDispatcher-worker-6] WalletTransactionMetadataProvider - metadata: TxOut of 0.100001 DASH to yXaKrdUEkqquo9iQt7UhXBHx99x9bCgTqg script:DUP HASH160 PUSHDATA(20)[7b79c92f8aafc35fb4b2f154ef291dbe15596f74] EQUALVERIFY CHECKSIG
06:07:57 [DefaultDispatcher-worker-6] WalletTransactionMetadataProvider - metadata: TxOut of 0.100001 DASH to yZEpeZCGjnxeXJoiJJPdD3fGMN9VsnK6VB script:DUP HASH160 PUSHDATA(20)[8db9c09eeb51ced653527ce2c6b7fd6917d4d5db] EQUALVERIFY CHECKSIG
06:07:57 [DefaultDispatcher-worker-11] WalletTransactionMetadataProvider - metadata: TxOut of 0.100001 DASH to yaQvYBYZhPqaUdDmE9FAvBEtDguBiQTPPD script:DUP HASH160 PUSHDATA(20)[9a9af463cb1381be03fba5fe385d57ebc08fa5d5] EQUALVERIFY CHECKSIG
06:07:57 [DefaultDispatcher-worker-10] WalletTransactionMetadataProvider - metadata: TxOut of 0.100001 DASH to yemLJmKy46t51f3rCZLi6cnEerECGtZcAe script:DUP HASH160 PUSHDATA(20)[ca579e3bc37bd9cf633c3af4473dbff6c9d0cbc5] EQUALVERIFY CHECKSIG
06:07:57 [DefaultDispatcher-worker-11] WalletTransactionMetadataProvider - metadata: TxOut of 0.100001 DASH to ygArx74orqhdvRbzLsiST7F9bkZNKwbRyq script:DUP HASH160 PUSHDATA(20)[d9c2e423034944259579fc60af5576a1900445dc] EQUALVERIFY CHECKSIG
06:07:57 [DefaultDispatcher-worker-6] WalletTransactionMetadataProvider - metadata: TxOut of 0.100001 DASH to yjRZrAysdBRFK1SJaJPVf6L9SYz75TAZdk script:DUP HASH160 PUSHDATA(20)[fd733b4ead4d85b57589f87c461770507b3208a4] EQUALVERIFY CHECKSIG
06:07:57 [DefaultDispatcher-worker-11] WalletTransactionMetadataProvider - metadata: TxOut of 0.0100001 DASH to yLgAKEomxyBSx7cpV8SC8rfxKunS77ANq1 script:DUP HASH160 PUSHDATA(20)[03eaeef4ba0e41e2060fdffc763ad185898b411b] EQUALVERIFY CHECKSIG
06:07:57 [DefaultDispatcher-worker-11] WalletTransactionMetadataProvider - metadata: TxOut of 0.0100001 DASH to yRMDUsv1UVH3eD2oPtDtZurquhQCR2tQLM script:DUP HASH160 PUSHDATA(20)[372e4d551c4240c4a7ec9cba7df24e99aefdb34f] EQUALVERIFY CHECKSIG
06:07:57 [DefaultDispatcher-worker-11] WalletTransactionMetadataProvider - metadata: TxOut of 0.0100001 DASH to ySovYfV35Afqi6KSvYSioTGA5DwojwUjDg script:DUP HASH160 PUSHDATA(20)[473385be13ec57da8106716f6b1bf54d17a19b04] EQUALVERIFY CHECKSIG
06:07:57 [DefaultDispatcher-worker-6] WalletTransactionMetadataProvider - metadata: TxOut of 0.0100001 DASH to yZzvCoNh8Wf4j2r3dhkF7jSCRpGFfcpmEr script:DUP HASH160 PUSHDATA(20)[9610b14ec4f1155219551ecd543da1ec2ea5e1a2] EQUALVERIFY CHECKSIG
06:07:57 [DefaultDispatcher-worker-6] WalletTransactionMetadataProvider - metadata: TxOut of 0.0100001 DASH to ycpyAU3oFnxccWkVDcGJAALFbxm1osP4Jo script:DUP HASH160 PUSHDATA(20)[b517618b85339b59431c053d1568205d516f6242] EQUALVERIFY CHECKSIG
06:07:57 [DefaultDispatcher-worker-6] WalletTransactionMetadataProvider - metadata: TxOut of 0.0100001 DASH to yfvZNzqZw8rhmjhYF9ZsZTWT5vVyZPFC28 script:DUP HASH160 PUSHDATA(20)[d70e667b0899292bf9dc6f56ae105f5c334330f2] EQUALVERIFY CHECKSIG
06:07:57 [DefaultDispatcher-worker-6] WalletTransactionMetadataProvider - metadata: TxOut of 0.0100001 DASH to yRR1q4sctX7reViwiM2GVZMHFMjok5SoMC script:DUP HASH160 PUSHDATA(20)[37e63d49381901f41c47f51558673b7cdc2c367c] EQUALVERIFY CHECKSIG
06:07:57 [DefaultDispatcher-worker-6] WalletTransactionMetadataProvider - metadata: TxOut of 0.0100001 DASH to yW2Sao7TAjRHbsuRc92FUPooEL3wXhDF3d script:DUP HASH160 PUSHDATA(20)[6a79f6f9415e23cadaf27743a27b8761b4ceb36a] EQUALVERIFY CHECKSIG
06:07:57 [DefaultDispatcher-worker-6] WalletTransactionMetadataProvider - metadata: TxOut of 0.0100001 DASH to yYeNmssogbWUXDFiUD7FAZr8mTQPbTxWwS script:DUP HASH160 PUSHDATA(20)[873602eb133384283c2a7beac67432cf33effc8a] EQUALVERIFY CHECKSIG
06:07:57 [DefaultDispatcher-worker-11] WalletTransactionMetadataProvider - metadata: TxOut of 0.0100001 DASH to yYz4BEHbnUmEMoH5GL4ikZpNfrzaZpAVFn script:DUP HASH160 PUSHDATA(20)[8aeece6b355a40a791cdbcf8f8185c62d6479613] EQUALVERIFY CHECKSIG
06:07:57 [DefaultDispatcher-worker-11] WalletTransactionMetadataProvider - metadata: TxOut of 0.0100001 DASH to ybaAG4bWpGFcF45RRcM5BvDizqvuZuXZm6 script:DUP HASH160 PUSHDATA(20)[a7524758a9786393857a96f6e0badc0b5212764c] EQUALVERIFY CHECKSIG
06:07:57 [DefaultDispatcher-worker-6] WalletTransactionMetadataProvider - metadata: TxOut of 0.0100001 DASH to ycPKVFqkz9ZWqfeeQgaSEZ8KRFNGzpW7B5 script:DUP HASH160 PUSHDATA(20)[b03d8817d8125c8bb794daecd6ac7300075cb4d0] EQUALVERIFY CHECKSIG
06:07:57 [DefaultDispatcher-worker-6] WalletTransactionMetadataProvider - metadata: TxOut of 0.0100001 DASH to ye2x3WXN4Va4tqfk6TiyP9sUHap4CDr6Ap script:DUP HASH160 PUSHDATA(20)[c253903f9243f885ecc44407fd16a4bcd1d72999] EQUALVERIFY CHECKSIG
06:07:57 [DefaultDispatcher-worker-6] WalletTransactionMetadataProvider - metadata: TxOut of 0.0100001 DASH to yj8FYPS3kTY7MgZ2K9GBGzZZD5QLQRgCn3 script:DUP HASH160 PUSHDATA(20)[fa2ce0f2a48f9271ddbd3ee88818b16f44543117] EQUALVERIFY CHECKSIG
06:07:57 [DefaultDispatcher-worker-7] WalletTransactionMetadataProvider - metadata: TxOut of 1.00 DASH to yhdcSiEctHa3f32javqAvBw4HDpZ38hVHP script:DUP HASH160 PUSHDATA(20)[e9ca2364b72630452fc32fe79d2d31f9e2791907] EQUALVERIFY CHECKSIG
06:07:57 [DefaultDispatcher-worker-7] WalletTransactionMetadataProvider - metadata: TxOut of 748.19772135 DASH to yiove8RRzhVFWmmcwZCHHVzh8F5bCEw45j script:DUP HASH160 PUSHDATA(20)[f6b59d1618c84e7268cc2e1483887f06b040a94f] EQUALVERIFY CHECKSIG
06:07:57 [DefaultDispatcher-worker-10] WalletTransactionMetadataProvider - metadata: TxOut of 0.00100001 DASH to yRbfRYqgFBiXtJJnyPVK5NGsX6WMmfDEbd script:DUP HASH160 PUSHDATA(20)[39e9c806006aec53a6ecb47e9a003522847800b2] EQUALVERIFY CHECKSIG
06:07:57 [DefaultDispatcher-worker-10] WalletTransactionMetadataProvider - metadata: TxOut of 0.00100001 DASH to yTaBPVmdVkpPX9mDVtTZHW3mMrMXGNev7V script:DUP HASH160 PUSHDATA(20)[4f9236d45cf527d0399f3a76b6eca6c6f756b695] EQUALVERIFY CHECKSIG
06:07:57 [DefaultDispatcher-worker-10] WalletTransactionMetadataProvider - metadata: TxOut of 0.00100001 DASH to ygWq8uKpcieEaUBWeBajwkdNYqzNtihQ3i script:DUP HASH160 PUSHDATA(20)[dd89b23f85c8c507d67ec9cd98d071c4e3ab8fef] EQUALVERIFY CHECKSIG
06:07:57 [DefaultDispatcher-worker-10] WalletTransactionMetadataProvider - metadata: TxOut of 0.00100001 DASH to ybHgXigzgMaLuSQWMp83LQ3g6Y6Lx12NLQ script:DUP HASH160 PUSHDATA(20)[a43479b55dc538387b4413a3b596d3441d530c05] EQUALVERIFY CHECKSIG
06:07:57 [DefaultDispatcher-worker-10] WalletTransactionMetadataProvider - metadata: TxOut of 0.00100001 DASH to ydXnvJhjbC5Ysa99hnezx2B3fikg2Hbqcx script:DUP HASH160 PUSHDATA(20)[bccfe252d5ca4a3137391c10125e8e273ea09b24] EQUALVERIFY CHECKSIG
06:07:57 [DefaultDispatcher-worker-10] WalletTransactionMetadataProvider - metadata: TxOut of 0.00100001 DASH to ydceb8U65V76KHspU8hiMmiuTbwFxSuSz6 script:DUP HASH160 PUSHDATA(20)[bdbb0284008109dc38127d068ad9e46f074de76a] EQUALVERIFY CHECKSIG
06:07:57 [DefaultDispatcher-worker-6] WalletTransactionMetadataProvider - metadata: TxOut of 0.00100001 DASH to yjRXeWjnxBCRMXZJNT1TGxQyDYF3s1mj1e script:DUP HASH160 PUSHDATA(20)[fd7164f3f44451961b38efde7a0659e66068261a] EQUALVERIFY CHECKSIG
06:07:57 [DefaultDispatcher-worker-6] WalletTransactionMetadataProvider - metadata: TxOut of 0.00100001 DASH to yProH61Z7jKw3pspRgy5q1CLAorEgbNWTw script:DUP HASH160 PUSHDATA(20)[26d65351dd00188f8fc3503eccf2d899ff34f49f] EQUALVERIFY CHECKSIG
06:07:57 [DefaultDispatcher-worker-6] WalletTransactionMetadataProvider - metadata: TxOut of 0.00100001 DASH to yStoj9fFwkNmS1FdzfHkVZdmttFWhwnuw4 script:DUP HASH160 PUSHDATA(20)[481fe8ebf46ff3bde0862b99bde5d327168c7034] EQUALVERIFY CHECKSIG
06:07:57 [DefaultDispatcher-worker-7] WalletTransactionMetadataProvider - metadata: TxOut of 0.00100001 DASH to yN5RUwqtSrfeLnyk1BF2Ux55eCGZXzoeRG script:DUP HASH160 PUSHDATA(20)[13494993bb595d764290ce8846bbcf044e8f6e1b] EQUALVERIFY CHECKSIG
06:07:57 [DefaultDispatcher-worker-7] WalletTransactionMetadataProvider - metadata: TxOut of 0.00100001 DASH to yNmV2WfEJQjoH25TwxPEPn1tqUw8zUnhCK script:DUP HASH160 PUSHDATA(20)[1adce26c27d4ec8106ef80370b830533ac312df3] EQUALVERIFY CHECKSIG
06:07:57 [DefaultDispatcher-worker-7] WalletTransactionMetadataProvider - metadata: TxOut of 0.00100001 DASH to yUhAmhzrPnAQKFSfrJhXpu1ejXxYBhb7rj script:DUP HASH160 PUSHDATA(20)[5bdcbc920198f1f7b749c89094caebce83687c17] EQUALVERIFY CHECKSIG
06:07:57 [DefaultDispatcher-worker-7] WalletTransactionMetadataProvider - metadata: TxOut of 0.00100001 DASH to yXKPws3T6PFACx8HZnaqhpVrQzyLW931np script:DUP HASH160 PUSHDATA(20)[78a6f5f812e0902cf0fbe69cb175890dc5b2f2ce] EQUALVERIFY CHECKSIG
06:07:57 [DefaultDispatcher-worker-7] WalletTransactionMetadataProvider - metadata: TxOut of 0.00100001 DASH to yY9g9Z2hxEsDnTPFtmcWVenpTDaqnEpHnm script:DUP HASH160 PUSHDATA(20)[81c8738b94ce856f13dc149b9cb336c9e0327ab9] EQUALVERIFY CHECKSIG
06:07:57 [DefaultDispatcher-worker-6] WalletTransactionMetadataProvider - metadata: TxOut of 0.00100001 DASH to ybjVWgH42SgRecP8zzTFaoiUqz7kzWZdyX script:DUP HASH160 PUSHDATA(20)[a91617d5804b8a6d2db7616a788b97fd5213a370] EQUALVERIFY CHECKSIG
06:07:57 [DefaultDispatcher-worker-7] WalletTransactionMetadataProvider - metadata: TxOut of 0.00100001 DASH to ycupLKwc6Nr3JQiWTSLcEQ9VGB9y1j9Uh6 script:DUP HASH160 PUSHDATA(20)[b6021705f4019f17a8f5b13976301c2483e080b4] EQUALVERIFY CHECKSIG
06:07:57 [DefaultDispatcher-worker-6] WalletTransactionMetadataProvider - metadata: TxOut of 0.00100001 DASH to yLtZPMVu5UUN563dVpvtUfvn1tA8iweSa3 script:DUP HASH160 PUSHDATA(20)[06432f02234177404b087e9a61eb113265cd0319] EQUALVERIFY CHECKSIG
06:07:57 [DefaultDispatcher-worker-6] WalletTransactionMetadataProvider - metadata: TxOut of 0.00100001 DASH to yMeEZcByDGPsBHJf15KZfK4GPmVbiZsDMM script:DUP HASH160 PUSHDATA(20)[0e85c5eabcf3cfabaed46a05ecb646947ccd110e] EQUALVERIFY CHECKSIG
06:07:57 [DefaultDispatcher-worker-6] WalletTransactionMetadataProvider - metadata: TxOut of 0.00100001 DASH to yQmCnrHmaHENfLQwTnqVmms1RCdzWtxkXE script:DUP HASH160 PUSHDATA(20)[30bf9551e34b10591e186803e5c17b1b5230a922] EQUALVERIFY CHECKSIG
06:07:57 [DefaultDispatcher-worker-10] WalletTransactionMetadataProvider - metadata: TxOut of 0.00100001 DASH to yekRvjCmQppuZCJHpANTef84H1oL2iUxTj script:DUP HASH160 PUSHDATA(20)[ca2be4be1e4bfbb66b3aae24550cb4ec50f28ec2] EQUALVERIFY CHECKSIG
06:07:57 [DefaultDispatcher-worker-6] WalletTransactionMetadataProvider - metadata: TxOut of 0.00100001 DASH to yiHsgdWi33ybDkzEUXtRpcFbXhR8F6xRmx script:DUP HASH160 PUSHDATA(20)[f106aa9f602634e49d34d55d86473830c979d0bd] EQUALVERIFY CHECKSIG
06:07:57 [DefaultDispatcher-worker-6] WalletTransactionMetadataProvider - metadata: TxOut of 0.00100001 DASH to yiRKnmjN5ZqdUuv4PatPoRCJfQwS3mkLe9 script:DUP HASH160 PUSHDATA(20)[f26f5ecdc83ab5437f8f269ef6414d3069700547] EQUALVERIFY CHECKSIG
06:07:57 [DefaultDispatcher-worker-6] WalletTransactionMetadataProvider - metadata: TxOut of 1.08192553 DASH to yNgiECmUAQUZELJfA8V8EsMCB1XGc7h7Ey script:DUP HASH160 PUSHDATA(20)[19f5d3248566ab5218f75352a2e0f0ff8f70c8df] EQUALVERIFY CHECKSIG
06:07:57 [DefaultDispatcher-worker-6] WalletTransactionMetadataProvider - metadata: TxOut of 0.00020008 DASH to yNgiECmUAQUZELJfA8V8EsMCB1XGc7h7Ey script:DUP HASH160 PUSHDATA(20)[19f5d3248566ab5218f75352a2e0f0ff8f70c8df] EQUALVERIFY CHECKSIG
06:07:57 [DefaultDispatcher-worker-7] WalletTransactionMetadataProvider - metadata: TxOut of 0.0100001 DASH to yRCehxXSKReP1co8FHD4nGd2F4hDTBKtDC script:DUP HASH160 PUSHDATA(20)[358f9d992353a9eeaafbbac49418060f662d8c7b] EQUALVERIFY CHECKSIG
06:07:57 [DefaultDispatcher-worker-2] WalletTransactionMetadataProvider - metadata: TxOut of 0.0100001 DASH to yRRaZXifMGEwcSXwcS1buoscXugtVgB77A script:DUP HASH160 PUSHDATA(20)[3801901351037acc7fafae2ac7bb529986bfa5e4] EQUALVERIFY CHECKSIG
06:07:57 [DefaultDispatcher-worker-14] WalletTransactionMetadataProvider - metadata: TxOut of 0.0100001 DASH to yTfiJ5d6T85VS3b1B1KcHGr4HCdAVSsEro script:DUP HASH160 PUSHDATA(20)[509e17f19183f9c4ce954310c80536522d97bb80] EQUALVERIFY CHECKSIG
06:07:57 [DefaultDispatcher-worker-12] WalletTransactionMetadataProvider - metadata: TxOut of 0.0100001 DASH to yV61JSnwoKGvr3CChpjBW4j3uHbm5jcscq script:DUP HASH160 PUSHDATA(20)[602e6606647e7fd8761ab63b73df6ef63061518d] EQUALVERIFY CHECKSIG
06:07:57 [DefaultDispatcher-worker-12] WalletTransactionMetadataProvider - metadata: TxOut of 0.0100001 DASH to yWEmho1kmbCVtmHaCFFo5eEmpRXp9nozet script:DUP HASH160 PUSHDATA(20)[6cceeadb1c480f1ca8fb4084723e7071f88f07c1] EQUALVERIFY CHECKSIG
06:07:57 [DefaultDispatcher-worker-12] WalletTransactionMetadataProvider - metadata: TxOut of 0.0100001 DASH to yY5gdWhZjKFcA38yoWbAYyYYn8A5tnPaHZ script:DUP HASH160 PUSHDATA(20)[8107309dee9cc2bed1570d78583b4721b143f64a] EQUALVERIFY CHECKSIG
06:07:57 [DefaultDispatcher-worker-12] WalletTransactionMetadataProvider - metadata: TxOut of 0.0100001 DASH to yYPjTQXtcwWruMW4QSFEwYFdLkhH5Uscyi script:DUP HASH160 PUSHDATA(20)[8471093a0ac3c320729d286c6b775f4f9d29a186] EQUALVERIFY CHECKSIG
06:07:57 [DefaultDispatcher-worker-12] WalletTransactionMetadataProvider - metadata: TxOut of 0.0100001 DASH to yb2CU1ETUPbhy51SVdS8QBKwHg2Q382bNU script:DUP HASH160 PUSHDATA(20)[a146cf2ee51c06a6050f94e2003b23841892f53e] EQUALVERIFY CHECKSIG
06:07:57 [DefaultDispatcher-worker-14] WalletTransactionMetadataProvider - metadata: TxOut of 0.0100001 DASH to yh2SmvRVXeT5hJQaFeq3QgTtau94gYSQQp script:DUP HASH160 PUSHDATA(20)[e323822c94b0dc8832619ab7a4bf3f2a1efa1ba5] EQUALVERIFY CHECKSIG
06:07:57 [DefaultDispatcher-worker-14] WalletTransactionMetadataProvider - metadata: TxOut of 0.0100001 DASH to yhedtv1PEcjBdCrmXFqy3qDbvyvZQmV3Qi script:DUP HASH160 PUSHDATA(20)[e9fbc41f03cfd2b63845fed06ee3bf7e34eb7e1a] EQUALVERIFY CHECKSIG
06:07:57 [DefaultDispatcher-worker-14] WalletTransactionMetadataProvider - metadata: TxOut of 0.0100001 DASH to yhynoCDHj1cNqUZK3osfmdf4vJa7gB2Der script:DUP HASH160 PUSHDATA(20)[ed9b19907b7c3fb70d540888efb87496d8b026d6] EQUALVERIFY CHECKSIG
06:07:57 [DefaultDispatcher-worker-14] WalletTransactionMetadataProvider - metadata: TxOut of 0.055 DASH to ybGAd5GdXHj8npaCRM66Hq37hNKKZDPSVE script:DUP HASH160 PUSHDATA(20)[a3eb1802bbf2395f9c359abcea61708cfcc49677] EQUALVERIFY CHECKSIG
06:07:57 [DefaultDispatcher-worker-14] WalletTransactionMetadataProvider - metadata: TxOut of 108.0189902 DASH to ybmMWLnMDZF1U6wB2UZ5BpVvrmp5zb8zEe script:DUP HASH160 PUSHDATA(20)[a9703dfbd43131100f99ee82b4a90ad404a0d392] EQUALVERIFY CHECKSIG
06:07:57 [DefaultDispatcher-worker-12] WalletTransactionMetadataProvider - metadata: TxOut of 0.00100001 DASH to yNyXLxYKP64awqve6qCTzBWcurSPtUi2R4 script:DUP HASH160 PUSHDATA(20)[1d23cf9e09b14075774fa4f6d0e61d7e60de3ec4] EQUALVERIFY CHECKSIG
06:07:57 [DefaultDispatcher-worker-12] WalletTransactionMetadataProvider - metadata: TxOut of 0.00100001 DASH to yS176SteN8kNV6sLUmcto9JU1ZQ9UfFpHj script:DUP HASH160 PUSHDATA(20)[3e58c6f91819d778dfcef07df599ea255344c4d1] EQUALVERIFY CHECKSIG
06:07:57 [DefaultDispatcher-worker-12] WalletTransactionMetadataProvider - metadata: TxOut of 0.00100001 DASH to yVrC2MvkdKgXLTFHBNBGkX6cAEnb9QQBbn script:DUP HASH160 PUSHDATA(20)[6889a6d633e16701681087f5e5f66dbb54f93a9c] EQUALVERIFY CHECKSIG
06:07:57 [DefaultDispatcher-worker-9] WalletTransactionMetadataProvider - metadata: TxOut of 1.00001 DASH to yWvrLXAMfPcy3Tv6cD7qEzLYYWZHtiV7Jr script:DUP HASH160 PUSHDATA(20)[74636c6a169803af93f5d22552eb8dbd2be74469] EQUALVERIFY CHECKSIG
06:07:57 [DefaultDispatcher-worker-9] WalletTransactionMetadataProvider - metadata: TxOut of 1.00001 DASH to yZ8dw2pcVDAaEaiAvBq37MR9o9Q1bk3pud script:DUP HASH160 PUSHDATA(20)[8c8e4fbb3081b4182c5ff1d990faac84a9b17cc9] EQUALVERIFY CHECKSIG
06:07:57 [DefaultDispatcher-worker-12] WalletTransactionMetadataProvider - metadata: TxOut of 1.00001 DASH to yaSS7YV5MuguU9r6jhkJx2dia1Kf7wpfZ2 script:DUP HASH160 PUSHDATA(20)[9ae40f0941fcc8a1d21a61d537e7822dd4bef63a] EQUALVERIFY CHECKSIG
06:07:57 [DefaultDispatcher-worker-12] WalletTransactionMetadataProvider - metadata: TxOut of 1.00001 DASH to yepx8AcJaKssGdMHqFu1YFfrsE2Nv98T5V script:DUP HASH160 PUSHDATA(20)[cb06c3c581c7a09a188d43a37d1b773d14c0fb4f] EQUALVERIFY CHECKSIG
06:07:57 [DefaultDispatcher-worker-12] WalletTransactionMetadataProvider - metadata: TxOut of 0.001 DASH to ySo6TPETgwAPqX3BszvyRjj75UV3f3L6yd script:DUP HASH160 PUSHDATA(20)[470b60c834435f2caa12390036a603cd99c5e6c3] EQUALVERIFY CHECKSIG
06:07:57 [DefaultDispatcher-worker-12] WalletTransactionMetadataProvider - metadata: TxOut of 0.00899773 DASH to yf4cwEzd8QWoRXELKdcBAmYsd1hTkh2nSp script:DUP HASH160 PUSHDATA(20)[cd9c9210c106ae04475bf0f3b004142843740c2a] EQUALVERIFY CHECKSIG
06:07:57 [DefaultDispatcher-worker-9] WalletTransactionMetadataProvider - metadata: TxOut of 0.00100001 DASH to yLLEA9tAQFpgxnGemZ21GLetAvtknSZeKz script:DUP HASH160 PUSHDATA(20)[0025d28d07791626e27266f6a1ea514e0df2bd28] EQUALVERIFY CHECKSIG
06:07:57 [DefaultDispatcher-worker-9] WalletTransactionMetadataProvider - metadata: TxOut of 0.00100001 DASH to yMScrrXzU55Az4kWTReJ3gEZgffjoGZgP6 script:DUP HASH160 PUSHDATA(20)[0c5364fc6fcc1bbc47f3c17ae744bb71e2621bd6] EQUALVERIFY CHECKSIG
06:07:57 [DefaultDispatcher-worker-14] WalletTransactionMetadataProvider - metadata: TxOut of 0.00100001 DASH to yNB2et1W4DY8WcCXSx2bZM2eJPSwfKaGri script:DUP HASH160 PUSHDATA(20)[1458ba0a5951d429a3ca4439a766fe6e870840be] EQUALVERIFY CHECKSIG
06:07:57 [DefaultDispatcher-worker-14] WalletTransactionMetadataProvider - metadata: TxOut of 0.00100001 DASH to yc58UD6tZGoTtPRZf2zfz1EeHHtsCxhx4T script:DUP HASH160 PUSHDATA(20)[acccd8cde96dc3f8d594dd839246275837d1f9cc] EQUALVERIFY CHECKSIG
06:07:57 [DefaultDispatcher-worker-12] WalletTransactionMetadataProvider - metadata: TxOut of 0.00100001 DASH to yi8C1x971vctfCGn35WroZU3kWMK7gtESz script:DUP HASH160 PUSHDATA(20)[ef31cf834e29594858aa1a28aa32ff5f064b23f2] EQUALVERIFY CHECKSIG
06:07:57 [DefaultDispatcher-worker-9] WalletTransactionMetadataProvider - metadata: TxOut of 0.09999807 DASH to yTYHZY4pDYUnguuFEMrcdp654rqjZwafUt script:DUP HASH160 PUSHDATA(20)[4f368909237faf8b37d12bc5a6bba43909b60b6a] EQUALVERIFY CHECKSIG
06:07:57 [DefaultDispatcher-worker-14] WalletTransactionMetadataProvider - metadata: TxOut of 0.033 DASH to ygUr8UUPUdMyvJDi1WC3vdMhRcJJqRtfmM script:DUP HASH160 PUSHDATA(20)[dd29b1651e69ed8b75ff2ddfdd1029c98a716f62] EQUALVERIFY CHECKSIG
06:07:57 [DefaultDispatcher-worker-14] WalletTransactionMetadataProvider - metadata: TxOut of 713.83758652 DASH to ybVnU3BrTsxyg6bESYLAqqbck2DaJydT22 script:DUP HASH160 PUSHDATA(20)[a67e6c2b275e0ebed0e5ecd96de8b0f4ee77807b] EQUALVERIFY CHECKSIG
06:07:57 [DefaultDispatcher-worker-2] WalletTransactionMetadataProvider - metadata: TxOut of 0.00100001 DASH to yLKmpeP1Ju2QPiqUfthZ5N2XF21BPGJKve script:DUP HASH160 PUSHDATA(20)[000fd685f142051d64c7bcbecce2ce1613134c9f] EQUALVERIFY CHECKSIG
06:07:57 [DefaultDispatcher-worker-14] WalletTransactionMetadataProvider - metadata: TxOut of 0.00100001 DASH to yLdbRFx2osuAxdyK3mYn7x8XocjkFBxTCp script:DUP HASH160 PUSHDATA(20)[036ea420a59952c582c2072256dd1d76d16dea41] EQUALVERIFY CHECKSIG
06:07:57 [DefaultDispatcher-worker-14] WalletTransactionMetadataProvider - metadata: TxOut of 0.00100001 DASH to yLe9KcaKhNrYRHnfDPf83vNJ7wMokcqPR5 script:DUP HASH160 PUSHDATA(20)[038945ab160652dd3d3b359810976d2deeead94d] EQUALVERIFY CHECKSIG
06:07:57 [DefaultDispatcher-worker-12] WalletTransactionMetadataProvider - metadata: TxOut of 0.00100001 DASH to yLrfKDjro184gGCTFJe42BxChxHDfSkJPv script:DUP HASH160 PUSHDATA(20)[05e74cfe51ffa4c9f3fa5e2e907445dae12210fc] EQUALVERIFY CHECKSIG
06:07:57 [DefaultDispatcher-worker-12] WalletTransactionMetadataProvider - metadata: TxOut of 0.00100001 DASH to yPdRxRsiZfdMySLTdKcqvVd6p6wSALWwqk script:DUP HASH160 PUSHDATA(20)[244f1e98f78551e0327904f1cd7f9afe12ff05fd] EQUALVERIFY CHECKSIG
06:07:57 [DefaultDispatcher-worker-12] WalletTransactionMetadataProvider - metadata: TxOut of 0.00100001 DASH to yQa2mtNkW7ZMsrXsJv1m7WbfhfETaPAoYR script:DUP HASH160 PUSHDATA(20)[2ea2a5706c2b852eb540d18fbf0ab5074e08702f] EQUALVERIFY CHECKSIG
06:07:57 [DefaultDispatcher-worker-12] WalletTransactionMetadataProvider - metadata: TxOut of 0.00100001 DASH to ySXVSV7GCg6FLmL8pRkmA16P1QDf8vr2Sg script:DUP HASH160 PUSHDATA(20)[4417e8bf0a986a89254619c57850557d19b3638d] EQUALVERIFY CHECKSIG
06:07:57 [DefaultDispatcher-worker-12] WalletTransactionMetadataProvider - metadata: TxOut of 0.00100001 DASH to yXqzP8d8DYADtNRgLJ5j3AUCJqCCYjPsSy script:DUP HASH160 PUSHDATA(20)[7e702f63cde25d7bb760f2d2ddabca16b7727b6e] EQUALVERIFY CHECKSIG
06:07:57 [DefaultDispatcher-worker-2] WalletTransactionMetadataProvider - metadata: TxOut of 0.00100001 DASH to yYAQa4LK53yt7ZUy7kznZ8qbgQSraxatr1 script:DUP HASH160 PUSHDATA(20)[81ebdd26b04228a10f5cca5af6c9cba48d9f5852] EQUALVERIFY CHECKSIG
06:07:57 [DefaultDispatcher-worker-12] WalletTransactionMetadataProvider - metadata: TxOut of 0.00100001 DASH to ybHs69NX89z1jHqVSN1eUrh8vBmEFDCxMr script:DUP HASH160 PUSHDATA(20)[a43d4a28bac689a29ac15447f2f4190025e68ebc] EQUALVERIFY CHECKSIG
06:07:57 [DefaultDispatcher-worker-12] WalletTransactionMetadataProvider - metadata: TxOut of 0.00100001 DASH to yc2qcmUCuSyAziPVHQrTcfi4NwcWE6r4k4 script:DUP HASH160 PUSHDATA(20)[ac5df27f3b0ac5aaee89f0e971b89096aab900f4] EQUALVERIFY CHECKSIG
06:07:57 [DefaultDispatcher-worker-2] WalletTransactionMetadataProvider - metadata: TxOut of 0.00100001 DASH to ye8M1bgotmJazBakFPHKLCjZepPcav1QKN script:DUP HASH160 PUSHDATA(20)[c358d0b18089e80f801486619cbd08f646e361cc] EQUALVERIFY CHECKSIG
06:07:57 [DefaultDispatcher-worker-12] WalletTransactionMetadataProvider - metadata: TxOut of 0.00100001 DASH to yeFFMiyR8HCZyTPiXAzhN4LNdF9mTFQnWN script:DUP HASH160 PUSHDATA(20)[c4a7020f7d6c46c097fa00bf5c4765f90d9ae9e8] EQUALVERIFY CHECKSIG
06:07:57 [DefaultDispatcher-worker-14] WalletTransactionMetadataProvider - metadata: TxOut of 0.00100001 DASH to yfCJZDvHUi8JWxsS5bPD8SUW7KWdfDYE44 script:DUP HASH160 PUSHDATA(20)[cf108e43ac4b5750675009492dd0c7f8de3a27f8] EQUALVERIFY CHECKSIG
06:07:57 [DefaultDispatcher-worker-14] WalletTransactionMetadataProvider - metadata: TxOut of 0.00100001 DASH to yhzaUyN3QEPWiHLTyfXLPjwU355u8ZVkWM script:DUP HASH160 PUSHDATA(20)[edc13c89aedfe6bee425753e556da1584b978cbc] EQUALVERIFY CHECKSIG
06:07:57 [DefaultDispatcher-worker-14] WalletTransactionMetadataProvider - metadata: TxOut of 0.00100001 DASH to yS2iV4ogMpLeQhzrinzyUdMeNYdaDKsa2q script:DUP HASH160 PUSHDATA(20)[3ea6bc3adbe4f1259322891bb32442fa128a0274] EQUALVERIFY CHECKSIG
06:07:57 [DefaultDispatcher-worker-14] WalletTransactionMetadataProvider - metadata: TxOut of 0.00100001 DASH to yT9hRNtLdGzxKCmfqenQcTgFXn19ubLaPi script:DUP HASH160 PUSHDATA(20)[4af0e28bfbc782f79942f64ea1296fe9c3eee44c] EQUALVERIFY CHECKSIG
06:07:57 [DefaultDispatcher-worker-2] WalletTransactionMetadataProvider - metadata: TxOut of 0.00100001 DASH to yWBu6ZNgBJnfxWgZ2twSPfGhVoQq4oHnDp script:DUP HASH160 PUSHDATA(20)[6c43d728cea7f9cdd9a32c4848f2642be4126ea3] EQUALVERIFY CHECKSIG
06:07:57 [DefaultDispatcher-worker-14] WalletTransactionMetadataProvider - metadata: TxOut of 0.00100001 DASH to yWFWWYi783rRZxWdzT8wjpnPrd7M1VtbeN script:DUP HASH160 PUSHDATA(20)[6cf2a66f15cc60cea76fbb5507263be27a988ca0] EQUALVERIFY CHECKSIG
06:07:57 [DefaultDispatcher-worker-12] WalletTransactionMetadataProvider - metadata: TxOut of 0.00100001 DASH to yZBNHL7NvAY6gJXR5dfzR5gCedq92TNUEC script:DUP HASH160 PUSHDATA(20)[8d127ecefb046f3737ab262ff36c14052a12e544] EQUALVERIFY CHECKSIG
06:07:57 [DefaultDispatcher-worker-14] WalletTransactionMetadataProvider - metadata: TxOut of 0.00100001 DASH to yddKduEtAyH6LiuHDzUjBikUYWqW2jtKuD script:DUP HASH160 PUSHDATA(20)[bddb9af3c243fecdeef1653462c36893a0ea6f4a] EQUALVERIFY CHECKSIG
06:07:57 [DefaultDispatcher-worker-12] WalletTransactionMetadataProvider - metadata: TxOut of 0.00100001 DASH to yhDfXRFesPizFKmcx4NUnSgui2GgtbNDjZ script:DUP HASH160 PUSHDATA(20)[e542ba2968b2acbd590c192fd6a0c687e0081a0a] EQUALVERIFY CHECKSIG
06:07:57 [DefaultDispatcher-worker-12] WalletTransactionMetadataProvider - metadata: TxOut of 0.00100001 DASH to yjLJqPHYEEBd2qE8juEYZ17rs9QwtH5TM3 script:DUP HASH160 PUSHDATA(20)[fc749e80bbe7ff729c48dcc93dea7a34bf57aab3] EQUALVERIFY CHECKSIG
06:07:57 [DefaultDispatcher-worker-14] WalletTransactionMetadataProvider - metadata: TxOut of 0.0100001 DASH to ybqEF1AiwhdwjtQrRw7DoiXgc9KTUxQDgj script:DUP HASH160 PUSHDATA(20)[aa2bd78792c67a0fab141c134a5c25dbf3353617] EQUALVERIFY CHECKSIG
06:07:57 [DefaultDispatcher-worker-14] WalletTransactionMetadataProvider - metadata: TxOut of 0.0100001 DASH to ydQP5o9SG5Q1JmaciCpzxNGxfgBNH2zQDg script:DUP HASH160 PUSHDATA(20)[bb6913224f2039bd20ab2eacf74d7be9b6db312a] EQUALVERIFY CHECKSIG
06:07:57 [DefaultDispatcher-worker-12] WalletTransactionMetadataProvider - metadata: TxOut of 0.0100001 DASH to yf45XmVh8qjP9NUXWfDTo8SsB3LRatcWMw script:DUP HASH160 PUSHDATA(20)[cd825aefe4043651d9ab351f4b2e4b9cb5506576] EQUALVERIFY CHECKSIG
06:07:57 [DefaultDispatcher-worker-14] WalletTransactionMetadataProvider - metadata: TxOut of 0.0100001 DASH to yfJy1kjbRZf1udqXS6Xa3MXjoBAkDeuASv script:DUP HASH160 PUSHDATA(20)[d0532775d94e27b60b26080acf0e8add251153f7] EQUALVERIFY CHECKSIG
06:07:57 [DefaultDispatcher-worker-11] WalletTransactionMetadataProvider - metadata: TxOut of 0.00100001 DASH to yNkTmDvTsSAUUujzSSYkyjyqVh2H1JTXDq script:DUP HASH160 PUSHDATA(20)[1aab69e88342e439ce6aaf8a398e44eaeaad2773] EQUALVERIFY CHECKSIG
06:07:57 [DefaultDispatcher-worker-14] WalletTransactionMetadataProvider - metadata: TxOut of 0.00100001 DASH to yW1LdCfVKoDHtT7zBXpU5Do7asHxcqURRV script:DUP HASH160 PUSHDATA(20)[6a44932a0d7127568528f0cec8fb2248abd2624e] EQUALVERIFY CHECKSIG
06:07:57 [DefaultDispatcher-worker-1] WalletTransactionMetadataProvider - metadata: TxOut of 0.00100001 DASH to ydbwwgv2p9rHrrUw8qeh6LXWrGcvo3WCGE script:DUP HASH160 PUSHDATA(20)[bd9914a571292aa820df11002bda7f41ffdf7555] EQUALVERIFY CHECKSIG
06:07:57 [DefaultDispatcher-worker-12] WalletTransactionMetadataProvider - metadata: TxOut of 0.00100001 DASH to yhhWmHmUYureZmvZbMGqmCyBv9SEGaby98 script:DUP HASH160 PUSHDATA(20)[ea870f99aada339e16fd171058b668945cc89357] EQUALVERIFY CHECKSIG
06:07:57 [DefaultDispatcher-worker-12] WalletTransactionMetadataProvider - metadata: TxOut of 0.00100001 DASH to yQkTnGP2BRuV9vbrvAnvp88aWrENANnoAg script:DUP HASH160 PUSHDATA(20)[309bae266f1a21d40170031d4eab3140751118db] EQUALVERIFY CHECKSIG
06:07:57 [DefaultDispatcher-worker-12] WalletTransactionMetadataProvider - metadata: TxOut of 0.00100001 DASH to yZG3rkHJiWaKQZok7mZzoXauStM8p8NjJK script:DUP HASH160 PUSHDATA(20)[8df532196324adf7c8f6c6d91e6f9717679a08f3] EQUALVERIFY CHECKSIG
06:07:57 [DefaultDispatcher-worker-12] WalletTransactionMetadataProvider - metadata: TxOut of 0.00100001 DASH to ybeaBEqfaXyYrjKuwreA5m4LMicKqd25r4 script:DUP HASH160 PUSHDATA(20)[a827e845cb176461bff420ffea074a82a8bb8e57] EQUALVERIFY CHECKSIG
06:07:57 [DefaultDispatcher-worker-12] WalletTransactionMetadataProvider - metadata: TxOut of 0.00100001 DASH to ydZrJYo6F2bdjVXTHdfYmJEUz8mFFKbD8R script:DUP HASH160 PUSHDATA(20)[bd338a57dd2475cc81d933b65838c33f511b3b73] EQUALVERIFY CHECKSIG
06:07:57 [DefaultDispatcher-worker-11] WalletTransactionMetadataProvider - metadata: TxOut of 0.00100001 DASH to yLYvaSzGJMyHiQmdaPDVtqHcPukJX1kBY4 script:DUP HASH160 PUSHDATA(20)[028c8dd207492903c54759f9dcf8768dd1e46651] EQUALVERIFY CHECKSIG
06:07:57 [DefaultDispatcher-worker-11] WalletTransactionMetadataProvider - metadata: TxOut of 0.00100001 DASH to yNaBPEhXJh3mdykVEuGX3JmoaFmafpn5mb script:DUP HASH160 PUSHDATA(20)[18b994de728cfe237f6161299805a4ddf1f64dfc] EQUALVERIFY CHECKSIG
06:07:57 [DefaultDispatcher-worker-11] WalletTransactionMetadataProvider - metadata: TxOut of 0.00100001 DASH to ybufnD1P2J5PSTDTzgnKMvxeZFAoU5KtVt script:DUP HASH160 PUSHDATA(20)[ab02d2e53899a18228fcce4ef22eac57330d27fb] EQUALVERIFY CHECKSIG
06:07:57 [DefaultDispatcher-worker-2] WalletTransactionMetadataProvider - metadata: TxOut of 0.00100001 DASH to yh2Xyp6mxfXLUQRTDSLhA26YiuyFDuEXfo script:DUP HASH160 PUSHDATA(20)[e327da79dfe79afdcae19a7f4f2fd913ce1ddc77] EQUALVERIFY CHECKSIG
06:07:57 [DefaultDispatcher-worker-1] WalletTransactionMetadataProvider - metadata: TxOut of 0.00100001 DASH to yMNQsdiHvmYMuDC3nVbWNZGPJxPGxJmvXf script:DUP HASH160 PUSHDATA(20)[0b87b988df3b505290dbbc62c006377d8a6c426a] EQUALVERIFY CHECKSIG
06:07:57 [DefaultDispatcher-worker-1] WalletTransactionMetadataProvider - metadata: TxOut of 0.00100001 DASH to yMtrjDiyiPipDssELxk9XodT5a3BmLTQSq script:DUP HASH160 PUSHDATA(20)[1149c9455007b7815d8f487ec954fb11d7eeb2b8] EQUALVERIFY CHECKSIG
06:07:57 [DefaultDispatcher-worker-1] WalletTransactionMetadataProvider - metadata: TxOut of 0.00100001 DASH to yScnwcDPuf5fqjuEbwAv6kuqPedLVe7Ga3 script:DUP HASH160 PUSHDATA(20)[451899582b0c96ad0109810e95972aadcd00d950] EQUALVERIFY CHECKSIG
06:07:57 [DefaultDispatcher-worker-1] WalletTransactionMetadataProvider - metadata: TxOut of 0.00100001 DASH to ySixjPq4quV7PXLbpCte2TmiDYQuRSSvg3 script:DUP HASH160 PUSHDATA(20)[4643443df0c1f8616fe1e2b9b4cef9b79322f3ad] EQUALVERIFY CHECKSIG
06:07:57 [DefaultDispatcher-worker-1] WalletTransactionMetadataProvider - metadata: TxOut of 0.00100001 DASH to yVmi7nWsDuKjFLN82RcdLRHrWff21GVJkA script:DUP HASH160 PUSHDATA(20)[67b0b154bc0112f139494f418b1f28c61dccdeb4] EQUALVERIFY CHECKSIG
06:07:57 [DefaultDispatcher-worker-1] WalletTransactionMetadataProvider - metadata: TxOut of 0.00100001 DASH to ya2bLSwkjBZqVsaVJtiwPMMXyJeEHqkvsk script:DUP HASH160 PUSHDATA(20)[9661c631f758280ce376039bdcf506280b3b9f11] EQUALVERIFY CHECKSIG
06:07:57 [DefaultDispatcher-worker-1] WalletTransactionMetadataProvider - metadata: TxOut of 0.00100001 DASH to yaFKUBGD8BHN4vSt2UYgBeqmg12MkmWYaD script:DUP HASH160 PUSHDATA(20)[98c9efd3a9b2877c693c1adfbbdf3481cb3eef6d] EQUALVERIFY CHECKSIG
06:07:57 [DefaultDispatcher-worker-1] WalletTransactionMetadataProvider - metadata: TxOut of 0.00100001 DASH to yi2fRuX3UB1kco7RbUDpvbK5cdCJsRST17 script:DUP HASH160 PUSHDATA(20)[ee2632b3eee21855b33b515369bfa6e2a6497044] EQUALVERIFY CHECKSIG
06:07:57 [DefaultDispatcher-worker-9] WalletTransactionMetadataProvider - metadata: TxOut of 774.50877576 DASH to yd16inqRBV8wfdrTbFT4wsoYk4iwiBSPBr script:DUP HASH160 PUSHDATA(20)[b701d963a4958546fe77915b9ac9c8555e30aa10] EQUALVERIFY CHECKSIG
06:07:57 [DefaultDispatcher-worker-11] WalletTransactionMetadataProvider - metadata: TxOut of 11.00 DASH to yfedoLd3MpBZPM2rHAaH3etzZ2299jSKqW script:DUP HASH160 PUSHDATA(20)[d40b6f2d43ec8abed87eec0221fdfe72ea53c57f] EQUALVERIFY CHECKSIG
06:07:57 [DefaultDispatcher-worker-11] WalletTransactionMetadataProvider - metadata: TxOut of 0.00 DASH (unknown type) script:RETURN
06:07:57 [DefaultDispatcher-worker-1] WalletTransactionMetadataProvider - metadata: TxOut of 8.02787637 DASH to yNgiECmUAQUZELJfA8V8EsMCB1XGc7h7Ey script:DUP HASH160 PUSHDATA(20)[19f5d3248566ab5218f75352a2e0f0ff8f70c8df] EQUALVERIFY CHECKSIG
06:07:57 [DefaultDispatcher-worker-1] WalletTransactionMetadataProvider - metadata: TxOut of 108.93297436 DASH to yhP9L7ez84EzxBxNXUYYTywf9smgb7Wte8 script:DUP HASH160 PUSHDATA(20)[e70dae6f9aa81feef511f71761329cdb0c862cb0] EQUALVERIFY CHECKSIG
06:07:57 [DefaultDispatcher-worker-1] WalletTransactionMetadataProvider - metadata: TxOut of 0.01 DASH (unknown type) script:RETURN PUSHDATA(20)[7ad86e95789a2ce033f00ad84058f6468da9f987]
06:07:57 [DefaultDispatcher-worker-11] WalletTransactionMetadataProvider - metadata: TxOut of 6.00 DASH to yhdcSiEctHa3f32javqAvBw4HDpZ38hVHP script:DUP HASH160 PUSHDATA(20)[e9ca2364b72630452fc32fe79d2d31f9e2791907] EQUALVERIFY CHECKSIG
06:07:57 [DefaultDispatcher-worker-11] WalletTransactionMetadataProvider - metadata: TxOut of 856.20860591 DASH to yWxNTtJmtnRZrBtzJ8J5n6jyRqQL1JEwYK script:DUP HASH160 PUSHDATA(20)[74acfcf9e594ab88d535385e770923003d97377e] EQUALVERIFY CHECKSIG
06:07:57 [DefaultDispatcher-worker-2] WalletTransactionMetadataProvider - metadata: TxOut of 0.00100001 DASH to yLv4EigVHywTFnLamr52aAc8gpSSpbo8WG script:DUP HASH160 PUSHDATA(20)[068baeec5acbd3ca9897d795ed85fb35cea56c4d] EQUALVERIFY CHECKSIG
06:07:57 [DefaultDispatcher-worker-2] WalletTransactionMetadataProvider - metadata: TxOut of 0.00100001 DASH to yP1QB22NZgqqoR54FqKCyJ5z6kM3cQM4ns script:DUP HASH160 PUSHDATA(20)[1d7ea8148fa327b5736d8ec915c13b24f8f708fb] EQUALVERIFY CHECKSIG
06:07:57 [DefaultDispatcher-worker-2] WalletTransactionMetadataProvider - metadata: TxOut of 0.00100001 DASH to yQsLJvvK96VVkGBGVN3iBSRy7TAabExofX script:DUP HASH160 PUSHDATA(20)[31e85af3779c052d8470e16077d681d5a7b69bf3] EQUALVERIFY CHECKSIG
06:07:57 [DefaultDispatcher-worker-2] WalletTransactionMetadataProvider - metadata: TxOut of 0.00100001 DASH to yRyuZG9qwWrqi6eA2hqQYRAp3QFsRYND8L script:DUP HASH160 PUSHDATA(20)[3e1ebae88908731e4e5bdfe12783d09aadd9bce2] EQUALVERIFY CHECKSIG
06:07:57 [DefaultDispatcher-worker-2] WalletTransactionMetadataProvider - metadata: TxOut of 0.00100001 DASH to yTYf3eLqwh3MCQWYYNkUnsLQo2aG4n8amQ script:DUP HASH160 PUSHDATA(20)[4f487841fdba3044b05bdede43336e7a3f63f495] EQUALVERIFY CHECKSIG
06:07:57 [DefaultDispatcher-worker-2] WalletTransactionMetadataProvider - metadata: TxOut of 0.00100001 DASH to yY9agAfhZh6XR8iC2cV2UH7kjKyFWtbA7p script:DUP HASH160 PUSHDATA(20)[81c3e22784c30f110c58854f99f798d57e7463de] EQUALVERIFY CHECKSIG
06:07:57 [DefaultDispatcher-worker-2] WalletTransactionMetadataProvider - metadata: TxOut of 0.00100001 DASH to yZy4GTA38xhAEHnYTvHn5vRjEEdLzsdn7o script:DUP HASH160 PUSHDATA(20)[95b6975f7ccbf38b45cbc8495e0adbdb1de2e3da] EQUALVERIFY CHECKSIG
06:07:57 [DefaultDispatcher-worker-1] WalletTransactionMetadataProvider - metadata: TxOut of 0.0100001 DASH to yS3YpgKskJEbUE3MGTxUhgz6w6Kupg2s6P script:DUP HASH160 PUSHDATA(20)[3ecf15ff29b8aa367814a34d82aad31c30ade3d7] EQUALVERIFY CHECKSIG
06:07:57 [DefaultDispatcher-worker-1] WalletTransactionMetadataProvider - metadata: TxOut of 0.0100001 DASH to ySYnkkcLHjLBsQeaBCU6wYxXPBRfDs62DS script:DUP HASH160 PUSHDATA(20)[4456c76767395f4545be8b48a2668d27b70aa622] EQUALVERIFY CHECKSIG
06:07:57 [DefaultDispatcher-worker-2] WalletTransactionMetadataProvider - metadata: TxOut of 0.0100001 DASH to yUBj2MSFhT896b3pxpQDxbbyHoZBTpri4n script:DUP HASH160 PUSHDATA(20)[564b2e4813a906874f3fefd547905f9fc820f156] EQUALVERIFY CHECKSIG
06:07:57 [DefaultDispatcher-worker-1] WalletTransactionMetadataProvider - metadata: TxOut of 0.0100001 DASH to yUK2moPSvgQ2F2DruF3LmXUa3du3LcjhKS script:DUP HASH160 PUSHDATA(20)[57ace8a1b0f633746008c514f5ad1d189c997e0f] EQUALVERIFY CHECKSIG
06:07:57 [DefaultDispatcher-worker-1] WalletTransactionMetadataProvider - metadata: TxOut of 0.0100001 DASH to yUdJYAACPQgddnra8o5LxPF4Nd49Sx9bqq script:DUP HASH160 PUSHDATA(20)[5b218e4a14257f36399e09742d8f38dd2706427f] EQUALVERIFY CHECKSIG
06:07:57 [DefaultDispatcher-worker-14] WalletTransactionMetadataProvider - metadata: TxOut of 0.0100001 DASH to yYXYk6mAARmNJTJy1hWBUCuMrEmRw9Dazq script:DUP HASH160 PUSHDATA(20)[85eb6bf1dc17ecbc13eab1ff63df3a6fcd9b2f53] EQUALVERIFY CHECKSIG
06:07:57 [DefaultDispatcher-worker-14] WalletTransactionMetadataProvider - metadata: TxOut of 0.0100001 DASH to yZSHMTcVRQoHF43cgxKHHGLWrgtJfUj8nV script:DUP HASH160 PUSHDATA(20)[8fe49ed371abc1c2cac71b4a85a0c81caa949bc0] EQUALVERIFY CHECKSIG
06:07:57 [DefaultDispatcher-worker-14] WalletTransactionMetadataProvider - metadata: TxOut of 10.0001 DASH to yLU19cWdYuX2syyNjfnRjFZEhk9Lv6AEX1 script:DUP HASH160 PUSHDATA(20)[019e4a5f8f9d090028e44b6506b4486b014b91da] EQUALVERIFY CHECKSIG
06:07:57 [DefaultDispatcher-worker-14] WalletTransactionMetadataProvider - metadata: TxOut of 10.0001 DASH to yeFmscyvc4FNsCdNXi5VsjukUyddrfBMDf script:DUP HASH160 PUSHDATA(20)[c4c07b278f417dcaafafb9714d5769252571dabf] EQUALVERIFY CHECKSIG
06:07:57 [DefaultDispatcher-worker-11] WalletTransactionMetadataProvider - metadata: TxOut of 0.00020016 DASH to yNgiECmUAQUZELJfA8V8EsMCB1XGc7h7Ey script:DUP HASH160 PUSHDATA(20)[19f5d3248566ab5218f75352a2e0f0ff8f70c8df] EQUALVERIFY CHECKSIG
06:07:57 [DefaultDispatcher-worker-11] WalletTransactionMetadataProvider - metadata: TxOut of 0.00020008 DASH to yNgiECmUAQUZELJfA8V8EsMCB1XGc7h7Ey script:DUP HASH160 PUSHDATA(20)[19f5d3248566ab5218f75352a2e0f0ff8f70c8df] EQUALVERIFY CHECKSIG
06:07:57 [DefaultDispatcher-worker-11] WalletTransactionMetadataProvider - metadata: TxOut of 0.00100001 DASH to yMiaFHhtzd9t8oiqo7f3L8equD2kP6hCHq script:DUP HASH160 PUSHDATA(20)[0f57de540bd1dbe3647f693568665ceb264f95b0] EQUALVERIFY CHECKSIG
06:07:57 [DefaultDispatcher-worker-11] WalletTransactionMetadataProvider - metadata: TxOut of 0.00100001 DASH to yXfKF8cY7wb7ZatJ1z7J184irtnEQmKpWz script:DUP HASH160 PUSHDATA(20)[7c6b5ad3f4b9b5f49f26d9bd250483aabb768c1b] EQUALVERIFY CHECKSIG
06:07:57 [DefaultDispatcher-worker-11] WalletTransactionMetadataProvider - metadata: TxOut of 0.00100001 DASH to yXiW3EdNYRDdxzqtrbPqRN1SK28gXr35c7 script:DUP HASH160 PUSHDATA(20)[7d059d223a7b0fd88a0fe7a08f3a79b6a166dec4] EQUALVERIFY CHECKSIG
06:07:57 [DefaultDispatcher-worker-11] WalletTransactionMetadataProvider - metadata: TxOut of 0.00100001 DASH to yd1EzJRvnWgJLBRiypDUhHWr2D84d1kuZi script:DUP HASH160 PUSHDATA(20)[b708c01ecb7acad01caee4399814c179321a06b7] EQUALVERIFY CHECKSIG
06:07:57 [DefaultDispatcher-worker-11] WalletTransactionMetadataProvider - metadata: TxOut of 0.0100001 DASH to yM2NrC4SyAL5bvvHSHf1F9XL2u2xYLCusr script:DUP HASH160 PUSHDATA(20)[07bdb719a67455eb81391c04922f3327c7e4257f] EQUALVERIFY CHECKSIG
06:07:57 [DefaultDispatcher-worker-11] WalletTransactionMetadataProvider - metadata: TxOut of 0.0100001 DASH to yN4PVAoxRmMKrw9uNs4SfZH1CJrzt9PXpS script:DUP HASH160 PUSHDATA(20)[13173484bbea446add6a5e88b60033edf4ff0089] EQUALVERIFY CHECKSIG
06:07:57 [DefaultDispatcher-worker-11] WalletTransactionMetadataProvider - metadata: TxOut of 0.0100001 DASH to yY8iBTQsS576wBffd2CUZ6xpExUaiVETd9 script:DUP HASH160 PUSHDATA(20)[8199bb77953508f30ac44afd2b976dcdbb5afc57] EQUALVERIFY CHECKSIG
06:07:57 [DefaultDispatcher-worker-11] WalletTransactionMetadataProvider - metadata: TxOut of 0.0100001 DASH to yaRi2jGMghKKKxUvPdUHRDJuckGLKf1oLE script:DUP HASH160 PUSHDATA(20)[9ac0edfb2d1aa225ec37e4ea8f6ea55e10c8900e] EQUALVERIFY CHECKSIG
06:07:57 [DefaultDispatcher-worker-7] WalletTransactionMetadataProvider - metadata: TxOut of 0.0100001 DASH to yeuyhqwHhx8pu1SZa1vNNmej5Peu6XpwHp script:DUP HASH160 PUSHDATA(20)[cbfa29fc585285a1121f8724918bd39214392cd2] EQUALVERIFY CHECKSIG
06:07:57 [DefaultDispatcher-worker-11] WalletTransactionMetadataProvider - metadata: TxOut of 0.100001 DASH to yM6JUmAkXuGBHReTV9gVLQkXyMhJchhyFZ script:DUP HASH160 PUSHDATA(20)[087bbb4c5b30779073c2d9e16d51ed9c1f60e40c] EQUALVERIFY CHECKSIG
06:07:57 [DefaultDispatcher-worker-11] WalletTransactionMetadataProvider - metadata: TxOut of 0.100001 DASH to yU1UkrtKWWc9gRyrG9K3cTw7q5stek5g3q script:DUP HASH160 PUSHDATA(20)[545b1c91012e379912ca852bf3e4201fb85448bc] EQUALVERIFY CHECKSIG
06:07:57 [DefaultDispatcher-worker-11] WalletTransactionMetadataProvider - metadata: TxOut of 0.100001 DASH to yUv3rv31SvWTETKMYTnx4qNtWzbDSUrfmA script:DUP HASH160 PUSHDATA(20)[5e4c60311a72bb30b3534d7545431abe80c6e8f3] EQUALVERIFY CHECKSIG
06:07:57 [DefaultDispatcher-worker-11] WalletTransactionMetadataProvider - metadata: TxOut of 0.100001 DASH to yX2K9iQxh9irLpdse2eaf4AiFQHUoXq6qJ script:DUP HASH160 PUSHDATA(20)[756be2e0dc4fd7a2e5433a0786fd77a53dbc7efa] EQUALVERIFY CHECKSIG
06:07:57 [DefaultDispatcher-worker-11] WalletTransactionMetadataProvider - metadata: TxOut of 0.100001 DASH to yc3g8UF5q8r9kN3fR34gB35ZspDVofggfD script:DUP HASH160 PUSHDATA(20)[ac86717127062c6924833d12dcd37521f0890cd2] EQUALVERIFY CHECKSIG
06:07:57 [DefaultDispatcher-worker-11] WalletTransactionMetadataProvider - metadata: TxOut of 0.100001 DASH to yeFFVf6dF5MFELaGs6NWQdBJ1tNve7SCqv script:DUP HASH160 PUSHDATA(20)[c4a71f4a368a8f2c2d9ba56d348425409c487aa1] EQUALVERIFY CHECKSIG
06:07:57 [DefaultDispatcher-worker-11] WalletTransactionMetadataProvider - metadata: TxOut of 0.100001 DASH to yhi55A6i6mUMVLvzQ8jBs3FX1fYKXQfoJy script:DUP HASH160 PUSHDATA(20)[eaa207c53b2579bd1ac1291dd40a154ea6785642] EQUALVERIFY CHECKSIG
06:07:57 [DefaultDispatcher-worker-11] WalletTransactionMetadataProvider - metadata: TxOut of 0.100001 DASH to yi4PFnvKBi6diM1FLRtxLfUxV6wEPc5LWY script:DUP HASH160 PUSHDATA(20)[ee79873e36012c41ffa8bdfe8b7e2f8ec90184a2] EQUALVERIFY CHECKSIG
06:07:57 [DefaultDispatcher-worker-14] WalletTransactionMetadataProvider - metadata: TxOut of 0.00999548 DASH to yZzqoJAt5bZQjYFqxQKVXv4AtDDNzgABfC script:DUP HASH160 PUSHDATA(20)[960d03eb058ad1ba5e2fedd4cd67002eecc58361] EQUALVERIFY CHECKSIG
06:07:57 [DefaultDispatcher-worker-11] WalletTransactionMetadataProvider - metadata: TxOut of 0.01 DASH to yWwbfjQX5evFppdb5o8CbEwiH3ba8sJQHG script:DUP HASH160 PUSHDATA(20)[748798365f5e0f6af92f8b38ac96af7e60376ed7] EQUALVERIFY CHECKSIG
06:07:57 [DefaultDispatcher-worker-14] WalletTransactionMetadataProvider - metadata: TxOut of 0.100001 DASH to yPX4f7G7cyPu6vduEDm2MUeKaLc31jTnJ8 script:DUP HASH160 PUSHDATA(20)[231ad8340e170f8565472e1a7adb7cb4002022ba] EQUALVERIFY CHECKSIG
06:07:57 [DefaultDispatcher-worker-2] WalletTransactionMetadataProvider - metadata: TxOut of 0.100001 DASH to yTSboxJHDKTRc9WyyNAWxdeARtHve1t7CK script:DUP HASH160 PUSHDATA(20)[4e2345ce0186401db9f755d9b86923f501418ef2] EQUALVERIFY CHECKSIG
06:07:57 [DefaultDispatcher-worker-2] WalletTransactionMetadataProvider - metadata: TxOut of 0.100001 DASH to yVGnTFBgxKaYMivQxb5EU5TjMFUnZqZVEL script:DUP HASH160 PUSHDATA(20)[62383fb8b5c55f19b2d4275d5abc46f5da31646f] EQUALVERIFY CHECKSIG
06:07:57 [DefaultDispatcher-worker-2] WalletTransactionMetadataProvider - metadata: TxOut of 0.100001 DASH to yeU8vjitYxEfxv59RRXejFkd5sxJLefZe9 script:DUP HASH160 PUSHDATA(20)[c7170c212722a7a63db9a955f6ff60880d9326dd] EQUALVERIFY CHECKSIG
06:07:57 [DefaultDispatcher-worker-7] WalletTransactionMetadataProvider - metadata: TxOut of 0.00100001 DASH to yLqw1BCfeZb4H8PW7HiSpif4Z1U7RvRC73 script:DUP HASH160 PUSHDATA(20)[05c3fb31cd423a75b89cf467d7914ba3475b249d] EQUALVERIFY CHECKSIG
06:07:57 [DefaultDispatcher-worker-7] WalletTransactionMetadataProvider - metadata: TxOut of 0.00100001 DASH to yP9CxBCvVyaEqf7RPVkkouiPq9URZUbG2U script:DUP HASH160 PUSHDATA(20)[1ef89dfa223b1c0aa6801010ef295655bf085b90] EQUALVERIFY CHECKSIG
06:07:57 [DefaultDispatcher-worker-7] WalletTransactionMetadataProvider - metadata: TxOut of 0.00100001 DASH to yPXKifKxoq9W9uDYwWexPR3narv3yTMJYt script:DUP HASH160 PUSHDATA(20)[23276ac3a77dc672d279a76353e03d65edf5f528] EQUALVERIFY CHECKSIG
06:07:57 [DefaultDispatcher-worker-2] WalletTransactionMetadataProvider - metadata: TxOut of 0.00100001 DASH to yRwneAtjjhS9mSM7wpxYfejMUM5ckwEY34 script:DUP HASH160 PUSHDATA(20)[3db8202341057f1336b23dce9d6bdb905c276ff0] EQUALVERIFY CHECKSIG
06:07:57 [DefaultDispatcher-worker-2] WalletTransactionMetadataProvider - metadata: TxOut of 0.00100001 DASH to yX7Rm1LPqB2G5xpCgRZJeTXaGcXV1eHLCb script:DUP HASH160 PUSHDATA(20)[76637b873fcc8cebffeaa748fa450407c634021b] EQUALVERIFY CHECKSIG
06:07:57 [DefaultDispatcher-worker-7] WalletTransactionMetadataProvider - metadata: TxOut of 0.00100001 DASH to yYoTBLHTJBSYAZXvgGHNvUuRWH5oNLpj3q script:DUP HASH160 PUSHDATA(20)[88ed6e8199d3585ff6773921404f248addca759f] EQUALVERIFY CHECKSIG
06:07:57 [DefaultDispatcher-worker-7] WalletTransactionMetadataProvider - metadata: TxOut of 0.00100001 DASH to yaE4GAArhr1Gu3N2QGjzKMkrFpgUySNPXw script:DUP HASH160 PUSHDATA(20)[988cd3965583af0db4b615b316830f2629722b93] EQUALVERIFY CHECKSIG
06:07:57 [DefaultDispatcher-worker-2] WalletTransactionMetadataProvider - metadata: TxOut of 0.00100001 DASH to yPck1on5MQbzbrhFCD58GztGkbmkF6KPtW script:DUP HASH160 PUSHDATA(20)[242dc71ee726d726f63db0fb1aa938f6d9c4f4a1] EQUALVERIFY CHECKSIG
06:07:57 [DefaultDispatcher-worker-2] WalletTransactionMetadataProvider - metadata: TxOut of 0.00100001 DASH to yS8m5JDvqnXbcyepvSWefX98ue4KFE93nX script:DUP HASH160 PUSHDATA(20)[3fcb64aabd4aa27338e746535894b248736346d2] EQUALVERIFY CHECKSIG
06:07:57 [DefaultDispatcher-worker-2] WalletTransactionMetadataProvider - metadata: TxOut of 0.00100001 DASH to yTf793cmLkk7SfFecXFsZDYwZSmLsJvb6d script:DUP HASH160 PUSHDATA(20)[5080bf398ee97f6e80f8538c7f7071e8fa0d2735] EQUALVERIFY CHECKSIG
06:07:57 [DefaultDispatcher-worker-7] WalletTransactionMetadataProvider - metadata: TxOut of 0.00100001 DASH to yWFKrEm2tJgbRty7pF6XXvMNe1sdTcnrFV script:DUP HASH160 PUSHDATA(20)[6ce9c04de2b499746965f89b9bc8137d5682566c] EQUALVERIFY CHECKSIG
06:07:57 [DefaultDispatcher-worker-7] WalletTransactionMetadataProvider - metadata: TxOut of 0.00100001 DASH to yWrKMgnwNkpe1CscP5qLTEmLjTA4MBGqno script:DUP HASH160 PUSHDATA(20)[7387e6206826e4ec17c44bcdeac570983eae3057] EQUALVERIFY CHECKSIG
06:07:57 [DefaultDispatcher-worker-7] WalletTransactionMetadataProvider - metadata: TxOut of 0.00100001 DASH to yaoMWa7JWnVNEUHUFZtyjN566SHmMuJ5Th script:DUP HASH160 PUSHDATA(20)[9ed8f39a21dceb52381f63ea5f563df7d9c8470d] EQUALVERIFY CHECKSIG
06:07:57 [DefaultDispatcher-worker-2] WalletTransactionMetadataProvider - metadata: TxOut of 0.00100001 DASH to yc8YJhrZafzKsZZ9v3AkXMzGMwaTFgfbuS script:DUP HASH160 PUSHDATA(20)[ad71fdff7a30be9de67adbe3f5a7768bff0a9be3] EQUALVERIFY CHECKSIG
06:07:57 [DefaultDispatcher-worker-2] WalletTransactionMetadataProvider - metadata: TxOut of 0.00100001 DASH to yfb1JhjNGRXRZF28EyigrNAobDZyDbE7gv script:DUP HASH160 PUSHDATA(20)[d35bb914aa1fbdecdc79710339b5e97312138eca] EQUALVERIFY CHECKSIG
06:07:57 [DefaultDispatcher-worker-7] WalletTransactionMetadataProvider - metadata: TxOut of 0.00100001 DASH to yfpPpNpztXCf1LxXtw6cSEUrhxmHUmZxh1 script:DUP HASH160 PUSHDATA(20)[d5e3ec174f9695148ed20c94d5eabc7dc3531dff] EQUALVERIFY CHECKSIG
06:07:57 [DefaultDispatcher-worker-7] WalletTransactionMetadataProvider - metadata: TxOut of 0.00100001 DASH to yij4NirT1W8H6BGozq8VdjUmVTNJs9R7wC script:DUP HASH160 PUSHDATA(20)[f5c9fd79c0d0119ef6c2e6b868c7ad0d2b1b66c0] EQUALVERIFY CHECKSIG
06:07:57 [DefaultDispatcher-worker-11] WalletTransactionMetadataProvider - metadata: TxOut of 0.00100001 DASH to yUsHsgRZG2DMDz57xgvMsQ8AZs4bLohWB3 script:DUP HASH160 PUSHDATA(20)[5dc6d3535317f00adc84bf0e85adb15f6ca0ebeb] EQUALVERIFY CHECKSIG
06:07:57 [DefaultDispatcher-worker-11] WalletTransactionMetadataProvider - metadata: TxOut of 0.00100001 DASH to ydUH9sSXEt7tJ36ashu2H7Ud5Se2UrBj9G script:DUP HASH160 PUSHDATA(20)[bc25c9e6b9be2e52577ba4db1ddef2588c952f68] EQUALVERIFY CHECKSIG
06:07:57 [DefaultDispatcher-worker-2] WalletTransactionMetadataProvider - metadata: TxOut of 863.20861045 DASH to yRcURvkCnJyeqF82yRc24HGESCbKgXXXLQ script:DUP HASH160 PUSHDATA(20)[3a1105390927d77a3f0b91535a40ef649e827c60] EQUALVERIFY CHECKSIG
06:07:57 [DefaultDispatcher-worker-2] WalletTransactionMetadataProvider - metadata: TxOut of 22.00 DASH to yZKSmm5sMh5vm1Bb9FCKBCVSXKyC7q9mJL script:DUP HASH160 PUSHDATA(20)[8e99923dd015d6d0a61e191f7ef84c35ddfbf281] EQUALVERIFY CHECKSIG
06:07:57 [DefaultDispatcher-worker-2] WalletTransactionMetadataProvider - metadata: TxOut of 1.00001 DASH to yMrYv988bJ98byEVAiyTNm2CLUgEzUGvKz script:DUP HASH160 PUSHDATA(20)[10da15f865932ac99b76a51066b9d4c152d4f09b] EQUALVERIFY CHECKSIG
06:07:57 [DefaultDispatcher-worker-2] WalletTransactionMetadataProvider - metadata: TxOut of 1.00001 DASH to ybnpWQWBDdsiQiKNKjM4ePaWdGeTNsYhEr script:DUP HASH160 PUSHDATA(20)[a9b7328da7f5dc628122776d0c66410ca4a40309] EQUALVERIFY CHECKSIG
06:07:57 [DefaultDispatcher-worker-11] WalletTransactionMetadataProvider - metadata: TxOut of 1.00001 DASH to yejsjYXhE98X29QQ7ATzPQaCEF8ue85VTw script:DUP HASH160 PUSHDATA(20)[ca110532cd374d14797667b84c326aa326bf120e] EQUALVERIFY CHECKSIG
06:07:57 [DefaultDispatcher-worker-2] WalletTransactionMetadataProvider - metadata: TxOut of 0.100001 DASH to yNH4NHQsDRjT5QYZBYbBBJ1MbmDon37Dvj script:DUP HASH160 PUSHDATA(20)[157ca734709dcb954fd17a9be608c42400743b91] EQUALVERIFY CHECKSIG
06:07:57 [DefaultDispatcher-worker-2] WalletTransactionMetadataProvider - metadata: TxOut of 0.100001 DASH to ySBXA14TtrbCM9Awks8UoXmq75iyRKKZ76 script:DUP HASH160 PUSHDATA(20)[405105af5db20340d103d297c0906fca919c1fe5] EQUALVERIFY CHECKSIG
06:07:57 [DefaultDispatcher-worker-2] WalletTransactionMetadataProvider - metadata: TxOut of 0.100001 DASH to yWNVcupdbKcVR5B4FttogJsvaRxh3YR7s4 script:DUP HASH160 PUSHDATA(20)[6e44d19657f5bfa5697ef3ae06a2fd2f2b68552d] EQUALVERIFY CHECKSIG
06:07:57 [DefaultDispatcher-worker-2] WalletTransactionMetadataProvider - metadata: TxOut of 0.00020008 DASH to yNgiECmUAQUZELJfA8V8EsMCB1XGc7h7Ey script:DUP HASH160 PUSHDATA(20)[19f5d3248566ab5218f75352a2e0f0ff8f70c8df] EQUALVERIFY CHECKSIG
06:07:57 [DefaultDispatcher-worker-7] WalletTransactionMetadataProvider - metadata: TxOut of 0.00100001 DASH to yQ3CRxcSVXvVeVCGy57uAMfiWWYmTSG3sf script:DUP HASH160 PUSHDATA(20)[28cdcfed48894f1df09f44991d74af4b0426e586] EQUALVERIFY CHECKSIG
06:07:57 [DefaultDispatcher-worker-7] WalletTransactionMetadataProvider - metadata: TxOut of 0.00100001 DASH to yQdsMDcZLQuH7qDjaRyM1h1Y7nntVBh6Kw script:DUP HASH160 PUSHDATA(20)[2f5c713669d892d00575d2572dfa99cca320a999] EQUALVERIFY CHECKSIG
06:07:57 [DefaultDispatcher-worker-7] WalletTransactionMetadataProvider - metadata: TxOut of 0.00100001 DASH to yQirckpLxTFhWux5YmBJYF5Kf2jjVVgomk script:DUP HASH160 PUSHDATA(20)[304de931cc3874a4dffb97fe6a6e017b593147c9] EQUALVERIFY CHECKSIG
06:07:57 [DefaultDispatcher-worker-11] WalletTransactionMetadataProvider - metadata: TxOut of 0.00100001 DASH to yTtKDHaYxukrnULSqXVskbtRmvqeseKnBA script:DUP HASH160 PUSHDATA(20)[53003b8bfe7a1de5a5cb5d2b59045f231c73f848] EQUALVERIFY CHECKSIG
06:07:57 [DefaultDispatcher-worker-2] WalletTransactionMetadataProvider - metadata: TxOut of 0.00100001 DASH to yUgciSgWVYFhCMLJaxTqZRTJ1vi8y5Zc3s script:DUP HASH160 PUSHDATA(20)[5bc1fa34f0eb6e0ebc448699b80c0f04d794d2e2] EQUALVERIFY CHECKSIG
06:07:57 [DefaultDispatcher-worker-11] WalletTransactionMetadataProvider - metadata: TxOut of 0.00100001 DASH to yjNz4aUmgEgckUucQyRGfdStMCj6kiWVpH script:DUP HASH160 PUSHDATA(20)[fcf6324ec5ebb6625cb421575bf420de102006a0] EQUALVERIFY CHECKSIG
06:07:57 [DefaultDispatcher-worker-14] WalletTransactionMetadataProvider - metadata: TxOut of 6.47046782 DASH to yNgiECmUAQUZELJfA8V8EsMCB1XGc7h7Ey script:DUP HASH160 PUSHDATA(20)[19f5d3248566ab5218f75352a2e0f0ff8f70c8df] EQUALVERIFY CHECKSIG
06:07:57 [DefaultDispatcher-worker-7] WalletTransactionMetadataProvider - metadata: TxOut of 0.044 DASH to yN4fJNuoqaX5PgPp4YxcgumD9YdDnPH1rg script:DUP HASH160 PUSHDATA(20)[132467ed47af5727a4ffd36e0147742dd20e9458] EQUALVERIFY CHECKSIG
06:07:57 [DefaultDispatcher-worker-7] WalletTransactionMetadataProvider - metadata: TxOut of 108.07399246 DASH to yWGgFVGKHb4noJp5i748uqGvNSyyiVFhma script:DUP HASH160 PUSHDATA(20)[6d2b326a3b87d15a08b49607a6666d656477c990] EQUALVERIFY CHECKSIG
06:07:57 [DefaultDispatcher-worker-14] WalletTransactionMetadataProvider - metadata: TxOut of 0.40 DASH to yhdcSiEctHa3f32javqAvBw4HDpZ38hVHP script:DUP HASH160 PUSHDATA(20)[e9ca2364b72630452fc32fe79d2d31f9e2791907] EQUALVERIFY CHECKSIG
06:07:57 [DefaultDispatcher-worker-14] WalletTransactionMetadataProvider - metadata: TxOut of 768.10876668 DASH to ydpjbAD3ibQ2ReHmoQ1yruAnb1MquYubyH script:DUP HASH160 PUSHDATA(20)[c0042cf375da9713a9117dd0e1363861fa314ea6] EQUALVERIFY CHECKSIG
06:07:57 [DefaultDispatcher-worker-7] WalletTransactionMetadataProvider - metadata: TxOut of 0.100001 DASH to yN93VXz1kkRKVfukeSRA5q6nKmPveP6KvU script:DUP HASH160 PUSHDATA(20)[13f8985577b483fbb7b616c121b24c420b361695] EQUALVERIFY CHECKSIG
06:07:57 [DefaultDispatcher-worker-7] WalletTransactionMetadataProvider - metadata: TxOut of 0.100001 DASH to yYMfYsb69TNB4h7YxkWGxq9PWLriWa6W57 script:DUP HASH160 PUSHDATA(20)[840cf19a6228cb8dc1461fa900c72f13335e7262] EQUALVERIFY CHECKSIG
06:07:57 [DefaultDispatcher-worker-7] WalletTransactionMetadataProvider - metadata: TxOut of 0.100001 DASH to yiiCWLyvptcJ76Fcz6X89Kz5qUgTHXyEpU script:DUP HASH160 PUSHDATA(20)[f5a05ca8f087e2342cbbc1cfb5dd098e491cc1bd] EQUALVERIFY CHECKSIG
06:07:57 [DefaultDispatcher-worker-14] WalletTransactionMetadataProvider - metadata: TxOut of 0.00100001 DASH to yMntBoqnjMajTAHA4njW99ejNtX6JSXeaE script:DUP HASH160 PUSHDATA(20)[10288203b3e0141dd1294e4bf91e53075096497d] EQUALVERIFY CHECKSIG
06:07:57 [DefaultDispatcher-worker-14] WalletTransactionMetadataProvider - metadata: TxOut of 0.00100001 DASH to yVe5FBTJuBasrV6RPSYDD2jMpmUqXMUKWq script:DUP HASH160 PUSHDATA(20)[663f00592eff06e53acb0726edf40a1030ad1417] EQUALVERIFY CHECKSIG
06:07:57 [DefaultDispatcher-worker-14] WalletTransactionMetadataProvider - metadata: TxOut of 0.00100001 DASH to yWjMc5eaNREVjD6sJG2PQWyzb4dW26ytke script:DUP HASH160 PUSHDATA(20)[7236dd27414f06cdd99fd6c5de3cbacf66307dee] EQUALVERIFY CHECKSIG
06:07:57 [DefaultDispatcher-worker-14] WalletTransactionMetadataProvider - metadata: TxOut of 0.00100001 DASH to yeQTzJvLVhShKPsgHGadFAvJE4q9NadsH5 script:DUP HASH160 PUSHDATA(20)[c6654b9c0c91304d6ab7cdae76f488f967475955] EQUALVERIFY CHECKSIG
06:07:57 [DefaultDispatcher-worker-1] WalletTransactionMetadataProvider - metadata: TxOut of 0.00100001 DASH to ygrXUJ3gk5F9tXfBYvyGK9woWpZkgB3wBD script:DUP HASH160 PUSHDATA(20)[e14344db11bc47c4d72e7da3a770726de924186e] EQUALVERIFY CHECKSIG
06:07:57 [DefaultDispatcher-worker-9] WalletTransactionMetadataProvider - metadata: TxOut of 0.00100001 DASH to yjaZg1bXokX3zBFekTo4YSc6rqiweXn1tD script:DUP HASH160 PUSHDATA(20)[ff26d43e1bb4cf523bb58dfb504059d62d9fbbbf] EQUALVERIFY CHECKSIG
06:07:57 [DefaultDispatcher-worker-9] WalletTransactionMetadataProvider - metadata: TxOut of 9.02107099 DASH to yNgiECmUAQUZELJfA8V8EsMCB1XGc7h7Ey script:DUP HASH160 PUSHDATA(20)[19f5d3248566ab5218f75352a2e0f0ff8f70c8df] EQUALVERIFY CHECKSIG
06:07:57 [DefaultDispatcher-worker-9] WalletTransactionMetadataProvider - metadata: TxOut of 0.0100001 DASH to yPbEYgVvr7MsK1KohLF5iWYc3fLUvHuVrD script:DUP HASH160 PUSHDATA(20)[23e4c372eb8bdd954ead53ec33c2f20177a8c331] EQUALVERIFY CHECKSIG
06:07:57 [DefaultDispatcher-worker-9] WalletTransactionMetadataProvider - metadata: TxOut of 0.0100001 DASH to yQ3nh3mLdHYDmJboHReTiewBxKuxSg7eNi script:DUP HASH160 PUSHDATA(20)[28ea69411965ccafd1a77545d9f17eda102ff9d0] EQUALVERIFY CHECKSIG
06:07:57 [DefaultDispatcher-worker-2] WalletTransactionMetadataProvider - metadata: TxOut of 0.0100001 DASH to yQqzmWvTwszfRf2H4nf13QTZz1NVb5gU6z script:DUP HASH160 PUSHDATA(20)[31a7a075b21b46ec97e7ccbcdc1277fa4cf18996] EQUALVERIFY CHECKSIG
06:07:57 [DefaultDispatcher-worker-2] WalletTransactionMetadataProvider - metadata: TxOut of 0.0100001 DASH to yacvWi472AYhNd2LzybK7XUfWyytqr5mui script:DUP HASH160 PUSHDATA(20)[9cdfeccb2bf80026b2d056fac7680847f270c37f] EQUALVERIFY CHECKSIG
06:07:57 [DefaultDispatcher-worker-2] WalletTransactionMetadataProvider - metadata: TxOut of 975.35741032 DASH to yd9Kbg4MSBddceHcBN3fbvnPK8g9d3A3LZ script:DUP HASH160 PUSHDATA(20)[b88fed21bf13f0a2357175328ccb0b911ee8bf2b] EQUALVERIFY CHECKSIG
06:07:57 [DefaultDispatcher-worker-2] WalletTransactionMetadataProvider - metadata: TxOut of 6.00 DASH to yhdcSiEctHa3f32javqAvBw4HDpZ38hVHP script:DUP HASH160 PUSHDATA(20)[e9ca2364b72630452fc32fe79d2d31f9e2791907] EQUALVERIFY CHECKSIG
06:07:57 [DefaultDispatcher-worker-9] WalletTransactionMetadataProvider - metadata: TxOut of 0.0100001 DASH to yLxgdyABZ815her5kZE4wd6VLa6szyMJcY script:DUP HASH160 PUSHDATA(20)[070ae6afe48692a9750af9be8d006b9f94dc4ceb] EQUALVERIFY CHECKSIG
06:07:57 [DefaultDispatcher-worker-9] WalletTransactionMetadataProvider - metadata: TxOut of 0.0100001 DASH to yYUq28adgAjr9PuDAujg5doCMwbQMZPcyN script:DUP HASH160 PUSHDATA(20)[8567c2b8af6fe51a149b903823180bea67f9ce02] EQUALVERIFY CHECKSIG
06:07:57 [DefaultDispatcher-worker-9] WalletTransactionMetadataProvider - metadata: TxOut of 0.0100001 DASH to ydWAFaLzvxFb6AC8FcZF3TRgYUw2L8yxCu script:DUP HASH160 PUSHDATA(20)[bc80dc0216ccd88cb345eebae30238c61a4c27ac] EQUALVERIFY CHECKSIG
06:07:57 [DefaultDispatcher-worker-2] WalletTransactionMetadataProvider - metadata: TxOut of 0.00100001 DASH to yUkX7B3YqHTX95HRxF78bytyveryUYiMvp script:DUP HASH160 PUSHDATA(20)[5c7ef5b660c8ffa7cfd83d994addff8d477394ac] EQUALVERIFY CHECKSIG
06:07:57 [DefaultDispatcher-worker-2] WalletTransactionMetadataProvider - metadata: TxOut of 0.00100001 DASH to yVpXRckcGF6tTrZSK1aR2U5kbSAXQbjArt script:DUP HASH160 PUSHDATA(20)[683903cfa4dcc0f35c2f2180cd0769109f81f30e] EQUALVERIFY CHECKSIG
06:07:57 [DefaultDispatcher-worker-2] WalletTransactionMetadataProvider - metadata: TxOut of 0.00100001 DASH to yWjEyuRoYTCBKc4qXvVWvrvsPE5xiExFxp script:DUP HASH160 PUSHDATA(20)[723155acfb5049f19e9473c7e383d575a6be398b] EQUALVERIFY CHECKSIG
06:07:57 [DefaultDispatcher-worker-9] WalletTransactionMetadataProvider - metadata: TxOut of 0.00100001 DASH to yXQHrTwe8mvmuAHz92vfjsuskq6ooSdoCX script:DUP HASH160 PUSHDATA(20)[7993f4527cc8aa3dbbbb3735c49da28ca91344c5] EQUALVERIFY CHECKSIG
06:07:57 [DefaultDispatcher-worker-9] WalletTransactionMetadataProvider - metadata: TxOut of 0.00100001 DASH to yj1eQbneGaYQHHM9rE5VHsaetZ4uSFekgF script:DUP HASH160 PUSHDATA(20)[f8ed0de88fa7fe082ceb899d547885f16d9e35cf] EQUALVERIFY CHECKSIG
06:07:57 [DefaultDispatcher-worker-11] WalletTransactionMetadataProvider - metadata: TxOut of 0.00100001 DASH to yQUhpDW3iwd9t6SFjEkfNFqfiPhAkeL6hs script:DUP HASH160 PUSHDATA(20)[2da0bd54465566952f711458f1daa8c9e9d0c0bd] EQUALVERIFY CHECKSIG
06:07:57 [DefaultDispatcher-worker-11] WalletTransactionMetadataProvider - metadata: TxOut of 0.00100001 DASH to yVZX8vDGAuVCu1a9RsQy7PKhmtpnUZgxZP script:DUP HASH160 PUSHDATA(20)[656288fdc76749d301808ee8586957146cb422d3] EQUALVERIFY CHECKSIG
06:07:57 [DefaultDispatcher-worker-11] WalletTransactionMetadataProvider - metadata: TxOut of 0.00100001 DASH to yWUE7kbfsU1hxSCXsF4ErES1EoUraUinPp script:DUP HASH160 PUSHDATA(20)[6f5a5f995cfb9c6e7ed8b9b38859b7c60ff94e07] EQUALVERIFY CHECKSIG
06:07:57 [DefaultDispatcher-worker-11] WalletTransactionMetadataProvider - metadata: TxOut of 0.00100001 DASH to yamm7ujMz2DmRG5ET56HRkWDQCZYSoA9jL script:DUP HASH160 PUSHDATA(20)[9e8bd3e2ff173d117ac2a10bde20961167733595] EQUALVERIFY CHECKSIG
06:07:57 [DefaultDispatcher-worker-11] WalletTransactionMetadataProvider - metadata: TxOut of 0.00100001 DASH to ydojY1m82MBU8xEofmcDK2KupjCCCsYoHy script:DUP HASH160 PUSHDATA(20)[bfd3b6dff69ff14498b91af023162d6439081a35] EQUALVERIFY CHECKSIG
06:07:57 [DefaultDispatcher-worker-9] WalletTransactionMetadataProvider - metadata: TxOut of 0.01165084 DASH to yXWJGWuD4VBRMp9n2MtXQbGpgSeWyTRHme script:DUP HASH160 PUSHDATA(20)[7ab6cbdaad85e3fd4bd0c02f2f09b4a5750e29ab] EQUALVERIFY CHECKSIG
06:07:57 [DefaultDispatcher-worker-9] WalletTransactionMetadataProvider - metadata: TxOut of 1.00 DASH to yeVSwzDXZk9nd3cjqZrLjKWezN5rTQVd6E script:DUP HASH160 PUSHDATA(20)[c75681c91b6c4353bfb534efd60c63bf60386228] EQUALVERIFY CHECKSIG
06:07:57 [DefaultDispatcher-worker-2] WalletTransactionMetadataProvider - metadata: TxOut of 0.00100001 DASH to yfs1pjc8aELBEPBZMwD1jhGxFozPwyPjDj script:DUP HASH160 PUSHDATA(20)[d662cf8347041ead6851233f3d12ed1db7d26844] EQUALVERIFY CHECKSIG
06:07:57 [DefaultDispatcher-worker-2] WalletTransactionMetadataProvider - metadata: TxOut of 0.00100001 DASH to ygJAx1UU62hehRFfYp7CuTiDsqMQzcSo7Z script:DUP HASH160 PUSHDATA(20)[db24d3bfef63e064f71efba8e56e93772908e354] EQUALVERIFY CHECKSIG
06:07:57 [DefaultDispatcher-worker-9] WalletTransactionMetadataProvider - metadata: TxOut of 0.00100001 DASH to yTtrRkjsSbT97rmXVwzJkDZHJrdWV9i7vB script:DUP HASH160 PUSHDATA(20)[531a4a1ff33c8e10e91db286f7d34f98e7e0fad9] EQUALVERIFY CHECKSIG
06:07:57 [DefaultDispatcher-worker-7] WalletTransactionMetadataProvider - metadata: TxOut of 0.00100001 DASH to yYqfdqu5W6mY8MTUJf6e3VDFC2fevRpibA script:DUP HASH160 PUSHDATA(20)[8958a98835477641024ce74c7bde09c289d37ce1] EQUALVERIFY CHECKSIG
06:07:57 [DefaultDispatcher-worker-7] WalletTransactionMetadataProvider - metadata: TxOut of 0.00100001 DASH to yZs8NHr7TFH6YPjX8ZgnVeApi3nVtih83n script:DUP HASH160 PUSHDATA(20)[949784c35fa692adc7ef350feb55a03625e75649] EQUALVERIFY CHECKSIG
06:07:57 [DefaultDispatcher-worker-7] WalletTransactionMetadataProvider - metadata: TxOut of 0.00100001 DASH to ybMdzSEgGCkGhQmMQ8hmXYq91PanH4Qjgn script:DUP HASH160 PUSHDATA(20)[a4f404fe7e6d2cb114bdfa93e325e90ff3eb4700] EQUALVERIFY CHECKSIG
06:07:57 [DefaultDispatcher-worker-2] WalletTransactionMetadataProvider - metadata: TxOut of 0.0100001 DASH to yQkEDJLbjCWs95ma2j991bgjNhjEWLMHHB script:DUP HASH160 PUSHDATA(20)[30905a9cfbe2aeef2ad2bb201469b1558285c6a3] EQUALVERIFY CHECKSIG
06:07:57 [DefaultDispatcher-worker-2] WalletTransactionMetadataProvider - metadata: TxOut of 0.0100001 DASH to yXf23C6e6utQ57Ei5GjEfDL9iGDURFWxF6 script:DUP HASH160 PUSHDATA(20)[7c5cfdf8222105d1158d70816e102e7013f0a3a9] EQUALVERIFY CHECKSIG
06:07:57 [DefaultDispatcher-worker-9] WalletTransactionMetadataProvider - metadata: TxOut of 0.0100001 DASH to yYhcu5q1EtFmvCMaeQvYhbQihhRyAkA1sh script:DUP HASH160 PUSHDATA(20)[87d30cb327cd33e8c2defe8ce9956f37706c3fdd] EQUALVERIFY CHECKSIG
06:07:57 [DefaultDispatcher-worker-1] WalletTransactionMetadataProvider - metadata: TxOut of 0.00 DASH (unknown type) script:RETURN
06:07:57 [DefaultDispatcher-worker-9] WalletTransactionMetadataProvider - metadata: TxOut of 0.100001 DASH to yUk9rAtkMhifN9bHvv4Vc44yJdEGqoohzX script:DUP HASH160 PUSHDATA(20)[5c6d36c6f9098efc2535acb1d96d322a514b1349] EQUALVERIFY CHECKSIG
06:07:57 [DefaultDispatcher-worker-9] WalletTransactionMetadataProvider - metadata: TxOut of 0.100001 DASH to yc3BoGHJ8ZoHBmXsnL5qEPMXG7q5VdJXkg script:DUP HASH160 PUSHDATA(20)[ac6ecb21ed1ab3b39e3ab734b395d2bba220289e] EQUALVERIFY CHECKSIG
06:07:57 [DefaultDispatcher-worker-9] WalletTransactionMetadataProvider - metadata: TxOut of 0.100001 DASH to yctmFv3vENthptzm97cjkFFUQNxm1Mt8xz script:DUP HASH160 PUSHDATA(20)[b5cf1b2ffc195015fb8b7ef851fdacc76b3d79d5] EQUALVERIFY CHECKSIG
06:07:57 [DefaultDispatcher-worker-9] WalletTransactionMetadataProvider - metadata: TxOut of 0.100001 DASH to yf1GqApwyGjPYUcEhm64HoR5QaZWR383uY script:DUP HASH160 PUSHDATA(20)[ccfa8a464e8c1afd68138baa3024d8411ed096c7] EQUALVERIFY CHECKSIG
06:07:57 [DefaultDispatcher-worker-9] WalletTransactionMetadataProvider - metadata: TxOut of 0.100001 DASH to yiDAQuDRjwU7tnoZ2nwPZwRuxRPajQjvRr script:DUP HASH160 PUSHDATA(20)[f0228d1abaa3409b01fef118bb9589ec6a6d21fa] EQUALVERIFY CHECKSIG
06:07:57 [DefaultDispatcher-worker-9] WalletTransactionMetadataProvider - metadata: TxOut of 0.100001 DASH to yiVLMbV3ASCCWaC5uwsqbbHe7JjwpRP16i script:DUP HASH160 PUSHDATA(20)[f33181af40d3e1bec04d476f08bddabb4c1c65e2] EQUALVERIFY CHECKSIG
06:07:57 [DefaultDispatcher-worker-7] WalletTransactionMetadataProvider - metadata: TxOut of 1.00 DASH to yenKjxx8LinPTHShMi4xmThsFLWKdP2Six script:DUP HASH160 PUSHDATA(20)[ca878fdf09352d0370b25ea1be3df6e3942a6e11] EQUALVERIFY CHECKSIG
06:07:57 [DefaultDispatcher-worker-9] PlatformSynchronizationService - determining unsaved transactions: 9.960 s, 1645 txes
06:07:57 [DefaultDispatcher-worker-9] TransactionMetadataSettingsViewModel - old unsaved count: 1645
06:07:57 [DefaultDispatcher-worker-9] TransactionMetadataSettingsViewModel - unsaved count: 1645 (0 cached + 1645 never-published)
06:08:00 [main] BlockchainServiceImpl - MEM pss=441MB nativeHeap=274/328MB jvm=49/576MB
06:08:00 [main] BlockchainServiceImpl - History of transactions/blocks/headers/mnlistdiff (sdk): 0/0/0/0, 0/0/0/0
06:08:00 [main] BlockchainServiceImpl - idling detected, stopping service
06:08:00 [main] GCExploreDatabase - error getting remote data timestamp
com.google.firebase.FirebaseException: An internal error has occurred. [ API key not valid. Please pass a valid API key. ]
	at com.google.android.gms.internal.firebase-auth-api.zzaag.zza(com.google.firebase:firebase-auth@@22.0.0:4)
	at com.google.android.gms.internal.firebase-auth-api.zzabf.zza(com.google.firebase:firebase-auth@@22.0.0:26)
	at com.google.android.gms.internal.firebase-auth-api.zzabg.zzl(com.google.firebase:firebase-auth@@22.0.0:1)
	at com.google.android.gms.internal.firebase-auth-api.zzabd.zzh(com.google.firebase:firebase-auth@@22.0.0:25)
	at com.google.android.gms.internal.firebase-auth-api.zzaae.zzh(com.google.firebase:firebase-auth@@22.0.0:1)
	at com.google.android.gms.internal.firebase-auth-api.zzyb.zza(com.google.firebase:firebase-auth@@22.0.0:2)
	at com.google.android.gms.internal.firebase-auth-api.zzabo.zzc(com.google.firebase:firebase-auth@@22.0.0:10)
	at com.google.android.gms.internal.firebase-auth-api.zzabo.zzb(com.google.firebase:firebase-auth@@22.0.0:14)
	at com.google.android.gms.internal.firebase-auth-api.zzaat.zzn(com.google.firebase:firebase-auth@@22.0.0:4)
	at com.google.android.gms.internal.firebase-auth-api.zzyh.zzz(com.google.firebase:firebase-auth@@22.0.0:2)
	at com.google.android.gms.internal.firebase-auth-api.zzaaf.zzv(com.google.firebase:firebase-auth@@22.0.0:2)
	at com.google.android.gms.internal.firebase-auth-api.zzzk.zzc(com.google.firebase:firebase-auth@@22.0.0:1)
	at com.google.android.gms.internal.firebase-auth-api.zzabh.run(com.google.firebase:firebase-auth@@22.0.0:1)
	at java.util.concurrent.ThreadPoolExecutor.runWorker(ThreadPoolExecutor.java:1145)
	at java.util.concurrent.ThreadPoolExecutor$Worker.run(ThreadPoolExecutor.java:644)
	at com.google.firebase.concurrent.CustomThreadFactory.lambda$newThread$0(CustomThreadFactory.java:47)
	at com.google.firebase.concurrent.CustomThreadFactory.$r8$lambda$XB8AY3Hcio74byWuTzgVEC3Hiek(CustomThreadFactory.java:0)
	at com.google.firebase.concurrent.CustomThreadFactory$$ExternalSyntheticLambda0.run(R8$$SyntheticClass:0)
	at java.lang.Thread.run(Thread.java:1012)
06:08:01 [DefaultDispatcher-worker-11] BlockchainServiceImpl - network capabilities changed: 102, hasInternet: true, validated: true
06:08:01 [DefaultDispatcher-worker-11] BlockchainServiceImpl - acquiring check() mutex
06:08:01 [DefaultDispatcher-worker-11] BlockchainServiceImpl - check()
06:08:01 [DefaultDispatcher-worker-11] BlockchainServiceImpl - cutover committed — holding the dashj L1 engine; SDK owns L1 this launch
06:08:01 [DefaultDispatcher-worker-11] BlockchainServiceImpl - releasing check() mutex
06:08:04 [DefaultDispatcher-worker-11] BlockchainServiceImpl - network capabilities changed: 102, hasInternet: true, validated: true
06:08:04 [DefaultDispatcher-worker-11] BlockchainServiceImpl - acquiring check() mutex
06:08:04 [DefaultDispatcher-worker-11] BlockchainServiceImpl - check()
06:08:04 [DefaultDispatcher-worker-11] BlockchainServiceImpl - cutover committed — holding the dashj L1 engine; SDK owns L1 this launch
06:08:04 [DefaultDispatcher-worker-11] BlockchainServiceImpl - releasing check() mutex
06:08:07 [DefaultDispatcher-worker-2] PlatformSynchronizationService - updateContactRequests(false) checking if can run
06:08:07 [DefaultDispatcher-worker-2] PlatformSynchronizationService - updateContactRequests(false) starting now
06:08:07 [DefaultDispatcher-worker-2] BlockchainIdentityData - creation: BlockchainIdentityData(DONE_AND_DISMISS, test-p1atf0rm-4-11, CONFIRMED, null, null, BQe9JAu9BBsyNyH6j5cf3hKjqdEDQcj5D82cuie6DC4k)
06:08:07 [DefaultDispatcher-worker-2] BLSJniLibrary - Initializing BLS JNI Library
06:08:07 [DefaultDispatcher-worker-2] PlatformSynchronizationService - updateSyncStatus: Starting
06:08:07 [DefaultDispatcher-worker-2] PlatformSynchronizationService - updateSyncStatus: Initialization
06:08:07 [DefaultDispatcher-worker-2] PlatformSynchronizationService - check database integrity: starting
06:08:07 [DefaultDispatcher-worker-2] PlatformSynchronizationService - check database integrity: skipped — the dashpay data contract is not loaded yet
06:08:07 [DefaultDispatcher-worker-2] PlatformSynchronizationService - updateSyncStatus: FixMissingProfiles
06:08:07 [DefaultDispatcher-worker-2] DapiClient - getDocuments(contractId=Bwr4WHCPz5rFVAD87RqTs3izo4zpzwsEdKPWUT1NS1C7, type=contactRequest, {orderBy=[[$createdAt, asc]], where=[[$ownerId, ==, BQe9JAu9BBsyNyH6j5cf3hKjqdEDQcj5D82cuie6DC4k], [$createdAt, >, 1786829024977]]})
06:08:07 [DefaultDispatcher-worker-2] PlatformSynchronizationService - updateSyncStatus: GetReceivedRequests
06:08:07 [DefaultDispatcher-worker-2] DapiClient - getDocuments(contractId=Bwr4WHCPz5rFVAD87RqTs3izo4zpzwsEdKPWUT1NS1C7, type=contactRequest, {orderBy=[[$createdAt, asc]], where=[[toUserId, ==, BQe9JAu9BBsyNyH6j5cf3hKjqdEDQcj5D82cuie6DC4k], [$createdAt, >, 1787581781636]]})
06:08:07 [DefaultDispatcher-worker-2] PlatformSynchronizationService - updateSyncStatus: GetSentRequests
06:08:07 [DefaultDispatcher-worker-2] PlatformSynchronizationService - updateSyncStatus: GetNewProfiles
06:08:07 [DefaultDispatcher-worker-2] SecurityGuard - loading security guard [healthy=true] with keys: [keystore_healthy, fallback_pin_wallet_password_key, primary_ui_pin_key, modern_encryption_migration_complete, fallback_mnemonic_wallet_password_key, primary_wallet_password_key, fallback_mnemonic_ui_pin_key]
06:08:07 [DefaultDispatcher-worker-2] ModernEncryptionProvider - Decrypted data for alias: wallet_password_key
06:08:07 [DefaultDispatcher-worker-2] KeyCrypterScrypt - Deriving key took 140.7 ms for N=65536, r=8, p=1.
06:08:07 [DefaultDispatcher-worker-2] SecurityGuard - loading security guard [healthy=true] with keys: [keystore_healthy, fallback_pin_wallet_password_key, primary_ui_pin_key, modern_encryption_migration_complete, fallback_mnemonic_wallet_password_key, primary_wallet_password_key, fallback_mnemonic_ui_pin_key]
06:08:07 [DefaultDispatcher-worker-1] PlatformSynchronizationService - updateSyncStatus: GetInvites
06:08:07 [DefaultDispatcher-worker-2] ModernEncryptionProvider - Decrypted data for alias: wallet_password_key
06:08:07 [DefaultDispatcher-worker-2] KeyCrypterScrypt - Deriving key took 119.3 ms for N=65536, r=8, p=1.
06:08:07 [DefaultDispatcher-worker-12] PlatformSynchronizationService - updating contacts and profiles took 241.8 ms
06:08:07 [DefaultDispatcher-worker-12] PlatformSynchronizationService - updateSyncStatus: GetUpdatedProfiles
06:08:07 [DefaultDispatcher-worker-9] BlockchainIdentityData - creation: BlockchainIdentityData(DONE_AND_DISMISS, test-p1atf0rm-4-11, CONFIRMED, null, null, BQe9JAu9BBsyNyH6j5cf3hKjqdEDQcj5D82cuie6DC4k)
06:08:07 [DefaultDispatcher-worker-4] IdentityRepository - New contacts at Sat Sep 12 00:13:22 CDT 2026 = 1 - getNotificationCount
06:08:07 [DefaultDispatcher-worker-4] PlatformSynchronizationService - updateSyncStatus: Complete
06:08:07 [DefaultDispatcher-worker-4] PlatformSynchronizationService - updating contacts and profiles took 531.4 ms
06:08:08 [DefaultDispatcher-worker-9] BlockchainIdentityData - creation: BlockchainIdentityData(DONE_AND_DISMISS, test-p1atf0rm-4-11, CONFIRMED, null, null, BQe9JAu9BBsyNyH6j5cf3hKjqdEDQcj5D82cuie6DC4k)
06:08:08 [DefaultDispatcher-worker-7] IdentityRepository - New contacts at Sat Sep 12 00:13:22 CDT 2026 = 1 - getNotificationCount
06:08:08 [DefaultDispatcher-worker-7] BlockchainIdentityData - creation: BlockchainIdentityData(DONE_AND_DISMISS, test-p1atf0rm-4-11, CONFIRMED, null, null, BQe9JAu9BBsyNyH6j5cf3hKjqdEDQcj5D82cuie6DC4k)
06:08:08 [DefaultDispatcher-worker-4] IdentityRepository - New contacts at Sat Sep 12 00:13:22 CDT 2026 = 1 - getNotificationCount
06:08:09 [DefaultDispatcher-worker-5] BlockchainIdentityData - creation: BlockchainIdentityData(DONE_AND_DISMISS, test-p1atf0rm-4-11, CONFIRMED, null, null, BQe9JAu9BBsyNyH6j5cf3hKjqdEDQcj5D82cuie6DC4k)
06:08:09 [DefaultDispatcher-worker-9] IdentityRepository - New contacts at Sat Sep 12 00:13:22 CDT 2026 = 1 - getNotificationCount
06:08:22 [DefaultDispatcher-worker-12] PlatformSynchronizationService - updateContactRequests(false) checking if can run
06:08:22 [DefaultDispatcher-worker-12] PlatformSynchronizationService - updateContactRequests(false) starting now
06:08:22 [DefaultDispatcher-worker-12] BlockchainIdentityData - creation: BlockchainIdentityData(DONE_AND_DISMISS, test-p1atf0rm-4-11, CONFIRMED, null, null, BQe9JAu9BBsyNyH6j5cf3hKjqdEDQcj5D82cuie6DC4k)
06:08:22 [DefaultDispatcher-worker-12] BLSJniLibrary - Initializing BLS JNI Library
06:08:22 [DefaultDispatcher-worker-12] PlatformSynchronizationService - updateSyncStatus: Starting
06:08:22 [DefaultDispatcher-worker-12] PlatformSynchronizationService - updateSyncStatus: Initialization
06:08:22 [DefaultDispatcher-worker-12] PlatformSynchronizationService - check database integrity: starting
06:08:22 [DefaultDispatcher-worker-12] PlatformSynchronizationService - check database integrity: skipped — the dashpay data contract is not loaded yet
06:08:22 [DefaultDispatcher-worker-12] PlatformSynchronizationService - updateSyncStatus: FixMissingProfiles
06:08:22 [DefaultDispatcher-worker-12] DapiClient - getDocuments(contractId=Bwr4WHCPz5rFVAD87RqTs3izo4zpzwsEdKPWUT1NS1C7, type=contactRequest, {orderBy=[[$createdAt, asc]], where=[[$ownerId, ==, BQe9JAu9BBsyNyH6j5cf3hKjqdEDQcj5D82cuie6DC4k], [$createdAt, >, 1786829024977]]})
06:08:22 [DefaultDispatcher-worker-12] PlatformSynchronizationService - updateSyncStatus: GetReceivedRequests
06:08:22 [DefaultDispatcher-worker-12] DapiClient - getDocuments(contractId=Bwr4WHCPz5rFVAD87RqTs3izo4zpzwsEdKPWUT1NS1C7, type=contactRequest, {orderBy=[[$createdAt, asc]], where=[[toUserId, ==, BQe9JAu9BBsyNyH6j5cf3hKjqdEDQcj5D82cuie6DC4k], [$createdAt, >, 1787581781636]]})
06:08:22 [DefaultDispatcher-worker-12] PlatformSynchronizationService - updateSyncStatus: GetSentRequests
06:08:22 [DefaultDispatcher-worker-12] PlatformSynchronizationService - updateSyncStatus: GetNewProfiles
06:08:22 [DefaultDispatcher-worker-12] SecurityGuard - loading security guard [healthy=true] with keys: [keystore_healthy, fallback_pin_wallet_password_key, primary_ui_pin_key, modern_encryption_migration_complete, fallback_mnemonic_wallet_password_key, primary_wallet_password_key, fallback_mnemonic_ui_pin_key]
06:08:22 [DefaultDispatcher-worker-12] ModernEncryptionProvider - Decrypted data for alias: wallet_password_key
06:08:22 [DefaultDispatcher-worker-12] KeyCrypterScrypt - Deriving key took 137.6 ms for N=65536, r=8, p=1.
06:08:22 [DefaultDispatcher-worker-5] PlatformSynchronizationService - updateSyncStatus: GetInvites
06:08:22 [DefaultDispatcher-worker-11] SecurityGuard - loading security guard [healthy=true] with keys: [keystore_healthy, fallback_pin_wallet_password_key, primary_ui_pin_key, modern_encryption_migration_complete, fallback_mnemonic_wallet_password_key, primary_wallet_password_key, fallback_mnemonic_ui_pin_key]
06:08:22 [DefaultDispatcher-worker-11] ModernEncryptionProvider - Decrypted data for alias: wallet_password_key
06:08:23 [DefaultDispatcher-worker-11] KeyCrypterScrypt - Deriving key took 131.4 ms for N=65536, r=8, p=1.
06:08:23 [DefaultDispatcher-worker-3] PlatformSynchronizationService - updating contacts and profiles took 238.9 ms
06:08:23 [DefaultDispatcher-worker-3] PlatformSynchronizationService - updateSyncStatus: GetUpdatedProfiles
06:08:23 [DefaultDispatcher-worker-5] BlockchainIdentityData - creation: BlockchainIdentityData(DONE_AND_DISMISS, test-p1atf0rm-4-11, CONFIRMED, null, null, BQe9JAu9BBsyNyH6j5cf3hKjqdEDQcj5D82cuie6DC4k)
06:08:23 [DefaultDispatcher-worker-1] IdentityRepository - New contacts at Sat Sep 12 00:13:22 CDT 2026 = 1 - getNotificationCount
06:08:23 [DefaultDispatcher-worker-1] PlatformSynchronizationService - updateSyncStatus: Complete
06:08:23 [DefaultDispatcher-worker-1] PlatformSynchronizationService - updating contacts and profiles took 503.8 ms
06:08:23 [DefaultDispatcher-worker-11] BlockchainIdentityData - creation: BlockchainIdentityData(DONE_AND_DISMISS, test-p1atf0rm-4-11, CONFIRMED, null, null, BQe9JAu9BBsyNyH6j5cf3hKjqdEDQcj5D82cuie6DC4k)
06:08:23 [DefaultDispatcher-worker-3] IdentityRepository - New contacts at Sat Sep 12 00:13:22 CDT 2026 = 1 - getNotificationCount
06:08:24 [DefaultDispatcher-worker-2] BlockchainIdentityData - creation: BlockchainIdentityData(DONE_AND_DISMISS, test-p1atf0rm-4-11, CONFIRMED, null, null, BQe9JAu9BBsyNyH6j5cf3hKjqdEDQcj5D82cuie6DC4k)
06:08:24 [DefaultDispatcher-worker-2] IdentityRepository - New contacts at Sat Sep 12 00:13:22 CDT 2026 = 1 - getNotificationCount
06:08:24 [DefaultDispatcher-worker-1] BlockchainIdentityData - creation: BlockchainIdentityData(DONE_AND_DISMISS, test-p1atf0rm-4-11, CONFIRMED, null, null, BQe9JAu9BBsyNyH6j5cf3hKjqdEDQcj5D82cuie6DC4k)
06:08:24 [DefaultDispatcher-worker-11] IdentityRepository - New contacts at Sat Sep 12 00:13:22 CDT 2026 = 1 - getNotificationCount
