16:43:59 [main] StartupBreadcrumbs - STARTUP breadcrumb: 1 LOGGING_INITIALIZED +5ms
16:43:59 [main] StartupBreadcrumbs - STARTUP breadcrumb: 2 FIREBASE_INITIALIZED +6ms
16:43:59 [main] WalletApplication - STARTUP WalletApplication.onCreate()
16:43:59 [main] StartupBreadcrumbs - STARTUP breadcrumb: 3 CONFIG_LOADED +7ms
16:43:59 [process-exit-reasons] ProcessExitReasons - PROCESS EXIT REASON: none recorded (fresh install, or the history was cleared)
16:43:59 [main] StartupBreadcrumbs - STARTUP breadcrumb: 11 ONCREATE_COMPLETE +17ms
16:43:59 [main] BootstrapReceiver - got broadcast: Intent { act=android.intent.action.BOOT_COMPLETED flg=0x9000030 pkg=hashengineering.darkcoin.wallet_test cmp=hashengineering.darkcoin.wallet_test/de.schildbach.wallet.service.BootstrapReceiver (has extras) }
16:43:59 [bootstrap] BLSJniLibrary - Initializing BLS JNI Library
16:43:59 [bootstrap] BLSJniLibrary - Initializing BLS JNI Library
16:43:59 [bootstrap] BootstrapReceiver - wallet does not exist, not showing inactivity warning
16:43:59 [main] WalletActivityTracker - activity lifecycle: app started
16:43:59 [main] WalletActivityTracker - activity lifecycle: activity OnboardingActivity created
16:43:59 [main] WalletActivityTracker - activity lifecycle: current: OnboardingActivity, activities: 1 visible: 0 foreground: 0
16:43:59 [main] AppForegroundMonitor - App moved to foreground
16:43:59 [main] WalletActivityTracker - activity lifecycle: current: OnboardingActivity, activities: 1 visible: 1 foreground: 0
16:43:59 [main] WalletActivityTracker - activity lifecycle: current: OnboardingActivity, activities: 1 visible: 1 foreground: 1
16:44:00 [DefaultDispatcher-worker-2] ExploreSyncWorker - sync explore db started
16:44:00 [DefaultDispatcher-worker-2] ExploreDataSyncStatus - sync explore data progress: 0.0
16:44:00 [DefaultDispatcher-worker-2] GCExploreDatabase - preloading explore db from assets /data/user/0/hashengineering.darkcoin.wallet_test/cache/explore.db, test database: true
16:44:00 [DefaultDispatcher-worker-2] GCExploreDatabase - preloading explore db from assets /data/user/0/hashengineering.darkcoin.wallet_test/cache/explore.db, test database: false
16:44:00 [DefaultDispatcher-worker-2] GCExploreDatabase - missing preloaded database explore/explore.db
16:44:00 [DefaultDispatcher-worker-2] ExploreSyncWorker - local data timestamp: 0 (Wed Dec 31 18:00:00 CST 1969)
16:44:00 [DefaultDispatcher-worker-2] GCExploreDatabase - error getting remote data timestamp
com.google.firebase.FirebaseException: An internal error has occurred. [ API key not valid. Please pass a valid API key. ]
	at com.google.android.gms.internal.firebase-auth-api.zzaag.zza(com.google.firebase:firebase-auth@@22.0.0:4)
	at com.google.android.gms.internal.firebase-auth-api.zzabf.zza(com.google.firebase:firebase-auth@@22.0.0:26)
	at com.google.android.gms.internal.firebase-auth-api.zzabg.zzl(com.google.firebase:firebase-auth@@22.0.0:1)
	at com.google.android.gms.internal.firebase-auth-api.zzabd.zzh(com.google.firebase:firebase-auth@@22.0.0:25)
	at com.google.android.gms.internal.firebase-auth-api.zzaae.zzh(com.google.firebase:firebase-auth@@22.0.0:1)
	at com.google.android.gms.internal.firebase-auth-api.zzyb.zza(com.google.firebase:firebase-auth@@22.0.0:2)
	at com.google.android.gms.internal.firebase-auth-api.zzabo.zzc(com.google.firebase:firebase-auth@@22.0.0:10)
	at com.google.android.gms.internal.firebase-auth-api.zzabo.zzb(com.google.firebase:firebase-auth@@22.0.0:14)
	at com.google.android.gms.internal.firebase-auth-api.zzaat.zzn(com.google.firebase:firebase-auth@@22.0.0:4)
	at com.google.android.gms.internal.firebase-auth-api.zzyh.zzz(com.google.firebase:firebase-auth@@22.0.0:2)
	at com.google.android.gms.internal.firebase-auth-api.zzaaf.zzv(com.google.firebase:firebase-auth@@22.0.0:2)
	at com.google.android.gms.internal.firebase-auth-api.zzzk.zzc(com.google.firebase:firebase-auth@@22.0.0:1)
	at com.google.android.gms.internal.firebase-auth-api.zzabh.run(com.google.firebase:firebase-auth@@22.0.0:1)
	at java.util.concurrent.ThreadPoolExecutor.runWorker(ThreadPoolExecutor.java:1145)
	at java.util.concurrent.ThreadPoolExecutor$Worker.run(ThreadPoolExecutor.java:644)
	at com.google.firebase.concurrent.CustomThreadFactory.lambda$newThread$0(CustomThreadFactory.java:47)
	at com.google.firebase.concurrent.CustomThreadFactory.$r8$lambda$XB8AY3Hcio74byWuTzgVEC3Hiek(CustomThreadFactory.java:0)
	at com.google.firebase.concurrent.CustomThreadFactory$$ExternalSyntheticLambda0.run(R8$$SyntheticClass:0)
	at java.lang.Thread.run(Thread.java:1012)
16:44:00 [DefaultDispatcher-worker-2] ExploreSyncWorker - remote data timestamp: -1 (Wed Dec 31 17:59:59 CST 1969)
16:44:00 [DefaultDispatcher-worker-2] ExploreSyncWorker - unable to delete /data/user/0/hashengineering.darkcoin.wallet_test/cache/explore.db
16:44:00 [DefaultDispatcher-worker-2] ExploreSyncWorker - explore db is up to date, nothing to sync
16:44:00 [DefaultDispatcher-worker-2] ExploreDataSyncStatus - sync explore data progress: 100.0
16:44:00 [DefaultDispatcher-worker-2] ExploreDatabase - Open database explore-database
16:44:00 [DefaultDispatcher-worker-2] ExploreSyncWorker - adding PiggyCards test merchants
16:44:00 [DefaultDispatcher-worker-4] ExploreSyncWorker - PiggyCards test merchant added successfully
16:44:22 [main] WalletActivityTracker - activity lifecycle: current: OnboardingActivity, activities: 1 visible: 1 foreground: 0
16:44:22 [main] WalletActivityTracker - activity lifecycle: activity SelectSecurityLevelActivity created
16:44:22 [main] WalletActivityTracker - activity lifecycle: current: SelectSecurityLevelActivity, activities: 2 visible: 1 foreground: 0
16:44:22 [main] WalletActivityTracker - activity lifecycle: current: SelectSecurityLevelActivity, activities: 2 visible: 2 foreground: 0
16:44:22 [main] WalletActivityTracker - activity lifecycle: current: SelectSecurityLevelActivity, activities: 2 visible: 2 foreground: 1
16:44:23 [main] WalletActivityTracker - activity lifecycle: current: OnboardingActivity, activities: 2 visible: 1 foreground: 1
16:44:42 [main] WalletActivityTracker - activity lifecycle: current: SelectSecurityLevelActivity, activities: 2 visible: 1 foreground: 0
16:44:42 [main] WalletActivityTracker - activity lifecycle: current: OnboardingActivity, activities: 2 visible: 2 foreground: 0
16:44:42 [main] WalletActivityTracker - activity lifecycle: current: OnboardingActivity, activities: 2 visible: 2 foreground: 1
16:44:42 [DefaultDispatcher-worker-6] BLSJniLibrary - Initializing BLS JNI Library
16:44:42 [DefaultDispatcher-worker-6] WalletApplication - === starting app using configuration: _testNet3, org.darkcoin.test
16:44:42 [DefaultDispatcher-worker-6] MnemonicCodeExt - BIP39 wordlist loaded from: 'bip39-wordlists/english.txt', took 1.881 ms
16:44:42 [DefaultDispatcher-worker-6] MnemonicCode - PBKDF2 took 11.92 ms
16:44:42 [DefaultDispatcher-worker-6] OnboardingViewModel - successfully created new wallet
16:44:42 [DefaultDispatcher-worker-2] BLSJniLibrary - Initializing BLS JNI Library
16:44:42 [DefaultDispatcher-worker-2] TxDisplayCacheService - rebuildWrappedList: 0 raw txs → 0 wrappers → 0 sorted | getTransactions=1ms wrapAll=0ms sort=0ms total=1ms
16:44:42 [DefaultDispatcher-worker-6] KeyChainGroup - Activating a new HD chain: DeterministicKeyChain{P2PKH, accountPath=[44H, 1H, 0H], lookaheadSize=100, lookaheadThreshold=33}
16:44:42 [DefaultDispatcher-worker-4] TxDisplayCacheService - updateDisplayCache: 0 rows in 0ms
16:44:42 [DefaultDispatcher-worker-4] TxDisplayCacheService - STARTUP rebuildWrappedList DONE (_transactionsLoaded=true) at 1789836282280
16:44:42 [DefaultDispatcher-worker-4] WalletObserver - observing transactions start de.schildbach.wallet.transactions.WalletObserver@dccfc34
16:44:42 [DefaultDispatcher-worker-4] BLSJniLibrary - Initializing BLS JNI Library
16:44:42 [dashj user thread] BLSJniLibrary - Initializing BLS JNI Library
16:44:42 [DefaultDispatcher-worker-6] AnyKeyChainGroup - Activating a new HD chain: AuthenticationKeyChain{BLOCKCHAIN_IDENTITY, ECDSA, P2PKH, accountPath=[9H, 1H, 5H, 0H, 0H, 0H], lookaheadSize=0, lookaheadThreshold=0}
16:44:42 [DefaultDispatcher-worker-6] AnyKeyChainGroup - Activating a new HD chain: AuthenticationKeyChain{BLOCKCHAIN_IDENTITY_FUNDING, ECDSA, P2PKH, accountPath=[9H, 1H, 5H, 1H], lookaheadSize=5, lookaheadThreshold=5}
16:44:42 [DefaultDispatcher-worker-6] AnyKeyChainGroup - Activating a new HD chain: AuthenticationKeyChain{MASTERNODE_OWNER, ECDSA, P2PKH, accountPath=[9H, 1H, 3H, 2H], lookaheadSize=5, lookaheadThreshold=5}
16:44:42 [DefaultDispatcher-worker-6] BLSJniLibrary - Initializing BLS JNI Library
16:44:42 [DefaultDispatcher-worker-6] AnyKeyChainGroup - Activating a new HD chain: AuthenticationKeyChain{MASTERNODE_OPERATOR, BLS, P2PKH, accountPath=[9H, 1H, 3H, 3H], lookaheadSize=5, lookaheadThreshold=5}
16:44:42 [DefaultDispatcher-worker-6] AnyKeyChainGroup - Activating a new HD chain: AuthenticationKeyChain{MASTERNODE_VOTING, ECDSA, P2PKH, accountPath=[9H, 1H, 3H, 1H], lookaheadSize=5, lookaheadThreshold=5}
16:44:42 [main] WalletActivityTracker - activity lifecycle: current: SelectSecurityLevelActivity, activities: 2 visible: 1 foreground: 1
16:44:42 [main] WalletActivityTracker - activity lifecycle: activity SelectSecurityLevelActivity destroyed
16:44:42 [main] WalletActivityTracker - activity lifecycle: current: SelectSecurityLevelActivity, activities: 1 visible: 1 foreground: 1
16:44:42 [DefaultDispatcher-worker-6] AnyKeyChainGroup - Activating a new HD chain: AuthenticationKeyChain{BLOCKCHAIN_IDENTITY_TOPUP, ECDSA, P2PKH, accountPath=[9H, 1H, 5H, 2H], lookaheadSize=5, lookaheadThreshold=5}
16:44:42 [DefaultDispatcher-worker-6] AnyKeyChainGroup - Activating a new HD chain: AuthenticationKeyChain{INVITATION_FUNDING, ECDSA, P2PKH, accountPath=[9H, 1H, 5H, 3H], lookaheadSize=5, lookaheadThreshold=5}
16:44:42 [DefaultDispatcher-worker-6] AnyKeyChainGroup - Activating a new HD chain: AuthenticationKeyChain{MASTERNODE_PLATFORM_OPERATOR, EdDSA, P2PKH, accountPath=[9H, 1H, 3H, 4H], lookaheadSize=0, lookaheadThreshold=0}
16:44:42 [DefaultDispatcher-worker-6] AnyKeyChainGroup - Activating a new HD chain: AnyDeterministicKeyChain{ECDSA, P2PKH, accountPath=[9H, 1H, 4H, 0H], lookaheadSize=100, lookaheadThreshold=33}
16:44:42 [DefaultDispatcher-worker-1] CutoverCoordinator - cutover state DUAL_RUNNING -> CUT_OVER (fresh-wallet setup (restore/new))
16:44:42 [main] WalletActivityTracker - activity lifecycle: current: OnboardingActivity, activities: 1 visible: 1 foreground: 0
16:44:42 [main] WalletActivityTracker - activity lifecycle: activity SetPinActivity created
16:44:42 [main] WalletActivityTracker - activity lifecycle: current: SetPinActivity, activities: 2 visible: 1 foreground: 0
16:44:42 [main] SecurityGuard - loading security guard [healthy=true] with keys: [modern_encryption_migration_complete]
16:44:42 [main] SecurityGuard - loading security guard [healthy=true] with keys: [modern_encryption_migration_complete]
16:44:42 [main] WalletActivityTracker - activity lifecycle: current: SetPinActivity, activities: 2 visible: 2 foreground: 0
16:44:42 [main] WalletActivityTracker - activity lifecycle: current: SetPinActivity, activities: 2 visible: 2 foreground: 1
16:44:42 [main] WalletActivityTracker - activity lifecycle: current: OnboardingActivity, activities: 2 visible: 1 foreground: 1
16:45:29 [main] SecurityGuard - removing security keys
16:45:29 [main] ModernEncryptionProvider - deleting ui_pin_key
16:45:29 [main] ModernEncryptionProvider - deleting wallet_password_key
16:45:29 [main] SecurityGuard - Cleared DataStore backups
16:45:29 [main] ModernEncryptionProvider - key store does not have ui_pin_key, but has android.security.keystore2.AndroidKeyStoreSpi$KeyEntriesEnumerator@37206d4, generating new key. Stack trace:
  at dalvik.system.VMStack.getThreadStackTrace(Native Method)
  at java.lang.Thread.getStackTrace(Thread.java:1841)
  at de.schildbach.wallet.security.ModernEncryptionProvider.getSecretKey(ModernEncryptionProvider.kt:175)
  at de.schildbach.wallet.security.ModernEncryptionProvider.encrypt(ModernEncryptionProvider.kt:79)
  at de.schildbach.wallet.security.DualFallbackEncryptionProvider.encrypt(DualFallbackEncryptionProvider.kt:85)
  at de.schildbach.wallet.security.SecurityGuard.validateKeyIntegrity(SecurityGuard.java:307)
  at de.schildbach.wallet.security.SecurityGuard.savePin(SecurityGuard.java:262)
  at de.schildbach.wallet.livedata.EncryptWalletLiveData.savePin(EncryptWalletLiveData.kt:106)
  at de.schildbach.wallet.ui.SetPinViewModel.savePinAndEncrypt(SetPinViewModel.kt:74)
  at de.schildbach.wallet.ui.SetPinViewModel.savePinAndEncrypt(SetPinViewModel.kt:65)
  at de.schildbach.wallet.ui.SetPinActivity$nextStep$submit$1.run(SetPinActivity.kt:289)
  at android.os.Handler.handleCallback(Handler.java:959)
  at android.os.Handler.dispatchMessage(Handler.java:100)
  at android.os.Looper.loopOnce(Looper.java:232)
  at android.os.Looper.loop(Looper.java:317)
  at android.app.ActivityThread.main(ActivityThread.java:8705)
  at java.lang.reflect.Method.invoke(Native Method)
  at com.android.internal.os.RuntimeInit$MethodAndArgsCaller.run(RuntimeInit.java:580)
  at com.android.internal.os.ZygoteInit.main(ZygoteInit.java:886)
16:45:29 [main] SecurityGuard - Notifying 1 health listeners of status change: HEALTHY
16:45:29 [main] SecurityGuard - Notifying 1 health listeners of status change: HEALTHY
16:45:29 [main] ModernEncryptionProvider - Decrypted data for alias: ui_pin_key
16:45:29 [main] SecurityGuard - Notifying 1 health listeners of status change: HEALTHY
16:45:29 [main] ModernEncryptionProvider - Decrypted data for alias: ui_pin_key
16:45:30 [main] MnemonicBasedKeyProvider - Derived key from mnemonic for alias: ui_pin_key
16:45:30 [main] SecurityGuard - Notifying 1 health listeners of status change: HEALTHY
16:45:30 [main] DualFallbackEncryptionProvider - Added mnemonic-fallback for ui_pin_key
16:45:30 [AsyncTask #1] BLSJniLibrary - Initializing BLS JNI Library
16:45:30 [AsyncTask #1] KeyCrypterScrypt - Deriving key took 112.3 ms for N=65536, r=8, p=1.
16:45:30 [AsyncTask #1] ModernEncryptionProvider - key store does not have wallet_password_key, but has android.security.keystore2.AndroidKeyStoreSpi$KeyEntriesEnumerator@a722bcd, generating new key. Stack trace:
  at dalvik.system.VMStack.getThreadStackTrace(Native Method)
  at java.lang.Thread.getStackTrace(Thread.java:1841)
  at de.schildbach.wallet.security.ModernEncryptionProvider.getSecretKey(ModernEncryptionProvider.kt:175)
  at de.schildbach.wallet.security.ModernEncryptionProvider.encrypt(ModernEncryptionProvider.kt:79)
  at de.schildbach.wallet.security.DualFallbackEncryptionProvider.encrypt(DualFallbackEncryptionProvider.kt:85)
  at de.schildbach.wallet.security.SecurityGuard.validateKeyIntegrity(SecurityGuard.java:307)
  at de.schildbach.wallet.security.SecurityGuard.savePassword(SecurityGuard.java:204)
  at de.schildbach.wallet.livedata.EncryptWalletLiveData$EncryptWalletTask.doInBackground$lambda$0(EncryptWalletLiveData.kt:188)
  at de.schildbach.wallet.livedata.EncryptWalletLiveData$EncryptWalletTask.$r8$lambda$0CMI4LnZeajmC7OpxOq-bClhh3o(EncryptWalletLiveData.kt:0)
  at de.schildbach.wallet.livedata.EncryptWalletLiveData$EncryptWalletTask$$ExternalSyntheticLambda0.invoke(R8$$SyntheticClass:0)
  at de.schildbach.wallet.livedata.EncryptWalletLiveData$Companion.encryptAndSavePassword$wallet__testNet3Release(EncryptWalletLiveData.kt:58)
  at de.schildbach.wallet.livedata.EncryptWalletLiveData$EncryptWalletTask.doInBackground(EncryptWalletLiveData.kt:188)
  at de.schildbach.wallet.livedata.EncryptWalletLiveData$EncryptWalletTask.doInBackground(EncryptWalletLiveData.kt:172)
  at android.os.AsyncTask$3.call(AsyncTask.java:394)
  at java.util.concurrent.FutureTask.run(FutureTask.java:264)
  at android.os.AsyncTask$SerialExecutor$1.run(AsyncTask.java:305)
  at java.util.concurrent.ThreadPoolExecutor.runWorker(ThreadPoolExecutor.java:1145)
  at java.util.concurrent.ThreadPoolExecutor$Worker.run(ThreadPoolExecutor.java:644)
  at java.lang.Thread.run(Thread.java:1012)
16:45:30 [main] SecurityGuard - Notifying 1 health listeners of status change: HEALTHY
16:45:30 [AsyncTask #1] ModernEncryptionProvider - Decrypted data for alias: wallet_password_key
16:45:30 [AsyncTask #1] EncryptWalletLiveData - wallet successfully encrypted, using key derived by new spending password (65536 scrypt iterations)
16:45:30 [main] SecurityGuard - Notifying 1 health listeners of status change: HEALTHY
16:45:30 [main] CoinJoinExtension - CoinJoinExtension serialization: 0ms total (keys:0ms[8], cache:0ms[0], salt:0ms, io:0ms, size:1447bytes, buffer:64KB)
16:45:30 [main] WalletProtobufSerializer - walletToProto (serial=8) timing: 14ms total, init=0ms, tx=0ms[0], keys=1ms, scripts=0ms[0], metadata=0ms, ext=12ms, friendRecv=0ms, friendSend=0ms, build=0ms
16:45:30 [main] WalletProtobufSerializer - writeWallet timing: 16ms total (14ms/87% serialization, 2ms/12% I/O) buffer=8KB
16:45:30 [main] WalletApplication - wallet saved to: '/data/user/0/hashengineering.darkcoin.wallet_test/files/wallet-protobuf-testnet', took 21.52 ms
16:45:30 [main] CoinJoinExtension - CoinJoinExtension serialization: 0ms total (keys:0ms[8], cache:0ms[0], salt:0ms, io:0ms, size:1447bytes, buffer:64KB)
16:45:30 [main] WalletProtobufSerializer - walletToProto (serial=8) timing: 1ms total, init=0ms, tx=0ms[0], keys=0ms, scripts=0ms[0], metadata=0ms, ext=1ms, friendRecv=0ms, friendSend=0ms, build=0ms
16:45:30 [main] WalletApplication - wallet backed up to: 'key-backup-protobuf-testnet', took 2.813 ms
16:45:30 [main] StartupBreadcrumbs - STARTUP breadcrumb: 7 FINALIZE_INIT_BEGIN +90495ms
16:45:30 [main] SecurityGuard - loading security guard [healthy=true] with keys: [keystore_healthy, modern_encryption_migration_complete, primary_ui_pin_key, primary_wallet_password_key, fallback_mnemonic_ui_pin_key]
16:45:30 [main] SecurityGuard - loading security guard [healthy=true] with keys: [keystore_healthy, modern_encryption_migration_complete, primary_ui_pin_key, primary_wallet_password_key, fallback_mnemonic_ui_pin_key]
16:45:30 [main] ModernEncryptionProvider - Decrypted data for alias: wallet_password_key
16:45:30 [main] KeyCrypterScrypt - Deriving key took 116.4 ms for N=65536, r=8, p=1.
16:45:30 [main] ModernEncryptionProvider - Decrypted data for alias: wallet_password_key
16:45:30 [main] MnemonicBasedKeyProvider - Derived key from mnemonic for alias: wallet_password_key
16:45:30 [main] SecurityGuard - Notifying 1 health listeners of status change: HEALTHY
16:45:30 [main] DualFallbackEncryptionProvider - Added mnemonic-fallback for wallet_password_key
16:45:30 [main] SecurityGuard - Mnemonic-based fallbacks ensured for PIN and wallet password
16:45:30 [main] WalletApplication - Mnemonic-based fallbacks ensured
16:45:30 [main] ModernEncryptionProvider - Decrypted data for alias: ui_pin_key
16:45:30 [main] ModernEncryptionProvider - Decrypted data for alias: wallet_password_key
16:45:30 [main] SecurityGuard - Notifying 1 health listeners of status change: HEALTHY_WITH_FALLBACKS
16:45:30 [main] DualFallbackEncryptionProvider - Added PIN-fallback for wallet_password_key
16:45:30 [main] SecurityGuard - PIN-based fallback ensured for wallet password
16:45:30 [main] WalletApplication - PIN-based fallback added successfully
16:45:30 [main] WalletApplication - STARTUP finalizeInit: securityGuard done in 237ms
16:45:30 [main] WalletApplication - STARTUP finalizeInit: initDash done in 8ms
16:45:30 [main] StartupBreadcrumbs - STARTUP breadcrumb: 8 INIT_DASH_DONE +90740ms
16:45:30 [main] Configuration - detected app upgrade: 0 -> 12000000
16:45:30 [main] WalletApplication - STARTUP finalizeInit: afterLoadWallet done in 2ms
16:45:30 [main] StartupBreadcrumbs - STARTUP breadcrumb: 9 AFTER_LOAD_WALLET_DONE +90742ms
16:45:30 [main] StartupBreadcrumbs - STARTUP breadcrumb: 20 SDK_BIND_KICKED +90746ms
16:45:30 [DefaultDispatcher-worker-9] BlockchainIdentityData - creation: BlockchainIdentityData(NONE, null, null, null, null, null)
16:45:30 [main] PlatformSynchronizationService - Starting the platform sync job
16:45:30 [main] StartupBreadcrumbs - STARTUP breadcrumb: 10 PLATFORM_INIT_KICKED +90746ms
16:45:30 [main] WalletApplication - STARTUP finalizeInit: initPlatform+channels done in 4ms
16:45:30 [DefaultDispatcher-worker-5] SecurityGuard - loading security guard [healthy=true] with keys: [keystore_healthy, fallback_pin_wallet_password_key, primary_ui_pin_key, modern_encryption_migration_complete, fallback_mnemonic_wallet_password_key, primary_wallet_password_key, fallback_mnemonic_ui_pin_key]
16:45:30 [DefaultDispatcher-worker-5] ModernEncryptionProvider - Decrypted data for alias: wallet_password_key
16:45:30 [main] WalletApplication - STARTUP finalizeInit: integrations done in 68ms
16:45:30 [main] WalletActivityTracker - activity lifecycle: current: SetPinActivity, activities: 2 visible: 1 foreground: 0
16:45:30 [main] WalletActivityTracker - activity lifecycle: activity OnboardingActivity destroyed
16:45:30 [main] WalletActivityTracker - activity lifecycle: current: SetPinActivity, activities: 1 visible: 1 foreground: 0
16:45:30 [main] WalletActivityTracker - activity lifecycle: activity VerifySeedActivity created
16:45:30 [main] WalletActivityTracker - activity lifecycle: current: VerifySeedActivity, activities: 2 visible: 1 foreground: 0
16:45:30 [main] SecurityGuard - loading security guard [healthy=true] with keys: [keystore_healthy, fallback_pin_wallet_password_key, primary_ui_pin_key, modern_encryption_migration_complete, fallback_mnemonic_wallet_password_key, primary_wallet_password_key, fallback_mnemonic_ui_pin_key]
16:45:30 [main] SecurityGuard - loading security guard [healthy=true] with keys: [keystore_healthy, fallback_pin_wallet_password_key, primary_ui_pin_key, modern_encryption_migration_complete, fallback_mnemonic_wallet_password_key, primary_wallet_password_key, fallback_mnemonic_ui_pin_key]
16:45:30 [main] WalletActivityTracker - activity lifecycle: current: VerifySeedActivity, activities: 2 visible: 2 foreground: 0
16:45:30 [main] WalletActivityTracker - activity lifecycle: current: VerifySeedActivity, activities: 2 visible: 2 foreground: 1
16:45:30 [DefaultDispatcher-worker-5] KeyCrypterScrypt - Deriving key took 188.2 ms for N=65536, r=8, p=1.
16:45:30 [DefaultDispatcher-worker-5] DashSdkServiceImpl - bootstrapping Dash Platform SDK for network=testnet (flavor=_testNet3)
16:45:30 [DefaultDispatcher-worker-5] DashSdkServiceImpl - SDK tracing file logging (INFO) at /data/user/0/hashengineering.darkcoin.wallet_test/files/sdk-logs/platform_wallet/run.log: NOT installed (subscriber already set or dir unwritable)
16:45:30 [main] WalletActivityTracker - activity lifecycle: current: SetPinActivity, activities: 2 visible: 1 foreground: 1
16:45:30 [main] WalletActivityTracker - activity lifecycle: activity SetPinActivity destroyed
16:45:30 [main] WalletActivityTracker - activity lifecycle: current: SetPinActivity, activities: 1 visible: 1 foreground: 1
16:45:30 [DefaultDispatcher-worker-2] DashSdkServiceImpl - Dash Platform SDK started: version=4.2.0-dev.8, restored 0 wallet(s)
16:45:30 [DefaultDispatcher-worker-2] CheckpointManager - Read 2440 checkpoints up to time 2026-01-20T11:13:46Z, hash is 64631969817a1892a432d246a7c17a63d5c57d76d2ddf0404b48486637fe32a0
16:45:30 [DefaultDispatcher-worker-2] BirthHeightResolver - resolved birth time 1789836282 to SDK birth height 1401408 (checkpoint height 1405440, margin 4032 blocks)
16:45:30 [DefaultDispatcher-worker-2] DashSdkServiceImpl - app wallet bound to new SDK wallet e4c92342… (birthHeight=1401408 via checkpoint mapping; 0 = full scan from genesis)
16:45:31 [DefaultDispatcher-worker-2] DashSdkServiceImpl - widenAddressWindows: BIP44 account 0 gap -> 1000 on e4c92342…
16:45:31 [DefaultDispatcher-worker-2] DashSdkServiceImpl - widenAddressWindows: BIP32 account 0 gap -> 1000 on e4c92342…
16:45:31 [DefaultDispatcher-worker-2] DashSdkServiceImpl - widenAddressWindows: COIN_JOIN account 0 gap -> 1000 on e4c92342…
16:45:31 [DefaultDispatcher-worker-5] CheckpointManager - Read 2440 checkpoints up to time 2026-01-20T11:13:46Z, hash is 64631969817a1892a432d246a7c17a63d5c57d76d2ddf0404b48486637fe32a0
16:45:31 [DefaultDispatcher-worker-5] BirthHeightResolver - resolved birth time 1789836282 to SDK birth height 1401408 (checkpoint height 1405440, margin 4032 blocks)
16:45:31 [DefaultDispatcher-worker-5] DashSdkServiceImpl - armSpvRescan: filter watermark rewind to 1401408 armed on e4c92342…
16:45:31 [DefaultDispatcher-worker-7] SdkWalletBinder - address-window heal v2 applied on e4c92342…: gaps widened, backfill coverage invalidated — next gate pass rewinds with the widened script set
16:45:31 [DefaultDispatcher-worker-7] SdkWalletBinder - SDK wallet bound; identity not yet registered — discovery deferred
16:45:31 [DefaultDispatcher-worker-2] SdkBindRetryService - SDK bind established — clearing the pending state (no blocker recorded in this process)
16:45:31 [DefaultDispatcher-worker-7] PlatformSynchronizationService - SDK L1 engine not started from Application init — it starts from the foreground blockchain service (resume())
16:45:31 [DefaultDispatcher-worker-4] CutoverUiDataService - cutover committed — serving home-screen data from the SDK
16:45:31 [DefaultDispatcher-worker-4] CutoverUiDataService - cutover UI active but the engine wallet-event tap is not running (USE_KOTLIN_SDK_L1_SHADOW off, or L1ShadowSyncService not started) — instant receives degrade to the Room-snapshot/block cadence
16:45:31 [DefaultDispatcher-worker-8] SdkBlockchainStateService - cutover committed — deriving BlockchainState from the SDK SPV feed
16:45:31 [DefaultDispatcher-worker-7] StartupBreadcrumbs - STARTUP breadcrumb: 23 CUTOVER_SERVICES_STARTED +91521ms
16:45:31 [DefaultDispatcher-worker-1] CutoverUiDataService - SDK balance published: 0 duffs (was none) | l1Synced=false rescanArmedHold=true dashPayBackfill(armed=false,replaying=false) deferredContactBuilds=0 (unchangedReads=1) persistedAsLastKnown=false lastKnown=none
16:45:31 [DefaultDispatcher-worker-1] CutoverTxSeamService - cutover committed — priming the SDK seam tx feed
16:45:31 [DefaultDispatcher-worker-1] CutoverTxSeamService - seam tx feed primed (0 recent records, 0 in the priming window); serving seam tx reads from the SDK store
16:45:31 [DefaultDispatcher-worker-8] TxDisplayCacheService - Sync complete (cutoverCommitted=true): SDK=0 records | dashj wallet=0 txs | group cache=0 txs/0 groups | display=0 rows — cache is complete (SDK holds 0 records, display has 0 rows)
16:45:31 [DefaultDispatcher-worker-7] ShieldedBalanceServiceImpl - shielded runtime ready on SDK wallet e4c92342… (account 0, sync loop running)
16:47:14 [main] WalletActivityTracker - activity lifecycle: current: VerifySeedActivity, activities: 1 visible: 1 foreground: 0
16:47:15 [main] WalletActivityTracker - activity lifecycle: activity MainActivity created
16:47:15 [main] WalletActivityTracker - activity lifecycle: current: MainActivity, activities: 2 visible: 1 foreground: 0
16:47:15 [main] SecurityGuard - loading security guard [healthy=true] with keys: [keystore_healthy, fallback_pin_wallet_password_key, primary_ui_pin_key, modern_encryption_migration_complete, fallback_mnemonic_wallet_password_key, primary_wallet_password_key, fallback_mnemonic_ui_pin_key]
16:47:15 [main] SecurityGuard - loading security guard [healthy=true] with keys: [keystore_healthy, fallback_pin_wallet_password_key, primary_ui_pin_key, modern_encryption_migration_complete, fallback_mnemonic_wallet_password_key, primary_wallet_password_key, fallback_mnemonic_ui_pin_key]
16:47:15 [main] ModernEncryptionProvider - Decrypted data for alias: wallet_password_key
16:47:15 [main] ModernEncryptionProvider - Decrypted data for alias: ui_pin_key
16:47:15 [main] DashPaymentIntentParser - network parameters = org.darkcoin.test
16:47:15 [main] DashPaymentIntentParser - network parameters = org.darkcoin.test
16:47:15 [main] MainViewModel - STARTUP MainViewModel init at 1789836435104
16:47:15 [DefaultDispatcher-worker-2] MainViewModel - blockchain state update: mnlist=0; chain=0; wallet=0
16:47:15 [main] StartupBreadcrumbs - STARTUP breadcrumb: 12 MAIN_UI_SHOWN +195429ms
16:47:15 [DefaultDispatcher-worker-6] DapiClient - getDocuments(contractId=GWRSAVFMjXx8HpQFaNJMqBV7MBgMK4br5UESsB4S31Ec, type=domain, {limit=5, where=[]})
16:47:15 [DefaultDispatcher-worker-4] DapiClient - getDocuments(contractId=GWRSAVFMjXx8HpQFaNJMqBV7MBgMK4br5UESsB4S31Ec, type=domain, {limit=5, where=[]})
16:47:15 [main] Configuration - just being used - last used 29830607 minutes ago
16:47:15 [DefaultDispatcher-worker-3] DapiClient - getDocuments(contractId=GWRSAVFMjXx8HpQFaNJMqBV7MBgMK4br5UESsB4S31Ec, type=domain, {limit=5, where=[]})
16:47:15 [main] WalletActivityTracker - activity lifecycle: current: MainActivity, activities: 2 visible: 2 foreground: 0
16:47:15 [DefaultDispatcher-worker-5] CrowdNodeApiAggregator - restoring CrowdNode status
16:47:15 [DefaultDispatcher-worker-5] BLSJniLibrary - Initializing BLS JNI Library
16:47:15 [main] WalletTransactionsFragment - STARTUP WalletTransactionsFragment.onViewCreated at 1789836435138
16:47:15 [main] HistoryHeaderAdapter - set invite, synced = false
16:47:15 [DefaultDispatcher-worker-9] BLSJniLibrary - Initializing BLS JNI Library
16:47:15 [main] HistoryHeaderAdapter - set invite = null
16:47:15 [main] HistoryHeaderAdapter - set invite, synced = false
16:47:15 [main] SecurityGuard - loading security guard [healthy=true] with keys: [keystore_healthy, fallback_pin_wallet_password_key, primary_ui_pin_key, modern_encryption_migration_complete, fallback_mnemonic_wallet_password_key, primary_wallet_password_key, fallback_mnemonic_ui_pin_key]
16:47:15 [main] SecurityGuard - loading security guard [healthy=true] with keys: [keystore_healthy, fallback_pin_wallet_password_key, primary_ui_pin_key, modern_encryption_migration_complete, fallback_mnemonic_wallet_password_key, primary_wallet_password_key, fallback_mnemonic_ui_pin_key]
16:47:15 [main] LockScreenActivity - show lock screen false = ![keepUnlocked=false] && autologout=true && (keepUnlockedUntilPenEntered=false || shouldLogout=false) || isHealthy=true
16:47:15 [main] MainActivity - updateTrigger => rateStale: RateRetrievalState(lastAttemptFailed=false, staleRates=false, volatile=false)
16:47:15 [main] WalletActivityTracker - activity lifecycle: current: MainActivity, activities: 2 visible: 2 foreground: 1
16:47:15 [main] BlockchainIdentityData - creation: BlockchainIdentityData(NONE, null, null, null, null, null)
16:47:15 [main] BlockchainIdentityData - creation: BlockchainIdentityData(NONE, null, null, null, null, null)
16:47:15 [main] BlockchainServiceImpl - .onCreate()
16:47:15 [main] DashPaymentIntentParser - network parameters = org.darkcoin.test
16:47:15 [main] BlockchainServiceImpl - start foreground service
16:47:15 [DefaultDispatcher-worker-8] BlockchainServiceImpl - onCreate() serviceScope waiting for cleanup null
16:47:15 [DefaultDispatcher-worker-8] BLSJniLibrary - Initializing BLS JNI Library
16:47:15 [main] BlockchainServiceImpl - .onStartCommand(Intent { cmp=hashengineering.darkcoin.wallet_test/de.schildbach.wallet.service.BlockchainServiceImpl })
16:47:15 [main] WalletTransactionsFragment - STARTUP submitData called on thread=main at 1789836435284
16:47:15 [DefaultDispatcher-worker-7] BlockchainServiceImpl - onStartCommand waiting for onCreate to complete...
16:47:15 [main] BlockchainServiceImpl - .onStartCommand(Intent { act=de.schildbach.wallet.service.cancel_coins_received cmp=hashengineering.darkcoin.wallet_test/de.schildbach.wallet.service.BlockchainServiceImpl })
16:47:15 [DefaultDispatcher-worker-5] BlockchainServiceImpl - onStartCommand waiting for onCreate to complete...
16:47:15 [DefaultDispatcher-worker-8] BlockchainServiceImpl - Phase 5d cutover gate: dashjEngineMayStart=false (coordinatorAllowsDashj=false, dashjHeldByCutover=true, dashjSyncDiagnostic=false)
16:47:15 [DefaultDispatcher-worker-4] DapiClient - searching for quorum: 6, 0000004ad90f6f1bbf369d9c803c4d8bd7953f3dfe232ebdd270d1f90324160b, 1556855
16:47:15 [DefaultDispatcher-worker-6] DapiClient - searching for quorum: 6, 0000004ad90f6f1bbf369d9c803c4d8bd7953f3dfe232ebdd270d1f90324160b, 1556855
16:47:15 [DefaultDispatcher-worker-8] BlockchainServiceImpl - cannot load the bootstrap stream: mnlistdiff-testnet.dat
16:47:15 [DefaultDispatcher-worker-8] BlockchainServiceImpl - cannot load the bootstrap stream: qrinfo-testnet.dat
16:47:15 [DefaultDispatcher-worker-8] BLSJniLibrary - Initializing BLS JNI Library
16:47:15 [DefaultDispatcher-worker-8] BlockchainServiceImpl - blockchain does not exist, resetting wallet
16:47:15 [main] MainViewModel - platform available: false; no identity creation is progress: true
16:47:15 [DefaultDispatcher-worker-3] DapiClient - searching for quorum: 6, 0000004ad90f6f1bbf369d9c803c4d8bd7953f3dfe232ebdd270d1f90324160b, 1556855
16:47:15 [DefaultDispatcher-worker-8] AbstractQuorumState - resetting masternode list; force: true, requestFreshList: false
16:47:15 [DefaultDispatcher-worker-8] AbstractQuorumState - resetting masternode list; force: true, requestFreshList: false
16:47:15 [Wallet autosave thread] BLSJniLibrary - Initializing BLS JNI Library
16:47:15 [DefaultDispatcher-worker-8] SPVBlockStore - Creating new SPV block chain file /data/user/0/hashengineering.darkcoin.wallet_test/app_blockstore/blockchain-testnet
16:47:15 [DefaultDispatcher-worker-8] SPVBlockStore - Creating new SPV block chain file /data/user/0/hashengineering.darkcoin.wallet_test/app_blockstore/headers-testnet
16:47:15 [DefaultDispatcher-worker-8] BlockchainServiceImpl - verifying backupBlockStore
16:47:15 [DefaultDispatcher-worker-8] BlockchainServiceImpl - verifying headerStore
16:47:15 [DefaultDispatcher-worker-10] BLSJniLibrary - Initializing BLS JNI Library
16:47:15 [main] DeviceInfoProvider - Detecting currency based on device, mobile network or locale:
16:47:15 [main] DeviceInfoProvider - Device Sim Country: us
16:47:15 [main] MainViewModel - Updating currency exchange rate based on country: US
16:47:15 [pool-48-thread-1] BlockchainServiceImpl - verify blockstore: 227.6 μs, 0 loaded
16:47:15 [DefaultDispatcher-worker-8] BlockchainServiceImpl - verifying blockStore
16:47:15 [main] WalletActivityTracker - activity lifecycle: current: VerifySeedActivity, activities: 2 visible: 1 foreground: 1
16:47:15 [main] WalletActivityTracker - activity lifecycle: activity VerifySeedActivity destroyed
16:47:15 [main] WalletActivityTracker - activity lifecycle: current: VerifySeedActivity, activities: 1 visible: 1 foreground: 1
16:47:15 [main] MainViewModel - Using default Country: US
16:47:15 [main] MainViewModel - Using default currency: USD
16:47:15 [DefaultDispatcher-worker-4] DapiClient - searching for quorum: 6, 0000004ad90f6f1bbf369d9c803c4d8bd7953f3dfe232ebdd270d1f90324160b, 1556855
16:47:15 [DefaultDispatcher-worker-6] DapiClient - searching for quorum: 6, 0000004ad90f6f1bbf369d9c803c4d8bd7953f3dfe232ebdd270d1f90324160b, 1556855
16:47:15 [DefaultDispatcher-worker-3] DapiClient - searching for quorum: 6, 0000004ad90f6f1bbf369d9c803c4d8bd7953f3dfe232ebdd270d1f90324160b, 1556855
16:47:15 [DefaultDispatcher-worker-7] Constants - --> GET https://rates.ctx.com/rates?source=ctx
16:47:15 [pool-48-thread-1] BlockchainServiceImpl - verify blockstore: 2.142 ms, 0 loaded
16:47:15 [DefaultDispatcher-worker-8] BlockchainServiceImpl - blockstore files verified: true, true
16:47:15 [DefaultDispatcher-worker-8] CheckpointManager - Attempting to initialize a new block store with a checkpoint for time 1789231482 (2026-09-12T16:44:42Z)
16:47:15 [DefaultDispatcher-worker-8] CheckpointManager - Read 2440 checkpoints up to time 2026-01-20T11:13:46Z, hash is 64631969817a1892a432d246a7c17a63d5c57d76d2ddf0404b48486637fe32a0
16:47:15 [DefaultDispatcher-worker-8] CheckpointManager - Attempting to initialize a new block store with a checkpoint for time 1789231635 (2026-09-12T16:47:15Z)
16:47:15 [DefaultDispatcher-worker-8] CheckpointManager - Read 2440 checkpoints up to time 2026-01-20T11:13:46Z, hash is 64631969817a1892a432d246a7c17a63d5c57d76d2ddf0404b48486637fe32a0
16:47:15 [DefaultDispatcher-worker-8] BlockchainServiceImpl - checkpoints loaded from 'checkpoints-testnet.txt', took 129.9 ms
16:47:15 [DefaultDispatcher-worker-8] BLSJniLibrary - Initializing BLS JNI Library
16:47:15 [DefaultDispatcher-worker-8] AbstractBlockChain - chain head is at height 1405440:
 block: 
   hash: 000000173e6c9dd4ca8a5a75699fbb5dc4713bc238d2ce98aec7fe3a77febfeb
   version: 536870912 (0x20000000) (BIP34, BIP66, BIP65)
   previous block: 000000773d05044b4db27c023a9a12bc59eaf1f396ad7e5180ef4cb14d366150
   merkle root: ea3165fb830ba2267ad050760183eb5b8241c694406868382bdf6c2307c8e936
   time: 1768907626 (2026-01-20T11:13:46Z)
   difficulty target (nBits): 503367276
   nonce: 128740

16:47:15 [DefaultDispatcher-worker-8] AbstractBlockChain - chain head is at height 1405440:
 block: 
   hash: 000000173e6c9dd4ca8a5a75699fbb5dc4713bc238d2ce98aec7fe3a77febfeb
   version: 536870912 (0x20000000) (BIP34, BIP66, BIP65)
   previous block: 000000773d05044b4db27c023a9a12bc59eaf1f396ad7e5180ef4cb14d366150
   merkle root: ea3165fb830ba2267ad050760183eb5b8241c694406868382bdf6c2307c8e936
   time: 1768907626 (2026-01-20T11:13:46Z)
   difficulty target (nBits): 503367276
   nonce: 128740

16:47:15 [main] SecurityGuard - loading security guard [healthy=true] with keys: [keystore_healthy, fallback_pin_wallet_password_key, primary_ui_pin_key, modern_encryption_migration_complete, fallback_mnemonic_wallet_password_key, primary_wallet_password_key, fallback_mnemonic_ui_pin_key]
16:47:15 [main] BlockchainServiceImpl - network callback registered with NetworkRequest: de.schildbach.wallet.service.BlockchainServiceImpl$NetworkCallbackImpl@ab61245
16:47:15 [DefaultDispatcher-worker-1] BlockchainServiceImpl - monitoring 0 old transactions
16:47:15 [DefaultDispatcher-worker-8] BlockchainServiceImpl - network capabilities changed: 101, hasInternet: true, validated: true
16:47:15 [DefaultDispatcher-worker-2] BlockchainServiceImpl - network available: 101, hasInternet: true, validated: true, type: WiFi
16:47:15 [main] BlockchainServiceImpl - receiver register: tickReceiver, de.schildbach.wallet.service.BlockchainServiceImpl$tickReceiver$1@93116cb
16:47:15 [DefaultDispatcher-worker-13] BlockchainServiceImpl - cutover committed — Platform quorum lookups wired to the SDK-sourced quorum list
16:47:15 [DefaultDispatcher-worker-13] StartupBreadcrumbs - STARTUP breadcrumb: 20 SDK_BIND_KICKED +196001ms
16:47:15 [DefaultDispatcher-worker-13] BlockchainServiceImpl - .onCreate() finished
16:47:15 [DefaultDispatcher-worker-3] DapiClient - searching for quorum: 6, 0000004ad90f6f1bbf369d9c803c4d8bd7953f3dfe232ebdd270d1f90324160b, 1556855
16:47:15 [DefaultDispatcher-worker-5] SdkWalletBinder - SDK wallet bound; identity not yet registered — discovery deferred
16:47:15 [DefaultDispatcher-worker-8] StartupBreadcrumbs - STARTUP breadcrumb: 21 SDK_L1_ENGINE_STARTING +196002ms
16:47:15 [DefaultDispatcher-worker-11] BlockchainServiceImpl - onCreate completed, processing onStartCommand
16:47:15 [DefaultDispatcher-worker-11] BLSJniLibrary - Initializing BLS JNI Library
16:47:15 [DefaultDispatcher-worker-11] BlockchainServiceImpl - service start command: Intent { cmp=hashengineering.darkcoin.wallet_test/de.schildbach.wallet.service.BlockchainServiceImpl }
16:47:15 [DefaultDispatcher-worker-11] BlockchainServiceImpl - .onStartCommand(Intent { cmp=hashengineering.darkcoin.wallet_test/de.schildbach.wallet.service.BlockchainServiceImpl }) finished
16:47:15 [DefaultDispatcher-worker-11] BlockchainServiceImpl - onCreate completed, processing onStartCommand
16:47:15 [DefaultDispatcher-worker-11] BLSJniLibrary - Initializing BLS JNI Library
16:47:15 [DefaultDispatcher-worker-11] BlockchainServiceImpl - service start command: Intent { act=de.schildbach.wallet.service.cancel_coins_received cmp=hashengineering.darkcoin.wallet_test/de.schildbach.wallet.service.BlockchainServiceImpl }
16:47:15 [DefaultDispatcher-worker-11] BlockchainServiceImpl - .onStartCommand(Intent { act=de.schildbach.wallet.service.cancel_coins_received cmp=hashengineering.darkcoin.wallet_test/de.schildbach.wallet.service.BlockchainServiceImpl }) finished
16:47:15 [DefaultDispatcher-worker-11] BlockchainServiceImpl - acquiring check() mutex
16:47:15 [DefaultDispatcher-worker-11] BlockchainServiceImpl - check()
16:47:15 [DefaultDispatcher-worker-11] BlockchainServiceImpl - cutover committed — holding the dashj L1 engine; SDK owns L1 this launch
16:47:15 [DefaultDispatcher-worker-11] BlockchainServiceImpl - releasing check() mutex
16:47:15 [DefaultDispatcher-worker-11] BlockchainServiceImpl - acquiring check() mutex
16:47:15 [DefaultDispatcher-worker-11] BlockchainServiceImpl - check()
16:47:15 [DefaultDispatcher-worker-11] BlockchainServiceImpl - cutover committed — holding the dashj L1 engine; SDK owns L1 this launch
16:47:15 [DefaultDispatcher-worker-11] BlockchainServiceImpl - releasing check() mutex
16:47:15 [DefaultDispatcher-worker-13] BlockchainServiceImpl - acquiring check() mutex
16:47:15 [DefaultDispatcher-worker-13] BlockchainServiceImpl - check()
16:47:15 [DefaultDispatcher-worker-13] BlockchainServiceImpl - cutover committed — holding the dashj L1 engine; SDK owns L1 this launch
16:47:15 [DefaultDispatcher-worker-13] BlockchainServiceImpl - releasing check() mutex
16:47:15 [DefaultDispatcher-worker-4] DapiClient - searching for quorum: 6, 0000004ad90f6f1bbf369d9c803c4d8bd7953f3dfe232ebdd270d1f90324160b, 1556855
16:47:15 [DefaultDispatcher-worker-6] DapiClient - searching for quorum: 6, 0000004ad90f6f1bbf369d9c803c4d8bd7953f3dfe232ebdd270d1f90324160b, 1556855
16:47:15 [DefaultDispatcher-worker-7] Constants - <-- 200 https://rates.ctx.com/rates?source=ctx (273ms, unknown-length body)
16:47:15 [DefaultDispatcher-worker-3] SdkQuorumDataSource - SDK quorum keys refreshed: 24 fetched, 24 cached
16:47:15 [DefaultDispatcher-worker-6] DapiClient - searching for quorum: result: 95f2339b8d65205a58ded0b968173b5779d787a637dfd154ec1d2d3dd7ad1350f75b66aacf436aa6ff7e92c0bb38591b
16:47:15 [DefaultDispatcher-worker-5] ExchangeRatesRepository - exchange rates updated successfully with de.schildbach.wallet.rates.DashRetailClient@8c522d9
16:47:15 [DefaultDispatcher-worker-3] DapiClient - searching for quorum: result: 95f2339b8d65205a58ded0b968173b5779d787a637dfd154ec1d2d3dd7ad1350f75b66aacf436aa6ff7e92c0bb38591b
16:47:15 [DefaultDispatcher-worker-4] DapiClient - searching for quorum: result: 95f2339b8d65205a58ded0b968173b5779d787a637dfd154ec1d2d3dd7ad1350f75b66aacf436aa6ff7e92c0bb38591b
16:47:15 [DefaultDispatcher-worker-7] ExchangeRatesRepository - updateTrigger
16:47:15 [DefaultDispatcher-worker-6] Platform - platform check: 886.8 ms
16:47:16 [DefaultDispatcher-worker-4] Platform - platform check: 896.7 ms
16:47:16 [DefaultDispatcher-worker-3] Platform - platform check: 900.7 ms
16:47:16 [DefaultDispatcher-worker-3] PlatformServiceImplementation - platform available 3 of 3: true
16:47:16 [DefaultDispatcher-worker-8] L1ShadowSyncService - DashPay bring-up before SPV: status=NO_IDENTITY discovery=1 dashPaySyncRan=false drained=0 pending=0 elapsedMs=326
16:47:16 [DefaultDispatcher-worker-4] L1ShadowSyncService - L1Shadow phase=IDLE 0.0% headers 0/0 filters 0/0 wallet 0
16:47:16 [DefaultDispatcher-worker-4] L1ShadowSyncService - ReplayMemTelemetry phase=IDLE nativeHeapAllocated=102075024 nativeHeapSize=119422976 jvmUsed=20017408 jvmMax=603979776 headers 0/0 filters 0 wallet 0
16:47:16 [DefaultDispatcher-worker-8] L1ShadowSyncService - L1 shadow SPV started for SDK wallet e4c92342… (dataDir=/data/user/0/hashengineering.darkcoin.wallet_test/files/l1_shadow_spv/testnet, default peer discovery); debug-only instrumentation — two SPV engines are now running
16:47:16 [DefaultDispatcher-worker-8] StartupBreadcrumbs - STARTUP breadcrumb: 22 SDK_L1_ENGINE_STARTED +196336ms
16:47:16 [DefaultDispatcher-worker-8] StartupBreadcrumbs - STARTUP breadcrumb: 23 CUTOVER_SERVICES_STARTED +196337ms
16:47:16 [DefaultDispatcher-worker-10] L1ShadowSyncService - WalletHistoryFacts: displayDbEmpty count=0 dashjEarliestKeyTime=2026-09-19T16:44:42Z (real line follows at first sync settle)
16:47:16 [DefaultDispatcher-worker-10] L1ShadowSyncService - L1Parity probing suspended: the cutover is committed and the dashj engine is held, so its balance is frozen at the cutover snapshot — any comparison against it is a guaranteed MISMATCH that measures nothing. Turn on the Tools 'dashj sync (diagnostic)' toggle to un-hold dashj and resume probing.
16:47:16 [DefaultDispatcher-worker-16] L1ShadowSyncService - L1Parity cadence relaxing 10000ms -> 60000ms (cutover already committed)
16:47:16 [DefaultDispatcher-worker-14] L1ShadowSyncService - ReplayMemTelemetry phase=CONNECTING nativeHeapAllocated=111633744 nativeHeapSize=128872448 jvmUsed=20279552 jvmMax=603979776 headers 1400000/1400000 filters 1401407 wallet 0 SETTLED
16:47:16 [DefaultDispatcher-worker-14] L1ShadowSyncService - WalletHistoryFacts: displayDbEmpty count=0 dashjEarliestKeyTime=2026-09-19T16:44:42Z (real line follows at first sync settle)
16:47:16 [DefaultDispatcher-worker-17] MainViewModel - blockchain state update: mnlist=0; chain=1400000; wallet=-1
16:47:16 [DefaultDispatcher-worker-14] L1ShadowSyncService - WalletBalanceFacts: total=0 accounts={bip44:0, bip32:0, coinjoin:0, identityRegistration:0, identityTopUpUnbound:0, identityInvitation:0, assetLockTopUp:0, assetLockShieldedTopUp:0, providerVoting:0, providerOwner:0, providerOperator:0, providerPlatform:0} confirmed=0 unconfirmed=0 txCount=0
16:47:16 [main] MainViewModel - platform available: true; no identity creation is progress: true
16:47:16 [main] HistoryHeaderAdapter - set invite, synced = true
16:47:16 [DefaultDispatcher-worker-19] MainViewModel - blockchain state update: mnlist=0; chain=1400000; wallet=-1
16:47:17 [main] HistoryHeaderAdapter - set invite, synced = false
16:47:20 [Wallet autosave thread] WalletFiles - Background saving wallet; last seen block is height -1, date unknown, hash null
16:47:20 [Wallet autosave thread] CoinJoinExtension - CoinJoinExtension serialization: 0ms total (keys:0ms[8], cache:0ms[0], salt:0ms, io:0ms, size:1447bytes, buffer:64KB)
16:47:20 [Wallet autosave thread] WalletProtobufSerializer - walletToProto (serial=8) timing: 7ms total, init=0ms, tx=0ms[0], keys=0ms, scripts=0ms[0], metadata=0ms, ext=6ms, friendRecv=0ms, friendSend=0ms, build=0ms
16:47:20 [Wallet autosave thread] WalletProtobufSerializer - writeWallet timing: 6ms total (6ms/100% serialization, 0ms/0% I/O) buffer=8KB
16:47:20 [Wallet autosave thread] WalletFiles - Save completed in 10.11 ms (15498 bytes); /data/user/0/hashengineering.darkcoin.wallet_test/files/wallet-protobuf-testnet
16:47:26 [DefaultDispatcher-worker-2] BlockchainServiceImpl - network capabilities changed: 101, hasInternet: true, validated: true
16:47:26 [DefaultDispatcher-worker-2] BlockchainServiceImpl - acquiring check() mutex
16:47:26 [DefaultDispatcher-worker-2] BlockchainServiceImpl - check()
16:47:26 [DefaultDispatcher-worker-2] BlockchainServiceImpl - cutover committed — holding the dashj L1 engine; SDK owns L1 this launch
16:47:26 [DefaultDispatcher-worker-2] BlockchainServiceImpl - releasing check() mutex
16:47:29 [native-log-bridge] DashSdkNative - --------- beginning of main
16:47:29 [native-log-bridge] DashSdkNative - 09-19 11:47:23.124  4078  4559 I DashSDK : platform_wallet::changeset::core_bridge: wallet-event batch: folded=1 wallets=1 synced_height_persisted=Some(1401999) synced_height_frozen=None synced_height_rejected=None faulted=0
16:47:29 [native-log-bridge] DashSdkNative - 09-19 11:47:23.257  4078  4562 I DashSDK : platform_wallet::changeset::core_bridge: wallet-event batch: folded=1 wallets=1 synced_height_persisted=Some(1403999) synced_height_frozen=None synced_height_rejected=None faulted=0
16:47:29 [native-log-bridge] DashSdkNative - 09-19 11:47:23.259  4078  4560 I DashSDK : platform_wallet::changeset::core_bridge: wallet-event batch: folded=1 wallets=1 synced_height_persisted=Some(1405999) synced_height_frozen=None synced_height_rejected=None faulted=0
16:47:29 [native-log-bridge] DashSdkNative - 09-19 11:47:23.359  4078  4559 I DashSDK : platform_wallet::changeset::core_bridge: wallet-event batch: folded=1 wallets=1 synced_height_persisted=Some(1408000) synced_height_frozen=None synced_height_rejected=None faulted=0
16:47:29 [native-log-bridge] DashSdkNative - 09-19 11:47:25.804  4078  4559 I DashSDK : platform_wallet::changeset::core_bridge: wallet-event batch: folded=1 wallets=1 synced_height_persisted=Some(1410000) synced_height_frozen=None synced_height_rejected=None faulted=0
16:47:29 [native-log-bridge] DashSdkNative - 09-19 11:47:26.321  4078  4561 I DashSDK : platform_wallet::changeset::core_bridge: wallet-event batch: folded=1 wallets=1 synced_height_persisted=Some(1412000) synced_height_frozen=None synced_height_rejected=None faulted=0
16:47:29 [native-log-bridge] DashSdkNative - 09-19 11:47:26.976  4078  4560 I DashSDK : platform_wallet::changeset::core_bridge: wallet-event batch: folded=1 wallets=1 synced_height_persisted=Some(1414000) synced_height_frozen=None synced_height_rejected=None faulted=0
16:47:29 [native-log-bridge] DashSdkNative - 09-19 11:47:27.168  4078  4559 I DashSDK : platform_wallet::changeset::core_bridge: wallet-event batch: folded=1 wallets=1 synced_height_persisted=Some(1416000) synced_height_frozen=None synced_height_rejected=None faulted=0
16:47:29 [native-log-bridge] DashSdkNative - 09-19 11:47:27.847  4078  4560 I DashSDK : platform_wallet::changeset::core_bridge: wallet-event batch: folded=1 wallets=1 synced_height_persisted=Some(1421000) synced_height_frozen=None synced_height_rejected=None faulted=0
16:47:29 [native-log-bridge] DashSdkNative - 09-19 11:47:28.407  4078  4560 I DashSDK : platform_wallet::changeset::core_bridge: wallet-event batch: folded=1 wallets=1 synced_height_persisted=Some(1424000) synced_height_frozen=None synced_height_rejected=None faulted=0
16:47:29 [native-log-bridge] DashSdkNative - 09-19 11:47:28.987  4078  4559 I DashSDK : platform_wallet::changeset::core_bridge: wallet-event batch: folded=1 wallets=1 synced_height_persisted=Some(1429000) synced_height_frozen=None synced_height_rejected=None faulted=0
16:47:29 [DefaultDispatcher-worker-5] BlockchainServiceImpl - network capabilities changed: 101, hasInternet: true, validated: true
16:47:29 [DefaultDispatcher-worker-3] BlockchainServiceImpl - acquiring check() mutex
16:47:29 [DefaultDispatcher-worker-3] BlockchainServiceImpl - check()
16:47:29 [DefaultDispatcher-worker-3] BlockchainServiceImpl - cutover committed — holding the dashj L1 engine; SDK owns L1 this launch
16:47:29 [DefaultDispatcher-worker-3] BlockchainServiceImpl - releasing check() mutex
16:47:30 [DefaultDispatcher-worker-5] BlockchainServiceImpl - network capabilities changed: 100, hasInternet: true, validated: true
16:47:30 [DefaultDispatcher-worker-5] BlockchainServiceImpl - acquiring check() mutex
16:47:30 [DefaultDispatcher-worker-5] BlockchainServiceImpl - check()
16:47:30 [DefaultDispatcher-worker-5] BlockchainServiceImpl - cutover committed — holding the dashj L1 engine; SDK owns L1 this launch
16:47:30 [DefaultDispatcher-worker-5] BlockchainServiceImpl - releasing check() mutex
16:47:30 [DefaultDispatcher-worker-16] BlockchainServiceImpl - network available: 100, hasInternet: true, validated: true, type: Cellular
16:47:30 [DefaultDispatcher-worker-16] BlockchainServiceImpl - acquiring check() mutex
16:47:30 [DefaultDispatcher-worker-16] BlockchainServiceImpl - check()
16:47:30 [DefaultDispatcher-worker-16] BlockchainServiceImpl - cutover committed — holding the dashj L1 engine; SDK owns L1 this launch
16:47:30 [DefaultDispatcher-worker-16] BlockchainServiceImpl - releasing check() mutex
16:47:36 [DefaultDispatcher-worker-18] BlockchainServiceImpl - network capabilities changed: 101, hasInternet: true, validated: true
16:47:36 [DefaultDispatcher-worker-3] BlockchainServiceImpl - acquiring check() mutex
16:47:36 [DefaultDispatcher-worker-3] BlockchainServiceImpl - check()
16:47:36 [DefaultDispatcher-worker-3] BlockchainServiceImpl - cutover committed — holding the dashj L1 engine; SDK owns L1 this launch
16:47:36 [DefaultDispatcher-worker-3] BlockchainServiceImpl - releasing check() mutex
16:47:39 [DefaultDispatcher-worker-7] BlockchainServiceImpl - network capabilities changed: 101, hasInternet: true, validated: true
16:47:39 [DefaultDispatcher-worker-7] BlockchainServiceImpl - acquiring check() mutex
16:47:39 [DefaultDispatcher-worker-7] BlockchainServiceImpl - check()
16:47:39 [DefaultDispatcher-worker-7] BlockchainServiceImpl - cutover committed — holding the dashj L1 engine; SDK owns L1 this launch
16:47:39 [DefaultDispatcher-worker-7] BlockchainServiceImpl - releasing check() mutex
16:47:42 [DefaultDispatcher-worker-5] BlockchainServiceImpl - network capabilities changed: 101, hasInternet: true, validated: true
16:47:42 [DefaultDispatcher-worker-5] BlockchainServiceImpl - acquiring check() mutex
16:47:42 [DefaultDispatcher-worker-5] BlockchainServiceImpl - check()
16:47:42 [DefaultDispatcher-worker-5] BlockchainServiceImpl - cutover committed — holding the dashj L1 engine; SDK owns L1 this launch
16:47:42 [DefaultDispatcher-worker-5] BlockchainServiceImpl - releasing check() mutex
16:47:45 [DefaultDispatcher-worker-2] BlockchainServiceImpl - network capabilities changed: 101, hasInternet: true, validated: true
16:47:45 [DefaultDispatcher-worker-2] BlockchainServiceImpl - acquiring check() mutex
16:47:45 [DefaultDispatcher-worker-2] BlockchainServiceImpl - check()
16:47:45 [DefaultDispatcher-worker-2] BlockchainServiceImpl - cutover committed — holding the dashj L1 engine; SDK owns L1 this launch
16:47:45 [DefaultDispatcher-worker-2] BlockchainServiceImpl - releasing check() mutex
16:47:45 [main] StartupBreadcrumbs - STARTUP breadcrumb: 13 LAUNCH_SURVIVED +225500ms
16:47:45 [main] BlockchainIdentityData - creation: BlockchainIdentityData(NONE, null, null, null, null, null)
16:47:45 [DefaultDispatcher-worker-11] BLSJniLibrary - Initializing BLS JNI Library
16:47:45 [DefaultDispatcher-worker-11] DeterministicKeyChain - 1 keys needed for M/44H/1H/0H/0 = 1 issued + 0 lookahead size + 0 lookahead threshold - 0 num children
16:47:45 [DefaultDispatcher-worker-11] DeterministicKeyChain - Took 598.1 μs
16:47:46 [DefaultDispatcher-worker-18] L1ShadowSyncService - L1Shadow phase=FILTERS 99.9% headers 1556857/1556857 filters 1554000/1556857 wallet 1554000
16:47:46 [DefaultDispatcher-worker-18] L1ShadowSyncService - ReplayMemTelemetry phase=FILTERS nativeHeapAllocated=172337520 nativeHeapSize=193044480 jvmUsed=22335616 jvmMax=603979776 headers 1556857/1556857 filters 1554000 wallet 1554000
16:47:46 [DefaultDispatcher-worker-18] L1ShadowSyncService - L1 engine chainlock height 0 -> 1556857
16:47:47 [DefaultDispatcher-worker-16] L1ShadowSyncService - L1Shadow phase=SYNCED 100.0% headers 1556857/1556857 filters 1556857/1556857 wallet 1556857
16:47:47 [DefaultDispatcher-worker-16] L1ShadowSyncService - ReplayMemTelemetry phase=SYNCED nativeHeapAllocated=171158048 nativeHeapSize=192811008 jvmUsed=22433920 jvmMax=603979776 headers 1556857/1556857 filters 1556857 wallet 1556857 SETTLED
16:47:47 [DefaultDispatcher-worker-4] L1ShadowSyncService - WalletBalanceFacts: total=0 accounts={bip44:0, bip32:0, coinjoin:0, identityRegistration:0, identityTopUpUnbound:0, identityInvitation:0, assetLockTopUp:0, assetLockShieldedTopUp:0, providerVoting:0, providerOwner:0, providerOperator:0, providerPlatform:0} confirmed=0 unconfirmed=0 txCount=0
16:47:47 [DefaultDispatcher-worker-18] MainViewModel - blockchain state update: mnlist=1556857; chain=1556857; wallet=-1
16:47:47 [DefaultDispatcher-worker-13] TxDisplayCacheService - Sync complete (cutoverCommitted=true): SDK=0 records | dashj wallet=0 txs | group cache=0 txs/0 groups | display=0 rows — cache is complete (SDK holds 0 records, display has 0 rows)
16:47:47 [main] BlockchainServiceImpl - cutover committed and SDK L1 scan synced — triggering identity/contacts discovery
16:47:47 [DefaultDispatcher-worker-18] BlockchainIdentityData - creation: BlockchainIdentityData(NONE, null, null, null, null, null)
16:47:47 [DefaultDispatcher-worker-18] PlatformSynchronizationService - discoverAndRecoverIdentity: checking for existing associated identity
16:47:47 [DefaultDispatcher-worker-18] SecurityGuard - loading security guard [healthy=true] with keys: [keystore_healthy, fallback_pin_wallet_password_key, primary_ui_pin_key, modern_encryption_migration_complete, fallback_mnemonic_wallet_password_key, primary_wallet_password_key, fallback_mnemonic_ui_pin_key]
16:47:47 [DefaultDispatcher-worker-18] ModernEncryptionProvider - Decrypted data for alias: wallet_password_key
16:47:47 [DefaultDispatcher-worker-18] KeyCrypterScrypt - Deriving key took 166.2 ms for N=65536, r=8, p=1.
16:47:47 [DefaultDispatcher-worker-18] DapiClient - getIdentityByFirstPublicKey(48ccf9a43eee96f92a0ca7f8dced9dc2630d05f2)
16:47:47 [DefaultDispatcher-worker-18] PlatformSynchronizationService - discoverAndRecoverIdentity: no existing identity found
16:47:47 [DefaultDispatcher-worker-18] PlatformSynchronizationService - identity-discovery guard released (no identity found) — a later discovery may run again
16:47:47 [DefaultDispatcher-worker-13] PlatformSynchronizationService - TxMetadata publish: not publishing — saveToNetwork is OFF (per-device setting; the default for a new or restored install, and it does NOT travel with the wallet)
16:47:47 [DefaultDispatcher-worker-18] BlockchainServiceImpl - post-cutover identity discovery found nothing and the wallet has no identity — re-arming; next attempt no sooner than 120000 ms from now
16:47:47 [DefaultDispatcher-worker-11] PlatformSynchronizationService - TxMetadata settings: saveToNetwork=false frequency=afterTenTransactions saveAfter=9223372036854775807 paymentCategory=false taxCategory=false exchangeRates=false memos=false giftCards=false storedDocuments=0
16:47:48 [DefaultDispatcher-worker-19] BlockchainServiceImpl - network capabilities changed: 101, hasInternet: true, validated: true
16:47:48 [DefaultDispatcher-worker-19] BlockchainServiceImpl - acquiring check() mutex
16:47:48 [DefaultDispatcher-worker-19] BlockchainServiceImpl - check()
16:47:48 [DefaultDispatcher-worker-19] BlockchainServiceImpl - cutover committed — holding the dashj L1 engine; SDK owns L1 this launch
16:47:48 [DefaultDispatcher-worker-19] BlockchainServiceImpl - releasing check() mutex
16:47:54 [DefaultDispatcher-worker-16] BlockchainServiceImpl - network capabilities changed: 101, hasInternet: true, validated: true
16:47:54 [DefaultDispatcher-worker-16] BlockchainServiceImpl - acquiring check() mutex
16:47:54 [DefaultDispatcher-worker-16] BlockchainServiceImpl - check()
16:47:54 [DefaultDispatcher-worker-16] BlockchainServiceImpl - cutover committed — holding the dashj L1 engine; SDK owns L1 this launch
16:47:54 [DefaultDispatcher-worker-16] BlockchainServiceImpl - releasing check() mutex
16:47:57 [DefaultDispatcher-worker-14] BlockchainServiceImpl - network capabilities changed: 101, hasInternet: true, validated: true
16:47:57 [DefaultDispatcher-worker-14] BlockchainServiceImpl - acquiring check() mutex
16:47:57 [DefaultDispatcher-worker-14] BlockchainServiceImpl - check()
16:47:57 [DefaultDispatcher-worker-14] BlockchainServiceImpl - cutover committed — holding the dashj L1 engine; SDK owns L1 this launch
16:47:57 [DefaultDispatcher-worker-14] BlockchainServiceImpl - releasing check() mutex
16:47:59 [native-log-bridge] DashSdkNative - 09-19 11:47:35.688  4078  4562 I DashSDK : platform_wallet::changeset::core_bridge: wallet-event batch: folded=1 wallets=1 synced_height_persisted=Some(1434000) synced_height_frozen=None synced_height_rejected=None faulted=0
16:47:59 [native-log-bridge] DashSdkNative - 09-19 11:47:38.935  4078  4562 I DashSDK : platform_wallet::changeset::core_bridge: wallet-event batch: folded=1 wallets=1 synced_height_persisted=Some(1439000) synced_height_frozen=None synced_height_rejected=None faulted=0
16:47:59 [native-log-bridge] DashSdkNative - 09-19 11:47:39.386  4078  4561 I DashSDK : platform_wallet::changeset::core_bridge: wallet-event batch: folded=1 wallets=1 synced_height_persisted=Some(1444000) synced_height_frozen=None synced_height_rejected=None faulted=0
16:47:59 [native-log-bridge] DashSdkNative - 09-19 11:47:40.052  4078  4561 I DashSDK : platform_wallet::changeset::core_bridge: wallet-event batch: folded=1 wallets=1 synced_height_persisted=Some(1449000) synced_height_frozen=None synced_height_rejected=None faulted=0
16:47:59 [native-log-bridge] DashSdkNative - 09-19 11:47:40.551  4078  4561 I DashSDK : platform_wallet::changeset::core_bridge: wallet-event batch: folded=1 wallets=1 synced_height_persisted=Some(1454000) synced_height_frozen=None synced_height_rejected=None faulted=0
16:47:59 [native-log-bridge] DashSdkNative - 09-19 11:47:40.832  4078  4562 I DashSDK : platform_wallet::changeset::core_bridge: wallet-event batch: folded=1 wallets=1 synced_height_persisted=Some(1459000) synced_height_frozen=None synced_height_rejected=None faulted=0
16:47:59 [native-log-bridge] DashSdkNative - 09-19 11:47:41.185  4078  4559 I DashSDK : platform_wallet::changeset::core_bridge: wallet-event batch: folded=1 wallets=1 synced_height_persisted=Some(1464000) synced_height_frozen=None synced_height_rejected=None faulted=0
16:47:59 [native-log-bridge] DashSdkNative - 09-19 11:47:41.538  4078  4560 I DashSDK : platform_wallet::changeset::core_bridge: wallet-event batch: folded=1 wallets=1 synced_height_persisted=Some(1469000) synced_height_frozen=None synced_height_rejected=None faulted=0
16:47:59 [native-log-bridge] DashSdkNative - 09-19 11:47:41.780  4078  4561 I DashSDK : platform_wallet::changeset::core_bridge: wallet-event batch: folded=1 wallets=1 synced_height_persisted=Some(1474000) synced_height_frozen=None synced_height_rejected=None faulted=0
16:47:59 [native-log-bridge] DashSdkNative - 09-19 11:47:42.039  4078  4561 I DashSDK : platform_wallet::changeset::core_bridge: wallet-event batch: folded=1 wallets=1 synced_height_persisted=Some(1479000) synced_height_frozen=None synced_height_rejected=None faulted=0
16:47:59 [native-log-bridge] DashSdkNative - 09-19 11:47:42.348  4078  4561 I DashSDK : platform_wallet::changeset::core_bridge: wallet-event batch: folded=1 wallets=1 synced_height_persisted=Some(1484000) synced_height_frozen=None synced_height_rejected=None faulted=0
16:47:59 [native-log-bridge] DashSdkNative - 09-19 11:47:42.350  4078  4561 I DashSDK : platform_wallet::changeset::core_bridge: wallet-event batch: folded=1 wallets=1 synced_height_persisted=Some(1489000) synced_height_frozen=None synced_height_rejected=None faulted=0
16:47:59 [native-log-bridge] DashSdkNative - 09-19 11:47:43.111  4078  4562 I DashSDK : platform_wallet::changeset::core_bridge: wallet-event batch: folded=1 wallets=1 synced_height_persisted=Some(1494000) synced_height_frozen=None synced_height_rejected=None faulted=0
16:47:59 [native-log-bridge] DashSdkNative - 09-19 11:47:43.335  4078  4562 I DashSDK : platform_wallet::changeset::core_bridge: wallet-event batch: folded=1 wallets=1 synced_height_persisted=Some(1499000) synced_height_frozen=None synced_height_rejected=None faulted=0
16:47:59 [native-log-bridge] DashSdkNative - 09-19 11:47:43.636  4078  4559 I DashSDK : platform_wallet::changeset::core_bridge: wallet-event batch: folded=1 wallets=1 synced_height_persisted=Some(1504000) synced_height_frozen=None synced_height_rejected=None faulted=0
16:47:59 [native-log-bridge] DashSdkNative - 09-19 11:47:43.903  4078  4559 I DashSDK : platform_wallet::changeset::core_bridge: wallet-event batch: folded=1 wallets=1 synced_height_persisted=Some(1509000) synced_height_frozen=None synced_height_rejected=None faulted=0
16:47:59 [native-log-bridge] DashSdkNative - 09-19 11:47:44.142  4078  4559 I DashSDK : platform_wallet::changeset::core_bridge: wallet-event batch: folded=1 wallets=1 synced_height_persisted=Some(1514000) synced_height_frozen=None synced_height_rejected=None faulted=0
16:47:59 [native-log-bridge] DashSdkNative - 09-19 11:47:44.421  4078  4559 I DashSDK : platform_wallet::changeset::core_bridge: wallet-event batch: folded=1 wallets=1 synced_height_persisted=Some(1519000) synced_height_frozen=None synced_height_rejected=None faulted=0
16:47:59 [native-log-bridge] DashSdkNative - 09-19 11:47:44.739  4078  4559 I DashSDK : platform_wallet::changeset::core_bridge: wallet-event batch: folded=1 wallets=1 synced_height_persisted=Some(1524000) synced_height_frozen=None synced_height_rejected=None faulted=0
16:47:59 [native-log-bridge] DashSdkNative - 09-19 11:47:44.742  4078  4559 I DashSDK : platform_wallet::changeset::core_bridge: wallet-event batch: folded=1 wallets=1 synced_height_persisted=Some(1529000) synced_height_frozen=None synced_height_rejected=None faulted=0
16:47:59 [native-log-bridge] DashSdkNative - 09-19 11:47:45.347  4078  4562 I DashSDK : platform_wallet::changeset::core_bridge: wallet-event batch: folded=1 wallets=1 synced_height_persisted=Some(1534000) synced_height_frozen=None synced_height_rejected=None faulted=0
16:47:59 [native-log-bridge] DashSdkNative - 09-19 11:47:45.727  4078  4560 I DashSDK : platform_wallet::changeset::core_bridge: wallet-event batch: folded=1 wallets=1 synced_height_persisted=Some(1539000) synced_height_frozen=None synced_height_rejected=None faulted=0
16:47:59 [native-log-bridge] DashSdkNative - 09-19 11:47:45.730  4078  4562 I DashSDK : platform_wallet::changeset::core_bridge: wallet-event batch: folded=1 wallets=1 synced_height_persisted=Some(1544000) synced_height_frozen=None synced_height_rejected=None faulted=0
16:47:59 [native-log-bridge] DashSdkNative - 09-19 11:47:46.043  4078  4561 I DashSDK : platform_wallet::changeset::core_bridge: wallet-event batch: folded=1 wallets=1 synced_height_persisted=Some(1549000) synced_height_frozen=None synced_height_rejected=None faulted=0
16:47:59 [native-log-bridge] DashSdkNative - 09-19 11:47:46.141  4078  4559 I DashSDK : platform_wallet::changeset::core_bridge: wallet-event batch: folded=1 wallets=1 synced_height_persisted=Some(1554000) synced_height_frozen=None synced_height_rejected=None faulted=0
16:47:59 [native-log-bridge] DashSdkNative - 09-19 11:47:46.285  4078  4562 I DashSDK : platform_wallet::changeset::core_bridge: wallet-event batch: folded=1 wallets=1 synced_height_persisted=Some(1556857) synced_height_frozen=None synced_height_rejected=None faulted=0
16:47:59 [native-log-bridge] DashSdkNative - 09-19 11:47:46.286  4078  4562 I DashSDK : platform_wallet::changeset::core_bridge: wallet-event batch: folded=1 wallets=1 synced_height_persisted=None synced_height_frozen=None synced_height_rejected=None faulted=0
16:48:00 [main] BlockchainServiceImpl - MEM pss=283MB nativeHeap=153/176MB jvm=22/576MB
16:48:06 [DefaultDispatcher-worker-13] BlockchainServiceImpl - network capabilities changed: 101, hasInternet: true, validated: true
16:48:06 [DefaultDispatcher-worker-13] BlockchainServiceImpl - acquiring check() mutex
16:48:06 [DefaultDispatcher-worker-13] BlockchainServiceImpl - check()
16:48:06 [DefaultDispatcher-worker-13] BlockchainServiceImpl - cutover committed — holding the dashj L1 engine; SDK owns L1 this launch
16:48:06 [DefaultDispatcher-worker-13] BlockchainServiceImpl - releasing check() mutex
16:48:11 [DefaultDispatcher-worker-18] BlockchainServiceImpl - network lost: 100, remaining networks: 1
16:48:15 [DefaultDispatcher-worker-14] BlockchainServiceImpl - network capabilities changed: 101, hasInternet: true, validated: true
16:48:15 [DefaultDispatcher-worker-14] BlockchainServiceImpl - acquiring check() mutex
16:48:15 [DefaultDispatcher-worker-14] BlockchainServiceImpl - check()
16:48:15 [DefaultDispatcher-worker-14] BlockchainServiceImpl - cutover committed — holding the dashj L1 engine; SDK owns L1 this launch
16:48:15 [DefaultDispatcher-worker-14] BlockchainServiceImpl - releasing check() mutex
16:48:24 [DefaultDispatcher-worker-18] BlockchainServiceImpl - network capabilities changed: 101, hasInternet: true, validated: true
16:48:24 [DefaultDispatcher-worker-18] BlockchainServiceImpl - acquiring check() mutex
16:48:24 [DefaultDispatcher-worker-18] BlockchainServiceImpl - check()
16:48:24 [DefaultDispatcher-worker-18] BlockchainServiceImpl - cutover committed — holding the dashj L1 engine; SDK owns L1 this launch
16:48:24 [DefaultDispatcher-worker-18] BlockchainServiceImpl - releasing check() mutex
16:48:30 [DefaultDispatcher-worker-15] BlockchainServiceImpl - network capabilities changed: 101, hasInternet: true, validated: true
16:48:30 [DefaultDispatcher-worker-15] BlockchainServiceImpl - acquiring check() mutex
16:48:30 [DefaultDispatcher-worker-15] BlockchainServiceImpl - check()
16:48:30 [DefaultDispatcher-worker-15] BlockchainServiceImpl - cutover committed — holding the dashj L1 engine; SDK owns L1 this launch
16:48:30 [DefaultDispatcher-worker-15] BlockchainServiceImpl - releasing check() mutex
16:48:40 [main] WalletTransactionsFragment - STARTUP WalletTransactionsFragment.onViewCreated at 1789836520447
16:48:40 [main] HistoryHeaderAdapter - set invite, synced = true
16:48:40 [main] WalletTransactionsFragment - STARTUP submitData called on thread=main at 1789836520448
16:48:40 [DefaultDispatcher-worker-15] BLSJniLibrary - Initializing BLS JNI Library
16:48:40 [main] HistoryHeaderAdapter - set invite = null
16:48:40 [main] HistoryHeaderAdapter - set invite, synced = true
16:48:45 [main] BuyAndSellIntegrationsFragment - starting Buy and Sell Dash fragment
16:48:45 [OkHttp http://ip-api.com/...] Constants - --> GET http://ip-api.com/json/?fields=status,message,countryCode
16:48:45 [OkHttp http://ip-api.com/...] Constants - --> GET http://ip-api.com/json/?fields=status,message,countryCode
16:48:45 [OkHttp https://api.topperpay.com/...] Constants - --> GET https://api.topperpay.com/assets/crypto-onramp
16:48:45 [DefaultDispatcher-worker-12] Constants - --> GET https://rates.ctx.com/rates?source=ctx
16:48:45 [DefaultDispatcher-worker-12] Constants - <-- 200 https://rates.ctx.com/rates?source=ctx (71ms, unknown-length body)
16:48:45 [OkHttp http://ip-api.com/...] Constants - <-- 200 OK http://ip-api.com/json/?fields=status,message,countryCode (110ms, 39-byte body)
16:48:45 [OkHttp http://ip-api.com/...] Constants - <-- 200 OK http://ip-api.com/json/?fields=status,message,countryCode (118ms, 39-byte body)
16:48:45 [DefaultDispatcher-worker-7] ExchangeRatesRepository - exchange rates updated successfully with de.schildbach.wallet.rates.DashRetailClient@8c522d9
16:48:45 [DefaultDispatcher-worker-13] ExchangeRatesRepository - updateTrigger
16:48:45 [OkHttp https://api.topperpay.com/...] Constants - <-- 200 https://api.topperpay.com/assets/crypto-onramp (320ms, unknown-length body)
16:48:45 [OkHttp https://api.topperpay.com/...] Constants - --> GET https://api.topperpay.com/payment-methods/crypto-onramp
16:48:45 [OkHttp https://api.topperpay.com/...] Constants - <-- 200 https://api.topperpay.com/payment-methods/crypto-onramp (118ms, unknown-length body)
16:48:51 [DefaultDispatcher-worker-7] BlockchainServiceImpl - network capabilities changed: 101, hasInternet: true, validated: true
16:48:51 [DefaultDispatcher-worker-7] BlockchainServiceImpl - acquiring check() mutex
16:48:51 [DefaultDispatcher-worker-7] BlockchainServiceImpl - check()
16:48:51 [DefaultDispatcher-worker-7] BlockchainServiceImpl - cutover committed — holding the dashj L1 engine; SDK owns L1 this launch
16:48:51 [DefaultDispatcher-worker-7] BlockchainServiceImpl - releasing check() mutex
16:48:54 [DefaultDispatcher-worker-4] BlockchainServiceImpl - network capabilities changed: 101, hasInternet: true, validated: true
16:48:54 [DefaultDispatcher-worker-4] BlockchainServiceImpl - acquiring check() mutex
16:48:54 [DefaultDispatcher-worker-4] BlockchainServiceImpl - check()
16:48:54 [DefaultDispatcher-worker-4] BlockchainServiceImpl - cutover committed — holding the dashj L1 engine; SDK owns L1 this launch
16:48:54 [DefaultDispatcher-worker-4] BlockchainServiceImpl - releasing check() mutex
16:49:00 [main] BlockchainServiceImpl - MEM pss=288MB nativeHeap=160/182MB jvm=25/576MB
16:49:00 [main] BlockchainServiceImpl - History of transactions/blocks/headers/mnlistdiff (sdk): 0/0/0/0
16:49:05 [DefaultDispatcher-worker-15] L1ShadowSyncService - L1 engine tx event: Detected(txidHex=057b1808741470e8f084aeee2fa377934366d9d06e80477cd2f1ff8a3574410b, netAmountDuffs=100000000, feeDuffs=null, contextCode=0, directionCode=0)
16:49:05 [DefaultDispatcher-worker-6] CutoverUiDataService - engine detected tx 057b1808741470e8f084aeee2fa377934366d9d06e80477cd2f1ff8a3574410b pre-block (context=0, net=100000000 duffs) — syncing display row now
16:49:05 [DefaultDispatcher-worker-4] CutoverUiDataService - SDK balance published: 100000000 duffs (was 0) | l1Synced=true rescanArmedHold=true dashPayBackfill(armed=false,replaying=false) deferredContactBuilds=0 (unchangedReads=3) persistedAsLastKnown=false lastKnown=none
16:49:05 [DefaultDispatcher-worker-15] CutoverUiDataService - cutover UI display sync: 1 SDK records → 1 inserts, 0 status updates
16:49:05 [DefaultDispatcher-worker-15] CutoverUiDataService - engine-detected receive 057b1808741470e8f084aeee2fa377934366d9d06e80477cd2f1ff8a3574410b (100000000 duffs) — notifying in 2000ms unless an outgoing sibling classifies it internal
16:49:05 [DefaultDispatcher-worker-5] L1ShadowSyncService - L1 engine tx event: InstantLocked(txidHex=057b1808741470e8f084aeee2fa377934366d9d06e80477cd2f1ff8a3574410b)
16:49:05 [DefaultDispatcher-worker-2] CutoverUiDataService - engine IS lock for 057b1808741470e8f084aeee2fa377934366d9d06e80477cd2f1ff8a3574410b — display row flipped pre-block
16:49:06 [DefaultDispatcher-worker-12] BlockchainServiceImpl - network capabilities changed: 101, hasInternet: true, validated: true
16:49:06 [DefaultDispatcher-worker-12] BlockchainServiceImpl - acquiring check() mutex
16:49:06 [DefaultDispatcher-worker-12] BlockchainServiceImpl - check()
16:49:06 [DefaultDispatcher-worker-12] BlockchainServiceImpl - cutover committed — holding the dashj L1 engine; SDK owns L1 this launch
16:49:06 [DefaultDispatcher-worker-12] BlockchainServiceImpl - releasing check() mutex
16:49:09 [DefaultDispatcher-worker-5] BlockchainServiceImpl - network capabilities changed: 101, hasInternet: true, validated: true
16:49:09 [DefaultDispatcher-worker-5] BlockchainServiceImpl - acquiring check() mutex
16:49:09 [DefaultDispatcher-worker-5] BlockchainServiceImpl - check()
16:49:09 [DefaultDispatcher-worker-5] BlockchainServiceImpl - cutover committed — holding the dashj L1 engine; SDK owns L1 this launch
16:49:09 [DefaultDispatcher-worker-5] BlockchainServiceImpl - releasing check() mutex
16:49:15 [DefaultDispatcher-worker-4] BlockchainServiceImpl - network capabilities changed: 101, hasInternet: true, validated: true
16:49:15 [DefaultDispatcher-worker-4] BlockchainServiceImpl - acquiring check() mutex
16:49:15 [DefaultDispatcher-worker-4] BlockchainServiceImpl - check()
16:49:15 [DefaultDispatcher-worker-4] BlockchainServiceImpl - cutover committed — holding the dashj L1 engine; SDK owns L1 this launch
16:49:15 [DefaultDispatcher-worker-4] BlockchainServiceImpl - releasing check() mutex
16:49:18 [DefaultDispatcher-worker-6] BlockchainServiceImpl - network capabilities changed: 101, hasInternet: true, validated: true
16:49:18 [DefaultDispatcher-worker-4] BlockchainServiceImpl - acquiring check() mutex
16:49:18 [DefaultDispatcher-worker-4] BlockchainServiceImpl - check()
16:49:18 [DefaultDispatcher-worker-4] BlockchainServiceImpl - cutover committed — holding the dashj L1 engine; SDK owns L1 this launch
16:49:18 [DefaultDispatcher-worker-4] BlockchainServiceImpl - releasing check() mutex
16:49:29 [native-log-bridge] DashSdkNative - 09-19 11:49:05.690  4078  4561 I DashSDK : platform_wallet::changeset::core_bridge: wallet-event batch: folded=1 wallets=1 synced_height_persisted=None synced_height_frozen=None synced_height_rejected=None faulted=0
16:49:29 [native-log-bridge] DashSdkNative - 09-19 11:49:05.933  4078  4562 I DashSDK : platform_wallet::changeset::core_bridge: wallet-event batch: folded=1 wallets=1 synced_height_persisted=None synced_height_frozen=None synced_height_rejected=None faulted=0
16:49:34 [main] WalletActivityTracker - activity lifecycle: current: MainActivity, activities: 1 visible: 1 foreground: 0
16:49:34 [main] BlockchainServiceImpl - onTrimMemory(20) called
16:49:34 [main] AppForegroundMonitor - App moved to background
16:49:34 [main] WalletActivityTracker - activity lifecycle: current: MainActivity, activities: 1 visible: 0 foreground: 0
16:50:00 [main] BlockchainServiceImpl - MEM pss=282MB nativeHeap=152/177MB jvm=21/576MB
16:50:00 [main] BlockchainServiceImpl - History of transactions/blocks/headers/mnlistdiff (sdk): 2/0/0/0, 0/0/0/0
16:50:00 [main] AppForegroundMonitor - App moved to foreground
16:50:00 [main] WalletActivityTracker - activity lifecycle: current: MainActivity, activities: 1 visible: 1 foreground: 0
16:50:00 [main] SecurityGuard - loading security guard [healthy=true] with keys: [keystore_healthy, fallback_pin_wallet_password_key, primary_ui_pin_key, modern_encryption_migration_complete, fallback_mnemonic_wallet_password_key, primary_wallet_password_key, fallback_mnemonic_ui_pin_key]
16:50:00 [main] SecurityGuard - loading security guard [healthy=true] with keys: [keystore_healthy, fallback_pin_wallet_password_key, primary_ui_pin_key, modern_encryption_migration_complete, fallback_mnemonic_wallet_password_key, primary_wallet_password_key, fallback_mnemonic_ui_pin_key]
16:50:00 [main] LockScreenActivity - show lock screen false = ![keepUnlocked=false] && autologout=true && (keepUnlockedUntilPenEntered=false || shouldLogout=false) || isHealthy=true
16:50:00 [main] MainViewModel - platform available: true; no identity creation is progress: true
16:50:00 [main] MainActivity - updateTrigger => rateStale: RateRetrievalState(lastAttemptFailed=false, staleRates=false, volatile=false)
16:50:00 [main] WalletActivityTracker - activity lifecycle: current: MainActivity, activities: 1 visible: 1 foreground: 1
16:50:00 [main] BlockchainServiceImpl - .onStartCommand(Intent { cmp=hashengineering.darkcoin.wallet_test/de.schildbach.wallet.service.BlockchainServiceImpl })
16:50:00 [DefaultDispatcher-worker-10] BlockchainServiceImpl - onStartCommand waiting for onCreate to complete...
16:50:00 [DefaultDispatcher-worker-10] BlockchainServiceImpl - onCreate completed, processing onStartCommand
16:50:00 [DefaultDispatcher-worker-10] BLSJniLibrary - Initializing BLS JNI Library
16:50:00 [DefaultDispatcher-worker-10] BlockchainServiceImpl - service start command: Intent { cmp=hashengineering.darkcoin.wallet_test/de.schildbach.wallet.service.BlockchainServiceImpl }
16:50:00 [DefaultDispatcher-worker-10] BlockchainServiceImpl - .onStartCommand(Intent { cmp=hashengineering.darkcoin.wallet_test/de.schildbach.wallet.service.BlockchainServiceImpl }) finished
16:50:00 [main] BlockchainServiceImpl - .onStartCommand(Intent { act=de.schildbach.wallet.service.cancel_coins_received cmp=hashengineering.darkcoin.wallet_test/de.schildbach.wallet.service.BlockchainServiceImpl })
16:50:00 [DefaultDispatcher-worker-4] BlockchainServiceImpl - onStartCommand waiting for onCreate to complete...
16:50:00 [DefaultDispatcher-worker-4] BlockchainServiceImpl - onCreate completed, processing onStartCommand
16:50:00 [DefaultDispatcher-worker-4] BLSJniLibrary - Initializing BLS JNI Library
16:50:00 [DefaultDispatcher-worker-4] BlockchainServiceImpl - service start command: Intent { act=de.schildbach.wallet.service.cancel_coins_received cmp=hashengineering.darkcoin.wallet_test/de.schildbach.wallet.service.BlockchainServiceImpl }
16:50:00 [DefaultDispatcher-worker-4] BlockchainServiceImpl - .onStartCommand(Intent { act=de.schildbach.wallet.service.cancel_coins_received cmp=hashengineering.darkcoin.wallet_test/de.schildbach.wallet.service.BlockchainServiceImpl }) finished
16:50:00 [main] DeviceInfoProvider - Detecting currency based on device, mobile network or locale:
16:50:00 [main] DeviceInfoProvider - Device Sim Country: us
16:50:00 [main] MainViewModel - Updating currency exchange rate based on country: US
16:50:31 [DefaultDispatcher-worker-11] Constants - --> GET https://rates.ctx.com/rates?source=ctx
16:50:31 [DefaultDispatcher-worker-11] Constants - <-- 200 https://rates.ctx.com/rates?source=ctx (72ms, unknown-length body)
16:50:31 [DefaultDispatcher-worker-11] ExchangeRatesRepository - exchange rates updated successfully with de.schildbach.wallet.rates.DashRetailClient@8c522d9
16:50:31 [DefaultDispatcher-worker-11] ExchangeRatesRepository - updateTrigger
16:50:43 [DefaultDispatcher-worker-6] BlockchainServiceImpl - network capabilities changed: 101, hasInternet: true, validated: true
16:50:43 [DefaultDispatcher-worker-6] BlockchainServiceImpl - acquiring check() mutex
16:50:43 [DefaultDispatcher-worker-6] BlockchainServiceImpl - check()
16:50:43 [DefaultDispatcher-worker-6] BlockchainServiceImpl - cutover committed — holding the dashj L1 engine; SDK owns L1 this launch
16:50:43 [DefaultDispatcher-worker-6] BlockchainServiceImpl - releasing check() mutex
16:50:43 [main] BlockchainServiceImpl - cutover committed and SDK L1 scan synced — triggering identity/contacts discovery
16:50:43 [DefaultDispatcher-worker-4] BlockchainIdentityData - creation: BlockchainIdentityData(NONE, null, null, null, null, null)
16:50:43 [DefaultDispatcher-worker-4] PlatformSynchronizationService - discoverAndRecoverIdentity: checking for existing associated identity
16:50:43 [DefaultDispatcher-worker-4] SecurityGuard - loading security guard [healthy=true] with keys: [keystore_healthy, fallback_pin_wallet_password_key, primary_ui_pin_key, modern_encryption_migration_complete, fallback_mnemonic_wallet_password_key, primary_wallet_password_key, fallback_mnemonic_ui_pin_key]
16:50:43 [DefaultDispatcher-worker-4] ModernEncryptionProvider - Decrypted data for alias: wallet_password_key
16:50:43 [DefaultDispatcher-worker-4] KeyCrypterScrypt - Deriving key took 107.7 ms for N=65536, r=8, p=1.
16:50:43 [DefaultDispatcher-worker-4] DapiClient - getIdentityByFirstPublicKey(48ccf9a43eee96f92a0ca7f8dced9dc2630d05f2)
16:50:43 [DefaultDispatcher-worker-4] PlatformSynchronizationService - discoverAndRecoverIdentity: no existing identity found
16:50:43 [DefaultDispatcher-worker-4] PlatformSynchronizationService - identity-discovery guard released (no identity found) — a later discovery may run again
16:50:43 [DefaultDispatcher-worker-4] BlockchainServiceImpl - post-cutover identity discovery found nothing and the wallet has no identity — re-arming; next attempt no sooner than 120000 ms from now
16:50:43 [DefaultDispatcher-worker-10] PlatformSynchronizationService - TxMetadata settings: saveToNetwork=false frequency=afterTenTransactions saveAfter=9223372036854775807 paymentCategory=false taxCategory=false exchangeRates=false memos=false giftCards=false storedDocuments=0
16:50:55 [DefaultDispatcher-worker-10] BlockchainServiceImpl - network capabilities changed: 101, hasInternet: true, validated: true
16:50:55 [DefaultDispatcher-worker-10] BlockchainServiceImpl - acquiring check() mutex
16:50:55 [DefaultDispatcher-worker-10] BlockchainServiceImpl - check()
16:50:55 [DefaultDispatcher-worker-10] BlockchainServiceImpl - cutover committed — holding the dashj L1 engine; SDK owns L1 this launch
16:50:55 [DefaultDispatcher-worker-10] BlockchainServiceImpl - releasing check() mutex
16:51:00 [main] BlockchainServiceImpl - MEM pss=288MB nativeHeap=151/176MB jvm=21/576MB
16:51:00 [main] BlockchainServiceImpl - History of transactions/blocks/headers/mnlistdiff (sdk): 0/0/0/0, 2/0/0/0, 0/0/0/0
16:51:01 [main] BiometricHelper - No biometric credentials
16:51:01 [main] LockScreenActivity - fingerprint was disabled
16:51:01 [main] LockScreenActivity - LockState = ENTER_PIN
16:51:22 [DefaultDispatcher-worker-6] BlockchainServiceImpl - network capabilities changed: 101, hasInternet: true, validated: true
16:51:22 [DefaultDispatcher-worker-6] BlockchainServiceImpl - acquiring check() mutex
16:51:22 [DefaultDispatcher-worker-6] BlockchainServiceImpl - check()
16:51:22 [DefaultDispatcher-worker-6] BlockchainServiceImpl - cutover committed — holding the dashj L1 engine; SDK owns L1 this launch
16:51:22 [DefaultDispatcher-worker-6] BlockchainServiceImpl - releasing check() mutex
16:51:34 [DefaultDispatcher-worker-8] BlockchainServiceImpl - network capabilities changed: 101, hasInternet: true, validated: true
16:51:34 [DefaultDispatcher-worker-8] BlockchainServiceImpl - acquiring check() mutex
16:51:34 [DefaultDispatcher-worker-8] BlockchainServiceImpl - check()
16:51:34 [DefaultDispatcher-worker-8] BlockchainServiceImpl - cutover committed — holding the dashj L1 engine; SDK owns L1 this launch
16:51:34 [DefaultDispatcher-worker-8] BlockchainServiceImpl - releasing check() mutex
16:51:47 [DefaultDispatcher-worker-8] L1ShadowSyncService - L1 engine chainlock height 1556857 -> 1556858
16:51:47 [DefaultDispatcher-worker-10] MainViewModel - blockchain state update: mnlist=1556857; chain=1556857; wallet=-1
16:51:51 [DefaultDispatcher-worker-4] L1ShadowSyncService - L1Shadow phase=SYNCED 100.0% headers 1556858/1556858 filters 1556857/1556857 wallet 1556857
16:51:51 [DefaultDispatcher-worker-1] MainViewModel - blockchain state update: mnlist=1556857; chain=1556858; wallet=-1
16:51:51 [DefaultDispatcher-worker-9] MainViewModel - blockchain state update: mnlist=1556857; chain=1556858; wallet=-1
16:51:52 [DefaultDispatcher-worker-6] MainViewModel - blockchain state update: mnlist=1556858; chain=1556858; wallet=-1
16:52:00 [main] BlockchainServiceImpl - MEM pss=280MB nativeHeap=152/177MB jvm=19/576MB
16:52:00 [main] BlockchainServiceImpl - History of transactions/blocks/headers/mnlistdiff (sdk): 0/1/1/1, 0/0/0/0, 2/0/0/0, 0/0/0/0
16:52:02 [native-log-bridge] DashSdkNative - 09-19 11:51:47.963  4078  4559 I DashSDK : platform_wallet::changeset::core_bridge: wallet-event batch: folded=1 wallets=1 synced_height_persisted=None synced_height_frozen=None synced_height_rejected=None faulted=0
16:52:02 [native-log-bridge] DashSdkNative - 09-19 11:51:51.391  4078  4559 I DashSDK : platform_wallet::changeset::core_bridge: wallet-event batch: folded=1 wallets=1 synced_height_persisted=None synced_height_frozen=None synced_height_rejected=None faulted=0
16:52:02 [native-log-bridge] DashSdkNative - 09-19 11:51:51.392  4078  4562 I DashSDK : platform_wallet::changeset::core_bridge: wallet-event batch: folded=1 wallets=1 synced_height_persisted=Some(1556858) synced_height_frozen=None synced_height_rejected=None faulted=0
16:52:44 [DefaultDispatcher-worker-10] BlockchainServiceImpl - network capabilities changed: 101, hasInternet: true, validated: true
16:52:44 [DefaultDispatcher-worker-10] BlockchainServiceImpl - acquiring check() mutex
16:52:44 [DefaultDispatcher-worker-10] BlockchainServiceImpl - check()
16:52:44 [DefaultDispatcher-worker-10] BlockchainServiceImpl - cutover committed — holding the dashj L1 engine; SDK owns L1 this launch
16:52:44 [DefaultDispatcher-worker-10] BlockchainServiceImpl - releasing check() mutex
16:52:44 [main] BlockchainServiceImpl - cutover committed and SDK L1 scan synced — triggering identity/contacts discovery
16:52:44 [DefaultDispatcher-worker-9] BlockchainIdentityData - creation: BlockchainIdentityData(NONE, null, null, null, null, null)
16:52:44 [DefaultDispatcher-worker-9] PlatformSynchronizationService - discoverAndRecoverIdentity: checking for existing associated identity
16:52:44 [DefaultDispatcher-worker-9] SecurityGuard - loading security guard [healthy=true] with keys: [keystore_healthy, fallback_pin_wallet_password_key, primary_ui_pin_key, modern_encryption_migration_complete, fallback_mnemonic_wallet_password_key, primary_wallet_password_key, fallback_mnemonic_ui_pin_key]
16:52:44 [DefaultDispatcher-worker-9] ModernEncryptionProvider - Decrypted data for alias: wallet_password_key
16:52:44 [DefaultDispatcher-worker-9] KeyCrypterScrypt - Deriving key took 172.3 ms for N=65536, r=8, p=1.
16:52:44 [DefaultDispatcher-worker-9] DapiClient - getIdentityByFirstPublicKey(48ccf9a43eee96f92a0ca7f8dced9dc2630d05f2)
16:52:44 [DefaultDispatcher-worker-9] PlatformSynchronizationService - discoverAndRecoverIdentity: no existing identity found
16:52:44 [DefaultDispatcher-worker-9] PlatformSynchronizationService - identity-discovery guard released (no identity found) — a later discovery may run again
16:52:44 [DefaultDispatcher-worker-9] BlockchainServiceImpl - post-cutover identity discovery found nothing and the wallet has no identity — re-arming; next attempt no sooner than 120000 ms from now
16:52:44 [DefaultDispatcher-worker-9] PlatformSynchronizationService - TxMetadata settings: saveToNetwork=false frequency=afterTenTransactions saveAfter=9223372036854775807 paymentCategory=false taxCategory=false exchangeRates=false memos=false giftCards=false storedDocuments=0
16:52:47 [DefaultDispatcher-worker-9] BlockchainServiceImpl - network capabilities changed: 101, hasInternet: true, validated: true
16:52:47 [DefaultDispatcher-worker-9] BlockchainServiceImpl - acquiring check() mutex
16:52:47 [DefaultDispatcher-worker-9] BlockchainServiceImpl - check()
16:52:47 [DefaultDispatcher-worker-9] BlockchainServiceImpl - cutover committed — holding the dashj L1 engine; SDK owns L1 this launch
16:52:47 [DefaultDispatcher-worker-9] BlockchainServiceImpl - releasing check() mutex
16:52:49 [DefaultDispatcher-worker-6] BlockchainServiceImpl - network capabilities changed: 100, hasInternet: true, validated: true
16:52:49 [DefaultDispatcher-worker-4] BlockchainServiceImpl - network available: 100, hasInternet: true, validated: true, type: Cellular
16:52:49 [DefaultDispatcher-worker-4] BlockchainServiceImpl - acquiring check() mutex
16:52:49 [DefaultDispatcher-worker-4] BlockchainServiceImpl - check()
16:52:49 [DefaultDispatcher-worker-4] BlockchainServiceImpl - cutover committed — holding the dashj L1 engine; SDK owns L1 this launch
16:52:49 [DefaultDispatcher-worker-4] BlockchainServiceImpl - releasing check() mutex
16:52:49 [DefaultDispatcher-worker-6] BlockchainServiceImpl - acquiring check() mutex
16:52:49 [DefaultDispatcher-worker-6] BlockchainServiceImpl - check()
16:52:49 [DefaultDispatcher-worker-6] BlockchainServiceImpl - cutover committed — holding the dashj L1 engine; SDK owns L1 this launch
16:52:49 [DefaultDispatcher-worker-6] BlockchainServiceImpl - releasing check() mutex
16:52:50 [DefaultDispatcher-worker-5] BlockchainServiceImpl - network capabilities changed: 101, hasInternet: true, validated: true
16:52:50 [DefaultDispatcher-worker-5] BlockchainServiceImpl - acquiring check() mutex
16:52:50 [DefaultDispatcher-worker-5] BlockchainServiceImpl - check()
16:52:50 [DefaultDispatcher-worker-5] BlockchainServiceImpl - cutover committed — holding the dashj L1 engine; SDK owns L1 this launch
16:52:50 [DefaultDispatcher-worker-5] BlockchainServiceImpl - releasing check() mutex
16:52:53 [DefaultDispatcher-worker-2] BlockchainServiceImpl - network capabilities changed: 101, hasInternet: true, validated: true
16:52:53 [DefaultDispatcher-worker-2] BlockchainServiceImpl - acquiring check() mutex
16:52:53 [DefaultDispatcher-worker-2] BlockchainServiceImpl - check()
16:52:53 [DefaultDispatcher-worker-2] BlockchainServiceImpl - cutover committed — holding the dashj L1 engine; SDK owns L1 this launch
16:52:53 [DefaultDispatcher-worker-2] BlockchainServiceImpl - releasing check() mutex
16:53:00 [main] BlockchainServiceImpl - MEM pss=289MB nativeHeap=152/177MB jvm=19/576MB
16:53:00 [main] BlockchainServiceImpl - History of transactions/blocks/headers/mnlistdiff (sdk): 0/0/0/0, 0/1/1/1, 0/0/0/0, 2/0/0/0, 0/0/0/0
16:53:05 [DefaultDispatcher-worker-5] L1ShadowSyncService - L1Shadow phase=SYNCED 100.0% headers 1556859/1556859 filters 1556858/1556858 wallet 1556858
16:53:05 [DefaultDispatcher-worker-11] MainViewModel - blockchain state update: mnlist=1556858; chain=1556859; wallet=-1
16:53:05 [DefaultDispatcher-worker-2] L1ShadowSyncService - L1 engine chainlock height 1556858 -> 1556859
16:53:05 [DefaultDispatcher-worker-1] MainViewModel - blockchain state update: mnlist=1556858; chain=1556859; wallet=-1
16:53:06 [DefaultDispatcher-worker-9] MainViewModel - blockchain state update: mnlist=1556859; chain=1556859; wallet=-1
16:53:32 [native-log-bridge] DashSdkNative - 09-19 11:53:05.620  4078  4560 I DashSDK : platform_wallet::changeset::core_bridge: wallet-event batch: folded=1 wallets=1 synced_height_persisted=None synced_height_frozen=None synced_height_rejected=None faulted=0
16:53:32 [native-log-bridge] DashSdkNative - 09-19 11:53:05.765  4078  4559 I DashSDK : platform_wallet::changeset::core_bridge: wallet-event batch: folded=1 wallets=1 synced_height_persisted=Some(1556859) synced_height_frozen=None synced_height_rejected=None faulted=0
16:53:41 [DefaultDispatcher-worker-3] BlockchainServiceImpl - network capabilities changed: 101, hasInternet: true, validated: true
16:53:41 [DefaultDispatcher-worker-3] BlockchainServiceImpl - acquiring check() mutex
16:53:41 [DefaultDispatcher-worker-3] BlockchainServiceImpl - check()
16:53:41 [DefaultDispatcher-worker-3] BlockchainServiceImpl - cutover committed — holding the dashj L1 engine; SDK owns L1 this launch
16:53:41 [DefaultDispatcher-worker-3] BlockchainServiceImpl - releasing check() mutex
16:53:44 [DefaultDispatcher-worker-6] BlockchainServiceImpl - network capabilities changed: 101, hasInternet: true, validated: true
16:53:44 [DefaultDispatcher-worker-6] BlockchainServiceImpl - acquiring check() mutex
16:53:44 [DefaultDispatcher-worker-6] BlockchainServiceImpl - check()
16:53:44 [DefaultDispatcher-worker-6] BlockchainServiceImpl - cutover committed — holding the dashj L1 engine; SDK owns L1 this launch
16:53:44 [DefaultDispatcher-worker-6] BlockchainServiceImpl - releasing check() mutex
16:54:00 [main] BlockchainServiceImpl - MEM pss=283MB nativeHeap=153/178MB jvm=19/576MB
16:54:00 [main] BlockchainServiceImpl - History of transactions/blocks/headers/mnlistdiff (sdk): 0/1/1/1, 0/0/0/0, 0/1/1/1, 0/0/0/0, 2/0/0/0, 0/0/0/0
16:54:07 [DefaultDispatcher-worker-8] BlockchainServiceImpl - network lost: 100, remaining networks: 1
16:54:45 [main] SecurityGuard - loading security guard [healthy=true] with keys: [keystore_healthy, fallback_pin_wallet_password_key, primary_ui_pin_key, modern_encryption_migration_complete, fallback_mnemonic_wallet_password_key, primary_wallet_password_key, fallback_mnemonic_ui_pin_key]
16:54:45 [main] ModernEncryptionProvider - Decrypted data for alias: ui_pin_key
16:54:45 [main] BiometricHelper - No biometric credentials
16:55:00 [main] BlockchainServiceImpl - MEM pss=282MB nativeHeap=153/178MB jvm=18/576MB
16:55:00 [main] BlockchainServiceImpl - History of transactions/blocks/headers/mnlistdiff (sdk): 0/0/0/0, 0/1/1/1, 0/0/0/0, 0/1/1/1, 0/0/0/0, 2/0/0/0, 0/0/0/0
16:55:29 [main] BuyAndSellIntegrationsFragment - starting Buy and Sell Dash fragment
16:55:32 [main] WalletTransactionsFragment - STARTUP WalletTransactionsFragment.onViewCreated at 1789836932029
16:55:32 [main] HistoryHeaderAdapter - set invite, synced = true
16:55:32 [main] WalletTransactionsFragment - STARTUP submitData called on thread=main at 1789836932030
16:55:32 [DefaultDispatcher-worker-8] BLSJniLibrary - Initializing BLS JNI Library
16:55:32 [main] HistoryHeaderAdapter - set invite = null
16:55:32 [main] HistoryHeaderAdapter - set invite, synced = true
16:55:32 [main] WalletTransactionsFragment - STARTUP swapping to live adapter: 2 items at 1789836932061
16:55:58 [main] WalletActivityTracker - activity lifecycle: current: MainActivity, activities: 1 visible: 1 foreground: 0
16:55:58 [main] WalletActivityTracker - activity lifecycle: activity SendCoinsActivity created
16:55:58 [main] WalletActivityTracker - activity lifecycle: current: SendCoinsActivity, activities: 2 visible: 1 foreground: 0
16:55:58 [main] SecurityGuard - loading security guard [healthy=true] with keys: [keystore_healthy, fallback_pin_wallet_password_key, primary_ui_pin_key, modern_encryption_migration_complete, fallback_mnemonic_wallet_password_key, primary_wallet_password_key, fallback_mnemonic_ui_pin_key]
16:55:58 [main] SecurityGuard - loading security guard [healthy=true] with keys: [keystore_healthy, fallback_pin_wallet_password_key, primary_ui_pin_key, modern_encryption_migration_complete, fallback_mnemonic_wallet_password_key, primary_wallet_password_key, fallback_mnemonic_ui_pin_key]
16:55:58 [main] ModernEncryptionProvider - Decrypted data for alias: wallet_password_key
16:55:58 [main] ModernEncryptionProvider - Decrypted data for alias: ui_pin_key
16:55:58 [main] DashPaymentIntentParser - network parameters = org.darkcoin.test
16:55:58 [main] WalletActivityTracker - activity lifecycle: current: SendCoinsActivity, activities: 2 visible: 2 foreground: 0
16:55:58 [main] SecurityGuard - loading security guard [healthy=true] with keys: [keystore_healthy, fallback_pin_wallet_password_key, primary_ui_pin_key, modern_encryption_migration_complete, fallback_mnemonic_wallet_password_key, primary_wallet_password_key, fallback_mnemonic_ui_pin_key]
16:55:58 [main] SecurityGuard - loading security guard [healthy=true] with keys: [keystore_healthy, fallback_pin_wallet_password_key, primary_ui_pin_key, modern_encryption_migration_complete, fallback_mnemonic_wallet_password_key, primary_wallet_password_key, fallback_mnemonic_ui_pin_key]
16:55:58 [main] LockScreenActivity - show lock screen false = ![keepUnlocked=true] && autologout=true && (keepUnlockedUntilPenEntered=false || shouldLogout=false) || isHealthy=true
16:55:58 [main] WalletActivityTracker - activity lifecycle: current: SendCoinsActivity, activities: 2 visible: 2 foreground: 1
16:55:58 [main] BlockchainServiceImpl - .onStartCommand(Intent { cmp=hashengineering.darkcoin.wallet_test/de.schildbach.wallet.service.BlockchainServiceImpl })
16:55:58 [DefaultDispatcher-worker-2] BlockchainServiceImpl - onStartCommand waiting for onCreate to complete...
16:55:58 [DefaultDispatcher-worker-2] BlockchainServiceImpl - onCreate completed, processing onStartCommand
16:55:58 [DefaultDispatcher-worker-2] BLSJniLibrary - Initializing BLS JNI Library
16:55:58 [DefaultDispatcher-worker-2] BlockchainServiceImpl - service start command: Intent { cmp=hashengineering.darkcoin.wallet_test/de.schildbach.wallet.service.BlockchainServiceImpl }
16:55:58 [DefaultDispatcher-worker-2] BlockchainServiceImpl - .onStartCommand(Intent { cmp=hashengineering.darkcoin.wallet_test/de.schildbach.wallet.service.BlockchainServiceImpl }) finished
16:55:58 [main] DashPaymentIntentParser - network parameters = org.darkcoin.test
16:55:58 [main] SendCoinsViewModel - got PaymentIntent[BIP21,[Output[0.01,Xg6ZyruE7ZZkebLDvRPwgrPzTC6AtJiYzN]],null]
16:55:58 [DefaultDispatcher-worker-2] BLSJniLibrary - Initializing BLS JNI Library
16:55:58 [DefaultDispatcher-worker-2] WalletBalanceObserver - process emit balance time: 0 ms, selector MaxOutputAmountCoinSelector
16:55:58 [DefaultDispatcher-worker-6] Constants - --> GET https://rates.ctx.com/rates?source=ctx
16:55:58 [main] AmountView - Exchange rate is not initialized
16:55:58 [main] AmountView - Exchange rate is not initialized
16:55:58 [main] SendCoinsFragment - enterAmountViewModel.blockContinue = true, viewModel.dryRunSuccessful.value = false
16:55:58 [main] SendCoinsFragment - enterAmountViewModel.blockContinue = true, viewModel.dryRunSuccessful.value = false
16:55:58 [main] SendCoinsViewModel - proceeding with PaymentIntent[BIP21,[Output[0.01,Xg6ZyruE7ZZkebLDvRPwgrPzTC6AtJiYzN]],null]
16:55:58 [main] SendCoinsFragment - enterAmountViewModel.blockContinue = true, viewModel.dryRunSuccessful.value = false
16:55:58 [main] BlockchainServiceImpl - .onStartCommand(Intent { cmp=hashengineering.darkcoin.wallet_test/de.schildbach.wallet.service.BlockchainServiceImpl })
16:55:58 [DefaultDispatcher-worker-1] BlockchainServiceImpl - onStartCommand waiting for onCreate to complete...
16:55:58 [DefaultDispatcher-worker-1] BlockchainServiceImpl - onCreate completed, processing onStartCommand
16:55:58 [DefaultDispatcher-worker-1] BLSJniLibrary - Initializing BLS JNI Library
16:55:58 [DefaultDispatcher-worker-1] BlockchainServiceImpl - service start command: Intent { cmp=hashengineering.darkcoin.wallet_test/de.schildbach.wallet.service.BlockchainServiceImpl }
16:55:58 [DefaultDispatcher-worker-1] BlockchainServiceImpl - .onStartCommand(Intent { cmp=hashengineering.darkcoin.wallet_test/de.schildbach.wallet.service.BlockchainServiceImpl }) finished
16:55:58 [main] SendCoinsFragment - enterAmountViewModel.blockContinue = true, viewModel.dryRunSuccessful.value = false
16:55:58 [main] SendCoinsFragment - enterAmountViewModel.blockContinue = true, viewModel.dryRunSuccessful.value = false
16:55:58 [main] WalletActivityTracker - activity lifecycle: current: MainActivity, activities: 2 visible: 1 foreground: 1
16:55:58 [DefaultDispatcher-worker-7] SendCoinsViewModel - executeDryRun started
16:55:58 [DefaultDispatcher-worker-7] BLSJniLibrary - Initializing BLS JNI Library
16:55:58 [DefaultDispatcher-worker-7] BLSJniLibrary - Initializing BLS JNI Library
16:55:58 [DefaultDispatcher-worker-7] SendCoinsViewModel - executeDryRun finished (cutover-aware: SDK-overlaid affordability)
16:55:58 [main] SendCoinsFragment - enterAmountViewModel.blockContinue = false, viewModel.dryRunSuccessful.value = true
16:55:59 [DefaultDispatcher-worker-6] Constants - <-- 200 https://rates.ctx.com/rates?source=ctx (908ms, unknown-length body)
16:55:59 [DefaultDispatcher-worker-6] ExchangeRatesRepository - exchange rates updated successfully with de.schildbach.wallet.rates.DashRetailClient@8c522d9
16:55:59 [DefaultDispatcher-worker-9] ExchangeRatesRepository - updateTrigger
16:56:00 [main] BlockchainServiceImpl - MEM pss=303MB nativeHeap=163/186MB jvm=26/576MB
16:56:00 [main] BlockchainServiceImpl - History of transactions/blocks/headers/mnlistdiff (sdk): 0/0/0/0, 0/0/0/0, 0/1/1/1, 0/0/0/0, 0/1/1/1, 0/0/0/0, 2/0/0/0, 0/0/0/0
16:56:00 [DefaultDispatcher-worker-1] BlockchainServiceImpl - network capabilities changed: 101, hasInternet: true, validated: true
16:56:00 [DefaultDispatcher-worker-1] BlockchainServiceImpl - acquiring check() mutex
16:56:00 [DefaultDispatcher-worker-1] BlockchainServiceImpl - check()
16:56:00 [DefaultDispatcher-worker-1] BlockchainServiceImpl - cutover committed — holding the dashj L1 engine; SDK owns L1 this launch
16:56:00 [DefaultDispatcher-worker-1] BlockchainServiceImpl - releasing check() mutex
16:56:00 [main] SendCoinsFragment - enterAmountViewModel.blockContinue = false, viewModel.dryRunSuccessful.value = true
16:56:00 [main] BlockchainServiceImpl - cutover committed and SDK L1 scan synced — triggering identity/contacts discovery
16:56:00 [DefaultDispatcher-worker-5] BlockchainIdentityData - creation: BlockchainIdentityData(NONE, null, null, null, null, null)
16:56:00 [DefaultDispatcher-worker-5] PlatformSynchronizationService - discoverAndRecoverIdentity: checking for existing associated identity
16:56:00 [DefaultDispatcher-worker-5] SecurityGuard - loading security guard [healthy=true] with keys: [keystore_healthy, fallback_pin_wallet_password_key, primary_ui_pin_key, modern_encryption_migration_complete, fallback_mnemonic_wallet_password_key, primary_wallet_password_key, fallback_mnemonic_ui_pin_key]
16:56:00 [DefaultDispatcher-worker-5] ModernEncryptionProvider - Decrypted data for alias: wallet_password_key
16:56:00 [DefaultDispatcher-worker-5] KeyCrypterScrypt - Deriving key took 111.0 ms for N=65536, r=8, p=1.
16:56:00 [DefaultDispatcher-worker-5] DapiClient - getIdentityByFirstPublicKey(48ccf9a43eee96f92a0ca7f8dced9dc2630d05f2)
16:56:02 [DefaultDispatcher-worker-5] PlatformSynchronizationService - discoverAndRecoverIdentity: no existing identity found
16:56:02 [DefaultDispatcher-worker-5] PlatformSynchronizationService - identity-discovery guard released (no identity found) — a later discovery may run again
16:56:02 [DefaultDispatcher-worker-5] BlockchainServiceImpl - post-cutover identity discovery found nothing and the wallet has no identity — re-arming; next attempt no sooner than 120000 ms from now
16:56:02 [DefaultDispatcher-worker-9] PlatformSynchronizationService - TxMetadata settings: saveToNetwork=false frequency=afterTenTransactions saveAfter=9223372036854775807 paymentCategory=false taxCategory=false exchangeRates=false memos=false giftCards=false storedDocuments=0
16:56:03 [DefaultDispatcher-worker-5] BlockchainServiceImpl - network capabilities changed: 101, hasInternet: true, validated: true
16:56:03 [DefaultDispatcher-worker-5] BlockchainServiceImpl - acquiring check() mutex
16:56:03 [DefaultDispatcher-worker-5] BlockchainServiceImpl - check()
16:56:03 [DefaultDispatcher-worker-5] BlockchainServiceImpl - cutover committed — holding the dashj L1 engine; SDK owns L1 this launch
16:56:03 [DefaultDispatcher-worker-5] BlockchainServiceImpl - releasing check() mutex
16:56:03 [main] SendCoinsFragment - enterAmountViewModel.blockContinue = false, viewModel.dryRunSuccessful.value = true
16:56:18 [main] BiometricHelper - No biometric credentials
16:56:18 [main] SendCoinsTaskRunner - authenticate with pin
16:56:18 [main] SecurityGuard - loading security guard [healthy=true] with keys: [keystore_healthy, fallback_pin_wallet_password_key, primary_ui_pin_key, modern_encryption_migration_complete, fallback_mnemonic_wallet_password_key, primary_wallet_password_key, fallback_mnemonic_ui_pin_key]
16:56:41 [main] SecurityGuard - loading security guard [healthy=true] with keys: [keystore_healthy, fallback_pin_wallet_password_key, primary_ui_pin_key, modern_encryption_migration_complete, fallback_mnemonic_wallet_password_key, primary_wallet_password_key, fallback_mnemonic_ui_pin_key]
16:56:41 [main] ModernEncryptionProvider - Decrypted data for alias: ui_pin_key
16:56:41 [main] AmountView - Exchange rate is not initialized
16:56:41 [main] AmountView - Exchange rate is not initialized
16:56:48 [DefaultDispatcher-worker-1] BlockchainServiceImpl - network capabilities changed: 101, hasInternet: true, validated: true
16:56:48 [DefaultDispatcher-worker-1] BlockchainServiceImpl - acquiring check() mutex
16:56:48 [DefaultDispatcher-worker-1] BlockchainServiceImpl - check()
16:56:48 [DefaultDispatcher-worker-1] BlockchainServiceImpl - cutover committed — holding the dashj L1 engine; SDK owns L1 this launch
16:56:48 [DefaultDispatcher-worker-1] BlockchainServiceImpl - releasing check() mutex
16:56:48 [main] SendCoinsFragment - enterAmountViewModel.blockContinue = false, viewModel.dryRunSuccessful.value = true
16:56:51 [DefaultDispatcher-worker-11] BlockchainServiceImpl - network capabilities changed: 101, hasInternet: true, validated: true
16:56:51 [DefaultDispatcher-worker-11] BlockchainServiceImpl - acquiring check() mutex
16:56:51 [DefaultDispatcher-worker-11] BlockchainServiceImpl - check()
16:56:51 [DefaultDispatcher-worker-11] BlockchainServiceImpl - cutover committed — holding the dashj L1 engine; SDK owns L1 this launch
16:56:51 [DefaultDispatcher-worker-11] BlockchainServiceImpl - releasing check() mutex
16:56:51 [main] SendCoinsFragment - enterAmountViewModel.blockContinue = false, viewModel.dryRunSuccessful.value = true
16:56:54 [DefaultDispatcher-worker-10] BlockchainServiceImpl - network capabilities changed: 101, hasInternet: true, validated: true
16:56:54 [DefaultDispatcher-worker-10] BlockchainServiceImpl - acquiring check() mutex
16:56:54 [DefaultDispatcher-worker-10] BlockchainServiceImpl - check()
16:56:54 [DefaultDispatcher-worker-10] BlockchainServiceImpl - cutover committed — holding the dashj L1 engine; SDK owns L1 this launch
16:56:54 [DefaultDispatcher-worker-10] BlockchainServiceImpl - releasing check() mutex
16:56:54 [main] SendCoinsFragment - enterAmountViewModel.blockContinue = false, viewModel.dryRunSuccessful.value = true
16:57:00 [main] BlockchainServiceImpl - MEM pss=293MB nativeHeap=159/181MB jvm=22/576MB
16:57:00 [main] BlockchainServiceImpl - History of transactions/blocks/headers/mnlistdiff (sdk): 0/0/0/0, 0/0/0/0, 0/0/0/0, 0/1/1/1, 0/0/0/0, 0/1/1/1, 0/0/0/0, 2/0/0/0, 0/0/0/0
16:57:00 [DefaultDispatcher-worker-1] BlockchainServiceImpl - network capabilities changed: 101, hasInternet: true, validated: true
16:57:00 [DefaultDispatcher-worker-1] BlockchainServiceImpl - acquiring check() mutex
16:57:00 [DefaultDispatcher-worker-1] BlockchainServiceImpl - check()
16:57:00 [DefaultDispatcher-worker-1] BlockchainServiceImpl - cutover committed — holding the dashj L1 engine; SDK owns L1 this launch
16:57:00 [DefaultDispatcher-worker-1] BlockchainServiceImpl - releasing check() mutex
16:57:00 [main] SendCoinsFragment - enterAmountViewModel.blockContinue = false, viewModel.dryRunSuccessful.value = true
16:57:01 [DefaultDispatcher-worker-4] BLSJniLibrary - Initializing BLS JNI Library
16:57:01 [DefaultDispatcher-worker-4] BLSJniLibrary - Initializing BLS JNI Library
16:57:01 [DefaultDispatcher-worker-4] BLSJniLibrary - Initializing BLS JNI Library
16:57:01 [DefaultDispatcher-worker-4] BLSJniLibrary - Initializing BLS JNI Library
16:57:01 [DefaultDispatcher-worker-4] SendCoinsTaskRunner - cutover committed: routing the SendRequest payment via the SDK bridge (1000000 duffs to yRjAzoyf…)
16:57:01 [DefaultDispatcher-worker-3] L1ShadowSyncService - L1 engine tx event: Detected(txidHex=aa659fc9ab82b67a6741e3e88db4fa1e3ef45de3360d33a77e9b0db872854ccc, netAmountDuffs=-1000226, feeDuffs=null, contextCode=0, directionCode=1)
16:57:01 [DefaultDispatcher-worker-3] CutoverUiDataService - engine detected tx aa659fc9ab82b67a6741e3e88db4fa1e3ef45de3360d33a77e9b0db872854ccc pre-block (context=0, net=-1000226 duffs) — syncing display row now
16:57:01 [DefaultDispatcher-worker-3] CutoverUiDataService - SDK balance published: 98999774 duffs (was 100000000) | l1Synced=true rescanArmedHold=false dashPayBackfill(armed=false,replaying=false) deferredContactBuilds=0 (unchangedReads=3) persistedAsLastKnown=true lastKnown=none
16:57:01 [main] SendCoinsFragment - enterAmountViewModel.blockContinue = true, viewModel.dryRunSuccessful.value = true
16:57:01 [DefaultDispatcher-worker-1] Constants - --> GET https://rates.ctx.com/rates?source=ctx
16:57:01 [DefaultDispatcher-worker-1] Constants - <-- 200 https://rates.ctx.com/rates?source=ctx (126ms, unknown-length body)
16:57:01 [DefaultDispatcher-worker-1] ExchangeRatesRepository - exchange rates updated successfully with de.schildbach.wallet.rates.DashRetailClient@8c522d9
16:57:01 [DefaultDispatcher-worker-1] ExchangeRatesRepository - updateTrigger
16:57:01 [DefaultDispatcher-worker-11] CutoverUiDataService - cutover UI display sync: 1 SDK records → 1 inserts, 0 status updates
16:57:01 [main] WalletTransactionsFragment - STARTUP submitData called on thread=main at 1789837021473
16:57:01 [DefaultDispatcher-worker-4] SdkL1SendService - SDK l1Send: broadcast 1000000 duffs to yRjAzoyf…, txid aa659fc9ab82b67a6741e3e88db4fa1e3ef45de3360d33a77e9b0db872854ccc
16:57:01 [DefaultDispatcher-worker-3] L1ShadowSyncService - L1 engine tx event: InstantLocked(txidHex=aa659fc9ab82b67a6741e3e88db4fa1e3ef45de3360d33a77e9b0db872854ccc)
16:57:01 [DefaultDispatcher-worker-7] BLSJniLibrary - Initializing BLS JNI Library
16:57:01 [DefaultDispatcher-worker-5] CutoverUiDataService - engine IS lock for aa659fc9ab82b67a6741e3e88db4fa1e3ef45de3360d33a77e9b0db872854ccc — display row flipped pre-block
16:57:01 [DefaultDispatcher-worker-7] Wallet - commitTx of aa659fc9ab82b67a6741e3e88db4fa1e3ef45de3360d33a77e9b0db872854ccc
16:57:01 [DefaultDispatcher-worker-7] Wallet - commitTx of aa659fc9ab82b67a6741e3e88db4fa1e3ef45de3360d33a77e9b0db872854ccc
16:57:01 [DefaultDispatcher-worker-7] Wallet - ->pending: aa659fc9ab82b67a6741e3e88db4fa1e3ef45de3360d33a77e9b0db872854ccc
16:57:01 [DefaultDispatcher-worker-7] Wallet - Estimated balance is now: 0.00 DASH
16:57:01 [main] WalletTransactionsFragment - STARTUP submitData called on thread=main at 1789837021820
16:57:01 [DefaultDispatcher-worker-7] WalletFiles - Saving wallet; last seen block is height -1, date unknown, hash null
16:57:01 [DefaultDispatcher-worker-7] CoinJoinExtension - CoinJoinExtension serialization: 0ms total (keys:0ms[8], cache:0ms[0], salt:0ms, io:0ms, size:1447bytes, buffer:64KB)
16:57:01 [DefaultDispatcher-worker-7] WalletProtobufSerializer - walletToProto (serial=10) timing: 8ms total, init=0ms, tx=1ms[1], keys=0ms, scripts=0ms[0], metadata=0ms, ext=6ms, friendRecv=0ms, friendSend=0ms, build=0ms
16:57:01 [DefaultDispatcher-worker-7] WalletProtobufSerializer - writeWallet timing: 7ms total (7ms/100% serialization, 0ms/0% I/O) buffer=8KB
16:57:01 [DefaultDispatcher-worker-7] WalletFiles - Save completed in 10.02 ms (15874 bytes); /data/user/0/hashengineering.darkcoin.wallet_test/files/wallet-protobuf-testnet
16:57:01 [DefaultDispatcher-worker-7] SdkBridgedTransactionFactory - bridged SDK tx aa659fc9ab82b67a6741e3e88db4fa1e3ef45de3360d33a77e9b0db872854ccc into the dashj wallet (committed)
16:57:01 [main] BlockchainServiceImpl - .onStartCommand(Intent { act=de.schildbach.wallet.service.broadcast_transaction cmp=hashengineering.darkcoin.wallet_test/de.schildbach.wallet.service.BlockchainServiceImpl (has extras) })
16:57:01 [DefaultDispatcher-worker-7] BlockchainServiceImpl - onStartCommand waiting for onCreate to complete...
16:57:01 [DefaultDispatcher-worker-7] BlockchainServiceImpl - onCreate completed, processing onStartCommand
16:57:01 [DefaultDispatcher-worker-7] BLSJniLibrary - Initializing BLS JNI Library
16:57:01 [main] SendCoinsFragment - enterAmountViewModel.blockContinue = true, viewModel.dryRunSuccessful.value = true
16:57:01 [DefaultDispatcher-worker-7] BlockchainServiceImpl - service start command: Intent { act=de.schildbach.wallet.service.broadcast_transaction cmp=hashengineering.darkcoin.wallet_test/de.schildbach.wallet.service.BlockchainServiceImpl (has extras) }
16:57:01 [DefaultDispatcher-worker-7] BlockchainServiceImpl - broadcast transaction requested for hash: aa659fc9ab82b67a6741e3e88db4fa1e3ef45de3360d33a77e9b0db872854ccc
16:57:01 [DefaultDispatcher-worker-7] BlockchainServiceImpl - found transaction aa659fc9ab82b67a6741e3e88db4fa1e3ef45de3360d33a77e9b0db872854ccc in wallet
16:57:01 [DefaultDispatcher-worker-7] BlockchainServiceImpl - peergroup not available, not broadcasting transaction aa659fc9ab82b67a6741e3e88db4fa1e3ef45de3360d33a77e9b0db872854ccc
16:57:01 [DefaultDispatcher-worker-7] BlockchainServiceImpl - .onStartCommand(Intent { act=de.schildbach.wallet.service.broadcast_transaction cmp=hashengineering.darkcoin.wallet_test/de.schildbach.wallet.service.BlockchainServiceImpl (has extras) }) finished
16:57:01 [main] SendCoinsFragment - enterAmountViewModel.blockContinue = true, viewModel.dryRunSuccessful.value = true
16:57:01 [main] WalletActivityTracker - activity lifecycle: current: SendCoinsActivity, activities: 2 visible: 1 foreground: 0
16:57:01 [main] SendCoinsFragment - enterAmountViewModel.blockContinue = false, viewModel.dryRunSuccessful.value = true
16:57:01 [main] WalletActivityTracker - activity lifecycle: activity TransactionResultActivity created
16:57:01 [main] WalletActivityTracker - activity lifecycle: current: TransactionResultActivity, activities: 3 visible: 1 foreground: 0
16:57:01 [main] SecurityGuard - loading security guard [healthy=true] with keys: [keystore_healthy, fallback_pin_wallet_password_key, primary_ui_pin_key, modern_encryption_migration_complete, fallback_mnemonic_wallet_password_key, primary_wallet_password_key, fallback_mnemonic_ui_pin_key]
16:57:01 [main] SecurityGuard - loading security guard [healthy=true] with keys: [keystore_healthy, fallback_pin_wallet_password_key, primary_ui_pin_key, modern_encryption_migration_complete, fallback_mnemonic_wallet_password_key, primary_wallet_password_key, fallback_mnemonic_ui_pin_key]
16:57:01 [main] ModernEncryptionProvider - Decrypted data for alias: wallet_password_key
16:57:01 [main] ModernEncryptionProvider - Decrypted data for alias: ui_pin_key
16:57:01 [main] WalletActivityTracker - activity lifecycle: current: TransactionResultActivity, activities: 3 visible: 2 foreground: 0
16:57:01 [main] SecurityGuard - loading security guard [healthy=true] with keys: [keystore_healthy, fallback_pin_wallet_password_key, primary_ui_pin_key, modern_encryption_migration_complete, fallback_mnemonic_wallet_password_key, primary_wallet_password_key, fallback_mnemonic_ui_pin_key]
16:57:01 [main] SecurityGuard - loading security guard [healthy=true] with keys: [keystore_healthy, fallback_pin_wallet_password_key, primary_ui_pin_key, modern_encryption_migration_complete, fallback_mnemonic_wallet_password_key, primary_wallet_password_key, fallback_mnemonic_ui_pin_key]
16:57:01 [main] LockScreenActivity - show lock screen false = ![keepUnlocked=false] && autologout=true && (keepUnlockedUntilPenEntered=false || shouldLogout=false) || isHealthy=true
16:57:01 [main] WalletActivityTracker - activity lifecycle: current: TransactionResultActivity, activities: 3 visible: 2 foreground: 1
16:57:01 [main] BlockchainServiceImpl - .onStartCommand(Intent { cmp=hashengineering.darkcoin.wallet_test/de.schildbach.wallet.service.BlockchainServiceImpl })
16:57:01 [DefaultDispatcher-worker-3] BlockchainServiceImpl - onStartCommand waiting for onCreate to complete...
16:57:01 [DefaultDispatcher-worker-3] BlockchainServiceImpl - onCreate completed, processing onStartCommand
16:57:01 [DefaultDispatcher-worker-3] BLSJniLibrary - Initializing BLS JNI Library
16:57:01 [DefaultDispatcher-worker-3] BlockchainServiceImpl - service start command: Intent { cmp=hashengineering.darkcoin.wallet_test/de.schildbach.wallet.service.BlockchainServiceImpl }
16:57:01 [DefaultDispatcher-worker-3] BlockchainServiceImpl - .onStartCommand(Intent { cmp=hashengineering.darkcoin.wallet_test/de.schildbach.wallet.service.BlockchainServiceImpl }) finished
16:57:02 [DefaultDispatcher-worker-7] WalletTransactionMetadataProvider - txmetadata for aa659fc9ab82b67a6741e3e88db4fa1e3ef45de3360d33a77e9b0db872854ccc does not exist, perform insert, then update
16:57:02 [DefaultDispatcher-worker-7] BLSJniLibrary - Initializing BLS JNI Library
16:57:02 [DefaultDispatcher-worker-7] WalletTransactionMetadataProvider - txmetadata: inserting TransactionMetadata(txId=aa659fc9ab82b67a6741e3e88db4fa1e3ef45de3360d33a77e9b0db872854ccc, timestamp=1789837021819, value=0, type=Sent, taxCategory=null, currencyCode=null, rate=null, memo=, service=null, customIconId=null)
16:57:02 [DefaultDispatcher-worker-6] WalletTransactionMetadataProvider - metadata: TxOut of 0.01 DASH to yRjAzoyfZ7DpzLFmVGiLispLjUaYKRnL52 script:DUP HASH160 PUSHDATA(20)[3b556137f0c995630dc70df441c65b1dded6136d] EQUALVERIFY CHECKSIG
16:57:02 [DefaultDispatcher-worker-6] WalletTransactionMetadataProvider - metadata: TxOut of 0.98999774 DASH to yQJ66b2xF2EzXpiyYGYzQ8P8vP4RBp3Bic script:DUP HASH160 PUSHDATA(20)[2b9ec3a81d5cb0f2aa202d84c515a579784d7453] EQUALVERIFY CHECKSIG
16:57:02 [main] WalletActivityTracker - activity lifecycle: current: SendCoinsActivity, activities: 3 visible: 1 foreground: 1
16:57:02 [main] WalletActivityTracker - activity lifecycle: activity SendCoinsActivity destroyed
16:57:02 [main] WalletActivityTracker - activity lifecycle: current: SendCoinsActivity, activities: 2 visible: 1 foreground: 1
16:57:02 [native-log-bridge] DashSdkNative - 09-19 11:57:01.097  4078  4560 I DashSDK : platform_wallet::changeset::core_bridge: wallet-event batch: folded=1 wallets=1 synced_height_persisted=None synced_height_frozen=None synced_height_rejected=None faulted=0
16:57:02 [native-log-bridge] DashSdkNative - 09-19 11:57:01.821  4078  4560 I DashSDK : platform_wallet::changeset::core_bridge: wallet-event batch: folded=1 wallets=1 synced_height_persisted=None synced_height_frozen=None synced_height_rejected=None faulted=0
16:57:06 [DefaultDispatcher-worker-7] BlockchainServiceImpl - network capabilities changed: 101, hasInternet: true, validated: true
16:57:06 [DefaultDispatcher-worker-7] BlockchainServiceImpl - acquiring check() mutex
16:57:06 [DefaultDispatcher-worker-7] BlockchainServiceImpl - check()
16:57:06 [DefaultDispatcher-worker-7] BlockchainServiceImpl - cutover committed — holding the dashj L1 engine; SDK owns L1 this launch
16:57:06 [DefaultDispatcher-worker-7] BlockchainServiceImpl - releasing check() mutex
16:57:09 [DefaultDispatcher-worker-3] BlockchainServiceImpl - network capabilities changed: 101, hasInternet: true, validated: true
16:57:09 [DefaultDispatcher-worker-3] BlockchainServiceImpl - acquiring check() mutex
16:57:09 [DefaultDispatcher-worker-3] BlockchainServiceImpl - check()
16:57:09 [DefaultDispatcher-worker-3] BlockchainServiceImpl - cutover committed — holding the dashj L1 engine; SDK owns L1 this launch
16:57:09 [DefaultDispatcher-worker-3] BlockchainServiceImpl - releasing check() mutex
16:57:22 [DefaultDispatcher-worker-10] BlockchainServiceImpl - network capabilities changed: 101, hasInternet: true, validated: true
16:57:22 [DefaultDispatcher-worker-4] BlockchainServiceImpl - acquiring check() mutex
16:57:22 [DefaultDispatcher-worker-4] BlockchainServiceImpl - check()
16:57:22 [DefaultDispatcher-worker-4] BlockchainServiceImpl - cutover committed — holding the dashj L1 engine; SDK owns L1 this launch
16:57:22 [DefaultDispatcher-worker-4] BlockchainServiceImpl - releasing check() mutex
16:57:25 [DefaultDispatcher-worker-10] BlockchainServiceImpl - network capabilities changed: 101, hasInternet: true, validated: true
16:57:25 [DefaultDispatcher-worker-10] BlockchainServiceImpl - acquiring check() mutex
16:57:25 [DefaultDispatcher-worker-10] BlockchainServiceImpl - check()
16:57:25 [DefaultDispatcher-worker-10] BlockchainServiceImpl - cutover committed — holding the dashj L1 engine; SDK owns L1 this launch
16:57:25 [DefaultDispatcher-worker-10] BlockchainServiceImpl - releasing check() mutex
16:57:51 [DefaultDispatcher-worker-7] L1ShadowSyncService - L1Shadow phase=SYNCED 100.0% headers 1556860/1556860 filters 1556859/1556859 wallet 1556859
16:57:51 [DefaultDispatcher-worker-5] MainViewModel - blockchain state update: mnlist=1556859; chain=1556859; wallet=-1
16:57:51 [DefaultDispatcher-worker-10] MainViewModel - blockchain state update: mnlist=1556859; chain=1556860; wallet=-1
16:57:51 [DefaultDispatcher-worker-5] L1ShadowSyncService - L1 engine chainlock height 1556859 -> 1556860
16:57:51 [DefaultDispatcher-worker-10] MainViewModel - blockchain state update: mnlist=1556859; chain=1556860; wallet=-1
16:57:52 [DefaultDispatcher-worker-8] MainViewModel - blockchain state update: mnlist=1556860; chain=1556860; wallet=-1
16:57:55 [DefaultDispatcher-worker-8] BlockchainServiceImpl - network capabilities changed: 101, hasInternet: true, validated: true
16:57:55 [DefaultDispatcher-worker-8] BlockchainServiceImpl - acquiring check() mutex
16:57:55 [DefaultDispatcher-worker-8] BlockchainServiceImpl - check()
16:57:55 [DefaultDispatcher-worker-8] BlockchainServiceImpl - cutover committed — holding the dashj L1 engine; SDK owns L1 this launch
16:57:55 [DefaultDispatcher-worker-8] BlockchainServiceImpl - releasing check() mutex
16:57:58 [DefaultDispatcher-worker-9] BlockchainServiceImpl - network capabilities changed: 101, hasInternet: true, validated: true
16:57:58 [DefaultDispatcher-worker-9] BlockchainServiceImpl - acquiring check() mutex
16:57:58 [DefaultDispatcher-worker-9] BlockchainServiceImpl - check()
16:57:58 [DefaultDispatcher-worker-9] BlockchainServiceImpl - cutover committed — holding the dashj L1 engine; SDK owns L1 this launch
16:57:58 [DefaultDispatcher-worker-9] BlockchainServiceImpl - releasing check() mutex
16:58:00 [main] BlockchainServiceImpl - MEM pss=294MB nativeHeap=159/183MB jvm=22/576MB
16:58:00 [main] BlockchainServiceImpl - History of transactions/blocks/headers/mnlistdiff (sdk): 2/1/1/1, 0/0/0/0, 0/0/0/0, 0/0/0/0, 0/1/1/1, 0/0/0/0, 0/1/1/1, 0/0/0/0, 2/0/0/0
16:58:01 [main] BiometricHelper - No biometric credentials
16:58:01 [main] LockScreenActivity - fingerprint was disabled
16:58:01 [main] LockScreenActivity - LockState = ENTER_PIN
16:58:02 [native-log-bridge] DashSdkNative - 09-19 11:57:51.486  4078  4562 I DashSDK : platform_wallet::changeset::core_bridge: wallet-event batch: folded=1 wallets=1 synced_height_persisted=None synced_height_frozen=None synced_height_rejected=None faulted=0
16:58:02 [native-log-bridge] DashSdkNative - 09-19 11:57:51.521  4078  4561 I DashSDK : platform_wallet::changeset::core_bridge: wallet-event batch: folded=1 wallets=1 synced_height_persisted=None synced_height_frozen=None synced_height_rejected=None faulted=0
16:58:02 [native-log-bridge] DashSdkNative - 09-19 11:57:51.527  4078  4562 I DashSDK : platform_wallet::changeset::core_bridge: wallet-event batch: folded=1 wallets=1 synced_height_persisted=Some(1556860) synced_height_frozen=None synced_height_rejected=None faulted=0
16:58:36 [DefaultDispatcher-worker-5] L1ShadowSyncService - L1 engine chainlock height 1556860 -> 1556861
16:58:36 [DefaultDispatcher-worker-2] MainViewModel - blockchain state update: mnlist=1556860; chain=1556860; wallet=-1
16:58:36 [main] BlockchainServiceImpl - cutover committed and SDK L1 scan synced — triggering identity/contacts discovery
16:58:36 [DefaultDispatcher-worker-6] BlockchainIdentityData - creation: BlockchainIdentityData(NONE, null, null, null, null, null)
16:58:36 [DefaultDispatcher-worker-6] PlatformSynchronizationService - discoverAndRecoverIdentity: checking for existing associated identity
16:58:36 [DefaultDispatcher-worker-6] SecurityGuard - loading security guard [healthy=true] with keys: [keystore_healthy, fallback_pin_wallet_password_key, primary_ui_pin_key, modern_encryption_migration_complete, fallback_mnemonic_wallet_password_key, primary_wallet_password_key, fallback_mnemonic_ui_pin_key]
16:58:36 [DefaultDispatcher-worker-6] ModernEncryptionProvider - Decrypted data for alias: wallet_password_key
16:58:36 [DefaultDispatcher-worker-6] KeyCrypterScrypt - Deriving key took 129.1 ms for N=65536, r=8, p=1.
16:58:36 [DefaultDispatcher-worker-6] DapiClient - getIdentityByFirstPublicKey(48ccf9a43eee96f92a0ca7f8dced9dc2630d05f2)
16:58:37 [DefaultDispatcher-worker-9] L1ShadowSyncService - L1Shadow phase=SYNCED 100.0% headers 1556861/1556861 filters 1556861/1556861 wallet 1556861
16:58:37 [DefaultDispatcher-worker-3] MainViewModel - blockchain state update: mnlist=1556861; chain=1556861; wallet=-1
16:58:37 [DefaultDispatcher-worker-6] PlatformSynchronizationService - discoverAndRecoverIdentity: no existing identity found
16:58:37 [DefaultDispatcher-worker-6] PlatformSynchronizationService - identity-discovery guard released (no identity found) — a later discovery may run again
16:58:37 [DefaultDispatcher-worker-6] BlockchainServiceImpl - post-cutover identity discovery found nothing and the wallet has no identity — re-arming; next attempt no sooner than 120000 ms from now
16:58:37 [DefaultDispatcher-worker-7] PlatformSynchronizationService - TxMetadata settings: saveToNetwork=false frequency=afterTenTransactions saveAfter=9223372036854775807 paymentCategory=false taxCategory=false exchangeRates=false memos=false giftCards=false storedDocuments=0
16:58:37 [DefaultDispatcher-worker-1] BlockchainServiceImpl - network capabilities changed: 101, hasInternet: true, validated: true
16:58:37 [DefaultDispatcher-worker-1] BlockchainServiceImpl - acquiring check() mutex
16:58:37 [DefaultDispatcher-worker-1] BlockchainServiceImpl - check()
16:58:37 [DefaultDispatcher-worker-1] BlockchainServiceImpl - cutover committed — holding the dashj L1 engine; SDK owns L1 this launch
16:58:37 [DefaultDispatcher-worker-1] BlockchainServiceImpl - releasing check() mutex
16:58:46 [DefaultDispatcher-worker-10] BlockchainServiceImpl - network capabilities changed: 101, hasInternet: true, validated: true
16:58:46 [DefaultDispatcher-worker-10] BlockchainServiceImpl - acquiring check() mutex
16:58:46 [DefaultDispatcher-worker-10] BlockchainServiceImpl - check()
16:58:46 [DefaultDispatcher-worker-10] BlockchainServiceImpl - cutover committed — holding the dashj L1 engine; SDK owns L1 this launch
16:58:46 [DefaultDispatcher-worker-10] BlockchainServiceImpl - releasing check() mutex
16:59:00 [main] BlockchainServiceImpl - MEM pss=298MB nativeHeap=159/184MB jvm=21/576MB
16:59:00 [main] BlockchainServiceImpl - History of transactions/blocks/headers/mnlistdiff (sdk): 0/1/1/1, 2/1/1/1, 0/0/0/0, 0/0/0/0, 0/0/0/0, 0/1/1/1, 0/0/0/0, 0/1/1/1, 0/0/0/0
16:59:02 [native-log-bridge] DashSdkNative - 09-19 11:58:36.705  4078  4560 I DashSDK : platform_wallet::changeset::core_bridge: wallet-event batch: folded=1 wallets=1 synced_height_persisted=Some(1556861) synced_height_frozen=None synced_height_rejected=None faulted=0
16:59:02 [native-log-bridge] DashSdkNative - 09-19 11:58:36.846  4078  4559 I DashSDK : platform_wallet::changeset::core_bridge: wallet-event batch: folded=1 wallets=1 synced_height_persisted=None synced_height_frozen=None synced_height_rejected=None faulted=0
16:59:17 [main] SecurityGuard - loading security guard [healthy=true] with keys: [keystore_healthy, fallback_pin_wallet_password_key, primary_ui_pin_key, modern_encryption_migration_complete, fallback_mnemonic_wallet_password_key, primary_wallet_password_key, fallback_mnemonic_ui_pin_key]
16:59:17 [main] ModernEncryptionProvider - Decrypted data for alias: ui_pin_key
16:59:17 [main] BiometricHelper - No biometric credentials
16:59:22 [DefaultDispatcher-worker-3] BlockchainServiceImpl - network capabilities changed: 101, hasInternet: true, validated: true
16:59:22 [DefaultDispatcher-worker-3] BlockchainServiceImpl - acquiring check() mutex
16:59:22 [DefaultDispatcher-worker-3] BlockchainServiceImpl - check()
16:59:22 [DefaultDispatcher-worker-3] BlockchainServiceImpl - cutover committed — holding the dashj L1 engine; SDK owns L1 this launch
16:59:22 [DefaultDispatcher-worker-3] BlockchainServiceImpl - releasing check() mutex
16:59:26 [DefaultDispatcher-worker-6] BlockchainServiceImpl - network capabilities changed: 101, hasInternet: true, validated: true
16:59:26 [DefaultDispatcher-worker-6] BlockchainServiceImpl - acquiring check() mutex
16:59:26 [DefaultDispatcher-worker-6] BlockchainServiceImpl - check()
16:59:26 [DefaultDispatcher-worker-6] BlockchainServiceImpl - cutover committed — holding the dashj L1 engine; SDK owns L1 this launch
16:59:26 [DefaultDispatcher-worker-6] BlockchainServiceImpl - releasing check() mutex
16:59:34 [main] WalletActivityTracker - activity lifecycle: current: TransactionResultActivity, activities: 2 visible: 1 foreground: 0
16:59:34 [main] WalletActivityTracker - activity lifecycle: current: MainActivity, activities: 2 visible: 2 foreground: 0
16:59:34 [main] HistoryHeaderAdapter - set invite = null
16:59:34 [main] HistoryHeaderAdapter - set invite, synced = true
16:59:34 [main] MainViewModel - platform available: true; no identity creation is progress: true
16:59:34 [main] SecurityGuard - loading security guard [healthy=true] with keys: [keystore_healthy, fallback_pin_wallet_password_key, primary_ui_pin_key, modern_encryption_migration_complete, fallback_mnemonic_wallet_password_key, primary_wallet_password_key, fallback_mnemonic_ui_pin_key]
16:59:34 [main] SecurityGuard - loading security guard [healthy=true] with keys: [keystore_healthy, fallback_pin_wallet_password_key, primary_ui_pin_key, modern_encryption_migration_complete, fallback_mnemonic_wallet_password_key, primary_wallet_password_key, fallback_mnemonic_ui_pin_key]
16:59:34 [main] LockScreenActivity - show lock screen false = ![keepUnlocked=false] && autologout=true && (keepUnlockedUntilPenEntered=false || shouldLogout=false) || isHealthy=true
16:59:34 [main] MainActivity - updateTrigger => rateStale: RateRetrievalState(lastAttemptFailed=false, staleRates=false, volatile=false)
16:59:34 [main] WalletActivityTracker - activity lifecycle: current: MainActivity, activities: 2 visible: 2 foreground: 1
16:59:34 [main] DeviceInfoProvider - Detecting currency based on device, mobile network or locale:
16:59:34 [main] DeviceInfoProvider - Device Sim Country: us
16:59:34 [main] MainViewModel - Updating currency exchange rate based on country: US
16:59:34 [main] BlockchainServiceImpl - .onStartCommand(Intent { cmp=hashengineering.darkcoin.wallet_test/de.schildbach.wallet.service.BlockchainServiceImpl })
16:59:34 [DefaultDispatcher-worker-11] BlockchainServiceImpl - onStartCommand waiting for onCreate to complete...
16:59:34 [DefaultDispatcher-worker-11] BlockchainServiceImpl - onCreate completed, processing onStartCommand
16:59:34 [DefaultDispatcher-worker-11] BLSJniLibrary - Initializing BLS JNI Library
16:59:34 [DefaultDispatcher-worker-11] BlockchainServiceImpl - service start command: Intent { cmp=hashengineering.darkcoin.wallet_test/de.schildbach.wallet.service.BlockchainServiceImpl }
16:59:34 [DefaultDispatcher-worker-11] BlockchainServiceImpl - .onStartCommand(Intent { cmp=hashengineering.darkcoin.wallet_test/de.schildbach.wallet.service.BlockchainServiceImpl }) finished
16:59:34 [main] BlockchainServiceImpl - .onStartCommand(Intent { act=de.schildbach.wallet.service.cancel_coins_received cmp=hashengineering.darkcoin.wallet_test/de.schildbach.wallet.service.BlockchainServiceImpl })
16:59:34 [DefaultDispatcher-worker-11] BlockchainServiceImpl - onStartCommand waiting for onCreate to complete...
16:59:34 [DefaultDispatcher-worker-11] BlockchainServiceImpl - onCreate completed, processing onStartCommand
16:59:34 [DefaultDispatcher-worker-11] BLSJniLibrary - Initializing BLS JNI Library
16:59:34 [DefaultDispatcher-worker-11] BlockchainServiceImpl - service start command: Intent { act=de.schildbach.wallet.service.cancel_coins_received cmp=hashengineering.darkcoin.wallet_test/de.schildbach.wallet.service.BlockchainServiceImpl }
16:59:34 [DefaultDispatcher-worker-11] BlockchainServiceImpl - .onStartCommand(Intent { act=de.schildbach.wallet.service.cancel_coins_received cmp=hashengineering.darkcoin.wallet_test/de.schildbach.wallet.service.BlockchainServiceImpl }) finished
16:59:34 [main] WalletActivityTracker - activity lifecycle: current: TransactionResultActivity, activities: 2 visible: 1 foreground: 1
16:59:34 [main] WalletActivityTracker - activity lifecycle: activity TransactionResultActivity destroyed
16:59:34 [main] WalletActivityTracker - activity lifecycle: current: TransactionResultActivity, activities: 1 visible: 1 foreground: 1
16:59:50 [DefaultDispatcher-worker-11] WalletTransactionMetadataProvider - txmetadata for 057b1808741470e8f084aeee2fa377934366d9d06e80477cd2f1ff8a3574410b does not exist, perform insert, then update
16:59:50 [DefaultDispatcher-worker-11] BLSJniLibrary - Initializing BLS JNI Library
16:59:50 [DefaultDispatcher-worker-11] WalletTransactionMetadataProvider - txmetadata for 057b1808741470e8f084aeee2fa377934366d9d06e80477cd2f1ff8a3574410b DROPPED — no wallet tx and no fallback row; any platform metadata for this transaction will not be displayed
17:00:00 [main] BlockchainServiceImpl - MEM pss=301MB nativeHeap=161/185MB jvm=23/576MB
17:00:00 [main] BlockchainServiceImpl - History of transactions/blocks/headers/mnlistdiff (sdk): 0/0/0/0, 0/1/1/1, 2/1/1/1, 0/0/0/0, 0/0/0/0, 0/0/0/0, 0/1/1/1, 0/0/0/0, 0/1/1/1
17:00:05 [DefaultDispatcher-worker-3] BlockchainServiceImpl - network capabilities changed: 101, hasInternet: true, validated: true
17:00:05 [DefaultDispatcher-worker-3] BlockchainServiceImpl - acquiring check() mutex
17:00:05 [DefaultDispatcher-worker-3] BlockchainServiceImpl - check()
17:00:05 [DefaultDispatcher-worker-3] BlockchainServiceImpl - cutover committed — holding the dashj L1 engine; SDK owns L1 this launch
17:00:05 [DefaultDispatcher-worker-3] BlockchainServiceImpl - releasing check() mutex
17:00:07 [DefaultDispatcher-worker-3] L1ShadowSyncService - L1 engine chainlock height 1556861 -> 1556862
17:00:07 [DefaultDispatcher-worker-9] MainViewModel - blockchain state update: mnlist=1556861; chain=1556861; wallet=-1
17:00:07 [DefaultDispatcher-worker-2] L1ShadowSyncService - L1Shadow phase=SYNCED 100.0% headers 1556862/1556862 filters 1556862/1556862 wallet 1556862
17:00:07 [DefaultDispatcher-worker-1] MainViewModel - blockchain state update: mnlist=1556862; chain=1556862; wallet=-1
17:00:08 [DefaultDispatcher-worker-9] BlockchainServiceImpl - network capabilities changed: 101, hasInternet: true, validated: true
17:00:08 [DefaultDispatcher-worker-9] BlockchainServiceImpl - acquiring check() mutex
17:00:08 [DefaultDispatcher-worker-9] BlockchainServiceImpl - check()
17:00:08 [DefaultDispatcher-worker-9] BlockchainServiceImpl - cutover committed — holding the dashj L1 engine; SDK owns L1 this launch
17:00:08 [DefaultDispatcher-worker-9] BlockchainServiceImpl - releasing check() mutex
17:00:15 [main] BlockchainIdentityData - creation: BlockchainIdentityData(NONE, null, null, null, null, null)
17:00:15 [main] BlockchainIdentityData - creation: BlockchainIdentityData(NONE, null, null, null, null, null)
17:00:15 [main] BlockchainIdentityData - creation: BlockchainIdentityData(NONE, null, null, null, null, null)
17:00:32 [native-log-bridge] DashSdkNative - 09-19 12:00:07.204  4078  4560 I DashSDK : platform_wallet::changeset::core_bridge: wallet-event batch: folded=1 wallets=1 synced_height_persisted=Some(1556862) synced_height_frozen=None synced_height_rejected=None faulted=0
17:00:32 [native-log-bridge] DashSdkNative - 09-19 12:00:07.262  4078  4562 I DashSDK : platform_wallet::changeset::core_bridge: wallet-event batch: folded=1 wallets=1 synced_height_persisted=None synced_height_frozen=None synced_height_rejected=None faulted=0
17:00:50 [DefaultDispatcher-worker-3] BlockchainServiceImpl - network capabilities changed: 100, hasInternet: true, validated: true
17:00:50 [DefaultDispatcher-worker-3] BlockchainServiceImpl - acquiring check() mutex
17:00:50 [DefaultDispatcher-worker-3] BlockchainServiceImpl - check()
17:00:50 [DefaultDispatcher-worker-3] BlockchainServiceImpl - cutover committed — holding the dashj L1 engine; SDK owns L1 this launch
17:00:50 [DefaultDispatcher-worker-3] BlockchainServiceImpl - releasing check() mutex
17:00:50 [DefaultDispatcher-worker-4] BlockchainServiceImpl - network available: 100, hasInternet: true, validated: true, type: Cellular
17:00:50 [DefaultDispatcher-worker-4] BlockchainServiceImpl - acquiring check() mutex
17:00:50 [DefaultDispatcher-worker-4] BlockchainServiceImpl - check()
17:00:50 [DefaultDispatcher-worker-4] BlockchainServiceImpl - cutover committed — holding the dashj L1 engine; SDK owns L1 this launch
17:00:50 [DefaultDispatcher-worker-4] BlockchainServiceImpl - releasing check() mutex
17:00:50 [main] BlockchainServiceImpl - cutover committed and SDK L1 scan synced — triggering identity/contacts discovery
17:00:50 [DefaultDispatcher-worker-5] BlockchainIdentityData - creation: BlockchainIdentityData(NONE, null, null, null, null, null)
17:00:50 [DefaultDispatcher-worker-5] PlatformSynchronizationService - discoverAndRecoverIdentity: checking for existing associated identity
17:00:50 [DefaultDispatcher-worker-5] SecurityGuard - loading security guard [healthy=true] with keys: [keystore_healthy, fallback_pin_wallet_password_key, primary_ui_pin_key, modern_encryption_migration_complete, fallback_mnemonic_wallet_password_key, primary_wallet_password_key, fallback_mnemonic_ui_pin_key]
17:00:50 [DefaultDispatcher-worker-5] ModernEncryptionProvider - Decrypted data for alias: wallet_password_key
17:00:50 [DefaultDispatcher-worker-5] KeyCrypterScrypt - Deriving key took 117.4 ms for N=65536, r=8, p=1.
17:00:50 [DefaultDispatcher-worker-5] DapiClient - getIdentityByFirstPublicKey(48ccf9a43eee96f92a0ca7f8dced9dc2630d05f2)
17:00:51 [DefaultDispatcher-worker-5] PlatformSynchronizationService - discoverAndRecoverIdentity: no existing identity found
17:00:51 [DefaultDispatcher-worker-5] PlatformSynchronizationService - identity-discovery guard released (no identity found) — a later discovery may run again
17:00:51 [DefaultDispatcher-worker-5] BlockchainServiceImpl - post-cutover identity discovery found nothing and the wallet has no identity — re-arming; next attempt no sooner than 120000 ms from now
17:00:51 [DefaultDispatcher-worker-3] PlatformSynchronizationService - TxMetadata settings: saveToNetwork=false frequency=afterTenTransactions saveAfter=9223372036854775807 paymentCategory=false taxCategory=false exchangeRates=false memos=false giftCards=false storedDocuments=0
17:00:56 [DefaultDispatcher-worker-10] BlockchainServiceImpl - network capabilities changed: 101, hasInternet: true, validated: true
17:00:56 [DefaultDispatcher-worker-10] BlockchainServiceImpl - acquiring check() mutex
17:00:56 [DefaultDispatcher-worker-10] BlockchainServiceImpl - check()
17:00:56 [DefaultDispatcher-worker-10] BlockchainServiceImpl - cutover committed — holding the dashj L1 engine; SDK owns L1 this launch
17:00:56 [DefaultDispatcher-worker-10] BlockchainServiceImpl - releasing check() mutex
17:00:59 [main] ExportCSVDialog - invoked chooser for exporting transaction history
17:00:59 [main] WalletActivityTracker - activity lifecycle: current: MainActivity, activities: 1 visible: 1 foreground: 0
17:00:59 [DefaultDispatcher-worker-2] BlockchainServiceImpl - network capabilities changed: 101, hasInternet: true, validated: true
17:00:59 [DefaultDispatcher-worker-1] BlockchainServiceImpl - acquiring check() mutex
17:00:59 [DefaultDispatcher-worker-1] BlockchainServiceImpl - check()
17:00:59 [DefaultDispatcher-worker-1] BlockchainServiceImpl - cutover committed — holding the dashj L1 engine; SDK owns L1 this launch
17:00:59 [DefaultDispatcher-worker-1] BlockchainServiceImpl - releasing check() mutex
17:01:00 [main] BlockchainServiceImpl - MEM pss=312MB nativeHeap=170/193MB jvm=27/576MB
17:01:00 [main] BlockchainServiceImpl - History of transactions/blocks/headers/mnlistdiff (sdk): 0/1/1/1, 0/0/0/0, 0/1/1/1, 2/1/1/1, 0/0/0/0, 0/0/0/0, 0/0/0/0, 0/1/1/1, 0/0/0/0
17:01:25 [main] WalletActivityTracker - activity lifecycle: current: MainActivity, activities: 1 visible: 1 foreground: 1
17:01:25 [main] BlockchainServiceImpl - .onStartCommand(Intent { act=de.schildbach.wallet.service.cancel_coins_received cmp=hashengineering.darkcoin.wallet_test/de.schildbach.wallet.service.BlockchainServiceImpl })
17:01:25 [DefaultDispatcher-worker-11] BlockchainServiceImpl - onStartCommand waiting for onCreate to complete...
17:01:25 [DefaultDispatcher-worker-11] BlockchainServiceImpl - onCreate completed, processing onStartCommand
17:01:25 [DefaultDispatcher-worker-11] BLSJniLibrary - Initializing BLS JNI Library
17:01:25 [DefaultDispatcher-worker-11] BlockchainServiceImpl - service start command: Intent { act=de.schildbach.wallet.service.cancel_coins_received cmp=hashengineering.darkcoin.wallet_test/de.schildbach.wallet.service.BlockchainServiceImpl }
17:01:25 [DefaultDispatcher-worker-11] BlockchainServiceImpl - .onStartCommand(Intent { act=de.schildbach.wallet.service.cancel_coins_received cmp=hashengineering.darkcoin.wallet_test/de.schildbach.wallet.service.BlockchainServiceImpl }) finished
17:01:25 [main] DeviceInfoProvider - Detecting currency based on device, mobile network or locale:
17:01:25 [main] DeviceInfoProvider - Device Sim Country: us
17:01:25 [main] MainViewModel - Updating currency exchange rate based on country: US
17:01:29 [main] WalletTransactionsFragment - STARTUP WalletTransactionsFragment.onViewCreated at 1789837289524
17:01:29 [main] HistoryHeaderAdapter - set invite, synced = true
17:01:29 [main] WalletTransactionsFragment - STARTUP submitData called on thread=main at 1789837289524
17:01:29 [DefaultDispatcher-worker-3] BLSJniLibrary - Initializing BLS JNI Library
17:01:29 [main] HistoryHeaderAdapter - set invite = null
17:01:29 [main] HistoryHeaderAdapter - set invite, synced = true
17:01:29 [main] WalletFragment - most recent transaction: aa659fc9ab82b67a6741e3e88db4fa1e3ef45de3360d33a77e9b0db872854ccc
17:01:29 [main] WalletTransactionsFragment - STARTUP swapping to live adapter: 3 items at 1789837289541
17:01:31 [main] WalletActivityTracker - activity lifecycle: current: MainActivity, activities: 1 visible: 1 foreground: 0
17:01:31 [main] WalletActivityTracker - activity lifecycle: activity SendCoinsActivity created
17:01:31 [main] WalletActivityTracker - activity lifecycle: current: SendCoinsActivity, activities: 2 visible: 1 foreground: 0
17:01:31 [main] SecurityGuard - loading security guard [healthy=true] with keys: [keystore_healthy, fallback_pin_wallet_password_key, primary_ui_pin_key, modern_encryption_migration_complete, fallback_mnemonic_wallet_password_key, primary_wallet_password_key, fallback_mnemonic_ui_pin_key]
17:01:31 [main] SecurityGuard - loading security guard [healthy=true] with keys: [keystore_healthy, fallback_pin_wallet_password_key, primary_ui_pin_key, modern_encryption_migration_complete, fallback_mnemonic_wallet_password_key, primary_wallet_password_key, fallback_mnemonic_ui_pin_key]
17:01:31 [main] ModernEncryptionProvider - Decrypted data for alias: wallet_password_key
17:01:32 [main] ModernEncryptionProvider - Decrypted data for alias: ui_pin_key
17:01:32 [main] DashPaymentIntentParser - network parameters = org.darkcoin.test
17:01:32 [main] WalletActivityTracker - activity lifecycle: current: SendCoinsActivity, activities: 2 visible: 2 foreground: 0
17:01:32 [main] SecurityGuard - loading security guard [healthy=true] with keys: [keystore_healthy, fallback_pin_wallet_password_key, primary_ui_pin_key, modern_encryption_migration_complete, fallback_mnemonic_wallet_password_key, primary_wallet_password_key, fallback_mnemonic_ui_pin_key]
17:01:32 [main] SecurityGuard - loading security guard [healthy=true] with keys: [keystore_healthy, fallback_pin_wallet_password_key, primary_ui_pin_key, modern_encryption_migration_complete, fallback_mnemonic_wallet_password_key, primary_wallet_password_key, fallback_mnemonic_ui_pin_key]
17:01:32 [main] LockScreenActivity - show lock screen false = ![keepUnlocked=true] && autologout=true && (keepUnlockedUntilPenEntered=false || shouldLogout=false) || isHealthy=true
17:01:32 [main] WalletActivityTracker - activity lifecycle: current: SendCoinsActivity, activities: 2 visible: 2 foreground: 1
17:01:32 [main] BlockchainServiceImpl - .onStartCommand(Intent { cmp=hashengineering.darkcoin.wallet_test/de.schildbach.wallet.service.BlockchainServiceImpl })
17:01:32 [DefaultDispatcher-worker-4] BlockchainServiceImpl - onStartCommand waiting for onCreate to complete...
17:01:32 [DefaultDispatcher-worker-4] BlockchainServiceImpl - onCreate completed, processing onStartCommand
17:01:32 [DefaultDispatcher-worker-4] BLSJniLibrary - Initializing BLS JNI Library
17:01:32 [DefaultDispatcher-worker-4] BlockchainServiceImpl - service start command: Intent { cmp=hashengineering.darkcoin.wallet_test/de.schildbach.wallet.service.BlockchainServiceImpl }
17:01:32 [DefaultDispatcher-worker-4] BlockchainServiceImpl - .onStartCommand(Intent { cmp=hashengineering.darkcoin.wallet_test/de.schildbach.wallet.service.BlockchainServiceImpl }) finished
17:01:32 [main] DashPaymentIntentParser - network parameters = org.darkcoin.test
17:01:32 [main] SendCoinsViewModel - got PaymentIntent[BIP21,[Output[null,Xg6ZyruE7ZZkebLDvRPwgrPzTC6AtJiYzN]],null]
17:01:32 [DefaultDispatcher-worker-8] BLSJniLibrary - Initializing BLS JNI Library
17:01:32 [DefaultDispatcher-worker-8] WalletBalanceObserver - process emit balance time: 0 ms, selector MaxOutputAmountCoinSelector
17:01:32 [DefaultDispatcher-worker-5] Constants - --> GET https://rates.ctx.com/rates?source=ctx
17:01:32 [main] AmountView - Exchange rate is not initialized
17:01:32 [main] AmountView - Exchange rate is not initialized
17:01:32 [main] SendCoinsFragment - enterAmountViewModel.blockContinue = true, viewModel.dryRunSuccessful.value = false
17:01:32 [main] SendCoinsFragment - enterAmountViewModel.blockContinue = true, viewModel.dryRunSuccessful.value = false
17:01:32 [main] BlockchainServiceImpl - .onStartCommand(Intent { cmp=hashengineering.darkcoin.wallet_test/de.schildbach.wallet.service.BlockchainServiceImpl })
17:01:32 [main] SendCoinsViewModel - proceeding with PaymentIntent[BIP21,[Output[null,Xg6ZyruE7ZZkebLDvRPwgrPzTC6AtJiYzN]],null]
17:01:32 [main] SendCoinsFragment - enterAmountViewModel.blockContinue = true, viewModel.dryRunSuccessful.value = false
17:01:32 [DefaultDispatcher-worker-9] BlockchainServiceImpl - onStartCommand waiting for onCreate to complete...
17:01:32 [DefaultDispatcher-worker-9] BlockchainServiceImpl - onCreate completed, processing onStartCommand
17:01:32 [DefaultDispatcher-worker-9] BLSJniLibrary - Initializing BLS JNI Library
17:01:32 [DefaultDispatcher-worker-9] BlockchainServiceImpl - service start command: Intent { cmp=hashengineering.darkcoin.wallet_test/de.schildbach.wallet.service.BlockchainServiceImpl }
17:01:32 [DefaultDispatcher-worker-9] BlockchainServiceImpl - .onStartCommand(Intent { cmp=hashengineering.darkcoin.wallet_test/de.schildbach.wallet.service.BlockchainServiceImpl }) finished
17:01:32 [DefaultDispatcher-worker-5] Constants - <-- 200 https://rates.ctx.com/rates?source=ctx (135ms, unknown-length body)
17:01:32 [DefaultDispatcher-worker-9] ExchangeRatesRepository - exchange rates updated successfully with de.schildbach.wallet.rates.DashRetailClient@8c522d9
17:01:32 [main] SendCoinsFragment - enterAmountViewModel.blockContinue = true, viewModel.dryRunSuccessful.value = false
17:01:32 [main] SendCoinsFragment - enterAmountViewModel.blockContinue = true, viewModel.dryRunSuccessful.value = false
17:01:32 [DefaultDispatcher-worker-9] ExchangeRatesRepository - updateTrigger
17:01:32 [main] SendCoinsFragment - enterAmountViewModel.blockContinue = true, viewModel.dryRunSuccessful.value = false
17:01:32 [main] WalletActivityTracker - activity lifecycle: current: MainActivity, activities: 2 visible: 1 foreground: 1
17:01:48 [DefaultDispatcher-worker-3] L1ShadowSyncService - L1 engine chainlock height 1556862 -> 1556863
17:01:48 [main] SendCoinsFragment - enterAmountViewModel.blockContinue = true, viewModel.dryRunSuccessful.value = false
17:01:48 [DefaultDispatcher-worker-1] MainViewModel - blockchain state update: mnlist=1556862; chain=1556862; wallet=-1
17:01:49 [DefaultDispatcher-worker-9] L1ShadowSyncService - L1Shadow phase=SYNCED 100.0% headers 1556863/1556863 filters 1556863/1556863 wallet 1556863
17:01:49 [DefaultDispatcher-worker-8] MainViewModel - blockchain state update: mnlist=1556863; chain=1556863; wallet=-1
17:01:49 [main] SendCoinsFragment - enterAmountViewModel.blockContinue = true, viewModel.dryRunSuccessful.value = false
17:01:49 [main] SendCoinsFragment - enterAmountViewModel.blockContinue = true, viewModel.dryRunSuccessful.value = false
17:01:57 [DefaultDispatcher-worker-6] SendCoinsViewModel - executeDryRun started
17:01:57 [DefaultDispatcher-worker-6] BLSJniLibrary - Initializing BLS JNI Library
17:01:57 [DefaultDispatcher-worker-6] BLSJniLibrary - Initializing BLS JNI Library
17:01:57 [DefaultDispatcher-worker-6] SendCoinsViewModel - executeDryRun finished (cutover-aware: SDK-overlaid affordability)
17:01:57 [main] SendCoinsFragment - enterAmountViewModel.blockContinue = false, viewModel.dryRunSuccessful.value = true
17:01:57 [DefaultDispatcher-worker-10] SendCoinsViewModel - executeDryRun started
17:01:57 [DefaultDispatcher-worker-10] BLSJniLibrary - Initializing BLS JNI Library
17:01:57 [DefaultDispatcher-worker-10] BLSJniLibrary - Initializing BLS JNI Library
17:01:57 [DefaultDispatcher-worker-10] SendCoinsViewModel - executeDryRun finished (cutover-aware: SDK-overlaid affordability)
17:01:57 [main] SendCoinsFragment - enterAmountViewModel.blockContinue = false, viewModel.dryRunSuccessful.value = true
17:01:58 [DefaultDispatcher-worker-11] SendCoinsViewModel - executeDryRun started
17:01:58 [DefaultDispatcher-worker-11] BLSJniLibrary - Initializing BLS JNI Library
17:01:58 [DefaultDispatcher-worker-11] BLSJniLibrary - Initializing BLS JNI Library
17:01:58 [DefaultDispatcher-worker-11] SendCoinsViewModel - executeDryRun finished (cutover-aware: SDK-overlaid affordability)
17:01:58 [main] SendCoinsFragment - enterAmountViewModel.blockContinue = false, viewModel.dryRunSuccessful.value = true
17:01:58 [DefaultDispatcher-worker-3] SendCoinsViewModel - executeDryRun started
17:01:58 [DefaultDispatcher-worker-3] BLSJniLibrary - Initializing BLS JNI Library
17:01:58 [DefaultDispatcher-worker-3] BLSJniLibrary - Initializing BLS JNI Library
17:01:58 [DefaultDispatcher-worker-4] SendCoinsViewModel - executeDryRun started
17:01:58 [DefaultDispatcher-worker-4] BLSJniLibrary - Initializing BLS JNI Library
17:01:58 [DefaultDispatcher-worker-4] BLSJniLibrary - Initializing BLS JNI Library
17:01:58 [DefaultDispatcher-worker-4] SendCoinsViewModel - executeDryRun finished (cutover-aware: SDK-overlaid affordability)
17:01:58 [main] SendCoinsFragment - enterAmountViewModel.blockContinue = false, viewModel.dryRunSuccessful.value = true
17:02:00 [main] BlockchainServiceImpl - MEM pss=308MB nativeHeap=171/193MB jvm=29/576MB
17:02:00 [main] BlockchainServiceImpl - History of transactions/blocks/headers/mnlistdiff (sdk): 0/1/1/1, 0/1/1/1, 0/0/0/0, 0/1/1/1, 2/1/1/1, 0/0/0/0, 0/0/0/0, 0/0/0/0, 0/1/1/1
17:02:02 [native-log-bridge] DashSdkNative - 09-19 12:01:48.885  4078  4561 I DashSDK : platform_wallet::changeset::core_bridge: wallet-event batch: folded=1 wallets=1 synced_height_persisted=Some(1556863) synced_height_frozen=None synced_height_rejected=None faulted=0
17:02:02 [native-log-bridge] DashSdkNative - 09-19 12:01:48.920  4078  4562 I DashSDK : platform_wallet::changeset::core_bridge: wallet-event batch: folded=1 wallets=1 synced_height_persisted=None synced_height_frozen=None synced_height_rejected=None faulted=0
17:02:09 [DefaultDispatcher-worker-7] BlockchainServiceImpl - network lost: 100, remaining networks: 1
17:02:20 [DefaultDispatcher-worker-7] SendCoinsViewModel - executeDryRun started
17:02:20 [DefaultDispatcher-worker-7] BLSJniLibrary - Initializing BLS JNI Library
17:02:20 [DefaultDispatcher-worker-7] BLSJniLibrary - Initializing BLS JNI Library
17:02:20 [DefaultDispatcher-worker-7] SendCoinsViewModel - executeDryRun finished (cutover-aware: SDK-overlaid affordability)
17:02:20 [main] SendCoinsFragment - enterAmountViewModel.blockContinue = false, viewModel.dryRunSuccessful.value = true
17:02:20 [DefaultDispatcher-worker-10] SendCoinsViewModel - executeDryRun started
17:02:20 [DefaultDispatcher-worker-10] BLSJniLibrary - Initializing BLS JNI Library
17:02:20 [DefaultDispatcher-worker-10] BLSJniLibrary - Initializing BLS JNI Library
17:02:20 [DefaultDispatcher-worker-10] SendCoinsViewModel - executeDryRun finished (cutover-aware: SDK-overlaid affordability)
17:02:20 [main] SendCoinsFragment - enterAmountViewModel.blockContinue = false, viewModel.dryRunSuccessful.value = true
17:02:20 [DefaultDispatcher-worker-2] SendCoinsViewModel - executeDryRun started
17:02:20 [DefaultDispatcher-worker-2] BLSJniLibrary - Initializing BLS JNI Library
17:02:20 [DefaultDispatcher-worker-2] BLSJniLibrary - Initializing BLS JNI Library
17:02:20 [DefaultDispatcher-worker-2] SendCoinsViewModel - executeDryRun finished (cutover-aware: SDK-overlaid affordability)
17:02:20 [main] SendCoinsFragment - enterAmountViewModel.blockContinue = false, viewModel.dryRunSuccessful.value = true
17:02:21 [DefaultDispatcher-worker-11] SendCoinsViewModel - executeDryRun started
17:02:21 [DefaultDispatcher-worker-11] BLSJniLibrary - Initializing BLS JNI Library
17:02:21 [DefaultDispatcher-worker-11] BLSJniLibrary - Initializing BLS JNI Library
17:02:21 [DefaultDispatcher-worker-11] SendCoinsViewModel - executeDryRun finished (cutover-aware: SDK-overlaid affordability)
17:02:21 [main] SendCoinsFragment - enterAmountViewModel.blockContinue = false, viewModel.dryRunSuccessful.value = true
17:02:21 [DefaultDispatcher-worker-5] SendCoinsViewModel - executeDryRun started
17:02:21 [DefaultDispatcher-worker-5] BLSJniLibrary - Initializing BLS JNI Library
17:02:21 [DefaultDispatcher-worker-5] BLSJniLibrary - Initializing BLS JNI Library
17:02:21 [DefaultDispatcher-worker-5] SendCoinsViewModel - executeDryRun finished (cutover-aware: SDK-overlaid affordability)
17:02:21 [main] SendCoinsFragment - enterAmountViewModel.blockContinue = false, viewModel.dryRunSuccessful.value = true
17:02:21 [DefaultDispatcher-worker-6] SendCoinsViewModel - executeDryRun started
17:02:21 [DefaultDispatcher-worker-6] BLSJniLibrary - Initializing BLS JNI Library
17:02:21 [DefaultDispatcher-worker-6] BLSJniLibrary - Initializing BLS JNI Library
17:02:21 [DefaultDispatcher-worker-6] SendCoinsViewModel - executeDryRun finished (cutover-aware: SDK-overlaid affordability)
17:02:21 [main] SendCoinsFragment - enterAmountViewModel.blockContinue = false, viewModel.dryRunSuccessful.value = true
17:02:22 [DefaultDispatcher-worker-3] SendCoinsViewModel - executeDryRun started
17:02:22 [DefaultDispatcher-worker-3] BLSJniLibrary - Initializing BLS JNI Library
17:02:22 [DefaultDispatcher-worker-3] BLSJniLibrary - Initializing BLS JNI Library
17:02:22 [DefaultDispatcher-worker-3] SendCoinsViewModel - executeDryRun finished (cutover-aware: SDK-overlaid affordability)
17:02:22 [main] SendCoinsFragment - enterAmountViewModel.blockContinue = false, viewModel.dryRunSuccessful.value = true
17:02:22 [main] SendCoinsFragment - enterAmountViewModel.blockContinue = true, viewModel.dryRunSuccessful.value = false
17:02:26 [DefaultDispatcher-worker-3] L1ShadowSyncService - L1 engine chainlock height 1556863 -> 1556864
17:02:26 [main] SendCoinsFragment - enterAmountViewModel.blockContinue = true, viewModel.dryRunSuccessful.value = false
17:02:26 [DefaultDispatcher-worker-2] MainViewModel - blockchain state update: mnlist=1556863; chain=1556863; wallet=-1
17:02:27 [DefaultDispatcher-worker-1] L1ShadowSyncService - L1Shadow phase=SYNCED 100.0% headers 1556864/1556864 filters 1556864/1556864 wallet 1556864
17:02:27 [DefaultDispatcher-worker-6] MainViewModel - blockchain state update: mnlist=1556863; chain=1556864; wallet=-1
17:02:27 [main] SendCoinsFragment - enterAmountViewModel.blockContinue = true, viewModel.dryRunSuccessful.value = false
17:02:27 [main] SendCoinsFragment - enterAmountViewModel.blockContinue = true, viewModel.dryRunSuccessful.value = false
17:02:27 [DefaultDispatcher-worker-1] BlockchainServiceImpl - network capabilities changed: 101, hasInternet: true, validated: true
17:02:27 [DefaultDispatcher-worker-1] BlockchainServiceImpl - acquiring check() mutex
17:02:27 [DefaultDispatcher-worker-1] BlockchainServiceImpl - check()
17:02:27 [DefaultDispatcher-worker-1] BlockchainServiceImpl - cutover committed — holding the dashj L1 engine; SDK owns L1 this launch
17:02:27 [DefaultDispatcher-worker-1] BlockchainServiceImpl - releasing check() mutex
17:02:27 [main] SendCoinsFragment - enterAmountViewModel.blockContinue = true, viewModel.dryRunSuccessful.value = false
17:02:30 [DefaultDispatcher-worker-3] BlockchainServiceImpl - network capabilities changed: 101, hasInternet: true, validated: true
17:02:30 [DefaultDispatcher-worker-3] BlockchainServiceImpl - acquiring check() mutex
17:02:30 [DefaultDispatcher-worker-3] BlockchainServiceImpl - check()
17:02:30 [DefaultDispatcher-worker-3] BlockchainServiceImpl - cutover committed — holding the dashj L1 engine; SDK owns L1 this launch
17:02:30 [DefaultDispatcher-worker-3] BlockchainServiceImpl - releasing check() mutex
17:02:30 [main] SendCoinsFragment - enterAmountViewModel.blockContinue = true, viewModel.dryRunSuccessful.value = false
17:02:31 [DefaultDispatcher-worker-3] SendCoinsViewModel - executeDryRun started
17:02:31 [DefaultDispatcher-worker-3] BLSJniLibrary - Initializing BLS JNI Library
17:02:31 [DefaultDispatcher-worker-3] BLSJniLibrary - Initializing BLS JNI Library
17:02:31 [DefaultDispatcher-worker-3] SendCoinsViewModel - executeDryRun finished (cutover-aware: SDK-overlaid affordability)
17:02:31 [main] SendCoinsFragment - enterAmountViewModel.blockContinue = false, viewModel.dryRunSuccessful.value = true
17:02:32 [DefaultDispatcher-worker-9] SendCoinsViewModel - executeDryRun started
17:02:32 [DefaultDispatcher-worker-9] BLSJniLibrary - Initializing BLS JNI Library
17:02:32 [DefaultDispatcher-worker-9] BLSJniLibrary - Initializing BLS JNI Library
17:02:32 [DefaultDispatcher-worker-9] SendCoinsViewModel - executeDryRun finished (cutover-aware: SDK-overlaid affordability)
17:02:32 [main] SendCoinsFragment - enterAmountViewModel.blockContinue = false, viewModel.dryRunSuccessful.value = true
17:02:32 [native-log-bridge] DashSdkNative - 09-19 12:02:26.467  4078  4562 I DashSDK : platform_wallet::changeset::core_bridge: wallet-event batch: folded=1 wallets=1 synced_height_persisted=Some(1556864) synced_height_frozen=None synced_height_rejected=None faulted=0
17:02:32 [native-log-bridge] DashSdkNative - 09-19 12:02:26.489  4078  4561 I DashSDK : platform_wallet::changeset::core_bridge: wallet-event batch: folded=1 wallets=1 synced_height_persisted=None synced_height_frozen=None synced_height_rejected=None faulted=0
17:02:33 [DefaultDispatcher-worker-6] SendCoinsViewModel - executeDryRun started
17:02:33 [DefaultDispatcher-worker-6] BLSJniLibrary - Initializing BLS JNI Library
17:02:33 [DefaultDispatcher-worker-6] BLSJniLibrary - Initializing BLS JNI Library
17:02:33 [DefaultDispatcher-worker-6] SendCoinsViewModel - executeDryRun finished (cutover-aware: SDK-overlaid affordability)
17:02:33 [main] SendCoinsFragment - enterAmountViewModel.blockContinue = false, viewModel.dryRunSuccessful.value = true
17:02:34 [DefaultDispatcher-worker-6] SendCoinsViewModel - executeDryRun started
17:02:34 [DefaultDispatcher-worker-6] BLSJniLibrary - Initializing BLS JNI Library
17:02:34 [DefaultDispatcher-worker-6] BLSJniLibrary - Initializing BLS JNI Library
17:02:34 [DefaultDispatcher-worker-10] SendCoinsViewModel - executeDryRun started
17:02:34 [DefaultDispatcher-worker-10] BLSJniLibrary - Initializing BLS JNI Library
17:02:34 [DefaultDispatcher-worker-10] BLSJniLibrary - Initializing BLS JNI Library
17:02:34 [DefaultDispatcher-worker-10] SendCoinsViewModel - executeDryRun finished (cutover-aware: SDK-overlaid affordability)
17:02:34 [main] SendCoinsFragment - enterAmountViewModel.blockContinue = false, viewModel.dryRunSuccessful.value = true
17:02:42 [DefaultDispatcher-worker-7] MainViewModel - blockchain state update: mnlist=1556864; chain=1556864; wallet=-1
17:02:42 [main] SendCoinsFragment - enterAmountViewModel.blockContinue = false, viewModel.dryRunSuccessful.value = true
17:03:00 [main] BlockchainServiceImpl - MEM pss=304MB nativeHeap=164/188MB jvm=23/576MB
17:03:00 [main] BlockchainServiceImpl - History of transactions/blocks/headers/mnlistdiff (sdk): 0/1/1/1, 0/1/1/1, 0/1/1/1, 0/0/0/0, 0/1/1/1, 2/1/1/1, 0/0/0/0, 0/0/0/0, 0/0/0/0
17:03:00 [main] BlockchainServiceImpl - MEM pss=304MB nativeHeap=164/188MB jvm=23/576MB
17:03:00 [main] BlockchainServiceImpl - History of transactions/blocks/headers/mnlistdiff (sdk): 0/0/0/0, 0/1/1/1, 0/1/1/1, 0/1/1/1, 0/0/0/0, 0/1/1/1, 2/1/1/1, 0/0/0/0, 0/0/0/0
17:03:00 [DefaultDispatcher-worker-3] SendCoinsViewModel - executeDryRun started
17:03:00 [DefaultDispatcher-worker-3] BLSJniLibrary - Initializing BLS JNI Library
17:03:00 [DefaultDispatcher-worker-3] BLSJniLibrary - Initializing BLS JNI Library
17:03:00 [DefaultDispatcher-worker-3] SendCoinsViewModel - executeDryRun finished (cutover-aware: SDK-overlaid affordability)
17:03:00 [main] SendCoinsFragment - enterAmountViewModel.blockContinue = false, viewModel.dryRunSuccessful.value = true
17:03:00 [DefaultDispatcher-worker-5] SendCoinsViewModel - executeDryRun started
17:03:00 [DefaultDispatcher-worker-5] BLSJniLibrary - Initializing BLS JNI Library
17:03:00 [DefaultDispatcher-worker-5] BLSJniLibrary - Initializing BLS JNI Library
17:03:00 [DefaultDispatcher-worker-5] SendCoinsViewModel - executeDryRun finished (cutover-aware: SDK-overlaid affordability)
17:03:00 [main] SendCoinsFragment - enterAmountViewModel.blockContinue = false, viewModel.dryRunSuccessful.value = true
17:03:00 [DefaultDispatcher-worker-4] SendCoinsViewModel - executeDryRun started
17:03:00 [DefaultDispatcher-worker-4] BLSJniLibrary - Initializing BLS JNI Library
17:03:00 [DefaultDispatcher-worker-4] BLSJniLibrary - Initializing BLS JNI Library
17:03:00 [DefaultDispatcher-worker-4] SendCoinsViewModel - executeDryRun finished (cutover-aware: SDK-overlaid affordability)
17:03:00 [main] SendCoinsFragment - enterAmountViewModel.blockContinue = false, viewModel.dryRunSuccessful.value = true
17:03:01 [DefaultDispatcher-worker-4] SendCoinsViewModel - executeDryRun started
17:03:01 [DefaultDispatcher-worker-4] BLSJniLibrary - Initializing BLS JNI Library
17:03:01 [DefaultDispatcher-worker-4] BLSJniLibrary - Initializing BLS JNI Library
17:03:01 [DefaultDispatcher-worker-4] SendCoinsViewModel - executeDryRun finished (cutover-aware: SDK-overlaid affordability)
17:03:01 [main] SendCoinsFragment - enterAmountViewModel.blockContinue = false, viewModel.dryRunSuccessful.value = true
17:03:01 [DefaultDispatcher-worker-9] SendCoinsViewModel - executeDryRun started
17:03:01 [DefaultDispatcher-worker-9] BLSJniLibrary - Initializing BLS JNI Library
17:03:01 [DefaultDispatcher-worker-9] BLSJniLibrary - Initializing BLS JNI Library
17:03:01 [DefaultDispatcher-worker-9] SendCoinsViewModel - executeDryRun finished (cutover-aware: SDK-overlaid affordability)
17:03:01 [main] SendCoinsFragment - enterAmountViewModel.blockContinue = false, viewModel.dryRunSuccessful.value = true
17:03:01 [DefaultDispatcher-worker-2] SendCoinsViewModel - executeDryRun started
17:03:01 [DefaultDispatcher-worker-2] BLSJniLibrary - Initializing BLS JNI Library
17:03:01 [DefaultDispatcher-worker-2] BLSJniLibrary - Initializing BLS JNI Library
17:03:01 [DefaultDispatcher-worker-2] SendCoinsViewModel - executeDryRun finished (cutover-aware: SDK-overlaid affordability)
17:03:01 [main] SendCoinsFragment - enterAmountViewModel.blockContinue = false, viewModel.dryRunSuccessful.value = true
17:03:01 [DefaultDispatcher-worker-11] SendCoinsViewModel - executeDryRun started
17:03:01 [DefaultDispatcher-worker-11] BLSJniLibrary - Initializing BLS JNI Library
17:03:01 [DefaultDispatcher-worker-11] BLSJniLibrary - Initializing BLS JNI Library
17:03:01 [DefaultDispatcher-worker-11] SendCoinsViewModel - executeDryRun finished (cutover-aware: SDK-overlaid affordability)
17:03:01 [main] SendCoinsFragment - enterAmountViewModel.blockContinue = false, viewModel.dryRunSuccessful.value = true
17:03:02 [main] SendCoinsFragment - enterAmountViewModel.blockContinue = true, viewModel.dryRunSuccessful.value = false
17:03:08 [DefaultDispatcher-worker-2] SendCoinsViewModel - executeDryRun started
17:03:08 [DefaultDispatcher-worker-2] BLSJniLibrary - Initializing BLS JNI Library
17:03:08 [DefaultDispatcher-worker-2] BLSJniLibrary - Initializing BLS JNI Library
17:03:08 [DefaultDispatcher-worker-2] SendCoinsViewModel - executeDryRun finished (cutover-aware: SDK-overlaid affordability)
17:03:08 [main] SendCoinsFragment - enterAmountViewModel.blockContinue = false, viewModel.dryRunSuccessful.value = true
17:03:09 [DefaultDispatcher-worker-2] SendCoinsViewModel - executeDryRun started
17:03:09 [DefaultDispatcher-worker-2] BLSJniLibrary - Initializing BLS JNI Library
17:03:09 [DefaultDispatcher-worker-2] BLSJniLibrary - Initializing BLS JNI Library
17:03:09 [main] SendCoinsFragment - dryRunException:
org.bitcoinj.core.InsufficientMoneyException: Insufficient money,  missing 0.00010226 DASH
	at de.schildbach.wallet.ui.send.SendCoinsViewModel.executeDryrun(SendCoinsViewModel.kt:523)
	at de.schildbach.wallet.ui.send.SendCoinsViewModel.access$executeDryrun(SendCoinsViewModel.kt:77)
	at de.schildbach.wallet.ui.send.SendCoinsViewModel$3$1.invokeSuspend(SendCoinsViewModel.kt:195)
	at kotlin.coroutines.jvm.internal.BaseContinuationImpl.resumeWith(ContinuationImpl.kt:33)
	at kotlinx.coroutines.DispatchedTask.run(DispatchedTask.kt:100)
	at kotlinx.coroutines.internal.LimitedDispatcher$Worker.run(LimitedDispatcher.kt:124)
	at kotlinx.coroutines.scheduling.TaskImpl.run(Tasks.kt:89)
	at kotlinx.coroutines.scheduling.CoroutineScheduler.runSafely(CoroutineScheduler.kt:586)
	at kotlinx.coroutines.scheduling.CoroutineScheduler$Worker.executeTask(CoroutineScheduler.kt:820)
	at kotlinx.coroutines.scheduling.CoroutineScheduler$Worker.runWorker(CoroutineScheduler.kt:717)
	at kotlinx.coroutines.scheduling.CoroutineScheduler$Worker.run(CoroutineScheduler.kt:704)
17:03:09 [main] SendCoinsFragment - enterAmountViewModel.blockContinue = true, viewModel.dryRunSuccessful.value = false
17:03:10 [DefaultDispatcher-worker-2] SendCoinsViewModel - executeDryRun started
17:03:10 [DefaultDispatcher-worker-2] BLSJniLibrary - Initializing BLS JNI Library
17:03:10 [DefaultDispatcher-worker-2] BLSJniLibrary - Initializing BLS JNI Library
17:03:10 [main] SendCoinsFragment - dryRunException:
org.bitcoinj.core.InsufficientMoneyException: Insufficient money,  missing 0.00910226 DASH
	at de.schildbach.wallet.ui.send.SendCoinsViewModel.executeDryrun(SendCoinsViewModel.kt:523)
	at de.schildbach.wallet.ui.send.SendCoinsViewModel.access$executeDryrun(SendCoinsViewModel.kt:77)
	at de.schildbach.wallet.ui.send.SendCoinsViewModel$3$1.invokeSuspend(SendCoinsViewModel.kt:195)
	at kotlin.coroutines.jvm.internal.BaseContinuationImpl.resumeWith(ContinuationImpl.kt:33)
	at kotlinx.coroutines.DispatchedTask.run(DispatchedTask.kt:100)
	at kotlinx.coroutines.internal.LimitedDispatcher$Worker.run(LimitedDispatcher.kt:124)
	at kotlinx.coroutines.scheduling.TaskImpl.run(Tasks.kt:89)
	at kotlinx.coroutines.scheduling.CoroutineScheduler.runSafely(CoroutineScheduler.kt:586)
	at kotlinx.coroutines.scheduling.CoroutineScheduler$Worker.executeTask(CoroutineScheduler.kt:820)
	at kotlinx.coroutines.scheduling.CoroutineScheduler$Worker.runWorker(CoroutineScheduler.kt:717)
	at kotlinx.coroutines.scheduling.CoroutineScheduler$Worker.run(CoroutineScheduler.kt:704)
17:03:10 [main] SendCoinsFragment - enterAmountViewModel.blockContinue = true, viewModel.dryRunSuccessful.value = false
17:03:11 [DefaultDispatcher-worker-6] SendCoinsViewModel - executeDryRun started
17:03:11 [DefaultDispatcher-worker-6] BLSJniLibrary - Initializing BLS JNI Library
17:03:11 [DefaultDispatcher-worker-6] BLSJniLibrary - Initializing BLS JNI Library
17:03:11 [main] SendCoinsFragment - dryRunException:
org.bitcoinj.core.InsufficientMoneyException: Insufficient money,  missing 0.01000226 DASH
	at de.schildbach.wallet.ui.send.SendCoinsViewModel.executeDryrun(SendCoinsViewModel.kt:523)
	at de.schildbach.wallet.ui.send.SendCoinsViewModel.access$executeDryrun(SendCoinsViewModel.kt:77)
	at de.schildbach.wallet.ui.send.SendCoinsViewModel$3$1.invokeSuspend(SendCoinsViewModel.kt:195)
	at kotlin.coroutines.jvm.internal.BaseContinuationImpl.resumeWith(ContinuationImpl.kt:33)
	at kotlinx.coroutines.DispatchedTask.run(DispatchedTask.kt:100)
	at kotlinx.coroutines.internal.LimitedDispatcher$Worker.run(LimitedDispatcher.kt:124)
	at kotlinx.coroutines.scheduling.TaskImpl.run(Tasks.kt:89)
	at kotlinx.coroutines.scheduling.CoroutineScheduler.runSafely(CoroutineScheduler.kt:586)
	at kotlinx.coroutines.scheduling.CoroutineScheduler$Worker.executeTask(CoroutineScheduler.kt:820)
	at kotlinx.coroutines.scheduling.CoroutineScheduler$Worker.runWorker(CoroutineScheduler.kt:717)
	at kotlinx.coroutines.scheduling.CoroutineScheduler$Worker.run(CoroutineScheduler.kt:704)
17:03:11 [main] SendCoinsFragment - enterAmountViewModel.blockContinue = true, viewModel.dryRunSuccessful.value = false
17:03:12 [DefaultDispatcher-worker-9] SendCoinsViewModel - executeDryRun started
17:03:12 [DefaultDispatcher-worker-9] BLSJniLibrary - Initializing BLS JNI Library
17:03:12 [DefaultDispatcher-worker-9] BLSJniLibrary - Initializing BLS JNI Library
17:03:12 [main] SendCoinsFragment - dryRunException:
org.bitcoinj.core.InsufficientMoneyException: Insufficient money,  missing 0.01009226 DASH
	at de.schildbach.wallet.ui.send.SendCoinsViewModel.executeDryrun(SendCoinsViewModel.kt:523)
	at de.schildbach.wallet.ui.send.SendCoinsViewModel.access$executeDryrun(SendCoinsViewModel.kt:77)
	at de.schildbach.wallet.ui.send.SendCoinsViewModel$3$1.invokeSuspend(SendCoinsViewModel.kt:195)
	at kotlin.coroutines.jvm.internal.BaseContinuationImpl.resumeWith(ContinuationImpl.kt:33)
	at kotlinx.coroutines.DispatchedTask.run(DispatchedTask.kt:100)
	at kotlinx.coroutines.internal.LimitedDispatcher$Worker.run(LimitedDispatcher.kt:124)
	at kotlinx.coroutines.scheduling.TaskImpl.run(Tasks.kt:89)
	at kotlinx.coroutines.scheduling.CoroutineScheduler.runSafely(CoroutineScheduler.kt:586)
	at kotlinx.coroutines.scheduling.CoroutineScheduler$Worker.executeTask(CoroutineScheduler.kt:820)
	at kotlinx.coroutines.scheduling.CoroutineScheduler$Worker.runWorker(CoroutineScheduler.kt:717)
	at kotlinx.coroutines.scheduling.CoroutineScheduler$Worker.run(CoroutineScheduler.kt:704)
17:03:12 [main] SendCoinsFragment - enterAmountViewModel.blockContinue = true, viewModel.dryRunSuccessful.value = false
17:03:13 [DefaultDispatcher-worker-6] SendCoinsViewModel - executeDryRun started
17:03:13 [DefaultDispatcher-worker-6] BLSJniLibrary - Initializing BLS JNI Library
17:03:13 [DefaultDispatcher-worker-6] BLSJniLibrary - Initializing BLS JNI Library
17:03:13 [main] SendCoinsFragment - dryRunException:
org.bitcoinj.core.InsufficientMoneyException: Insufficient money,  missing 0.01010126 DASH
	at de.schildbach.wallet.ui.send.SendCoinsViewModel.executeDryrun(SendCoinsViewModel.kt:523)
	at de.schildbach.wallet.ui.send.SendCoinsViewModel.access$executeDryrun(SendCoinsViewModel.kt:77)
	at de.schildbach.wallet.ui.send.SendCoinsViewModel$3$1.invokeSuspend(SendCoinsViewModel.kt:195)
	at kotlin.coroutines.jvm.internal.BaseContinuationImpl.resumeWith(ContinuationImpl.kt:33)
	at kotlinx.coroutines.DispatchedTask.run(DispatchedTask.kt:100)
	at kotlinx.coroutines.internal.LimitedDispatcher$Worker.run(LimitedDispatcher.kt:124)
	at kotlinx.coroutines.scheduling.TaskImpl.run(Tasks.kt:89)
	at kotlinx.coroutines.scheduling.CoroutineScheduler.runSafely(CoroutineScheduler.kt:586)
	at kotlinx.coroutines.scheduling.CoroutineScheduler$Worker.executeTask(CoroutineScheduler.kt:820)
	at kotlinx.coroutines.scheduling.CoroutineScheduler$Worker.runWorker(CoroutineScheduler.kt:717)
	at kotlinx.coroutines.scheduling.CoroutineScheduler$Worker.run(CoroutineScheduler.kt:704)
17:03:13 [main] SendCoinsFragment - enterAmountViewModel.blockContinue = true, viewModel.dryRunSuccessful.value = false
17:03:14 [DefaultDispatcher-worker-8] SendCoinsViewModel - executeDryRun started
17:03:14 [DefaultDispatcher-worker-8] BLSJniLibrary - Initializing BLS JNI Library
17:03:14 [DefaultDispatcher-worker-8] BLSJniLibrary - Initializing BLS JNI Library
17:03:14 [main] SendCoinsFragment - dryRunException:
org.bitcoinj.core.InsufficientMoneyException: Insufficient money,  missing 0.01010216 DASH
	at de.schildbach.wallet.ui.send.SendCoinsViewModel.executeDryrun(SendCoinsViewModel.kt:523)
	at de.schildbach.wallet.ui.send.SendCoinsViewModel.access$executeDryrun(SendCoinsViewModel.kt:77)
	at de.schildbach.wallet.ui.send.SendCoinsViewModel$3$1.invokeSuspend(SendCoinsViewModel.kt:195)
	at kotlin.coroutines.jvm.internal.BaseContinuationImpl.resumeWith(ContinuationImpl.kt:33)
	at kotlinx.coroutines.DispatchedTask.run(DispatchedTask.kt:100)
	at kotlinx.coroutines.internal.LimitedDispatcher$Worker.run(LimitedDispatcher.kt:124)
	at kotlinx.coroutines.scheduling.TaskImpl.run(Tasks.kt:89)
	at kotlinx.coroutines.scheduling.CoroutineScheduler.runSafely(CoroutineScheduler.kt:586)
	at kotlinx.coroutines.scheduling.CoroutineScheduler$Worker.executeTask(CoroutineScheduler.kt:820)
	at kotlinx.coroutines.scheduling.CoroutineScheduler$Worker.runWorker(CoroutineScheduler.kt:717)
	at kotlinx.coroutines.scheduling.CoroutineScheduler$Worker.run(CoroutineScheduler.kt:704)
17:03:14 [main] SendCoinsFragment - enterAmountViewModel.blockContinue = true, viewModel.dryRunSuccessful.value = false
17:03:15 [DefaultDispatcher-worker-4] SendCoinsViewModel - executeDryRun started
17:03:15 [DefaultDispatcher-worker-4] BLSJniLibrary - Initializing BLS JNI Library
17:03:15 [DefaultDispatcher-worker-4] BLSJniLibrary - Initializing BLS JNI Library
17:03:15 [main] SendCoinsFragment - dryRunException:
org.bitcoinj.core.InsufficientMoneyException: Insufficient money,  missing 0.01010225 DASH
	at de.schildbach.wallet.ui.send.SendCoinsViewModel.executeDryrun(SendCoinsViewModel.kt:523)
	at de.schildbach.wallet.ui.send.SendCoinsViewModel.access$executeDryrun(SendCoinsViewModel.kt:77)
	at de.schildbach.wallet.ui.send.SendCoinsViewModel$3$1.invokeSuspend(SendCoinsViewModel.kt:195)
	at kotlin.coroutines.jvm.internal.BaseContinuationImpl.resumeWith(ContinuationImpl.kt:33)
	at kotlinx.coroutines.DispatchedTask.run(DispatchedTask.kt:100)
	at kotlinx.coroutines.internal.LimitedDispatcher$Worker.run(LimitedDispatcher.kt:124)
	at kotlinx.coroutines.scheduling.TaskImpl.run(Tasks.kt:89)
	at kotlinx.coroutines.scheduling.CoroutineScheduler.runSafely(CoroutineScheduler.kt:586)
	at kotlinx.coroutines.scheduling.CoroutineScheduler$Worker.executeTask(CoroutineScheduler.kt:820)
	at kotlinx.coroutines.scheduling.CoroutineScheduler$Worker.runWorker(CoroutineScheduler.kt:717)
	at kotlinx.coroutines.scheduling.CoroutineScheduler$Worker.run(CoroutineScheduler.kt:704)
17:03:15 [main] SendCoinsFragment - enterAmountViewModel.blockContinue = true, viewModel.dryRunSuccessful.value = false
17:03:21 [DefaultDispatcher-worker-11] SendCoinsViewModel - executeDryRun started
17:03:21 [DefaultDispatcher-worker-11] BLSJniLibrary - Initializing BLS JNI Library
17:03:21 [DefaultDispatcher-worker-11] BLSJniLibrary - Initializing BLS JNI Library
17:03:21 [main] SendCoinsFragment - dryRunException:
org.bitcoinj.core.InsufficientMoneyException: Insufficient money,  missing 0.01010216 DASH
	at de.schildbach.wallet.ui.send.SendCoinsViewModel.executeDryrun(SendCoinsViewModel.kt:523)
	at de.schildbach.wallet.ui.send.SendCoinsViewModel.access$executeDryrun(SendCoinsViewModel.kt:77)
	at de.schildbach.wallet.ui.send.SendCoinsViewModel$3$1.invokeSuspend(SendCoinsViewModel.kt:195)
	at kotlin.coroutines.jvm.internal.BaseContinuationImpl.resumeWith(ContinuationImpl.kt:33)
	at kotlinx.coroutines.DispatchedTask.run(DispatchedTask.kt:100)
	at kotlinx.coroutines.internal.LimitedDispatcher$Worker.run(LimitedDispatcher.kt:124)
	at kotlinx.coroutines.scheduling.TaskImpl.run(Tasks.kt:89)
	at kotlinx.coroutines.scheduling.CoroutineScheduler.runSafely(CoroutineScheduler.kt:586)
	at kotlinx.coroutines.scheduling.CoroutineScheduler$Worker.executeTask(CoroutineScheduler.kt:820)
	at kotlinx.coroutines.scheduling.CoroutineScheduler$Worker.runWorker(CoroutineScheduler.kt:717)
	at kotlinx.coroutines.scheduling.CoroutineScheduler$Worker.run(CoroutineScheduler.kt:704)
17:03:21 [main] SendCoinsFragment - enterAmountViewModel.blockContinue = true, viewModel.dryRunSuccessful.value = false
17:03:22 [DefaultDispatcher-worker-6] SendCoinsViewModel - executeDryRun started
17:03:22 [DefaultDispatcher-worker-6] BLSJniLibrary - Initializing BLS JNI Library
17:03:22 [DefaultDispatcher-worker-6] BLSJniLibrary - Initializing BLS JNI Library
17:03:22 [main] SendCoinsFragment - dryRunException:
org.bitcoinj.core.InsufficientMoneyException: Insufficient money,  missing 0.01010126 DASH
	at de.schildbach.wallet.ui.send.SendCoinsViewModel.executeDryrun(SendCoinsViewModel.kt:523)
	at de.schildbach.wallet.ui.send.SendCoinsViewModel.access$executeDryrun(SendCoinsViewModel.kt:77)
	at de.schildbach.wallet.ui.send.SendCoinsViewModel$3$1.invokeSuspend(SendCoinsViewModel.kt:195)
	at kotlin.coroutines.jvm.internal.BaseContinuationImpl.resumeWith(ContinuationImpl.kt:33)
	at kotlinx.coroutines.DispatchedTask.run(DispatchedTask.kt:100)
	at kotlinx.coroutines.internal.LimitedDispatcher$Worker.run(LimitedDispatcher.kt:124)
	at kotlinx.coroutines.scheduling.TaskImpl.run(Tasks.kt:89)
	at kotlinx.coroutines.scheduling.CoroutineScheduler.runSafely(CoroutineScheduler.kt:586)
	at kotlinx.coroutines.scheduling.CoroutineScheduler$Worker.executeTask(CoroutineScheduler.kt:820)
	at kotlinx.coroutines.scheduling.CoroutineScheduler$Worker.runWorker(CoroutineScheduler.kt:717)
	at kotlinx.coroutines.scheduling.CoroutineScheduler$Worker.run(CoroutineScheduler.kt:704)
17:03:22 [main] SendCoinsFragment - enterAmountViewModel.blockContinue = true, viewModel.dryRunSuccessful.value = false
17:03:22 [DefaultDispatcher-worker-9] SendCoinsViewModel - executeDryRun started
17:03:22 [DefaultDispatcher-worker-9] BLSJniLibrary - Initializing BLS JNI Library
17:03:22 [DefaultDispatcher-worker-9] BLSJniLibrary - Initializing BLS JNI Library
17:03:22 [main] SendCoinsFragment - dryRunException:
org.bitcoinj.core.InsufficientMoneyException: Insufficient money,  missing 0.01009226 DASH
	at de.schildbach.wallet.ui.send.SendCoinsViewModel.executeDryrun(SendCoinsViewModel.kt:523)
	at de.schildbach.wallet.ui.send.SendCoinsViewModel.access$executeDryrun(SendCoinsViewModel.kt:77)
	at de.schildbach.wallet.ui.send.SendCoinsViewModel$3$1.invokeSuspend(SendCoinsViewModel.kt:195)
	at kotlin.coroutines.jvm.internal.BaseContinuationImpl.resumeWith(ContinuationImpl.kt:33)
	at kotlinx.coroutines.DispatchedTask.run(DispatchedTask.kt:100)
	at kotlinx.coroutines.internal.LimitedDispatcher$Worker.run(LimitedDispatcher.kt:124)
	at kotlinx.coroutines.scheduling.TaskImpl.run(Tasks.kt:89)
	at kotlinx.coroutines.scheduling.CoroutineScheduler.runSafely(CoroutineScheduler.kt:586)
	at kotlinx.coroutines.scheduling.CoroutineScheduler$Worker.executeTask(CoroutineScheduler.kt:820)
	at kotlinx.coroutines.scheduling.CoroutineScheduler$Worker.runWorker(CoroutineScheduler.kt:717)
	at kotlinx.coroutines.scheduling.CoroutineScheduler$Worker.run(CoroutineScheduler.kt:704)
17:03:22 [main] SendCoinsFragment - enterAmountViewModel.blockContinue = true, viewModel.dryRunSuccessful.value = false
17:03:22 [DefaultDispatcher-worker-6] SendCoinsViewModel - executeDryRun started
17:03:22 [DefaultDispatcher-worker-6] BLSJniLibrary - Initializing BLS JNI Library
17:03:22 [DefaultDispatcher-worker-6] BLSJniLibrary - Initializing BLS JNI Library
17:03:22 [main] SendCoinsFragment - dryRunException:
org.bitcoinj.core.InsufficientMoneyException: Insufficient money,  missing 0.01000226 DASH
	at de.schildbach.wallet.ui.send.SendCoinsViewModel.executeDryrun(SendCoinsViewModel.kt:523)
	at de.schildbach.wallet.ui.send.SendCoinsViewModel.access$executeDryrun(SendCoinsViewModel.kt:77)
	at de.schildbach.wallet.ui.send.SendCoinsViewModel$3$1.invokeSuspend(SendCoinsViewModel.kt:195)
	at kotlin.coroutines.jvm.internal.BaseContinuationImpl.resumeWith(ContinuationImpl.kt:33)
	at kotlinx.coroutines.DispatchedTask.run(DispatchedTask.kt:100)
	at kotlinx.coroutines.internal.LimitedDispatcher$Worker.run(LimitedDispatcher.kt:124)
	at kotlinx.coroutines.scheduling.TaskImpl.run(Tasks.kt:89)
	at kotlinx.coroutines.scheduling.CoroutineScheduler.runSafely(CoroutineScheduler.kt:586)
	at kotlinx.coroutines.scheduling.CoroutineScheduler$Worker.executeTask(CoroutineScheduler.kt:820)
	at kotlinx.coroutines.scheduling.CoroutineScheduler$Worker.runWorker(CoroutineScheduler.kt:717)
	at kotlinx.coroutines.scheduling.CoroutineScheduler$Worker.run(CoroutineScheduler.kt:704)
17:03:22 [main] SendCoinsFragment - enterAmountViewModel.blockContinue = true, viewModel.dryRunSuccessful.value = false
17:03:22 [DefaultDispatcher-worker-2] SendCoinsViewModel - executeDryRun started
17:03:22 [DefaultDispatcher-worker-2] BLSJniLibrary - Initializing BLS JNI Library
17:03:22 [DefaultDispatcher-worker-2] BLSJniLibrary - Initializing BLS JNI Library
17:03:22 [main] SendCoinsFragment - dryRunException:
org.bitcoinj.core.InsufficientMoneyException: Insufficient money,  missing 0.00910226 DASH
	at de.schildbach.wallet.ui.send.SendCoinsViewModel.executeDryrun(SendCoinsViewModel.kt:523)
	at de.schildbach.wallet.ui.send.SendCoinsViewModel.access$executeDryrun(SendCoinsViewModel.kt:77)
	at de.schildbach.wallet.ui.send.SendCoinsViewModel$3$1.invokeSuspend(SendCoinsViewModel.kt:195)
	at kotlin.coroutines.jvm.internal.BaseContinuationImpl.resumeWith(ContinuationImpl.kt:33)
	at kotlinx.coroutines.DispatchedTask.run(DispatchedTask.kt:100)
	at kotlinx.coroutines.internal.LimitedDispatcher$Worker.run(LimitedDispatcher.kt:124)
	at kotlinx.coroutines.scheduling.TaskImpl.run(Tasks.kt:89)
	at kotlinx.coroutines.scheduling.CoroutineScheduler.runSafely(CoroutineScheduler.kt:586)
	at kotlinx.coroutines.scheduling.CoroutineScheduler$Worker.executeTask(CoroutineScheduler.kt:820)
	at kotlinx.coroutines.scheduling.CoroutineScheduler$Worker.runWorker(CoroutineScheduler.kt:717)
	at kotlinx.coroutines.scheduling.CoroutineScheduler$Worker.run(CoroutineScheduler.kt:704)
17:03:22 [main] SendCoinsFragment - enterAmountViewModel.blockContinue = true, viewModel.dryRunSuccessful.value = false
17:03:23 [DefaultDispatcher-worker-11] SendCoinsViewModel - executeDryRun started
17:03:23 [DefaultDispatcher-worker-11] BLSJniLibrary - Initializing BLS JNI Library
17:03:23 [DefaultDispatcher-worker-11] BLSJniLibrary - Initializing BLS JNI Library
17:03:23 [main] SendCoinsFragment - dryRunException:
org.bitcoinj.core.InsufficientMoneyException: Insufficient money,  missing 0.00010226 DASH
	at de.schildbach.wallet.ui.send.SendCoinsViewModel.executeDryrun(SendCoinsViewModel.kt:523)
	at de.schildbach.wallet.ui.send.SendCoinsViewModel.access$executeDryrun(SendCoinsViewModel.kt:77)
	at de.schildbach.wallet.ui.send.SendCoinsViewModel$3$1.invokeSuspend(SendCoinsViewModel.kt:195)
	at kotlin.coroutines.jvm.internal.BaseContinuationImpl.resumeWith(ContinuationImpl.kt:33)
	at kotlinx.coroutines.DispatchedTask.run(DispatchedTask.kt:100)
	at kotlinx.coroutines.internal.LimitedDispatcher$Worker.run(LimitedDispatcher.kt:124)
	at kotlinx.coroutines.scheduling.TaskImpl.run(Tasks.kt:89)
	at kotlinx.coroutines.scheduling.CoroutineScheduler.runSafely(CoroutineScheduler.kt:586)
	at kotlinx.coroutines.scheduling.CoroutineScheduler$Worker.executeTask(CoroutineScheduler.kt:820)
	at kotlinx.coroutines.scheduling.CoroutineScheduler$Worker.runWorker(CoroutineScheduler.kt:717)
	at kotlinx.coroutines.scheduling.CoroutineScheduler$Worker.run(CoroutineScheduler.kt:704)
17:03:23 [main] SendCoinsFragment - enterAmountViewModel.blockContinue = true, viewModel.dryRunSuccessful.value = false
17:03:23 [DefaultDispatcher-worker-4] SendCoinsViewModel - executeDryRun started
17:03:23 [DefaultDispatcher-worker-4] BLSJniLibrary - Initializing BLS JNI Library
17:03:23 [DefaultDispatcher-worker-4] BLSJniLibrary - Initializing BLS JNI Library
17:03:23 [DefaultDispatcher-worker-4] SendCoinsViewModel - executeDryRun finished (cutover-aware: SDK-overlaid affordability)
17:03:23 [main] SendCoinsFragment - enterAmountViewModel.blockContinue = false, viewModel.dryRunSuccessful.value = true
17:03:23 [main] SendCoinsFragment - enterAmountViewModel.blockContinue = true, viewModel.dryRunSuccessful.value = false
17:03:30 [DefaultDispatcher-worker-7] SendCoinsViewModel - executeDryRun started
17:03:30 [DefaultDispatcher-worker-7] BLSJniLibrary - Initializing BLS JNI Library
17:03:30 [DefaultDispatcher-worker-7] BLSJniLibrary - Initializing BLS JNI Library
17:03:30 [DefaultDispatcher-worker-7] SendCoinsViewModel - executeDryRun finished (cutover-aware: SDK-overlaid affordability)
17:03:30 [main] SendCoinsFragment - enterAmountViewModel.blockContinue = false, viewModel.dryRunSuccessful.value = true
17:03:52 [main] SendCoinsFragment - enterAmountViewModel.blockContinue = true, viewModel.dryRunSuccessful.value = false
17:03:57 [DefaultDispatcher-worker-6] BlockchainServiceImpl - network capabilities changed: 101, hasInternet: true, validated: true
17:03:57 [DefaultDispatcher-worker-6] BlockchainServiceImpl - acquiring check() mutex
17:03:57 [DefaultDispatcher-worker-6] BlockchainServiceImpl - check()
17:03:57 [DefaultDispatcher-worker-6] BlockchainServiceImpl - cutover committed — holding the dashj L1 engine; SDK owns L1 this launch
17:03:57 [DefaultDispatcher-worker-6] BlockchainServiceImpl - releasing check() mutex
17:03:57 [main] BlockchainServiceImpl - cutover committed and SDK L1 scan synced — triggering identity/contacts discovery
17:03:57 [main] SendCoinsFragment - enterAmountViewModel.blockContinue = true, viewModel.dryRunSuccessful.value = false
17:03:57 [DefaultDispatcher-worker-11] BlockchainIdentityData - creation: BlockchainIdentityData(NONE, null, null, null, null, null)
17:03:57 [DefaultDispatcher-worker-11] PlatformSynchronizationService - discoverAndRecoverIdentity: checking for existing associated identity
17:03:57 [DefaultDispatcher-worker-11] SecurityGuard - loading security guard [healthy=true] with keys: [keystore_healthy, fallback_pin_wallet_password_key, primary_ui_pin_key, modern_encryption_migration_complete, fallback_mnemonic_wallet_password_key, primary_wallet_password_key, fallback_mnemonic_ui_pin_key]
17:03:57 [DefaultDispatcher-worker-11] ModernEncryptionProvider - Decrypted data for alias: wallet_password_key
17:03:57 [DefaultDispatcher-worker-11] KeyCrypterScrypt - Deriving key took 106.4 ms for N=65536, r=8, p=1.
17:03:57 [DefaultDispatcher-worker-11] DapiClient - getIdentityByFirstPublicKey(48ccf9a43eee96f92a0ca7f8dced9dc2630d05f2)
17:03:58 [DefaultDispatcher-worker-11] PlatformSynchronizationService - discoverAndRecoverIdentity: no existing identity found
17:03:58 [DefaultDispatcher-worker-11] PlatformSynchronizationService - identity-discovery guard released (no identity found) — a later discovery may run again
17:03:58 [DefaultDispatcher-worker-11] BlockchainServiceImpl - post-cutover identity discovery found nothing and the wallet has no identity — re-arming; next attempt no sooner than 120000 ms from now
17:03:58 [DefaultDispatcher-worker-9] PlatformSynchronizationService - TxMetadata settings: saveToNetwork=false frequency=afterTenTransactions saveAfter=9223372036854775807 paymentCategory=false taxCategory=false exchangeRates=false memos=false giftCards=false storedDocuments=0
17:04:00 [main] BlockchainServiceImpl - MEM pss=296MB nativeHeap=162/187MB jvm=24/576MB
17:04:00 [main] BlockchainServiceImpl - History of transactions/blocks/headers/mnlistdiff (sdk): 0/0/0/0, 0/0/0/0, 0/1/1/1, 0/1/1/1, 0/1/1/1, 0/0/0/0, 0/1/1/1, 2/1/1/1, 0/0/0/0
17:04:00 [DefaultDispatcher-worker-11] BlockchainServiceImpl - network capabilities changed: 101, hasInternet: true, validated: true
17:04:00 [DefaultDispatcher-worker-11] BlockchainServiceImpl - acquiring check() mutex
17:04:00 [DefaultDispatcher-worker-11] BlockchainServiceImpl - check()
17:04:00 [DefaultDispatcher-worker-11] BlockchainServiceImpl - cutover committed — holding the dashj L1 engine; SDK owns L1 this launch
17:04:00 [DefaultDispatcher-worker-11] BlockchainServiceImpl - releasing check() mutex
17:04:00 [main] SendCoinsFragment - enterAmountViewModel.blockContinue = true, viewModel.dryRunSuccessful.value = false
17:04:00 [DefaultDispatcher-worker-1] SendCoinsViewModel - executeDryRun started
17:04:00 [DefaultDispatcher-worker-1] BLSJniLibrary - Initializing BLS JNI Library
17:04:00 [DefaultDispatcher-worker-1] BLSJniLibrary - Initializing BLS JNI Library
17:04:00 [DefaultDispatcher-worker-1] SendCoinsViewModel - executeDryRun finished (cutover-aware: SDK-overlaid affordability)
17:04:00 [main] SendCoinsFragment - enterAmountViewModel.blockContinue = false, viewModel.dryRunSuccessful.value = true
17:04:01 [DefaultDispatcher-worker-6] SendCoinsViewModel - executeDryRun started
17:04:01 [DefaultDispatcher-worker-6] BLSJniLibrary - Initializing BLS JNI Library
17:04:01 [DefaultDispatcher-worker-6] BLSJniLibrary - Initializing BLS JNI Library
17:04:01 [DefaultDispatcher-worker-6] SendCoinsViewModel - executeDryRun finished (cutover-aware: SDK-overlaid affordability)
17:04:01 [main] SendCoinsFragment - enterAmountViewModel.blockContinue = false, viewModel.dryRunSuccessful.value = true
17:04:02 [DefaultDispatcher-worker-9] SendCoinsViewModel - executeDryRun started
17:04:02 [DefaultDispatcher-worker-9] BLSJniLibrary - Initializing BLS JNI Library
17:04:02 [DefaultDispatcher-worker-9] BLSJniLibrary - Initializing BLS JNI Library
17:04:02 [DefaultDispatcher-worker-9] SendCoinsViewModel - executeDryRun finished (cutover-aware: SDK-overlaid affordability)
17:04:02 [main] SendCoinsFragment - enterAmountViewModel.blockContinue = false, viewModel.dryRunSuccessful.value = true
17:04:04 [DefaultDispatcher-worker-10] SendCoinsViewModel - executeDryRun started
17:04:04 [DefaultDispatcher-worker-10] BLSJniLibrary - Initializing BLS JNI Library
17:04:04 [DefaultDispatcher-worker-10] BLSJniLibrary - Initializing BLS JNI Library
17:04:04 [DefaultDispatcher-worker-9] SendCoinsViewModel - executeDryRun started
17:04:04 [DefaultDispatcher-worker-9] BLSJniLibrary - Initializing BLS JNI Library
17:04:04 [DefaultDispatcher-worker-9] BLSJniLibrary - Initializing BLS JNI Library
17:04:04 [DefaultDispatcher-worker-9] SendCoinsViewModel - executeDryRun finished (cutover-aware: SDK-overlaid affordability)
17:04:04 [main] SendCoinsFragment - enterAmountViewModel.blockContinue = false, viewModel.dryRunSuccessful.value = true
17:04:06 [DefaultDispatcher-worker-1] BlockchainServiceImpl - network capabilities changed: 101, hasInternet: true, validated: true
17:04:06 [DefaultDispatcher-worker-1] BlockchainServiceImpl - acquiring check() mutex
17:04:06 [DefaultDispatcher-worker-1] BlockchainServiceImpl - check()
17:04:06 [DefaultDispatcher-worker-1] BlockchainServiceImpl - cutover committed — holding the dashj L1 engine; SDK owns L1 this launch
17:04:06 [DefaultDispatcher-worker-1] BlockchainServiceImpl - releasing check() mutex
17:04:06 [main] SendCoinsFragment - enterAmountViewModel.blockContinue = false, viewModel.dryRunSuccessful.value = true
17:04:09 [DefaultDispatcher-worker-5] BlockchainServiceImpl - network capabilities changed: 101, hasInternet: true, validated: true
17:04:09 [DefaultDispatcher-worker-5] BlockchainServiceImpl - acquiring check() mutex
17:04:09 [DefaultDispatcher-worker-5] BlockchainServiceImpl - check()
17:04:09 [DefaultDispatcher-worker-5] BlockchainServiceImpl - cutover committed — holding the dashj L1 engine; SDK owns L1 this launch
17:04:09 [DefaultDispatcher-worker-5] BlockchainServiceImpl - releasing check() mutex
17:04:09 [main] SendCoinsFragment - enterAmountViewModel.blockContinue = false, viewModel.dryRunSuccessful.value = true
17:04:13 [DefaultDispatcher-worker-11] SendCoinsViewModel - executeDryRun started
17:04:13 [DefaultDispatcher-worker-11] BLSJniLibrary - Initializing BLS JNI Library
17:04:13 [DefaultDispatcher-worker-11] BLSJniLibrary - Initializing BLS JNI Library
17:04:13 [DefaultDispatcher-worker-11] SendCoinsViewModel - executeDryRun finished (cutover-aware: SDK-overlaid affordability)
17:04:13 [main] SendCoinsFragment - enterAmountViewModel.blockContinue = false, viewModel.dryRunSuccessful.value = true
17:04:13 [DefaultDispatcher-worker-7] SendCoinsViewModel - executeDryRun started
17:04:13 [DefaultDispatcher-worker-7] BLSJniLibrary - Initializing BLS JNI Library
17:04:13 [DefaultDispatcher-worker-7] BLSJniLibrary - Initializing BLS JNI Library
17:04:13 [DefaultDispatcher-worker-7] SendCoinsViewModel - executeDryRun finished (cutover-aware: SDK-overlaid affordability)
17:04:13 [main] SendCoinsFragment - enterAmountViewModel.blockContinue = false, viewModel.dryRunSuccessful.value = true
17:04:13 [DefaultDispatcher-worker-4] SendCoinsViewModel - executeDryRun started
17:04:13 [DefaultDispatcher-worker-4] BLSJniLibrary - Initializing BLS JNI Library
17:04:13 [DefaultDispatcher-worker-4] BLSJniLibrary - Initializing BLS JNI Library
17:04:13 [DefaultDispatcher-worker-4] SendCoinsViewModel - executeDryRun finished (cutover-aware: SDK-overlaid affordability)
17:04:13 [main] SendCoinsFragment - enterAmountViewModel.blockContinue = false, viewModel.dryRunSuccessful.value = true
17:04:14 [DefaultDispatcher-worker-7] SendCoinsViewModel - executeDryRun started
17:04:14 [DefaultDispatcher-worker-7] BLSJniLibrary - Initializing BLS JNI Library
17:04:14 [DefaultDispatcher-worker-7] BLSJniLibrary - Initializing BLS JNI Library
17:04:14 [DefaultDispatcher-worker-7] SendCoinsViewModel - executeDryRun finished (cutover-aware: SDK-overlaid affordability)
17:04:14 [main] SendCoinsFragment - enterAmountViewModel.blockContinue = false, viewModel.dryRunSuccessful.value = true
17:04:14 [DefaultDispatcher-worker-4] SendCoinsViewModel - executeDryRun started
17:04:14 [DefaultDispatcher-worker-4] BLSJniLibrary - Initializing BLS JNI Library
17:04:14 [DefaultDispatcher-worker-4] BLSJniLibrary - Initializing BLS JNI Library
17:04:14 [DefaultDispatcher-worker-4] SendCoinsViewModel - executeDryRun finished (cutover-aware: SDK-overlaid affordability)
17:04:14 [main] SendCoinsFragment - enterAmountViewModel.blockContinue = false, viewModel.dryRunSuccessful.value = true
17:04:14 [DefaultDispatcher-worker-10] SendCoinsViewModel - executeDryRun started
17:04:14 [DefaultDispatcher-worker-10] BLSJniLibrary - Initializing BLS JNI Library
17:04:14 [DefaultDispatcher-worker-10] BLSJniLibrary - Initializing BLS JNI Library
17:04:14 [DefaultDispatcher-worker-10] SendCoinsViewModel - executeDryRun finished (cutover-aware: SDK-overlaid affordability)
17:04:14 [main] SendCoinsFragment - enterAmountViewModel.blockContinue = false, viewModel.dryRunSuccessful.value = true
17:04:15 [DefaultDispatcher-worker-7] SendCoinsViewModel - executeDryRun started
17:04:15 [DefaultDispatcher-worker-7] BLSJniLibrary - Initializing BLS JNI Library
17:04:15 [DefaultDispatcher-worker-7] BLSJniLibrary - Initializing BLS JNI Library
17:04:15 [DefaultDispatcher-worker-7] SendCoinsViewModel - executeDryRun finished (cutover-aware: SDK-overlaid affordability)
17:04:15 [main] SendCoinsFragment - enterAmountViewModel.blockContinue = false, viewModel.dryRunSuccessful.value = true
17:04:15 [main] SendCoinsFragment - enterAmountViewModel.blockContinue = true, viewModel.dryRunSuccessful.value = false
17:04:18 [DefaultDispatcher-worker-2] BlockchainServiceImpl - network capabilities changed: 101, hasInternet: true, validated: true
17:04:18 [DefaultDispatcher-worker-2] BlockchainServiceImpl - acquiring check() mutex
17:04:18 [DefaultDispatcher-worker-2] BlockchainServiceImpl - check()
17:04:18 [DefaultDispatcher-worker-2] BlockchainServiceImpl - cutover committed — holding the dashj L1 engine; SDK owns L1 this launch
17:04:18 [DefaultDispatcher-worker-2] BlockchainServiceImpl - releasing check() mutex
17:04:18 [main] SendCoinsFragment - enterAmountViewModel.blockContinue = true, viewModel.dryRunSuccessful.value = false
17:04:21 [DefaultDispatcher-worker-1] SendCoinsViewModel - executeDryRun started
17:04:21 [DefaultDispatcher-worker-1] BLSJniLibrary - Initializing BLS JNI Library
17:04:21 [DefaultDispatcher-worker-1] BLSJniLibrary - Initializing BLS JNI Library
17:04:21 [DefaultDispatcher-worker-1] SendCoinsViewModel - executeDryRun finished (cutover-aware: SDK-overlaid affordability)
17:04:21 [main] SendCoinsFragment - enterAmountViewModel.blockContinue = false, viewModel.dryRunSuccessful.value = true
17:04:22 [DefaultDispatcher-worker-6] SendCoinsViewModel - executeDryRun started
17:04:22 [DefaultDispatcher-worker-6] BLSJniLibrary - Initializing BLS JNI Library
17:04:22 [DefaultDispatcher-worker-6] BLSJniLibrary - Initializing BLS JNI Library
17:04:22 [DefaultDispatcher-worker-6] SendCoinsViewModel - executeDryRun finished (cutover-aware: SDK-overlaid affordability)
17:04:22 [main] SendCoinsFragment - enterAmountViewModel.blockContinue = false, viewModel.dryRunSuccessful.value = true
17:04:23 [DefaultDispatcher-worker-6] SendCoinsViewModel - executeDryRun started
17:04:23 [DefaultDispatcher-worker-6] BLSJniLibrary - Initializing BLS JNI Library
17:04:23 [DefaultDispatcher-worker-6] BLSJniLibrary - Initializing BLS JNI Library
17:04:23 [DefaultDispatcher-worker-6] SendCoinsViewModel - executeDryRun finished (cutover-aware: SDK-overlaid affordability)
17:04:23 [main] SendCoinsFragment - enterAmountViewModel.blockContinue = false, viewModel.dryRunSuccessful.value = true
17:04:24 [DefaultDispatcher-worker-3] SendCoinsViewModel - executeDryRun started
17:04:24 [DefaultDispatcher-worker-3] BLSJniLibrary - Initializing BLS JNI Library
17:04:24 [DefaultDispatcher-worker-3] BLSJniLibrary - Initializing BLS JNI Library
17:04:24 [DefaultDispatcher-worker-1] BlockchainServiceImpl - network capabilities changed: 101, hasInternet: true, validated: true
17:04:24 [DefaultDispatcher-worker-1] BlockchainServiceImpl - acquiring check() mutex
17:04:24 [DefaultDispatcher-worker-1] BlockchainServiceImpl - check()
17:04:24 [DefaultDispatcher-worker-1] BlockchainServiceImpl - cutover committed — holding the dashj L1 engine; SDK owns L1 this launch
17:04:24 [DefaultDispatcher-worker-1] BlockchainServiceImpl - releasing check() mutex
17:04:24 [main] SendCoinsFragment - dryRunException:
org.bitcoinj.core.InsufficientMoneyException: Insufficient money,  missing 0.00000226 DASH
	at de.schildbach.wallet.ui.send.SendCoinsViewModel.executeDryrun(SendCoinsViewModel.kt:523)
	at de.schildbach.wallet.ui.send.SendCoinsViewModel.access$executeDryrun(SendCoinsViewModel.kt:77)
	at de.schildbach.wallet.ui.send.SendCoinsViewModel$3$1.invokeSuspend(SendCoinsViewModel.kt:195)
	at kotlin.coroutines.jvm.internal.BaseContinuationImpl.resumeWith(ContinuationImpl.kt:33)
	at kotlinx.coroutines.DispatchedTask.run(DispatchedTask.kt:100)
	at kotlinx.coroutines.internal.LimitedDispatcher$Worker.run(LimitedDispatcher.kt:124)
	at kotlinx.coroutines.scheduling.TaskImpl.run(Tasks.kt:89)
	at kotlinx.coroutines.scheduling.CoroutineScheduler.runSafely(CoroutineScheduler.kt:586)
	at kotlinx.coroutines.scheduling.CoroutineScheduler$Worker.executeTask(CoroutineScheduler.kt:820)
	at kotlinx.coroutines.scheduling.CoroutineScheduler$Worker.runWorker(CoroutineScheduler.kt:717)
	at kotlinx.coroutines.scheduling.CoroutineScheduler$Worker.run(CoroutineScheduler.kt:704)
17:04:24 [main] SendCoinsFragment - enterAmountViewModel.blockContinue = true, viewModel.dryRunSuccessful.value = false
17:04:24 [DefaultDispatcher-worker-11] SendCoinsViewModel - executeDryRun started
17:04:24 [DefaultDispatcher-worker-11] BLSJniLibrary - Initializing BLS JNI Library
17:04:24 [DefaultDispatcher-worker-11] BLSJniLibrary - Initializing BLS JNI Library
17:04:24 [DefaultDispatcher-worker-11] SendCoinsViewModel - executeDryRun finished (cutover-aware: SDK-overlaid affordability)
17:04:24 [main] SendCoinsFragment - enterAmountViewModel.blockContinue = false, viewModel.dryRunSuccessful.value = true
17:04:33 [DefaultDispatcher-worker-7] SendCoinsViewModel - executeDryRun started
17:04:33 [DefaultDispatcher-worker-7] BLSJniLibrary - Initializing BLS JNI Library
17:04:33 [DefaultDispatcher-worker-7] BLSJniLibrary - Initializing BLS JNI Library
17:04:33 [DefaultDispatcher-worker-7] SendCoinsViewModel - executeDryRun finished (cutover-aware: SDK-overlaid affordability)
17:04:33 [main] SendCoinsFragment - enterAmountViewModel.blockContinue = false, viewModel.dryRunSuccessful.value = true
17:04:34 [DefaultDispatcher-worker-7] SendCoinsViewModel - executeDryRun started
17:04:34 [DefaultDispatcher-worker-7] BLSJniLibrary - Initializing BLS JNI Library
17:04:34 [DefaultDispatcher-worker-7] BLSJniLibrary - Initializing BLS JNI Library
17:04:34 [DefaultDispatcher-worker-7] SendCoinsViewModel - executeDryRun finished (cutover-aware: SDK-overlaid affordability)
17:04:34 [main] SendCoinsFragment - enterAmountViewModel.blockContinue = false, viewModel.dryRunSuccessful.value = true
17:04:34 [DefaultDispatcher-worker-6] SendCoinsViewModel - executeDryRun started
17:04:34 [DefaultDispatcher-worker-6] BLSJniLibrary - Initializing BLS JNI Library
17:04:34 [DefaultDispatcher-worker-6] BLSJniLibrary - Initializing BLS JNI Library
17:04:34 [DefaultDispatcher-worker-6] SendCoinsViewModel - executeDryRun finished (cutover-aware: SDK-overlaid affordability)
17:04:34 [main] SendCoinsFragment - enterAmountViewModel.blockContinue = false, viewModel.dryRunSuccessful.value = true
17:04:34 [DefaultDispatcher-worker-7] SendCoinsViewModel - executeDryRun started
17:04:34 [DefaultDispatcher-worker-7] BLSJniLibrary - Initializing BLS JNI Library
17:04:34 [DefaultDispatcher-worker-7] BLSJniLibrary - Initializing BLS JNI Library
17:04:34 [DefaultDispatcher-worker-7] SendCoinsViewModel - executeDryRun finished (cutover-aware: SDK-overlaid affordability)
17:04:34 [main] SendCoinsFragment - enterAmountViewModel.blockContinue = false, viewModel.dryRunSuccessful.value = true
17:04:34 [DefaultDispatcher-worker-8] SendCoinsViewModel - executeDryRun started
17:04:34 [DefaultDispatcher-worker-8] BLSJniLibrary - Initializing BLS JNI Library
17:04:34 [DefaultDispatcher-worker-8] BLSJniLibrary - Initializing BLS JNI Library
17:04:34 [DefaultDispatcher-worker-8] SendCoinsViewModel - executeDryRun finished (cutover-aware: SDK-overlaid affordability)
17:04:34 [main] SendCoinsFragment - enterAmountViewModel.blockContinue = false, viewModel.dryRunSuccessful.value = true
17:04:35 [DefaultDispatcher-worker-1] SendCoinsViewModel - executeDryRun started
17:04:35 [DefaultDispatcher-worker-1] BLSJniLibrary - Initializing BLS JNI Library
17:04:35 [DefaultDispatcher-worker-1] BLSJniLibrary - Initializing BLS JNI Library
17:04:35 [DefaultDispatcher-worker-1] SendCoinsViewModel - executeDryRun finished (cutover-aware: SDK-overlaid affordability)
17:04:35 [main] SendCoinsFragment - enterAmountViewModel.blockContinue = false, viewModel.dryRunSuccessful.value = true
17:04:35 [DefaultDispatcher-worker-1] SendCoinsViewModel - executeDryRun started
17:04:35 [DefaultDispatcher-worker-1] BLSJniLibrary - Initializing BLS JNI Library
17:04:35 [DefaultDispatcher-worker-1] BLSJniLibrary - Initializing BLS JNI Library
17:04:35 [DefaultDispatcher-worker-1] SendCoinsViewModel - executeDryRun finished (cutover-aware: SDK-overlaid affordability)
17:04:35 [main] SendCoinsFragment - enterAmountViewModel.blockContinue = false, viewModel.dryRunSuccessful.value = true
17:04:35 [main] SendCoinsFragment - enterAmountViewModel.blockContinue = true, viewModel.dryRunSuccessful.value = false
17:04:42 [DefaultDispatcher-worker-10] SendCoinsViewModel - executeDryRun started
17:04:42 [DefaultDispatcher-worker-10] BLSJniLibrary - Initializing BLS JNI Library
17:04:42 [DefaultDispatcher-worker-10] BLSJniLibrary - Initializing BLS JNI Library
17:04:42 [DefaultDispatcher-worker-10] SendCoinsViewModel - executeDryRun finished (cutover-aware: SDK-overlaid affordability)
17:04:42 [main] SendCoinsFragment - enterAmountViewModel.blockContinue = false, viewModel.dryRunSuccessful.value = true
17:04:43 [DefaultDispatcher-worker-1] SendCoinsViewModel - executeDryRun started
17:04:43 [DefaultDispatcher-worker-1] BLSJniLibrary - Initializing BLS JNI Library
17:04:43 [DefaultDispatcher-worker-1] BLSJniLibrary - Initializing BLS JNI Library
17:04:43 [DefaultDispatcher-worker-1] SendCoinsViewModel - executeDryRun finished (cutover-aware: SDK-overlaid affordability)
17:04:43 [main] SendCoinsFragment - enterAmountViewModel.blockContinue = false, viewModel.dryRunSuccessful.value = true
17:04:44 [DefaultDispatcher-worker-6] SendCoinsViewModel - executeDryRun started
17:04:44 [DefaultDispatcher-worker-6] BLSJniLibrary - Initializing BLS JNI Library
17:04:44 [DefaultDispatcher-worker-6] BLSJniLibrary - Initializing BLS JNI Library
17:04:44 [DefaultDispatcher-worker-6] SendCoinsViewModel - executeDryRun finished (cutover-aware: SDK-overlaid affordability)
17:04:44 [main] SendCoinsFragment - enterAmountViewModel.blockContinue = false, viewModel.dryRunSuccessful.value = true
17:04:45 [DefaultDispatcher-worker-8] SendCoinsViewModel - executeDryRun started
17:04:45 [DefaultDispatcher-worker-8] BLSJniLibrary - Initializing BLS JNI Library
17:04:45 [DefaultDispatcher-worker-8] BLSJniLibrary - Initializing BLS JNI Library
17:04:45 [DefaultDispatcher-worker-9] SendCoinsViewModel - executeDryRun started
17:04:45 [DefaultDispatcher-worker-9] BLSJniLibrary - Initializing BLS JNI Library
17:04:45 [DefaultDispatcher-worker-9] BLSJniLibrary - Initializing BLS JNI Library
17:04:45 [DefaultDispatcher-worker-9] SendCoinsViewModel - executeDryRun finished (cutover-aware: SDK-overlaid affordability)
17:04:45 [main] SendCoinsFragment - enterAmountViewModel.blockContinue = false, viewModel.dryRunSuccessful.value = true
17:04:54 [DefaultDispatcher-worker-9] SendCoinsViewModel - executeDryRun started
17:04:54 [DefaultDispatcher-worker-9] BLSJniLibrary - Initializing BLS JNI Library
17:04:54 [DefaultDispatcher-worker-9] BLSJniLibrary - Initializing BLS JNI Library
17:04:54 [DefaultDispatcher-worker-9] SendCoinsViewModel - executeDryRun finished (cutover-aware: SDK-overlaid affordability)
17:04:54 [main] SendCoinsFragment - enterAmountViewModel.blockContinue = false, viewModel.dryRunSuccessful.value = true
17:04:54 [DefaultDispatcher-worker-3] BlockchainServiceImpl - network capabilities changed: 101, hasInternet: true, validated: true
17:04:54 [DefaultDispatcher-worker-3] BlockchainServiceImpl - acquiring check() mutex
17:04:54 [DefaultDispatcher-worker-3] BlockchainServiceImpl - check()
17:04:54 [DefaultDispatcher-worker-3] BlockchainServiceImpl - cutover committed — holding the dashj L1 engine; SDK owns L1 this launch
17:04:54 [DefaultDispatcher-worker-3] BlockchainServiceImpl - releasing check() mutex
17:04:54 [main] SendCoinsFragment - enterAmountViewModel.blockContinue = false, viewModel.dryRunSuccessful.value = true
17:04:54 [DefaultDispatcher-worker-11] SendCoinsViewModel - executeDryRun started
17:04:54 [DefaultDispatcher-worker-11] BLSJniLibrary - Initializing BLS JNI Library
17:04:54 [DefaultDispatcher-worker-11] BLSJniLibrary - Initializing BLS JNI Library
17:04:54 [DefaultDispatcher-worker-11] SendCoinsViewModel - executeDryRun finished (cutover-aware: SDK-overlaid affordability)
17:04:54 [main] SendCoinsFragment - enterAmountViewModel.blockContinue = false, viewModel.dryRunSuccessful.value = true
17:04:55 [DefaultDispatcher-worker-8] SendCoinsViewModel - executeDryRun started
17:04:55 [DefaultDispatcher-worker-8] BLSJniLibrary - Initializing BLS JNI Library
17:04:55 [DefaultDispatcher-worker-8] BLSJniLibrary - Initializing BLS JNI Library
17:04:55 [DefaultDispatcher-worker-8] SendCoinsViewModel - executeDryRun finished (cutover-aware: SDK-overlaid affordability)
17:04:55 [main] SendCoinsFragment - enterAmountViewModel.blockContinue = false, viewModel.dryRunSuccessful.value = true
17:04:55 [DefaultDispatcher-worker-2] SendCoinsViewModel - executeDryRun started
17:04:55 [DefaultDispatcher-worker-2] BLSJniLibrary - Initializing BLS JNI Library
17:04:55 [DefaultDispatcher-worker-2] BLSJniLibrary - Initializing BLS JNI Library
17:04:55 [DefaultDispatcher-worker-2] SendCoinsViewModel - executeDryRun finished (cutover-aware: SDK-overlaid affordability)
17:04:55 [main] SendCoinsFragment - enterAmountViewModel.blockContinue = false, viewModel.dryRunSuccessful.value = true
17:04:55 [DefaultDispatcher-worker-4] SendCoinsViewModel - executeDryRun started
17:04:55 [DefaultDispatcher-worker-4] BLSJniLibrary - Initializing BLS JNI Library
17:04:55 [DefaultDispatcher-worker-4] BLSJniLibrary - Initializing BLS JNI Library
17:04:55 [DefaultDispatcher-worker-4] SendCoinsViewModel - executeDryRun finished (cutover-aware: SDK-overlaid affordability)
17:04:55 [main] SendCoinsFragment - enterAmountViewModel.blockContinue = false, viewModel.dryRunSuccessful.value = true
17:04:56 [DefaultDispatcher-worker-6] SendCoinsViewModel - executeDryRun started
17:04:56 [DefaultDispatcher-worker-6] BLSJniLibrary - Initializing BLS JNI Library
17:04:56 [DefaultDispatcher-worker-6] BLSJniLibrary - Initializing BLS JNI Library
17:04:56 [DefaultDispatcher-worker-6] SendCoinsViewModel - executeDryRun finished (cutover-aware: SDK-overlaid affordability)
17:04:56 [main] SendCoinsFragment - enterAmountViewModel.blockContinue = false, viewModel.dryRunSuccessful.value = true
17:04:56 [DefaultDispatcher-worker-11] SendCoinsViewModel - executeDryRun started
17:04:56 [DefaultDispatcher-worker-11] BLSJniLibrary - Initializing BLS JNI Library
17:04:56 [DefaultDispatcher-worker-11] BLSJniLibrary - Initializing BLS JNI Library
17:04:56 [DefaultDispatcher-worker-11] SendCoinsViewModel - executeDryRun finished (cutover-aware: SDK-overlaid affordability)
17:04:56 [main] SendCoinsFragment - enterAmountViewModel.blockContinue = false, viewModel.dryRunSuccessful.value = true
17:04:56 [main] SendCoinsFragment - enterAmountViewModel.blockContinue = true, viewModel.dryRunSuccessful.value = false
17:04:57 [DefaultDispatcher-worker-11] BlockchainServiceImpl - network capabilities changed: 101, hasInternet: true, validated: true
17:04:57 [DefaultDispatcher-worker-11] BlockchainServiceImpl - acquiring check() mutex
17:04:57 [DefaultDispatcher-worker-11] BlockchainServiceImpl - check()
17:04:57 [DefaultDispatcher-worker-11] BlockchainServiceImpl - cutover committed — holding the dashj L1 engine; SDK owns L1 this launch
17:04:57 [DefaultDispatcher-worker-11] BlockchainServiceImpl - releasing check() mutex
17:04:57 [main] SendCoinsFragment - enterAmountViewModel.blockContinue = true, viewModel.dryRunSuccessful.value = false
17:05:00 [main] BlockchainServiceImpl - MEM pss=298MB nativeHeap=163/187MB jvm=24/576MB
17:05:00 [main] BlockchainServiceImpl - History of transactions/blocks/headers/mnlistdiff (sdk): 0/0/0/0, 0/0/0/0, 0/0/0/0, 0/1/1/1, 0/1/1/1, 0/1/1/1, 0/0/0/0, 0/1/1/1, 2/1/1/1
17:05:06 [DefaultDispatcher-worker-3] BlockchainServiceImpl - network capabilities changed: 101, hasInternet: true, validated: true
17:05:06 [DefaultDispatcher-worker-3] BlockchainServiceImpl - acquiring check() mutex
17:05:06 [DefaultDispatcher-worker-3] BlockchainServiceImpl - check()
17:05:06 [DefaultDispatcher-worker-3] BlockchainServiceImpl - cutover committed — holding the dashj L1 engine; SDK owns L1 this launch
17:05:06 [DefaultDispatcher-worker-3] BlockchainServiceImpl - releasing check() mutex
17:05:06 [main] SendCoinsFragment - enterAmountViewModel.blockContinue = true, viewModel.dryRunSuccessful.value = false
17:05:12 [DefaultDispatcher-worker-1] BlockchainServiceImpl - network capabilities changed: 101, hasInternet: true, validated: true
17:05:12 [DefaultDispatcher-worker-1] BlockchainServiceImpl - acquiring check() mutex
17:05:12 [DefaultDispatcher-worker-1] BlockchainServiceImpl - check()
17:05:12 [DefaultDispatcher-worker-1] BlockchainServiceImpl - cutover committed — holding the dashj L1 engine; SDK owns L1 this launch
17:05:12 [DefaultDispatcher-worker-1] BlockchainServiceImpl - releasing check() mutex
17:05:12 [main] SendCoinsFragment - enterAmountViewModel.blockContinue = true, viewModel.dryRunSuccessful.value = false
17:05:17 [DefaultDispatcher-worker-7] SendCoinsViewModel - executeDryRun started
17:05:17 [DefaultDispatcher-worker-7] BLSJniLibrary - Initializing BLS JNI Library
17:05:17 [DefaultDispatcher-worker-7] BLSJniLibrary - Initializing BLS JNI Library
17:05:17 [DefaultDispatcher-worker-7] SendCoinsViewModel - executeDryRun finished (cutover-aware: SDK-overlaid affordability)
17:05:17 [main] SendCoinsFragment - enterAmountViewModel.blockContinue = false, viewModel.dryRunSuccessful.value = true
17:05:18 [DefaultDispatcher-worker-9] SendCoinsViewModel - executeDryRun started
17:05:18 [DefaultDispatcher-worker-9] BLSJniLibrary - Initializing BLS JNI Library
17:05:18 [DefaultDispatcher-worker-9] BLSJniLibrary - Initializing BLS JNI Library
17:05:18 [DefaultDispatcher-worker-9] SendCoinsViewModel - executeDryRun finished (cutover-aware: SDK-overlaid affordability)
17:05:18 [main] SendCoinsFragment - enterAmountViewModel.blockContinue = false, viewModel.dryRunSuccessful.value = true
17:05:19 [DefaultDispatcher-worker-4] SendCoinsViewModel - executeDryRun started
17:05:19 [DefaultDispatcher-worker-4] BLSJniLibrary - Initializing BLS JNI Library
17:05:19 [DefaultDispatcher-worker-4] BLSJniLibrary - Initializing BLS JNI Library
17:05:19 [DefaultDispatcher-worker-4] SendCoinsViewModel - executeDryRun finished (cutover-aware: SDK-overlaid affordability)
17:05:19 [main] SendCoinsFragment - enterAmountViewModel.blockContinue = false, viewModel.dryRunSuccessful.value = true
17:05:20 [DefaultDispatcher-worker-6] SendCoinsViewModel - executeDryRun started
17:05:20 [DefaultDispatcher-worker-6] BLSJniLibrary - Initializing BLS JNI Library
17:05:20 [DefaultDispatcher-worker-6] BLSJniLibrary - Initializing BLS JNI Library
17:05:20 [DefaultDispatcher-worker-3] SendCoinsViewModel - executeDryRun started
17:05:20 [DefaultDispatcher-worker-3] BLSJniLibrary - Initializing BLS JNI Library
17:05:20 [DefaultDispatcher-worker-3] BLSJniLibrary - Initializing BLS JNI Library
17:05:20 [DefaultDispatcher-worker-3] SendCoinsViewModel - executeDryRun finished (cutover-aware: SDK-overlaid affordability)
17:05:20 [main] SendCoinsFragment - enterAmountViewModel.blockContinue = false, viewModel.dryRunSuccessful.value = true
17:05:46 [DefaultDispatcher-worker-8] L1ShadowSyncService - L1 engine chainlock height 1556864 -> 1556865
17:05:46 [DefaultDispatcher-worker-3] MainViewModel - blockchain state update: mnlist=1556864; chain=1556864; wallet=-1
17:05:46 [main] SendCoinsFragment - enterAmountViewModel.blockContinue = false, viewModel.dryRunSuccessful.value = true
17:05:46 [DefaultDispatcher-worker-5] L1ShadowSyncService - L1Shadow phase=SYNCED 100.0% headers 1556865/1556865 filters 1556865/1556865 wallet 1556865
17:05:46 [main] SendCoinsFragment - enterAmountViewModel.blockContinue = false, viewModel.dryRunSuccessful.value = true
17:05:46 [DefaultDispatcher-worker-5] MainViewModel - blockchain state update: mnlist=1556865; chain=1556865; wallet=-1
17:06:00 [main] BlockchainServiceImpl - MEM pss=298MB nativeHeap=162/187MB jvm=22/576MB
17:06:00 [main] BlockchainServiceImpl - History of transactions/blocks/headers/mnlistdiff (sdk): 0/1/1/1, 0/0/0/0, 0/0/0/0, 0/0/0/0, 0/1/1/1, 0/1/1/1, 0/1/1/1, 0/0/0/0, 0/1/1/1
17:06:03 [native-log-bridge] DashSdkNative - 09-19 12:05:46.445  4078  4560 I DashSDK : platform_wallet::changeset::core_bridge: wallet-event batch: folded=1 wallets=1 synced_height_persisted=Some(1556865) synced_height_frozen=None synced_height_rejected=None faulted=0
17:06:03 [native-log-bridge] DashSdkNative - 09-19 12:05:46.466  4078  4560 I DashSDK : platform_wallet::changeset::core_bridge: wallet-event batch: folded=1 wallets=1 synced_height_persisted=None synced_height_frozen=None synced_height_rejected=None faulted=0
17:06:07 [DefaultDispatcher-worker-4] BlockchainServiceImpl - network capabilities changed: 101, hasInternet: true, validated: true
17:06:07 [DefaultDispatcher-worker-4] BlockchainServiceImpl - acquiring check() mutex
17:06:07 [DefaultDispatcher-worker-4] BlockchainServiceImpl - check()
17:06:07 [DefaultDispatcher-worker-4] BlockchainServiceImpl - cutover committed — holding the dashj L1 engine; SDK owns L1 this launch
17:06:07 [DefaultDispatcher-worker-4] BlockchainServiceImpl - releasing check() mutex
17:06:07 [main] BlockchainServiceImpl - cutover committed and SDK L1 scan synced — triggering identity/contacts discovery
17:06:07 [main] SendCoinsFragment - enterAmountViewModel.blockContinue = false, viewModel.dryRunSuccessful.value = true
17:06:07 [DefaultDispatcher-worker-10] BlockchainIdentityData - creation: BlockchainIdentityData(NONE, null, null, null, null, null)
17:06:07 [DefaultDispatcher-worker-10] PlatformSynchronizationService - discoverAndRecoverIdentity: checking for existing associated identity
17:06:07 [DefaultDispatcher-worker-10] SecurityGuard - loading security guard [healthy=true] with keys: [keystore_healthy, fallback_pin_wallet_password_key, primary_ui_pin_key, modern_encryption_migration_complete, fallback_mnemonic_wallet_password_key, primary_wallet_password_key, fallback_mnemonic_ui_pin_key]
17:06:07 [DefaultDispatcher-worker-10] ModernEncryptionProvider - Decrypted data for alias: wallet_password_key
17:06:07 [DefaultDispatcher-worker-10] KeyCrypterScrypt - Deriving key took 120.3 ms for N=65536, r=8, p=1.
17:06:07 [DefaultDispatcher-worker-10] DapiClient - getIdentityByFirstPublicKey(48ccf9a43eee96f92a0ca7f8dced9dc2630d05f2)
17:06:07 [DefaultDispatcher-worker-10] PlatformSynchronizationService - discoverAndRecoverIdentity: no existing identity found
17:06:07 [DefaultDispatcher-worker-10] PlatformSynchronizationService - identity-discovery guard released (no identity found) — a later discovery may run again
17:06:07 [DefaultDispatcher-worker-10] BlockchainServiceImpl - post-cutover identity discovery found nothing and the wallet has no identity — re-arming; next attempt no sooner than 120000 ms from now
17:06:07 [DefaultDispatcher-worker-2] PlatformSynchronizationService - TxMetadata settings: saveToNetwork=false frequency=afterTenTransactions saveAfter=9223372036854775807 paymentCategory=false taxCategory=false exchangeRates=false memos=false giftCards=false storedDocuments=0
17:06:09 [DefaultDispatcher-worker-8] SendCoinsViewModel - executeDryRun started
17:06:09 [DefaultDispatcher-worker-8] BLSJniLibrary - Initializing BLS JNI Library
17:06:09 [DefaultDispatcher-worker-8] BLSJniLibrary - Initializing BLS JNI Library
17:06:09 [DefaultDispatcher-worker-8] SendCoinsViewModel - executeDryRun finished (cutover-aware: SDK-overlaid affordability)
17:06:09 [main] SendCoinsFragment - enterAmountViewModel.blockContinue = false, viewModel.dryRunSuccessful.value = true
17:06:10 [DefaultDispatcher-worker-9] SendCoinsViewModel - executeDryRun started
17:06:10 [DefaultDispatcher-worker-9] BLSJniLibrary - Initializing BLS JNI Library
17:06:10 [DefaultDispatcher-worker-9] BLSJniLibrary - Initializing BLS JNI Library
17:06:10 [DefaultDispatcher-worker-9] SendCoinsViewModel - executeDryRun finished (cutover-aware: SDK-overlaid affordability)
17:06:10 [main] SendCoinsFragment - enterAmountViewModel.blockContinue = false, viewModel.dryRunSuccessful.value = true
17:06:10 [DefaultDispatcher-worker-9] BlockchainServiceImpl - network capabilities changed: 101, hasInternet: true, validated: true
17:06:10 [DefaultDispatcher-worker-9] BlockchainServiceImpl - acquiring check() mutex
17:06:10 [DefaultDispatcher-worker-9] BlockchainServiceImpl - check()
17:06:10 [DefaultDispatcher-worker-9] BlockchainServiceImpl - cutover committed — holding the dashj L1 engine; SDK owns L1 this launch
17:06:10 [DefaultDispatcher-worker-9] BlockchainServiceImpl - releasing check() mutex
17:06:10 [main] SendCoinsFragment - enterAmountViewModel.blockContinue = false, viewModel.dryRunSuccessful.value = true
17:06:10 [DefaultDispatcher-worker-9] SendCoinsViewModel - executeDryRun started
17:06:10 [DefaultDispatcher-worker-9] BLSJniLibrary - Initializing BLS JNI Library
17:06:10 [DefaultDispatcher-worker-9] BLSJniLibrary - Initializing BLS JNI Library
17:06:10 [DefaultDispatcher-worker-9] SendCoinsViewModel - executeDryRun finished (cutover-aware: SDK-overlaid affordability)
17:06:10 [main] SendCoinsFragment - enterAmountViewModel.blockContinue = false, viewModel.dryRunSuccessful.value = true
17:06:10 [DefaultDispatcher-worker-6] SendCoinsViewModel - executeDryRun started
17:06:10 [DefaultDispatcher-worker-6] BLSJniLibrary - Initializing BLS JNI Library
17:06:10 [DefaultDispatcher-worker-6] BLSJniLibrary - Initializing BLS JNI Library
17:06:10 [DefaultDispatcher-worker-6] SendCoinsViewModel - executeDryRun finished (cutover-aware: SDK-overlaid affordability)
17:06:10 [main] SendCoinsFragment - enterAmountViewModel.blockContinue = false, viewModel.dryRunSuccessful.value = true
17:06:11 [DefaultDispatcher-worker-11] SendCoinsViewModel - executeDryRun started
17:06:11 [DefaultDispatcher-worker-11] BLSJniLibrary - Initializing BLS JNI Library
17:06:11 [DefaultDispatcher-worker-11] BLSJniLibrary - Initializing BLS JNI Library
17:06:11 [DefaultDispatcher-worker-11] SendCoinsViewModel - executeDryRun finished (cutover-aware: SDK-overlaid affordability)
17:06:11 [main] SendCoinsFragment - enterAmountViewModel.blockContinue = false, viewModel.dryRunSuccessful.value = true
17:06:11 [DefaultDispatcher-worker-11] SendCoinsViewModel - executeDryRun started
17:06:11 [DefaultDispatcher-worker-11] BLSJniLibrary - Initializing BLS JNI Library
17:06:11 [DefaultDispatcher-worker-11] BLSJniLibrary - Initializing BLS JNI Library
17:06:11 [DefaultDispatcher-worker-11] SendCoinsViewModel - executeDryRun finished (cutover-aware: SDK-overlaid affordability)
17:06:11 [main] SendCoinsFragment - enterAmountViewModel.blockContinue = false, viewModel.dryRunSuccessful.value = true
17:06:11 [DefaultDispatcher-worker-11] SendCoinsViewModel - executeDryRun started
17:06:11 [DefaultDispatcher-worker-11] BLSJniLibrary - Initializing BLS JNI Library
17:06:11 [DefaultDispatcher-worker-11] BLSJniLibrary - Initializing BLS JNI Library
17:06:11 [DefaultDispatcher-worker-11] SendCoinsViewModel - executeDryRun finished (cutover-aware: SDK-overlaid affordability)
17:06:11 [main] SendCoinsFragment - enterAmountViewModel.blockContinue = false, viewModel.dryRunSuccessful.value = true
17:06:12 [main] SendCoinsFragment - enterAmountViewModel.blockContinue = true, viewModel.dryRunSuccessful.value = false
17:06:16 [DefaultDispatcher-worker-5] BlockchainServiceImpl - network capabilities changed: 101, hasInternet: true, validated: true
17:06:16 [DefaultDispatcher-worker-5] BlockchainServiceImpl - acquiring check() mutex
17:06:16 [DefaultDispatcher-worker-5] BlockchainServiceImpl - check()
17:06:16 [DefaultDispatcher-worker-5] BlockchainServiceImpl - cutover committed — holding the dashj L1 engine; SDK owns L1 this launch
17:06:16 [DefaultDispatcher-worker-5] BlockchainServiceImpl - releasing check() mutex
17:06:16 [main] SendCoinsFragment - enterAmountViewModel.blockContinue = true, viewModel.dryRunSuccessful.value = false
17:06:17 [main] BiometricHelper - No biometric credentials
17:06:17 [main] SendCoinsTaskRunner - authenticate with pin
17:06:17 [main] SecurityGuard - loading security guard [healthy=true] with keys: [keystore_healthy, fallback_pin_wallet_password_key, primary_ui_pin_key, modern_encryption_migration_complete, fallback_mnemonic_wallet_password_key, primary_wallet_password_key, fallback_mnemonic_ui_pin_key]
17:06:19 [DefaultDispatcher-worker-1] BlockchainServiceImpl - network capabilities changed: 101, hasInternet: true, validated: true
17:06:19 [DefaultDispatcher-worker-1] BlockchainServiceImpl - acquiring check() mutex
17:06:19 [DefaultDispatcher-worker-1] BlockchainServiceImpl - check()
17:06:19 [DefaultDispatcher-worker-1] BlockchainServiceImpl - cutover committed — holding the dashj L1 engine; SDK owns L1 this launch
17:06:19 [DefaultDispatcher-worker-1] BlockchainServiceImpl - releasing check() mutex
17:06:19 [main] SendCoinsFragment - enterAmountViewModel.blockContinue = true, viewModel.dryRunSuccessful.value = false
17:06:21 [DefaultDispatcher-worker-3] L1ShadowSyncService - L1 engine chainlock height 1556865 -> 1556866
17:06:21 [DefaultDispatcher-worker-4] MainViewModel - blockchain state update: mnlist=1556865; chain=1556865; wallet=-1
17:06:21 [main] SendCoinsFragment - enterAmountViewModel.blockContinue = true, viewModel.dryRunSuccessful.value = false
17:06:22 [DefaultDispatcher-worker-11] L1ShadowSyncService - L1Shadow phase=SYNCED 100.0% headers 1556866/1556866 filters 1556866/1556866 wallet 1556866
17:06:22 [DefaultDispatcher-worker-3] MainViewModel - blockchain state update: mnlist=1556866; chain=1556866; wallet=-1
17:06:22 [main] SendCoinsFragment - enterAmountViewModel.blockContinue = true, viewModel.dryRunSuccessful.value = false
17:06:22 [DefaultDispatcher-worker-3] BlockchainServiceImpl - network capabilities changed: 101, hasInternet: true, validated: true
17:06:22 [DefaultDispatcher-worker-3] BlockchainServiceImpl - acquiring check() mutex
17:06:22 [DefaultDispatcher-worker-3] BlockchainServiceImpl - check()
17:06:22 [DefaultDispatcher-worker-3] BlockchainServiceImpl - cutover committed — holding the dashj L1 engine; SDK owns L1 this launch
17:06:22 [DefaultDispatcher-worker-3] BlockchainServiceImpl - releasing check() mutex
17:06:22 [main] SendCoinsFragment - enterAmountViewModel.blockContinue = true, viewModel.dryRunSuccessful.value = false
17:06:28 [DefaultDispatcher-worker-9] BlockchainServiceImpl - network capabilities changed: 101, hasInternet: true, validated: true
17:06:28 [DefaultDispatcher-worker-9] BlockchainServiceImpl - acquiring check() mutex
17:06:28 [DefaultDispatcher-worker-9] BlockchainServiceImpl - check()
17:06:28 [DefaultDispatcher-worker-9] BlockchainServiceImpl - cutover committed — holding the dashj L1 engine; SDK owns L1 this launch
17:06:28 [DefaultDispatcher-worker-9] BlockchainServiceImpl - releasing check() mutex
17:06:28 [main] SendCoinsFragment - enterAmountViewModel.blockContinue = true, viewModel.dryRunSuccessful.value = false
17:06:33 [native-log-bridge] DashSdkNative - 09-19 12:06:21.482  4078  4559 I DashSDK : platform_wallet::changeset::core_bridge: wallet-event batch: folded=1 wallets=1 synced_height_persisted=Some(1556866) synced_height_frozen=None synced_height_rejected=None faulted=0
17:06:33 [native-log-bridge] DashSdkNative - 09-19 12:06:21.525  4078  4559 I DashSDK : platform_wallet::changeset::core_bridge: wallet-event batch: folded=1 wallets=1 synced_height_persisted=None synced_height_frozen=None synced_height_rejected=None faulted=0
17:06:46 [DefaultDispatcher-worker-5] BlockchainServiceImpl - network capabilities changed: 101, hasInternet: true, validated: true
17:06:46 [DefaultDispatcher-worker-5] BlockchainServiceImpl - acquiring check() mutex
17:06:46 [DefaultDispatcher-worker-5] BlockchainServiceImpl - check()
17:06:46 [DefaultDispatcher-worker-5] BlockchainServiceImpl - cutover committed — holding the dashj L1 engine; SDK owns L1 this launch
17:06:46 [DefaultDispatcher-worker-5] BlockchainServiceImpl - releasing check() mutex
17:06:46 [main] SendCoinsFragment - enterAmountViewModel.blockContinue = true, viewModel.dryRunSuccessful.value = false
17:06:50 [main] SecurityGuard - loading security guard [healthy=true] with keys: [keystore_healthy, fallback_pin_wallet_password_key, primary_ui_pin_key, modern_encryption_migration_complete, fallback_mnemonic_wallet_password_key, primary_wallet_password_key, fallback_mnemonic_ui_pin_key]
17:06:50 [main] ModernEncryptionProvider - Decrypted data for alias: ui_pin_key
17:06:50 [DefaultDispatcher-worker-2] SendCoinsViewModel - executeDryRun started
17:06:50 [DefaultDispatcher-worker-2] BLSJniLibrary - Initializing BLS JNI Library
17:06:50 [DefaultDispatcher-worker-2] BLSJniLibrary - Initializing BLS JNI Library
17:06:50 [DefaultDispatcher-worker-2] SendCoinsViewModel - executeDryRun finished (cutover-aware: SDK send-all / drain)
17:06:50 [main] SendCoinsFragment - enterAmountViewModel.blockContinue = false, viewModel.dryRunSuccessful.value = true
17:06:52 [DefaultDispatcher-worker-8] BlockchainServiceImpl - network capabilities changed: 101, hasInternet: true, validated: true
17:06:52 [DefaultDispatcher-worker-8] BlockchainServiceImpl - acquiring check() mutex
17:06:52 [DefaultDispatcher-worker-8] BlockchainServiceImpl - check()
17:06:52 [DefaultDispatcher-worker-8] BlockchainServiceImpl - cutover committed — holding the dashj L1 engine; SDK owns L1 this launch
17:06:52 [DefaultDispatcher-worker-8] BlockchainServiceImpl - releasing check() mutex
17:06:52 [main] SendCoinsFragment - enterAmountViewModel.blockContinue = false, viewModel.dryRunSuccessful.value = true
17:07:00 [main] BlockchainServiceImpl - MEM pss=300MB nativeHeap=164/187MB jvm=23/576MB
17:07:00 [main] BlockchainServiceImpl - History of transactions/blocks/headers/mnlistdiff (sdk): 0/1/1/1, 0/1/1/1, 0/0/0/0, 0/0/0/0, 0/0/0/0, 0/1/1/1, 0/1/1/1, 0/1/1/1, 0/0/0/0
17:07:15 [main] BiometricHelper - No biometric credentials
17:07:15 [main] LockScreenActivity - fingerprint was disabled
17:07:15 [main] LockScreenActivity - LockState = ENTER_PIN
17:07:56 [main] SecurityGuard - loading security guard [healthy=true] with keys: [keystore_healthy, fallback_pin_wallet_password_key, primary_ui_pin_key, modern_encryption_migration_complete, fallback_mnemonic_wallet_password_key, primary_wallet_password_key, fallback_mnemonic_ui_pin_key]
17:07:56 [main] ModernEncryptionProvider - Decrypted data for alias: ui_pin_key
17:07:56 [main] PinRetryController - PIN entered incorrectly 1times
17:07:56 [main] LockScreenActivity - LockState = INVALID_PIN
17:08:00 [main] BlockchainServiceImpl - MEM pss=296MB nativeHeap=165/189MB jvm=21/576MB
17:08:00 [main] BlockchainServiceImpl - History of transactions/blocks/headers/mnlistdiff (sdk): 0/0/0/0, 0/1/1/1, 0/1/1/1, 0/0/0/0, 0/0/0/0, 0/0/0/0, 0/1/1/1, 0/1/1/1, 0/1/1/1
17:08:07 [DefaultDispatcher-worker-11] BlockchainServiceImpl - network capabilities changed: 101, hasInternet: true, validated: true
17:08:07 [DefaultDispatcher-worker-11] BlockchainServiceImpl - acquiring check() mutex
17:08:07 [DefaultDispatcher-worker-11] BlockchainServiceImpl - check()
17:08:07 [DefaultDispatcher-worker-11] BlockchainServiceImpl - cutover committed — holding the dashj L1 engine; SDK owns L1 this launch
17:08:07 [DefaultDispatcher-worker-11] BlockchainServiceImpl - releasing check() mutex
17:08:07 [main] BlockchainServiceImpl - cutover committed and SDK L1 scan synced — triggering identity/contacts discovery
17:08:07 [main] SendCoinsFragment - enterAmountViewModel.blockContinue = false, viewModel.dryRunSuccessful.value = true
17:08:07 [DefaultDispatcher-worker-11] BlockchainIdentityData - creation: BlockchainIdentityData(NONE, null, null, null, null, null)
17:08:08 [DefaultDispatcher-worker-11] PlatformSynchronizationService - discoverAndRecoverIdentity: checking for existing associated identity
17:08:08 [DefaultDispatcher-worker-11] SecurityGuard - loading security guard [healthy=true] with keys: [keystore_healthy, fallback_pin_wallet_password_key, primary_ui_pin_key, modern_encryption_migration_complete, fallback_mnemonic_wallet_password_key, primary_wallet_password_key, fallback_mnemonic_ui_pin_key]
17:08:08 [DefaultDispatcher-worker-11] ModernEncryptionProvider - Decrypted data for alias: wallet_password_key
17:08:08 [DefaultDispatcher-worker-11] KeyCrypterScrypt - Deriving key took 112.8 ms for N=65536, r=8, p=1.
17:08:08 [DefaultDispatcher-worker-11] DapiClient - getIdentityByFirstPublicKey(48ccf9a43eee96f92a0ca7f8dced9dc2630d05f2)
17:08:08 [DefaultDispatcher-worker-11] PlatformSynchronizationService - discoverAndRecoverIdentity: no existing identity found
17:08:08 [DefaultDispatcher-worker-11] PlatformSynchronizationService - identity-discovery guard released (no identity found) — a later discovery may run again
17:08:08 [DefaultDispatcher-worker-11] BlockchainServiceImpl - post-cutover identity discovery found nothing and the wallet has no identity — re-arming; next attempt no sooner than 120000 ms from now
17:08:08 [DefaultDispatcher-worker-5] PlatformSynchronizationService - TxMetadata settings: saveToNetwork=false frequency=afterTenTransactions saveAfter=9223372036854775807 paymentCategory=false taxCategory=false exchangeRates=false memos=false giftCards=false storedDocuments=0
17:08:09 [main] SecurityGuard - loading security guard [healthy=true] with keys: [keystore_healthy, fallback_pin_wallet_password_key, primary_ui_pin_key, modern_encryption_migration_complete, fallback_mnemonic_wallet_password_key, primary_wallet_password_key, fallback_mnemonic_ui_pin_key]
17:08:09 [main] ModernEncryptionProvider - Decrypted data for alias: ui_pin_key
17:08:09 [main] PinRetryController - PIN entered incorrectly 2times
17:08:09 [main] LockScreenActivity - LockState = INVALID_PIN
17:08:11 [DefaultDispatcher-worker-6] BlockchainServiceImpl - network capabilities changed: 101, hasInternet: true, validated: true
17:08:11 [DefaultDispatcher-worker-6] BlockchainServiceImpl - acquiring check() mutex
17:08:11 [DefaultDispatcher-worker-6] BlockchainServiceImpl - check()
17:08:11 [DefaultDispatcher-worker-6] BlockchainServiceImpl - cutover committed — holding the dashj L1 engine; SDK owns L1 this launch
17:08:11 [DefaultDispatcher-worker-6] BlockchainServiceImpl - releasing check() mutex
17:08:11 [main] SendCoinsFragment - enterAmountViewModel.blockContinue = false, viewModel.dryRunSuccessful.value = true
17:08:26 [DefaultDispatcher-worker-2] BlockchainServiceImpl - network capabilities changed: 101, hasInternet: true, validated: true
17:08:26 [DefaultDispatcher-worker-2] BlockchainServiceImpl - acquiring check() mutex
17:08:26 [DefaultDispatcher-worker-2] BlockchainServiceImpl - check()
17:08:26 [DefaultDispatcher-worker-2] BlockchainServiceImpl - cutover committed — holding the dashj L1 engine; SDK owns L1 this launch
17:08:26 [DefaultDispatcher-worker-2] BlockchainServiceImpl - releasing check() mutex
17:08:26 [main] SendCoinsFragment - enterAmountViewModel.blockContinue = false, viewModel.dryRunSuccessful.value = true
17:08:29 [DefaultDispatcher-worker-7] BlockchainServiceImpl - network capabilities changed: 101, hasInternet: true, validated: true
17:08:29 [DefaultDispatcher-worker-7] BlockchainServiceImpl - acquiring check() mutex
17:08:29 [DefaultDispatcher-worker-7] BlockchainServiceImpl - check()
17:08:29 [DefaultDispatcher-worker-7] BlockchainServiceImpl - cutover committed — holding the dashj L1 engine; SDK owns L1 this launch
17:08:29 [DefaultDispatcher-worker-7] BlockchainServiceImpl - releasing check() mutex
17:08:29 [main] SendCoinsFragment - enterAmountViewModel.blockContinue = false, viewModel.dryRunSuccessful.value = true
17:08:39 [main] SecurityGuard - loading security guard [healthy=true] with keys: [keystore_healthy, fallback_pin_wallet_password_key, primary_ui_pin_key, modern_encryption_migration_complete, fallback_mnemonic_wallet_password_key, primary_wallet_password_key, fallback_mnemonic_ui_pin_key]
17:08:39 [main] ModernEncryptionProvider - Decrypted data for alias: ui_pin_key
17:08:39 [main] BiometricHelper - No biometric credentials
17:09:00 [main] BlockchainServiceImpl - MEM pss=296MB nativeHeap=164/189MB jvm=21/576MB
17:09:00 [main] BlockchainServiceImpl - History of transactions/blocks/headers/mnlistdiff (sdk): 0/0/0/0, 0/0/0/0, 0/1/1/1, 0/1/1/1, 0/0/0/0, 0/0/0/0, 0/0/0/0, 0/1/1/1, 0/1/1/1
17:09:03 [DefaultDispatcher-worker-2] SendCoinsViewModel - executeDryRun started
17:09:03 [DefaultDispatcher-worker-2] BLSJniLibrary - Initializing BLS JNI Library
17:09:03 [DefaultDispatcher-worker-2] BLSJniLibrary - Initializing BLS JNI Library
17:09:04 [DefaultDispatcher-worker-6] SendCoinsViewModel - executeDryRun started
17:09:04 [DefaultDispatcher-worker-6] BLSJniLibrary - Initializing BLS JNI Library
17:09:04 [DefaultDispatcher-worker-6] BLSJniLibrary - Initializing BLS JNI Library
17:09:04 [DefaultDispatcher-worker-6] SendCoinsViewModel - executeDryRun finished (cutover-aware: SDK-overlaid affordability)
17:09:04 [main] SendCoinsFragment - enterAmountViewModel.blockContinue = false, viewModel.dryRunSuccessful.value = true
17:09:04 [DefaultDispatcher-worker-2] SendCoinsViewModel - executeDryRun started
17:09:04 [DefaultDispatcher-worker-2] BLSJniLibrary - Initializing BLS JNI Library
17:09:04 [DefaultDispatcher-worker-2] BLSJniLibrary - Initializing BLS JNI Library
17:09:04 [DefaultDispatcher-worker-2] SendCoinsViewModel - executeDryRun finished (cutover-aware: SDK-overlaid affordability)
17:09:04 [main] SendCoinsFragment - enterAmountViewModel.blockContinue = false, viewModel.dryRunSuccessful.value = true
17:09:04 [DefaultDispatcher-worker-2] SendCoinsViewModel - executeDryRun started
17:09:04 [DefaultDispatcher-worker-2] BLSJniLibrary - Initializing BLS JNI Library
17:09:04 [DefaultDispatcher-worker-2] BLSJniLibrary - Initializing BLS JNI Library
17:09:04 [DefaultDispatcher-worker-2] SendCoinsViewModel - executeDryRun finished (cutover-aware: SDK-overlaid affordability)
17:09:04 [main] SendCoinsFragment - enterAmountViewModel.blockContinue = false, viewModel.dryRunSuccessful.value = true
17:09:04 [DefaultDispatcher-worker-2] SendCoinsViewModel - executeDryRun started
17:09:04 [DefaultDispatcher-worker-2] BLSJniLibrary - Initializing BLS JNI Library
17:09:04 [DefaultDispatcher-worker-2] BLSJniLibrary - Initializing BLS JNI Library
17:09:04 [DefaultDispatcher-worker-2] SendCoinsViewModel - executeDryRun finished (cutover-aware: SDK-overlaid affordability)
17:09:04 [main] SendCoinsFragment - enterAmountViewModel.blockContinue = false, viewModel.dryRunSuccessful.value = true
17:09:05 [DefaultDispatcher-worker-6] SendCoinsViewModel - executeDryRun started
17:09:05 [DefaultDispatcher-worker-6] BLSJniLibrary - Initializing BLS JNI Library
17:09:05 [DefaultDispatcher-worker-6] BLSJniLibrary - Initializing BLS JNI Library
17:09:05 [DefaultDispatcher-worker-6] SendCoinsViewModel - executeDryRun finished (cutover-aware: SDK-overlaid affordability)
17:09:05 [main] SendCoinsFragment - enterAmountViewModel.blockContinue = false, viewModel.dryRunSuccessful.value = true
17:09:05 [DefaultDispatcher-worker-5] SendCoinsViewModel - executeDryRun started
17:09:05 [DefaultDispatcher-worker-5] BLSJniLibrary - Initializing BLS JNI Library
17:09:05 [DefaultDispatcher-worker-5] BLSJniLibrary - Initializing BLS JNI Library
17:09:05 [DefaultDispatcher-worker-5] SendCoinsViewModel - executeDryRun finished (cutover-aware: SDK-overlaid affordability)
17:09:05 [main] SendCoinsFragment - enterAmountViewModel.blockContinue = false, viewModel.dryRunSuccessful.value = true
17:09:05 [main] SendCoinsFragment - enterAmountViewModel.blockContinue = true, viewModel.dryRunSuccessful.value = false
17:09:07 [DefaultDispatcher-worker-2] SendCoinsViewModel - executeDryRun started
17:09:07 [DefaultDispatcher-worker-2] BLSJniLibrary - Initializing BLS JNI Library
17:09:07 [DefaultDispatcher-worker-2] BLSJniLibrary - Initializing BLS JNI Library
17:09:07 [DefaultDispatcher-worker-2] SendCoinsViewModel - executeDryRun finished (cutover-aware: SDK-overlaid affordability)
17:09:07 [main] SendCoinsFragment - enterAmountViewModel.blockContinue = false, viewModel.dryRunSuccessful.value = true
17:09:08 [DefaultDispatcher-worker-6] SendCoinsViewModel - executeDryRun started
17:09:08 [DefaultDispatcher-worker-6] BLSJniLibrary - Initializing BLS JNI Library
17:09:08 [DefaultDispatcher-worker-6] BLSJniLibrary - Initializing BLS JNI Library
17:09:08 [DefaultDispatcher-worker-6] SendCoinsViewModel - executeDryRun finished (cutover-aware: SDK-overlaid affordability)
17:09:08 [main] SendCoinsFragment - enterAmountViewModel.blockContinue = false, viewModel.dryRunSuccessful.value = true
17:09:08 [DefaultDispatcher-worker-3] SendCoinsViewModel - executeDryRun started
17:09:08 [DefaultDispatcher-worker-3] BLSJniLibrary - Initializing BLS JNI Library
17:09:08 [DefaultDispatcher-worker-3] BLSJniLibrary - Initializing BLS JNI Library
17:09:08 [DefaultDispatcher-worker-3] SendCoinsViewModel - executeDryRun finished (cutover-aware: SDK-overlaid affordability)
17:09:08 [main] SendCoinsFragment - enterAmountViewModel.blockContinue = false, viewModel.dryRunSuccessful.value = true
17:09:08 [DefaultDispatcher-worker-6] SendCoinsViewModel - executeDryRun started
17:09:08 [DefaultDispatcher-worker-6] BLSJniLibrary - Initializing BLS JNI Library
17:09:08 [DefaultDispatcher-worker-6] BLSJniLibrary - Initializing BLS JNI Library
17:09:09 [DefaultDispatcher-worker-6] SendCoinsViewModel - executeDryRun started
17:09:09 [DefaultDispatcher-worker-6] BLSJniLibrary - Initializing BLS JNI Library
17:09:09 [DefaultDispatcher-worker-6] BLSJniLibrary - Initializing BLS JNI Library
17:09:09 [DefaultDispatcher-worker-6] SendCoinsViewModel - executeDryRun finished (cutover-aware: SDK-overlaid affordability)
17:09:09 [main] SendCoinsFragment - enterAmountViewModel.blockContinue = false, viewModel.dryRunSuccessful.value = true
17:09:35 [DefaultDispatcher-worker-6] SendCoinsViewModel - executeDryRun started
17:09:35 [DefaultDispatcher-worker-6] BLSJniLibrary - Initializing BLS JNI Library
17:09:35 [DefaultDispatcher-worker-6] BLSJniLibrary - Initializing BLS JNI Library
17:09:35 [DefaultDispatcher-worker-6] SendCoinsViewModel - executeDryRun finished (cutover-aware: SDK-overlaid affordability)
17:09:35 [main] SendCoinsFragment - enterAmountViewModel.blockContinue = false, viewModel.dryRunSuccessful.value = true
17:09:35 [DefaultDispatcher-worker-2] SendCoinsViewModel - executeDryRun started
17:09:35 [DefaultDispatcher-worker-2] BLSJniLibrary - Initializing BLS JNI Library
17:09:35 [DefaultDispatcher-worker-2] BLSJniLibrary - Initializing BLS JNI Library
17:09:35 [DefaultDispatcher-worker-2] SendCoinsViewModel - executeDryRun finished (cutover-aware: SDK-overlaid affordability)
17:09:35 [main] SendCoinsFragment - enterAmountViewModel.blockContinue = false, viewModel.dryRunSuccessful.value = true
17:09:36 [DefaultDispatcher-worker-11] SendCoinsViewModel - executeDryRun started
17:09:36 [DefaultDispatcher-worker-11] BLSJniLibrary - Initializing BLS JNI Library
17:09:36 [DefaultDispatcher-worker-11] BLSJniLibrary - Initializing BLS JNI Library
17:09:36 [DefaultDispatcher-worker-11] SendCoinsViewModel - executeDryRun finished (cutover-aware: SDK-overlaid affordability)
17:09:36 [main] SendCoinsFragment - enterAmountViewModel.blockContinue = false, viewModel.dryRunSuccessful.value = true
17:09:36 [DefaultDispatcher-worker-11] SendCoinsViewModel - executeDryRun started
17:09:36 [DefaultDispatcher-worker-11] BLSJniLibrary - Initializing BLS JNI Library
17:09:36 [DefaultDispatcher-worker-11] BLSJniLibrary - Initializing BLS JNI Library
17:09:36 [DefaultDispatcher-worker-11] SendCoinsViewModel - executeDryRun finished (cutover-aware: SDK-overlaid affordability)
17:09:36 [main] SendCoinsFragment - enterAmountViewModel.blockContinue = false, viewModel.dryRunSuccessful.value = true
17:09:36 [DefaultDispatcher-worker-11] SendCoinsViewModel - executeDryRun started
17:09:36 [DefaultDispatcher-worker-11] BLSJniLibrary - Initializing BLS JNI Library
17:09:36 [DefaultDispatcher-worker-11] BLSJniLibrary - Initializing BLS JNI Library
17:09:36 [DefaultDispatcher-worker-11] SendCoinsViewModel - executeDryRun finished (cutover-aware: SDK-overlaid affordability)
17:09:36 [main] SendCoinsFragment - enterAmountViewModel.blockContinue = false, viewModel.dryRunSuccessful.value = true
17:09:36 [DefaultDispatcher-worker-2] SendCoinsViewModel - executeDryRun started
17:09:36 [DefaultDispatcher-worker-2] BLSJniLibrary - Initializing BLS JNI Library
17:09:36 [DefaultDispatcher-worker-2] BLSJniLibrary - Initializing BLS JNI Library
17:09:36 [DefaultDispatcher-worker-2] SendCoinsViewModel - executeDryRun finished (cutover-aware: SDK-overlaid affordability)
17:09:36 [main] SendCoinsFragment - enterAmountViewModel.blockContinue = false, viewModel.dryRunSuccessful.value = true
17:09:37 [main] SendCoinsFragment - enterAmountViewModel.blockContinue = true, viewModel.dryRunSuccessful.value = false
17:09:38 [DefaultDispatcher-worker-4] BlockchainServiceImpl - network capabilities changed: 101, hasInternet: true, validated: true
17:09:38 [DefaultDispatcher-worker-4] BlockchainServiceImpl - acquiring check() mutex
17:09:38 [DefaultDispatcher-worker-4] BlockchainServiceImpl - check()
17:09:38 [DefaultDispatcher-worker-4] BlockchainServiceImpl - cutover committed — holding the dashj L1 engine; SDK owns L1 this launch
17:09:38 [DefaultDispatcher-worker-4] BlockchainServiceImpl - releasing check() mutex
17:09:38 [main] SendCoinsFragment - enterAmountViewModel.blockContinue = true, viewModel.dryRunSuccessful.value = false
17:09:39 [DefaultDispatcher-worker-7] SendCoinsViewModel - executeDryRun started
17:09:39 [DefaultDispatcher-worker-7] BLSJniLibrary - Initializing BLS JNI Library
17:09:39 [DefaultDispatcher-worker-7] BLSJniLibrary - Initializing BLS JNI Library
17:09:39 [DefaultDispatcher-worker-7] SendCoinsViewModel - executeDryRun finished (cutover-aware: SDK-overlaid affordability)
17:09:39 [main] SendCoinsFragment - enterAmountViewModel.blockContinue = false, viewModel.dryRunSuccessful.value = true
17:09:39 [DefaultDispatcher-worker-9] SendCoinsViewModel - executeDryRun started
17:09:39 [DefaultDispatcher-worker-9] BLSJniLibrary - Initializing BLS JNI Library
17:09:39 [DefaultDispatcher-worker-9] BLSJniLibrary - Initializing BLS JNI Library
17:09:39 [DefaultDispatcher-worker-9] SendCoinsViewModel - executeDryRun finished (cutover-aware: SDK-overlaid affordability)
17:09:39 [main] SendCoinsFragment - enterAmountViewModel.blockContinue = false, viewModel.dryRunSuccessful.value = true
17:09:40 [DefaultDispatcher-worker-2] SendCoinsViewModel - executeDryRun started
17:09:40 [DefaultDispatcher-worker-2] BLSJniLibrary - Initializing BLS JNI Library
17:09:40 [DefaultDispatcher-worker-2] BLSJniLibrary - Initializing BLS JNI Library
17:09:40 [DefaultDispatcher-worker-2] SendCoinsViewModel - executeDryRun finished (cutover-aware: SDK-overlaid affordability)
17:09:40 [main] SendCoinsFragment - enterAmountViewModel.blockContinue = false, viewModel.dryRunSuccessful.value = true
17:09:40 [DefaultDispatcher-worker-9] SendCoinsViewModel - executeDryRun started
17:09:40 [DefaultDispatcher-worker-9] BLSJniLibrary - Initializing BLS JNI Library
17:09:40 [DefaultDispatcher-worker-9] BLSJniLibrary - Initializing BLS JNI Library
17:09:40 [DefaultDispatcher-worker-2] SendCoinsViewModel - executeDryRun started
17:09:40 [DefaultDispatcher-worker-2] BLSJniLibrary - Initializing BLS JNI Library
17:09:40 [DefaultDispatcher-worker-2] BLSJniLibrary - Initializing BLS JNI Library
17:09:40 [DefaultDispatcher-worker-2] SendCoinsViewModel - executeDryRun finished (cutover-aware: SDK-overlaid affordability)
17:09:40 [main] SendCoinsFragment - enterAmountViewModel.blockContinue = false, viewModel.dryRunSuccessful.value = true
17:09:41 [DefaultDispatcher-worker-4] BlockchainServiceImpl - network capabilities changed: 101, hasInternet: true, validated: true
17:09:41 [DefaultDispatcher-worker-4] BlockchainServiceImpl - acquiring check() mutex
17:09:41 [DefaultDispatcher-worker-4] BlockchainServiceImpl - check()
17:09:41 [DefaultDispatcher-worker-4] BlockchainServiceImpl - cutover committed — holding the dashj L1 engine; SDK owns L1 this launch
17:09:41 [DefaultDispatcher-worker-4] BlockchainServiceImpl - releasing check() mutex
17:09:41 [main] SendCoinsFragment - enterAmountViewModel.blockContinue = false, viewModel.dryRunSuccessful.value = true
17:09:45 [DefaultDispatcher-worker-1] SendCoinsViewModel - executeDryRun started
17:09:45 [DefaultDispatcher-worker-1] BLSJniLibrary - Initializing BLS JNI Library
17:09:45 [DefaultDispatcher-worker-1] BLSJniLibrary - Initializing BLS JNI Library
17:09:45 [DefaultDispatcher-worker-1] SendCoinsViewModel - executeDryRun finished (cutover-aware: SDK-overlaid affordability)
17:09:45 [main] SendCoinsFragment - enterAmountViewModel.blockContinue = false, viewModel.dryRunSuccessful.value = true
17:09:45 [DefaultDispatcher-worker-9] SendCoinsViewModel - executeDryRun started
17:09:45 [DefaultDispatcher-worker-9] BLSJniLibrary - Initializing BLS JNI Library
17:09:45 [DefaultDispatcher-worker-9] BLSJniLibrary - Initializing BLS JNI Library
17:09:45 [DefaultDispatcher-worker-9] SendCoinsViewModel - executeDryRun finished (cutover-aware: SDK-overlaid affordability)
17:09:45 [main] SendCoinsFragment - enterAmountViewModel.blockContinue = false, viewModel.dryRunSuccessful.value = true
17:09:45 [DefaultDispatcher-worker-7] L1ShadowSyncService - L1Shadow phase=SYNCED 100.0% headers 1556867/1556867 filters 1556867/1556867 wallet 1556867
17:09:45 [DefaultDispatcher-worker-10] MainViewModel - blockchain state update: mnlist=1556866; chain=1556867; wallet=-1
17:09:45 [main] SendCoinsFragment - enterAmountViewModel.blockContinue = false, viewModel.dryRunSuccessful.value = true
17:09:45 [main] SendCoinsFragment - enterAmountViewModel.blockContinue = false, viewModel.dryRunSuccessful.value = true
17:09:45 [DefaultDispatcher-worker-6] SendCoinsViewModel - executeDryRun started
17:09:45 [DefaultDispatcher-worker-6] BLSJniLibrary - Initializing BLS JNI Library
17:09:45 [DefaultDispatcher-worker-6] BLSJniLibrary - Initializing BLS JNI Library
17:09:45 [DefaultDispatcher-worker-6] SendCoinsViewModel - executeDryRun finished (cutover-aware: SDK-overlaid affordability)
17:09:45 [main] SendCoinsFragment - enterAmountViewModel.blockContinue = false, viewModel.dryRunSuccessful.value = true
17:09:45 [DefaultDispatcher-worker-5] SendCoinsViewModel - executeDryRun started
17:09:45 [DefaultDispatcher-worker-5] BLSJniLibrary - Initializing BLS JNI Library
17:09:45 [DefaultDispatcher-worker-5] BLSJniLibrary - Initializing BLS JNI Library
17:09:45 [DefaultDispatcher-worker-5] SendCoinsViewModel - executeDryRun finished (cutover-aware: SDK-overlaid affordability)
17:09:45 [main] SendCoinsFragment - enterAmountViewModel.blockContinue = false, viewModel.dryRunSuccessful.value = true
17:09:46 [DefaultDispatcher-worker-6] SendCoinsViewModel - executeDryRun started
17:09:46 [DefaultDispatcher-worker-6] BLSJniLibrary - Initializing BLS JNI Library
17:09:46 [DefaultDispatcher-worker-6] BLSJniLibrary - Initializing BLS JNI Library
17:09:46 [DefaultDispatcher-worker-6] SendCoinsViewModel - executeDryRun finished (cutover-aware: SDK-overlaid affordability)
17:09:46 [main] SendCoinsFragment - enterAmountViewModel.blockContinue = false, viewModel.dryRunSuccessful.value = true
17:09:46 [DefaultDispatcher-worker-11] SendCoinsViewModel - executeDryRun started
17:09:46 [DefaultDispatcher-worker-11] BLSJniLibrary - Initializing BLS JNI Library
17:09:46 [DefaultDispatcher-worker-11] BLSJniLibrary - Initializing BLS JNI Library
17:09:46 [DefaultDispatcher-worker-11] SendCoinsViewModel - executeDryRun finished (cutover-aware: SDK-overlaid affordability)
17:09:46 [main] SendCoinsFragment - enterAmountViewModel.blockContinue = false, viewModel.dryRunSuccessful.value = true
17:09:46 [DefaultDispatcher-worker-8] SendCoinsViewModel - executeDryRun started
17:09:46 [DefaultDispatcher-worker-8] BLSJniLibrary - Initializing BLS JNI Library
17:09:46 [DefaultDispatcher-worker-8] BLSJniLibrary - Initializing BLS JNI Library
17:09:46 [DefaultDispatcher-worker-8] SendCoinsViewModel - executeDryRun finished (cutover-aware: SDK-overlaid affordability)
17:09:46 [main] SendCoinsFragment - enterAmountViewModel.blockContinue = false, viewModel.dryRunSuccessful.value = true
17:09:46 [main] SendCoinsFragment - enterAmountViewModel.blockContinue = true, viewModel.dryRunSuccessful.value = false
17:09:47 [DefaultDispatcher-worker-2] BlockchainServiceImpl - network capabilities changed: 101, hasInternet: true, validated: true
17:09:47 [DefaultDispatcher-worker-2] BlockchainServiceImpl - acquiring check() mutex
17:09:47 [DefaultDispatcher-worker-2] BlockchainServiceImpl - check()
17:09:47 [DefaultDispatcher-worker-2] BlockchainServiceImpl - cutover committed — holding the dashj L1 engine; SDK owns L1 this launch
17:09:47 [DefaultDispatcher-worker-2] BlockchainServiceImpl - releasing check() mutex
17:09:47 [main] SendCoinsFragment - enterAmountViewModel.blockContinue = true, viewModel.dryRunSuccessful.value = false
17:09:48 [DefaultDispatcher-worker-7] L1ShadowSyncService - L1 engine chainlock height 1556866 -> 1556867
17:09:48 [DefaultDispatcher-worker-8] MainViewModel - blockchain state update: mnlist=1556866; chain=1556867; wallet=-1
17:09:48 [main] SendCoinsFragment - enterAmountViewModel.blockContinue = true, viewModel.dryRunSuccessful.value = false
17:09:49 [DefaultDispatcher-worker-7] SendCoinsViewModel - executeDryRun started
17:09:49 [DefaultDispatcher-worker-7] BLSJniLibrary - Initializing BLS JNI Library
17:09:49 [DefaultDispatcher-worker-7] BLSJniLibrary - Initializing BLS JNI Library
17:09:49 [DefaultDispatcher-worker-7] SendCoinsViewModel - executeDryRun finished (cutover-aware: SDK-overlaid affordability)
17:09:49 [main] SendCoinsFragment - enterAmountViewModel.blockContinue = false, viewModel.dryRunSuccessful.value = true
17:09:49 [DefaultDispatcher-worker-6] SendCoinsViewModel - executeDryRun started
17:09:49 [DefaultDispatcher-worker-6] BLSJniLibrary - Initializing BLS JNI Library
17:09:49 [DefaultDispatcher-worker-6] BLSJniLibrary - Initializing BLS JNI Library
17:09:49 [DefaultDispatcher-worker-6] SendCoinsViewModel - executeDryRun finished (cutover-aware: SDK-overlaid affordability)
17:09:49 [main] SendCoinsFragment - enterAmountViewModel.blockContinue = false, viewModel.dryRunSuccessful.value = true
17:09:49 [DefaultDispatcher-worker-9] SendCoinsViewModel - executeDryRun started
17:09:49 [DefaultDispatcher-worker-9] BLSJniLibrary - Initializing BLS JNI Library
17:09:49 [DefaultDispatcher-worker-9] BLSJniLibrary - Initializing BLS JNI Library
17:09:49 [DefaultDispatcher-worker-9] SendCoinsViewModel - executeDryRun finished (cutover-aware: SDK-overlaid affordability)
17:09:49 [main] SendCoinsFragment - enterAmountViewModel.blockContinue = false, viewModel.dryRunSuccessful.value = true
17:09:50 [DefaultDispatcher-worker-3] SendCoinsViewModel - executeDryRun started
17:09:50 [DefaultDispatcher-worker-3] BLSJniLibrary - Initializing BLS JNI Library
17:09:50 [DefaultDispatcher-worker-3] BLSJniLibrary - Initializing BLS JNI Library
17:09:50 [DefaultDispatcher-worker-1] SendCoinsViewModel - executeDryRun started
17:09:50 [DefaultDispatcher-worker-1] BLSJniLibrary - Initializing BLS JNI Library
17:09:50 [DefaultDispatcher-worker-1] BLSJniLibrary - Initializing BLS JNI Library
17:09:50 [DefaultDispatcher-worker-1] SendCoinsViewModel - executeDryRun finished (cutover-aware: SDK-overlaid affordability)
17:09:50 [main] SendCoinsFragment - enterAmountViewModel.blockContinue = false, viewModel.dryRunSuccessful.value = true
17:09:50 [DefaultDispatcher-worker-3] BlockchainServiceImpl - network capabilities changed: 101, hasInternet: true, validated: true
17:09:50 [DefaultDispatcher-worker-3] BlockchainServiceImpl - acquiring check() mutex
17:09:50 [DefaultDispatcher-worker-3] BlockchainServiceImpl - check()
17:09:50 [DefaultDispatcher-worker-3] BlockchainServiceImpl - cutover committed — holding the dashj L1 engine; SDK owns L1 this launch
17:09:50 [DefaultDispatcher-worker-3] BlockchainServiceImpl - releasing check() mutex
17:09:50 [main] SendCoinsFragment - enterAmountViewModel.blockContinue = false, viewModel.dryRunSuccessful.value = true
17:09:52 [DefaultDispatcher-worker-1] MainViewModel - blockchain state update: mnlist=1556867; chain=1556867; wallet=-1
17:09:52 [main] SendCoinsFragment - enterAmountViewModel.blockContinue = false, viewModel.dryRunSuccessful.value = true
17:09:54 [DefaultDispatcher-worker-2] SendCoinsViewModel - executeDryRun started
17:09:54 [DefaultDispatcher-worker-2] BLSJniLibrary - Initializing BLS JNI Library
17:09:54 [DefaultDispatcher-worker-2] BLSJniLibrary - Initializing BLS JNI Library
17:09:54 [DefaultDispatcher-worker-2] SendCoinsViewModel - executeDryRun finished (cutover-aware: SDK-overlaid affordability)
17:09:54 [main] SendCoinsFragment - enterAmountViewModel.blockContinue = false, viewModel.dryRunSuccessful.value = true
17:09:54 [DefaultDispatcher-worker-7] SendCoinsViewModel - executeDryRun started
17:09:54 [DefaultDispatcher-worker-7] BLSJniLibrary - Initializing BLS JNI Library
17:09:54 [DefaultDispatcher-worker-7] BLSJniLibrary - Initializing BLS JNI Library
17:09:54 [DefaultDispatcher-worker-7] SendCoinsViewModel - executeDryRun finished (cutover-aware: SDK-overlaid affordability)
17:09:54 [main] SendCoinsFragment - enterAmountViewModel.blockContinue = false, viewModel.dryRunSuccessful.value = true
17:09:54 [DefaultDispatcher-worker-4] SendCoinsViewModel - executeDryRun started
17:09:54 [DefaultDispatcher-worker-4] BLSJniLibrary - Initializing BLS JNI Library
17:09:54 [DefaultDispatcher-worker-4] BLSJniLibrary - Initializing BLS JNI Library
17:09:54 [DefaultDispatcher-worker-4] SendCoinsViewModel - executeDryRun finished (cutover-aware: SDK-overlaid affordability)
17:09:54 [main] SendCoinsFragment - enterAmountViewModel.blockContinue = false, viewModel.dryRunSuccessful.value = true
17:09:54 [DefaultDispatcher-worker-11] SendCoinsViewModel - executeDryRun started
17:09:54 [DefaultDispatcher-worker-11] BLSJniLibrary - Initializing BLS JNI Library
17:09:54 [DefaultDispatcher-worker-11] BLSJniLibrary - Initializing BLS JNI Library
17:09:54 [DefaultDispatcher-worker-11] SendCoinsViewModel - executeDryRun finished (cutover-aware: SDK-overlaid affordability)
17:09:54 [main] SendCoinsFragment - enterAmountViewModel.blockContinue = false, viewModel.dryRunSuccessful.value = true
17:09:55 [DefaultDispatcher-worker-4] SendCoinsViewModel - executeDryRun started
17:09:55 [DefaultDispatcher-worker-4] BLSJniLibrary - Initializing BLS JNI Library
17:09:55 [DefaultDispatcher-worker-4] BLSJniLibrary - Initializing BLS JNI Library
17:09:55 [DefaultDispatcher-worker-4] SendCoinsViewModel - executeDryRun finished (cutover-aware: SDK-overlaid affordability)
17:09:55 [main] SendCoinsFragment - enterAmountViewModel.blockContinue = false, viewModel.dryRunSuccessful.value = true
17:09:55 [DefaultDispatcher-worker-4] SendCoinsViewModel - executeDryRun started
17:09:55 [DefaultDispatcher-worker-4] BLSJniLibrary - Initializing BLS JNI Library
17:09:55 [DefaultDispatcher-worker-4] BLSJniLibrary - Initializing BLS JNI Library
17:09:55 [DefaultDispatcher-worker-4] SendCoinsViewModel - executeDryRun finished (cutover-aware: SDK-overlaid affordability)
17:09:55 [main] SendCoinsFragment - enterAmountViewModel.blockContinue = false, viewModel.dryRunSuccessful.value = true
17:09:55 [DefaultDispatcher-worker-7] SendCoinsViewModel - executeDryRun started
17:09:55 [DefaultDispatcher-worker-7] BLSJniLibrary - Initializing BLS JNI Library
17:09:55 [DefaultDispatcher-worker-7] BLSJniLibrary - Initializing BLS JNI Library
17:09:55 [DefaultDispatcher-worker-7] SendCoinsViewModel - executeDryRun finished (cutover-aware: SDK-overlaid affordability)
17:09:55 [main] SendCoinsFragment - enterAmountViewModel.blockContinue = false, viewModel.dryRunSuccessful.value = true
17:09:55 [main] SendCoinsFragment - enterAmountViewModel.blockContinue = true, viewModel.dryRunSuccessful.value = false
17:09:58 [DefaultDispatcher-worker-7] SendCoinsViewModel - executeDryRun started
17:09:58 [DefaultDispatcher-worker-7] BLSJniLibrary - Initializing BLS JNI Library
17:09:58 [DefaultDispatcher-worker-7] BLSJniLibrary - Initializing BLS JNI Library
17:09:58 [DefaultDispatcher-worker-7] SendCoinsViewModel - executeDryRun finished (cutover-aware: SDK-overlaid affordability)
17:09:58 [main] SendCoinsFragment - enterAmountViewModel.blockContinue = false, viewModel.dryRunSuccessful.value = true
17:09:58 [DefaultDispatcher-worker-6] SendCoinsViewModel - executeDryRun started
17:09:58 [DefaultDispatcher-worker-6] BLSJniLibrary - Initializing BLS JNI Library
17:09:58 [DefaultDispatcher-worker-6] BLSJniLibrary - Initializing BLS JNI Library
17:09:58 [DefaultDispatcher-worker-6] SendCoinsViewModel - executeDryRun finished (cutover-aware: SDK-overlaid affordability)
17:09:58 [main] SendCoinsFragment - enterAmountViewModel.blockContinue = false, viewModel.dryRunSuccessful.value = true
17:09:59 [DefaultDispatcher-worker-11] SendCoinsViewModel - executeDryRun started
17:09:59 [DefaultDispatcher-worker-11] BLSJniLibrary - Initializing BLS JNI Library
17:09:59 [DefaultDispatcher-worker-11] BLSJniLibrary - Initializing BLS JNI Library
17:09:59 [DefaultDispatcher-worker-11] SendCoinsViewModel - executeDryRun finished (cutover-aware: SDK-overlaid affordability)
17:09:59 [main] SendCoinsFragment - enterAmountViewModel.blockContinue = false, viewModel.dryRunSuccessful.value = true
17:09:59 [DefaultDispatcher-worker-3] SendCoinsViewModel - executeDryRun started
17:09:59 [DefaultDispatcher-worker-3] BLSJniLibrary - Initializing BLS JNI Library
17:09:59 [DefaultDispatcher-worker-3] BLSJniLibrary - Initializing BLS JNI Library
17:09:59 [DefaultDispatcher-worker-9] SendCoinsViewModel - executeDryRun started
17:09:59 [DefaultDispatcher-worker-9] BLSJniLibrary - Initializing BLS JNI Library
17:09:59 [DefaultDispatcher-worker-9] BLSJniLibrary - Initializing BLS JNI Library
17:09:59 [DefaultDispatcher-worker-9] SendCoinsViewModel - executeDryRun finished (cutover-aware: SDK-overlaid affordability)
17:09:59 [main] SendCoinsFragment - enterAmountViewModel.blockContinue = false, viewModel.dryRunSuccessful.value = true
17:10:00 [main] BlockchainServiceImpl - MEM pss=302MB nativeHeap=166/189MB jvm=24/576MB
17:10:00 [main] BlockchainServiceImpl - History of transactions/blocks/headers/mnlistdiff (sdk): 0/1/1/1, 0/0/0/0, 0/0/0/0, 0/1/1/1, 0/1/1/1, 0/0/0/0, 0/0/0/0, 0/0/0/0, 0/1/1/1
17:10:03 [native-log-bridge] DashSdkNative - 09-19 12:09:45.486  4078  4561 I DashSDK : platform_wallet::changeset::core_bridge: wallet-event batch: folded=1 wallets=1 synced_height_persisted=Some(1556867) synced_height_frozen=None synced_height_rejected=None faulted=0
17:10:03 [native-log-bridge] DashSdkNative - 09-19 12:09:48.320  4078  4562 I DashSDK : platform_wallet::changeset::core_bridge: wallet-event batch: folded=1 wallets=1 synced_height_persisted=None synced_height_frozen=None synced_height_rejected=None faulted=0
17:10:05 [DefaultDispatcher-worker-4] SendCoinsViewModel - executeDryRun started
17:10:05 [DefaultDispatcher-worker-4] BLSJniLibrary - Initializing BLS JNI Library
17:10:05 [DefaultDispatcher-worker-4] BLSJniLibrary - Initializing BLS JNI Library
17:10:05 [DefaultDispatcher-worker-4] SendCoinsViewModel - executeDryRun finished (cutover-aware: SDK-overlaid affordability)
17:10:05 [main] SendCoinsFragment - enterAmountViewModel.blockContinue = false, viewModel.dryRunSuccessful.value = true
17:10:05 [DefaultDispatcher-worker-9] SendCoinsViewModel - executeDryRun started
17:10:05 [DefaultDispatcher-worker-9] BLSJniLibrary - Initializing BLS JNI Library
17:10:05 [DefaultDispatcher-worker-9] BLSJniLibrary - Initializing BLS JNI Library
17:10:05 [DefaultDispatcher-worker-9] SendCoinsViewModel - executeDryRun finished (cutover-aware: SDK-overlaid affordability)
17:10:05 [main] SendCoinsFragment - enterAmountViewModel.blockContinue = false, viewModel.dryRunSuccessful.value = true
17:10:05 [DefaultDispatcher-worker-2] SendCoinsViewModel - executeDryRun started
17:10:05 [DefaultDispatcher-worker-2] BLSJniLibrary - Initializing BLS JNI Library
17:10:05 [DefaultDispatcher-worker-2] BLSJniLibrary - Initializing BLS JNI Library
17:10:05 [DefaultDispatcher-worker-2] SendCoinsViewModel - executeDryRun finished (cutover-aware: SDK-overlaid affordability)
17:10:05 [main] SendCoinsFragment - enterAmountViewModel.blockContinue = false, viewModel.dryRunSuccessful.value = true
17:10:06 [DefaultDispatcher-worker-3] SendCoinsViewModel - executeDryRun started
17:10:06 [DefaultDispatcher-worker-3] BLSJniLibrary - Initializing BLS JNI Library
17:10:06 [DefaultDispatcher-worker-3] BLSJniLibrary - Initializing BLS JNI Library
17:10:06 [DefaultDispatcher-worker-3] SendCoinsViewModel - executeDryRun finished (cutover-aware: SDK-overlaid affordability)
17:10:06 [main] SendCoinsFragment - enterAmountViewModel.blockContinue = false, viewModel.dryRunSuccessful.value = true
17:10:06 [DefaultDispatcher-worker-3] SendCoinsViewModel - executeDryRun started
17:10:06 [DefaultDispatcher-worker-3] BLSJniLibrary - Initializing BLS JNI Library
17:10:06 [DefaultDispatcher-worker-3] BLSJniLibrary - Initializing BLS JNI Library
17:10:06 [DefaultDispatcher-worker-3] SendCoinsViewModel - executeDryRun finished (cutover-aware: SDK-overlaid affordability)
17:10:06 [main] SendCoinsFragment - enterAmountViewModel.blockContinue = false, viewModel.dryRunSuccessful.value = true
17:10:06 [DefaultDispatcher-worker-2] SendCoinsViewModel - executeDryRun started
17:10:06 [DefaultDispatcher-worker-2] BLSJniLibrary - Initializing BLS JNI Library
17:10:06 [DefaultDispatcher-worker-2] BLSJniLibrary - Initializing BLS JNI Library
17:10:06 [DefaultDispatcher-worker-2] SendCoinsViewModel - executeDryRun finished (cutover-aware: SDK-overlaid affordability)
17:10:06 [main] SendCoinsFragment - enterAmountViewModel.blockContinue = false, viewModel.dryRunSuccessful.value = true
17:10:06 [DefaultDispatcher-worker-9] SendCoinsViewModel - executeDryRun started
17:10:06 [DefaultDispatcher-worker-9] BLSJniLibrary - Initializing BLS JNI Library
17:10:06 [DefaultDispatcher-worker-9] BLSJniLibrary - Initializing BLS JNI Library
17:10:06 [DefaultDispatcher-worker-9] SendCoinsViewModel - executeDryRun finished (cutover-aware: SDK-overlaid affordability)
17:10:06 [main] SendCoinsFragment - enterAmountViewModel.blockContinue = false, viewModel.dryRunSuccessful.value = true
17:10:06 [main] SendCoinsFragment - enterAmountViewModel.blockContinue = true, viewModel.dryRunSuccessful.value = false
17:10:09 [DefaultDispatcher-worker-10] SendCoinsViewModel - executeDryRun started
17:10:09 [DefaultDispatcher-worker-10] BLSJniLibrary - Initializing BLS JNI Library
17:10:09 [DefaultDispatcher-worker-10] BLSJniLibrary - Initializing BLS JNI Library
17:10:09 [DefaultDispatcher-worker-10] SendCoinsViewModel - executeDryRun finished (cutover-aware: SDK-overlaid affordability)
17:10:09 [main] SendCoinsFragment - enterAmountViewModel.blockContinue = false, viewModel.dryRunSuccessful.value = true
17:10:09 [DefaultDispatcher-worker-1] SendCoinsViewModel - executeDryRun started
17:10:09 [DefaultDispatcher-worker-1] BLSJniLibrary - Initializing BLS JNI Library
17:10:09 [DefaultDispatcher-worker-1] BLSJniLibrary - Initializing BLS JNI Library
17:10:09 [DefaultDispatcher-worker-1] SendCoinsViewModel - executeDryRun finished (cutover-aware: SDK-overlaid affordability)
17:10:09 [main] SendCoinsFragment - enterAmountViewModel.blockContinue = false, viewModel.dryRunSuccessful.value = true
17:10:10 [DefaultDispatcher-worker-10] SendCoinsViewModel - executeDryRun started
17:10:10 [DefaultDispatcher-worker-10] BLSJniLibrary - Initializing BLS JNI Library
17:10:10 [DefaultDispatcher-worker-10] BLSJniLibrary - Initializing BLS JNI Library
17:10:10 [DefaultDispatcher-worker-10] SendCoinsViewModel - executeDryRun finished (cutover-aware: SDK-overlaid affordability)
17:10:10 [main] SendCoinsFragment - enterAmountViewModel.blockContinue = false, viewModel.dryRunSuccessful.value = true
17:10:10 [DefaultDispatcher-worker-2] SendCoinsViewModel - executeDryRun started
17:10:10 [DefaultDispatcher-worker-2] BLSJniLibrary - Initializing BLS JNI Library
17:10:10 [DefaultDispatcher-worker-2] BLSJniLibrary - Initializing BLS JNI Library
17:10:10 [DefaultDispatcher-worker-2] SendCoinsViewModel - executeDryRun started
17:10:11 [DefaultDispatcher-worker-2] BLSJniLibrary - Initializing BLS JNI Library
17:10:11 [DefaultDispatcher-worker-2] BLSJniLibrary - Initializing BLS JNI Library
17:10:11 [DefaultDispatcher-worker-2] SendCoinsViewModel - executeDryRun finished (cutover-aware: SDK-overlaid affordability)
17:10:11 [main] SendCoinsFragment - enterAmountViewModel.blockContinue = false, viewModel.dryRunSuccessful.value = true
17:11:00 [main] BlockchainServiceImpl - MEM pss=301MB nativeHeap=164/190MB jvm=21/576MB
17:11:00 [main] BlockchainServiceImpl - History of transactions/blocks/headers/mnlistdiff (sdk): 0/0/0/0, 0/1/1/1, 0/0/0/0, 0/0/0/0, 0/1/1/1, 0/1/1/1, 0/0/0/0, 0/0/0/0, 0/0/0/0
17:11:02 [DefaultDispatcher-worker-11] SendCoinsViewModel - executeDryRun started
17:11:02 [DefaultDispatcher-worker-11] BLSJniLibrary - Initializing BLS JNI Library
17:11:02 [DefaultDispatcher-worker-11] BLSJniLibrary - Initializing BLS JNI Library
17:11:02 [DefaultDispatcher-worker-11] SendCoinsViewModel - executeDryRun finished (cutover-aware: SDK send-all / drain)
17:11:02 [main] SendCoinsFragment - enterAmountViewModel.blockContinue = false, viewModel.dryRunSuccessful.value = true
17:11:09 [main] SendCoinsTaskRunner - authenticate with pin
17:11:09 [main] SecurityGuard - loading security guard [healthy=true] with keys: [keystore_healthy, fallback_pin_wallet_password_key, primary_ui_pin_key, modern_encryption_migration_complete, fallback_mnemonic_wallet_password_key, primary_wallet_password_key, fallback_mnemonic_ui_pin_key]
17:11:12 [DefaultDispatcher-worker-1] BlockchainServiceImpl - network capabilities changed: 101, hasInternet: true, validated: true
17:11:12 [DefaultDispatcher-worker-1] BlockchainServiceImpl - acquiring check() mutex
17:11:12 [DefaultDispatcher-worker-1] BlockchainServiceImpl - check()
17:11:12 [DefaultDispatcher-worker-1] BlockchainServiceImpl - cutover committed — holding the dashj L1 engine; SDK owns L1 this launch
17:11:12 [DefaultDispatcher-worker-1] BlockchainServiceImpl - releasing check() mutex
17:11:12 [main] BlockchainServiceImpl - cutover committed and SDK L1 scan synced — triggering identity/contacts discovery
17:11:12 [main] SendCoinsFragment - enterAmountViewModel.blockContinue = false, viewModel.dryRunSuccessful.value = true
17:11:12 [DefaultDispatcher-worker-10] BlockchainIdentityData - creation: BlockchainIdentityData(NONE, null, null, null, null, null)
17:11:12 [DefaultDispatcher-worker-10] PlatformSynchronizationService - discoverAndRecoverIdentity: checking for existing associated identity
17:11:12 [DefaultDispatcher-worker-10] SecurityGuard - loading security guard [healthy=true] with keys: [keystore_healthy, fallback_pin_wallet_password_key, primary_ui_pin_key, modern_encryption_migration_complete, fallback_mnemonic_wallet_password_key, primary_wallet_password_key, fallback_mnemonic_ui_pin_key]
17:11:12 [DefaultDispatcher-worker-10] ModernEncryptionProvider - Decrypted data for alias: wallet_password_key
17:11:12 [DefaultDispatcher-worker-10] KeyCrypterScrypt - Deriving key took 119.5 ms for N=65536, r=8, p=1.
17:11:12 [DefaultDispatcher-worker-10] DapiClient - getIdentityByFirstPublicKey(48ccf9a43eee96f92a0ca7f8dced9dc2630d05f2)
17:11:13 [DefaultDispatcher-worker-10] PlatformSynchronizationService - discoverAndRecoverIdentity: no existing identity found
17:11:13 [DefaultDispatcher-worker-10] PlatformSynchronizationService - identity-discovery guard released (no identity found) — a later discovery may run again
17:11:13 [DefaultDispatcher-worker-10] BlockchainServiceImpl - post-cutover identity discovery found nothing and the wallet has no identity — re-arming; next attempt no sooner than 120000 ms from now
17:11:13 [DefaultDispatcher-worker-10] PlatformSynchronizationService - TxMetadata settings: saveToNetwork=false frequency=afterTenTransactions saveAfter=9223372036854775807 paymentCategory=false taxCategory=false exchangeRates=false memos=false giftCards=false storedDocuments=0
17:11:18 [DefaultDispatcher-worker-7] BlockchainServiceImpl - network capabilities changed: 101, hasInternet: true, validated: true
17:11:18 [DefaultDispatcher-worker-7] BlockchainServiceImpl - acquiring check() mutex
17:11:18 [DefaultDispatcher-worker-7] BlockchainServiceImpl - check()
17:11:18 [DefaultDispatcher-worker-7] BlockchainServiceImpl - cutover committed — holding the dashj L1 engine; SDK owns L1 this launch
17:11:18 [DefaultDispatcher-worker-7] BlockchainServiceImpl - releasing check() mutex
17:11:18 [main] SendCoinsFragment - enterAmountViewModel.blockContinue = false, viewModel.dryRunSuccessful.value = true
17:11:32 [main] SecurityGuard - loading security guard [healthy=true] with keys: [keystore_healthy, fallback_pin_wallet_password_key, primary_ui_pin_key, modern_encryption_migration_complete, fallback_mnemonic_wallet_password_key, primary_wallet_password_key, fallback_mnemonic_ui_pin_key]
17:11:32 [main] ModernEncryptionProvider - Decrypted data for alias: ui_pin_key
17:11:32 [main] AmountView - Exchange rate is not initialized
17:11:32 [main] AmountView - Exchange rate is not initialized
17:11:45 [DefaultDispatcher-worker-9] BlockchainServiceImpl - network capabilities changed: 101, hasInternet: true, validated: true
17:11:45 [DefaultDispatcher-worker-9] BlockchainServiceImpl - acquiring check() mutex
17:11:45 [DefaultDispatcher-worker-9] BlockchainServiceImpl - check()
17:11:45 [DefaultDispatcher-worker-9] BlockchainServiceImpl - cutover committed — holding the dashj L1 engine; SDK owns L1 this launch
17:11:45 [DefaultDispatcher-worker-9] BlockchainServiceImpl - releasing check() mutex
17:11:45 [main] SendCoinsFragment - enterAmountViewModel.blockContinue = false, viewModel.dryRunSuccessful.value = true
17:11:47 [DefaultDispatcher-worker-9] BLSJniLibrary - Initializing BLS JNI Library
17:11:47 [DefaultDispatcher-worker-9] BLSJniLibrary - Initializing BLS JNI Library
17:11:47 [DefaultDispatcher-worker-9] BLSJniLibrary - Initializing BLS JNI Library
17:11:47 [DefaultDispatcher-worker-9] BLSJniLibrary - Initializing BLS JNI Library
17:11:47 [DefaultDispatcher-worker-9] SendCoinsTaskRunner - cutover committed: routing the SendRequest payment via the SDK bridge (98999774 duffs to yRjAzoyf…, send-all)
17:11:47 [DefaultDispatcher-worker-9] SdkL1SendService - SDK l1SendAll: floor 98999435 duffs not deliverable at fee; retrying engine-authoritatively
org.dashfoundation.dashsdk.errors.DashSdkError$PlatformWallet$CoreInsufficientFunds: insufficient unreserved Core funds across the pooled funding sources [BIP44, BIP32, AllDashpayReceivingFunds]: available Some(98999774), required Some(98999819)
	at org.dashfoundation.dashsdk.errors.DashSdkError$Companion.fromPlatformWalletNative(DashSdkError.kt:691)
	at org.dashfoundation.dashsdk.errors.DashSdkError$Companion.fromNative(DashSdkError.kt:607)
	at de.schildbach.wallet.service.platform.sdk.DashSdkL1SendSource$sendAllToAddress$2.invokeSuspend(SdkL1SendService.kt:808)
	at de.schildbach.wallet.service.platform.sdk.DashSdkL1SendSource$sendAllToAddress$2.invoke(SdkL1SendService.kt:0)
	at de.schildbach.wallet.service.platform.sdk.DashSdkL1SendSource$sendAllToAddress$2.invoke(SdkL1SendService.kt:0)
	at kotlinx.coroutines.intrinsics.UndispatchedKt.startUndspatched(Undispatched.kt:66)
	at kotlinx.coroutines.intrinsics.UndispatchedKt.startUndispatchedOrReturn(Undispatched.kt:43)
	at kotlinx.coroutines.BuildersKt__Builders_commonKt.withContext(Builders.common.kt:165)
	at kotlinx.coroutines.BuildersKt.withContext(Unknown Source:1)
	at de.schildbach.wallet.service.platform.sdk.DashSdkL1SendSource.sendAllToAddress(SdkL1SendService.kt:923)
	at de.schildbach.wallet.service.platform.sdk.SdkL1SendService$sendToAddress$txidHex$1.invokeSuspend(SdkL1SendService.kt:1362)
	at de.schildbach.wallet.service.platform.sdk.SdkL1SendService$sendToAddress$txidHex$1.invoke(SdkL1SendService.kt:0)
	at de.schildbach.wallet.service.platform.sdk.SdkL1SendService$sendToAddress$txidHex$1.invoke(SdkL1SendService.kt:0)
	at de.schildbach.wallet.service.platform.sdk.DashSdkL1SendSource$withCoreSendLock$2.invokeSuspend(SdkL1SendService.kt:908)
	at de.schildbach.wallet.service.platform.sdk.DashSdkL1SendSource$withCoreSendLock$2.invoke(SdkL1SendService.kt:0)
	at de.schildbach.wallet.service.platform.sdk.DashSdkL1SendSource$withCoreSendLock$2.invoke(SdkL1SendService.kt:0)
	at kotlinx.coroutines.intrinsics.UndispatchedKt.startUndspatched(Undispatched.kt:66)
	at kotlinx.coroutines.intrinsics.UndispatchedKt.startUndispatchedOrReturn(Undispatched.kt:43)
	at kotlinx.coroutines.BuildersKt__Builders_commonKt.withContext(Builders.common.kt:165)
	at kotlinx.coroutines.BuildersKt.withContext(Unknown Source:1)
	at de.schildbach.wallet.service.platform.sdk.DashSdkL1SendSource.withCoreSendLock(SdkL1SendService.kt:907)
	at de.schildbach.wallet.service.platform.sdk.SdkL1SendService.sendToAddress-W09BKDs(SdkL1SendService.kt:1360)
	at de.schildbach.wallet.service.platform.sdk.SdkL1SendService.sendToAddress-W09BKDs$default(SdkL1SendService.kt:1237)
	at de.schildbach.wallet.payments.SendCoinsTaskRunner.sendViaSdkBridged(SendCoinsTaskRunner.kt:434)
	at de.schildbach.wallet.payments.SendCoinsTaskRunner.access$sendViaSdkBridged(SendCoinsTaskRunner.kt:333)
	at de.schildbach.wallet.payments.SendCoinsTaskRunner$sendCoins$5.invokeSuspend(SendCoinsTaskRunner.kt:1179)
	at de.schildbach.wallet.payments.SendCoinsTaskRunner$sendCoins$5.invoke(SendCoinsTaskRunner.kt:0)
	at de.schildbach.wallet.payments.SendCoinsTaskRunner$sendCoins$5.invoke(SendCoinsTaskRunner.kt:0)
	at kotlinx.coroutines.intrinsics.UndispatchedKt.startUndspatched(Undispatched.kt:66)
	at kotlinx.coroutines.intrinsics.UndispatchedKt.startUndispatchedOrReturn(Undispatched.kt:43)
	at kotlinx.coroutines.BuildersKt__Builders_commonKt.withContext(Builders.common.kt:165)
	at kotlinx.coroutines.BuildersKt.withContext(Unknown Source:1)
	at de.schildbach.wallet.payments.SendCoinsTaskRunner.sendCoins(SendCoinsTaskRunner.kt:1145)
	at de.schildbach.wallet.payments.SendCoinsTaskRunner.sendCoins$default(SendCoinsTaskRunner.kt:1137)
	at de.schildbach.wallet.ui.send.SendCoinsViewModel$signAndSendPayment$2.invokeSuspend(SendCoinsViewModel.kt:306)
	at kotlin.coroutines.jvm.internal.BaseContinuationImpl.resumeWith(ContinuationImpl.kt:33)
	at kotlinx.coroutines.DispatchedTask.run(DispatchedTask.kt:100)
	at kotlinx.coroutines.internal.LimitedDispatcher$Worker.run(LimitedDispatcher.kt:124)
	at kotlinx.coroutines.scheduling.TaskImpl.run(Tasks.kt:89)
	at kotlinx.coroutines.scheduling.CoroutineScheduler.runSafely(CoroutineScheduler.kt:586)
	at kotlinx.coroutines.scheduling.CoroutineScheduler$Worker.executeTask(CoroutineScheduler.kt:820)
	at kotlinx.coroutines.scheduling.CoroutineScheduler$Worker.runWorker(CoroutineScheduler.kt:717)
	at kotlinx.coroutines.scheduling.CoroutineScheduler$Worker.run(CoroutineScheduler.kt:704)
Caused by: org.dashfoundation.dashsdk.ffi.DashSDKException: insufficient unreserved Core funds across the pooled funding sources [BIP44, BIP32, AllDashpayReceivingFunds]: available Some(98999774), required Some(98999819)
	at org.dashfoundation.dashsdk.ffi.WalletManagerNative.coreTxBuilderFinalize(Native Method)
	at org.dashfoundation.dashsdk.wallet.CoreTransactionBuilder.finalizeAtomic$sdk_release(CoreTransactionBuilder.kt:144)
	at de.schildbach.wallet.service.platform.sdk.CoreSendAllNative.buildSignBroadcastDrain(CoreSendAllNative.java:238)
	at de.schildbach.wallet.service.platform.sdk.CoreSendAllNative.buildSignBroadcastSendAll(CoreSendAllNative.java:152)
	at de.schildbach.wallet.service.platform.sdk.DashSdkL1SendSource$sendAllToAddress$2.invokeSuspend(SdkL1SendService.kt:925)
	... 40 common frames omitted
17:11:47 [main] SendCoinsFragment - enterAmountViewModel.blockContinue = true, viewModel.dryRunSuccessful.value = true
17:11:47 [DefaultDispatcher-worker-2] L1ShadowSyncService - L1 engine tx event: Detected(txidHex=61dd9f06d875526f683a62e754bdb171d40044a2bae674468d57789a73f79aef, netAmountDuffs=-98999774, feeDuffs=null, contextCode=0, directionCode=1)
17:11:47 [DefaultDispatcher-worker-2] CutoverUiDataService - engine detected tx 61dd9f06d875526f683a62e754bdb171d40044a2bae674468d57789a73f79aef pre-block (context=0, net=-98999774 duffs) — syncing display row now
17:11:47 [DefaultDispatcher-worker-11] CutoverUiDataService - SDK balance published: 0 duffs (was 98999774) | l1Synced=true rescanArmedHold=false dashPayBackfill(armed=false,replaying=false) deferredContactBuilds=0 (unchangedReads=3) persistedAsLastKnown=true lastKnown=none
17:11:47 [DefaultDispatcher-worker-7] Constants - --> GET https://rates.ctx.com/rates?source=ctx
17:11:48 [DefaultDispatcher-worker-7] Constants - <-- 200 https://rates.ctx.com/rates?source=ctx (243ms, unknown-length body)
17:11:48 [DefaultDispatcher-worker-7] ExchangeRatesRepository - exchange rates updated successfully with de.schildbach.wallet.rates.DashRetailClient@8c522d9
17:11:48 [DefaultDispatcher-worker-7] ExchangeRatesRepository - updateTrigger
17:11:48 [DefaultDispatcher-worker-6] CutoverUiDataService - cutover UI display sync: 1 SDK records → 1 inserts, 0 status updates
17:11:48 [main] WalletTransactionsFragment - STARTUP submitData called on thread=main at 1789837908337
17:11:48 [DefaultDispatcher-worker-10] BlockchainServiceImpl - network capabilities changed: 101, hasInternet: true, validated: true
17:11:48 [DefaultDispatcher-worker-10] BlockchainServiceImpl - acquiring check() mutex
17:11:48 [DefaultDispatcher-worker-10] BlockchainServiceImpl - check()
17:11:48 [DefaultDispatcher-worker-10] BlockchainServiceImpl - cutover committed — holding the dashj L1 engine; SDK owns L1 this launch
17:11:48 [DefaultDispatcher-worker-10] BlockchainServiceImpl - releasing check() mutex
17:11:48 [main] SendCoinsFragment - enterAmountViewModel.blockContinue = true, viewModel.dryRunSuccessful.value = true
17:11:48 [DefaultDispatcher-worker-9] SdkL1SendService - SDK l1SendAll: broadcast 98999774 duffs to yRjAzoyf…, txid 61dd9f06d875526f683a62e754bdb171d40044a2bae674468d57789a73f79aef
17:11:48 [DefaultDispatcher-worker-7] L1ShadowSyncService - L1 engine tx event: InstantLocked(txidHex=61dd9f06d875526f683a62e754bdb171d40044a2bae674468d57789a73f79aef)
17:11:48 [DefaultDispatcher-worker-7] BLSJniLibrary - Initializing BLS JNI Library
17:11:48 [DefaultDispatcher-worker-7] Wallet - commitTx of 61dd9f06d875526f683a62e754bdb171d40044a2bae674468d57789a73f79aef
17:11:48 [DefaultDispatcher-worker-7] Wallet - commitTx of 61dd9f06d875526f683a62e754bdb171d40044a2bae674468d57789a73f79aef
17:11:48 [DefaultDispatcher-worker-7] Wallet -   marked aa659fc9ab82b67a6741e3e88db4fa1e3ef45de3360d33a77e9b0db872854ccc:1 as spent by 61dd9f06d875526f683a62e754bdb171d40044a2bae674468d57789a73f79aef
17:11:48 [DefaultDispatcher-worker-7] Wallet - ->pending: 61dd9f06d875526f683a62e754bdb171d40044a2bae674468d57789a73f79aef
17:11:48 [DefaultDispatcher-worker-7] Wallet - Estimated balance is now: 0.00 DASH
17:11:48 [DefaultDispatcher-worker-2] CutoverUiDataService - engine IS lock for 61dd9f06d875526f683a62e754bdb171d40044a2bae674468d57789a73f79aef — display row flipped pre-block
17:11:48 [DefaultDispatcher-worker-7] WalletFiles - Saving wallet; last seen block is height -1, date unknown, hash null
17:11:48 [main] WalletTransactionsFragment - STARTUP submitData called on thread=main at 1789837908847
17:11:48 [DefaultDispatcher-worker-7] CoinJoinExtension - CoinJoinExtension serialization: 0ms total (keys:0ms[8], cache:0ms[0], salt:0ms, io:0ms, size:1447bytes, buffer:64KB)
17:11:48 [DefaultDispatcher-worker-7] WalletProtobufSerializer - walletToProto (serial=11) timing: 3ms total, init=0ms, tx=0ms[2], keys=1ms, scripts=0ms[0], metadata=0ms, ext=1ms, friendRecv=0ms, friendSend=0ms, build=0ms
17:11:48 [DefaultDispatcher-worker-7] WalletProtobufSerializer - writeWallet timing: 3ms total (3ms/100% serialization, 0ms/0% I/O) buffer=8KB
17:11:48 [DefaultDispatcher-worker-7] WalletFiles - Save completed in 6.297 ms (16164 bytes); /data/user/0/hashengineering.darkcoin.wallet_test/files/wallet-protobuf-testnet
17:11:48 [DefaultDispatcher-worker-7] SdkBridgedTransactionFactory - bridged SDK tx 61dd9f06d875526f683a62e754bdb171d40044a2bae674468d57789a73f79aef into the dashj wallet (committed)
17:11:48 [main] BlockchainServiceImpl - .onStartCommand(Intent { act=de.schildbach.wallet.service.broadcast_transaction cmp=hashengineering.darkcoin.wallet_test/de.schildbach.wallet.service.BlockchainServiceImpl (has extras) })
17:11:48 [DefaultDispatcher-worker-2] BlockchainServiceImpl - onStartCommand waiting for onCreate to complete...
17:11:48 [DefaultDispatcher-worker-2] BlockchainServiceImpl - onCreate completed, processing onStartCommand
17:11:48 [DefaultDispatcher-worker-2] BLSJniLibrary - Initializing BLS JNI Library
17:11:48 [DefaultDispatcher-worker-2] BlockchainServiceImpl - service start command: Intent { act=de.schildbach.wallet.service.broadcast_transaction cmp=hashengineering.darkcoin.wallet_test/de.schildbach.wallet.service.BlockchainServiceImpl (has extras) }
17:11:48 [DefaultDispatcher-worker-2] BlockchainServiceImpl - broadcast transaction requested for hash: 61dd9f06d875526f683a62e754bdb171d40044a2bae674468d57789a73f79aef
17:11:48 [DefaultDispatcher-worker-2] BlockchainServiceImpl - found transaction 61dd9f06d875526f683a62e754bdb171d40044a2bae674468d57789a73f79aef in wallet
17:11:48 [DefaultDispatcher-worker-2] BlockchainServiceImpl - peergroup not available, not broadcasting transaction 61dd9f06d875526f683a62e754bdb171d40044a2bae674468d57789a73f79aef
17:11:48 [DefaultDispatcher-worker-2] BlockchainServiceImpl - .onStartCommand(Intent { act=de.schildbach.wallet.service.broadcast_transaction cmp=hashengineering.darkcoin.wallet_test/de.schildbach.wallet.service.BlockchainServiceImpl (has extras) }) finished
17:11:48 [main] SendCoinsFragment - enterAmountViewModel.blockContinue = true, viewModel.dryRunSuccessful.value = true
17:11:48 [main] SendCoinsFragment - enterAmountViewModel.blockContinue = true, viewModel.dryRunSuccessful.value = true
17:11:48 [main] WalletActivityTracker - activity lifecycle: current: SendCoinsActivity, activities: 2 visible: 1 foreground: 0
17:11:48 [main] SendCoinsFragment - enterAmountViewModel.blockContinue = false, viewModel.dryRunSuccessful.value = true
17:11:48 [main] WalletActivityTracker - activity lifecycle: activity TransactionResultActivity created
17:11:48 [main] WalletActivityTracker - activity lifecycle: current: TransactionResultActivity, activities: 3 visible: 1 foreground: 0
17:11:48 [main] SecurityGuard - loading security guard [healthy=true] with keys: [keystore_healthy, fallback_pin_wallet_password_key, primary_ui_pin_key, modern_encryption_migration_complete, fallback_mnemonic_wallet_password_key, primary_wallet_password_key, fallback_mnemonic_ui_pin_key]
17:11:48 [main] SecurityGuard - loading security guard [healthy=true] with keys: [keystore_healthy, fallback_pin_wallet_password_key, primary_ui_pin_key, modern_encryption_migration_complete, fallback_mnemonic_wallet_password_key, primary_wallet_password_key, fallback_mnemonic_ui_pin_key]
17:11:48 [main] ModernEncryptionProvider - Decrypted data for alias: wallet_password_key
17:11:48 [main] ModernEncryptionProvider - Decrypted data for alias: ui_pin_key
17:11:48 [main] WalletActivityTracker - activity lifecycle: current: TransactionResultActivity, activities: 3 visible: 2 foreground: 0
17:11:48 [main] SecurityGuard - loading security guard [healthy=true] with keys: [keystore_healthy, fallback_pin_wallet_password_key, primary_ui_pin_key, modern_encryption_migration_complete, fallback_mnemonic_wallet_password_key, primary_wallet_password_key, fallback_mnemonic_ui_pin_key]
17:11:48 [main] SecurityGuard - loading security guard [healthy=true] with keys: [keystore_healthy, fallback_pin_wallet_password_key, primary_ui_pin_key, modern_encryption_migration_complete, fallback_mnemonic_wallet_password_key, primary_wallet_password_key, fallback_mnemonic_ui_pin_key]
17:11:48 [main] LockScreenActivity - show lock screen false = ![keepUnlocked=false] && autologout=true && (keepUnlockedUntilPenEntered=false || shouldLogout=false) || isHealthy=true
17:11:48 [main] WalletActivityTracker - activity lifecycle: current: TransactionResultActivity, activities: 3 visible: 2 foreground: 1
17:11:49 [main] BlockchainServiceImpl - .onStartCommand(Intent { cmp=hashengineering.darkcoin.wallet_test/de.schildbach.wallet.service.BlockchainServiceImpl })
17:11:49 [DefaultDispatcher-worker-2] BlockchainServiceImpl - onStartCommand waiting for onCreate to complete...
17:11:49 [DefaultDispatcher-worker-2] BlockchainServiceImpl - onCreate completed, processing onStartCommand
17:11:49 [DefaultDispatcher-worker-2] BLSJniLibrary - Initializing BLS JNI Library
17:11:49 [DefaultDispatcher-worker-2] BlockchainServiceImpl - service start command: Intent { cmp=hashengineering.darkcoin.wallet_test/de.schildbach.wallet.service.BlockchainServiceImpl }
17:11:49 [DefaultDispatcher-worker-2] BlockchainServiceImpl - .onStartCommand(Intent { cmp=hashengineering.darkcoin.wallet_test/de.schildbach.wallet.service.BlockchainServiceImpl }) finished
17:11:49 [DefaultDispatcher-worker-7] WalletTransactionMetadataProvider - txmetadata for 61dd9f06d875526f683a62e754bdb171d40044a2bae674468d57789a73f79aef does not exist, perform insert, then update
17:11:49 [DefaultDispatcher-worker-7] BLSJniLibrary - Initializing BLS JNI Library
17:11:49 [DefaultDispatcher-worker-2] WalletTransactionMetadataProvider - txmetadata: inserting TransactionMetadata(txId=61dd9f06d875526f683a62e754bdb171d40044a2bae674468d57789a73f79aef, timestamp=1789837908845, value=0, type=Sent, taxCategory=null, currencyCode=null, rate=null, memo=, service=null, customIconId=null)
17:11:49 [DefaultDispatcher-worker-1] WalletTransactionMetadataProvider - metadata: TxOut of 0.9899939 DASH to yRjAzoyfZ7DpzLFmVGiLispLjUaYKRnL52 script:DUP HASH160 PUSHDATA(20)[3b556137f0c995630dc70df441c65b1dded6136d] EQUALVERIFY CHECKSIG
17:11:49 [main] WalletActivityTracker - activity lifecycle: current: SendCoinsActivity, activities: 3 visible: 1 foreground: 1
17:11:49 [main] WalletActivityTracker - activity lifecycle: activity SendCoinsActivity destroyed
17:11:49 [main] WalletActivityTracker - activity lifecycle: current: SendCoinsActivity, activities: 2 visible: 1 foreground: 1
17:12:00 [main] BlockchainServiceImpl - MEM pss=305MB nativeHeap=169/191MB jvm=29/576MB
17:12:00 [main] BlockchainServiceImpl - History of transactions/blocks/headers/mnlistdiff (sdk): 2/0/0/0, 0/0/0/0, 0/1/1/1, 0/0/0/0, 0/0/0/0, 0/1/1/1, 0/1/1/1, 0/0/0/0, 0/0/0/0
17:12:03 [native-log-bridge] DashSdkNative - 09-19 12:11:47.946  4078  4560 I DashSDK : platform_wallet::changeset::core_bridge: wallet-event batch: folded=1 wallets=1 synced_height_persisted=None synced_height_frozen=None synced_height_rejected=None faulted=0
17:12:03 [native-log-bridge] DashSdkNative - 09-19 12:11:48.845  4078  4562 I DashSDK : platform_wallet::changeset::core_bridge: wallet-event batch: folded=1 wallets=1 synced_height_persisted=None synced_height_frozen=None synced_height_rejected=None faulted=0
17:12:44 [main] BiometricHelper - No biometric credentials
17:12:44 [main] LockScreenActivity - fingerprint was disabled
17:12:44 [main] LockScreenActivity - LockState = ENTER_PIN
17:13:00 [main] BlockchainServiceImpl - MEM pss=300MB nativeHeap=167/191MB jvm=22/576MB
17:13:00 [main] BlockchainServiceImpl - History of transactions/blocks/headers/mnlistdiff (sdk): 0/0/0/0, 2/0/0/0, 0/0/0/0, 0/1/1/1, 0/0/0/0, 0/0/0/0, 0/1/1/1, 0/1/1/1, 0/0/0/0
17:13:45 [main] SecurityGuard - loading security guard [healthy=true] with keys: [keystore_healthy, fallback_pin_wallet_password_key, primary_ui_pin_key, modern_encryption_migration_complete, fallback_mnemonic_wallet_password_key, primary_wallet_password_key, fallback_mnemonic_ui_pin_key]
17:13:45 [main] ModernEncryptionProvider - Decrypted data for alias: ui_pin_key
17:13:45 [main] BiometricHelper - No biometric credentials
17:14:00 [main] BlockchainServiceImpl - MEM pss=301MB nativeHeap=164/192MB jvm=22/576MB
17:14:00 [main] BlockchainServiceImpl - History of transactions/blocks/headers/mnlistdiff (sdk): 0/0/0/0, 0/0/0/0, 2/0/0/0, 0/0/0/0, 0/1/1/1, 0/0/0/0, 0/0/0/0, 0/1/1/1, 0/1/1/1
17:14:12 [main] WalletActivityTracker - activity lifecycle: current: TransactionResultActivity, activities: 2 visible: 1 foreground: 0
17:14:12 [main] WalletActivityTracker - activity lifecycle: current: MainActivity, activities: 2 visible: 2 foreground: 0
17:14:12 [main] HistoryHeaderAdapter - set invite = null
17:14:12 [main] HistoryHeaderAdapter - set invite, synced = true
17:14:12 [main] MainViewModel - platform available: true; no identity creation is progress: true
17:14:12 [main] SecurityGuard - loading security guard [healthy=true] with keys: [keystore_healthy, fallback_pin_wallet_password_key, primary_ui_pin_key, modern_encryption_migration_complete, fallback_mnemonic_wallet_password_key, primary_wallet_password_key, fallback_mnemonic_ui_pin_key]
17:14:12 [main] SecurityGuard - loading security guard [healthy=true] with keys: [keystore_healthy, fallback_pin_wallet_password_key, primary_ui_pin_key, modern_encryption_migration_complete, fallback_mnemonic_wallet_password_key, primary_wallet_password_key, fallback_mnemonic_ui_pin_key]
17:14:12 [main] LockScreenActivity - show lock screen false = ![keepUnlocked=false] && autologout=true && (keepUnlockedUntilPenEntered=false || shouldLogout=false) || isHealthy=true
17:14:12 [main] MainActivity - updateTrigger => rateStale: RateRetrievalState(lastAttemptFailed=false, staleRates=false, volatile=false)
17:14:12 [main] WalletActivityTracker - activity lifecycle: current: MainActivity, activities: 2 visible: 2 foreground: 1
17:14:12 [main] BlockchainServiceImpl - .onStartCommand(Intent { cmp=hashengineering.darkcoin.wallet_test/de.schildbach.wallet.service.BlockchainServiceImpl })
17:14:12 [DefaultDispatcher-worker-11] BlockchainServiceImpl - onStartCommand waiting for onCreate to complete...
17:14:12 [DefaultDispatcher-worker-11] BlockchainServiceImpl - onCreate completed, processing onStartCommand
17:14:12 [DefaultDispatcher-worker-11] BLSJniLibrary - Initializing BLS JNI Library
17:14:12 [DefaultDispatcher-worker-11] BlockchainServiceImpl - service start command: Intent { cmp=hashengineering.darkcoin.wallet_test/de.schildbach.wallet.service.BlockchainServiceImpl }
17:14:12 [DefaultDispatcher-worker-11] BlockchainServiceImpl - .onStartCommand(Intent { cmp=hashengineering.darkcoin.wallet_test/de.schildbach.wallet.service.BlockchainServiceImpl }) finished
17:14:12 [main] BlockchainServiceImpl - .onStartCommand(Intent { act=de.schildbach.wallet.service.cancel_coins_received cmp=hashengineering.darkcoin.wallet_test/de.schildbach.wallet.service.BlockchainServiceImpl })
17:14:12 [DefaultDispatcher-worker-2] BlockchainServiceImpl - onStartCommand waiting for onCreate to complete...
17:14:12 [DefaultDispatcher-worker-2] BlockchainServiceImpl - onCreate completed, processing onStartCommand
17:14:12 [DefaultDispatcher-worker-2] BLSJniLibrary - Initializing BLS JNI Library
17:14:12 [DefaultDispatcher-worker-2] BlockchainServiceImpl - service start command: Intent { act=de.schildbach.wallet.service.cancel_coins_received cmp=hashengineering.darkcoin.wallet_test/de.schildbach.wallet.service.BlockchainServiceImpl }
17:14:12 [DefaultDispatcher-worker-2] BlockchainServiceImpl - .onStartCommand(Intent { act=de.schildbach.wallet.service.cancel_coins_received cmp=hashengineering.darkcoin.wallet_test/de.schildbach.wallet.service.BlockchainServiceImpl }) finished
17:14:12 [main] DeviceInfoProvider - Detecting currency based on device, mobile network or locale:
17:14:12 [main] DeviceInfoProvider - Device Sim Country: us
17:14:12 [main] MainViewModel - Updating currency exchange rate based on country: US
17:14:12 [main] WalletActivityTracker - activity lifecycle: current: TransactionResultActivity, activities: 2 visible: 1 foreground: 1
17:14:12 [main] WalletActivityTracker - activity lifecycle: activity TransactionResultActivity destroyed
17:14:12 [main] WalletActivityTracker - activity lifecycle: current: TransactionResultActivity, activities: 1 visible: 1 foreground: 1
17:14:25 [DefaultDispatcher-worker-9] BlockchainServiceImpl - network capabilities changed: 101, hasInternet: true, validated: true
17:14:25 [DefaultDispatcher-worker-9] BlockchainServiceImpl - acquiring check() mutex
17:14:25 [DefaultDispatcher-worker-9] BlockchainServiceImpl - check()
17:14:25 [DefaultDispatcher-worker-9] BlockchainServiceImpl - cutover committed — holding the dashj L1 engine; SDK owns L1 this launch
17:14:25 [DefaultDispatcher-worker-9] BlockchainServiceImpl - releasing check() mutex
17:14:25 [main] BlockchainServiceImpl - cutover committed and SDK L1 scan synced — triggering identity/contacts discovery
17:14:25 [DefaultDispatcher-worker-5] BlockchainIdentityData - creation: BlockchainIdentityData(NONE, null, null, null, null, null)
17:14:25 [DefaultDispatcher-worker-5] PlatformSynchronizationService - discoverAndRecoverIdentity: checking for existing associated identity
17:14:25 [DefaultDispatcher-worker-5] SecurityGuard - loading security guard [healthy=true] with keys: [keystore_healthy, fallback_pin_wallet_password_key, primary_ui_pin_key, modern_encryption_migration_complete, fallback_mnemonic_wallet_password_key, primary_wallet_password_key, fallback_mnemonic_ui_pin_key]
17:14:25 [DefaultDispatcher-worker-5] ModernEncryptionProvider - Decrypted data for alias: wallet_password_key
17:14:25 [DefaultDispatcher-worker-5] KeyCrypterScrypt - Deriving key took 108.8 ms for N=65536, r=8, p=1.
17:14:25 [DefaultDispatcher-worker-5] DapiClient - getIdentityByFirstPublicKey(48ccf9a43eee96f92a0ca7f8dced9dc2630d05f2)
17:14:27 [DefaultDispatcher-worker-5] PlatformSynchronizationService - discoverAndRecoverIdentity: no existing identity found
17:14:27 [DefaultDispatcher-worker-5] PlatformSynchronizationService - identity-discovery guard released (no identity found) — a later discovery may run again
17:14:27 [DefaultDispatcher-worker-5] BlockchainServiceImpl - post-cutover identity discovery found nothing and the wallet has no identity — re-arming; next attempt no sooner than 120000 ms from now
17:14:27 [DefaultDispatcher-worker-2] PlatformSynchronizationService - TxMetadata settings: saveToNetwork=false frequency=afterTenTransactions saveAfter=9223372036854775807 paymentCategory=false taxCategory=false exchangeRates=false memos=false giftCards=false storedDocuments=0
17:14:28 [DefaultDispatcher-worker-3] BlockchainServiceImpl - network capabilities changed: 101, hasInternet: true, validated: true
17:14:28 [DefaultDispatcher-worker-3] BlockchainServiceImpl - acquiring check() mutex
17:14:28 [DefaultDispatcher-worker-3] BlockchainServiceImpl - check()
17:14:28 [DefaultDispatcher-worker-3] BlockchainServiceImpl - cutover committed — holding the dashj L1 engine; SDK owns L1 this launch
17:14:28 [DefaultDispatcher-worker-3] BlockchainServiceImpl - releasing check() mutex
17:14:31 [DefaultDispatcher-worker-10] BlockchainServiceImpl - network capabilities changed: 101, hasInternet: true, validated: true
17:14:31 [DefaultDispatcher-worker-10] BlockchainServiceImpl - acquiring check() mutex
17:14:31 [DefaultDispatcher-worker-10] BlockchainServiceImpl - check()
17:14:31 [DefaultDispatcher-worker-10] BlockchainServiceImpl - cutover committed — holding the dashj L1 engine; SDK owns L1 this launch
17:14:31 [DefaultDispatcher-worker-10] BlockchainServiceImpl - releasing check() mutex
17:14:37 [DefaultDispatcher-worker-5] BlockchainServiceImpl - network capabilities changed: 101, hasInternet: true, validated: true
17:14:37 [DefaultDispatcher-worker-5] BlockchainServiceImpl - acquiring check() mutex
17:14:37 [DefaultDispatcher-worker-5] BlockchainServiceImpl - check()
17:14:37 [DefaultDispatcher-worker-5] BlockchainServiceImpl - cutover committed — holding the dashj L1 engine; SDK owns L1 this launch
17:14:37 [DefaultDispatcher-worker-5] BlockchainServiceImpl - releasing check() mutex
17:14:39 [main] WalletActivityTracker - activity lifecycle: current: MainActivity, activities: 1 visible: 1 foreground: 0
17:14:39 [main] BlockchainServiceImpl - onTrimMemory(20) called
17:14:40 [main] BlockchainServiceImpl - onTrimMemory(40) called
17:14:40 [main] AppForegroundMonitor - App moved to background
17:14:40 [main] WalletActivityTracker - activity lifecycle: current: MainActivity, activities: 1 visible: 0 foreground: 0
17:14:40 [main] WalletActivityTracker - activity lifecycle: activity MainActivity destroyed
17:14:40 [main] WalletActivityTracker - activity lifecycle: current: MainActivity, activities: 0 visible: 0 foreground: 0
17:14:40 [main] WalletActivityTracker - activity lifecycle: app closed
17:15:00 [main] WalletActivityTracker - activity lifecycle: app started
17:15:00 [main] WalletActivityTracker - activity lifecycle: activity OnboardingActivity created
17:15:00 [main] WalletActivityTracker - activity lifecycle: current: OnboardingActivity, activities: 1 visible: 0 foreground: 0
17:15:01 [main] BlockchainServiceImpl - MEM pss=248MB nativeHeap=156/186MB jvm=24/576MB
17:15:01 [main] BlockchainServiceImpl - History of transactions/blocks/headers/mnlistdiff (sdk): 0/0/0/0, 0/0/0/0, 0/0/0/0, 2/0/0/0, 0/0/0/0, 0/1/1/1, 0/0/0/0, 0/0/0/0, 0/1/1/1
17:15:01 [main] WalletActivityTracker - activity lifecycle: activity MainActivity created
17:15:01 [main] WalletActivityTracker - activity lifecycle: current: MainActivity, activities: 2 visible: 0 foreground: 0
17:15:01 [main] SecurityGuard - loading security guard [healthy=true] with keys: [keystore_healthy, fallback_pin_wallet_password_key, primary_ui_pin_key, modern_encryption_migration_complete, fallback_mnemonic_wallet_password_key, primary_wallet_password_key, fallback_mnemonic_ui_pin_key]
17:15:01 [main] SecurityGuard - loading security guard [healthy=true] with keys: [keystore_healthy, fallback_pin_wallet_password_key, primary_ui_pin_key, modern_encryption_migration_complete, fallback_mnemonic_wallet_password_key, primary_wallet_password_key, fallback_mnemonic_ui_pin_key]
17:15:01 [main] ModernEncryptionProvider - Decrypted data for alias: wallet_password_key
17:15:01 [main] ModernEncryptionProvider - Decrypted data for alias: ui_pin_key
17:15:01 [main] MainViewModel - STARTUP MainViewModel init at 1789838101076
17:15:01 [main] StartupBreadcrumbs - STARTUP breadcrumb: 12 MAIN_UI_SHOWN +1861397ms
17:15:01 [DefaultDispatcher-worker-1] MainViewModel - blockchain state update: mnlist=1556867; chain=1556867; wallet=-1
17:15:01 [DefaultDispatcher-worker-1] DapiClient - getDocuments(contractId=GWRSAVFMjXx8HpQFaNJMqBV7MBgMK4br5UESsB4S31Ec, type=domain, {limit=5, where=[]})
17:15:01 [main] Configuration - just being used - last used 27 minutes ago
17:15:01 [main] AppForegroundMonitor - App moved to foreground
17:15:01 [main] WalletActivityTracker - activity lifecycle: current: MainActivity, activities: 2 visible: 1 foreground: 0
17:15:01 [DefaultDispatcher-worker-9] DapiClient - getDocuments(contractId=GWRSAVFMjXx8HpQFaNJMqBV7MBgMK4br5UESsB4S31Ec, type=domain, {limit=5, where=[]})
17:15:01 [DefaultDispatcher-worker-5] DapiClient - getDocuments(contractId=GWRSAVFMjXx8HpQFaNJMqBV7MBgMK4br5UESsB4S31Ec, type=domain, {limit=5, where=[]})
17:15:01 [DefaultDispatcher-worker-6] CrowdNodeApiAggregator - restoring CrowdNode status
17:15:01 [DefaultDispatcher-worker-6] BLSJniLibrary - Initializing BLS JNI Library
17:15:01 [main] WalletTransactionsFragment - STARTUP WalletTransactionsFragment.onViewCreated at 1789838101086
17:15:01 [main] HistoryHeaderAdapter - set invite, synced = false
17:15:01 [main] BlockchainIdentityData - creation: BlockchainIdentityData(NONE, null, null, null, null, null)
17:15:01 [main] WalletTransactionsFragment - STARTUP submitData called on thread=main at 1789838101087
17:15:01 [main] HistoryHeaderAdapter - set invite = null
17:15:01 [main] HistoryHeaderAdapter - set invite, synced = false
17:15:01 [main] SecurityGuard - loading security guard [healthy=true] with keys: [keystore_healthy, fallback_pin_wallet_password_key, primary_ui_pin_key, modern_encryption_migration_complete, fallback_mnemonic_wallet_password_key, primary_wallet_password_key, fallback_mnemonic_ui_pin_key]
17:15:01 [main] SecurityGuard - loading security guard [healthy=true] with keys: [keystore_healthy, fallback_pin_wallet_password_key, primary_ui_pin_key, modern_encryption_migration_complete, fallback_mnemonic_wallet_password_key, primary_wallet_password_key, fallback_mnemonic_ui_pin_key]
17:15:01 [main] LockScreenActivity - show lock screen false = ![keepUnlocked=false] && autologout=true && (keepUnlockedUntilPenEntered=false || shouldLogout=false) || isHealthy=true
17:15:01 [main] MainActivity - updateTrigger => rateStale: RateRetrievalState(lastAttemptFailed=false, staleRates=false, volatile=false)
17:15:01 [main] WalletActivityTracker - activity lifecycle: current: MainActivity, activities: 2 visible: 1 foreground: 1
17:15:01 [DefaultDispatcher-worker-11] TimeUtils - timeskew: 1193; using last value
17:15:01 [main] BlockchainIdentityData - creation: BlockchainIdentityData(NONE, null, null, null, null, null)
17:15:01 [DefaultDispatcher-worker-6] Constants - --> GET https://rates.ctx.com/rates?source=ctx
17:15:01 [main] HistoryHeaderAdapter - set invite, synced = true
17:15:01 [main] BlockchainServiceImpl - .onStartCommand(Intent { cmp=hashengineering.darkcoin.wallet_test/de.schildbach.wallet.service.BlockchainServiceImpl })
17:15:01 [DefaultDispatcher-worker-7] BlockchainServiceImpl - onStartCommand waiting for onCreate to complete...
17:15:01 [DefaultDispatcher-worker-7] BlockchainServiceImpl - onCreate completed, processing onStartCommand
17:15:01 [DefaultDispatcher-worker-7] BLSJniLibrary - Initializing BLS JNI Library
17:15:01 [DefaultDispatcher-worker-7] BlockchainServiceImpl - service start command: Intent { cmp=hashengineering.darkcoin.wallet_test/de.schildbach.wallet.service.BlockchainServiceImpl }
17:15:01 [DefaultDispatcher-worker-7] BlockchainServiceImpl - .onStartCommand(Intent { cmp=hashengineering.darkcoin.wallet_test/de.schildbach.wallet.service.BlockchainServiceImpl }) finished
17:15:01 [main] BlockchainServiceImpl - .onStartCommand(Intent { act=de.schildbach.wallet.service.cancel_coins_received cmp=hashengineering.darkcoin.wallet_test/de.schildbach.wallet.service.BlockchainServiceImpl })
17:15:01 [DefaultDispatcher-worker-10] BlockchainServiceImpl - onStartCommand waiting for onCreate to complete...
17:15:01 [DefaultDispatcher-worker-10] BlockchainServiceImpl - onCreate completed, processing onStartCommand
17:15:01 [DefaultDispatcher-worker-10] BLSJniLibrary - Initializing BLS JNI Library
17:15:01 [DefaultDispatcher-worker-10] BlockchainServiceImpl - service start command: Intent { act=de.schildbach.wallet.service.cancel_coins_received cmp=hashengineering.darkcoin.wallet_test/de.schildbach.wallet.service.BlockchainServiceImpl }
17:15:01 [DefaultDispatcher-worker-10] BlockchainServiceImpl - .onStartCommand(Intent { act=de.schildbach.wallet.service.cancel_coins_received cmp=hashengineering.darkcoin.wallet_test/de.schildbach.wallet.service.BlockchainServiceImpl }) finished
17:15:01 [main] MainViewModel - platform available: false; no identity creation is progress: true
17:15:01 [main] DeviceInfoProvider - Detecting currency based on device, mobile network or locale:
17:15:01 [main] DeviceInfoProvider - Device Sim Country: us
17:15:01 [main] MainViewModel - Updating currency exchange rate based on country: US
17:15:01 [main] WalletTransactionsFragment - STARTUP swapping to live adapter: 4 items at 1789838101184
17:15:01 [main] WalletActivityTracker - activity lifecycle: activity OnboardingActivity destroyed
17:15:01 [main] WalletActivityTracker - activity lifecycle: current: MainActivity, activities: 1 visible: 1 foreground: 1
17:15:01 [DefaultDispatcher-worker-5] Platform - platform check: 674.6 ms
17:15:01 [DefaultDispatcher-worker-1] Platform - platform check: 680.2 ms
17:15:01 [DefaultDispatcher-worker-9] Platform - platform check: 693.2 ms
17:15:01 [DefaultDispatcher-worker-9] PlatformServiceImplementation - platform available 3 of 3: true
17:15:01 [main] MainViewModel - platform available: true; no identity creation is progress: true
17:15:01 [DefaultDispatcher-worker-6] Constants - <-- 200 https://rates.ctx.com/rates?source=ctx (733ms, unknown-length body)
17:15:01 [DefaultDispatcher-worker-6] ExchangeRatesRepository - exchange rates updated successfully with de.schildbach.wallet.rates.DashRetailClient@8c522d9
17:15:01 [DefaultDispatcher-worker-6] ExchangeRatesRepository - updateTrigger
17:15:01 [DefaultDispatcher-worker-10] L1ShadowSyncService - L1Shadow phase=HEADERS 100.0% headers 1556867/1556867 filters 1556867/1556867 wallet 1556867
17:15:13 [DefaultDispatcher-worker-9] BlockchainServiceImpl - network capabilities changed: 101, hasInternet: true, validated: true
17:15:13 [DefaultDispatcher-worker-9] BlockchainServiceImpl - acquiring check() mutex
17:15:13 [DefaultDispatcher-worker-9] BlockchainServiceImpl - check()
17:15:13 [DefaultDispatcher-worker-9] BlockchainServiceImpl - cutover committed — holding the dashj L1 engine; SDK owns L1 this launch
17:15:13 [DefaultDispatcher-worker-9] BlockchainServiceImpl - releasing check() mutex
17:15:16 [DefaultDispatcher-worker-9] BlockchainServiceImpl - network capabilities changed: 101, hasInternet: true, validated: true
17:15:16 [DefaultDispatcher-worker-9] BlockchainServiceImpl - acquiring check() mutex
17:15:16 [DefaultDispatcher-worker-9] BlockchainServiceImpl - check()
17:15:16 [DefaultDispatcher-worker-9] BlockchainServiceImpl - cutover committed — holding the dashj L1 engine; SDK owns L1 this launch
17:15:16 [DefaultDispatcher-worker-9] BlockchainServiceImpl - releasing check() mutex
17:15:25 [DefaultDispatcher-worker-5] BLSJniLibrary - Initializing BLS JNI Library
17:15:25 [main] BlockchainIdentityData - creation: BlockchainIdentityData(NONE, null, null, null, null, null)
17:15:31 [main] StartupBreadcrumbs - STARTUP breadcrumb: 13 LAUNCH_SURVIVED +1891447ms
17:15:33 [DefaultDispatcher-worker-6] L1ShadowSyncService - L1Shadow phase=SYNCED 100.0% headers 1556867/1556867 filters 1556867/1556867 wallet 1556867
17:16:00 [main] BlockchainServiceImpl - MEM pss=268MB nativeHeap=162/190MB jvm=24/576MB
17:16:00 [main] BlockchainServiceImpl - History of transactions/blocks/headers/mnlistdiff (sdk): 0/0/0/0, 0/0/0/0, 0/0/0/0, 0/0/0/0, 2/0/0/0, 0/0/0/0, 0/1/1/1, 0/0/0/0, 0/0/0/0
17:16:17 [DefaultDispatcher-worker-2] BlockchainServiceImpl - network capabilities changed: 101, hasInternet: true, validated: true
17:16:17 [DefaultDispatcher-worker-2] BlockchainServiceImpl - acquiring check() mutex
17:16:17 [DefaultDispatcher-worker-2] BlockchainServiceImpl - check()
17:16:17 [DefaultDispatcher-worker-2] BlockchainServiceImpl - cutover committed — holding the dashj L1 engine; SDK owns L1 this launch
17:16:17 [DefaultDispatcher-worker-2] BlockchainServiceImpl - releasing check() mutex
17:16:20 [DefaultDispatcher-worker-2] L1ShadowSyncService - L1 engine tx event: Detected(txidHex=c6fe82fdebc597c9061c11afeb64ba40df841f5de11a77e0ef24eb7404f97e41, netAmountDuffs=100000000, feeDuffs=null, contextCode=1, directionCode=0)
17:16:20 [DefaultDispatcher-worker-7] CutoverUiDataService - engine detected tx c6fe82fdebc597c9061c11afeb64ba40df841f5de11a77e0ef24eb7404f97e41 pre-block (context=1, net=100000000 duffs) — syncing display row now
17:16:20 [DefaultDispatcher-worker-11] CutoverUiDataService - SDK balance published: 100000000 duffs (was 0) | l1Synced=true rescanArmedHold=false dashPayBackfill(armed=false,replaying=false) deferredContactBuilds=0 (unchangedReads=3) persistedAsLastKnown=true lastKnown=none
17:16:20 [DefaultDispatcher-worker-9] CutoverUiDataService - cutover UI display sync: 1 SDK records → 1 inserts, 0 status updates
17:16:20 [DefaultDispatcher-worker-9] CutoverUiDataService - engine-detected receive c6fe82fdebc597c9061c11afeb64ba40df841f5de11a77e0ef24eb7404f97e41 (100000000 duffs) — notifying in 2000ms unless an outgoing sibling classifies it internal
17:16:20 [DefaultDispatcher-worker-4] Constants - --> GET https://rates.ctx.com/rates?source=ctx
17:16:20 [DefaultDispatcher-worker-4] Constants - <-- 200 https://rates.ctx.com/rates?source=ctx (80ms, unknown-length body)
17:16:20 [DefaultDispatcher-worker-10] ExchangeRatesRepository - exchange rates updated successfully with de.schildbach.wallet.rates.DashRetailClient@8c522d9
17:16:20 [DefaultDispatcher-worker-2] ExchangeRatesRepository - updateTrigger
17:16:21 [main] BiometricHelper - No biometric credentials
17:16:21 [main] LockScreenActivity - fingerprint was disabled
17:16:21 [main] LockScreenActivity - LockState = ENTER_PIN
17:16:23 [DefaultDispatcher-worker-1] BlockchainServiceImpl - network capabilities changed: 101, hasInternet: true, validated: true
17:16:23 [DefaultDispatcher-worker-1] BlockchainServiceImpl - acquiring check() mutex
17:16:23 [DefaultDispatcher-worker-1] BlockchainServiceImpl - check()
17:16:23 [DefaultDispatcher-worker-1] BlockchainServiceImpl - cutover committed — holding the dashj L1 engine; SDK owns L1 this launch
17:16:23 [DefaultDispatcher-worker-1] BlockchainServiceImpl - releasing check() mutex
17:16:33 [native-log-bridge] DashSdkNative - 09-19 12:16:20.743  4078  4559 I DashSDK : platform_wallet::changeset::core_bridge: wallet-event batch: folded=1 wallets=1 synced_height_persisted=None synced_height_frozen=None synced_height_rejected=None faulted=0
17:17:00 [main] BlockchainServiceImpl - MEM pss=264MB nativeHeap=157/189MB jvm=22/576MB
17:17:00 [main] BlockchainServiceImpl - History of transactions/blocks/headers/mnlistdiff (sdk): 1/0/0/0, 0/0/0/0, 0/0/0/0, 0/0/0/0, 0/0/0/0, 2/0/0/0, 0/0/0/0, 0/1/1/1, 0/0/0/0
17:18:00 [main] BlockchainServiceImpl - MEM pss=262MB nativeHeap=157/189MB jvm=19/576MB
17:18:00 [main] BlockchainServiceImpl - History of transactions/blocks/headers/mnlistdiff (sdk): 0/0/0/0, 1/0/0/0, 0/0/0/0, 0/0/0/0, 0/0/0/0, 0/0/0/0, 2/0/0/0, 0/0/0/0, 0/1/1/1
17:18:30 [DefaultDispatcher-worker-2] BlockchainServiceImpl - network capabilities changed: 101, hasInternet: true, validated: true
17:18:30 [DefaultDispatcher-worker-2] BlockchainServiceImpl - acquiring check() mutex
17:18:30 [DefaultDispatcher-worker-2] BlockchainServiceImpl - check()
17:18:30 [DefaultDispatcher-worker-2] BlockchainServiceImpl - cutover committed — holding the dashj L1 engine; SDK owns L1 this launch
17:18:30 [DefaultDispatcher-worker-2] BlockchainServiceImpl - releasing check() mutex
17:18:30 [main] BlockchainServiceImpl - cutover committed and SDK L1 scan synced — triggering identity/contacts discovery
17:18:30 [DefaultDispatcher-worker-7] BlockchainIdentityData - creation: BlockchainIdentityData(NONE, null, null, null, null, null)
17:18:30 [DefaultDispatcher-worker-7] PlatformSynchronizationService - discoverAndRecoverIdentity: checking for existing associated identity
17:18:30 [DefaultDispatcher-worker-7] SecurityGuard - loading security guard [healthy=true] with keys: [keystore_healthy, fallback_pin_wallet_password_key, primary_ui_pin_key, modern_encryption_migration_complete, fallback_mnemonic_wallet_password_key, primary_wallet_password_key, fallback_mnemonic_ui_pin_key]
17:18:30 [DefaultDispatcher-worker-7] ModernEncryptionProvider - Decrypted data for alias: wallet_password_key
17:18:30 [DefaultDispatcher-worker-7] KeyCrypterScrypt - Deriving key took 108.7 ms for N=65536, r=8, p=1.
17:18:30 [DefaultDispatcher-worker-7] DapiClient - getIdentityByFirstPublicKey(48ccf9a43eee96f92a0ca7f8dced9dc2630d05f2)
17:18:32 [DefaultDispatcher-worker-7] PlatformSynchronizationService - discoverAndRecoverIdentity: no existing identity found
17:18:32 [DefaultDispatcher-worker-7] PlatformSynchronizationService - identity-discovery guard released (no identity found) — a later discovery may run again
17:18:32 [DefaultDispatcher-worker-7] BlockchainServiceImpl - post-cutover identity discovery found nothing and the wallet has no identity — re-arming; next attempt no sooner than 120000 ms from now
17:18:32 [DefaultDispatcher-worker-7] PlatformSynchronizationService - TxMetadata settings: saveToNetwork=false frequency=afterTenTransactions saveAfter=9223372036854775807 paymentCategory=false taxCategory=false exchangeRates=false memos=false giftCards=false storedDocuments=0
17:18:33 [DefaultDispatcher-worker-2] BlockchainServiceImpl - network capabilities changed: 101, hasInternet: true, validated: true
17:18:33 [DefaultDispatcher-worker-2] BlockchainServiceImpl - acquiring check() mutex
17:18:33 [DefaultDispatcher-worker-2] BlockchainServiceImpl - check()
17:18:33 [DefaultDispatcher-worker-2] BlockchainServiceImpl - cutover committed — holding the dashj L1 engine; SDK owns L1 this launch
17:18:33 [DefaultDispatcher-worker-2] BlockchainServiceImpl - releasing check() mutex
17:18:36 [DefaultDispatcher-worker-8] BlockchainServiceImpl - network capabilities changed: 101, hasInternet: true, validated: true
17:18:36 [DefaultDispatcher-worker-8] BlockchainServiceImpl - acquiring check() mutex
17:18:36 [DefaultDispatcher-worker-8] BlockchainServiceImpl - check()
17:18:36 [DefaultDispatcher-worker-8] BlockchainServiceImpl - cutover committed — holding the dashj L1 engine; SDK owns L1 this launch
17:18:36 [DefaultDispatcher-worker-8] BlockchainServiceImpl - releasing check() mutex
17:18:39 [DefaultDispatcher-worker-6] BlockchainServiceImpl - network capabilities changed: 101, hasInternet: true, validated: true
17:18:39 [DefaultDispatcher-worker-6] BlockchainServiceImpl - acquiring check() mutex
17:18:39 [DefaultDispatcher-worker-6] BlockchainServiceImpl - check()
17:18:39 [DefaultDispatcher-worker-6] BlockchainServiceImpl - cutover committed — holding the dashj L1 engine; SDK owns L1 this launch
17:18:39 [DefaultDispatcher-worker-6] BlockchainServiceImpl - releasing check() mutex
17:19:00 [main] BlockchainServiceImpl - MEM pss=264MB nativeHeap=158/189MB jvm=20/576MB
17:19:00 [main] BlockchainServiceImpl - History of transactions/blocks/headers/mnlistdiff (sdk): 0/0/0/0, 0/0/0/0, 1/0/0/0, 0/0/0/0, 0/0/0/0, 0/0/0/0, 0/0/0/0, 2/0/0/0, 0/0/0/0
17:19:18 [DefaultDispatcher-worker-10] BlockchainServiceImpl - network capabilities changed: 101, hasInternet: true, validated: true
17:19:18 [DefaultDispatcher-worker-3] BlockchainServiceImpl - acquiring check() mutex
17:19:18 [DefaultDispatcher-worker-3] BlockchainServiceImpl - check()
17:19:18 [DefaultDispatcher-worker-3] BlockchainServiceImpl - cutover committed — holding the dashj L1 engine; SDK owns L1 this launch
17:19:18 [DefaultDispatcher-worker-3] BlockchainServiceImpl - releasing check() mutex
17:19:24 [DefaultDispatcher-worker-10] BlockchainServiceImpl - network capabilities changed: 101, hasInternet: true, validated: true
17:19:24 [DefaultDispatcher-worker-10] BlockchainServiceImpl - acquiring check() mutex
17:19:24 [DefaultDispatcher-worker-10] BlockchainServiceImpl - check()
17:19:24 [DefaultDispatcher-worker-10] BlockchainServiceImpl - cutover committed — holding the dashj L1 engine; SDK owns L1 this launch
17:19:24 [DefaultDispatcher-worker-10] BlockchainServiceImpl - releasing check() mutex
17:19:39 [DefaultDispatcher-worker-1] L1ShadowSyncService - L1 engine chainlock height 1556867 -> 1556868
17:19:39 [DefaultDispatcher-worker-8] MainViewModel - blockchain state update: mnlist=1556867; chain=1556867; wallet=-1
17:19:40 [DefaultDispatcher-worker-4] L1ShadowSyncService - L1Shadow phase=SYNCED 100.0% headers 1556868/1556868 filters 1556868/1556868 wallet 1556868
17:19:40 [DefaultDispatcher-worker-7] MainViewModel - blockchain state update: mnlist=1556868; chain=1556868; wallet=-1
17:19:42 [DefaultDispatcher-worker-9] BlockchainServiceImpl - network capabilities changed: 101, hasInternet: true, validated: true
17:19:42 [DefaultDispatcher-worker-9] BlockchainServiceImpl - acquiring check() mutex
17:19:42 [DefaultDispatcher-worker-9] BlockchainServiceImpl - check()
17:19:42 [DefaultDispatcher-worker-9] BlockchainServiceImpl - cutover committed — holding the dashj L1 engine; SDK owns L1 this launch
17:19:42 [DefaultDispatcher-worker-9] BlockchainServiceImpl - releasing check() mutex
17:19:44 [DefaultDispatcher-worker-8] BlockchainServiceImpl - network capabilities changed: 100, hasInternet: true, validated: true
17:19:44 [DefaultDispatcher-worker-2] BlockchainServiceImpl - network available: 100, hasInternet: true, validated: true, type: Cellular
17:19:44 [DefaultDispatcher-worker-8] BlockchainServiceImpl - acquiring check() mutex
17:19:44 [DefaultDispatcher-worker-8] BlockchainServiceImpl - check()
17:19:44 [DefaultDispatcher-worker-8] BlockchainServiceImpl - cutover committed — holding the dashj L1 engine; SDK owns L1 this launch
17:19:44 [DefaultDispatcher-worker-8] BlockchainServiceImpl - releasing check() mutex
17:19:44 [DefaultDispatcher-worker-2] BlockchainServiceImpl - acquiring check() mutex
17:19:44 [DefaultDispatcher-worker-2] BlockchainServiceImpl - check()
17:19:44 [DefaultDispatcher-worker-2] BlockchainServiceImpl - cutover committed — holding the dashj L1 engine; SDK owns L1 this launch
17:19:44 [DefaultDispatcher-worker-2] BlockchainServiceImpl - releasing check() mutex
17:19:45 [DefaultDispatcher-worker-5] BlockchainServiceImpl - network capabilities changed: 101, hasInternet: true, validated: true
17:19:45 [DefaultDispatcher-worker-5] BlockchainServiceImpl - acquiring check() mutex
17:19:45 [DefaultDispatcher-worker-5] BlockchainServiceImpl - check()
17:19:45 [DefaultDispatcher-worker-5] BlockchainServiceImpl - cutover committed — holding the dashj L1 engine; SDK owns L1 this launch
17:19:45 [DefaultDispatcher-worker-5] BlockchainServiceImpl - releasing check() mutex
17:20:00 [main] BlockchainServiceImpl - MEM pss=264MB nativeHeap=158/190MB jvm=20/576MB
17:20:00 [main] BlockchainServiceImpl - History of transactions/blocks/headers/mnlistdiff (sdk): 0/1/1/1, 0/0/0/0, 0/0/0/0, 1/0/0/0, 0/0/0/0, 0/0/0/0, 0/0/0/0, 0/0/0/0, 2/0/0/0
17:20:04 [native-log-bridge] DashSdkNative - 09-19 12:19:39.929  4078  4560 I DashSDK : platform_wallet::changeset::core_bridge: wallet-event batch: folded=1 wallets=1 synced_height_persisted=None synced_height_frozen=None synced_height_rejected=None faulted=0
17:20:04 [native-log-bridge] DashSdkNative - 09-19 12:19:39.999  4078  4559 I DashSDK : platform_wallet::changeset::core_bridge: wallet-event batch: folded=1 wallets=1 synced_height_persisted=None synced_height_frozen=None synced_height_rejected=None faulted=0
17:20:04 [native-log-bridge] DashSdkNative - 09-19 12:19:40.002  4078  4559 I DashSDK : platform_wallet::changeset::core_bridge: wallet-event batch: folded=1 wallets=1 synced_height_persisted=Some(1556868) synced_height_frozen=None synced_height_rejected=None faulted=0
17:21:00 [main] BlockchainServiceImpl - MEM pss=262MB nativeHeap=158/190MB jvm=19/576MB
17:21:00 [main] BlockchainServiceImpl - History of transactions/blocks/headers/mnlistdiff (sdk): 0/0/0/0, 0/1/1/1, 0/0/0/0, 0/0/0/0, 1/0/0/0, 0/0/0/0, 0/0/0/0, 0/0/0/0, 0/0/0/0
17:21:07 [DefaultDispatcher-worker-11] BlockchainServiceImpl - network lost: 100, remaining networks: 1
17:21:33 [main] SecurityGuard - loading security guard [healthy=true] with keys: [keystore_healthy, fallback_pin_wallet_password_key, primary_ui_pin_key, modern_encryption_migration_complete, fallback_mnemonic_wallet_password_key, primary_wallet_password_key, fallback_mnemonic_ui_pin_key]
17:21:33 [main] ModernEncryptionProvider - Decrypted data for alias: ui_pin_key
17:21:33 [main] BiometricHelper - No biometric credentials
17:22:00 [main] BlockchainServiceImpl - MEM pss=263MB nativeHeap=159/190MB jvm=20/576MB
17:22:00 [main] BlockchainServiceImpl - History of transactions/blocks/headers/mnlistdiff (sdk): 0/0/0/0, 0/0/0/0, 0/1/1/1, 0/0/0/0, 0/0/0/0, 1/0/0/0, 0/0/0/0, 0/0/0/0, 0/0/0/0
17:22:07 [main] WalletTransactionsFragment - STARTUP WalletTransactionsFragment.onViewCreated at 1789838527857
17:22:07 [main] HistoryHeaderAdapter - set invite, synced = true
17:22:07 [main] WalletTransactionsFragment - STARTUP submitData called on thread=main at 1789838527857
17:22:07 [main] HistoryHeaderAdapter - set invite = null
17:22:07 [main] HistoryHeaderAdapter - set invite, synced = true
17:22:07 [main] WalletTransactionsFragment - STARTUP swapping to live adapter: 5 items at 1789838527891
17:22:25 [main] BlockchainIdentityData - creation: BlockchainIdentityData(NONE, null, null, null, null, null)
17:22:25 [main] BlockchainIdentityData - creation: BlockchainIdentityData(NONE, null, null, null, null, null)
17:22:25 [main] BlockchainIdentityData - creation: BlockchainIdentityData(NONE, null, null, null, null, null)
17:22:31 [main] BiometricHelper - No biometric credentials
17:22:31 [main] BiometricHelper - No biometric credentials
17:22:31 [main] BiometricHelper - No biometric credentials
17:22:31 [main] BlockchainIdentityData - creation: BlockchainIdentityData(NONE, null, null, null, null, null)
17:22:31 [DefaultDispatcher-worker-5] Constants - --> GET https://rates.ctx.com/rates?source=ctx
17:22:32 [DefaultDispatcher-worker-5] Constants - <-- 200 https://rates.ctx.com/rates?source=ctx (978ms, unknown-length body)
17:22:32 [DefaultDispatcher-worker-5] ExchangeRatesRepository - exchange rates updated successfully with de.schildbach.wallet.rates.DashRetailClient@8c522d9
17:22:32 [DefaultDispatcher-worker-6] ExchangeRatesRepository - updateTrigger
17:22:34 [DefaultDispatcher-worker-8] BlockchainServiceImpl - network capabilities changed: 101, hasInternet: true, validated: true
17:22:34 [DefaultDispatcher-worker-8] BlockchainServiceImpl - acquiring check() mutex
17:22:34 [DefaultDispatcher-worker-8] BlockchainServiceImpl - check()
17:22:34 [DefaultDispatcher-worker-8] BlockchainServiceImpl - cutover committed — holding the dashj L1 engine; SDK owns L1 this launch
17:22:34 [DefaultDispatcher-worker-8] BlockchainServiceImpl - releasing check() mutex
17:22:34 [main] BlockchainServiceImpl - cutover committed and SDK L1 scan synced — triggering identity/contacts discovery
17:22:34 [DefaultDispatcher-worker-6] BlockchainIdentityData - creation: BlockchainIdentityData(NONE, null, null, null, null, null)
17:22:34 [DefaultDispatcher-worker-6] PlatformSynchronizationService - discoverAndRecoverIdentity: checking for existing associated identity
17:22:34 [DefaultDispatcher-worker-6] SecurityGuard - loading security guard [healthy=true] with keys: [keystore_healthy, fallback_pin_wallet_password_key, primary_ui_pin_key, modern_encryption_migration_complete, fallback_mnemonic_wallet_password_key, primary_wallet_password_key, fallback_mnemonic_ui_pin_key]
17:22:34 [DefaultDispatcher-worker-6] ModernEncryptionProvider - Decrypted data for alias: wallet_password_key
17:22:34 [DefaultDispatcher-worker-6] KeyCrypterScrypt - Deriving key took 105.4 ms for N=65536, r=8, p=1.
17:22:34 [DefaultDispatcher-worker-6] DapiClient - getIdentityByFirstPublicKey(48ccf9a43eee96f92a0ca7f8dced9dc2630d05f2)
17:22:35 [DefaultDispatcher-worker-6] PlatformSynchronizationService - discoverAndRecoverIdentity: no existing identity found
17:22:35 [DefaultDispatcher-worker-6] PlatformSynchronizationService - identity-discovery guard released (no identity found) — a later discovery may run again
17:22:35 [DefaultDispatcher-worker-6] BlockchainServiceImpl - post-cutover identity discovery found nothing and the wallet has no identity — re-arming; next attempt no sooner than 120000 ms from now
17:22:35 [DefaultDispatcher-worker-6] PlatformSynchronizationService - TxMetadata settings: saveToNetwork=false frequency=afterTenTransactions saveAfter=9223372036854775807 paymentCategory=false taxCategory=false exchangeRates=false memos=false giftCards=false storedDocuments=0
17:22:37 [DefaultDispatcher-worker-6] BlockchainServiceImpl - network capabilities changed: 101, hasInternet: true, validated: true
17:22:37 [DefaultDispatcher-worker-6] BlockchainServiceImpl - acquiring check() mutex
17:22:37 [DefaultDispatcher-worker-6] BlockchainServiceImpl - check()
17:22:37 [DefaultDispatcher-worker-6] BlockchainServiceImpl - cutover committed — holding the dashj L1 engine; SDK owns L1 this launch
17:22:37 [DefaultDispatcher-worker-6] BlockchainServiceImpl - releasing check() mutex
17:22:45 [main] SecurityGuard - loading security guard [healthy=true] with keys: [keystore_healthy, fallback_pin_wallet_password_key, primary_ui_pin_key, modern_encryption_migration_complete, fallback_mnemonic_wallet_password_key, primary_wallet_password_key, fallback_mnemonic_ui_pin_key]
17:22:45 [main] SecurityGuard - loading security guard [healthy=true] with keys: [keystore_healthy, fallback_pin_wallet_password_key, primary_ui_pin_key, modern_encryption_migration_complete, fallback_mnemonic_wallet_password_key, primary_wallet_password_key, fallback_mnemonic_ui_pin_key]
17:23:00 [main] BlockchainServiceImpl - MEM pss=277MB nativeHeap=171/197MB jvm=26/576MB
17:23:00 [main] BlockchainServiceImpl - History of transactions/blocks/headers/mnlistdiff (sdk): 0/0/0/0, 0/0/0/0, 0/0/0/0, 0/1/1/1, 0/0/0/0, 0/0/0/0, 1/0/0/0, 0/0/0/0, 0/0/0/0
17:23:06 [main] ModernEncryptionProvider - Decrypted data for alias: ui_pin_key
17:23:06 [main] ModernEncryptionProvider - Decrypted data for alias: wallet_password_key
17:23:06 [DefaultDispatcher-worker-11] KeyCrypterScrypt - Deriving key took 111.0 ms for N=65536, r=8, p=1.
17:23:06 [main] SecurityGuard - loading security guard [healthy=true] with keys: [keystore_healthy, fallback_pin_wallet_password_key, primary_ui_pin_key, modern_encryption_migration_complete, fallback_mnemonic_wallet_password_key, primary_wallet_password_key, fallback_mnemonic_ui_pin_key]
17:23:06 [main] SecurityGuard - loading security guard [healthy=true] with keys: [keystore_healthy, fallback_pin_wallet_password_key, primary_ui_pin_key, modern_encryption_migration_complete, fallback_mnemonic_wallet_password_key, primary_wallet_password_key, fallback_mnemonic_ui_pin_key]
17:23:07 [DefaultDispatcher-worker-3] BlockchainServiceImpl - network capabilities changed: 101, hasInternet: true, validated: true
17:23:07 [DefaultDispatcher-worker-3] BlockchainServiceImpl - acquiring check() mutex
17:23:07 [DefaultDispatcher-worker-3] BlockchainServiceImpl - check()
17:23:07 [DefaultDispatcher-worker-3] BlockchainServiceImpl - cutover committed — holding the dashj L1 engine; SDK owns L1 this launch
17:23:07 [DefaultDispatcher-worker-3] BlockchainServiceImpl - releasing check() mutex
17:23:10 [DefaultDispatcher-worker-3] BlockchainServiceImpl - network capabilities changed: 101, hasInternet: true, validated: true
17:23:10 [DefaultDispatcher-worker-3] BlockchainServiceImpl - acquiring check() mutex
17:23:10 [DefaultDispatcher-worker-3] BlockchainServiceImpl - check()
17:23:10 [DefaultDispatcher-worker-3] BlockchainServiceImpl - cutover committed — holding the dashj L1 engine; SDK owns L1 this launch
17:23:10 [DefaultDispatcher-worker-3] BlockchainServiceImpl - releasing check() mutex
17:23:12 [DefaultDispatcher-worker-5] L1ShadowSyncService - L1 engine chainlock height 1556868 -> 1556869
17:23:12 [DefaultDispatcher-worker-1] MainViewModel - blockchain state update: mnlist=1556868; chain=1556868; wallet=-1
17:23:13 [DefaultDispatcher-worker-6] L1ShadowSyncService - L1Shadow phase=SYNCED 100.0% headers 1556869/1556869 filters 1556869/1556869 wallet 1556869
17:23:13 [DefaultDispatcher-worker-8] MainViewModel - blockchain state update: mnlist=1556869; chain=1556869; wallet=-1
17:23:24 [main] BiometricHelper - No biometric credentials
17:23:24 [main] BiometricHelper - No biometric credentials
17:23:24 [main] BiometricHelper - No biometric credentials
17:23:24 [DefaultDispatcher-worker-11] Constants - --> GET https://rates.ctx.com/rates?source=ctx
17:23:25 [DefaultDispatcher-worker-11] Constants - <-- 200 https://rates.ctx.com/rates?source=ctx (78ms, unknown-length body)
17:23:25 [DefaultDispatcher-worker-11] ExchangeRatesRepository - exchange rates updated successfully with de.schildbach.wallet.rates.DashRetailClient@8c522d9
17:23:25 [DefaultDispatcher-worker-7] ExchangeRatesRepository - updateTrigger
17:23:34 [native-log-bridge] DashSdkNative - 09-19 12:23:12.600  4078  4559 I DashSDK : platform_wallet::changeset::core_bridge: wallet-event batch: folded=1 wallets=1 synced_height_persisted=Some(1556869) synced_height_frozen=None synced_height_rejected=None faulted=0
17:23:34 [native-log-bridge] DashSdkNative - 09-19 12:23:12.891  4078  4562 I DashSDK : platform_wallet::changeset::core_bridge: wallet-event batch: folded=1 wallets=1 synced_height_persisted=None synced_height_frozen=None synced_height_rejected=None faulted=0
17:23:43 [main] WalletApplication - Removing all the data and restarting the app.
17:23:43 [main] AppRestartService - perform restart on application context: true
17:23:43 [main] WalletActivityTracker - activity lifecycle: current: MainActivity, activities: 1 visible: 1 foreground: 0
17:23:43 [main] BlockchainServiceImpl - .onStartCommand(Intent { act=de.schildbach.wallet.service.wipe_wallet cmp=hashengineering.darkcoin.wallet_test/de.schildbach.wallet.service.BlockchainServiceImpl })
17:23:43 [DefaultDispatcher-worker-8] BlockchainServiceImpl - onStartCommand waiting for onCreate to complete...
17:23:43 [DefaultDispatcher-worker-8] BlockchainServiceImpl - onCreate completed, processing onStartCommand
17:23:43 [DefaultDispatcher-worker-8] BLSJniLibrary - Initializing BLS JNI Library
17:23:43 [DefaultDispatcher-worker-8] BlockchainServiceImpl - service start command: Intent { act=de.schildbach.wallet.service.wipe_wallet cmp=hashengineering.darkcoin.wallet_test/de.schildbach.wallet.service.BlockchainServiceImpl }
17:23:43 [DefaultDispatcher-worker-8] BlockchainServiceImpl - will remove blockchain and delete walletFile on service shutdown
17:23:43 [DefaultDispatcher-worker-8] BlockchainServiceImpl - .onStartCommand(Intent { act=de.schildbach.wallet.service.wipe_wallet cmp=hashengineering.darkcoin.wallet_test/de.schildbach.wallet.service.BlockchainServiceImpl }) finished
17:23:43 [main] WalletActivityTracker - activity lifecycle: activity OnboardingActivity created
17:23:43 [main] WalletActivityTracker - activity lifecycle: current: OnboardingActivity, activities: 2 visible: 1 foreground: 0
17:23:43 [main] OnboardingActivity - reset in progress — holding onboarding until the wipe finishes
17:23:43 [main] WalletActivityTracker - activity lifecycle: current: OnboardingActivity, activities: 2 visible: 2 foreground: 0
17:23:43 [main] WalletActivityTracker - activity lifecycle: current: OnboardingActivity, activities: 2 visible: 2 foreground: 1
17:23:43 [main] BlockchainServiceImpl - .onDestroy()
17:23:43 [main] BlockchainServiceImpl - receivers unregistered, Now starting coroutine to finish the rest of the cleanup
17:23:43 [main] BlockchainServiceImpl - service was up for 36 minutes
17:23:43 [DefaultDispatcher-worker-5] BlockchainServiceImpl - The onCreateCompleted is active: false
17:23:43 [DefaultDispatcher-worker-5] BlockchainServiceImpl - The check() mutex is locked: false
17:23:43 [DefaultDispatcher-worker-5] BlockchainServiceImpl - Created new cleanupDeferred for coordination (previous was null)
17:23:43 [DefaultDispatcher-worker-5] BlockchainServiceImpl - detaching from wallet
17:23:43 [DefaultDispatcher-worker-5] WalletApplication - last used 8 minutes ago, rescheduling blockchain sync in roughly 15 minutes
17:23:43 [DefaultDispatcher-worker-5] WalletApplication - ALARM-DIAG armed reason=periodic-15min firstFireInMinutes=15 repeat=1440min exact=false batteryOptimisationExempt=false - if no matching 'started by alarm' line follows, the background FGS start was refused
17:23:43 [DefaultDispatcher-worker-5] BlockchainServiceImpl - stop monitoring 0 old transactions
17:23:43 [DefaultDispatcher-worker-1] L1ShadowSyncService - L1Shadow progress monitor cancelled (StandaloneCoroutine was cancelled)
17:23:43 [DefaultDispatcher-worker-1] L1ShadowSyncService - L1Shadow parity probe loop cancelled (StandaloneCoroutine was cancelled)
17:23:43 [DefaultDispatcher-worker-1] L1ShadowSyncService - L1Shadow probe watchdog cancelled (StandaloneCoroutine was cancelled)
17:23:43 [DefaultDispatcher-worker-1] L1ShadowSyncService - L1Shadow wallet-event tap cancelled (StandaloneCoroutine was cancelled)
17:23:43 [DefaultDispatcher-worker-5] L1ShadowSyncService - L1ShadowLifecycle watermark at stop: durable syncedHeight 1556869 covers the committed cursor 1556869 (filter 1556869)
17:23:43 [DefaultDispatcher-worker-5] L1ShadowSyncService - L1ShadowLifecycle STOPPED after 36m27s up; all four loops torn down (progress monitor, parity probe, watchdog, wallet-event tap); teardown #1 this process. Nothing runs until the next startIfEnabled().
17:23:43 [DefaultDispatcher-worker-5] BlockchainServiceImpl - CLEANUP STEP 5: About to stop peerConnectivityListener
17:23:43 [DefaultDispatcher-worker-5] BlockchainServiceImpl - CLEANUP STEP 5: peerConnectivityListener stopped
17:23:43 [DefaultDispatcher-worker-5] BlockchainServiceImpl - CLEANUP STEP 6: delayHandler callbacks cleared
17:23:43 [DefaultDispatcher-worker-5] BlockchainServiceImpl - closing blockchain stores
17:23:43 [DefaultDispatcher-worker-5] BlockchainServiceImpl - removing blockchain
17:23:43 [DefaultDispatcher-worker-5] AbstractQuorumState - resetting masternode list; force: true, requestFreshList: false
17:23:43 [DefaultDispatcher-worker-5] AbstractQuorumState - resetting masternode list; force: true, requestFreshList: false
17:23:43 [DefaultDispatcher-worker-5] BlockchainServiceImpl - removing wallet file and app data
17:23:43 [main] WalletApplication - removing wallet from memory during wipe
17:23:43 [DefaultDispatcher-worker-2] WalletApplication - last used 8 minutes ago, rescheduling blockchain sync in roughly 15 minutes
17:23:43 [DefaultDispatcher-worker-2] WalletApplication - ALARM-DIAG armed reason=periodic-15min firstFireInMinutes=15 repeat=1440min exact=false batteryOptimisationExempt=false - if no matching 'started by alarm' line follows, the background FGS start was refused
17:23:43 [DefaultDispatcher-worker-9] WalletObserver - observing transactions stop: de.schildbach.wallet.transactions.WalletObserver@dccfc34
17:23:43 [DefaultDispatcher-worker-9] WalletObserver - Error setting up transaction observation
kotlinx.coroutines.flow.internal.ChildCancelledException: Child of the scoped flow was cancelled
17:23:43 [main] WalletActivityTracker - activity lifecycle: current: MainActivity, activities: 2 visible: 1 foreground: 1
17:23:43 [main] WalletActivityTracker - activity lifecycle: activity MainActivity destroyed
17:23:43 [main] WalletActivityTracker - activity lifecycle: current: MainActivity, activities: 1 visible: 1 foreground: 1
17:23:43 [DefaultDispatcher-worker-12] SdkBlockchainStateService - cutover rolled back — clearing SDK-derived BlockchainState
17:23:43 [DefaultDispatcher-worker-2] WalletApplication - datastore preferences cleared; api-cleared: [maya.preferences_pb, security_backup.preferences_pb, coinbase.preferences_pb, blockchain_service.preferences_pb, platform-identity.preferences_pb, dashpay.preferences_pb, wallet_ui.preferences_pb, crowdnode.preferences_pb, uphold.preferences_pb, exchange_rates_config.preferences_pb, explore.preferences_pb], file-deleted: [org.dashfoundation.wallet.secrets.preferences_pb]
17:23:43 [DefaultDispatcher-worker-2] CrowdNodeApiAggregator - reset is triggered
17:23:43 [DefaultDispatcher-worker-1] MayaApiAggregator - reset is triggered
17:23:44 [DefaultDispatcher-worker-2] SecurityGuard - loading security guard [healthy=true] with keys: [keystore_healthy, fallback_pin_wallet_password_key, primary_ui_pin_key, modern_encryption_migration_complete, fallback_mnemonic_wallet_password_key, primary_wallet_password_key, fallback_mnemonic_ui_pin_key]
17:23:44 [DefaultDispatcher-worker-2] SecurityGuard - removing security keys
17:23:44 [DefaultDispatcher-worker-2] ModernEncryptionProvider - deleting ui_pin_key
17:23:44 [DefaultDispatcher-worker-2] ModernEncryptionProvider - deleting wallet_password_key
17:23:44 [main] SecurityGuard - Notifying 14 health listeners of status change: HEALTHY
17:23:44 [main] SecurityGuard - Notifying 14 health listeners of status change: HEALTHY
17:23:44 [main] SecurityGuard - Notifying 14 health listeners of status change: HEALTHY
17:23:44 [main] SecurityGuard - Notifying 14 health listeners of status change: HEALTHY
17:23:44 [main] SecurityGuard - Notifying 14 health listeners of status change: HEALTHY
17:23:44 [DefaultDispatcher-worker-2] SecurityGuard - Cleared DataStore backups
17:23:44 [DefaultDispatcher-worker-2] PlatformSynchronizationService - stopping the platform sync machinery for a wallet reset/rescan
17:23:44 [DefaultDispatcher-worker-2] PlatformSynchronizationService - platform sync machinery stopped
17:23:44 [DefaultDispatcher-worker-1] L1ShadowSyncService - wallet-wipe SDK cleanup for wallet e4c92342: stopping shadow + shielded sync, removing the SDK wallet (full cascade), deleting the SPV dataDir, clearing the binder latch — NO rebind (the next wallet setup binds fresh). SDK-side state only; dashj is untouched
17:23:44 [DefaultDispatcher-worker-1] DashSdkServiceImpl - removing SDK wallet e4c92342… — full persistence cascade (Room wallet/identity/TXO/address/shielded rows, Keystore-backed identity keys and mnemonic, native wallet handle); dashj state is untouched and the next bind re-creates the same deterministic wallet id from the app seed
17:23:44 [DefaultDispatcher-worker-1] DashSdkServiceImpl - SDK wallet e4c92342… removed
17:23:44 [DefaultDispatcher-worker-1] L1ShadowSyncService - L1 shadow hard reset: deleted SPV dataDir /data/user/0/hashengineering.darkcoin.wallet_test/files/l1_shadow_spv/testnet (21 files) — header store and scan watermark gone; the restart re-scans from the wallet's birth height
17:23:44 [DefaultDispatcher-worker-1] SdkWalletBinder - binder state reset for SDK wallet re-creation: bound wallet id and success latch cleared — the next binding trigger runs a full bind + discovery pass
17:23:44 [DefaultDispatcher-worker-1] L1ShadowSyncService - wallet-wipe SDK cleanup complete for wallet e4c92342: the next wallet binds fresh
17:23:44 [DefaultDispatcher-worker-1] IdentityRepository - clearing databases (includeInvitations = true)
17:23:44 [DefaultDispatcher-worker-1] BlockchainIdentityConfig - clearing data
17:23:44 [DefaultDispatcher-worker-9] DashPayConfig - debug SDK flag seeding: seeded ON = [use_kotlin_sdk_dpns_reads, use_kotlin_sdk_dashpay_writes, use_kotlin_sdk_shielded, use_kotlin_sdk_l1_invite, use_kotlin_sdk_l1_shadow], already set (skipped) = []
17:23:44 [DefaultDispatcher-worker-9] WalletApplicationExt - databases cleared (isWalletWipe = true)
17:23:44 [main] OnboardingActivity - reset finished — re-running the onboarding routing
17:23:44 [DefaultDispatcher-worker-9] BlockchainServiceImpl - closing bootstrap streams
17:23:44 [DefaultDispatcher-worker-9] BlockchainServiceImpl - serviceJob cancelled after 36 minutes
17:23:44 [main] WalletActivityTracker - activity lifecycle: current: OnboardingActivity, activities: 1 visible: 1 foreground: 0
17:23:44 [main] WalletActivityTracker - activity lifecycle: OnboardingActivity stopped for a configuration change — not treating it as background
17:23:44 [main] WalletActivityTracker - activity lifecycle: current: OnboardingActivity, activities: 1 visible: 0 foreground: 0
17:23:44 [main] WalletActivityTracker - activity lifecycle: activity OnboardingActivity destroyed
17:23:44 [main] WalletActivityTracker - activity lifecycle: current: OnboardingActivity, activities: 0 visible: 0 foreground: 0
17:23:44 [main] WalletActivityTracker - activity lifecycle: app closed
17:23:44 [main] WalletActivityTracker - activity lifecycle: app started
17:23:44 [main] WalletActivityTracker - activity lifecycle: activity OnboardingActivity created
17:23:44 [main] WalletActivityTracker - activity lifecycle: current: OnboardingActivity, activities: 1 visible: 0 foreground: 0
17:23:44 [main] WalletActivityTracker - activity lifecycle: current: OnboardingActivity, activities: 1 visible: 1 foreground: 0
17:23:44 [main] WalletActivityTracker - activity lifecycle: current: OnboardingActivity, activities: 1 visible: 1 foreground: 1
17:24:05 [main] WalletActivityTracker - activity lifecycle: current: OnboardingActivity, activities: 1 visible: 1 foreground: 0
17:24:05 [main] WalletActivityTracker - activity lifecycle: activity RestoreWalletFromSeedActivity created
17:24:05 [main] WalletActivityTracker - activity lifecycle: current: RestoreWalletFromSeedActivity, activities: 2 visible: 1 foreground: 0
17:24:05 [main] SecurityGuard - loading security guard [healthy=true] with keys: [keystore_healthy, modern_encryption_migration_complete]
17:24:05 [main] WalletActivityTracker - activity lifecycle: current: RestoreWalletFromSeedActivity, activities: 2 visible: 2 foreground: 0
17:24:05 [main] WalletActivityTracker - activity lifecycle: current: RestoreWalletFromSeedActivity, activities: 2 visible: 2 foreground: 1
17:24:05 [main] WalletActivityTracker - activity lifecycle: current: OnboardingActivity, activities: 2 visible: 1 foreground: 1
17:24:35 [DefaultDispatcher-worker-9] MnemonicCode - PBKDF2 took 5.328 ms
17:24:35 [DefaultDispatcher-worker-4] BLSJniLibrary - Initializing BLS JNI Library
17:24:35 [DefaultDispatcher-worker-4] TxDisplayCacheService - rebuildWrappedList: 0 raw txs → 0 wrappers → 0 sorted | getTransactions=0ms wrapAll=0ms sort=0ms total=0ms
17:24:35 [DefaultDispatcher-worker-9] AnyKeyChainGroup - Activating a new HD chain: AuthenticationKeyChain{BLOCKCHAIN_IDENTITY, ECDSA, P2PKH, accountPath=[9H, 1H, 5H, 0H, 0H, 0H], lookaheadSize=0, lookaheadThreshold=0}
17:24:35 [DefaultDispatcher-worker-4] TxDisplayCacheService - updateDisplayCache: 0 rows in 1ms
17:24:35 [DefaultDispatcher-worker-4] TxDisplayCacheService - STARTUP rebuildWrappedList DONE (_transactionsLoaded=true) at 1789838675445
17:24:35 [DefaultDispatcher-worker-4] WalletObserver - observing transactions start de.schildbach.wallet.transactions.WalletObserver@6e1445c
17:24:35 [DefaultDispatcher-worker-4] BLSJniLibrary - Initializing BLS JNI Library
17:24:35 [dashj user thread] BLSJniLibrary - Initializing BLS JNI Library
17:24:35 [DefaultDispatcher-worker-9] AnyKeyChainGroup - Activating a new HD chain: AuthenticationKeyChain{BLOCKCHAIN_IDENTITY_FUNDING, ECDSA, P2PKH, accountPath=[9H, 1H, 5H, 1H], lookaheadSize=5, lookaheadThreshold=5}
17:24:35 [DefaultDispatcher-worker-9] AnyKeyChainGroup - Activating a new HD chain: AuthenticationKeyChain{MASTERNODE_OWNER, ECDSA, P2PKH, accountPath=[9H, 1H, 3H, 2H], lookaheadSize=5, lookaheadThreshold=5}
17:24:35 [DefaultDispatcher-worker-9] AnyKeyChainGroup - Activating a new HD chain: AuthenticationKeyChain{MASTERNODE_OPERATOR, BLS, P2PKH, accountPath=[9H, 1H, 3H, 3H], lookaheadSize=5, lookaheadThreshold=5}
17:24:35 [DefaultDispatcher-worker-9] AnyKeyChainGroup - Activating a new HD chain: AuthenticationKeyChain{MASTERNODE_VOTING, ECDSA, P2PKH, accountPath=[9H, 1H, 3H, 1H], lookaheadSize=5, lookaheadThreshold=5}
17:24:35 [DefaultDispatcher-worker-9] AnyKeyChainGroup - Activating a new HD chain: AuthenticationKeyChain{BLOCKCHAIN_IDENTITY_TOPUP, ECDSA, P2PKH, accountPath=[9H, 1H, 5H, 2H], lookaheadSize=5, lookaheadThreshold=5}
17:24:35 [DefaultDispatcher-worker-9] AnyKeyChainGroup - Activating a new HD chain: AuthenticationKeyChain{INVITATION_FUNDING, ECDSA, P2PKH, accountPath=[9H, 1H, 5H, 3H], lookaheadSize=5, lookaheadThreshold=5}
17:24:35 [DefaultDispatcher-worker-9] AnyKeyChainGroup - Activating a new HD chain: AuthenticationKeyChain{MASTERNODE_PLATFORM_OPERATOR, EdDSA, P2PKH, accountPath=[9H, 1H, 3H, 4H], lookaheadSize=0, lookaheadThreshold=0}
17:24:35 [DefaultDispatcher-worker-9] AnyKeyChainGroup - Activating a new HD chain: AnyDeterministicKeyChain{ECDSA, P2PKH, accountPath=[9H, 1H, 4H, 0H], lookaheadSize=100, lookaheadThreshold=33}
17:24:35 [DefaultDispatcher-worker-9] RestoreWalletFromSeedViewModel - successfully restored wallet from seed
17:24:35 [DefaultDispatcher-worker-10] CutoverUiDataService - cutover committed — serving home-screen data from the SDK
17:24:35 [DefaultDispatcher-worker-10] CutoverUiDataService - cutover UI pipelines waiting for a SINGLE bound SDK wallet (none, or more than one loaded — post-reset orphan not pruned yet, or a failed bind pending retry?); retrying every 5000ms
17:24:35 [DefaultDispatcher-worker-10] SdkBlockchainStateService - cutover committed — deriving BlockchainState from the SDK SPV feed
17:24:35 [DefaultDispatcher-worker-12] CutoverTxSeamService - cutover committed — priming the SDK seam tx feed
17:24:35 [DefaultDispatcher-worker-4] CutoverCoordinator - cutover state DUAL_RUNNING -> CUT_OVER (fresh-wallet setup (restore/new))
17:24:35 [main] WalletActivityTracker - activity lifecycle: current: RestoreWalletFromSeedActivity, activities: 2 visible: 1 foreground: 0
17:24:35 [main] WalletActivityTracker - activity lifecycle: activity SetPinActivity created
17:24:35 [main] WalletActivityTracker - activity lifecycle: current: SetPinActivity, activities: 3 visible: 1 foreground: 0
17:24:35 [main] SecurityGuard - loading security guard [healthy=true] with keys: [keystore_healthy, modern_encryption_migration_complete]
17:24:35 [main] SecurityGuard - loading security guard [healthy=true] with keys: [keystore_healthy, modern_encryption_migration_complete]
17:24:35 [main] WalletActivityTracker - activity lifecycle: current: SetPinActivity, activities: 3 visible: 2 foreground: 0
17:24:35 [main] WalletActivityTracker - activity lifecycle: current: SetPinActivity, activities: 3 visible: 2 foreground: 1
17:24:35 [main] WalletActivityTracker - activity lifecycle: current: RestoreWalletFromSeedActivity, activities: 3 visible: 1 foreground: 1
17:24:39 [main] BiometricHelper - No biometric credentials
17:24:39 [main] LockScreenActivity - fingerprint was disabled
17:24:39 [main] LockScreenActivity - LockState = ENTER_PIN
17:25:13 [main] SecurityGuard - removing security keys
17:25:13 [main] ModernEncryptionProvider - deleting ui_pin_key
17:25:13 [main] ModernEncryptionProvider - deleting wallet_password_key
17:25:13 [main] SecurityGuard - Cleared DataStore backups
17:25:13 [main] ModernEncryptionProvider - key store does not have ui_pin_key, but has android.security.keystore2.AndroidKeyStoreSpi$KeyEntriesEnumerator@5e7a8f7, generating new key. Stack trace:
  at dalvik.system.VMStack.getThreadStackTrace(Native Method)
  at java.lang.Thread.getStackTrace(Thread.java:1841)
  at de.schildbach.wallet.security.ModernEncryptionProvider.getSecretKey(ModernEncryptionProvider.kt:175)
  at de.schildbach.wallet.security.ModernEncryptionProvider.encrypt(ModernEncryptionProvider.kt:79)
  at de.schildbach.wallet.security.DualFallbackEncryptionProvider.encrypt(DualFallbackEncryptionProvider.kt:85)
  at de.schildbach.wallet.security.SecurityGuard.validateKeyIntegrity(SecurityGuard.java:307)
  at de.schildbach.wallet.security.SecurityGuard.savePin(SecurityGuard.java:262)
  at de.schildbach.wallet.livedata.EncryptWalletLiveData.savePin(EncryptWalletLiveData.kt:106)
  at de.schildbach.wallet.ui.SetPinViewModel.savePinAndEncrypt(SetPinViewModel.kt:74)
  at de.schildbach.wallet.ui.SetPinViewModel.savePinAndEncrypt(SetPinViewModel.kt:65)
  at de.schildbach.wallet.ui.SetPinActivity$nextStep$submit$1.run(SetPinActivity.kt:289)
  at android.os.Handler.handleCallback(Handler.java:959)
  at android.os.Handler.dispatchMessage(Handler.java:100)
  at android.os.Looper.loopOnce(Looper.java:232)
  at android.os.Looper.loop(Looper.java:317)
  at android.app.ActivityThread.main(ActivityThread.java:8705)
  at java.lang.reflect.Method.invoke(Native Method)
  at com.android.internal.os.RuntimeInit$MethodAndArgsCaller.run(RuntimeInit.java:580)
  at com.android.internal.os.ZygoteInit.main(ZygoteInit.java:886)
17:25:13 [main] SecurityGuard - Notifying 15 health listeners of status change: HEALTHY
17:25:13 [main] ModernEncryptionProvider - Decrypted data for alias: ui_pin_key
17:25:13 [main] SecurityGuard - Notifying 15 health listeners of status change: HEALTHY
17:25:13 [main] ModernEncryptionProvider - Decrypted data for alias: ui_pin_key
17:25:13 [main] MnemonicBasedKeyProvider - Derived key from mnemonic for alias: ui_pin_key
17:25:13 [main] SecurityGuard - Notifying 15 health listeners of status change: HEALTHY
17:25:13 [main] DualFallbackEncryptionProvider - Added mnemonic-fallback for ui_pin_key
17:25:13 [AsyncTask #1] BLSJniLibrary - Initializing BLS JNI Library
17:25:13 [AsyncTask #1] KeyCrypterScrypt - Deriving key took 125.2 ms for N=65536, r=8, p=1.
17:25:13 [AsyncTask #1] ModernEncryptionProvider - key store does not have wallet_password_key, but has android.security.keystore2.AndroidKeyStoreSpi$KeyEntriesEnumerator@ff19d48, generating new key. Stack trace:
  at dalvik.system.VMStack.getThreadStackTrace(Native Method)
  at java.lang.Thread.getStackTrace(Thread.java:1841)
  at de.schildbach.wallet.security.ModernEncryptionProvider.getSecretKey(ModernEncryptionProvider.kt:175)
  at de.schildbach.wallet.security.ModernEncryptionProvider.encrypt(ModernEncryptionProvider.kt:79)
  at de.schildbach.wallet.security.DualFallbackEncryptionProvider.encrypt(DualFallbackEncryptionProvider.kt:85)
  at de.schildbach.wallet.security.SecurityGuard.validateKeyIntegrity(SecurityGuard.java:307)
  at de.schildbach.wallet.security.SecurityGuard.savePassword(SecurityGuard.java:204)
  at de.schildbach.wallet.livedata.EncryptWalletLiveData$EncryptWalletTask.doInBackground$lambda$0(EncryptWalletLiveData.kt:188)
  at de.schildbach.wallet.livedata.EncryptWalletLiveData$EncryptWalletTask.$r8$lambda$0CMI4LnZeajmC7OpxOq-bClhh3o(EncryptWalletLiveData.kt:0)
  at de.schildbach.wallet.livedata.EncryptWalletLiveData$EncryptWalletTask$$ExternalSyntheticLambda0.invoke(R8$$SyntheticClass:0)
  at de.schildbach.wallet.livedata.EncryptWalletLiveData$Companion.encryptAndSavePassword$wallet__testNet3Release(EncryptWalletLiveData.kt:58)
  at de.schildbach.wallet.livedata.EncryptWalletLiveData$EncryptWalletTask.doInBackground(EncryptWalletLiveData.kt:188)
  at de.schildbach.wallet.livedata.EncryptWalletLiveData$EncryptWalletTask.doInBackground(EncryptWalletLiveData.kt:172)
  at android.os.AsyncTask$3.call(AsyncTask.java:394)
  at java.util.concurrent.FutureTask.run(FutureTask.java:264)
  at android.os.AsyncTask$SerialExecutor$1.run(AsyncTask.java:305)
  at java.util.concurrent.ThreadPoolExecutor.runWorker(ThreadPoolExecutor.java:1145)
  at java.util.concurrent.ThreadPoolExecutor$Worker.run(ThreadPoolExecutor.java:644)
  at java.lang.Thread.run(Thread.java:1012)
17:25:13 [main] SecurityGuard - Notifying 15 health listeners of status change: HEALTHY
17:25:13 [AsyncTask #1] ModernEncryptionProvider - Decrypted data for alias: wallet_password_key
17:25:13 [AsyncTask #1] EncryptWalletLiveData - wallet successfully encrypted, using key derived by new spending password (65536 scrypt iterations)
17:25:13 [main] SecurityGuard - Notifying 15 health listeners of status change: HEALTHY
17:25:13 [main] CoinJoinExtension - CoinJoinExtension serialization: 0ms total (keys:0ms[8], cache:0ms[0], salt:0ms, io:0ms, size:1447bytes, buffer:64KB)
17:25:13 [main] WalletProtobufSerializer - walletToProto (serial=8) timing: 3ms total, init=0ms, tx=0ms[0], keys=0ms, scripts=0ms[0], metadata=0ms, ext=1ms, friendRecv=0ms, friendSend=0ms, build=0ms
17:25:13 [main] WalletProtobufSerializer - writeWallet timing: 2ms total (2ms/100% serialization, 0ms/0% I/O) buffer=8KB
17:25:13 [main] WalletApplication - wallet saved to: '/data/user/0/hashengineering.darkcoin.wallet_test/files/wallet-protobuf-testnet', took 7.272 ms
17:25:13 [main] CoinJoinExtension - CoinJoinExtension serialization: 0ms total (keys:0ms[8], cache:0ms[0], salt:0ms, io:0ms, size:1447bytes, buffer:64KB)
17:25:13 [main] WalletProtobufSerializer - walletToProto (serial=8) timing: 1ms total, init=0ms, tx=0ms[0], keys=0ms, scripts=0ms[0], metadata=0ms, ext=0ms, friendRecv=0ms, friendSend=0ms, build=0ms
17:25:13 [main] WalletApplication - wallet backed up to: 'key-backup-protobuf-testnet', took 12.24 ms
17:25:13 [main] StartupBreadcrumbs - STARTUP breadcrumb: 7 FINALIZE_INIT_BEGIN +2473830ms
17:25:13 [main] SecurityGuard - loading security guard [healthy=true] with keys: [keystore_healthy, modern_encryption_migration_complete, primary_ui_pin_key, primary_wallet_password_key, fallback_mnemonic_ui_pin_key]
17:25:13 [main] SecurityGuard - loading security guard [healthy=true] with keys: [keystore_healthy, modern_encryption_migration_complete, primary_ui_pin_key, primary_wallet_password_key, fallback_mnemonic_ui_pin_key]
17:25:13 [main] ModernEncryptionProvider - Decrypted data for alias: wallet_password_key
17:25:13 [main] KeyCrypterScrypt - Deriving key took 127.0 ms for N=65536, r=8, p=1.
17:25:13 [main] ModernEncryptionProvider - Decrypted data for alias: wallet_password_key
17:25:13 [main] MnemonicBasedKeyProvider - Derived key from mnemonic for alias: wallet_password_key
17:25:13 [main] SecurityGuard - Notifying 15 health listeners of status change: HEALTHY
17:25:13 [main] DualFallbackEncryptionProvider - Added mnemonic-fallback for wallet_password_key
17:25:13 [main] SecurityGuard - Mnemonic-based fallbacks ensured for PIN and wallet password
17:25:13 [main] WalletApplication - Mnemonic-based fallbacks ensured
17:25:13 [main] ModernEncryptionProvider - Decrypted data for alias: ui_pin_key
17:25:13 [main] ModernEncryptionProvider - Decrypted data for alias: wallet_password_key
17:25:13 [main] SecurityGuard - Notifying 15 health listeners of status change: HEALTHY_WITH_FALLBACKS
17:25:13 [main] DualFallbackEncryptionProvider - Added PIN-fallback for wallet_password_key
17:25:13 [main] SecurityGuard - PIN-based fallback ensured for wallet password
17:25:13 [main] WalletApplication - PIN-based fallback added successfully
17:25:13 [main] WalletApplication - STARTUP finalizeInit: securityGuard done in 242ms
17:25:13 [main] WalletApplication - STARTUP finalizeInit: initDash done in 0ms
17:25:13 [main] StartupBreadcrumbs - STARTUP breadcrumb: 8 INIT_DASH_DONE +2474072ms
17:25:13 [main] Configuration - detected app upgrade: 0 -> 12000000
17:25:13 [main] WalletApplication - STARTUP finalizeInit: afterLoadWallet done in 0ms
17:25:13 [main] StartupBreadcrumbs - STARTUP breadcrumb: 9 AFTER_LOAD_WALLET_DONE +2474072ms
17:25:13 [main] StartupBreadcrumbs - STARTUP breadcrumb: 20 SDK_BIND_KICKED +2474074ms
17:25:13 [main] PlatformSynchronizationService - Starting the platform sync job
17:25:13 [main] StartupBreadcrumbs - STARTUP breadcrumb: 10 PLATFORM_INIT_KICKED +2474074ms
17:25:13 [main] WalletApplication - STARTUP finalizeInit: initPlatform+channels done in 2ms
17:25:13 [DefaultDispatcher-worker-2] BlockchainIdentityData - creation: BlockchainIdentityData(NONE, null, null, null, null, null)
17:25:13 [DefaultDispatcher-worker-1] SecurityGuard - loading security guard [healthy=true] with keys: [keystore_healthy, fallback_pin_wallet_password_key, primary_ui_pin_key, modern_encryption_migration_complete, fallback_mnemonic_wallet_password_key, primary_wallet_password_key, fallback_mnemonic_ui_pin_key]
17:25:13 [DefaultDispatcher-worker-1] ModernEncryptionProvider - Decrypted data for alias: wallet_password_key
17:25:13 [main] WalletApplication - STARTUP finalizeInit: integrations done in 52ms
17:25:13 [main] WalletActivityTracker - activity lifecycle: current: SetPinActivity, activities: 3 visible: 1 foreground: 0
17:25:13 [main] WalletActivityTracker - activity lifecycle: activity RestoreWalletFromSeedActivity destroyed
17:25:13 [main] WalletActivityTracker - activity lifecycle: current: SetPinActivity, activities: 2 visible: 1 foreground: 0
17:25:13 [main] WalletActivityTracker - activity lifecycle: activity OnboardingActivity destroyed
17:25:13 [main] WalletActivityTracker - activity lifecycle: current: SetPinActivity, activities: 1 visible: 1 foreground: 0
17:25:13 [main] WalletActivityTracker - activity lifecycle: activity MainActivity created
17:25:13 [main] WalletActivityTracker - activity lifecycle: current: MainActivity, activities: 2 visible: 1 foreground: 0
17:25:13 [main] SecurityGuard - loading security guard [healthy=true] with keys: [keystore_healthy, fallback_pin_wallet_password_key, primary_ui_pin_key, modern_encryption_migration_complete, fallback_mnemonic_wallet_password_key, primary_wallet_password_key, fallback_mnemonic_ui_pin_key]
17:25:13 [main] SecurityGuard - loading security guard [healthy=true] with keys: [keystore_healthy, fallback_pin_wallet_password_key, primary_ui_pin_key, modern_encryption_migration_complete, fallback_mnemonic_wallet_password_key, primary_wallet_password_key, fallback_mnemonic_ui_pin_key]
17:25:13 [main] ModernEncryptionProvider - Decrypted data for alias: wallet_password_key
17:25:13 [main] ModernEncryptionProvider - Decrypted data for alias: ui_pin_key
17:25:13 [main] MainViewModel - STARTUP MainViewModel init at 1789838713844
17:25:13 [main] StartupBreadcrumbs - STARTUP breadcrumb: 12 MAIN_UI_SHOWN +2474174ms
17:25:13 [main] Configuration - just being used - last used 29830645 minutes ago
17:25:13 [DefaultDispatcher-worker-5] DapiClient - getDocuments(contractId=GWRSAVFMjXx8HpQFaNJMqBV7MBgMK4br5UESsB4S31Ec, type=domain, {limit=5, where=[]})
17:25:13 [DefaultDispatcher-worker-10] DapiClient - getDocuments(contractId=GWRSAVFMjXx8HpQFaNJMqBV7MBgMK4br5UESsB4S31Ec, type=domain, {limit=5, where=[]})
17:25:13 [DefaultDispatcher-worker-12] DapiClient - getDocuments(contractId=GWRSAVFMjXx8HpQFaNJMqBV7MBgMK4br5UESsB4S31Ec, type=domain, {limit=5, where=[]})
17:25:13 [main] WalletActivityTracker - activity lifecycle: current: MainActivity, activities: 2 visible: 2 foreground: 0
17:25:13 [DefaultDispatcher-worker-8] CrowdNodeApiAggregator - restoring CrowdNode status
17:25:13 [DefaultDispatcher-worker-8] BLSJniLibrary - Initializing BLS JNI Library
17:25:13 [main] WalletTransactionsFragment - STARTUP WalletTransactionsFragment.onViewCreated at 1789838713860
17:25:13 [main] HistoryHeaderAdapter - set invite, synced = false
17:25:13 [main] WalletTransactionsFragment - STARTUP submitData called on thread=main at 1789838713860
17:25:13 [DefaultDispatcher-worker-11] BLSJniLibrary - Initializing BLS JNI Library
17:25:13 [main] HistoryHeaderAdapter - set invite = null
17:25:13 [main] HistoryHeaderAdapter - set invite, synced = false
17:25:13 [main] SecurityGuard - loading security guard [healthy=true] with keys: [keystore_healthy, fallback_pin_wallet_password_key, primary_ui_pin_key, modern_encryption_migration_complete, fallback_mnemonic_wallet_password_key, primary_wallet_password_key, fallback_mnemonic_ui_pin_key]
17:25:13 [main] SecurityGuard - loading security guard [healthy=true] with keys: [keystore_healthy, fallback_pin_wallet_password_key, primary_ui_pin_key, modern_encryption_migration_complete, fallback_mnemonic_wallet_password_key, primary_wallet_password_key, fallback_mnemonic_ui_pin_key]
17:25:13 [main] LockScreenActivity - show lock screen false = ![keepUnlocked=false] && autologout=true && (keepUnlockedUntilPenEntered=false || shouldLogout=false) || isHealthy=true
17:25:13 [main] MainActivity - updateTrigger => rateStale: RateRetrievalState(lastAttemptFailed=false, staleRates=false, volatile=false)
17:25:13 [main] WalletActivityTracker - activity lifecycle: current: MainActivity, activities: 2 visible: 2 foreground: 1
17:25:13 [main] BlockchainIdentityData - creation: BlockchainIdentityData(NONE, null, null, null, null, null)
17:25:13 [main] BlockchainIdentityData - creation: BlockchainIdentityData(NONE, null, null, null, null, null)
17:25:13 [DefaultDispatcher-worker-1] KeyCrypterScrypt - Deriving key took 163.1 ms for N=65536, r=8, p=1.
17:25:13 [main] BlockchainServiceImpl - .onCreate()
17:25:13 [main] DashPaymentIntentParser - network parameters = org.darkcoin.test
17:25:13 [main] BlockchainServiceImpl - start foreground service
17:25:13 [DefaultDispatcher-worker-11] BlockchainServiceImpl - onCreate() serviceScope waiting for cleanup false
17:25:13 [DefaultDispatcher-worker-11] BLSJniLibrary - Initializing BLS JNI Library
17:25:13 [main] BlockchainServiceImpl - .onStartCommand(Intent { cmp=hashengineering.darkcoin.wallet_test/de.schildbach.wallet.service.BlockchainServiceImpl })
17:25:13 [DefaultDispatcher-worker-2] BlockchainServiceImpl - onStartCommand waiting for onCreate to complete...
17:25:13 [DefaultDispatcher-worker-11] BlockchainServiceImpl - Phase 5d cutover gate: dashjEngineMayStart=false (coordinatorAllowsDashj=false, dashjHeldByCutover=true, dashjSyncDiagnostic=false)
17:25:13 [DefaultDispatcher-worker-11] BlockchainServiceImpl - cannot load the bootstrap stream: mnlistdiff-testnet.dat
17:25:13 [DefaultDispatcher-worker-11] BlockchainServiceImpl - cannot load the bootstrap stream: qrinfo-testnet.dat
17:25:13 [DefaultDispatcher-worker-11] BLSJniLibrary - Initializing BLS JNI Library
17:25:13 [DefaultDispatcher-worker-11] BlockchainServiceImpl - blockchain does not exist, resetting wallet
17:25:13 [DefaultDispatcher-worker-2] BLSJniLibrary - Initializing BLS JNI Library
17:25:13 [DefaultDispatcher-worker-11] AbstractQuorumState - resetting masternode list; force: true, requestFreshList: false
17:25:13 [DefaultDispatcher-worker-11] AbstractQuorumState - resetting masternode list; force: true, requestFreshList: false
17:25:13 [Wallet autosave thread] BLSJniLibrary - Initializing BLS JNI Library
17:25:13 [DefaultDispatcher-worker-11] SPVBlockStore - Creating new SPV block chain file /data/user/0/hashengineering.darkcoin.wallet_test/app_blockstore/blockchain-testnet
17:25:13 [DefaultDispatcher-worker-11] SPVBlockStore - Creating new SPV block chain file /data/user/0/hashengineering.darkcoin.wallet_test/app_blockstore/headers-testnet
17:25:13 [DefaultDispatcher-worker-11] BlockchainServiceImpl - verifying backupBlockStore
17:25:13 [DefaultDispatcher-worker-11] BlockchainServiceImpl - verifying headerStore
17:25:13 [main] BlockchainServiceImpl - .onStartCommand(Intent { act=de.schildbach.wallet.service.cancel_coins_received cmp=hashengineering.darkcoin.wallet_test/de.schildbach.wallet.service.BlockchainServiceImpl })
17:25:13 [DefaultDispatcher-worker-8] BlockchainServiceImpl - onStartCommand waiting for onCreate to complete...
17:25:13 [main] MainViewModel - platform available: false; no identity creation is progress: true
17:25:13 [DefaultDispatcher-worker-1] CheckpointManager - Read 2440 checkpoints up to time 2026-01-20T11:13:46Z, hash is 64631969817a1892a432d246a7c17a63d5c57d76d2ddf0404b48486637fe32a0
17:25:13 [DefaultDispatcher-worker-1] BirthHeightResolver - resolved birth time 1427610960 to SDK birth height 0 (checkpoint height 1728, margin 4032 blocks)
17:25:13 [main] DeviceInfoProvider - Detecting currency based on device, mobile network or locale:
17:25:13 [main] DeviceInfoProvider - Device Sim Country: us
17:25:13 [main] MainViewModel - Updating currency exchange rate based on country: US
17:25:14 [pool-60-thread-1] BlockchainServiceImpl - verify blockstore: 346.8 μs, 0 loaded
17:25:14 [DefaultDispatcher-worker-11] BlockchainServiceImpl - verifying blockStore
17:25:14 [main] WalletActivityTracker - activity lifecycle: current: SetPinActivity, activities: 2 visible: 1 foreground: 1
17:25:14 [main] WalletActivityTracker - activity lifecycle: activity SetPinActivity destroyed
17:25:14 [main] WalletActivityTracker - activity lifecycle: current: SetPinActivity, activities: 1 visible: 1 foreground: 1
17:25:14 [main] MainViewModel - Using default Country: US
17:25:14 [main] MainViewModel - Using default currency: USD
17:25:14 [pool-60-thread-1] BlockchainServiceImpl - verify blockstore: 124.2 μs, 0 loaded
17:25:14 [DefaultDispatcher-worker-11] BlockchainServiceImpl - blockstore files verified: true, true
17:25:14 [DefaultDispatcher-worker-11] CheckpointManager - Attempting to initialize a new block store with a checkpoint for time 1427006160 (2015-03-22T06:36:00Z)
17:25:14 [DefaultDispatcher-worker-11] CheckpointManager - Read 2440 checkpoints up to time 2026-01-20T11:13:46Z, hash is 64631969817a1892a432d246a7c17a63d5c57d76d2ddf0404b48486637fe32a0
17:25:14 [DefaultDispatcher-worker-11] CheckpointManager - Attempting to initialize a new block store with a checkpoint for time 1789233914 (2026-09-12T17:25:14Z)
17:25:14 [DefaultDispatcher-worker-11] CheckpointManager - Read 2440 checkpoints up to time 2026-01-20T11:13:46Z, hash is 64631969817a1892a432d246a7c17a63d5c57d76d2ddf0404b48486637fe32a0
17:25:14 [DefaultDispatcher-worker-11] BlockchainServiceImpl - checkpoints loaded from 'checkpoints-testnet.txt', took 69.79 ms
17:25:14 [DefaultDispatcher-worker-11] BLSJniLibrary - Initializing BLS JNI Library
17:25:14 [DefaultDispatcher-worker-11] AbstractBlockChain - chain head is at height 1728:
 block: 
   hash: 000000b4a747bc263dacea0eeaf14bb362170fc6a068f7b3f0ac4f899e985a0f
   version: 2 (0x00000002) (BIP34)
   previous block: 0000036874ccb6f966a26653dfff040e8a55d5a7e2cf312c95a64c518801c803
   merkle root: 54c61ff11d388244e2712c0ec20783c55b3623f3e28b39b40b65092ad708c7ec
   time: 1423418846 (2015-02-08T18:07:26Z)
   difficulty target (nBits): 503382015
   nonce: 39514

17:25:14 [DefaultDispatcher-worker-11] AbstractBlockChain - chain head is at height 1405440:
 block: 
   hash: 000000173e6c9dd4ca8a5a75699fbb5dc4713bc238d2ce98aec7fe3a77febfeb
   version: 536870912 (0x20000000) (BIP34, BIP66, BIP65)
   previous block: 000000773d05044b4db27c023a9a12bc59eaf1f396ad7e5180ef4cb14d366150
   merkle root: ea3165fb830ba2267ad050760183eb5b8241c694406868382bdf6c2307c8e936
   time: 1768907626 (2026-01-20T11:13:46Z)
   difficulty target (nBits): 503367276
   nonce: 128740

17:25:14 [main] SecurityGuard - loading security guard [healthy=true] with keys: [keystore_healthy, fallback_pin_wallet_password_key, primary_ui_pin_key, modern_encryption_migration_complete, fallback_mnemonic_wallet_password_key, primary_wallet_password_key, fallback_mnemonic_ui_pin_key]
17:25:14 [main] BlockchainServiceImpl - network callback registered with NetworkRequest: de.schildbach.wallet.service.BlockchainServiceImpl$NetworkCallbackImpl@e942cc6
17:25:14 [DefaultDispatcher-worker-8] BlockchainServiceImpl - monitoring 0 old transactions
17:25:14 [DefaultDispatcher-worker-13] BlockchainServiceImpl - network capabilities changed: 101, hasInternet: true, validated: true
17:25:14 [DefaultDispatcher-worker-9] Constants - --> GET https://rates.ctx.com/rates?source=ctx
17:25:14 [DefaultDispatcher-worker-8] BlockchainServiceImpl - network available: 101, hasInternet: true, validated: true, type: WiFi
17:25:14 [DefaultDispatcher-worker-5] DapiClient - searching for quorum: 6, 0000006e16bfdcb3a27255c4712ff302762874c532c3f9cf19a7e7610aaeeaba, 1556870
17:25:14 [main] BlockchainServiceImpl - receiver register: tickReceiver, de.schildbach.wallet.service.BlockchainServiceImpl$tickReceiver$1@35737dd
17:25:14 [DefaultDispatcher-worker-10] DapiClient - searching for quorum: 6, 0000006e16bfdcb3a27255c4712ff302762874c532c3f9cf19a7e7610aaeeaba, 1556870
17:25:14 [DefaultDispatcher-worker-12] DapiClient - searching for quorum: 6, 0000006e16bfdcb3a27255c4712ff302762874c532c3f9cf19a7e7610aaeeaba, 1556870
17:25:14 [DefaultDispatcher-worker-8] DashSdkServiceImpl - app wallet bound to new SDK wallet e4c92342… (birthHeight=0 via checkpoint mapping; 0 = full scan from genesis)
17:25:14 [DefaultDispatcher-worker-14] BlockchainServiceImpl - cutover committed — Platform quorum lookups wired to the SDK-sourced quorum list
17:25:14 [DefaultDispatcher-worker-14] StartupBreadcrumbs - STARTUP breadcrumb: 20 SDK_BIND_KICKED +2474672ms
17:25:14 [DefaultDispatcher-worker-14] BlockchainServiceImpl - .onCreate() finished
17:25:14 [DefaultDispatcher-worker-17] BlockchainServiceImpl - onCreate completed, processing onStartCommand
17:25:14 [DefaultDispatcher-worker-16] BlockchainServiceImpl - onCreate completed, processing onStartCommand
17:25:14 [DefaultDispatcher-worker-1] BlockchainServiceImpl - acquiring check() mutex
17:25:14 [DefaultDispatcher-worker-18] BlockchainServiceImpl - acquiring check() mutex
17:25:14 [DefaultDispatcher-worker-8] BlockchainServiceImpl - acquiring check() mutex
17:25:14 [DefaultDispatcher-worker-16] BLSJniLibrary - Initializing BLS JNI Library
17:25:14 [DefaultDispatcher-worker-16] BlockchainServiceImpl - service start command: Intent { act=de.schildbach.wallet.service.cancel_coins_received cmp=hashengineering.darkcoin.wallet_test/de.schildbach.wallet.service.BlockchainServiceImpl }
17:25:14 [DefaultDispatcher-worker-16] BlockchainServiceImpl - .onStartCommand(Intent { act=de.schildbach.wallet.service.cancel_coins_received cmp=hashengineering.darkcoin.wallet_test/de.schildbach.wallet.service.BlockchainServiceImpl }) finished
17:25:14 [DefaultDispatcher-worker-18] BlockchainServiceImpl - check()
17:25:14 [DefaultDispatcher-worker-18] BlockchainServiceImpl - cutover committed — holding the dashj L1 engine; SDK owns L1 this launch
17:25:14 [DefaultDispatcher-worker-18] BlockchainServiceImpl - releasing check() mutex
17:25:14 [DefaultDispatcher-worker-18] BlockchainServiceImpl - check()
17:25:14 [DefaultDispatcher-worker-18] BlockchainServiceImpl - cutover committed — holding the dashj L1 engine; SDK owns L1 this launch
17:25:14 [DefaultDispatcher-worker-18] BlockchainServiceImpl - releasing check() mutex
17:25:14 [DefaultDispatcher-worker-18] BlockchainServiceImpl - check()
17:25:14 [DefaultDispatcher-worker-18] BlockchainServiceImpl - cutover committed — holding the dashj L1 engine; SDK owns L1 this launch
17:25:14 [DefaultDispatcher-worker-18] BlockchainServiceImpl - releasing check() mutex
17:25:14 [DefaultDispatcher-worker-17] BLSJniLibrary - Initializing BLS JNI Library
17:25:14 [DefaultDispatcher-worker-17] BlockchainServiceImpl - service start command: Intent { cmp=hashengineering.darkcoin.wallet_test/de.schildbach.wallet.service.BlockchainServiceImpl }
17:25:14 [DefaultDispatcher-worker-17] BlockchainServiceImpl - .onStartCommand(Intent { cmp=hashengineering.darkcoin.wallet_test/de.schildbach.wallet.service.BlockchainServiceImpl }) finished
17:25:14 [DefaultDispatcher-worker-9] Constants - <-- 200 https://rates.ctx.com/rates?source=ctx (90ms, unknown-length body)
17:25:14 [DefaultDispatcher-worker-16] ExchangeRatesRepository - exchange rates updated successfully with de.schildbach.wallet.rates.DashRetailClient@8c522d9
17:25:14 [DefaultDispatcher-worker-16] ExchangeRatesRepository - updateTrigger
17:25:14 [DefaultDispatcher-worker-5] SdkQuorumDataSource - SDK quorum keys refreshed: 24 fetched, 25 cached
17:25:14 [DefaultDispatcher-worker-10] DapiClient - searching for quorum: result: b3eeca0724788220f452791aae57360f1cd9a7a3416b39c089508fa26501f19cfe2cbfe0ab9eb6307d03669cfaccdacf
17:25:14 [DefaultDispatcher-worker-5] DapiClient - searching for quorum: result: b3eeca0724788220f452791aae57360f1cd9a7a3416b39c089508fa26501f19cfe2cbfe0ab9eb6307d03669cfaccdacf
17:25:14 [DefaultDispatcher-worker-10] Platform - platform check: 662.3 ms
17:25:14 [DefaultDispatcher-worker-12] DapiClient - searching for quorum: result: b3eeca0724788220f452791aae57360f1cd9a7a3416b39c089508fa26501f19cfe2cbfe0ab9eb6307d03669cfaccdacf
17:25:14 [DefaultDispatcher-worker-12] Platform - platform check: 673.1 ms
17:25:14 [DefaultDispatcher-worker-5] Platform - platform check: 675.8 ms
17:25:14 [DefaultDispatcher-worker-5] PlatformServiceImplementation - platform available 3 of 3: true
17:25:14 [main] MainViewModel - platform available: true; no identity creation is progress: true
17:25:14 [DefaultDispatcher-worker-11] DashSdkServiceImpl - widenAddressWindows: BIP44 account 0 gap -> 1000 on e4c92342…
17:25:14 [DefaultDispatcher-worker-5] BlockchainServiceImpl - network capabilities changed: 101, hasInternet: true, validated: true
17:25:14 [DefaultDispatcher-worker-5] BlockchainServiceImpl - acquiring check() mutex
17:25:14 [DefaultDispatcher-worker-5] BlockchainServiceImpl - check()
17:25:14 [DefaultDispatcher-worker-5] BlockchainServiceImpl - cutover committed — holding the dashj L1 engine; SDK owns L1 this launch
17:25:14 [DefaultDispatcher-worker-5] BlockchainServiceImpl - releasing check() mutex
17:25:14 [DefaultDispatcher-worker-11] DashSdkServiceImpl - widenAddressWindows: BIP32 account 0 gap -> 1000 on e4c92342…
17:25:15 [DefaultDispatcher-worker-11] DashSdkServiceImpl - widenAddressWindows: COIN_JOIN account 0 gap -> 1000 on e4c92342…
17:25:15 [DefaultDispatcher-worker-5] CheckpointManager - Read 2440 checkpoints up to time 2026-01-20T11:13:46Z, hash is 64631969817a1892a432d246a7c17a63d5c57d76d2ddf0404b48486637fe32a0
17:25:15 [DefaultDispatcher-worker-5] BirthHeightResolver - resolved birth time 1427610960 to SDK birth height 0 (checkpoint height 1728, margin 4032 blocks)
17:25:15 [DefaultDispatcher-worker-16] DashSdkServiceImpl - armSpvRescan: filter watermark rewind to 0 armed on e4c92342…
17:25:15 [DefaultDispatcher-worker-5] SdkWalletBinder - address-window heal v2 applied on e4c92342…: gaps widened, backfill coverage invalidated — next gate pass rewinds with the widened script set
17:25:15 [DefaultDispatcher-worker-5] SdkWalletBinder - SDK wallet bound; identity not yet registered — discovery deferred
17:25:15 [DefaultDispatcher-worker-5] PlatformSynchronizationService - SDK L1 engine not started from Application init — it starts from the foreground blockchain service (resume())
17:25:15 [DefaultDispatcher-worker-5] StartupBreadcrumbs - STARTUP breadcrumb: 23 CUTOVER_SERVICES_STARTED +2475447ms
17:25:15 [DefaultDispatcher-worker-14] SdkWalletBinder - SDK wallet bound; identity not yet registered — discovery deferred
17:25:15 [DefaultDispatcher-worker-9] StartupBreadcrumbs - STARTUP breadcrumb: 21 SDK_L1_ENGINE_STARTING +2475448ms
17:25:15 [DefaultDispatcher-worker-18] ShieldedBalanceServiceImpl - shielded runtime ready on SDK wallet e4c92342… (account 0, sync loop running)
17:25:15 [DefaultDispatcher-worker-16] CutoverTxSeamService - seam tx feed primed (0 recent records, 0 in the priming window); serving seam tx reads from the SDK store
17:25:15 [DefaultDispatcher-worker-7] CutoverUiDataService - SDK balance published: 0 duffs (was none) | l1Synced=false rescanArmedHold=true dashPayBackfill(armed=false,replaying=false) deferredContactBuilds=0 (unchangedReads=3) persistedAsLastKnown=false lastKnown=0
17:25:16 [DefaultDispatcher-worker-12] L1ShadowSyncService - DashPay bring-up before SPV: status=NO_IDENTITY discovery=1 dashPaySyncRan=false drained=0 pending=0 elapsedMs=1184
17:25:16 [DefaultDispatcher-worker-12] L1ShadowSyncService - L1ShadowLifecycle RESUMING after 1m32s down (teardown #1 this process); the progress feed and every consumer of it were silent for that whole span
17:25:16 [DefaultDispatcher-worker-12] L1ShadowSyncService - L1 shadow SPV started for SDK wallet e4c92342… (dataDir=/data/user/0/hashengineering.darkcoin.wallet_test/files/l1_shadow_spv/testnet, default peer discovery); debug-only instrumentation — two SPV engines are now running
17:25:16 [DefaultDispatcher-worker-12] StartupBreadcrumbs - STARTUP breadcrumb: 22 SDK_L1_ENGINE_STARTED +2476671ms
17:25:16 [DefaultDispatcher-worker-12] StartupBreadcrumbs - STARTUP breadcrumb: 23 CUTOVER_SERVICES_STARTED +2476671ms
17:25:16 [DefaultDispatcher-worker-11] L1ShadowSyncService - L1Shadow phase=IDLE 0.0% headers 0/0 filters 0/0 wallet 0
17:25:16 [DefaultDispatcher-worker-11] L1ShadowSyncService - ReplayMemTelemetry phase=IDLE nativeHeapAllocated=123512608 nativeHeapSize=172367872 jvmUsed=25073824 jvmMax=603979776 headers 0/0 filters 0 wallet 0
17:25:16 [DefaultDispatcher-worker-11] L1ShadowSyncService - L1Parity probing suspended: the cutover is committed and the dashj engine is held, so its balance is frozen at the cutover snapshot — any comparison against it is a guaranteed MISMATCH that measures nothing. Turn on the Tools 'dashj sync (diagnostic)' toggle to un-hold dashj and resume probing.
17:25:17 [DefaultDispatcher-worker-18] BlockchainServiceImpl - network capabilities changed: 101, hasInternet: true, validated: true
17:25:17 [DefaultDispatcher-worker-18] BlockchainServiceImpl - acquiring check() mutex
17:25:17 [DefaultDispatcher-worker-18] BlockchainServiceImpl - check()
17:25:17 [DefaultDispatcher-worker-18] BlockchainServiceImpl - cutover committed — holding the dashj L1 engine; SDK owns L1 this launch
17:25:17 [DefaultDispatcher-worker-18] BlockchainServiceImpl - releasing check() mutex
17:25:18 [Wallet autosave thread] WalletFiles - Background saving wallet; last seen block is height -1, date unknown, hash null
17:25:18 [Wallet autosave thread] CoinJoinExtension - CoinJoinExtension serialization: 4ms total (keys:0ms[8], cache:0ms[0], salt:0ms, io:4ms, size:1447bytes, buffer:64KB)
17:25:18 [Wallet autosave thread] WalletProtobufSerializer - walletToProto (serial=8) timing: 21ms total, init=0ms, tx=0ms[0], keys=0ms, scripts=0ms[0], metadata=0ms, ext=20ms, friendRecv=0ms, friendSend=0ms, build=0ms
17:25:18 [Wallet autosave thread] WalletProtobufSerializer - writeWallet timing: 22ms total (20ms/90% serialization, 2ms/9% I/O) buffer=8KB
17:25:18 [Wallet autosave thread] WalletFiles - Save completed in 56.23 ms (15498 bytes); /data/user/0/hashengineering.darkcoin.wallet_test/files/wallet-protobuf-testnet
17:25:20 [DefaultDispatcher-worker-4] BlockchainServiceImpl - network capabilities changed: 101, hasInternet: true, validated: true
17:25:20 [DefaultDispatcher-worker-4] BlockchainServiceImpl - acquiring check() mutex
17:25:20 [DefaultDispatcher-worker-4] BlockchainServiceImpl - check()
17:25:20 [DefaultDispatcher-worker-4] BlockchainServiceImpl - cutover committed — holding the dashj L1 engine; SDK owns L1 this launch
17:25:20 [DefaultDispatcher-worker-4] BlockchainServiceImpl - releasing check() mutex
17:25:23 [DefaultDispatcher-worker-7] BlockchainServiceImpl - network capabilities changed: 101, hasInternet: true, validated: true
17:25:23 [DefaultDispatcher-worker-7] BlockchainServiceImpl - acquiring check() mutex
17:25:23 [DefaultDispatcher-worker-7] BlockchainServiceImpl - check()
17:25:23 [DefaultDispatcher-worker-7] BlockchainServiceImpl - cutover committed — holding the dashj L1 engine; SDK owns L1 this launch
17:25:23 [DefaultDispatcher-worker-7] BlockchainServiceImpl - releasing check() mutex
17:25:29 [DefaultDispatcher-worker-11] BlockchainServiceImpl - network capabilities changed: 101, hasInternet: true, validated: true
17:25:29 [DefaultDispatcher-worker-11] BlockchainServiceImpl - acquiring check() mutex
17:25:29 [DefaultDispatcher-worker-11] BlockchainServiceImpl - check()
17:25:29 [DefaultDispatcher-worker-11] BlockchainServiceImpl - cutover committed — holding the dashj L1 engine; SDK owns L1 this launch
17:25:29 [DefaultDispatcher-worker-11] BlockchainServiceImpl - releasing check() mutex
17:25:32 [DefaultDispatcher-worker-16] BlockchainServiceImpl - network capabilities changed: 101, hasInternet: true, validated: true
17:25:32 [DefaultDispatcher-worker-16] BlockchainServiceImpl - acquiring check() mutex
17:25:32 [DefaultDispatcher-worker-16] BlockchainServiceImpl - check()
17:25:32 [DefaultDispatcher-worker-16] BlockchainServiceImpl - cutover committed — holding the dashj L1 engine; SDK owns L1 this launch
17:25:32 [DefaultDispatcher-worker-16] BlockchainServiceImpl - releasing check() mutex
17:25:34 [native-log-bridge] DashSdkNative - 09-19 12:25:30.578  4078  4562 I DashSDK : platform_wallet::changeset::core_bridge: wallet-event batch: folded=1 wallets=1 synced_height_persisted=Some(1999) synced_height_frozen=None synced_height_rejected=None faulted=0
17:25:43 [main] StartupBreadcrumbs - STARTUP breadcrumb: 13 LAUNCH_SURVIVED +2504233ms
17:25:47 [DefaultDispatcher-worker-10] L1ShadowSyncService - L1Shadow phase=HEADERS 11.5% headers 446000/1556870 filters 15000/1556870 wallet 20000
17:25:47 [DefaultDispatcher-worker-10] L1ShadowSyncService - ReplayMemTelemetry phase=HEADERS nativeHeapAllocated=261572256 nativeHeapSize=304164864 jvmUsed=30235680 jvmMax=603979776 headers 446000/1556870 filters 15000 wallet 20000
17:25:50 [DefaultDispatcher-worker-9] BlockchainServiceImpl - network capabilities changed: 101, hasInternet: true, validated: true
17:25:50 [DefaultDispatcher-worker-9] BlockchainServiceImpl - acquiring check() mutex
17:25:50 [DefaultDispatcher-worker-9] BlockchainServiceImpl - check()
17:25:50 [DefaultDispatcher-worker-9] BlockchainServiceImpl - cutover committed — holding the dashj L1 engine; SDK owns L1 this launch
17:25:50 [DefaultDispatcher-worker-9] BlockchainServiceImpl - releasing check() mutex
17:25:53 [main] WalletActivityTracker - activity lifecycle: current: MainActivity, activities: 1 visible: 1 foreground: 0
17:25:53 [main] WalletActivityTracker - activity lifecycle: activity SendCoinsActivity created
17:25:53 [main] WalletActivityTracker - activity lifecycle: current: SendCoinsActivity, activities: 2 visible: 1 foreground: 0
17:25:53 [main] SecurityGuard - loading security guard [healthy=true] with keys: [keystore_healthy, fallback_pin_wallet_password_key, primary_ui_pin_key, modern_encryption_migration_complete, fallback_mnemonic_wallet_password_key, primary_wallet_password_key, fallback_mnemonic_ui_pin_key]
17:25:53 [main] SecurityGuard - loading security guard [healthy=true] with keys: [keystore_healthy, fallback_pin_wallet_password_key, primary_ui_pin_key, modern_encryption_migration_complete, fallback_mnemonic_wallet_password_key, primary_wallet_password_key, fallback_mnemonic_ui_pin_key]
17:25:53 [main] ModernEncryptionProvider - Decrypted data for alias: wallet_password_key
17:25:53 [main] ModernEncryptionProvider - Decrypted data for alias: ui_pin_key
17:25:53 [main] DashPaymentIntentParser - network parameters = org.darkcoin.test
17:25:53 [main] WalletActivityTracker - activity lifecycle: current: SendCoinsActivity, activities: 2 visible: 2 foreground: 0
17:25:53 [main] SecurityGuard - loading security guard [healthy=true] with keys: [keystore_healthy, fallback_pin_wallet_password_key, primary_ui_pin_key, modern_encryption_migration_complete, fallback_mnemonic_wallet_password_key, primary_wallet_password_key, fallback_mnemonic_ui_pin_key]
17:25:53 [main] SecurityGuard - loading security guard [healthy=true] with keys: [keystore_healthy, fallback_pin_wallet_password_key, primary_ui_pin_key, modern_encryption_migration_complete, fallback_mnemonic_wallet_password_key, primary_wallet_password_key, fallback_mnemonic_ui_pin_key]
17:25:53 [main] LockScreenActivity - show lock screen false = ![keepUnlocked=true] && autologout=true && (keepUnlockedUntilPenEntered=false || shouldLogout=false) || isHealthy=true
17:25:53 [main] WalletActivityTracker - activity lifecycle: current: SendCoinsActivity, activities: 2 visible: 2 foreground: 1
17:25:53 [DefaultDispatcher-worker-17] BlockchainServiceImpl - network capabilities changed: 101, hasInternet: true, validated: true
17:25:53 [DefaultDispatcher-worker-17] BlockchainServiceImpl - acquiring check() mutex
17:25:53 [DefaultDispatcher-worker-17] BlockchainServiceImpl - check()
17:25:53 [DefaultDispatcher-worker-17] BlockchainServiceImpl - cutover committed — holding the dashj L1 engine; SDK owns L1 this launch
17:25:53 [DefaultDispatcher-worker-17] BlockchainServiceImpl - releasing check() mutex
17:25:54 [main] BlockchainServiceImpl - .onStartCommand(Intent { cmp=hashengineering.darkcoin.wallet_test/de.schildbach.wallet.service.BlockchainServiceImpl })
17:25:54 [DefaultDispatcher-worker-1] BlockchainServiceImpl - onStartCommand waiting for onCreate to complete...
17:25:54 [DefaultDispatcher-worker-1] BlockchainServiceImpl - onCreate completed, processing onStartCommand
17:25:54 [DefaultDispatcher-worker-1] BLSJniLibrary - Initializing BLS JNI Library
17:25:54 [DefaultDispatcher-worker-1] BlockchainServiceImpl - service start command: Intent { cmp=hashengineering.darkcoin.wallet_test/de.schildbach.wallet.service.BlockchainServiceImpl }
17:25:54 [DefaultDispatcher-worker-1] BlockchainServiceImpl - .onStartCommand(Intent { cmp=hashengineering.darkcoin.wallet_test/de.schildbach.wallet.service.BlockchainServiceImpl }) finished
17:25:54 [main] DashPaymentIntentParser - network parameters = org.darkcoin.test
17:25:54 [DefaultDispatcher-worker-12] BLSJniLibrary - Initializing BLS JNI Library
17:25:54 [DefaultDispatcher-worker-12] WalletBalanceObserver - process emit balance time: 0 ms, selector MaxOutputAmountCoinSelector
17:25:54 [main] SendCoinsViewModel - got PaymentIntent[BIP21,[Output[null,Xg6ZyruE7ZZkebLDvRPwgrPzTC6AtJiYzN]],null]
17:25:54 [DefaultDispatcher-worker-17] Constants - --> GET https://rates.ctx.com/rates?source=ctx
17:25:54 [main] AmountView - Exchange rate is not initialized
17:25:54 [main] AmountView - Exchange rate is not initialized
17:25:54 [main] SendCoinsFragment - enterAmountViewModel.blockContinue = true, viewModel.dryRunSuccessful.value = false
17:25:54 [main] SendCoinsFragment - enterAmountViewModel.blockContinue = true, viewModel.dryRunSuccessful.value = false
17:25:54 [main] WalletActivityTracker - activity lifecycle: current: MainActivity, activities: 2 visible: 1 foreground: 1
17:25:54 [main] SendCoinsFragment - enterAmountViewModel.blockContinue = true, viewModel.dryRunSuccessful.value = false
17:25:54 [main] BlockchainServiceImpl - .onStartCommand(Intent { cmp=hashengineering.darkcoin.wallet_test/de.schildbach.wallet.service.BlockchainServiceImpl })
17:25:54 [DefaultDispatcher-worker-13] BlockchainServiceImpl - onStartCommand waiting for onCreate to complete...
17:25:54 [DefaultDispatcher-worker-13] BlockchainServiceImpl - onCreate completed, processing onStartCommand
17:25:54 [DefaultDispatcher-worker-13] BLSJniLibrary - Initializing BLS JNI Library
17:25:54 [DefaultDispatcher-worker-13] BlockchainServiceImpl - service start command: Intent { cmp=hashengineering.darkcoin.wallet_test/de.schildbach.wallet.service.BlockchainServiceImpl }
17:25:54 [DefaultDispatcher-worker-13] BlockchainServiceImpl - .onStartCommand(Intent { cmp=hashengineering.darkcoin.wallet_test/de.schildbach.wallet.service.BlockchainServiceImpl }) finished
17:25:54 [main] SendCoinsViewModel - proceeding with PaymentIntent[BIP21,[Output[null,Xg6ZyruE7ZZkebLDvRPwgrPzTC6AtJiYzN]],null]
17:25:54 [main] SendCoinsFragment - enterAmountViewModel.blockContinue = true, viewModel.dryRunSuccessful.value = false
17:25:54 [main] SendCoinsFragment - enterAmountViewModel.blockContinue = true, viewModel.dryRunSuccessful.value = false
17:25:54 [DefaultDispatcher-worker-17] Constants - <-- 200 https://rates.ctx.com/rates?source=ctx (82ms, unknown-length body)
17:25:54 [main] SendCoinsFragment - enterAmountViewModel.blockContinue = true, viewModel.dryRunSuccessful.value = false
17:25:54 [DefaultDispatcher-worker-12] ExchangeRatesRepository - exchange rates updated successfully with de.schildbach.wallet.rates.DashRetailClient@8c522d9
17:25:54 [DefaultDispatcher-worker-10] ExchangeRatesRepository - updateTrigger
17:25:54 [main] SendCoinsFragment - enterAmountViewModel.blockContinue = true, viewModel.dryRunSuccessful.value = false
17:25:54 [main] SendCoinsFragment - enterAmountViewModel.blockContinue = true, viewModel.dryRunSuccessful.value = false
17:25:55 [main] SendCoinsFragment - enterAmountViewModel.blockContinue = true, viewModel.dryRunSuccessful.value = false
17:25:56 [main] SendCoinsFragment - enterAmountViewModel.blockContinue = true, viewModel.dryRunSuccessful.value = false
17:25:56 [main] SendCoinsFragment - enterAmountViewModel.blockContinue = true, viewModel.dryRunSuccessful.value = false
17:25:57 [main] SendCoinsFragment - enterAmountViewModel.blockContinue = true, viewModel.dryRunSuccessful.value = false
17:25:58 [main] SendCoinsFragment - enterAmountViewModel.blockContinue = true, viewModel.dryRunSuccessful.value = false
17:25:59 [main] SendCoinsFragment - enterAmountViewModel.blockContinue = true, viewModel.dryRunSuccessful.value = false
17:25:59 [main] BiometricHelper - No biometric credentials
17:25:59 [main] SendCoinsTaskRunner - authenticate with pin
17:25:59 [main] SecurityGuard - loading security guard [healthy=true] with keys: [keystore_healthy, fallback_pin_wallet_password_key, primary_ui_pin_key, modern_encryption_migration_complete, fallback_mnemonic_wallet_password_key, primary_wallet_password_key, fallback_mnemonic_ui_pin_key]
17:26:00 [main] BlockchainServiceImpl - MEM pss=416MB nativeHeap=307/343MB jvm=20/576MB
17:26:00 [DefaultDispatcher-worker-2] BlockchainServiceImpl - network capabilities changed: 101, hasInternet: true, validated: true
17:26:00 [DefaultDispatcher-worker-2] BlockchainServiceImpl - acquiring check() mutex
17:26:00 [DefaultDispatcher-worker-2] BlockchainServiceImpl - check()
17:26:00 [DefaultDispatcher-worker-2] BlockchainServiceImpl - cutover committed — holding the dashj L1 engine; SDK owns L1 this launch
17:26:00 [DefaultDispatcher-worker-2] BlockchainServiceImpl - releasing check() mutex
17:26:00 [main] SendCoinsFragment - enterAmountViewModel.blockContinue = true, viewModel.dryRunSuccessful.value = false
17:26:00 [main] SendCoinsFragment - enterAmountViewModel.blockContinue = true, viewModel.dryRunSuccessful.value = false
17:26:01 [main] SendCoinsFragment - enterAmountViewModel.blockContinue = true, viewModel.dryRunSuccessful.value = false
17:26:02 [main] SendCoinsFragment - enterAmountViewModel.blockContinue = true, viewModel.dryRunSuccessful.value = false
17:26:02 [DefaultDispatcher-worker-10] BlockchainServiceImpl - network capabilities changed: 101, hasInternet: true, validated: true
17:26:02 [DefaultDispatcher-worker-10] BlockchainServiceImpl - acquiring check() mutex
17:26:02 [DefaultDispatcher-worker-10] BlockchainServiceImpl - check()
17:26:02 [DefaultDispatcher-worker-10] BlockchainServiceImpl - cutover committed — holding the dashj L1 engine; SDK owns L1 this launch
17:26:02 [DefaultDispatcher-worker-10] BlockchainServiceImpl - releasing check() mutex
17:26:02 [main] SendCoinsFragment - enterAmountViewModel.blockContinue = true, viewModel.dryRunSuccessful.value = false
17:26:03 [main] SendCoinsFragment - enterAmountViewModel.blockContinue = true, viewModel.dryRunSuccessful.value = false
17:26:03 [main] SendCoinsFragment - enterAmountViewModel.blockContinue = true, viewModel.dryRunSuccessful.value = false
17:26:04 [main] SendCoinsFragment - enterAmountViewModel.blockContinue = true, viewModel.dryRunSuccessful.value = false
17:26:04 [main] SendCoinsFragment - enterAmountViewModel.blockContinue = true, viewModel.dryRunSuccessful.value = false
17:26:04 [native-log-bridge] DashSdkNative - 09-19 12:25:36.623  4078  4561 I DashSDK : platform_wallet::changeset::core_bridge: wallet-event batch: folded=1 wallets=1 synced_height_persisted=Some(3999) synced_height_frozen=None synced_height_rejected=None faulted=0
17:26:04 [native-log-bridge] DashSdkNative - 09-19 12:25:38.105  4078  4560 I DashSDK : platform_wallet::changeset::core_bridge: wallet-event batch: folded=1 wallets=1 synced_height_persisted=Some(5999) synced_height_frozen=None synced_height_rejected=None faulted=0
17:26:04 [native-log-bridge] DashSdkNative - 09-19 12:25:42.857  4078  4561 I DashSDK : platform_wallet::changeset::core_bridge: wallet-event batch: folded=1 wallets=1 synced_height_persisted=Some(10000) synced_height_frozen=None synced_height_rejected=None faulted=0
17:26:04 [native-log-bridge] DashSdkNative - 09-19 12:25:45.253  4078  4559 I DashSDK : platform_wallet::changeset::core_bridge: wallet-event batch: folded=1 wallets=1 synced_height_persisted=Some(15000) synced_height_frozen=None synced_height_rejected=None faulted=0
17:26:04 [native-log-bridge] DashSdkNative - 09-19 12:25:46.670  4078  4560 I DashSDK : platform_wallet::changeset::core_bridge: wallet-event batch: folded=1 wallets=1 synced_height_persisted=Some(20000) synced_height_frozen=None synced_height_rejected=None faulted=0
17:26:04 [native-log-bridge] DashSdkNative - 09-19 12:25:48.307  4078  4560 I DashSDK : platform_wallet::changeset::core_bridge: wallet-event batch: folded=1 wallets=1 synced_height_persisted=Some(25000) synced_height_frozen=None synced_height_rejected=None faulted=0
17:26:04 [native-log-bridge] DashSdkNative - 09-19 12:25:52.103  4078  4561 I DashSDK : platform_wallet::changeset::core_bridge: wallet-event batch: folded=1 wallets=1 synced_height_persisted=Some(30000) synced_height_frozen=None synced_height_rejected=None faulted=0
17:26:04 [native-log-bridge] DashSdkNative - 09-19 12:25:53.621  4078  4561 I DashSDK : platform_wallet::changeset::core_bridge: wallet-event batch: folded=1 wallets=1 synced_height_persisted=Some(35000) synced_height_frozen=None synced_height_rejected=None faulted=0
17:26:04 [native-log-bridge] DashSdkNative - 09-19 12:25:54.441  4078  4562 I DashSDK : platform_wallet::changeset::core_bridge: wallet-event batch: folded=1 wallets=1 synced_height_persisted=Some(40000) synced_height_frozen=None synced_height_rejected=None faulted=0
17:26:04 [native-log-bridge] DashSdkNative - 09-19 12:25:54.771  4078  4559 I DashSDK : platform_wallet::changeset::core_bridge: wallet-event batch: folded=1 wallets=1 synced_height_persisted=Some(45000) synced_height_frozen=None synced_height_rejected=None faulted=0
17:26:04 [native-log-bridge] DashSdkNative - 09-19 12:25:54.968  4078  4561 I DashSDK : platform_wallet::changeset::core_bridge: wallet-event batch: folded=1 wallets=1 synced_height_persisted=Some(50000) synced_height_frozen=None synced_height_rejected=None faulted=0
17:26:04 [native-log-bridge] DashSdkNative - 09-19 12:25:55.254  4078  4561 I DashSDK : platform_wallet::changeset::core_bridge: wallet-event batch: folded=1 wallets=1 synced_height_persisted=Some(55000) synced_height_frozen=None synced_height_rejected=None faulted=0
17:26:04 [native-log-bridge] DashSdkNative - 09-19 12:25:56.218  4078  4562 I DashSDK : platform_wallet::changeset::core_bridge: wallet-event batch: folded=1 wallets=1 synced_height_persisted=Some(60000) synced_height_frozen=None synced_height_rejected=None faulted=0
17:26:04 [native-log-bridge] DashSdkNative - 09-19 12:25:56.976  4078  4560 I DashSDK : platform_wallet::changeset::core_bridge: wallet-event batch: folded=1 wallets=1 synced_height_persisted=Some(65000) synced_height_frozen=None synced_height_rejected=None faulted=0
17:26:04 [native-log-bridge] DashSdkNative - 09-19 12:26:00.078  4078  4559 I DashSDK : platform_wallet::changeset::core_bridge: wallet-event batch: folded=1 wallets=1 synced_height_persisted=Some(70000) synced_height_frozen=None synced_height_rejected=None faulted=0
17:26:04 [native-log-bridge] DashSdkNative - 09-19 12:26:01.835  4078  4560 I DashSDK : platform_wallet::changeset::core_bridge: wallet-event batch: folded=1 wallets=1 synced_height_persisted=Some(75000) synced_height_frozen=None synced_height_rejected=None faulted=0
17:26:04 [native-log-bridge] DashSdkNative - 09-19 12:26:02.961  4078  4561 I DashSDK : platform_wallet::changeset::core_bridge: wallet-event batch: folded=1 wallets=1 synced_height_persisted=Some(80000) synced_height_frozen=None synced_height_rejected=None faulted=0
17:26:04 [native-log-bridge] DashSdkNative - 09-19 12:26:03.859  4078  4562 I DashSDK : platform_wallet::changeset::core_bridge: wallet-event batch: folded=1 wallets=1 synced_height_persisted=Some(85000) synced_height_frozen=None synced_height_rejected=None faulted=0
17:26:05 [main] SendCoinsFragment - enterAmountViewModel.blockContinue = true, viewModel.dryRunSuccessful.value = false
17:26:05 [DefaultDispatcher-worker-6] BlockchainServiceImpl - network capabilities changed: 101, hasInternet: true, validated: true
17:26:05 [DefaultDispatcher-worker-6] BlockchainServiceImpl - acquiring check() mutex
17:26:05 [DefaultDispatcher-worker-6] BlockchainServiceImpl - check()
17:26:05 [DefaultDispatcher-worker-6] BlockchainServiceImpl - cutover committed — holding the dashj L1 engine; SDK owns L1 this launch
17:26:05 [DefaultDispatcher-worker-6] BlockchainServiceImpl - releasing check() mutex
17:26:05 [main] SendCoinsFragment - enterAmountViewModel.blockContinue = true, viewModel.dryRunSuccessful.value = false
17:26:06 [main] SendCoinsFragment - enterAmountViewModel.blockContinue = true, viewModel.dryRunSuccessful.value = false
17:26:06 [main] SendCoinsFragment - enterAmountViewModel.blockContinue = true, viewModel.dryRunSuccessful.value = false
17:26:07 [main] SendCoinsFragment - enterAmountViewModel.blockContinue = true, viewModel.dryRunSuccessful.value = false
17:26:07 [main] SendCoinsFragment - enterAmountViewModel.blockContinue = true, viewModel.dryRunSuccessful.value = false
17:26:08 [DefaultDispatcher-worker-2] BlockchainServiceImpl - network capabilities changed: 101, hasInternet: true, validated: true
17:26:08 [DefaultDispatcher-worker-2] BlockchainServiceImpl - acquiring check() mutex
17:26:08 [DefaultDispatcher-worker-2] BlockchainServiceImpl - check()
17:26:08 [DefaultDispatcher-worker-2] BlockchainServiceImpl - cutover committed — holding the dashj L1 engine; SDK owns L1 this launch
17:26:08 [DefaultDispatcher-worker-2] BlockchainServiceImpl - releasing check() mutex
17:26:08 [main] SendCoinsFragment - enterAmountViewModel.blockContinue = true, viewModel.dryRunSuccessful.value = false
17:26:12 [main] SendCoinsFragment - enterAmountViewModel.blockContinue = true, viewModel.dryRunSuccessful.value = false
17:26:14 [main] BiometricHelper - No biometric credentials
17:26:14 [main] SendCoinsTaskRunner - authenticate with pin
17:26:14 [main] SecurityGuard - loading security guard [healthy=true] with keys: [keystore_healthy, fallback_pin_wallet_password_key, primary_ui_pin_key, modern_encryption_migration_complete, fallback_mnemonic_wallet_password_key, primary_wallet_password_key, fallback_mnemonic_ui_pin_key]
17:26:14 [DefaultDispatcher-worker-16] BlockchainServiceImpl - network capabilities changed: 101, hasInternet: true, validated: true
17:26:14 [DefaultDispatcher-worker-16] BlockchainServiceImpl - acquiring check() mutex
17:26:14 [DefaultDispatcher-worker-16] BlockchainServiceImpl - check()
17:26:14 [DefaultDispatcher-worker-16] BlockchainServiceImpl - cutover committed — holding the dashj L1 engine; SDK owns L1 this launch
17:26:14 [DefaultDispatcher-worker-16] BlockchainServiceImpl - releasing check() mutex
17:26:14 [main] SendCoinsFragment - enterAmountViewModel.blockContinue = true, viewModel.dryRunSuccessful.value = false
17:26:16 [main] SendCoinsFragment - enterAmountViewModel.blockContinue = true, viewModel.dryRunSuccessful.value = false
17:26:17 [DefaultDispatcher-worker-3] L1ShadowSyncService - L1Shadow phase=FILTER_HEADERS 58.6% headers 1556870/1556870 filters 125000/1556870 wallet 125000
17:26:17 [DefaultDispatcher-worker-3] L1ShadowSyncService - ReplayMemTelemetry phase=FILTER_HEADERS nativeHeapAllocated=356152272 nativeHeapSize=390328320 jvmUsed=22584000 jvmMax=603979776 headers 1556870/1556870 filters 125000 wallet 125000
17:26:17 [main] SendCoinsFragment - enterAmountViewModel.blockContinue = true, viewModel.dryRunSuccessful.value = false
17:26:18 [DefaultDispatcher-worker-17] BlockchainServiceImpl - network capabilities changed: 101, hasInternet: true, validated: true
17:26:18 [DefaultDispatcher-worker-17] BlockchainServiceImpl - acquiring check() mutex
17:26:18 [DefaultDispatcher-worker-17] BlockchainServiceImpl - check()
17:26:18 [DefaultDispatcher-worker-17] BlockchainServiceImpl - cutover committed — holding the dashj L1 engine; SDK owns L1 this launch
17:26:18 [DefaultDispatcher-worker-17] BlockchainServiceImpl - releasing check() mutex
17:26:18 [main] SendCoinsFragment - enterAmountViewModel.blockContinue = true, viewModel.dryRunSuccessful.value = false
17:26:19 [main] SendCoinsFragment - enterAmountViewModel.blockContinue = true, viewModel.dryRunSuccessful.value = false
17:26:20 [main] SendCoinsFragment - enterAmountViewModel.blockContinue = true, viewModel.dryRunSuccessful.value = false
17:26:21 [DefaultDispatcher-worker-7] BlockchainServiceImpl - network capabilities changed: 101, hasInternet: true, validated: true
17:26:21 [DefaultDispatcher-worker-7] BlockchainServiceImpl - acquiring check() mutex
17:26:21 [DefaultDispatcher-worker-7] BlockchainServiceImpl - check()
17:26:21 [DefaultDispatcher-worker-7] BlockchainServiceImpl - cutover committed — holding the dashj L1 engine; SDK owns L1 this launch
17:26:21 [DefaultDispatcher-worker-7] BlockchainServiceImpl - releasing check() mutex
17:26:21 [main] SendCoinsFragment - enterAmountViewModel.blockContinue = true, viewModel.dryRunSuccessful.value = false
17:26:21 [main] SendCoinsFragment - enterAmountViewModel.blockContinue = true, viewModel.dryRunSuccessful.value = false
17:26:22 [main] SendCoinsFragment - enterAmountViewModel.blockContinue = true, viewModel.dryRunSuccessful.value = false
17:26:23 [main] SendCoinsFragment - enterAmountViewModel.blockContinue = true, viewModel.dryRunSuccessful.value = false
17:26:24 [main] SendCoinsFragment - enterAmountViewModel.blockContinue = true, viewModel.dryRunSuccessful.value = false
17:26:25 [main] SendCoinsFragment - enterAmountViewModel.blockContinue = true, viewModel.dryRunSuccessful.value = false
17:26:26 [main] SendCoinsFragment - enterAmountViewModel.blockContinue = true, viewModel.dryRunSuccessful.value = false
17:26:27 [main] SendCoinsFragment - enterAmountViewModel.blockContinue = true, viewModel.dryRunSuccessful.value = false
17:26:28 [main] SendCoinsFragment - enterAmountViewModel.blockContinue = true, viewModel.dryRunSuccessful.value = false
17:26:29 [main] BiometricHelper - No biometric credentials
17:26:29 [main] SendCoinsTaskRunner - authenticate with pin
17:26:29 [main] SecurityGuard - loading security guard [healthy=true] with keys: [keystore_healthy, fallback_pin_wallet_password_key, primary_ui_pin_key, modern_encryption_migration_complete, fallback_mnemonic_wallet_password_key, primary_wallet_password_key, fallback_mnemonic_ui_pin_key]
17:26:29 [main] SendCoinsFragment - enterAmountViewModel.blockContinue = true, viewModel.dryRunSuccessful.value = false
17:26:30 [DefaultDispatcher-worker-4] BlockchainServiceImpl - network capabilities changed: 101, hasInternet: true, validated: true
17:26:30 [DefaultDispatcher-worker-4] BlockchainServiceImpl - acquiring check() mutex
17:26:30 [DefaultDispatcher-worker-4] BlockchainServiceImpl - check()
17:26:30 [DefaultDispatcher-worker-4] BlockchainServiceImpl - cutover committed — holding the dashj L1 engine; SDK owns L1 this launch
17:26:30 [DefaultDispatcher-worker-4] BlockchainServiceImpl - releasing check() mutex
17:26:30 [main] SendCoinsFragment - enterAmountViewModel.blockContinue = true, viewModel.dryRunSuccessful.value = false
17:26:30 [main] SendCoinsFragment - enterAmountViewModel.blockContinue = true, viewModel.dryRunSuccessful.value = false
17:26:31 [main] SendCoinsFragment - enterAmountViewModel.blockContinue = true, viewModel.dryRunSuccessful.value = false
17:26:32 [main] SendCoinsFragment - enterAmountViewModel.blockContinue = true, viewModel.dryRunSuccessful.value = false
17:26:33 [DefaultDispatcher-worker-5] BlockchainServiceImpl - network capabilities changed: 101, hasInternet: true, validated: true
17:26:33 [DefaultDispatcher-worker-5] BlockchainServiceImpl - acquiring check() mutex
17:26:33 [DefaultDispatcher-worker-5] BlockchainServiceImpl - check()
17:26:33 [DefaultDispatcher-worker-5] BlockchainServiceImpl - cutover committed — holding the dashj L1 engine; SDK owns L1 this launch
17:26:33 [DefaultDispatcher-worker-5] BlockchainServiceImpl - releasing check() mutex
17:26:33 [main] SendCoinsFragment - enterAmountViewModel.blockContinue = true, viewModel.dryRunSuccessful.value = false
17:26:33 [main] SendCoinsFragment - enterAmountViewModel.blockContinue = true, viewModel.dryRunSuccessful.value = false
17:26:34 [native-log-bridge] DashSdkNative - 09-19 12:26:04.599  4078  4562 I DashSDK : platform_wallet::changeset::core_bridge: wallet-event batch: folded=1 wallets=1 synced_height_persisted=Some(90000) synced_height_frozen=None synced_height_rejected=None faulted=0
17:26:34 [native-log-bridge] DashSdkNative - 09-19 12:26:05.077  4078  4560 I DashSDK : platform_wallet::changeset::core_bridge: wallet-event batch: folded=1 wallets=1 synced_height_persisted=Some(95000) synced_height_frozen=None synced_height_rejected=None faulted=0
17:26:34 [native-log-bridge] DashSdkNative - 09-19 12:26:05.903  4078  4560 I DashSDK : platform_wallet::changeset::core_bridge: wallet-event batch: folded=1 wallets=1 synced_height_persisted=Some(100000) synced_height_frozen=None synced_height_rejected=None faulted=0
17:26:34 [native-log-bridge] DashSdkNative - 09-19 12:26:06.335  4078  4561 I DashSDK : platform_wallet::changeset::core_bridge: wallet-event batch: folded=1 wallets=1 synced_height_persisted=Some(105000) synced_height_frozen=None synced_height_rejected=None faulted=0
17:26:34 [native-log-bridge] DashSdkNative - 09-19 12:26:06.814  4078  4559 I DashSDK : platform_wallet::changeset::core_bridge: wallet-event batch: folded=1 wallets=1 synced_height_persisted=Some(110000) synced_height_frozen=None synced_height_rejected=None faulted=0
17:26:34 [native-log-bridge] DashSdkNative - 09-19 12:26:11.419  4078  4561 I DashSDK : platform_wallet::changeset::core_bridge: wallet-event batch: folded=1 wallets=1 synced_height_persisted=Some(115000) synced_height_frozen=None synced_height_rejected=None faulted=0
17:26:34 [native-log-bridge] DashSdkNative - 09-19 12:26:11.726  4078  4562 I DashSDK : platform_wallet::changeset::core_bridge: wallet-event batch: folded=1 wallets=1 synced_height_persisted=Some(120000) synced_height_frozen=None synced_height_rejected=None faulted=0
17:26:34 [native-log-bridge] DashSdkNative - 09-19 12:26:15.804  4078  4562 I DashSDK : platform_wallet::changeset::core_bridge: wallet-event batch: folded=1 wallets=1 synced_height_persisted=Some(125000) synced_height_frozen=None synced_height_rejected=None faulted=0
17:26:34 [native-log-bridge] DashSdkNative - 09-19 12:26:18.848  4078  4559 I DashSDK : platform_wallet::changeset::core_bridge: wallet-event batch: folded=1 wallets=1 synced_height_persisted=Some(130000) synced_height_frozen=None synced_height_rejected=None faulted=0
17:26:34 [native-log-bridge] DashSdkNative - 09-19 12:26:19.186  4078  4561 I DashSDK : platform_wallet::changeset::core_bridge: wallet-event batch: folded=1 wallets=1 synced_height_persisted=Some(135000) synced_height_frozen=None synced_height_rejected=None faulted=0
17:26:34 [native-log-bridge] DashSdkNative - 09-19 12:26:19.424  4078  4562 I DashSDK : platform_wallet::changeset::core_bridge: wallet-event batch: folded=1 wallets=1 synced_height_persisted=Some(140000) synced_height_frozen=None synced_height_rejected=None faulted=0
17:26:34 [native-log-bridge] DashSdkNative - 09-19 12:26:19.619  4078  4561 I DashSDK : platform_wallet::changeset::core_bridge: wallet-event batch: folded=1 wallets=1 synced_height_persisted=Some(145000) synced_height_frozen=None synced_height_rejected=None faulted=0
17:26:34 [native-log-bridge] DashSdkNative - 09-19 12:26:19.795  4078  4562 I DashSDK : platform_wallet::changeset::core_bridge: wallet-event batch: folded=1 wallets=1 synced_height_persisted=Some(150000) synced_height_frozen=None synced_height_rejected=None faulted=0
17:26:34 [native-log-bridge] DashSdkNative - 09-19 12:26:19.995  4078  4559 I DashSDK : platform_wallet::changeset::core_bridge: wallet-event batch: folded=1 wallets=1 synced_height_persisted=Some(155000) synced_height_frozen=None synced_height_rejected=None faulted=0
17:26:34 [native-log-bridge] DashSdkNative - 09-19 12:26:20.189  4078  4560 I DashSDK : platform_wallet::changeset::core_bridge: wallet-event batch: folded=1 wallets=1 synced_height_persisted=Some(160000) synced_height_frozen=None synced_height_rejected=None faulted=0
17:26:34 [native-log-bridge] DashSdkNative - 09-19 12:26:20.380  4078  4562 I DashSDK : platform_wallet::changeset::core_bridge: wallet-event batch: folded=1 wallets=1 synced_height_persisted=Some(165000) synced_height_frozen=None synced_height_rejected=None faulted=0
17:26:34 [native-log-bridge] DashSdkNative - 09-19 12:26:20.583  4078  4562 I DashSDK : platform_wallet::changeset::core_bridge: wallet-event batch: folded=1 wallets=1 synced_height_persisted=Some(170000) synced_height_frozen=None synced_height_rejected=None faulted=0
17:26:34 [native-log-bridge] DashSdkNative - 09-19 12:26:20.766  4078  4561 I DashSDK : platform_wallet::changeset::core_bridge: wallet-event batch: folded=1 wallets=1 synced_height_persisted=Some(175000) synced_height_frozen=None synced_height_rejected=None faulted=0
17:26:34 [native-log-bridge] DashSdkNative - 09-19 12:26:20.994  4078  4561 I DashSDK : platform_wallet::changeset::core_bridge: wallet-event batch: folded=1 wallets=1 synced_height_persisted=Some(180000) synced_height_frozen=None synced_height_rejected=None faulted=0
17:26:34 [native-log-bridge] DashSdkNative - 09-19 12:26:21.344  4078  4562 I DashSDK : platform_wallet::changeset::core_bridge: wallet-event batch: folded=1 wallets=1 synced_height_persisted=Some(185000) synced_height_frozen=None synced_height_rejected=None faulted=0
17:26:34 [native-log-bridge] DashSdkNative - 09-19 12:26:21.563  4078  4562 I DashSDK : platform_wallet::changeset::core_bridge: wallet-event batch: folded=1 wallets=1 synced_height_persisted=Some(190000) synced_height_frozen=None synced_height_rejected=None faulted=0
17:26:34 [native-log-bridge] DashSdkNative - 09-19 12:26:21.714  4078  4562 I DashSDK : platform_wallet::changeset::core_bridge: wallet-event batch: folded=1 wallets=1 synced_height_persisted=Some(195000) synced_height_frozen=None synced_height_rejected=None faulted=0
17:26:34 [native-log-bridge] DashSdkNative - 09-19 12:26:21.862  4078  4562 I DashSDK : platform_wallet::changeset::core_bridge: wallet-event batch: folded=1 wallets=1 synced_height_persisted=Some(200000) synced_height_frozen=None synced_height_rejected=None faulted=0
17:26:34 [native-log-bridge] DashSdkNative - 09-19 12:26:22.007  4078  4559 I DashSDK : platform_wallet::changeset::core_bridge: wallet-event batch: folded=1 wallets=1 synced_height_persisted=Some(205000) synced_height_frozen=None synced_height_rejected=None faulted=0
17:26:34 [native-log-bridge] DashSdkNative - 09-19 12:26:22.139  4078  4562 I DashSDK : platform_wallet::changeset::core_bridge: wallet-event batch: folded=1 wallets=1 synced_height_persisted=Some(210000) synced_height_frozen=None synced_height_rejected=None faulted=0
17:26:34 [native-log-bridge] DashSdkNative - 09-19 12:26:22.315  4078  4562 I DashSDK : platform_wallet::changeset::core_bridge: wallet-event batch: folded=1 wallets=1 synced_height_persisted=Some(215000) synced_height_frozen=None synced_height_rejected=None faulted=0
17:26:34 [native-log-bridge] DashSdkNative - 09-19 12:26:22.466  4078  4562 I DashSDK : platform_wallet::changeset::core_bridge: wallet-event batch: folded=1 wallets=1 synced_height_persisted=Some(220000) synced_height_frozen=None synced_height_rejected=None faulted=0
17:26:34 [native-log-bridge] DashSdkNative - 09-19 12:26:22.645  4078  4562 I DashSDK : platform_wallet::changeset::core_bridge: wallet-event batch: folded=1 wallets=1 synced_height_persisted=Some(225000) synced_height_frozen=None synced_height_rejected=None faulted=0
17:26:34 [native-log-bridge] DashSdkNative - 09-19 12:26:22.812  4078  4562 I DashSDK : platform_wallet::changeset::core_bridge: wallet-event batch: folded=1 wallets=1 synced_height_persisted=Some(230000) synced_height_frozen=None synced_height_rejected=None faulted=0
17:26:34 [native-log-bridge] DashSdkNative - 09-19 12:26:22.966  4078  4561 I DashSDK : platform_wallet::changeset::core_bridge: wallet-event batch: folded=1 wallets=1 synced_height_persisted=Some(235000) synced_height_frozen=None synced_height_rejected=None faulted=0
17:26:34 [native-log-bridge] DashSdkNative - 09-19 12:26:23.161  4078  4559 I DashSDK : platform_wallet::changeset::core_bridge: wallet-event batch: folded=1 wallets=1 synced_height_persisted=Some(240000) synced_height_frozen=None synced_height_rejected=None faulted=0
17:26:34 [native-log-bridge] DashSdkNative - 09-19 12:26:23.311  4078  4561 I DashSDK : platform_wallet::changeset::core_bridge: wallet-event batch: folded=1 wallets=1 synced_height_persisted=Some(245000) synced_height_frozen=None synced_height_rejected=None faulted=0
17:26:34 [native-log-bridge] DashSdkNative - 09-19 12:26:23.460  4078  4559 I DashSDK : platform_wallet::changeset::core_bridge: wallet-event batch: folded=1 wallets=1 synced_height_persisted=Some(250000) synced_height_frozen=None synced_height_rejected=None faulted=0
17:26:34 [native-log-bridge] DashSdkNative - 09-19 12:26:23.616  4078  4560 I DashSDK : platform_wallet::changeset::core_bridge: wallet-event batch: folded=1 wallets=1 synced_height_persisted=Some(255000) synced_height_frozen=None synced_height_rejected=None faulted=0
17:26:34 [native-log-bridge] DashSdkNative - 09-19 12:26:23.768  4078  4559 I DashSDK : platform_wallet::changeset::core_bridge: wallet-event batch: folded=1 wallets=1 synced_height_persisted=Some(260000) synced_height_frozen=None synced_height_rejected=None faulted=0
17:26:34 [native-log-bridge] DashSdkNative - 09-19 12:26:23.926  4078  4561 I DashSDK : platform_wallet::changeset::core_bridge: wallet-event batch: folded=1 wallets=1 synced_height_persisted=Some(265000) synced_height_frozen=None synced_height_rejected=None faulted=0
17:26:34 [native-log-bridge] DashSdkNative - 09-19 12:26:24.075  4078  4560 I DashSDK : platform_wallet::changeset::core_bridge: wallet-event batch: folded=1 wallets=1 synced_height_persisted=Some(270000) synced_height_frozen=None synced_height_rejected=None faulted=0
17:26:34 [native-log-bridge] DashSdkNative - 09-19 12:26:24.226  4078  4562 I DashSDK : platform_wallet::changeset::core_bridge: wallet-event batch: folded=1 wallets=1 synced_height_persisted=Some(275000) synced_height_frozen=None synced_height_rejected=None faulted=0
17:26:34 [native-log-bridge] DashSdkNative - 09-19 12:26:24.391  4078  4560 I DashSDK : platform_wallet::changeset::core_bridge: wallet-event batch: folded=1 wallets=1 synced_height_persisted=Some(280000) synced_height_frozen=None synced_height_rejected=None faulted=0
17:26:34 [native-log-bridge] DashSdkNative - 09-19 12:26:24.541  4078  4560 I DashSDK : platform_wallet::changeset::core_bridge: wallet-event batch: folded=1 wallets=1 synced_height_persisted=Some(285000) synced_height_frozen=None synced_height_rejected=None faulted=0
17:26:34 [native-log-bridge] DashSdkNative - 09-19 12:26:24.688  4078  4561 I DashSDK : platform_wallet::changeset::core_bridge: wallet-event batch: folded=1 wallets=1 synced_height_persisted=Some(290000) synced_height_frozen=None synced_height_rejected=None faulted=0
17:26:34 [native-log-bridge] DashSdkNative - 09-19 12:26:24.829  4078  4561 I DashSDK : platform_wallet::changeset::core_bridge: wallet-event batch: folded=1 wallets=1 synced_height_persisted=Some(295000) synced_height_frozen=None synced_height_rejected=None faulted=0
17:26:34 [native-log-bridge] DashSdkNative - 09-19 12:26:24.970  4078  4559 I DashSDK : platform_wallet::changeset::core_bridge: wallet-event batch: folded=1 wallets=1 synced_height_persisted=Some(300000) synced_height_frozen=None synced_height_rejected=None faulted=0
17:26:34 [native-log-bridge] DashSdkNative - 09-19 12:26:25.130  4078  4559 I DashSDK : platform_wallet::changeset::core_bridge: wallet-event batch: folded=1 wallets=1 synced_height_persisted=Some(305000) synced_height_frozen=None synced_height_rejected=None faulted=0
17:26:34 [native-log-bridge] DashSdkNative - 09-19 12:26:25.267  4078  4560 I DashSDK : platform_wallet::changeset::core_bridge: wallet-event batch: folded=1 wallets=1 synced_height_persisted=Some(310000) synced_height_frozen=None synced_height_rejected=None faulted=0
17:26:34 [native-log-bridge] DashSdkNative - 09-19 12:26:25.416  4078  4560 I DashSDK : platform_wallet::changeset::core_bridge: wallet-event batch: folded=1 wallets=1 synced_height_persisted=Some(315000) synced_height_frozen=None synced_height_rejected=None faulted=0
17:26:34 [native-log-bridge] DashSdkNative - 09-19 12:26:25.570  4078  4561 I DashSDK : platform_wallet::changeset::core_bridge: wallet-event batch: folded=1 wallets=1 synced_height_persisted=Some(320000) synced_height_frozen=None synced_height_rejected=None faulted=0
17:26:34 [native-log-bridge] DashSdkNative - 09-19 12:26:25.723  4078  4560 I DashSDK : platform_wallet::changeset::core_bridge: wallet-event batch: folded=1 wallets=1 synced_height_persisted=Some(325000) synced_height_frozen=None synced_height_rejected=None faulted=0
17:26:34 [native-log-bridge] DashSdkNative - 09-19 12:26:25.864  4078  4561 I DashSDK : platform_wallet::changeset::core_bridge: wallet-event batch: folded=1 wallets=1 synced_height_persisted=Some(330000) synced_height_frozen=None synced_height_rejected=None faulted=0
17:26:34 [native-log-bridge] DashSdkNative - 09-19 12:26:26.015  4078  4559 I DashSDK : platform_wallet::changeset::core_bridge: wallet-event batch: folded=1 wallets=1 synced_height_persisted=Some(335000) synced_height_frozen=None synced_height_rejected=None faulted=0
17:26:34 [native-log-bridge] DashSdkNative - 09-19 12:26:26.190  4078  4560 I DashSDK : platform_wallet::changeset::core_bridge: wallet-event batch: folded=1 wallets=1 synced_height_persisted=Some(340000) synced_height_frozen=None synced_height_rejected=None faulted=0
17:26:34 [native-log-bridge] DashSdkNative - 09-19 12:26:26.342  4078  4562 I DashSDK : platform_wallet::changeset::core_bridge: wallet-event batch: folded=1 wallets=1 synced_height_persisted=Some(345000) synced_height_frozen=None synced_height_rejected=None faulted=0
17:26:34 [native-log-bridge] DashSdkNative - 09-19 12:26:26.502  4078  4561 I DashSDK : platform_wallet::changeset::core_bridge: wallet-event batch: folded=1 wallets=1 synced_height_persisted=Some(350000) synced_height_frozen=None synced_height_rejected=None faulted=0
17:26:34 [native-log-bridge] DashSdkNative - 09-19 12:26:26.654  4078  4561 I DashSDK : platform_wallet::changeset::core_bridge: wallet-event batch: folded=1 wallets=1 synced_height_persisted=Some(355000) synced_height_frozen=None synced_height_rejected=None faulted=0
17:26:34 [native-log-bridge] DashSdkNative - 09-19 12:26:26.802  4078  4561 I DashSDK : platform_wallet::changeset::core_bridge: wallet-event batch: folded=1 wallets=1 synced_height_persisted=Some(360000) synced_height_frozen=None synced_height_rejected=None faulted=0
17:26:34 [native-log-bridge] DashSdkNative - 09-19 12:26:26.943  4078  4561 I DashSDK : platform_wallet::changeset::core_bridge: wallet-event batch: folded=1 wallets=1 synced_height_persisted=Some(365000) synced_height_frozen=None synced_height_rejected=None faulted=0
17:26:34 [native-log-bridge] DashSdkNative - 09-19 12:26:27.090  4078  4561 I DashSDK : platform_wallet::changeset::core_bridge: wallet-event batch: folded=1 wallets=1 synced_height_persisted=Some(370000) synced_height_frozen=None synced_height_rejected=None faulted=0
17:26:34 [native-log-bridge] DashSdkNative - 09-19 12:26:27.225  4078  4561 I DashSDK : platform_wallet::changeset::core_bridge: wallet-event batch: folded=1 wallets=1 synced_height_persisted=Some(375000) synced_height_frozen=None synced_height_rejected=None faulted=0
17:26:34 [native-log-bridge] DashSdkNative - 09-19 12:26:27.382  4078  4561 I DashSDK : platform_wallet::changeset::core_bridge: wallet-event batch: folded=1 wallets=1 synced_height_persisted=Some(380000) synced_height_frozen=None synced_height_rejected=None faulted=0
17:26:34 [native-log-bridge] DashSdkNative - 09-19 12:26:27.577  4078  4560 I DashSDK : platform_wallet::changeset::core_bridge: wallet-event batch: folded=1 wallets=1 synced_height_persisted=Some(385000) synced_height_frozen=None synced_height_rejected=None faulted=0
17:26:34 [native-log-bridge] DashSdkNative - 09-19 12:26:27.722  4078  4560 I DashSDK : platform_wallet::changeset::core_bridge: wallet-event batch: folded=1 wallets=1 synced_height_persisted=Some(390000) synced_height_frozen=None synced_height_rejected=None faulted=0
17:26:34 [native-log-bridge] DashSdkNative - 09-19 12:26:27.869  4078  4562 I DashSDK : platform_wallet::changeset::core_bridge: wallet-event batch: folded=1 wallets=1 synced_height_persisted=Some(395000) synced_height_frozen=None synced_height_rejected=None faulted=0
17:26:34 [native-log-bridge] DashSdkNative - 09-19 12:26:28.017  4078  4561 I DashSDK : platform_wallet::changeset::core_bridge: wallet-event batch: folded=1 wallets=1 synced_height_persisted=Some(400000) synced_height_frozen=None synced_height_rejected=None faulted=0
17:26:34 [native-log-bridge] DashSdkNative - 09-19 12:26:28.159  4078  4560 I DashSDK : platform_wallet::changeset::core_bridge: wallet-event batch: folded=1 wallets=1 synced_height_persisted=Some(405000) synced_height_frozen=None synced_height_rejected=None faulted=0
17:26:34 [native-log-bridge] DashSdkNative - 09-19 12:26:28.300  4078  4560 I DashSDK : platform_wallet::changeset::core_bridge: wallet-event batch: folded=1 wallets=1 synced_height_persisted=Some(410000) synced_height_frozen=None synced_height_rejected=None faulted=0
17:26:34 [native-log-bridge] DashSdkNative - 09-19 12:26:28.453  4078  4561 I DashSDK : platform_wallet::changeset::core_bridge: wallet-event batch: folded=1 wallets=1 synced_height_persisted=Some(415000) synced_height_frozen=None synced_height_rejected=None faulted=0
17:26:34 [native-log-bridge] DashSdkNative - 09-19 12:26:28.639  4078  4560 I DashSDK : platform_wallet::changeset::core_bridge: wallet-event batch: folded=1 wallets=1 synced_height_persisted=Some(420000) synced_height_frozen=None synced_height_rejected=None faulted=0
17:26:34 [native-log-bridge] DashSdkNative - 09-19 12:26:28.804  4078  4560 I DashSDK : platform_wallet::changeset::core_bridge: wallet-event batch: folded=1 wallets=1 synced_height_persisted=Some(425000) synced_height_frozen=None synced_height_rejected=None faulted=0
17:26:34 [native-log-bridge] DashSdkNative - 09-19 12:26:29.155  4078  4562 I DashSDK : platform_wallet::changeset::core_bridge: wallet-event batch: folded=1 wallets=1 synced_height_persisted=Some(430000) synced_height_frozen=None synced_height_rejected=None faulted=0
17:26:34 [native-log-bridge] DashSdkNative - 09-19 12:26:29.379  4078  4562 I DashSDK : platform_wallet::changeset::core_bridge: wallet-event batch: folded=1 wallets=1 synced_height_persisted=Some(435000) synced_height_frozen=None synced_height_rejected=None faulted=0
17:26:34 [native-log-bridge] DashSdkNative - 09-19 12:26:29.671  4078  4562 I DashSDK : platform_wallet::changeset::core_bridge: wallet-event batch: folded=1 wallets=1 synced_height_persisted=Some(440000) synced_height_frozen=None synced_height_rejected=None faulted=0
17:26:34 [native-log-bridge] DashSdkNative - 09-19 12:26:29.818  4078  4559 I DashSDK : platform_wallet::changeset::core_bridge: wallet-event batch: folded=1 wallets=1 synced_height_persisted=Some(445000) synced_height_frozen=None synced_height_rejected=None faulted=0
17:26:34 [native-log-bridge] DashSdkNative - 09-19 12:26:29.952  4078  4561 I DashSDK : platform_wallet::changeset::core_bridge: wallet-event batch: folded=1 wallets=1 synced_height_persisted=Some(450000) synced_height_frozen=None synced_height_rejected=None faulted=0
17:26:34 [native-log-bridge] DashSdkNative - 09-19 12:26:30.145  4078  4560 I DashSDK : platform_wallet::changeset::core_bridge: wallet-event batch: folded=1 wallets=1 synced_height_persisted=Some(455000) synced_height_frozen=None synced_height_rejected=None faulted=0
17:26:34 [native-log-bridge] DashSdkNative - 09-19 12:26:30.279  4078  4561 I DashSDK : platform_wallet::changeset::core_bridge: wallet-event batch: folded=1 wallets=1 synced_height_persisted=Some(460000) synced_height_frozen=None synced_height_rejected=None faulted=0
17:26:34 [native-log-bridge] DashSdkNative - 09-19 12:26:30.424  4078  4562 I DashSDK : platform_wallet::changeset::core_bridge: wallet-event batch: folded=1 wallets=1 synced_height_persisted=Some(465000) synced_height_frozen=None synced_height_rejected=None faulted=0
17:26:34 [native-log-bridge] DashSdkNative - 09-19 12:26:30.586  4078  4560 I DashSDK : platform_wallet::changeset::core_bridge: wallet-event batch: folded=1 wallets=1 synced_height_persisted=Some(470000) synced_height_frozen=None synced_height_rejected=None faulted=0
17:26:34 [native-log-bridge] DashSdkNative - 09-19 12:26:30.726  4078  4560 I DashSDK : platform_wallet::changeset::core_bridge: wallet-event batch: folded=1 wallets=1 synced_height_persisted=Some(475000) synced_height_frozen=None synced_height_rejected=None faulted=0
17:26:34 [native-log-bridge] DashSdkNative - 09-19 12:26:30.873  4078  4560 I DashSDK : platform_wallet::changeset::core_bridge: wallet-event batch: folded=1 wallets=1 synced_height_persisted=Some(480000) synced_height_frozen=None synced_height_rejected=None faulted=0
17:26:34 [native-log-bridge] DashSdkNative - 09-19 12:26:31.138  4078  4560 I DashSDK : platform_wallet::changeset::core_bridge: wallet-event batch: folded=1 wallets=1 synced_height_persisted=Some(485000) synced_height_frozen=None synced_height_rejected=None faulted=0
17:26:34 [native-log-bridge] DashSdkNative - 09-19 12:26:31.490  4078  4559 I DashSDK : platform_wallet::changeset::core_bridge: wallet-event batch: folded=1 wallets=1 synced_height_persisted=Some(490000) synced_height_frozen=None synced_height_rejected=None faulted=0
17:26:34 [native-log-bridge] DashSdkNative - 09-19 12:26:31.672  4078  4561 I DashSDK : platform_wallet::changeset::core_bridge: wallet-event batch: folded=1 wallets=1 synced_height_persisted=Some(495000) synced_height_frozen=None synced_height_rejected=None faulted=0
17:26:34 [native-log-bridge] DashSdkNative - 09-19 12:26:31.810  4078  4561 I DashSDK : platform_wallet::changeset::core_bridge: wallet-event batch: folded=1 wallets=1 synced_height_persisted=Some(500000) synced_height_frozen=None synced_height_rejected=None faulted=0
17:26:34 [native-log-bridge] DashSdkNative - 09-19 12:26:31.958  4078  4559 I DashSDK : platform_wallet::changeset::core_bridge: wallet-event batch: folded=1 wallets=1 synced_height_persisted=Some(505000) synced_height_frozen=None synced_height_rejected=None faulted=0
17:26:34 [native-log-bridge] DashSdkNative - 09-19 12:26:32.092  4078  4561 I DashSDK : platform_wallet::changeset::core_bridge: wallet-event batch: folded=1 wallets=1 synced_height_persisted=Some(510000) synced_height_frozen=None synced_height_rejected=None faulted=0
17:26:34 [native-log-bridge] DashSdkNative - 09-19 12:26:32.238  4078  4561 I DashSDK : platform_wallet::changeset::core_bridge: wallet-event batch: folded=1 wallets=1 synced_height_persisted=Some(515000) synced_height_frozen=None synced_height_rejected=None faulted=0
17:26:34 [native-log-bridge] DashSdkNative - 09-19 12:26:32.371  4078  4560 I DashSDK : platform_wallet::changeset::core_bridge: wallet-event batch: folded=1 wallets=1 synced_height_persisted=Some(520000) synced_height_frozen=None synced_height_rejected=None faulted=0
17:26:34 [native-log-bridge] DashSdkNative - 09-19 12:26:32.542  4078  4559 I DashSDK : platform_wallet::changeset::core_bridge: wallet-event batch: folded=1 wallets=1 synced_height_persisted=Some(525000) synced_height_frozen=None synced_height_rejected=None faulted=0
17:26:34 [native-log-bridge] DashSdkNative - 09-19 12:26:32.704  4078  4560 I DashSDK : platform_wallet::changeset::core_bridge: wallet-event batch: folded=1 wallets=1 synced_height_persisted=Some(530000) synced_height_frozen=None synced_height_rejected=None faulted=0
17:26:34 [native-log-bridge] DashSdkNative - 09-19 12:26:32.840  4078  4561 I DashSDK : platform_wallet::changeset::core_bridge: wallet-event batch: folded=1 wallets=1 synced_height_persisted=Some(535000) synced_height_frozen=None synced_height_rejected=None faulted=0
17:26:34 [native-log-bridge] DashSdkNative - 09-19 12:26:33.007  4078  4560 I DashSDK : platform_wallet::changeset::core_bridge: wallet-event batch: folded=1 wallets=1 synced_height_persisted=Some(540000) synced_height_frozen=None synced_height_rejected=None faulted=0
17:26:34 [native-log-bridge] DashSdkNative - 09-19 12:26:33.162  4078  4561 I DashSDK : platform_wallet::changeset::core_bridge: wallet-event batch: folded=1 wallets=1 synced_height_persisted=Some(545000) synced_height_frozen=None synced_height_rejected=None faulted=0
17:26:34 [native-log-bridge] DashSdkNative - 09-19 12:26:33.322  4078  4561 I DashSDK : platform_wallet::changeset::core_bridge: wallet-event batch: folded=1 wallets=1 synced_height_persisted=Some(550000) synced_height_frozen=None synced_height_rejected=None faulted=0
17:26:34 [native-log-bridge] DashSdkNative - 09-19 12:26:33.522  4078  4562 I DashSDK : platform_wallet::changeset::core_bridge: wallet-event batch: folded=1 wallets=1 synced_height_persisted=Some(555000) synced_height_frozen=None synced_height_rejected=None faulted=0
17:26:34 [native-log-bridge] DashSdkNative - 09-19 12:26:33.686  4078  4560 I DashSDK : platform_wallet::changeset::core_bridge: wallet-event batch: folded=1 wallets=1 synced_height_persisted=Some(560000) synced_height_frozen=None synced_height_rejected=None faulted=0
17:26:34 [native-log-bridge] DashSdkNative - 09-19 12:26:33.825  4078  4560 I DashSDK : platform_wallet::changeset::core_bridge: wallet-event batch: folded=1 wallets=1 synced_height_persisted=Some(565000) synced_height_frozen=None synced_height_rejected=None faulted=0
17:26:34 [native-log-bridge] DashSdkNative - 09-19 12:26:33.968  4078  4562 I DashSDK : platform_wallet::changeset::core_bridge: wallet-event batch: folded=1 wallets=1 synced_height_persisted=Some(570000) synced_height_frozen=None synced_height_rejected=None faulted=0
17:26:34 [native-log-bridge] DashSdkNative - 09-19 12:26:34.117  4078  4560 I DashSDK : platform_wallet::changeset::core_bridge: wallet-event batch: folded=1 wallets=1 synced_height_persisted=Some(575000) synced_height_frozen=None synced_height_rejected=None faulted=0
17:26:34 [native-log-bridge] DashSdkNative - 09-19 12:26:34.240  4078  4560 I DashSDK : platform_wallet::changeset::core_bridge: wallet-event batch: folded=1 wallets=1 synced_height_persisted=Some(580000) synced_height_frozen=None synced_height_rejected=None faulted=0
17:26:34 [native-log-bridge] DashSdkNative - 09-19 12:26:34.377  4078  4560 I DashSDK : platform_wallet::changeset::core_bridge: wallet-event batch: folded=1 wallets=1 synced_height_persisted=Some(585000) synced_height_frozen=None synced_height_rejected=None faulted=0
17:26:34 [main] SendCoinsFragment - enterAmountViewModel.blockContinue = true, viewModel.dryRunSuccessful.value = false
17:26:35 [main] SendCoinsFragment - enterAmountViewModel.blockContinue = true, viewModel.dryRunSuccessful.value = false
17:26:36 [main] SendCoinsFragment - enterAmountViewModel.blockContinue = true, viewModel.dryRunSuccessful.value = false
17:26:37 [main] SendCoinsFragment - enterAmountViewModel.blockContinue = true, viewModel.dryRunSuccessful.value = false
17:26:38 [main] SendCoinsFragment - enterAmountViewModel.blockContinue = true, viewModel.dryRunSuccessful.value = false
17:26:39 [main] SendCoinsFragment - enterAmountViewModel.blockContinue = true, viewModel.dryRunSuccessful.value = false
17:26:40 [main] SendCoinsFragment - enterAmountViewModel.blockContinue = true, viewModel.dryRunSuccessful.value = false
17:26:41 [main] SendCoinsFragment - enterAmountViewModel.blockContinue = true, viewModel.dryRunSuccessful.value = false
17:26:42 [main] SendCoinsFragment - enterAmountViewModel.blockContinue = true, viewModel.dryRunSuccessful.value = false
17:26:43 [main] SendCoinsFragment - enterAmountViewModel.blockContinue = true, viewModel.dryRunSuccessful.value = false
17:26:43 [main] BiometricHelper - No biometric credentials
17:26:43 [main] SendCoinsTaskRunner - authenticate with pin
17:26:43 [main] SecurityGuard - loading security guard [healthy=true] with keys: [keystore_healthy, fallback_pin_wallet_password_key, primary_ui_pin_key, modern_encryption_migration_complete, fallback_mnemonic_wallet_password_key, primary_wallet_password_key, fallback_mnemonic_ui_pin_key]
17:26:44 [main] SendCoinsFragment - enterAmountViewModel.blockContinue = true, viewModel.dryRunSuccessful.value = false
17:26:45 [main] SendCoinsFragment - enterAmountViewModel.blockContinue = true, viewModel.dryRunSuccessful.value = false
17:26:46 [main] SendCoinsFragment - enterAmountViewModel.blockContinue = true, viewModel.dryRunSuccessful.value = false
17:26:47 [DefaultDispatcher-worker-9] L1ShadowSyncService - L1Shadow phase=FILTERS 84.1% headers 1556870/1556870 filters 815000/1556870 wallet 815000
17:26:47 [DefaultDispatcher-worker-9] L1ShadowSyncService - ReplayMemTelemetry phase=FILTERS nativeHeapAllocated=339892224 nativeHeapSize=421396480 jvmUsed=27400512 jvmMax=603979776 headers 1556870/1556870 filters 815000 wallet 815000
17:26:47 [main] SendCoinsFragment - enterAmountViewModel.blockContinue = true, viewModel.dryRunSuccessful.value = false
17:26:48 [main] SendCoinsFragment - enterAmountViewModel.blockContinue = true, viewModel.dryRunSuccessful.value = false
17:26:49 [main] SendCoinsFragment - enterAmountViewModel.blockContinue = true, viewModel.dryRunSuccessful.value = false
17:26:50 [main] SendCoinsFragment - enterAmountViewModel.blockContinue = true, viewModel.dryRunSuccessful.value = false
17:26:51 [main] SendCoinsFragment - enterAmountViewModel.blockContinue = true, viewModel.dryRunSuccessful.value = false
17:26:52 [main] SendCoinsFragment - enterAmountViewModel.blockContinue = true, viewModel.dryRunSuccessful.value = false
17:26:53 [main] SendCoinsFragment - enterAmountViewModel.blockContinue = true, viewModel.dryRunSuccessful.value = false
17:26:54 [main] SendCoinsFragment - enterAmountViewModel.blockContinue = true, viewModel.dryRunSuccessful.value = false
17:26:55 [main] SendCoinsFragment - enterAmountViewModel.blockContinue = true, viewModel.dryRunSuccessful.value = false
17:26:56 [main] SendCoinsFragment - enterAmountViewModel.blockContinue = true, viewModel.dryRunSuccessful.value = false
17:26:57 [main] SendCoinsFragment - enterAmountViewModel.blockContinue = true, viewModel.dryRunSuccessful.value = false
17:26:58 [main] BiometricHelper - No biometric credentials
17:26:58 [main] SendCoinsTaskRunner - authenticate with pin
17:26:58 [main] SecurityGuard - loading security guard [healthy=true] with keys: [keystore_healthy, fallback_pin_wallet_password_key, primary_ui_pin_key, modern_encryption_migration_complete, fallback_mnemonic_wallet_password_key, primary_wallet_password_key, fallback_mnemonic_ui_pin_key]
17:26:58 [main] SendCoinsFragment - enterAmountViewModel.blockContinue = true, viewModel.dryRunSuccessful.value = false
17:26:59 [main] SendCoinsFragment - enterAmountViewModel.blockContinue = true, viewModel.dryRunSuccessful.value = false
17:27:00 [main] BlockchainServiceImpl - MEM pss=476MB nativeHeap=340/414MB jvm=23/576MB
17:27:00 [main] BlockchainServiceImpl - History of transactions/blocks/headers/mnlistdiff (sdk): 0/1000000/416870/1556870
17:27:00 [main] BlockchainServiceImpl - replay in progress on the SDK path — acquiring the wake lock
17:27:00 [main] BlockchainServiceImpl - MEM pss=476MB nativeHeap=340/414MB jvm=23/576MB
17:27:00 [main] BlockchainServiceImpl - History of transactions/blocks/headers/mnlistdiff (sdk): 0/0/0/0, 0/1000000/416870/1556870
17:27:00 [DefaultDispatcher-worker-14] BlockchainServiceImpl - network capabilities changed: 101, hasInternet: true, validated: true
17:27:00 [DefaultDispatcher-worker-14] BlockchainServiceImpl - acquiring check() mutex
17:27:00 [DefaultDispatcher-worker-14] BlockchainServiceImpl - check()
17:27:00 [DefaultDispatcher-worker-14] BlockchainServiceImpl - cutover committed — holding the dashj L1 engine; SDK owns L1 this launch
17:27:00 [DefaultDispatcher-worker-14] BlockchainServiceImpl - releasing check() mutex
17:27:00 [main] SendCoinsFragment - enterAmountViewModel.blockContinue = true, viewModel.dryRunSuccessful.value = false
17:27:00 [main] SendCoinsFragment - enterAmountViewModel.blockContinue = true, viewModel.dryRunSuccessful.value = false
17:27:01 [main] SendCoinsFragment - enterAmountViewModel.blockContinue = true, viewModel.dryRunSuccessful.value = false
17:27:02 [main] SendCoinsFragment - enterAmountViewModel.blockContinue = true, viewModel.dryRunSuccessful.value = false
17:27:03 [DefaultDispatcher-worker-6] BlockchainServiceImpl - network capabilities changed: 101, hasInternet: true, validated: true
17:27:03 [DefaultDispatcher-worker-6] BlockchainServiceImpl - acquiring check() mutex
17:27:03 [DefaultDispatcher-worker-6] BlockchainServiceImpl - check()
17:27:03 [DefaultDispatcher-worker-6] BlockchainServiceImpl - cutover committed — holding the dashj L1 engine; SDK owns L1 this launch
17:27:03 [DefaultDispatcher-worker-6] BlockchainServiceImpl - releasing check() mutex
17:27:03 [main] SendCoinsFragment - enterAmountViewModel.blockContinue = true, viewModel.dryRunSuccessful.value = false
17:27:03 [main] SendCoinsFragment - enterAmountViewModel.blockContinue = true, viewModel.dryRunSuccessful.value = false
17:27:04 [native-log-bridge] DashSdkNative - 09-19 12:26:34.531  4078  4560 I DashSDK : platform_wallet::changeset::core_bridge: wallet-event batch: folded=1 wallets=1 synced_height_persisted=Some(590000) synced_height_frozen=None synced_height_rejected=None faulted=0
17:27:04 [native-log-bridge] DashSdkNative - 09-19 12:26:34.680  4078  4560 I DashSDK : platform_wallet::changeset::core_bridge: wallet-event batch: folded=1 wallets=1 synced_height_persisted=Some(595000) synced_height_frozen=None synced_height_rejected=None faulted=0
17:27:04 [native-log-bridge] DashSdkNative - 09-19 12:26:34.824  4078  4561 I DashSDK : platform_wallet::changeset::core_bridge: wallet-event batch: folded=1 wallets=1 synced_height_persisted=Some(600000) synced_height_frozen=None synced_height_rejected=None faulted=0
17:27:04 [native-log-bridge] DashSdkNative - 09-19 12:26:34.964  4078  4559 I DashSDK : platform_wallet::changeset::core_bridge: wallet-event batch: folded=1 wallets=1 synced_height_persisted=Some(605000) synced_height_frozen=None synced_height_rejected=None faulted=0
17:27:04 [native-log-bridge] DashSdkNative - 09-19 12:26:35.105  4078  4559 I DashSDK : platform_wallet::changeset::core_bridge: wallet-event batch: folded=1 wallets=1 synced_height_persisted=Some(610000) synced_height_frozen=None synced_height_rejected=None faulted=0
17:27:04 [native-log-bridge] DashSdkNative - 09-19 12:26:35.243  4078  4561 I DashSDK : platform_wallet::changeset::core_bridge: wallet-event batch: folded=1 wallets=1 synced_height_persisted=Some(615000) synced_height_frozen=None synced_height_rejected=None faulted=0
17:27:04 [native-log-bridge] DashSdkNative - 09-19 12:26:35.378  4078  4559 I DashSDK : platform_wallet::changeset::core_bridge: wallet-event batch: folded=1 wallets=1 synced_height_persisted=Some(620000) synced_height_frozen=None synced_height_rejected=None faulted=0
17:27:04 [native-log-bridge] DashSdkNative - 09-19 12:26:35.538  4078  4559 I DashSDK : platform_wallet::changeset::core_bridge: wallet-event batch: folded=1 wallets=1 synced_height_persisted=Some(625000) synced_height_frozen=None synced_height_rejected=None faulted=0
17:27:04 [native-log-bridge] DashSdkNative - 09-19 12:26:35.730  4078  4561 I DashSDK : platform_wallet::changeset::core_bridge: wallet-event batch: folded=1 wallets=1 synced_height_persisted=Some(630000) synced_height_frozen=None synced_height_rejected=None faulted=0
17:27:04 [native-log-bridge] DashSdkNative - 09-19 12:26:35.875  4078  4559 I DashSDK : platform_wallet::changeset::core_bridge: wallet-event batch: folded=1 wallets=1 synced_height_persisted=Some(635000) synced_height_frozen=None synced_height_rejected=None faulted=0
17:27:04 [native-log-bridge] DashSdkNative - 09-19 12:26:36.004  4078  4560 I DashSDK : platform_wallet::changeset::core_bridge: wallet-event batch: folded=1 wallets=1 synced_height_persisted=Some(640000) synced_height_frozen=None synced_height_rejected=None faulted=0
17:27:04 [native-log-bridge] DashSdkNative - 09-19 12:26:36.154  4078  4559 I DashSDK : platform_wallet::changeset::core_bridge: wallet-event batch: folded=1 wallets=1 synced_height_persisted=Some(645000) synced_height_frozen=None synced_height_rejected=None faulted=0
17:27:04 [native-log-bridge] DashSdkNative - 09-19 12:26:36.279  4078  4559 I DashSDK : platform_wallet::changeset::core_bridge: wallet-event batch: folded=1 wallets=1 synced_height_persisted=Some(650000) synced_height_frozen=None synced_height_rejected=None faulted=0
17:27:04 [native-log-bridge] DashSdkNative - 09-19 12:26:36.427  4078  4561 I DashSDK : platform_wallet::changeset::core_bridge: wallet-event batch: folded=1 wallets=1 synced_height_persisted=Some(655000) synced_height_frozen=None synced_height_rejected=None faulted=0
17:27:04 [native-log-bridge] DashSdkNative - 09-19 12:26:36.565  4078  4561 I DashSDK : platform_wallet::changeset::core_bridge: wallet-event batch: folded=1 wallets=1 synced_height_persisted=Some(660000) synced_height_frozen=None synced_height_rejected=None faulted=0
17:27:04 [native-log-bridge] DashSdkNative - 09-19 12:26:36.745  4078  4559 I DashSDK : platform_wallet::changeset::core_bridge: wallet-event batch: folded=1 wallets=1 synced_height_persisted=Some(665000) synced_height_frozen=None synced_height_rejected=None faulted=0
17:27:04 [native-log-bridge] DashSdkNative - 09-19 12:26:36.881  4078  4560 I DashSDK : platform_wallet::changeset::core_bridge: wallet-event batch: folded=1 wallets=1 synced_height_persisted=Some(670000) synced_height_frozen=None synced_height_rejected=None faulted=0
17:27:04 [native-log-bridge] DashSdkNative - 09-19 12:26:37.015  4078  4561 I DashSDK : platform_wallet::changeset::core_bridge: wallet-event batch: folded=1 wallets=1 synced_height_persisted=Some(675000) synced_height_frozen=None synced_height_rejected=None faulted=0
17:27:04 [native-log-bridge] DashSdkNative - 09-19 12:26:37.177  4078  4560 I DashSDK : platform_wallet::changeset::core_bridge: wallet-event batch: folded=1 wallets=1 synced_height_persisted=Some(680000) synced_height_frozen=None synced_height_rejected=None faulted=0
17:27:04 [native-log-bridge] DashSdkNative - 09-19 12:26:37.359  4078  4562 I DashSDK : platform_wallet::changeset::core_bridge: wallet-event batch: folded=1 wallets=1 synced_height_persisted=Some(685000) synced_height_frozen=None synced_height_rejected=None faulted=0
17:27:04 [native-log-bridge] DashSdkNative - 09-19 12:26:37.568  4078  4559 I DashSDK : platform_wallet::changeset::core_bridge: wallet-event batch: folded=1 wallets=1 synced_height_persisted=Some(690000) synced_height_frozen=None synced_height_rejected=None faulted=0
17:27:04 [native-log-bridge] DashSdkNative - 09-19 12:26:37.765  4078  4559 I DashSDK : platform_wallet::changeset::core_bridge: wallet-event batch: folded=1 wallets=1 synced_height_persisted=Some(695000) synced_height_frozen=None synced_height_rejected=None faulted=0
17:27:04 [native-log-bridge] DashSdkNative - 09-19 12:26:37.792  4078  4559 I DashSDK : platform_wallet::changeset::core_bridge: wallet-event batch: folded=1 wallets=1 synced_height_persisted=Some(700000) synced_height_frozen=None synced_height_rejected=None faulted=0
17:27:04 [native-log-bridge] DashSdkNative - 09-19 12:26:38.131  4078  4560 I DashSDK : platform_wallet::changeset::core_bridge: wallet-event batch: folded=1 wallets=1 synced_height_persisted=Some(705000) synced_height_frozen=None synced_height_rejected=None faulted=0
17:27:04 [native-log-bridge] DashSdkNative - 09-19 12:26:38.314  4078  4560 I DashSDK : platform_wallet::changeset::core_bridge: wallet-event batch: folded=1 wallets=1 synced_height_persisted=Some(710000) synced_height_frozen=None synced_height_rejected=None faulted=0
17:27:04 [native-log-bridge] DashSdkNative - 09-19 12:26:38.509  4078  4562 I DashSDK : platform_wallet::changeset::core_bridge: wallet-event batch: folded=1 wallets=1 synced_height_persisted=Some(715000) synced_height_frozen=None synced_height_rejected=None faulted=0
17:27:04 [native-log-bridge] DashSdkNative - 09-19 12:26:38.738  4078  4562 I DashSDK : platform_wallet::changeset::core_bridge: wallet-event batch: folded=1 wallets=1 synced_height_persisted=Some(720000) synced_height_frozen=None synced_height_rejected=None faulted=0
17:27:04 [native-log-bridge] DashSdkNative - 09-19 12:26:38.914  4078  4559 I DashSDK : platform_wallet::changeset::core_bridge: wallet-event batch: folded=1 wallets=1 synced_height_persisted=Some(725000) synced_height_frozen=None synced_height_rejected=None faulted=0
17:27:04 [native-log-bridge] DashSdkNative - 09-19 12:26:39.158  4078  4562 I DashSDK : platform_wallet::changeset::core_bridge: wallet-event batch: folded=1 wallets=1 synced_height_persisted=Some(730000) synced_height_frozen=None synced_height_rejected=None faulted=0
17:27:04 [native-log-bridge] DashSdkNative - 09-19 12:26:39.414  4078  4560 I DashSDK : platform_wallet::changeset::core_bridge: wallet-event batch: folded=1 wallets=1 synced_height_persisted=Some(735000) synced_height_frozen=None synced_height_rejected=None faulted=0
17:27:04 [native-log-bridge] DashSdkNative - 09-19 12:26:39.748  4078  4561 I DashSDK : platform_wallet::changeset::core_bridge: wallet-event batch: folded=1 wallets=1 synced_height_persisted=Some(740000) synced_height_frozen=None synced_height_rejected=None faulted=0
17:27:04 [native-log-bridge] DashSdkNative - 09-19 12:26:40.118  4078  4561 I DashSDK : platform_wallet::changeset::core_bridge: wallet-event batch: folded=1 wallets=1 synced_height_persisted=Some(745000) synced_height_frozen=None synced_height_rejected=None faulted=0
17:27:04 [native-log-bridge] DashSdkNative - 09-19 12:26:40.763  4078  4562 I DashSDK : platform_wallet::changeset::core_bridge: wallet-event batch: folded=1 wallets=1 synced_height_persisted=Some(750000) synced_height_frozen=None synced_height_rejected=None faulted=0
17:27:04 [native-log-bridge] DashSdkNative - 09-19 12:26:41.132  4078  4560 I DashSDK : platform_wallet::changeset::core_bridge: wallet-event batch: folded=1 wallets=1 synced_height_persisted=Some(755000) synced_height_frozen=None synced_height_rejected=None faulted=0
17:27:04 [native-log-bridge] DashSdkNative - 09-19 12:26:41.499  4078  4560 I DashSDK : platform_wallet::changeset::core_bridge: wallet-event batch: folded=1 wallets=1 synced_height_persisted=Some(760000) synced_height_frozen=None synced_height_rejected=None faulted=0
17:27:04 [native-log-bridge] DashSdkNative - 09-19 12:26:41.900  4078  4559 I DashSDK : platform_wallet::changeset::core_bridge: wallet-event batch: folded=1 wallets=1 synced_height_persisted=Some(765000) synced_height_frozen=None synced_height_rejected=None faulted=0
17:27:04 [native-log-bridge] DashSdkNative - 09-19 12:26:42.618  4078  4559 I DashSDK : platform_wallet::changeset::core_bridge: wallet-event batch: folded=1 wallets=1 synced_height_persisted=Some(770000) synced_height_frozen=None synced_height_rejected=None faulted=0
17:27:04 [native-log-bridge] DashSdkNative - 09-19 12:26:43.166  4078  4560 I DashSDK : platform_wallet::changeset::core_bridge: wallet-event batch: folded=1 wallets=1 synced_height_persisted=Some(775000) synced_height_frozen=None synced_height_rejected=None faulted=0
17:27:04 [native-log-bridge] DashSdkNative - 09-19 12:26:43.557  4078  4559 I DashSDK : platform_wallet::changeset::core_bridge: wallet-event batch: folded=1 wallets=1 synced_height_persisted=Some(780000) synced_height_frozen=None synced_height_rejected=None faulted=0
17:27:04 [native-log-bridge] DashSdkNative - 09-19 12:26:44.041  4078  4562 I DashSDK : platform_wallet::changeset::core_bridge: wallet-event batch: folded=1 wallets=1 synced_height_persisted=Some(785000) synced_height_frozen=None synced_height_rejected=None faulted=0
17:27:04 [native-log-bridge] DashSdkNative - 09-19 12:26:44.414  4078  4560 I DashSDK : platform_wallet::changeset::core_bridge: wallet-event batch: folded=1 wallets=1 synced_height_persisted=Some(790000) synced_height_frozen=None synced_height_rejected=None faulted=0
17:27:04 [native-log-bridge] DashSdkNative - 09-19 12:26:45.167  4078  4561 I DashSDK : platform_wallet::changeset::core_bridge: wallet-event batch: folded=1 wallets=1 synced_height_persisted=Some(795000) synced_height_frozen=None synced_height_rejected=None faulted=0
17:27:04 [native-log-bridge] DashSdkNative - 09-19 12:26:45.678  4078  4560 I DashSDK : platform_wallet::changeset::core_bridge: wallet-event batch: folded=1 wallets=1 synced_height_persisted=Some(800000) synced_height_frozen=None synced_height_rejected=None faulted=0
17:27:04 [native-log-bridge] DashSdkNative - 09-19 12:26:46.058  4078  4560 I DashSDK : platform_wallet::changeset::core_bridge: wallet-event batch: folded=1 wallets=1 synced_height_persisted=Some(805000) synced_height_frozen=None synced_height_rejected=None faulted=0
17:27:04 [native-log-bridge] DashSdkNative - 09-19 12:26:46.505  4078  4559 I DashSDK : platform_wallet::changeset::core_bridge: wallet-event batch: folded=1 wallets=1 synced_height_persisted=Some(810000) synced_height_frozen=None synced_height_rejected=None faulted=0
17:27:04 [native-log-bridge] DashSdkNative - 09-19 12:26:47.150  4078  4560 I DashSDK : platform_wallet::changeset::core_bridge: wallet-event batch: folded=1 wallets=1 synced_height_persisted=Some(815000) synced_height_frozen=None synced_height_rejected=None faulted=0
17:27:04 [native-log-bridge] DashSdkNative - 09-19 12:26:47.887  4078  4559 I DashSDK : platform_wallet::changeset::core_bridge: wallet-event batch: folded=1 wallets=1 synced_height_persisted=Some(820000) synced_height_frozen=None synced_height_rejected=None faulted=0
17:27:04 [native-log-bridge] DashSdkNative - 09-19 12:26:48.064  4078  4560 I DashSDK : platform_wallet::changeset::core_bridge: wallet-event batch: folded=1 wallets=1 synced_height_persisted=Some(825000) synced_height_frozen=None synced_height_rejected=None faulted=0
17:27:04 [native-log-bridge] DashSdkNative - 09-19 12:26:48.226  4078  4560 I DashSDK : platform_wallet::changeset::core_bridge: wallet-event batch: folded=1 wallets=1 synced_height_persisted=Some(830000) synced_height_frozen=None synced_height_rejected=None faulted=0
17:27:04 [native-log-bridge] DashSdkNative - 09-19 12:26:48.356  4078  4559 I DashSDK : platform_wallet::changeset::core_bridge: wallet-event batch: folded=1 wallets=1 synced_height_persisted=Some(835000) synced_height_frozen=None synced_height_rejected=None faulted=0
17:27:04 [native-log-bridge] DashSdkNative - 09-19 12:26:48.495  4078  4562 I DashSDK : platform_wallet::changeset::core_bridge: wallet-event batch: folded=1 wallets=1 synced_height_persisted=Some(840000) synced_height_frozen=None synced_height_rejected=None faulted=0
17:27:04 [native-log-bridge] DashSdkNative - 09-19 12:26:48.656  4078  4559 I DashSDK : platform_wallet::changeset::core_bridge: wallet-event batch: folded=1 wallets=1 synced_height_persisted=Some(845000) synced_height_frozen=None synced_height_rejected=None faulted=0
17:27:04 [native-log-bridge] DashSdkNative - 09-19 12:26:48.803  4078  4562 I DashSDK : platform_wallet::changeset::core_bridge: wallet-event batch: folded=1 wallets=1 synced_height_persisted=Some(850000) synced_height_frozen=None synced_height_rejected=None faulted=0
17:27:04 [native-log-bridge] DashSdkNative - 09-19 12:26:48.939  4078  4560 I DashSDK : platform_wallet::changeset::core_bridge: wallet-event batch: folded=1 wallets=1 synced_height_persisted=Some(855000) synced_height_frozen=None synced_height_rejected=None faulted=0
17:27:04 [native-log-bridge] DashSdkNative - 09-19 12:26:49.074  4078  4560 I DashSDK : platform_wallet::changeset::core_bridge: wallet-event batch: folded=1 wallets=1 synced_height_persisted=Some(860000) synced_height_frozen=None synced_height_rejected=None faulted=0
17:27:04 [native-log-bridge] DashSdkNative - 09-19 12:26:49.283  4078  4561 I DashSDK : platform_wallet::changeset::core_bridge: wallet-event batch: folded=1 wallets=1 synced_height_persisted=Some(865000) synced_height_frozen=None synced_height_rejected=None faulted=0
17:27:04 [native-log-bridge] DashSdkNative - 09-19 12:26:49.529  4078  4560 I DashSDK : platform_wallet::changeset::core_bridge: wallet-event batch: folded=1 wallets=1 synced_height_persisted=Some(870000) synced_height_frozen=None synced_height_rejected=None faulted=0
17:27:04 [native-log-bridge] DashSdkNative - 09-19 12:26:50.043  4078  4562 I DashSDK : platform_wallet::changeset::core_bridge: wallet-event batch: folded=1 wallets=1 synced_height_persisted=Some(875000) synced_height_frozen=None synced_height_rejected=None faulted=0
17:27:04 [native-log-bridge] DashSdkNative - 09-19 12:26:50.355  4078  4561 I DashSDK : platform_wallet::changeset::core_bridge: wallet-event batch: folded=1 wallets=1 synced_height_persisted=Some(880000) synced_height_frozen=None synced_height_rejected=None faulted=0
17:27:04 [native-log-bridge] DashSdkNative - 09-19 12:26:51.055  4078  4562 I DashSDK : platform_wallet::changeset::core_bridge: wallet-event batch: folded=1 wallets=1 synced_height_persisted=Some(885000) synced_height_frozen=None synced_height_rejected=None faulted=0
17:27:04 [native-log-bridge] DashSdkNative - 09-19 12:26:51.618  4078  4562 I DashSDK : platform_wallet::changeset::core_bridge: wallet-event batch: folded=1 wallets=1 synced_height_persisted=Some(890000) synced_height_frozen=None synced_height_rejected=None faulted=0
17:27:04 [native-log-bridge] DashSdkNative - 09-19 12:26:52.191  4078  4559 I DashSDK : platform_wallet::changeset::core_bridge: wallet-event batch: folded=1 wallets=1 synced_height_persisted=Some(895000) synced_height_frozen=None synced_height_rejected=None faulted=0
17:27:04 [native-log-bridge] DashSdkNative - 09-19 12:26:52.654  4078  4560 I DashSDK : platform_wallet::changeset::core_bridge: wallet-event batch: folded=1 wallets=1 synced_height_persisted=Some(900000) synced_height_frozen=None synced_height_rejected=None faulted=0
17:27:04 [native-log-bridge] DashSdkNative - 09-19 12:26:53.083  4078  4559 I DashSDK : platform_wallet::changeset::core_bridge: wallet-event batch: folded=1 wallets=1 synced_height_persisted=Some(905000) synced_height_frozen=None synced_height_rejected=None faulted=0
17:27:04 [native-log-bridge] DashSdkNative - 09-19 12:26:53.589  4078  4561 I DashSDK : platform_wallet::changeset::core_bridge: wallet-event batch: folded=1 wallets=1 synced_height_persisted=Some(910000) synced_height_frozen=None synced_height_rejected=None faulted=0
17:27:04 [native-log-bridge] DashSdkNative - 09-19 12:26:54.289  4078  4561 I DashSDK : platform_wallet::changeset::core_bridge: wallet-event batch: folded=1 wallets=1 synced_height_persisted=Some(915000) synced_height_frozen=None synced_height_rejected=None faulted=0
17:27:04 [native-log-bridge] DashSdkNative - 09-19 12:26:54.690  4078  4562 I DashSDK : platform_wallet::changeset::core_bridge: wallet-event batch: folded=1 wallets=1 synced_height_persisted=Some(920000) synced_height_frozen=None synced_height_rejected=None faulted=0
17:27:04 [native-log-bridge] DashSdkNative - 09-19 12:26:54.848  4078  4561 I DashSDK : platform_wallet::changeset::core_bridge: wallet-event batch: folded=1 wallets=1 synced_height_persisted=Some(925000) synced_height_frozen=None synced_height_rejected=None faulted=0
17:27:04 [native-log-bridge] DashSdkNative - 09-19 12:26:54.988  4078  4559 I DashSDK : platform_wallet::changeset::core_bridge: wallet-event batch: folded=1 wallets=1 synced_height_persisted=Some(930000) synced_height_frozen=None synced_height_rejected=None faulted=0
17:27:04 [native-log-bridge] DashSdkNative - 09-19 12:26:55.127  4078  4561 I DashSDK : platform_wallet::changeset::core_bridge: wallet-event batch: folded=1 wallets=1 synced_height_persisted=Some(935000) synced_height_frozen=None synced_height_rejected=None faulted=0
17:27:04 [native-log-bridge] DashSdkNative - 09-19 12:26:55.275  4078  4560 I DashSDK : platform_wallet::changeset::core_bridge: wallet-event batch: folded=1 wallets=1 synced_height_persisted=Some(940000) synced_height_frozen=None synced_height_rejected=None faulted=0
17:27:04 [native-log-bridge] DashSdkNative - 09-19 12:26:55.445  4078  4559 I DashSDK : platform_wallet::changeset::core_bridge: wallet-event batch: folded=1 wallets=1 synced_height_persisted=Some(945000) synced_height_frozen=None synced_height_rejected=None faulted=0
17:27:04 [native-log-bridge] DashSdkNative - 09-19 12:26:55.587  4078  4562 I DashSDK : platform_wallet::changeset::core_bridge: wallet-event batch: folded=1 wallets=1 synced_height_persisted=Some(950000) synced_height_frozen=None synced_height_rejected=None faulted=0
17:27:04 [native-log-bridge] DashSdkNative - 09-19 12:26:55.739  4078  4559 I DashSDK : platform_wallet::changeset::core_bridge: wallet-event batch: folded=1 wallets=1 synced_height_persisted=Some(955000) synced_height_frozen=None synced_height_rejected=None faulted=0
17:27:04 [native-log-bridge] DashSdkNative - 09-19 12:26:55.879  4078  4562 I DashSDK : platform_wallet::changeset::core_bridge: wallet-event batch: folded=1 wallets=1 synced_height_persisted=Some(960000) synced_height_frozen=None synced_height_rejected=None faulted=0
17:27:04 [native-log-bridge] DashSdkNative - 09-19 12:26:56.016  4078  4559 I DashSDK : platform_wallet::changeset::core_bridge: wallet-event batch: folded=1 wallets=1 synced_height_persisted=Some(965000) synced_height_frozen=None synced_height_rejected=None faulted=0
17:27:04 [native-log-bridge] DashSdkNative - 09-19 12:26:56.176  4078  4560 I DashSDK : platform_wallet::changeset::core_bridge: wallet-event batch: folded=1 wallets=1 synced_height_persisted=Some(970000) synced_height_frozen=None synced_height_rejected=None faulted=0
17:27:04 [native-log-bridge] DashSdkNative - 09-19 12:26:56.347  4078  4562 I DashSDK : platform_wallet::changeset::core_bridge: wallet-event batch: folded=1 wallets=1 synced_height_persisted=Some(975000) synced_height_frozen=None synced_height_rejected=None faulted=0
17:27:04 [native-log-bridge] DashSdkNative - 09-19 12:26:56.530  4078  4562 I DashSDK : platform_wallet::changeset::core_bridge: wallet-event batch: folded=1 wallets=1 synced_height_persisted=Some(980000) synced_height_frozen=None synced_height_rejected=None faulted=0
17:27:04 [native-log-bridge] DashSdkNative - 09-19 12:26:56.697  4078  4560 I DashSDK : platform_wallet::changeset::core_bridge: wallet-event batch: folded=1 wallets=1 synced_height_persisted=Some(985000) synced_height_frozen=None synced_height_rejected=None faulted=0
17:27:04 [native-log-bridge] DashSdkNative - 09-19 12:26:56.846  4078  4560 I DashSDK : platform_wallet::changeset::core_bridge: wallet-event batch: folded=1 wallets=1 synced_height_persisted=Some(990000) synced_height_frozen=None synced_height_rejected=None faulted=0
17:27:04 [native-log-bridge] DashSdkNative - 09-19 12:26:56.982  4078  4562 I DashSDK : platform_wallet::changeset::core_bridge: wallet-event batch: folded=1 wallets=1 synced_height_persisted=Some(995000) synced_height_frozen=None synced_height_rejected=None faulted=0
17:27:04 [native-log-bridge] DashSdkNative - 09-19 12:26:57.141  4078  4561 I DashSDK : platform_wallet::changeset::core_bridge: wallet-event batch: folded=1 wallets=1 synced_height_persisted=Some(1000000) synced_height_frozen=None synced_height_rejected=None faulted=0
17:27:04 [native-log-bridge] DashSdkNative - 09-19 12:26:57.309  4078  4561 I DashSDK : platform_wallet::changeset::core_bridge: wallet-event batch: folded=1 wallets=1 synced_height_persisted=Some(1005000) synced_height_frozen=None synced_height_rejected=None faulted=0
17:27:04 [native-log-bridge] DashSdkNative - 09-19 12:26:57.531  4078  4560 I DashSDK : platform_wallet::changeset::core_bridge: wallet-event batch: folded=1 wallets=1 synced_height_persisted=Some(1010000) synced_height_frozen=None synced_height_rejected=None faulted=0
17:27:04 [native-log-bridge] DashSdkNative - 09-19 12:26:57.753  4078  4559 I DashSDK : platform_wallet::changeset::core_bridge: wallet-event batch: folded=1 wallets=1 synced_height_persisted=Some(1015000) synced_height_frozen=None synced_height_rejected=None faulted=0
17:27:04 [native-log-bridge] DashSdkNative - 09-19 12:26:57.904  4078  4562 I DashSDK : platform_wallet::changeset::core_bridge: wallet-event batch: folded=1 wallets=1 synced_height_persisted=Some(1020000) synced_height_frozen=None synced_height_rejected=None faulted=0
17:27:04 [native-log-bridge] DashSdkNative - 09-19 12:26:58.040  4078  4559 I DashSDK : platform_wallet::changeset::core_bridge: wallet-event batch: folded=1 wallets=1 synced_height_persisted=Some(1025000) synced_height_frozen=None synced_height_rejected=None faulted=0
17:27:04 [native-log-bridge] DashSdkNative - 09-19 12:26:58.387  4078  4562 I DashSDK : platform_wallet::changeset::core_bridge: wallet-event batch: folded=1 wallets=1 synced_height_persisted=Some(1030000) synced_height_frozen=None synced_height_rejected=None faulted=0
17:27:04 [native-log-bridge] DashSdkNative - 09-19 12:26:58.525  4078  4560 I DashSDK : platform_wallet::changeset::core_bridge: wallet-event batch: folded=1 wallets=1 synced_height_persisted=Some(1035000) synced_height_frozen=None synced_height_rejected=None faulted=0
17:27:04 [native-log-bridge] DashSdkNative - 09-19 12:26:58.687  4078  4562 I DashSDK : platform_wallet::changeset::core_bridge: wallet-event batch: folded=1 wallets=1 synced_height_persisted=Some(1040000) synced_height_frozen=None synced_height_rejected=None faulted=0
17:27:04 [native-log-bridge] DashSdkNative - 09-19 12:26:58.825  4078  4560 I DashSDK : platform_wallet::changeset::core_bridge: wallet-event batch: folded=1 wallets=1 synced_height_persisted=Some(1045000) synced_height_frozen=None synced_height_rejected=None faulted=0
17:27:04 [native-log-bridge] DashSdkNative - 09-19 12:26:58.964  4078  4562 I DashSDK : platform_wallet::changeset::core_bridge: wallet-event batch: folded=1 wallets=1 synced_height_persisted=Some(1050000) synced_height_frozen=None synced_height_rejected=None faulted=0
17:27:04 [native-log-bridge] DashSdkNative - 09-19 12:26:59.103  4078  4560 I DashSDK : platform_wallet::changeset::core_bridge: wallet-event batch: folded=1 wallets=1 synced_height_persisted=Some(1055000) synced_height_frozen=None synced_height_rejected=None faulted=0
17:27:04 [native-log-bridge] DashSdkNative - 09-19 12:26:59.245  4078  4562 I DashSDK : platform_wallet::changeset::core_bridge: wallet-event batch: folded=1 wallets=1 synced_height_persisted=Some(1060000) synced_height_frozen=None synced_height_rejected=None faulted=0
17:27:04 [native-log-bridge] DashSdkNative - 09-19 12:26:59.380  4078  4560 I DashSDK : platform_wallet::changeset::core_bridge: wallet-event batch: folded=1 wallets=1 synced_height_persisted=Some(1065000) synced_height_frozen=None synced_height_rejected=None faulted=0
17:27:04 [native-log-bridge] DashSdkNative - 09-19 12:26:59.513  4078  4559 I DashSDK : platform_wallet::changeset::core_bridge: wallet-event batch: folded=1 wallets=1 synced_height_persisted=Some(1070000) synced_height_frozen=None synced_height_rejected=None faulted=0
17:27:04 [native-log-bridge] DashSdkNative - 09-19 12:26:59.666  4078  4561 I DashSDK : platform_wallet::changeset::core_bridge: wallet-event batch: folded=1 wallets=1 synced_height_persisted=Some(1075000) synced_height_frozen=None synced_height_rejected=None faulted=0
17:27:04 [native-log-bridge] DashSdkNative - 09-19 12:27:00.009  4078  4561 I DashSDK : platform_wallet::changeset::core_bridge: wallet-event batch: folded=1 wallets=1 synced_height_persisted=Some(1080000) synced_height_frozen=None synced_height_rejected=None faulted=0
17:27:04 [native-log-bridge] DashSdkNative - 09-19 12:27:00.321  4078  4560 I DashSDK : platform_wallet::changeset::core_bridge: wallet-event batch: folded=1 wallets=1 synced_height_persisted=Some(1085000) synced_height_frozen=None synced_height_rejected=None faulted=0
17:27:04 [native-log-bridge] DashSdkNative - 09-19 12:27:00.479  4078  4560 I DashSDK : platform_wallet::changeset::core_bridge: wallet-event batch: folded=1 wallets=1 synced_height_persisted=Some(1090000) synced_height_frozen=None synced_height_rejected=None faulted=0
17:27:04 [native-log-bridge] DashSdkNative - 09-19 12:27:00.643  4078  4559 I DashSDK : platform_wallet::changeset::core_bridge: wallet-event batch: folded=1 wallets=1 synced_height_persisted=Some(1095000) synced_height_frozen=None synced_height_rejected=None faulted=0
17:27:04 [native-log-bridge] DashSdkNative - 09-19 12:27:00.801  4078  4559 I DashSDK : platform_wallet::changeset::core_bridge: wallet-event batch: folded=1 wallets=1 synced_height_persisted=Some(1100000) synced_height_frozen=None synced_height_rejected=None faulted=0
17:27:04 [native-log-bridge] DashSdkNative - 09-19 12:27:00.938  4078  4559 I DashSDK : platform_wallet::changeset::core_bridge: wallet-event batch: folded=1 wallets=1 synced_height_persisted=Some(1105000) synced_height_frozen=None synced_height_rejected=None faulted=0
17:27:04 [native-log-bridge] DashSdkNative - 09-19 12:27:01.077  4078  4560 I DashSDK : platform_wallet::changeset::core_bridge: wallet-event batch: folded=1 wallets=1 synced_height_persisted=Some(1110000) synced_height_frozen=None synced_height_rejected=None faulted=0
17:27:04 [native-log-bridge] DashSdkNative - 09-19 12:27:01.208  4078  4561 I DashSDK : platform_wallet::changeset::core_bridge: wallet-event batch: folded=1 wallets=1 synced_height_persisted=Some(1115000) synced_height_frozen=None synced_height_rejected=None faulted=0
17:27:04 [native-log-bridge] DashSdkNative - 09-19 12:27:01.383  4078  4562 I DashSDK : platform_wallet::changeset::core_bridge: wallet-event batch: folded=1 wallets=1 synced_height_persisted=Some(1120000) synced_height_frozen=None synced_height_rejected=None faulted=0
17:27:04 [native-log-bridge] DashSdkNative - 09-19 12:27:01.520  4078  4560 I DashSDK : platform_wallet::changeset::core_bridge: wallet-event batch: folded=1 wallets=1 synced_height_persisted=Some(1125000) synced_height_frozen=None synced_height_rejected=None faulted=0
17:27:04 [native-log-bridge] DashSdkNative - 09-19 12:27:01.658  4078  4559 I DashSDK : platform_wallet::changeset::core_bridge: wallet-event batch: folded=1 wallets=1 synced_height_persisted=Some(1130000) synced_height_frozen=None synced_height_rejected=None faulted=0
17:27:04 [native-log-bridge] DashSdkNative - 09-19 12:27:01.810  4078  4560 I DashSDK : platform_wallet::changeset::core_bridge: wallet-event batch: folded=1 wallets=1 synced_height_persisted=Some(1135000) synced_height_frozen=None synced_height_rejected=None faulted=0
17:27:04 [native-log-bridge] DashSdkNative - 09-19 12:27:01.952  4078  4562 I DashSDK : platform_wallet::changeset::core_bridge: wallet-event batch: folded=1 wallets=1 synced_height_persisted=Some(1140000) synced_height_frozen=None synced_height_rejected=None faulted=0
17:27:04 [native-log-bridge] DashSdkNative - 09-19 12:27:02.102  4078  4559 I DashSDK : platform_wallet::changeset::core_bridge: wallet-event batch: folded=1 wallets=1 synced_height_persisted=Some(1145000) synced_height_frozen=None synced_height_rejected=None faulted=0
17:27:04 [native-log-bridge] DashSdkNative - 09-19 12:27:02.277  4078  4561 I DashSDK : platform_wallet::changeset::core_bridge: wallet-event batch: folded=1 wallets=1 synced_height_persisted=Some(1150000) synced_height_frozen=None synced_height_rejected=None faulted=0
17:27:04 [native-log-bridge] DashSdkNative - 09-19 12:27:02.562  4078  4560 I DashSDK : platform_wallet::changeset::core_bridge: wallet-event batch: folded=1 wallets=1 synced_height_persisted=Some(1155000) synced_height_frozen=None synced_height_rejected=None faulted=0
17:27:04 [native-log-bridge] DashSdkNative - 09-19 12:27:02.754  4078  4561 I DashSDK : platform_wallet::changeset::core_bridge: wallet-event batch: folded=1 wallets=1 synced_height_persisted=Some(1160000) synced_height_frozen=None synced_height_rejected=None faulted=0
17:27:04 [native-log-bridge] DashSdkNative - 09-19 12:27:02.898  4078  4561 I DashSDK : platform_wallet::changeset::core_bridge: wallet-event batch: folded=1 wallets=1 synced_height_persisted=Some(1165000) synced_height_frozen=None synced_height_rejected=None faulted=0
17:27:04 [native-log-bridge] DashSdkNative - 09-19 12:27:03.038  4078  4562 I DashSDK : platform_wallet::changeset::core_bridge: wallet-event batch: folded=1 wallets=1 synced_height_persisted=Some(1170000) synced_height_frozen=None synced_height_rejected=None faulted=0
17:27:04 [native-log-bridge] DashSdkNative - 09-19 12:27:03.203  4078  4562 I DashSDK : platform_wallet::changeset::core_bridge: wallet-event batch: folded=1 wallets=1 synced_height_persisted=Some(1175000) synced_height_frozen=None synced_height_rejected=None faulted=0
17:27:04 [native-log-bridge] DashSdkNative - 09-19 12:27:03.336  4078  4560 I DashSDK : platform_wallet::changeset::core_bridge: wallet-event batch: folded=1 wallets=1 synced_height_persisted=Some(1180000) synced_height_frozen=None synced_height_rejected=None faulted=0
17:27:04 [native-log-bridge] DashSdkNative - 09-19 12:27:03.523  4078  4560 I DashSDK : platform_wallet::changeset::core_bridge: wallet-event batch: folded=1 wallets=1 synced_height_persisted=Some(1185000) synced_height_frozen=None synced_height_rejected=None faulted=0
17:27:04 [native-log-bridge] DashSdkNative - 09-19 12:27:03.702  4078  4562 I DashSDK : platform_wallet::changeset::core_bridge: wallet-event batch: folded=1 wallets=1 synced_height_persisted=Some(1190000) synced_height_frozen=None synced_height_rejected=None faulted=0
17:27:04 [native-log-bridge] DashSdkNative - 09-19 12:27:03.975  4078  4561 I DashSDK : platform_wallet::changeset::core_bridge: wallet-event batch: folded=1 wallets=1 synced_height_persisted=Some(1195000) synced_height_frozen=None synced_height_rejected=None faulted=0
17:27:04 [native-log-bridge] DashSdkNative - 09-19 12:27:03.976  4078  4562 I DashSDK : platform_wallet::changeset::core_bridge: wallet-event batch: folded=1 wallets=1 synced_height_persisted=Some(1200000) synced_height_frozen=None synced_height_rejected=None faulted=0
17:27:04 [native-log-bridge] DashSdkNative - 09-19 12:27:04.126  4078  4562 I DashSDK : platform_wallet::changeset::core_bridge: wallet-event batch: folded=1 wallets=1 synced_height_persisted=Some(1205000) synced_height_frozen=None synced_height_rejected=None faulted=0
17:27:04 [native-log-bridge] DashSdkNative - 09-19 12:27:04.258  4078  4560 I DashSDK : platform_wallet::changeset::core_bridge: wallet-event batch: folded=1 wallets=1 synced_height_persisted=Some(1210000) synced_height_frozen=None synced_height_rejected=None faulted=0
17:27:04 [main] SendCoinsFragment - enterAmountViewModel.blockContinue = true, viewModel.dryRunSuccessful.value = false
17:27:05 [main] SendCoinsFragment - enterAmountViewModel.blockContinue = true, viewModel.dryRunSuccessful.value = false
17:27:06 [main] SendCoinsFragment - enterAmountViewModel.blockContinue = true, viewModel.dryRunSuccessful.value = false
17:27:07 [main] SendCoinsFragment - enterAmountViewModel.blockContinue = true, viewModel.dryRunSuccessful.value = false
17:27:08 [main] SendCoinsFragment - enterAmountViewModel.blockContinue = true, viewModel.dryRunSuccessful.value = false
17:27:09 [main] SendCoinsFragment - enterAmountViewModel.blockContinue = true, viewModel.dryRunSuccessful.value = false
17:27:10 [main] SendCoinsFragment - enterAmountViewModel.blockContinue = true, viewModel.dryRunSuccessful.value = false
17:27:11 [main] SendCoinsFragment - enterAmountViewModel.blockContinue = true, viewModel.dryRunSuccessful.value = false
17:27:12 [main] SendCoinsFragment - enterAmountViewModel.blockContinue = true, viewModel.dryRunSuccessful.value = false
17:27:12 [main] BiometricHelper - No biometric credentials
17:27:12 [main] SendCoinsTaskRunner - authenticate with pin
17:27:12 [main] SecurityGuard - loading security guard [healthy=true] with keys: [keystore_healthy, fallback_pin_wallet_password_key, primary_ui_pin_key, modern_encryption_migration_complete, fallback_mnemonic_wallet_password_key, primary_wallet_password_key, fallback_mnemonic_ui_pin_key]
17:27:13 [main] SendCoinsFragment - enterAmountViewModel.blockContinue = true, viewModel.dryRunSuccessful.value = false
17:27:14 [DefaultDispatcher-worker-13] CutoverUiDataService - SDK balance published: 100000000 duffs (was 0) | l1Synced=false rescanArmedHold=true dashPayBackfill(armed=false,replaying=false) deferredContactBuilds=0 (unchangedReads=3) persistedAsLastKnown=false lastKnown=0
17:27:14 [DefaultDispatcher-worker-11] CutoverUiDataService - cutover UI display sync: 1 SDK records → 1 inserts, 0 status updates
17:27:14 [main] WalletTransactionsFragment - STARTUP submitData called on thread=main at 1789838834208
17:27:14 [main] WalletTransactionsFragment - STARTUP swapping to live adapter: 2 items at 1789838834210
17:27:14 [main] SendCoinsFragment - enterAmountViewModel.blockContinue = true, viewModel.dryRunSuccessful.value = false
17:27:15 [DefaultDispatcher-worker-11] BlockchainServiceImpl - network capabilities changed: 101, hasInternet: true, validated: true
17:27:15 [DefaultDispatcher-worker-11] BlockchainServiceImpl - acquiring check() mutex
17:27:15 [DefaultDispatcher-worker-11] BlockchainServiceImpl - check()
17:27:15 [DefaultDispatcher-worker-11] BlockchainServiceImpl - cutover committed — holding the dashj L1 engine; SDK owns L1 this launch
17:27:15 [DefaultDispatcher-worker-11] BlockchainServiceImpl - releasing check() mutex
17:27:15 [main] SendCoinsFragment - enterAmountViewModel.blockContinue = true, viewModel.dryRunSuccessful.value = false
17:27:15 [DefaultDispatcher-worker-3] CutoverUiDataService - cutover UI display sync: 3 SDK records → 3 inserts, 0 status updates
17:27:15 [main] WalletTransactionsFragment - STARTUP submitData called on thread=main at 1789838835215
17:27:15 [DefaultDispatcher-worker-6] L1ShadowSyncService - L1Shadow phase=SYNCED 100.0% headers 1556870/1556870 filters 1556870/1556870 wallet 1556870
17:27:15 [DefaultDispatcher-worker-6] L1ShadowSyncService - ReplayMemTelemetry phase=SYNCED nativeHeapAllocated=351181680 nativeHeapSize=444162048 jvmUsed=23091904 jvmMax=603979776 headers 1556870/1556870 filters 1556870 wallet 1556870 SETTLED
17:27:15 [main] HistoryHeaderAdapter - set invite, synced = true
17:27:15 [DefaultDispatcher-worker-9] L1ShadowSyncService - WalletBalanceFacts: total=100000000 accounts={bip44:100000000, bip32:0, coinjoin:0, identityRegistration:0, identityTopUpUnbound:0, identityInvitation:0, assetLockTopUp:0, assetLockShieldedTopUp:0, providerVoting:0, providerOwner:0, providerOperator:0, providerPlatform:0} confirmed=100000000 unconfirmed=0 txCount=4
17:27:15 [DefaultDispatcher-worker-7] MainViewModel - blockchain state update: mnlist=1556870; chain=1556870; wallet=-1
17:27:15 [main] BlockchainServiceImpl - cutover committed and SDK L1 scan synced — triggering identity/contacts discovery
17:27:15 [DefaultDispatcher-worker-6] BlockchainIdentityData - creation: BlockchainIdentityData(NONE, null, null, null, null, null)
17:27:15 [DefaultDispatcher-worker-6] PlatformSynchronizationService - discoverAndRecoverIdentity: checking for existing associated identity
17:27:15 [DefaultDispatcher-worker-6] SecurityGuard - loading security guard [healthy=true] with keys: [keystore_healthy, fallback_pin_wallet_password_key, primary_ui_pin_key, modern_encryption_migration_complete, fallback_mnemonic_wallet_password_key, primary_wallet_password_key, fallback_mnemonic_ui_pin_key]
17:27:15 [main] SendCoinsFragment - enterAmountViewModel.blockContinue = true, viewModel.dryRunSuccessful.value = false
17:27:15 [DefaultDispatcher-worker-1] TxDisplayCacheService - Sync complete (cutoverCommitted=true): SDK=4 records | dashj wallet=0 txs | group cache=0 txs/0 groups | display=4 rows — cache is complete (SDK holds 4 records, display has 4 rows)
17:27:15 [DefaultDispatcher-worker-6] ModernEncryptionProvider - Decrypted data for alias: wallet_password_key
17:27:15 [DefaultDispatcher-worker-6] KeyCrypterScrypt - Deriving key took 125.3 ms for N=65536, r=8, p=1.
17:27:15 [DefaultDispatcher-worker-6] DapiClient - getIdentityByFirstPublicKey(48ccf9a43eee96f92a0ca7f8dced9dc2630d05f2)
17:27:16 [DefaultDispatcher-worker-6] PlatformSynchronizationService - discoverAndRecoverIdentity: no existing identity found
17:27:16 [DefaultDispatcher-worker-6] PlatformSynchronizationService - identity-discovery guard released (no identity found) — a later discovery may run again
17:27:16 [DefaultDispatcher-worker-6] BlockchainServiceImpl - post-cutover identity discovery found nothing and the wallet has no identity — re-arming; next attempt no sooner than 120000 ms from now
17:27:16 [DefaultDispatcher-worker-18] PlatformSynchronizationService - TxMetadata settings: saveToNetwork=false frequency=afterTenTransactions saveAfter=9223372036854775807 paymentCategory=false taxCategory=false exchangeRates=false memos=false giftCards=false storedDocuments=0
17:27:17 [DefaultDispatcher-worker-14] L1ShadowSyncService - L1 engine chainlock height 1556869 -> 1556870
17:27:17 [DefaultDispatcher-worker-13] MainViewModel - blockchain state update: mnlist=1556870; chain=1556870; wallet=-1
17:27:17 [main] SendCoinsFragment - enterAmountViewModel.blockContinue = true, viewModel.dryRunSuccessful.value = false
17:27:18 [DefaultDispatcher-worker-18] BlockchainServiceImpl - network capabilities changed: 101, hasInternet: true, validated: true
17:27:18 [DefaultDispatcher-worker-18] BlockchainServiceImpl - acquiring check() mutex
17:27:18 [DefaultDispatcher-worker-18] BlockchainServiceImpl - check()
17:27:18 [DefaultDispatcher-worker-18] BlockchainServiceImpl - cutover committed — holding the dashj L1 engine; SDK owns L1 this launch
17:27:18 [DefaultDispatcher-worker-18] BlockchainServiceImpl - releasing check() mutex
17:27:18 [main] SendCoinsFragment - enterAmountViewModel.blockContinue = true, viewModel.dryRunSuccessful.value = false
17:27:21 [DefaultDispatcher-worker-6] BlockchainServiceImpl - network capabilities changed: 101, hasInternet: true, validated: true
17:27:21 [DefaultDispatcher-worker-6] BlockchainServiceImpl - acquiring check() mutex
17:27:21 [DefaultDispatcher-worker-6] BlockchainServiceImpl - check()
17:27:21 [DefaultDispatcher-worker-6] BlockchainServiceImpl - cutover committed — holding the dashj L1 engine; SDK owns L1 this launch
17:27:21 [DefaultDispatcher-worker-6] BlockchainServiceImpl - releasing check() mutex
17:27:21 [main] SendCoinsFragment - enterAmountViewModel.blockContinue = true, viewModel.dryRunSuccessful.value = false
17:27:24 [DefaultDispatcher-worker-17] BlockchainServiceImpl - network capabilities changed: 101, hasInternet: true, validated: true
17:27:24 [DefaultDispatcher-worker-17] BlockchainServiceImpl - acquiring check() mutex
17:27:24 [DefaultDispatcher-worker-17] BlockchainServiceImpl - check()
17:27:24 [DefaultDispatcher-worker-17] BlockchainServiceImpl - cutover committed — holding the dashj L1 engine; SDK owns L1 this launch
17:27:24 [DefaultDispatcher-worker-17] BlockchainServiceImpl - releasing check() mutex
17:27:24 [main] SendCoinsFragment - enterAmountViewModel.blockContinue = true, viewModel.dryRunSuccessful.value = false
17:27:27 [DefaultDispatcher-worker-18] BlockchainServiceImpl - network capabilities changed: 101, hasInternet: true, validated: true
17:27:27 [DefaultDispatcher-worker-18] BlockchainServiceImpl - acquiring check() mutex
17:27:27 [DefaultDispatcher-worker-18] BlockchainServiceImpl - check()
17:27:27 [DefaultDispatcher-worker-18] BlockchainServiceImpl - cutover committed — holding the dashj L1 engine; SDK owns L1 this launch
17:27:27 [DefaultDispatcher-worker-18] BlockchainServiceImpl - releasing check() mutex
17:27:27 [main] SendCoinsFragment - enterAmountViewModel.blockContinue = true, viewModel.dryRunSuccessful.value = false
17:27:33 [DefaultDispatcher-worker-8] BlockchainServiceImpl - network capabilities changed: 101, hasInternet: true, validated: true
17:27:33 [DefaultDispatcher-worker-8] BlockchainServiceImpl - acquiring check() mutex
17:27:33 [DefaultDispatcher-worker-8] BlockchainServiceImpl - check()
17:27:33 [DefaultDispatcher-worker-8] BlockchainServiceImpl - cutover committed — holding the dashj L1 engine; SDK owns L1 this launch
17:27:33 [DefaultDispatcher-worker-8] BlockchainServiceImpl - releasing check() mutex
17:27:33 [main] SendCoinsFragment - enterAmountViewModel.blockContinue = true, viewModel.dryRunSuccessful.value = false
17:27:34 [native-log-bridge] DashSdkNative - 09-19 12:27:04.577  4078  4559 I DashSDK : platform_wallet::changeset::core_bridge: wallet-event batch: folded=1 wallets=1 synced_height_persisted=Some(1215000) synced_height_frozen=None synced_height_rejected=None faulted=0
17:27:34 [native-log-bridge] DashSdkNative - 09-19 12:27:04.579  4078  4560 I DashSDK : platform_wallet::changeset::core_bridge: wallet-event batch: folded=1 wallets=1 synced_height_persisted=Some(1220000) synced_height_frozen=None synced_height_rejected=None faulted=0
17:27:34 [native-log-bridge] DashSdkNative - 09-19 12:27:04.727  4078  4561 I DashSDK : platform_wallet::changeset::core_bridge: wallet-event batch: folded=1 wallets=1 synced_height_persisted=Some(1225000) synced_height_frozen=None synced_height_rejected=None faulted=0
17:27:34 [native-log-bridge] DashSdkNative - 09-19 12:27:04.867  4078  4561 I DashSDK : platform_wallet::changeset::core_bridge: wallet-event batch: folded=1 wallets=1 synced_height_persisted=Some(1230000) synced_height_frozen=None synced_height_rejected=None faulted=0
17:27:34 [native-log-bridge] DashSdkNative - 09-19 12:27:05.012  4078  4559 I DashSDK : platform_wallet::changeset::core_bridge: wallet-event batch: folded=1 wallets=1 synced_height_persisted=Some(1235000) synced_height_frozen=None synced_height_rejected=None faulted=0
17:27:34 [native-log-bridge] DashSdkNative - 09-19 12:27:05.157  4078  4559 I DashSDK : platform_wallet::changeset::core_bridge: wallet-event batch: folded=1 wallets=1 synced_height_persisted=Some(1240000) synced_height_frozen=None synced_height_rejected=None faulted=0
17:27:34 [native-log-bridge] DashSdkNative - 09-19 12:27:05.294  4078  4560 I DashSDK : platform_wallet::changeset::core_bridge: wallet-event batch: folded=1 wallets=1 synced_height_persisted=Some(1245000) synced_height_frozen=None synced_height_rejected=None faulted=0
17:27:34 [native-log-bridge] DashSdkNative - 09-19 12:27:05.431  4078  4560 I DashSDK : platform_wallet::changeset::core_bridge: wallet-event batch: folded=1 wallets=1 synced_height_persisted=Some(1250000) synced_height_frozen=None synced_height_rejected=None faulted=0
17:27:34 [native-log-bridge] DashSdkNative - 09-19 12:27:05.576  4078  4559 I DashSDK : platform_wallet::changeset::core_bridge: wallet-event batch: folded=1 wallets=1 synced_height_persisted=Some(1255000) synced_height_frozen=None synced_height_rejected=None faulted=0
17:27:34 [native-log-bridge] DashSdkNative - 09-19 12:27:05.716  4078  4559 I DashSDK : platform_wallet::changeset::core_bridge: wallet-event batch: folded=1 wallets=1 synced_height_persisted=Some(1260000) synced_height_frozen=None synced_height_rejected=None faulted=0
17:27:34 [native-log-bridge] DashSdkNative - 09-19 12:27:05.852  4078  4559 I DashSDK : platform_wallet::changeset::core_bridge: wallet-event batch: folded=1 wallets=1 synced_height_persisted=Some(1265000) synced_height_frozen=None synced_height_rejected=None faulted=0
17:27:34 [native-log-bridge] DashSdkNative - 09-19 12:27:05.990  4078  4561 I DashSDK : platform_wallet::changeset::core_bridge: wallet-event batch: folded=1 wallets=1 synced_height_persisted=Some(1270000) synced_height_frozen=None synced_height_rejected=None faulted=0
17:27:34 [native-log-bridge] DashSdkNative - 09-19 12:27:06.134  4078  4561 I DashSDK : platform_wallet::changeset::core_bridge: wallet-event batch: folded=1 wallets=1 synced_height_persisted=Some(1275000) synced_height_frozen=None synced_height_rejected=None faulted=0
17:27:34 [native-log-bridge] DashSdkNative - 09-19 12:27:06.265  4078  4561 I DashSDK : platform_wallet::changeset::core_bridge: wallet-event batch: folded=1 wallets=1 synced_height_persisted=Some(1280000) synced_height_frozen=None synced_height_rejected=None faulted=0
17:27:34 [native-log-bridge] DashSdkNative - 09-19 12:27:06.415  4078  4560 I DashSDK : platform_wallet::changeset::core_bridge: wallet-event batch: folded=1 wallets=1 synced_height_persisted=Some(1285000) synced_height_frozen=None synced_height_rejected=None faulted=0
17:27:34 [native-log-bridge] DashSdkNative - 09-19 12:27:06.601  4078  4561 I DashSDK : platform_wallet::changeset::core_bridge: wallet-event batch: folded=1 wallets=1 synced_height_persisted=Some(1290000) synced_height_frozen=None synced_height_rejected=None faulted=0
17:27:34 [native-log-bridge] DashSdkNative - 09-19 12:27:06.743  4078  4562 I DashSDK : platform_wallet::changeset::core_bridge: wallet-event batch: folded=1 wallets=1 synced_height_persisted=Some(1295000) synced_height_frozen=None synced_height_rejected=None faulted=0
17:27:34 [native-log-bridge] DashSdkNative - 09-19 12:27:06.881  4078  4560 I DashSDK : platform_wallet::changeset::core_bridge: wallet-event batch: folded=1 wallets=1 synced_height_persisted=Some(1300000) synced_height_frozen=None synced_height_rejected=None faulted=0
17:27:34 [native-log-bridge] DashSdkNative - 09-19 12:27:07.017  4078  4562 I DashSDK : platform_wallet::changeset::core_bridge: wallet-event batch: folded=1 wallets=1 synced_height_persisted=Some(1305000) synced_height_frozen=None synced_height_rejected=None faulted=0
17:27:34 [native-log-bridge] DashSdkNative - 09-19 12:27:07.159  4078  4559 I DashSDK : platform_wallet::changeset::core_bridge: wallet-event batch: folded=1 wallets=1 synced_height_persisted=Some(1310000) synced_height_frozen=None synced_height_rejected=None faulted=0
17:27:34 [native-log-bridge] DashSdkNative - 09-19 12:27:07.294  4078  4561 I DashSDK : platform_wallet::changeset::core_bridge: wallet-event batch: folded=1 wallets=1 synced_height_persisted=Some(1315000) synced_height_frozen=None synced_height_rejected=None faulted=0
17:27:34 [native-log-bridge] DashSdkNative - 09-19 12:27:07.432  4078  4562 I DashSDK : platform_wallet::changeset::core_bridge: wallet-event batch: folded=1 wallets=1 synced_height_persisted=Some(1320000) synced_height_frozen=None synced_height_rejected=None faulted=0
17:27:34 [native-log-bridge] DashSdkNative - 09-19 12:27:07.568  4078  4561 I DashSDK : platform_wallet::changeset::core_bridge: wallet-event batch: folded=1 wallets=1 synced_height_persisted=Some(1325000) synced_height_frozen=None synced_height_rejected=None faulted=0
17:27:34 [native-log-bridge] DashSdkNative - 09-19 12:27:07.714  4078  4561 I DashSDK : platform_wallet::changeset::core_bridge: wallet-event batch: folded=1 wallets=1 synced_height_persisted=Some(1330000) synced_height_frozen=None synced_height_rejected=None faulted=0
17:27:34 [native-log-bridge] DashSdkNative - 09-19 12:27:07.850  4078  4562 I DashSDK : platform_wallet::changeset::core_bridge: wallet-event batch: folded=1 wallets=1 synced_height_persisted=Some(1335000) synced_height_frozen=None synced_height_rejected=None faulted=0
17:27:34 [native-log-bridge] DashSdkNative - 09-19 12:27:08.037  4078  4560 I DashSDK : platform_wallet::changeset::core_bridge: wallet-event batch: folded=1 wallets=1 synced_height_persisted=Some(1340000) synced_height_frozen=None synced_height_rejected=None faulted=0
17:27:34 [native-log-bridge] DashSdkNative - 09-19 12:27:08.252  4078  4562 I DashSDK : platform_wallet::changeset::core_bridge: wallet-event batch: folded=1 wallets=1 synced_height_persisted=Some(1345000) synced_height_frozen=None synced_height_rejected=None faulted=0
17:27:34 [native-log-bridge] DashSdkNative - 09-19 12:27:08.483  4078  4561 I DashSDK : platform_wallet::changeset::core_bridge: wallet-event batch: folded=1 wallets=1 synced_height_persisted=Some(1350000) synced_height_frozen=None synced_height_rejected=None faulted=0
17:27:34 [native-log-bridge] DashSdkNative - 09-19 12:27:08.627  4078  4561 I DashSDK : platform_wallet::changeset::core_bridge: wallet-event batch: folded=1 wallets=1 synced_height_persisted=Some(1355000) synced_height_frozen=None synced_height_rejected=None faulted=0
17:27:34 [native-log-bridge] DashSdkNative - 09-19 12:27:08.771  4078  4559 I DashSDK : platform_wallet::changeset::core_bridge: wallet-event batch: folded=1 wallets=1 synced_height_persisted=Some(1360000) synced_height_frozen=None synced_height_rejected=None faulted=0
17:27:34 [native-log-bridge] DashSdkNative - 09-19 12:27:08.915  4078  4561 I DashSDK : platform_wallet::changeset::core_bridge: wallet-event batch: folded=1 wallets=1 synced_height_persisted=Some(1365000) synced_height_frozen=None synced_height_rejected=None faulted=0
17:27:34 [native-log-bridge] DashSdkNative - 09-19 12:27:09.054  4078  4559 I DashSDK : platform_wallet::changeset::core_bridge: wallet-event batch: folded=1 wallets=1 synced_height_persisted=Some(1370000) synced_height_frozen=None synced_height_rejected=None faulted=0
17:27:34 [native-log-bridge] DashSdkNative - 09-19 12:27:09.195  4078  4559 I DashSDK : platform_wallet::changeset::core_bridge: wallet-event batch: folded=1 wallets=1 synced_height_persisted=Some(1375000) synced_height_frozen=None synced_height_rejected=None faulted=0
17:27:34 [native-log-bridge] DashSdkNative - 09-19 12:27:09.332  4078  4561 I DashSDK : platform_wallet::changeset::core_bridge: wallet-event batch: folded=1 wallets=1 synced_height_persisted=Some(1380000) synced_height_frozen=None synced_height_rejected=None faulted=0
17:27:34 [native-log-bridge] DashSdkNative - 09-19 12:27:09.469  4078  4561 I DashSDK : platform_wallet::changeset::core_bridge: wallet-event batch: folded=1 wallets=1 synced_height_persisted=Some(1385000) synced_height_frozen=None synced_height_rejected=None faulted=0
17:27:34 [native-log-bridge] DashSdkNative - 09-19 12:27:09.609  4078  4559 I DashSDK : platform_wallet::changeset::core_bridge: wallet-event batch: folded=1 wallets=1 synced_height_persisted=Some(1390000) synced_height_frozen=None synced_height_rejected=None faulted=0
17:27:34 [native-log-bridge] DashSdkNative - 09-19 12:27:09.749  4078  4559 I DashSDK : platform_wallet::changeset::core_bridge: wallet-event batch: folded=1 wallets=1 synced_height_persisted=Some(1395000) synced_height_frozen=None synced_height_rejected=None faulted=0
17:27:34 [native-log-bridge] DashSdkNative - 09-19 12:27:09.887  4078  4560 I DashSDK : platform_wallet::changeset::core_bridge: wallet-event batch: folded=1 wallets=1 synced_height_persisted=Some(1400000) synced_height_frozen=None synced_height_rejected=None faulted=0
17:27:34 [native-log-bridge] DashSdkNative - 09-19 12:27:10.031  4078  4562 I DashSDK : platform_wallet::changeset::core_bridge: wallet-event batch: folded=1 wallets=1 synced_height_persisted=Some(1405000) synced_height_frozen=None synced_height_rejected=None faulted=0
17:27:34 [native-log-bridge] DashSdkNative - 09-19 12:27:10.164  4078  4562 I DashSDK : platform_wallet::changeset::core_bridge: wallet-event batch: folded=1 wallets=1 synced_height_persisted=Some(1410000) synced_height_frozen=None synced_height_rejected=None faulted=0
17:27:34 [native-log-bridge] DashSdkNative - 09-19 12:27:10.297  4078  4562 I DashSDK : platform_wallet::changeset::core_bridge: wallet-event batch: folded=1 wallets=1 synced_height_persisted=Some(1415000) synced_height_frozen=None synced_height_rejected=None faulted=0
17:27:34 [native-log-bridge] DashSdkNative - 09-19 12:27:10.434  4078  4560 I DashSDK : platform_wallet::changeset::core_bridge: wallet-event batch: folded=1 wallets=1 synced_height_persisted=Some(1420000) synced_height_frozen=None synced_height_rejected=None faulted=0
17:27:34 [native-log-bridge] DashSdkNative - 09-19 12:27:10.574  4078  4561 I DashSDK : platform_wallet::changeset::core_bridge: wallet-event batch: folded=1 wallets=1 synced_height_persisted=Some(1425000) synced_height_frozen=None synced_height_rejected=None faulted=0
17:27:34 [native-log-bridge] DashSdkNative - 09-19 12:27:10.720  4078  4562 I DashSDK : platform_wallet::changeset::core_bridge: wallet-event batch: folded=1 wallets=1 synced_height_persisted=Some(1430000) synced_height_frozen=None synced_height_rejected=None faulted=0
17:27:34 [native-log-bridge] DashSdkNative - 09-19 12:27:10.877  4078  4560 I DashSDK : platform_wallet::changeset::core_bridge: wallet-event batch: folded=1 wallets=1 synced_height_persisted=Some(1435000) synced_height_frozen=None synced_height_rejected=None faulted=0
17:27:34 [native-log-bridge] DashSdkNative - 09-19 12:27:11.013  4078  4561 I DashSDK : platform_wallet::changeset::core_bridge: wallet-event batch: folded=1 wallets=1 synced_height_persisted=Some(1440000) synced_height_frozen=None synced_height_rejected=None faulted=0
17:27:34 [native-log-bridge] DashSdkNative - 09-19 12:27:11.151  4078  4562 I DashSDK : platform_wallet::changeset::core_bridge: wallet-event batch: folded=1 wallets=1 synced_height_persisted=Some(1445000) synced_height_frozen=None synced_height_rejected=None faulted=0
17:27:34 [native-log-bridge] DashSdkNative - 09-19 12:27:11.284  4078  4561 I DashSDK : platform_wallet::changeset::core_bridge: wallet-event batch: folded=1 wallets=1 synced_height_persisted=Some(1450000) synced_height_frozen=None synced_height_rejected=None faulted=0
17:27:34 [native-log-bridge] DashSdkNative - 09-19 12:27:11.433  4078  4562 I DashSDK : platform_wallet::changeset::core_bridge: wallet-event batch: folded=1 wallets=1 synced_height_persisted=Some(1455000) synced_height_frozen=None synced_height_rejected=None faulted=0
17:27:34 [native-log-bridge] DashSdkNative - 09-19 12:27:11.571  4078  4559 I DashSDK : platform_wallet::changeset::core_bridge: wallet-event batch: folded=1 wallets=1 synced_height_persisted=Some(1460000) synced_height_frozen=None synced_height_rejected=None faulted=0
17:27:34 [native-log-bridge] DashSdkNative - 09-19 12:27:11.718  4078  4560 I DashSDK : platform_wallet::changeset::core_bridge: wallet-event batch: folded=1 wallets=1 synced_height_persisted=Some(1465000) synced_height_frozen=None synced_height_rejected=None faulted=0
17:27:34 [native-log-bridge] DashSdkNative - 09-19 12:27:11.856  4078  4560 I DashSDK : platform_wallet::changeset::core_bridge: wallet-event batch: folded=1 wallets=1 synced_height_persisted=Some(1470000) synced_height_frozen=None synced_height_rejected=None faulted=0
17:27:34 [native-log-bridge] DashSdkNative - 09-19 12:27:11.997  4078  4560 I DashSDK : platform_wallet::changeset::core_bridge: wallet-event batch: folded=1 wallets=1 synced_height_persisted=Some(1475000) synced_height_frozen=None synced_height_rejected=None faulted=0
17:27:34 [native-log-bridge] DashSdkNative - 09-19 12:27:12.133  4078  4562 I DashSDK : platform_wallet::changeset::core_bridge: wallet-event batch: folded=1 wallets=1 synced_height_persisted=Some(1480000) synced_height_frozen=None synced_height_rejected=None faulted=0
17:27:34 [native-log-bridge] DashSdkNative - 09-19 12:27:12.270  4078  4561 I DashSDK : platform_wallet::changeset::core_bridge: wallet-event batch: folded=1 wallets=1 synced_height_persisted=Some(1485000) synced_height_frozen=None synced_height_rejected=None faulted=0
17:27:34 [native-log-bridge] DashSdkNative - 09-19 12:27:12.409  4078  4562 I DashSDK : platform_wallet::changeset::core_bridge: wallet-event batch: folded=1 wallets=1 synced_height_persisted=Some(1490000) synced_height_frozen=None synced_height_rejected=None faulted=0
17:27:34 [native-log-bridge] DashSdkNative - 09-19 12:27:12.542  4078  4560 I DashSDK : platform_wallet::changeset::core_bridge: wallet-event batch: folded=1 wallets=1 synced_height_persisted=Some(1495000) synced_height_frozen=None synced_height_rejected=None faulted=0
17:27:34 [native-log-bridge] DashSdkNative - 09-19 12:27:12.716  4078  4560 I DashSDK : platform_wallet::changeset::core_bridge: wallet-event batch: folded=1 wallets=1 synced_height_persisted=Some(1500000) synced_height_frozen=None synced_height_rejected=None faulted=0
17:27:34 [native-log-bridge] DashSdkNative - 09-19 12:27:12.892  4078  4561 I DashSDK : platform_wallet::changeset::core_bridge: wallet-event batch: folded=1 wallets=1 synced_height_persisted=Some(1505000) synced_height_frozen=None synced_height_rejected=None faulted=0
17:27:34 [native-log-bridge] DashSdkNative - 09-19 12:27:13.035  4078  4561 I DashSDK : platform_wallet::changeset::core_bridge: wallet-event batch: folded=1 wallets=1 synced_height_persisted=Some(1510000) synced_height_frozen=None synced_height_rejected=None faulted=0
17:27:34 [native-log-bridge] DashSdkNative - 09-19 12:27:13.175  4078  4559 I DashSDK : platform_wallet::changeset::core_bridge: wallet-event batch: folded=1 wallets=1 synced_height_persisted=Some(1515000) synced_height_frozen=None synced_height_rejected=None faulted=0
17:27:34 [native-log-bridge] DashSdkNative - 09-19 12:27:13.313  4078  4559 I DashSDK : platform_wallet::changeset::core_bridge: wallet-event batch: folded=1 wallets=1 synced_height_persisted=Some(1520000) synced_height_frozen=None synced_height_rejected=None faulted=0
17:27:34 [native-log-bridge] DashSdkNative - 09-19 12:27:13.450  4078  4559 I DashSDK : platform_wallet::changeset::core_bridge: wallet-event batch: folded=1 wallets=1 synced_height_persisted=Some(1525000) synced_height_frozen=None synced_height_rejected=None faulted=0
17:27:34 [native-log-bridge] DashSdkNative - 09-19 12:27:13.580  4078  4562 I DashSDK : platform_wallet::changeset::core_bridge: wallet-event batch: folded=1 wallets=1 synced_height_persisted=Some(1530000) synced_height_frozen=None synced_height_rejected=None faulted=0
17:27:34 [native-log-bridge] DashSdkNative - 09-19 12:27:13.734  4078  4562 I DashSDK : platform_wallet::changeset::core_bridge: wallet-event batch: folded=1 wallets=1 synced_height_persisted=Some(1535000) synced_height_frozen=None synced_height_rejected=None faulted=0
17:27:34 [native-log-bridge] DashSdkNative - 09-19 12:27:13.869  4078  4561 I DashSDK : platform_wallet::changeset::core_bridge: wallet-event batch: folded=1 wallets=1 synced_height_persisted=Some(1540000) synced_height_frozen=None synced_height_rejected=None faulted=0
17:27:34 [native-log-bridge] DashSdkNative - 09-19 12:27:14.059  4078  4561 I DashSDK : platform_wallet::changeset::core_bridge: wallet-event batch: folded=1 wallets=1 synced_height_persisted=Some(1545000) synced_height_frozen=None synced_height_rejected=None faulted=0
17:27:34 [native-log-bridge] DashSdkNative - 09-19 12:27:14.059  4078  4559 I DashSDK : platform_wallet::changeset::core_bridge: wallet-event batch: folded=1 wallets=1 synced_height_persisted=Some(1550000) synced_height_frozen=None synced_height_rejected=None faulted=0
17:27:34 [native-log-bridge] DashSdkNative - 09-19 12:27:14.157  4078  4561 I DashSDK : platform_wallet::changeset::core_bridge: wallet-event batch: folded=1 wallets=1 synced_height_persisted=Some(1555000) synced_height_frozen=None synced_height_rejected=None faulted=0
17:27:34 [native-log-bridge] DashSdkNative - 09-19 12:27:14.203  4078  4559 I DashSDK : platform_wallet::changeset::core_bridge: wallet-event batch: folded=1 wallets=1 synced_height_persisted=None synced_height_frozen=None synced_height_rejected=None faulted=0
17:27:34 [native-log-bridge] DashSdkNative - 09-19 12:27:14.230  4078  4560 I DashSDK : platform_wallet::changeset::core_bridge: wallet-event batch: folded=2 wallets=1 synced_height_persisted=None synced_height_frozen=None synced_height_rejected=None faulted=0
17:27:34 [native-log-bridge] DashSdkNative - 09-19 12:27:15.328  4078  4562 I DashSDK : platform_wallet::changeset::core_bridge: wallet-event batch: folded=1 wallets=1 synced_height_persisted=Some(1556870) synced_height_frozen=None synced_height_rejected=None faulted=0
17:27:34 [native-log-bridge] DashSdkNative - 09-19 12:27:17.561  4078  4559 I DashSDK : platform_wallet::changeset::core_bridge: wallet-event batch: folded=1 wallets=1 synced_height_persisted=None synced_height_frozen=None synced_height_rejected=None faulted=0
17:27:44 [main] WalletActivityTracker - activity lifecycle: current: SendCoinsActivity, activities: 2 visible: 1 foreground: 0
17:27:44 [main] WalletActivityTracker - activity lifecycle: activity MainActivity created
17:27:44 [main] WalletActivityTracker - activity lifecycle: current: MainActivity, activities: 3 visible: 1 foreground: 0
17:27:44 [main] SecurityGuard - loading security guard [healthy=true] with keys: [keystore_healthy, fallback_pin_wallet_password_key, primary_ui_pin_key, modern_encryption_migration_complete, fallback_mnemonic_wallet_password_key, primary_wallet_password_key, fallback_mnemonic_ui_pin_key]
17:27:44 [main] SecurityGuard - loading security guard [healthy=true] with keys: [keystore_healthy, fallback_pin_wallet_password_key, primary_ui_pin_key, modern_encryption_migration_complete, fallback_mnemonic_wallet_password_key, primary_wallet_password_key, fallback_mnemonic_ui_pin_key]
17:27:44 [main] ModernEncryptionProvider - Decrypted data for alias: wallet_password_key
17:27:44 [main] ModernEncryptionProvider - Decrypted data for alias: ui_pin_key
17:27:44 [main] MainViewModel - STARTUP MainViewModel init at 1789838864322
17:27:44 [DefaultDispatcher-worker-2] MainViewModel - blockchain state update: mnlist=1556870; chain=1556870; wallet=-1
17:27:44 [main] StartupBreadcrumbs - STARTUP breadcrumb: 12 MAIN_UI_SHOWN +2624643ms
17:27:44 [DefaultDispatcher-worker-14] Constants - --> GET https://rates.ctx.com/rates?source=ctx
17:27:44 [DefaultDispatcher-worker-17] DapiClient - getDocuments(contractId=GWRSAVFMjXx8HpQFaNJMqBV7MBgMK4br5UESsB4S31Ec, type=domain, {limit=5, where=[]})
17:27:44 [DefaultDispatcher-worker-1] DapiClient - getDocuments(contractId=GWRSAVFMjXx8HpQFaNJMqBV7MBgMK4br5UESsB4S31Ec, type=domain, {limit=5, where=[]})
17:27:44 [DefaultDispatcher-worker-15] DapiClient - getDocuments(contractId=GWRSAVFMjXx8HpQFaNJMqBV7MBgMK4br5UESsB4S31Ec, type=domain, {limit=5, where=[]})
17:27:44 [main] Configuration - just being used - last used 2 minutes ago
17:27:44 [main] WalletActivityTracker - activity lifecycle: current: MainActivity, activities: 3 visible: 2 foreground: 0
17:27:44 [DefaultDispatcher-worker-2] CrowdNodeApiAggregator - restoring CrowdNode status
17:27:44 [DefaultDispatcher-worker-2] BLSJniLibrary - Initializing BLS JNI Library
17:27:44 [main] WalletTransactionsFragment - STARTUP WalletTransactionsFragment.onViewCreated at 1789838864345
17:27:44 [main] HistoryHeaderAdapter - set invite, synced = false
17:27:44 [main] WalletTransactionsFragment - STARTUP submitData called on thread=main at 1789838864345
17:27:44 [DefaultDispatcher-worker-11] BLSJniLibrary - Initializing BLS JNI Library
17:27:44 [main] HistoryHeaderAdapter - set invite = null
17:27:44 [main] HistoryHeaderAdapter - set invite, synced = false
17:27:44 [main] SecurityGuard - loading security guard [healthy=true] with keys: [keystore_healthy, fallback_pin_wallet_password_key, primary_ui_pin_key, modern_encryption_migration_complete, fallback_mnemonic_wallet_password_key, primary_wallet_password_key, fallback_mnemonic_ui_pin_key]
17:27:44 [main] SecurityGuard - loading security guard [healthy=true] with keys: [keystore_healthy, fallback_pin_wallet_password_key, primary_ui_pin_key, modern_encryption_migration_complete, fallback_mnemonic_wallet_password_key, primary_wallet_password_key, fallback_mnemonic_ui_pin_key]
17:27:44 [main] LockScreenActivity - show lock screen false = ![keepUnlocked=false] && autologout=true && (keepUnlockedUntilPenEntered=false || shouldLogout=false) || isHealthy=true
17:27:44 [main] MainActivity - updateTrigger => rateStale: RateRetrievalState(lastAttemptFailed=false, staleRates=false, volatile=false)
17:27:44 [main] WalletActivityTracker - activity lifecycle: current: MainActivity, activities: 3 visible: 2 foreground: 1
17:27:44 [main] BlockchainIdentityData - creation: BlockchainIdentityData(NONE, null, null, null, null, null)
17:27:44 [main] HistoryHeaderAdapter - set invite, synced = true
17:27:44 [DefaultDispatcher-worker-17] Platform - platform check: 59.76 ms
17:27:44 [DefaultDispatcher-worker-14] Constants - <-- 200 https://rates.ctx.com/rates?source=ctx (75ms, unknown-length body)
17:27:44 [DefaultDispatcher-worker-14] ExchangeRatesRepository - exchange rates updated successfully with de.schildbach.wallet.rates.DashRetailClient@8c522d9
17:27:44 [main] BlockchainIdentityData - creation: BlockchainIdentityData(NONE, null, null, null, null, null)
17:27:44 [main] BlockchainServiceImpl - .onStartCommand(Intent { cmp=hashengineering.darkcoin.wallet_test/de.schildbach.wallet.service.BlockchainServiceImpl })
17:27:44 [DefaultDispatcher-worker-14] BlockchainServiceImpl - onStartCommand waiting for onCreate to complete...
17:27:44 [DefaultDispatcher-worker-14] BlockchainServiceImpl - onCreate completed, processing onStartCommand
17:27:44 [DefaultDispatcher-worker-14] BLSJniLibrary - Initializing BLS JNI Library
17:27:44 [DefaultDispatcher-worker-14] BlockchainServiceImpl - service start command: Intent { cmp=hashengineering.darkcoin.wallet_test/de.schildbach.wallet.service.BlockchainServiceImpl }
17:27:44 [DefaultDispatcher-worker-14] BlockchainServiceImpl - .onStartCommand(Intent { cmp=hashengineering.darkcoin.wallet_test/de.schildbach.wallet.service.BlockchainServiceImpl }) finished
17:27:44 [main] BlockchainServiceImpl - .onStartCommand(Intent { act=de.schildbach.wallet.service.cancel_coins_received cmp=hashengineering.darkcoin.wallet_test/de.schildbach.wallet.service.BlockchainServiceImpl })
17:27:44 [DefaultDispatcher-worker-2] BlockchainServiceImpl - onStartCommand waiting for onCreate to complete...
17:27:44 [DefaultDispatcher-worker-2] BlockchainServiceImpl - onCreate completed, processing onStartCommand
17:27:44 [DefaultDispatcher-worker-2] BLSJniLibrary - Initializing BLS JNI Library
17:27:44 [DefaultDispatcher-worker-2] BlockchainServiceImpl - service start command: Intent { act=de.schildbach.wallet.service.cancel_coins_received cmp=hashengineering.darkcoin.wallet_test/de.schildbach.wallet.service.BlockchainServiceImpl }
17:27:44 [DefaultDispatcher-worker-2] BlockchainServiceImpl - .onStartCommand(Intent { act=de.schildbach.wallet.service.cancel_coins_received cmp=hashengineering.darkcoin.wallet_test/de.schildbach.wallet.service.BlockchainServiceImpl }) finished
17:27:44 [main] MainViewModel - platform available: false; no identity creation is progress: true
17:27:44 [main] DeviceInfoProvider - Detecting currency based on device, mobile network or locale:
17:27:44 [main] DeviceInfoProvider - Device Sim Country: us
17:27:44 [DefaultDispatcher-worker-2] ExchangeRatesRepository - updateTrigger
17:27:44 [main] MainViewModel - Updating currency exchange rate based on country: US
17:27:44 [main] WalletTransactionsFragment - STARTUP swapping to live adapter: 5 items at 1789838864438
17:27:44 [main] WalletActivityTracker - activity lifecycle: current: SendCoinsActivity, activities: 3 visible: 1 foreground: 1
17:27:44 [DefaultDispatcher-worker-1] Platform - platform check: 163.0 ms
17:27:44 [DefaultDispatcher-worker-15] Platform - platform check: 167.2 ms
17:27:44 [DefaultDispatcher-worker-15] PlatformServiceImplementation - platform available 3 of 3: true
17:27:44 [main] MainViewModel - platform available: true; no identity creation is progress: true
17:27:49 [main] WalletActivityTracker - activity lifecycle: current: MainActivity, activities: 3 visible: 1 foreground: 0
17:27:49 [main] WalletActivityTracker - activity lifecycle: current: SendCoinsActivity, activities: 3 visible: 2 foreground: 0
17:27:49 [main] SecurityGuard - loading security guard [healthy=true] with keys: [keystore_healthy, fallback_pin_wallet_password_key, primary_ui_pin_key, modern_encryption_migration_complete, fallback_mnemonic_wallet_password_key, primary_wallet_password_key, fallback_mnemonic_ui_pin_key]
17:27:49 [main] SecurityGuard - loading security guard [healthy=true] with keys: [keystore_healthy, fallback_pin_wallet_password_key, primary_ui_pin_key, modern_encryption_migration_complete, fallback_mnemonic_wallet_password_key, primary_wallet_password_key, fallback_mnemonic_ui_pin_key]
17:27:49 [main] LockScreenActivity - show lock screen false = ![keepUnlocked=true] && autologout=true && (keepUnlockedUntilPenEntered=false || shouldLogout=false) || isHealthy=true
17:27:49 [main] WalletActivityTracker - activity lifecycle: current: SendCoinsActivity, activities: 3 visible: 2 foreground: 1
17:27:49 [main] BlockchainServiceImpl - .onStartCommand(Intent { cmp=hashengineering.darkcoin.wallet_test/de.schildbach.wallet.service.BlockchainServiceImpl })
17:27:49 [DefaultDispatcher-worker-5] BlockchainServiceImpl - onStartCommand waiting for onCreate to complete...
17:27:49 [DefaultDispatcher-worker-5] BlockchainServiceImpl - onCreate completed, processing onStartCommand
17:27:49 [DefaultDispatcher-worker-5] BLSJniLibrary - Initializing BLS JNI Library
17:27:49 [DefaultDispatcher-worker-5] BlockchainServiceImpl - service start command: Intent { cmp=hashengineering.darkcoin.wallet_test/de.schildbach.wallet.service.BlockchainServiceImpl }
17:27:49 [DefaultDispatcher-worker-5] BlockchainServiceImpl - .onStartCommand(Intent { cmp=hashengineering.darkcoin.wallet_test/de.schildbach.wallet.service.BlockchainServiceImpl }) finished
17:27:49 [main] WalletActivityTracker - activity lifecycle: current: MainActivity, activities: 3 visible: 1 foreground: 1
17:27:51 [DefaultDispatcher-worker-7] BlockchainServiceImpl - network capabilities changed: 101, hasInternet: true, validated: true
17:27:51 [DefaultDispatcher-worker-7] BlockchainServiceImpl - acquiring check() mutex
17:27:51 [DefaultDispatcher-worker-7] BlockchainServiceImpl - check()
17:27:51 [DefaultDispatcher-worker-7] BlockchainServiceImpl - cutover committed — holding the dashj L1 engine; SDK owns L1 this launch
17:27:51 [DefaultDispatcher-worker-7] BlockchainServiceImpl - releasing check() mutex
17:27:51 [main] SendCoinsFragment - enterAmountViewModel.blockContinue = true, viewModel.dryRunSuccessful.value = false
17:27:55 [main] BiometricHelper - No biometric credentials
17:27:55 [main] SendCoinsTaskRunner - authenticate with pin
17:27:55 [main] SecurityGuard - loading security guard [healthy=true] with keys: [keystore_healthy, fallback_pin_wallet_password_key, primary_ui_pin_key, modern_encryption_migration_complete, fallback_mnemonic_wallet_password_key, primary_wallet_password_key, fallback_mnemonic_ui_pin_key]
17:27:57 [DefaultDispatcher-worker-1] BlockchainServiceImpl - network capabilities changed: 101, hasInternet: true, validated: true
17:27:57 [DefaultDispatcher-worker-1] BlockchainServiceImpl - acquiring check() mutex
17:27:57 [DefaultDispatcher-worker-1] BlockchainServiceImpl - check()
17:27:57 [DefaultDispatcher-worker-1] BlockchainServiceImpl - cutover committed — holding the dashj L1 engine; SDK owns L1 this launch
17:27:57 [DefaultDispatcher-worker-1] BlockchainServiceImpl - releasing check() mutex
17:27:57 [main] SendCoinsFragment - enterAmountViewModel.blockContinue = true, viewModel.dryRunSuccessful.value = false
17:28:00 [main] BlockchainServiceImpl - MEM pss=456MB nativeHeap=308/420MB jvm=32/576MB
17:28:00 [main] BlockchainServiceImpl - History of transactions/blocks/headers/mnlistdiff (sdk): 0/491870/0/0, 0/0/0/0, 0/1000000/416870/1556870
17:28:00 [main] BlockchainServiceImpl - replay complete — releasing the wake lock
17:28:14 [main] StartupBreadcrumbs - STARTUP breadcrumb: 13 LAUNCH_SURVIVED +2654710ms
17:28:54 [main] BiometricHelper - No biometric credentials
17:28:54 [main] LockScreenActivity - fingerprint was disabled
17:28:54 [main] LockScreenActivity - LockState = ENTER_PIN
17:29:00 [main] BlockchainServiceImpl - MEM pss=459MB nativeHeap=307/421MB jvm=24/576MB
17:29:00 [main] BlockchainServiceImpl - History of transactions/blocks/headers/mnlistdiff (sdk): 0/0/0/0, 0/491870/0/0, 0/0/0/0, 0/1000000/416870/1556870
17:29:04 [main] SecurityGuard - loading security guard [healthy=true] with keys: [keystore_healthy, fallback_pin_wallet_password_key, primary_ui_pin_key, modern_encryption_migration_complete, fallback_mnemonic_wallet_password_key, primary_wallet_password_key, fallback_mnemonic_ui_pin_key]
17:29:04 [main] ModernEncryptionProvider - Decrypted data for alias: ui_pin_key
17:29:04 [main] BiometricHelper - No biometric credentials
17:29:13 [main] BiometricHelper - No biometric credentials
17:29:13 [main] SendCoinsTaskRunner - authenticate with pin
17:29:13 [main] SecurityGuard - loading security guard [healthy=true] with keys: [keystore_healthy, fallback_pin_wallet_password_key, primary_ui_pin_key, modern_encryption_migration_complete, fallback_mnemonic_wallet_password_key, primary_wallet_password_key, fallback_mnemonic_ui_pin_key]
17:29:47 [main] SecurityGuard - loading security guard [healthy=true] with keys: [keystore_healthy, fallback_pin_wallet_password_key, primary_ui_pin_key, modern_encryption_migration_complete, fallback_mnemonic_wallet_password_key, primary_wallet_password_key, fallback_mnemonic_ui_pin_key]
17:29:47 [main] ModernEncryptionProvider - Decrypted data for alias: ui_pin_key
17:29:47 [DefaultDispatcher-worker-2] SendCoinsViewModel - executeDryRun started
17:29:47 [DefaultDispatcher-worker-2] DeterministicKeyChain - 1 keys needed for M/44H/1H/0H/0 = 1 issued + 0 lookahead size + 0 lookahead threshold - 0 num children
17:29:47 [DefaultDispatcher-worker-2] DeterministicKeyChain - Took 1.615 ms
17:29:47 [DefaultDispatcher-worker-2] BLSJniLibrary - Initializing BLS JNI Library
17:29:47 [DefaultDispatcher-worker-2] BLSJniLibrary - Initializing BLS JNI Library
17:29:47 [DefaultDispatcher-worker-2] SendCoinsViewModel - executeDryRun finished (cutover-aware: SDK send-all / drain)
17:29:47 [main] SendCoinsFragment - enterAmountViewModel.blockContinue = false, viewModel.dryRunSuccessful.value = true
17:29:54 [main] WalletActivityTracker - activity lifecycle: current: SendCoinsActivity, activities: 3 visible: 1 foreground: 0
17:29:54 [main] WalletActivityTracker - activity lifecycle: current: MainActivity, activities: 3 visible: 2 foreground: 0
17:29:54 [main] HistoryHeaderAdapter - set invite = null
17:29:54 [main] HistoryHeaderAdapter - set invite, synced = true
17:29:54 [main] MainViewModel - platform available: true; no identity creation is progress: true
17:29:54 [main] SecurityGuard - loading security guard [healthy=true] with keys: [keystore_healthy, fallback_pin_wallet_password_key, primary_ui_pin_key, modern_encryption_migration_complete, fallback_mnemonic_wallet_password_key, primary_wallet_password_key, fallback_mnemonic_ui_pin_key]
17:29:54 [main] SecurityGuard - loading security guard [healthy=true] with keys: [keystore_healthy, fallback_pin_wallet_password_key, primary_ui_pin_key, modern_encryption_migration_complete, fallback_mnemonic_wallet_password_key, primary_wallet_password_key, fallback_mnemonic_ui_pin_key]
17:29:54 [main] LockScreenActivity - show lock screen false = ![keepUnlocked=false] && autologout=true && (keepUnlockedUntilPenEntered=false || shouldLogout=false) || isHealthy=true
17:29:54 [main] MainActivity - updateTrigger => rateStale: RateRetrievalState(lastAttemptFailed=false, staleRates=false, volatile=false)
17:29:54 [main] WalletActivityTracker - activity lifecycle: current: MainActivity, activities: 3 visible: 2 foreground: 1
17:29:54 [main] BlockchainServiceImpl - .onStartCommand(Intent { cmp=hashengineering.darkcoin.wallet_test/de.schildbach.wallet.service.BlockchainServiceImpl })
17:29:54 [DefaultDispatcher-worker-13] BlockchainServiceImpl - onStartCommand waiting for onCreate to complete...
17:29:54 [DefaultDispatcher-worker-13] BlockchainServiceImpl - onCreate completed, processing onStartCommand
17:29:54 [DefaultDispatcher-worker-13] BLSJniLibrary - Initializing BLS JNI Library
17:29:54 [DefaultDispatcher-worker-13] BlockchainServiceImpl - service start command: Intent { cmp=hashengineering.darkcoin.wallet_test/de.schildbach.wallet.service.BlockchainServiceImpl }
17:29:54 [DefaultDispatcher-worker-13] BlockchainServiceImpl - .onStartCommand(Intent { cmp=hashengineering.darkcoin.wallet_test/de.schildbach.wallet.service.BlockchainServiceImpl }) finished
17:29:54 [main] BlockchainServiceImpl - .onStartCommand(Intent { act=de.schildbach.wallet.service.cancel_coins_received cmp=hashengineering.darkcoin.wallet_test/de.schildbach.wallet.service.BlockchainServiceImpl })
17:29:54 [main] DeviceInfoProvider - Detecting currency based on device, mobile network or locale:
17:29:54 [main] DeviceInfoProvider - Device Sim Country: us
17:29:54 [main] MainViewModel - Updating currency exchange rate based on country: US
17:29:54 [DefaultDispatcher-worker-13] BlockchainServiceImpl - onStartCommand waiting for onCreate to complete...
17:29:54 [DefaultDispatcher-worker-13] BlockchainServiceImpl - onCreate completed, processing onStartCommand
17:29:54 [DefaultDispatcher-worker-13] BLSJniLibrary - Initializing BLS JNI Library
17:29:54 [DefaultDispatcher-worker-13] BlockchainServiceImpl - service start command: Intent { act=de.schildbach.wallet.service.cancel_coins_received cmp=hashengineering.darkcoin.wallet_test/de.schildbach.wallet.service.BlockchainServiceImpl }
17:29:54 [DefaultDispatcher-worker-13] BlockchainServiceImpl - .onStartCommand(Intent { act=de.schildbach.wallet.service.cancel_coins_received cmp=hashengineering.darkcoin.wallet_test/de.schildbach.wallet.service.BlockchainServiceImpl }) finished
17:29:54 [main] WalletActivityTracker - activity lifecycle: current: SendCoinsActivity, activities: 3 visible: 1 foreground: 1
17:29:55 [DefaultDispatcher-worker-11] BlockchainServiceImpl - network capabilities changed: 101, hasInternet: true, validated: true
17:29:55 [DefaultDispatcher-worker-11] BlockchainServiceImpl - acquiring check() mutex
17:29:55 [DefaultDispatcher-worker-11] BlockchainServiceImpl - check()
17:29:55 [DefaultDispatcher-worker-11] BlockchainServiceImpl - cutover committed — holding the dashj L1 engine; SDK owns L1 this launch
17:29:55 [DefaultDispatcher-worker-11] BlockchainServiceImpl - releasing check() mutex
17:29:55 [main] BlockchainServiceImpl - cutover committed and SDK L1 scan synced — triggering identity/contacts discovery
17:29:55 [DefaultDispatcher-worker-8] BlockchainIdentityData - creation: BlockchainIdentityData(NONE, null, null, null, null, null)
17:29:55 [DefaultDispatcher-worker-8] PlatformSynchronizationService - discoverAndRecoverIdentity: checking for existing associated identity
17:29:55 [DefaultDispatcher-worker-8] SecurityGuard - loading security guard [healthy=true] with keys: [keystore_healthy, fallback_pin_wallet_password_key, primary_ui_pin_key, modern_encryption_migration_complete, fallback_mnemonic_wallet_password_key, primary_wallet_password_key, fallback_mnemonic_ui_pin_key]
17:29:55 [DefaultDispatcher-worker-8] ModernEncryptionProvider - Decrypted data for alias: wallet_password_key
17:29:56 [DefaultDispatcher-worker-8] KeyCrypterScrypt - Deriving key took 118.6 ms for N=65536, r=8, p=1.
17:29:56 [DefaultDispatcher-worker-8] DapiClient - getIdentityByFirstPublicKey(48ccf9a43eee96f92a0ca7f8dced9dc2630d05f2)
17:29:57 [DefaultDispatcher-worker-8] PlatformSynchronizationService - discoverAndRecoverIdentity: no existing identity found
17:29:57 [DefaultDispatcher-worker-8] PlatformSynchronizationService - identity-discovery guard released (no identity found) — a later discovery may run again
17:29:57 [DefaultDispatcher-worker-8] BlockchainServiceImpl - post-cutover identity discovery found nothing and the wallet has no identity — re-arming; next attempt no sooner than 120000 ms from now
17:29:57 [DefaultDispatcher-worker-7] PlatformSynchronizationService - TxMetadata settings: saveToNetwork=false frequency=afterTenTransactions saveAfter=9223372036854775807 paymentCategory=false taxCategory=false exchangeRates=false memos=false giftCards=false storedDocuments=0
17:29:58 [DefaultDispatcher-worker-10] BlockchainServiceImpl - network capabilities changed: 101, hasInternet: true, validated: true
17:29:58 [DefaultDispatcher-worker-10] BlockchainServiceImpl - acquiring check() mutex
17:29:58 [DefaultDispatcher-worker-10] BlockchainServiceImpl - check()
17:29:58 [DefaultDispatcher-worker-10] BlockchainServiceImpl - cutover committed — holding the dashj L1 engine; SDK owns L1 this launch
17:29:58 [DefaultDispatcher-worker-10] BlockchainServiceImpl - releasing check() mutex
17:30:00 [main] BlockchainServiceImpl - MEM pss=449MB nativeHeap=307/420MB jvm=26/576MB
17:30:00 [main] BlockchainServiceImpl - History of transactions/blocks/headers/mnlistdiff (sdk): 0/0/0/0, 0/0/0/0, 0/491870/0/0, 0/0/0/0, 0/1000000/416870/1556870
17:30:00 [main] BlockchainIdentityData - creation: BlockchainIdentityData(NONE, null, null, null, null, null)
17:30:00 [main] BlockchainIdentityData - creation: BlockchainIdentityData(NONE, null, null, null, null, null)
17:30:00 [main] BlockchainIdentityData - creation: BlockchainIdentityData(NONE, null, null, null, null, null)
17:30:05 [DefaultDispatcher-worker-7] Constants - --> GET https://rates.ctx.com/rates?source=ctx
17:30:05 [main] BiometricHelper - No biometric credentials
17:30:05 [main] BiometricHelper - No biometric credentials
17:30:05 [main] BiometricHelper - No biometric credentials
17:30:05 [main] BlockchainIdentityData - creation: BlockchainIdentityData(NONE, null, null, null, null, null)
17:30:05 [DefaultDispatcher-worker-7] Constants - <-- 200 https://rates.ctx.com/rates?source=ctx (87ms, unknown-length body)
17:30:05 [DefaultDispatcher-worker-1] ExchangeRatesRepository - exchange rates updated successfully with de.schildbach.wallet.rates.DashRetailClient@8c522d9
17:30:05 [DefaultDispatcher-worker-10] ExchangeRatesRepository - updateTrigger
17:30:56 [DefaultDispatcher-worker-4] BlockchainServiceImpl - network capabilities changed: 101, hasInternet: true, validated: true
17:30:56 [DefaultDispatcher-worker-4] BlockchainServiceImpl - acquiring check() mutex
17:30:56 [DefaultDispatcher-worker-4] BlockchainServiceImpl - check()
17:30:56 [DefaultDispatcher-worker-4] BlockchainServiceImpl - cutover committed — holding the dashj L1 engine; SDK owns L1 this launch
17:30:56 [DefaultDispatcher-worker-4] BlockchainServiceImpl - releasing check() mutex
17:31:00 [main] BlockchainServiceImpl - MEM pss=462MB nativeHeap=313/427MB jvm=23/576MB
17:31:00 [main] BlockchainServiceImpl - History of transactions/blocks/headers/mnlistdiff (sdk): 0/0/0/0, 0/0/0/0, 0/0/0/0, 0/491870/0/0, 0/0/0/0, 0/1000000/416870/1556870
17:31:00 [main] BlockchainServiceImpl - idling detected, stopping service
17:31:02 [DefaultDispatcher-worker-13] BlockchainServiceImpl - network capabilities changed: 101, hasInternet: true, validated: true
17:31:02 [DefaultDispatcher-worker-13] BlockchainServiceImpl - acquiring check() mutex
17:31:02 [DefaultDispatcher-worker-13] BlockchainServiceImpl - check()
17:31:02 [DefaultDispatcher-worker-13] BlockchainServiceImpl - cutover committed — holding the dashj L1 engine; SDK owns L1 this launch
17:31:02 [DefaultDispatcher-worker-13] BlockchainServiceImpl - releasing check() mutex
17:31:25 [main] BiometricHelper - No biometric credentials
17:31:25 [main] LockScreenActivity - fingerprint was disabled
17:31:25 [main] LockScreenActivity - LockState = ENTER_PIN
17:31:43 [main] StartupBreadcrumbs - STARTUP breadcrumb: 1 LOGGING_INITIALIZED +5ms
17:31:43 [main] StartupBreadcrumbs - STARTUP breadcrumb: 2 FIREBASE_INITIALIZED +6ms
17:31:43 [process-exit-reasons] ProcessExitReasons - STARTUP exit history: #0 reason=USER_REQUESTED(10) at=2026-09-19T12:31:39 (3s ago) importance=FOREGROUND(100) pss=0KB/0.0MB rss=604880KB/590.7MB process=hashengineering.darkcoin.wallet_test pid=4078 status=0 definingUid=10212 description="[FORCE STOP] stop hashengineering.darkcoin.wallet_test due to from pid 19556"
17:31:43 [process-exit-reasons] ProcessExitReasons - PROCESS EXIT REASON: USER_REQUESTED(10) — previous process died 3s ago at 2026-09-19T12:31:39, importance=FOREGROUND(100), pss=0KB/0.0MB, rss=604880KB/590.7MB, description="[FORCE STOP] stop hashengineering.darkcoin.wallet_test due to from pid 19556"
17:31:43 [main] WalletApplication - STARTUP WalletApplication.onCreate()
17:31:43 [main] StartupBreadcrumbs - STARTUP breadcrumb: 3 CONFIG_LOADED +8ms
17:31:43 [main] StartupBreadcrumbs - STARTUP breadcrumb: 4 WALLET_LOAD_BEGIN +8ms size=15498
17:31:43 [main] BLSJniLibrary - Initializing BLS JNI Library
17:31:43 [main] WalletApplication - === starting app using configuration: _testNet3, org.darkcoin.test
17:31:43 [main] MnemonicCodeExt - BIP39 wordlist loaded from: 'bip39-wordlists/english.txt', took 1.557 ms
17:31:43 [main] WalletApplication - STARTUP fullInit: initEnvironment done in 3ms
17:31:43 [main] DeterministicKeyChain - 133 keys needed for M/0H/0 = 0 issued + 100 lookahead size + 33 lookahead threshold - 0 num children
17:31:43 [main] DeterministicKeyChain - Took 50.66 ms
17:31:43 [main] DeterministicKeyChain - 133 keys needed for M/0H/1 = 0 issued + 100 lookahead size + 33 lookahead threshold - 0 num children
17:31:43 [main] DeterministicKeyChain - Took 24.94 ms
17:31:43 [main] DeterministicKeyChain - 133 keys needed for M/44H/1H/0H/0 = 0 issued + 100 lookahead size + 33 lookahead threshold - 0 num children
17:31:43 [main] DeterministicKeyChain - Took 16.82 ms
17:31:43 [main] DeterministicKeyChain - 133 keys needed for M/44H/1H/0H/1 = 0 issued + 100 lookahead size + 33 lookahead threshold - 0 num children
17:31:43 [main] DeterministicKeyChain - Took 14.42 ms
17:31:43 [main] WalletProtobufSerializer - Loading wallet extension org.dashj.wallet.authentication
17:31:43 [main] AnyKeyChainGroup - Activating a new HD chain: AuthenticationKeyChain{BLOCKCHAIN_IDENTITY, ECDSA, P2PKH, accountPath=[9H, 1H, 5H, 0H, 0H, 0H], lookaheadSize=0, lookaheadThreshold=0}
17:31:43 [main] AnyExternalKeyChain - 4 keys needed for M/9H/1H/5H/1H = 1 issued + 5 lookahead size + 0 lookahead threshold - 2 num children
17:31:43 [main] AnyExternalKeyChain - Took 979.8 μs
17:31:43 [main] AnyKeyChainGroup - Activating a new HD chain: AuthenticationKeyChain{BLOCKCHAIN_IDENTITY_FUNDING, ECDSA, P2PKH, accountPath=[9H, 1H, 5H, 1H], lookaheadSize=5, lookaheadThreshold=5}
17:31:43 [main] AnyExternalKeyChain - 4 keys needed for M/9H/1H/3H/2H = 1 issued + 5 lookahead size + 0 lookahead threshold - 2 num children
17:31:43 [main] AnyExternalKeyChain - Took 860.1 μs
17:31:43 [main] AnyKeyChainGroup - Activating a new HD chain: AuthenticationKeyChain{MASTERNODE_OWNER, ECDSA, P2PKH, accountPath=[9H, 1H, 3H, 2H], lookaheadSize=5, lookaheadThreshold=5}
17:31:43 [main] BLSJniLibrary - Initializing BLS JNI Library
17:31:43 [main] AnyExternalKeyChain - 4 keys needed for M/9H/1H/3H/3H = 1 issued + 5 lookahead size + 0 lookahead threshold - 2 num children
17:31:43 [main] AnyExternalKeyChain - Took 950.5 μs
17:31:43 [main] AnyKeyChainGroup - Activating a new HD chain: AuthenticationKeyChain{MASTERNODE_OPERATOR, BLS, P2PKH, accountPath=[9H, 1H, 3H, 3H], lookaheadSize=5, lookaheadThreshold=5}
17:31:43 [main] AnyExternalKeyChain - 4 keys needed for M/9H/1H/3H/1H = 1 issued + 5 lookahead size + 0 lookahead threshold - 2 num children
17:31:43 [main] AnyExternalKeyChain - Took 1.056 ms
17:31:43 [main] AnyKeyChainGroup - Activating a new HD chain: AuthenticationKeyChain{MASTERNODE_VOTING, ECDSA, P2PKH, accountPath=[9H, 1H, 3H, 1H], lookaheadSize=5, lookaheadThreshold=5}
17:31:43 [main] AnyExternalKeyChain - 4 keys needed for M/9H/1H/5H/2H = 1 issued + 5 lookahead size + 0 lookahead threshold - 2 num children
17:31:43 [main] AnyExternalKeyChain - Took 924.5 μs
17:31:43 [main] AnyKeyChainGroup - Activating a new HD chain: AuthenticationKeyChain{BLOCKCHAIN_IDENTITY_TOPUP, ECDSA, P2PKH, accountPath=[9H, 1H, 5H, 2H], lookaheadSize=5, lookaheadThreshold=5}
17:31:43 [main] AnyExternalKeyChain - 4 keys needed for M/9H/1H/5H/3H = 1 issued + 5 lookahead size + 0 lookahead threshold - 2 num children
17:31:43 [main] AnyExternalKeyChain - Took 1.010 ms
17:31:43 [main] AnyKeyChainGroup - Activating a new HD chain: AuthenticationKeyChain{INVITATION_FUNDING, ECDSA, P2PKH, accountPath=[9H, 1H, 5H, 3H], lookaheadSize=5, lookaheadThreshold=5}
17:31:43 [main] AnyKeyChainGroup - Activating a new HD chain: AuthenticationKeyChain{MASTERNODE_PLATFORM_OPERATOR, EdDSA, P2PKH, accountPath=[9H, 1H, 3H, 4H], lookaheadSize=0, lookaheadThreshold=0}
17:31:43 [main] WalletProtobufSerializer - Loading wallet extension org.dashj.wallet.coinjoin
17:31:43 [main] AnyDeterministicKeyChain - 533 keys needed for M/9H/1H/4H/0H/0 = 0 issued + 500 lookahead size + 33 lookahead threshold - 0 num children
17:31:43 [main] AnyDeterministicKeyChain - Took 53.23 ms
17:31:43 [main] AnyDeterministicKeyChain - 533 keys needed for M/9H/1H/4H/0H/1 = 0 issued + 500 lookahead size + 33 lookahead threshold - 0 num children
17:31:43 [main] AnyDeterministicKeyChain - Took 41.05 ms
17:31:43 [main] WalletApplication - wallet loaded from: '/data/user/0/hashengineering.darkcoin.wallet_test/files/wallet-protobuf-testnet', took 251.4 ms (0 DashPay friend chains deferred)
17:31:43 [main] StartupBreadcrumbs - STARTUP breadcrumb: 5 WALLET_PROTOBUF_PARSED +262ms took=251.5 ms deferredFriendChains=0
17:31:43 [main] StartupBreadcrumbs - STARTUP breadcrumb: 6 WALLET_CONSISTENCY_CHECKED +263ms
17:31:43 [main] StartupBreadcrumbs - STARTUP breadcrumb: 7 FINALIZE_INIT_BEGIN +263ms
17:31:43 [main] SecurityGuard - loading security guard [healthy=true] with keys: [keystore_healthy, fallback_pin_wallet_password_key, primary_ui_pin_key, modern_encryption_migration_complete, fallback_mnemonic_wallet_password_key, primary_wallet_password_key, fallback_mnemonic_ui_pin_key]
17:31:43 [DefaultDispatcher-worker-1] TxDisplayCacheService - sync-complete check: SDK record count not available yet (the cutover tx pipeline binds after this trigger) — waiting up to 120s
17:31:43 [main] SecurityGuard - loading security guard [healthy=true] with keys: [keystore_healthy, fallback_pin_wallet_password_key, primary_ui_pin_key, modern_encryption_migration_complete, fallback_mnemonic_wallet_password_key, primary_wallet_password_key, fallback_mnemonic_ui_pin_key]
17:31:43 [DefaultDispatcher-worker-1] TxDisplayCacheService - initializeFactoriesFromCache: 0 active groups loaded in 1ms
17:31:43 [DefaultDispatcher-worker-1] WalletObserver - observing transactions start de.schildbach.wallet.transactions.WalletObserver@2ea50c1
17:31:43 [DefaultDispatcher-worker-1] BLSJniLibrary - Initializing BLS JNI Library
17:31:43 [main] ModernEncryptionProvider - Decrypted data for alias: wallet_password_key
17:31:43 [dashj user thread] BLSJniLibrary - Initializing BLS JNI Library
17:31:43 [main] KeyCrypterScrypt - Deriving key took 114.0 ms for N=65536, r=8, p=1.
17:31:43 [main] SecurityGuard - Mnemonic-based fallbacks ensured for PIN and wallet password
17:31:43 [main] WalletApplication - Mnemonic-based fallbacks ensured
17:31:43 [main] ModernEncryptionProvider - Decrypted data for alias: ui_pin_key
17:31:43 [main] SecurityGuard - PIN-based fallback ensured for wallet password
17:31:43 [main] WalletApplication - PIN-based fallback added successfully
17:31:43 [main] WalletApplication - STARTUP finalizeInit: securityGuard done in 123ms
17:31:43 [main] WalletApplication - STARTUP finalizeInit: initDash done in 5ms
17:31:43 [main] StartupBreadcrumbs - STARTUP breadcrumb: 8 INIT_DASH_DONE +391ms
17:31:43 [main] WalletApplication - STARTUP finalizeInit: afterLoadWallet done in 1ms
17:31:43 [main] StartupBreadcrumbs - STARTUP breadcrumb: 9 AFTER_LOAD_WALLET_DONE +392ms
17:31:43 [main] StartupBreadcrumbs - STARTUP breadcrumb: 20 SDK_BIND_KICKED +393ms
17:31:43 [DefaultDispatcher-worker-5] BlockchainIdentityData - creation: BlockchainIdentityData(NONE, null, null, null, null, null)
17:31:43 [main] PlatformSynchronizationService - Starting the platform sync job
17:31:43 [main] StartupBreadcrumbs - STARTUP breadcrumb: 10 PLATFORM_INIT_KICKED +394ms
17:31:43 [main] WalletApplication - STARTUP finalizeInit: initPlatform+channels done in 2ms
17:31:43 [DefaultDispatcher-worker-1] SecurityGuard - loading security guard [healthy=true] with keys: [keystore_healthy, fallback_pin_wallet_password_key, primary_ui_pin_key, modern_encryption_migration_complete, fallback_mnemonic_wallet_password_key, primary_wallet_password_key, fallback_mnemonic_ui_pin_key]
17:31:43 [DefaultDispatcher-worker-1] ModernEncryptionProvider - Decrypted data for alias: wallet_password_key
17:31:43 [main] WalletApplication - STARTUP finalizeInit: integrations done in 37ms
17:31:43 [main] WalletApplication - STARTUP fullInit: loadWalletFromProtobuf done in 420ms
17:31:43 [main] WalletApplication - STARTUP fullInit: total 423ms
17:31:43 [main] StartupBreadcrumbs - STARTUP breadcrumb: 11 ONCREATE_COMPLETE +441ms
17:31:43 [main] BootstrapReceiver - got broadcast: Intent { act=android.intent.action.BOOT_COMPLETED flg=0x9000030 pkg=hashengineering.darkcoin.wallet_test cmp=hashengineering.darkcoin.wallet_test/de.schildbach.wallet.service.BootstrapReceiver (has extras) }
17:31:43 [bootstrap] BLSJniLibrary - Initializing BLS JNI Library
17:31:43 [bootstrap] BLSJniLibrary - Initializing BLS JNI Library
17:31:43 [bootstrap] BootstrapReceiver - post-boot sync not attempted on Android 15+: a dataSync foreground service cannot be started from BOOT_COMPLETED. Syncing resumes when the app is opened.
17:31:43 [main] WalletActivityTracker - activity lifecycle: app started
17:31:43 [main] WalletActivityTracker - activity lifecycle: activity OnboardingActivity created
17:31:43 [main] WalletActivityTracker - activity lifecycle: current: OnboardingActivity, activities: 1 visible: 0 foreground: 0
17:31:43 [DefaultDispatcher-worker-1] KeyCrypterScrypt - Deriving key took 138.3 ms for N=65536, r=8, p=1.
17:31:43 [DefaultDispatcher-worker-1] DashSdkServiceImpl - bootstrapping Dash Platform SDK for network=testnet (flavor=_testNet3)
17:31:43 [DefaultDispatcher-worker-1] DashSdkServiceImpl - SDK tracing file logging (INFO) at /data/user/0/hashengineering.darkcoin.wallet_test/files/sdk-logs/platform_wallet/run.log: NOT installed (subscriber already set or dir unwritable)
17:31:43 [DefaultDispatcher-worker-5] ExploreSyncWorker - sync explore db started
17:31:43 [DefaultDispatcher-worker-5] ExploreDataSyncStatus - sync explore data progress: 0.0
17:31:43 [DefaultDispatcher-worker-5] GCExploreDatabase - preloading explore db from assets /data/user/0/hashengineering.darkcoin.wallet_test/cache/explore.db, test database: true
17:31:43 [DefaultDispatcher-worker-5] GCExploreDatabase - preloading explore db from assets /data/user/0/hashengineering.darkcoin.wallet_test/cache/explore.db, test database: false
17:31:43 [DefaultDispatcher-worker-5] GCExploreDatabase - missing preloaded database explore/explore.db
17:31:43 [DefaultDispatcher-worker-5] ExploreSyncWorker - local data timestamp: 0 (Wed Dec 31 18:00:00 CST 1969)
17:31:43 [main] WalletActivityTracker - activity lifecycle: activity MainActivity created
17:31:43 [main] WalletActivityTracker - activity lifecycle: current: MainActivity, activities: 2 visible: 0 foreground: 0
17:31:43 [main] SecurityGuard - loading security guard [healthy=true] with keys: [keystore_healthy, fallback_pin_wallet_password_key, primary_ui_pin_key, modern_encryption_migration_complete, fallback_mnemonic_wallet_password_key, primary_wallet_password_key, fallback_mnemonic_ui_pin_key]
17:31:43 [main] SecurityGuard - loading security guard [healthy=true] with keys: [keystore_healthy, fallback_pin_wallet_password_key, primary_ui_pin_key, modern_encryption_migration_complete, fallback_mnemonic_wallet_password_key, primary_wallet_password_key, fallback_mnemonic_ui_pin_key]
17:31:43 [main] ModernEncryptionProvider - Decrypted data for alias: wallet_password_key
17:31:43 [main] ModernEncryptionProvider - Decrypted data for alias: ui_pin_key
17:31:43 [main] DashPaymentIntentParser - network parameters = org.darkcoin.test
17:31:43 [main] DashPaymentIntentParser - network parameters = org.darkcoin.test
17:31:43 [main] MainViewModel - STARTUP MainViewModel init at 1789839103788
17:31:43 [DefaultDispatcher-worker-5] MainViewModel - blockchain state update: mnlist=1556870; chain=1556870; wallet=-1
17:31:43 [main] StartupBreadcrumbs - STARTUP breadcrumb: 12 MAIN_UI_SHOWN +691ms
17:31:43 [main] Configuration - just being used - last used 3 minutes ago
17:31:43 [DefaultDispatcher-worker-8] DapiClient - getDocuments(contractId=GWRSAVFMjXx8HpQFaNJMqBV7MBgMK4br5UESsB4S31Ec, type=domain, {limit=5, where=[]})
17:31:43 [DefaultDispatcher-worker-1] DapiClient - getDocuments(contractId=GWRSAVFMjXx8HpQFaNJMqBV7MBgMK4br5UESsB4S31Ec, type=domain, {limit=5, where=[]})
17:31:43 [DefaultDispatcher-worker-4] DapiClient - getDocuments(contractId=GWRSAVFMjXx8HpQFaNJMqBV7MBgMK4br5UESsB4S31Ec, type=domain, {limit=5, where=[]})
17:31:43 [main] AppForegroundMonitor - App moved to foreground
17:31:43 [main] WalletActivityTracker - activity lifecycle: current: MainActivity, activities: 2 visible: 1 foreground: 0
17:31:43 [DefaultDispatcher-worker-9] CrowdNodeApiAggregator - restoring CrowdNode status
17:31:43 [DefaultDispatcher-worker-9] BLSJniLibrary - Initializing BLS JNI Library
17:31:43 [main] WalletTransactionsFragment - STARTUP WalletTransactionsFragment.onViewCreated at 1789839103809
17:31:43 [main] WalletTransactionsFragment - STARTUP cache submitList: 5 rows at 1789839103813
17:31:43 [main] HistoryHeaderAdapter - set invite, synced = false
17:31:43 [DefaultDispatcher-worker-5] BLSJniLibrary - Initializing BLS JNI Library
17:31:43 [main] HistoryHeaderAdapter - set invite = null
17:31:43 [main] HistoryHeaderAdapter - set invite, synced = false
17:31:43 [main] SecurityGuard - loading security guard [healthy=true] with keys: [keystore_healthy, fallback_pin_wallet_password_key, primary_ui_pin_key, modern_encryption_migration_complete, fallback_mnemonic_wallet_password_key, primary_wallet_password_key, fallback_mnemonic_ui_pin_key]
17:31:43 [main] LockScreenActivity - show lock screen true = ![keepUnlocked=false] && autologout=true && (keepUnlockedUntilPenEntered=true || shouldLogout=false) || isHealthy=true
17:31:43 [main] BiometricHelper - No biometric credentials
17:31:43 [main] LockScreenActivity - fingerprint was disabled
17:31:43 [main] LockScreenActivity - LockState = ENTER_PIN
17:31:43 [main] MainActivity - updateTrigger => rateStale: RateRetrievalState(lastAttemptFailed=false, staleRates=false, volatile=false)
17:31:43 [main] WalletActivityTracker - activity lifecycle: current: MainActivity, activities: 2 visible: 1 foreground: 1
17:31:43 [main] BlockchainIdentityData - creation: BlockchainIdentityData(NONE, null, null, null, null, null)
17:31:43 [main] BlockchainIdentityData - creation: BlockchainIdentityData(NONE, null, null, null, null, null)
17:31:43 [main] BlockchainServiceImpl - .onCreate()
17:31:43 [main] DashPaymentIntentParser - network parameters = org.darkcoin.test
17:31:43 [main] BlockchainServiceImpl - start foreground service
17:31:43 [DefaultDispatcher-worker-5] Constants - --> GET https://rates.ctx.com/rates?source=ctx
17:31:43 [DefaultDispatcher-worker-11] BlockchainServiceImpl - onCreate() serviceScope waiting for cleanup null
17:31:43 [DefaultDispatcher-worker-11] BLSJniLibrary - Initializing BLS JNI Library
17:31:43 [DefaultDispatcher-worker-11] BlockchainServiceImpl - Phase 5d cutover gate: dashjEngineMayStart=false (coordinatorAllowsDashj=false, dashjHeldByCutover=true, dashjSyncDiagnostic=false)
17:31:43 [main] BlockchainServiceImpl - .onStartCommand(Intent { cmp=hashengineering.darkcoin.wallet_test/de.schildbach.wallet.service.BlockchainServiceImpl })
17:31:43 [DefaultDispatcher-worker-11] BlockchainServiceImpl - cannot load the bootstrap stream: mnlistdiff-testnet.dat
17:31:43 [DefaultDispatcher-worker-11] BlockchainServiceImpl - cannot load the bootstrap stream: qrinfo-testnet.dat
17:31:43 [DefaultDispatcher-worker-9] BlockchainServiceImpl - onStartCommand waiting for onCreate to complete...
17:31:43 [DefaultDispatcher-worker-11] BlockchainServiceImpl - verifying backupBlockStore
17:31:43 [DefaultDispatcher-worker-11] BlockchainServiceImpl - verifying headerStore
17:31:43 [main] WalletTransactionsFragment - STARTUP submitData called on thread=main at 1789839103858
17:31:43 [main] BlockchainServiceImpl - .onStartCommand(Intent { act=de.schildbach.wallet.service.cancel_coins_received cmp=hashengineering.darkcoin.wallet_test/de.schildbach.wallet.service.BlockchainServiceImpl })
17:31:43 [DefaultDispatcher-worker-2] BlockchainServiceImpl - onStartCommand waiting for onCreate to complete...
17:31:43 [main] MainViewModel - platform available: false; no identity creation is progress: true
17:31:43 [DefaultDispatcher-worker-7] DashSdkServiceImpl - Dash Platform SDK started: version=4.2.0-dev.8, restored 1 wallet(s)
17:31:43 [DefaultDispatcher-worker-3] DashSdkServiceImpl - app wallet already bound to SDK wallet e4c92342…
17:31:43 [DefaultDispatcher-worker-3] SdkWalletBinder - SDK wallet bound; identity not yet registered — discovery deferred
17:31:43 [DefaultDispatcher-worker-2] SdkBindRetryService - SDK bind established — clearing the pending state (no blocker recorded in this process)
17:31:43 [DefaultDispatcher-worker-3] PlatformSynchronizationService - SDK L1 engine not started from Application init — it starts from the foreground blockchain service (resume())
17:31:43 [DefaultDispatcher-worker-3] StartupBreadcrumbs - STARTUP breadcrumb: 23 CUTOVER_SERVICES_STARTED +806ms
17:31:43 [DefaultDispatcher-worker-7] CutoverUiDataService - cutover committed — serving home-screen data from the SDK
17:31:43 [DefaultDispatcher-worker-7] CutoverUiDataService - cutover UI active but the engine wallet-event tap is not running (USE_KOTLIN_SDK_L1_SHADOW off, or L1ShadowSyncService not started) — instant receives degrade to the Room-snapshot/block cadence
17:31:43 [DefaultDispatcher-worker-13] SdkBlockchainStateService - cutover committed — deriving BlockchainState from the SDK SPV feed
17:31:43 [DefaultDispatcher-worker-2] CutoverTxSeamService - cutover committed — priming the SDK seam tx feed
17:31:43 [DefaultDispatcher-worker-9] CutoverUiDataService - SDK balance published: 100000000 duffs (was none) | l1Synced=false rescanArmedHold=false dashPayBackfill(armed=false,replaying=false) deferredContactBuilds=0 (unchangedReads=1) persistedAsLastKnown=false lastKnown=100000000
17:31:43 [DefaultDispatcher-worker-15] CutoverTxSeamService - seam tx feed primed (4 recent records, 0 in the priming window); serving seam tx reads from the SDK store
17:31:43 [pool-45-thread-1] BlockchainServiceImpl - verify blockstore: 373.7 μs, null loaded
17:31:43 [DefaultDispatcher-worker-11] BlockchainServiceImpl - verifying blockStore
17:31:43 [DefaultDispatcher-worker-4] DapiClient - searching for quorum: 6, 0000006e16bfdcb3a27255c4712ff302762874c532c3f9cf19a7e7610aaeeaba, 1556870
17:31:44 [DefaultDispatcher-worker-8] DapiClient - searching for quorum: 6, 0000006e16bfdcb3a27255c4712ff302762874c532c3f9cf19a7e7610aaeeaba, 1556870
17:31:44 [DefaultDispatcher-worker-1] DapiClient - searching for quorum: 6, 0000006e16bfdcb3a27255c4712ff302762874c532c3f9cf19a7e7610aaeeaba, 1556870
17:31:44 [main] DeviceInfoProvider - Detecting currency based on device, mobile network or locale:
17:31:44 [main] DeviceInfoProvider - Device Sim Country: us
17:31:44 [main] MainViewModel - Updating currency exchange rate based on country: US
17:31:44 [DefaultDispatcher-worker-14] GCExploreDatabase - error getting remote data timestamp
com.google.firebase.FirebaseException: An internal error has occurred. [ API key not valid. Please pass a valid API key. ]
	at com.google.android.gms.internal.firebase-auth-api.zzaag.zza(com.google.firebase:firebase-auth@@22.0.0:4)
	at com.google.android.gms.internal.firebase-auth-api.zzabf.zza(com.google.firebase:firebase-auth@@22.0.0:26)
	at com.google.android.gms.internal.firebase-auth-api.zzabg.zzl(com.google.firebase:firebase-auth@@22.0.0:1)
	at com.google.android.gms.internal.firebase-auth-api.zzabd.zzh(com.google.firebase:firebase-auth@@22.0.0:25)
	at com.google.android.gms.internal.firebase-auth-api.zzaae.zzh(com.google.firebase:firebase-auth@@22.0.0:1)
	at com.google.android.gms.internal.firebase-auth-api.zzyb.zza(com.google.firebase:firebase-auth@@22.0.0:2)
	at com.google.android.gms.internal.firebase-auth-api.zzabo.zzc(com.google.firebase:firebase-auth@@22.0.0:10)
	at com.google.android.gms.internal.firebase-auth-api.zzabo.zzb(com.google.firebase:firebase-auth@@22.0.0:14)
	at com.google.android.gms.internal.firebase-auth-api.zzaat.zzn(com.google.firebase:firebase-auth@@22.0.0:4)
	at com.google.android.gms.internal.firebase-auth-api.zzyh.zzz(com.google.firebase:firebase-auth@@22.0.0:2)
	at com.google.android.gms.internal.firebase-auth-api.zzaaf.zzv(com.google.firebase:firebase-auth@@22.0.0:2)
	at com.google.android.gms.internal.firebase-auth-api.zzzk.zzc(com.google.firebase:firebase-auth@@22.0.0:1)
	at com.google.android.gms.internal.firebase-auth-api.zzabh.run(com.google.firebase:firebase-auth@@22.0.0:1)
	at java.util.concurrent.ThreadPoolExecutor.runWorker(ThreadPoolExecutor.java:1145)
	at java.util.concurrent.ThreadPoolExecutor$Worker.run(ThreadPoolExecutor.java:644)
	at com.google.firebase.concurrent.CustomThreadFactory.lambda$newThread$0(CustomThreadFactory.java:47)
	at com.google.firebase.concurrent.CustomThreadFactory.$r8$lambda$XB8AY3Hcio74byWuTzgVEC3Hiek(CustomThreadFactory.java:0)
	at com.google.firebase.concurrent.CustomThreadFactory$$ExternalSyntheticLambda0.run(R8$$SyntheticClass:0)
	at java.lang.Thread.run(Thread.java:1012)
17:31:44 [DefaultDispatcher-worker-14] ExploreSyncWorker - remote data timestamp: -1 (Wed Dec 31 17:59:59 CST 1969)
17:31:44 [DefaultDispatcher-worker-14] ExploreSyncWorker - unable to delete /data/user/0/hashengineering.darkcoin.wallet_test/cache/explore.db
17:31:44 [DefaultDispatcher-worker-14] ExploreSyncWorker - explore db is up to date, nothing to sync
17:31:44 [DefaultDispatcher-worker-14] ExploreDataSyncStatus - sync explore data progress: 100.0
17:31:44 [pool-45-thread-1] BlockchainServiceImpl - verify blockstore: 3.962 ms, null loaded
17:31:44 [main] WalletActivityTracker - activity lifecycle: activity OnboardingActivity destroyed
17:31:44 [DefaultDispatcher-worker-11] BlockchainServiceImpl - blockstore files verified: true, true
17:31:44 [DefaultDispatcher-worker-11] BLSJniLibrary - Initializing BLS JNI Library
17:31:44 [main] WalletActivityTracker - activity lifecycle: current: MainActivity, activities: 1 visible: 1 foreground: 1
17:31:44 [DefaultDispatcher-worker-11] AbstractBlockChain - chain head is at height 1728:
 block: 
   hash: 000000b4a747bc263dacea0eeaf14bb362170fc6a068f7b3f0ac4f899e985a0f
   version: 2 (0x00000002) (BIP34)
   previous block: 0000036874ccb6f966a26653dfff040e8a55d5a7e2cf312c95a64c518801c803
   merkle root: 54c61ff11d388244e2712c0ec20783c55b3623f3e28b39b40b65092ad708c7ec
   time: 1423418846 (2015-02-08T18:07:26Z)
   difficulty target (nBits): 503382015
   nonce: 39514

17:31:44 [DefaultDispatcher-worker-11] AbstractBlockChain - chain head is at height 1405440:
 block: 
   hash: 000000173e6c9dd4ca8a5a75699fbb5dc4713bc238d2ce98aec7fe3a77febfeb
   version: 536870912 (0x20000000) (BIP34, BIP66, BIP65)
   previous block: 000000773d05044b4db27c023a9a12bc59eaf1f396ad7e5180ef4cb14d366150
   merkle root: ea3165fb830ba2267ad050760183eb5b8241c694406868382bdf6c2307c8e936
   time: 1768907626 (2026-01-20T11:13:46Z)
   difficulty target (nBits): 503367276
   nonce: 128740

17:31:44 [DefaultDispatcher-worker-16] ExploreDatabase - Open database explore-database
17:31:44 [main] WalletTransactionsFragment - STARTUP swapping to live adapter: 5 items at 1789839104103
17:31:44 [main] WalletTransactionsFragment - STARTUP first live items visible: 295ms from onViewCreated, 291ms from first-load-start (5 items)
17:31:44 [main] SecurityGuard - loading security guard [healthy=true] with keys: [keystore_healthy, fallback_pin_wallet_password_key, primary_ui_pin_key, modern_encryption_migration_complete, fallback_mnemonic_wallet_password_key, primary_wallet_password_key, fallback_mnemonic_ui_pin_key]
17:31:44 [main] BlockchainServiceImpl - network callback registered with NetworkRequest: de.schildbach.wallet.service.BlockchainServiceImpl$NetworkCallbackImpl@c436f4d
17:31:44 [DefaultDispatcher-worker-14] BlockchainServiceImpl - monitoring 0 old transactions
17:31:44 [main] BlockchainServiceImpl - receiver register: tickReceiver, de.schildbach.wallet.service.BlockchainServiceImpl$tickReceiver$1@5330f13
17:31:44 [DefaultDispatcher-worker-11] BlockchainServiceImpl - network capabilities changed: 101, hasInternet: true, validated: true
17:31:44 [DefaultDispatcher-worker-2] BlockchainServiceImpl - cutover committed — Platform quorum lookups wired to the SDK-sourced quorum list
17:31:44 [DefaultDispatcher-worker-16] BlockchainServiceImpl - network available: 101, hasInternet: true, validated: true, type: WiFi
17:31:44 [DefaultDispatcher-worker-2] StartupBreadcrumbs - STARTUP breadcrumb: 20 SDK_BIND_KICKED +1023ms
17:31:44 [DefaultDispatcher-worker-7] BlockchainServiceImpl - onCreate completed, processing onStartCommand
17:31:44 [DefaultDispatcher-worker-7] BLSJniLibrary - Initializing BLS JNI Library
17:31:44 [DefaultDispatcher-worker-7] BlockchainServiceImpl - service start command: Intent { cmp=hashengineering.darkcoin.wallet_test/de.schildbach.wallet.service.BlockchainServiceImpl }
17:31:44 [DefaultDispatcher-worker-7] BlockchainServiceImpl - .onStartCommand(Intent { cmp=hashengineering.darkcoin.wallet_test/de.schildbach.wallet.service.BlockchainServiceImpl }) finished
17:31:44 [DefaultDispatcher-worker-16] BlockchainServiceImpl - acquiring check() mutex
17:31:44 [DefaultDispatcher-worker-16] BlockchainServiceImpl - check()
17:31:44 [DefaultDispatcher-worker-16] BlockchainServiceImpl - cutover committed — holding the dashj L1 engine; SDK owns L1 this launch
17:31:44 [DefaultDispatcher-worker-16] BlockchainServiceImpl - releasing check() mutex
17:31:44 [DefaultDispatcher-worker-16] BlockchainServiceImpl - onCreate completed, processing onStartCommand
17:31:44 [DefaultDispatcher-worker-16] BLSJniLibrary - Initializing BLS JNI Library
17:31:44 [DefaultDispatcher-worker-16] BlockchainServiceImpl - service start command: Intent { act=de.schildbach.wallet.service.cancel_coins_received cmp=hashengineering.darkcoin.wallet_test/de.schildbach.wallet.service.BlockchainServiceImpl }
17:31:44 [DefaultDispatcher-worker-16] BlockchainServiceImpl - .onStartCommand(Intent { act=de.schildbach.wallet.service.cancel_coins_received cmp=hashengineering.darkcoin.wallet_test/de.schildbach.wallet.service.BlockchainServiceImpl }) finished
17:31:44 [DefaultDispatcher-worker-12] BlockchainServiceImpl - acquiring check() mutex
17:31:44 [DefaultDispatcher-worker-12] BlockchainServiceImpl - check()
17:31:44 [DefaultDispatcher-worker-12] BlockchainServiceImpl - cutover committed — holding the dashj L1 engine; SDK owns L1 this launch
17:31:44 [DefaultDispatcher-worker-12] BlockchainServiceImpl - releasing check() mutex
17:31:44 [DefaultDispatcher-worker-13] BlockchainServiceImpl - acquiring check() mutex
17:31:44 [DefaultDispatcher-worker-13] BlockchainServiceImpl - check()
17:31:44 [DefaultDispatcher-worker-13] BlockchainServiceImpl - cutover committed — holding the dashj L1 engine; SDK owns L1 this launch
17:31:44 [DefaultDispatcher-worker-13] BlockchainServiceImpl - releasing check() mutex
17:31:44 [DefaultDispatcher-worker-2] BlockchainServiceImpl - .onCreate() finished
17:31:44 [DefaultDispatcher-worker-9] SdkWalletBinder - SDK wallet bound; identity not yet registered — discovery deferred
17:31:44 [DefaultDispatcher-worker-9] StartupBreadcrumbs - STARTUP breadcrumb: 21 SDK_L1_ENGINE_STARTING +1031ms
17:31:44 [DefaultDispatcher-worker-14] ExploreSyncWorker - removed existing PiggyCards test data: 5 merchant(s), 5 provider(s)
17:31:44 [DefaultDispatcher-worker-14] ExploreSyncWorker - adding PiggyCards test merchants
17:31:44 [DefaultDispatcher-worker-4] DapiClient - searching for quorum: 6, 0000006e16bfdcb3a27255c4712ff302762874c532c3f9cf19a7e7610aaeeaba, 1556870
17:31:44 [DefaultDispatcher-worker-1] DapiClient - searching for quorum: 6, 0000006e16bfdcb3a27255c4712ff302762874c532c3f9cf19a7e7610aaeeaba, 1556870
17:31:44 [DefaultDispatcher-worker-8] DapiClient - searching for quorum: 6, 0000006e16bfdcb3a27255c4712ff302762874c532c3f9cf19a7e7610aaeeaba, 1556870
17:31:44 [DefaultDispatcher-worker-12] ExploreSyncWorker - PiggyCards test merchant added successfully
17:31:44 [DefaultDispatcher-worker-3] ShieldedBalanceServiceImpl - shielded runtime ready on SDK wallet e4c92342… (account 0, sync loop running)
17:31:44 [DefaultDispatcher-worker-5] Constants - <-- 200 https://rates.ctx.com/rates?source=ctx (468ms, unknown-length body)
17:31:44 [DefaultDispatcher-worker-2] ExchangeRatesRepository - exchange rates updated successfully with de.schildbach.wallet.rates.DashRetailClient@1ac7547
17:31:44 [DefaultDispatcher-worker-5] ExchangeRatesRepository - updateTrigger
17:31:44 [DefaultDispatcher-worker-4] SdkQuorumDataSource - SDK quorum keys refreshed: 24 fetched, 24 cached
17:31:44 [DefaultDispatcher-worker-8] DapiClient - searching for quorum: result: b3eeca0724788220f452791aae57360f1cd9a7a3416b39c089508fa26501f19cfe2cbfe0ab9eb6307d03669cfaccdacf
17:31:44 [DefaultDispatcher-worker-1] DapiClient - searching for quorum: result: b3eeca0724788220f452791aae57360f1cd9a7a3416b39c089508fa26501f19cfe2cbfe0ab9eb6307d03669cfaccdacf
17:31:44 [DefaultDispatcher-worker-4] DapiClient - searching for quorum: result: b3eeca0724788220f452791aae57360f1cd9a7a3416b39c089508fa26501f19cfe2cbfe0ab9eb6307d03669cfaccdacf
17:31:44 [DefaultDispatcher-worker-1] Platform - platform check: 871.1 ms
17:31:44 [DefaultDispatcher-worker-8] Platform - platform check: 872.9 ms
17:31:44 [DefaultDispatcher-worker-4] Platform - platform check: 874.3 ms
17:31:44 [DefaultDispatcher-worker-4] PlatformServiceImplementation - platform available 3 of 3: true
17:31:44 [main] MainViewModel - platform available: true; no identity creation is progress: true
17:31:44 [DefaultDispatcher-worker-8] BlockchainServiceImpl - network capabilities changed: 101, hasInternet: true, validated: true
17:31:44 [DefaultDispatcher-worker-1] BlockchainServiceImpl - acquiring check() mutex
17:31:44 [DefaultDispatcher-worker-1] BlockchainServiceImpl - check()
17:31:44 [DefaultDispatcher-worker-1] BlockchainServiceImpl - cutover committed — holding the dashj L1 engine; SDK owns L1 this launch
17:31:44 [DefaultDispatcher-worker-1] BlockchainServiceImpl - releasing check() mutex
17:31:46 [DefaultDispatcher-worker-9] L1ShadowSyncService - DashPay bring-up before SPV: status=NO_IDENTITY discovery=1 dashPaySyncRan=false drained=0 pending=0 elapsedMs=2818
17:31:47 [DefaultDispatcher-worker-5] L1ShadowSyncService - L1Parity probing suspended: the cutover is committed and the dashj engine is held, so its balance is frozen at the cutover snapshot — any comparison against it is a guaranteed MISMATCH that measures nothing. Turn on the Tools 'dashj sync (diagnostic)' toggle to un-hold dashj and resume probing.
17:31:47 [DefaultDispatcher-worker-5] L1ShadowSyncService - L1Parity cadence relaxing 10000ms -> 60000ms (cutover already committed)
17:31:47 [DefaultDispatcher-worker-13] L1ShadowSyncService - L1Shadow phase=CONNECTING 100.0% headers 1556870/1556870 filters 1556870/1556870 wallet 1556870
17:31:47 [DefaultDispatcher-worker-8] L1ShadowSyncService - L1 shadow SPV started for SDK wallet e4c92342… (dataDir=/data/user/0/hashengineering.darkcoin.wallet_test/files/l1_shadow_spv/testnet, default peer discovery); debug-only instrumentation — two SPV engines are now running
17:31:47 [main] HistoryHeaderAdapter - set invite, synced = true
17:31:47 [DefaultDispatcher-worker-8] StartupBreadcrumbs - STARTUP breadcrumb: 22 SDK_L1_ENGINE_STARTED +4234ms
17:31:47 [DefaultDispatcher-worker-8] StartupBreadcrumbs - STARTUP breadcrumb: 23 CUTOVER_SERVICES_STARTED +4235ms
17:31:47 [DefaultDispatcher-worker-6] L1ShadowSyncService - WalletHistoryFacts: oldestTx=2026-09-19T16:51:38Z height=1556858 count=4 dashjEarliestKeyTime=2015-03-29T06:36:00Z
17:31:47 [DefaultDispatcher-worker-1] L1ShadowSyncService - WalletBalanceFacts: total=100000000 accounts={bip44:100000000, bip32:0, coinjoin:0, identityRegistration:0, identityTopUpUnbound:0, identityInvitation:0, assetLockTopUp:0, assetLockShieldedTopUp:0, providerVoting:0, providerOwner:0, providerOperator:0, providerPlatform:0} confirmed=100000000 unconfirmed=0 txCount=4
17:31:48 [DefaultDispatcher-worker-9] MainViewModel - blockchain state update: mnlist=1556870; chain=1556870; wallet=-1
17:31:48 [main] BlockchainServiceImpl - cutover committed and SDK L1 scan synced — triggering identity/contacts discovery
17:31:48 [DefaultDispatcher-worker-9] BlockchainIdentityData - creation: BlockchainIdentityData(NONE, null, null, null, null, null)
17:31:48 [DefaultDispatcher-worker-9] PlatformSynchronizationService - discoverAndRecoverIdentity: checking for existing associated identity
17:31:48 [DefaultDispatcher-worker-9] SecurityGuard - loading security guard [healthy=true] with keys: [keystore_healthy, fallback_pin_wallet_password_key, primary_ui_pin_key, modern_encryption_migration_complete, fallback_mnemonic_wallet_password_key, primary_wallet_password_key, fallback_mnemonic_ui_pin_key]
17:31:48 [DefaultDispatcher-worker-9] ModernEncryptionProvider - Decrypted data for alias: wallet_password_key
17:31:48 [DefaultDispatcher-worker-14] TxDisplayCacheService - Sync complete (cutoverCommitted=true): SDK=4 records | dashj wallet=0 txs | group cache=0 txs/0 groups | display=4 rows — cache is complete (SDK holds 4 records, display has 4 rows)
17:31:48 [DefaultDispatcher-worker-9] KeyCrypterScrypt - Deriving key took 112.1 ms for N=65536, r=8, p=1.
17:31:48 [DefaultDispatcher-worker-9] DapiClient - getIdentityByFirstPublicKey(48ccf9a43eee96f92a0ca7f8dced9dc2630d05f2)
17:31:48 [DefaultDispatcher-worker-9] PlatformSynchronizationService - discoverAndRecoverIdentity: no existing identity found
17:31:48 [DefaultDispatcher-worker-9] PlatformSynchronizationService - identity-discovery guard released (no identity found) — a later discovery may run again
17:31:48 [DefaultDispatcher-worker-9] BlockchainServiceImpl - post-cutover identity discovery found nothing and the wallet has no identity — re-arming; next attempt no sooner than 120000 ms from now
17:31:48 [DefaultDispatcher-worker-2] PlatformSynchronizationService - TxMetadata publish: not publishing — saveToNetwork is OFF (per-device setting; the default for a new or restored install, and it does NOT travel with the wallet)
17:31:48 [DefaultDispatcher-worker-14] PlatformSynchronizationService - TxMetadata settings: saveToNetwork=false frequency=afterTenTransactions saveAfter=9223372036854775807 paymentCategory=false taxCategory=false exchangeRates=false memos=false giftCards=false storedDocuments=0
17:31:53 [DefaultDispatcher-worker-2] L1ShadowSyncService - L1Shadow phase=SYNCED 100.0% headers 1556870/1556870 filters 1556870/1556870 wallet 1556870
17:31:58 [main] SecurityGuard - loading security guard [healthy=true] with keys: [keystore_healthy, fallback_pin_wallet_password_key, primary_ui_pin_key, modern_encryption_migration_complete, fallback_mnemonic_wallet_password_key, primary_wallet_password_key, fallback_mnemonic_ui_pin_key]
17:31:58 [main] ModernEncryptionProvider - Decrypted data for alias: ui_pin_key
17:31:58 [main] BiometricHelper - No biometric credentials
17:32:00 [main] BlockchainServiceImpl - MEM pss=373MB nativeHeap=254/266MB jvm=22/576MB
17:32:13 [main] StartupBreadcrumbs - STARTUP breadcrumb: 13 LAUNCH_SURVIVED +30776ms
17:32:15 [DefaultDispatcher-worker-3] BlockchainServiceImpl - network capabilities changed: 101, hasInternet: true, validated: true
17:32:15 [DefaultDispatcher-worker-3] BlockchainServiceImpl - acquiring check() mutex
17:32:15 [DefaultDispatcher-worker-3] BlockchainServiceImpl - check()
17:32:15 [DefaultDispatcher-worker-3] BlockchainServiceImpl - cutover committed — holding the dashj L1 engine; SDK owns L1 this launch
17:32:15 [DefaultDispatcher-worker-3] BlockchainServiceImpl - releasing check() mutex
17:32:21 [DefaultDispatcher-worker-16] BlockchainServiceImpl - network capabilities changed: 101, hasInternet: true, validated: true
17:32:21 [DefaultDispatcher-worker-17] BlockchainServiceImpl - acquiring check() mutex
17:32:21 [DefaultDispatcher-worker-17] BlockchainServiceImpl - check()
17:32:21 [DefaultDispatcher-worker-17] BlockchainServiceImpl - cutover committed — holding the dashj L1 engine; SDK owns L1 this launch
17:32:21 [DefaultDispatcher-worker-17] BlockchainServiceImpl - releasing check() mutex
17:32:30 [DefaultDispatcher-worker-9] BlockchainServiceImpl - network capabilities changed: 101, hasInternet: true, validated: true
17:32:30 [DefaultDispatcher-worker-9] BlockchainServiceImpl - acquiring check() mutex
17:32:30 [DefaultDispatcher-worker-9] BlockchainServiceImpl - check()
17:32:30 [DefaultDispatcher-worker-9] BlockchainServiceImpl - cutover committed — holding the dashj L1 engine; SDK owns L1 this launch
17:32:30 [DefaultDispatcher-worker-9] BlockchainServiceImpl - releasing check() mutex
17:32:39 [DefaultDispatcher-worker-13] BlockchainServiceImpl - network capabilities changed: 101, hasInternet: true, validated: true
17:32:39 [DefaultDispatcher-worker-13] BlockchainServiceImpl - acquiring check() mutex
17:32:39 [DefaultDispatcher-worker-13] BlockchainServiceImpl - check()
17:32:39 [DefaultDispatcher-worker-13] BlockchainServiceImpl - cutover committed — holding the dashj L1 engine; SDK owns L1 this launch
17:32:39 [DefaultDispatcher-worker-13] BlockchainServiceImpl - releasing check() mutex
17:32:51 [DefaultDispatcher-worker-11] BlockchainServiceImpl - network capabilities changed: 101, hasInternet: true, validated: true
17:32:51 [DefaultDispatcher-worker-11] BlockchainServiceImpl - acquiring check() mutex
17:32:51 [DefaultDispatcher-worker-11] BlockchainServiceImpl - check()
17:32:51 [DefaultDispatcher-worker-11] BlockchainServiceImpl - cutover committed — holding the dashj L1 engine; SDK owns L1 this launch
17:32:51 [DefaultDispatcher-worker-11] BlockchainServiceImpl - releasing check() mutex
17:32:54 [main] BiometricHelper - No biometric credentials
17:32:54 [main] LockScreenActivity - fingerprint was disabled
17:32:54 [main] LockScreenActivity - LockState = ENTER_PIN
17:32:54 [DefaultDispatcher-worker-6] BlockchainServiceImpl - network capabilities changed: 101, hasInternet: true, validated: true
17:32:54 [DefaultDispatcher-worker-7] BlockchainServiceImpl - acquiring check() mutex
17:32:54 [DefaultDispatcher-worker-7] BlockchainServiceImpl - check()
17:32:54 [DefaultDispatcher-worker-7] BlockchainServiceImpl - cutover committed — holding the dashj L1 engine; SDK owns L1 this launch
17:32:54 [DefaultDispatcher-worker-7] BlockchainServiceImpl - releasing check() mutex
17:33:00 [main] BlockchainServiceImpl - MEM pss=370MB nativeHeap=253/266MB jvm=21/576MB
17:33:00 [main] BlockchainServiceImpl - History of transactions/blocks/headers/mnlistdiff (sdk): 0/0/0/0
17:33:13 [DefaultDispatcher-worker-6] L1ShadowSyncService - L1Shadow phase=SYNCED 100.0% headers 1556871/1556871 filters 1556870/1556870 wallet 1556870
17:33:13 [DefaultDispatcher-worker-3] MainViewModel - blockchain state update: mnlist=1556870; chain=1556871; wallet=-1
17:33:13 [DefaultDispatcher-worker-13] MainViewModel - blockchain state update: mnlist=1556870; chain=1556871; wallet=-1
17:33:14 [DefaultDispatcher-worker-13] L1ShadowSyncService - L1 engine chainlock height 0 -> 1556871
17:33:14 [DefaultDispatcher-worker-1] MainViewModel - blockchain state update: mnlist=1556870; chain=1556871; wallet=-1
17:33:15 [DefaultDispatcher-worker-1] MainViewModel - blockchain state update: mnlist=1556871; chain=1556871; wallet=-1
17:33:43 [native-log-bridge] DashSdkNative - --------- beginning of main
17:33:43 [native-log-bridge] DashSdkNative - 09-19 12:33:14.183 19597 19745 I DashSDK : platform_wallet::changeset::core_bridge: wallet-event batch: folded=1 wallets=1 synced_height_persisted=None synced_height_frozen=None synced_height_rejected=None faulted=0
17:33:43 [native-log-bridge] DashSdkNative - 09-19 12:33:34.392 19597 19745 I DashSDK : platform_wallet::changeset::core_bridge: wallet-event batch: folded=1 wallets=1 synced_height_persisted=Some(1556871) synced_height_frozen=None synced_height_rejected=None faulted=0
17:34:00 [main] BlockchainServiceImpl - MEM pss=368MB nativeHeap=247/265MB jvm=20/576MB
17:34:00 [main] BlockchainServiceImpl - History of transactions/blocks/headers/mnlistdiff (sdk): 0/1/1/1, 0/0/0/0
17:34:09 [DefaultDispatcher-worker-7] BlockchainServiceImpl - network capabilities changed: 101, hasInternet: true, validated: true
17:34:09 [DefaultDispatcher-worker-7] BlockchainServiceImpl - acquiring check() mutex
17:34:09 [DefaultDispatcher-worker-7] BlockchainServiceImpl - check()
17:34:09 [DefaultDispatcher-worker-7] BlockchainServiceImpl - cutover committed — holding the dashj L1 engine; SDK owns L1 this launch
17:34:09 [DefaultDispatcher-worker-7] BlockchainServiceImpl - releasing check() mutex
17:34:09 [main] BlockchainServiceImpl - cutover committed and SDK L1 scan synced — triggering identity/contacts discovery
17:34:09 [DefaultDispatcher-worker-8] BlockchainIdentityData - creation: BlockchainIdentityData(NONE, null, null, null, null, null)
17:34:09 [DefaultDispatcher-worker-8] PlatformSynchronizationService - discoverAndRecoverIdentity: checking for existing associated identity
17:34:09 [DefaultDispatcher-worker-8] SecurityGuard - loading security guard [healthy=true] with keys: [keystore_healthy, fallback_pin_wallet_password_key, primary_ui_pin_key, modern_encryption_migration_complete, fallback_mnemonic_wallet_password_key, primary_wallet_password_key, fallback_mnemonic_ui_pin_key]
17:34:09 [DefaultDispatcher-worker-8] ModernEncryptionProvider - Decrypted data for alias: wallet_password_key
17:34:10 [DefaultDispatcher-worker-8] KeyCrypterScrypt - Deriving key took 98.78 ms for N=65536, r=8, p=1.
17:34:10 [DefaultDispatcher-worker-8] DapiClient - getIdentityByFirstPublicKey(48ccf9a43eee96f92a0ca7f8dced9dc2630d05f2)
17:34:11 [DefaultDispatcher-worker-8] PlatformSynchronizationService - discoverAndRecoverIdentity: no existing identity found
17:34:11 [DefaultDispatcher-worker-8] PlatformSynchronizationService - identity-discovery guard released (no identity found) — a later discovery may run again
17:34:11 [DefaultDispatcher-worker-8] BlockchainServiceImpl - post-cutover identity discovery found nothing and the wallet has no identity — re-arming; next attempt no sooner than 120000 ms from now
17:34:11 [DefaultDispatcher-worker-3] PlatformSynchronizationService - TxMetadata settings: saveToNetwork=false frequency=afterTenTransactions saveAfter=9223372036854775807 paymentCategory=false taxCategory=false exchangeRates=false memos=false giftCards=false storedDocuments=0
17:34:13 [DefaultDispatcher-worker-9] BlockchainServiceImpl - network capabilities changed: 101, hasInternet: true, validated: true
17:34:13 [DefaultDispatcher-worker-9] BlockchainServiceImpl - acquiring check() mutex
17:34:13 [DefaultDispatcher-worker-9] BlockchainServiceImpl - check()
17:34:13 [DefaultDispatcher-worker-9] BlockchainServiceImpl - cutover committed — holding the dashj L1 engine; SDK owns L1 this launch
17:34:13 [DefaultDispatcher-worker-9] BlockchainServiceImpl - releasing check() mutex
17:34:40 [main] SecurityGuard - loading security guard [healthy=true] with keys: [keystore_healthy, fallback_pin_wallet_password_key, primary_ui_pin_key, modern_encryption_migration_complete, fallback_mnemonic_wallet_password_key, primary_wallet_password_key, fallback_mnemonic_ui_pin_key]
17:34:40 [main] ModernEncryptionProvider - Decrypted data for alias: ui_pin_key
17:34:40 [main] BiometricHelper - No biometric credentials
17:34:46 [DefaultDispatcher-worker-6] BlockchainServiceImpl - network capabilities changed: 101, hasInternet: true, validated: true
17:34:46 [DefaultDispatcher-worker-6] BlockchainServiceImpl - acquiring check() mutex
17:34:46 [DefaultDispatcher-worker-6] BlockchainServiceImpl - check()
17:34:46 [DefaultDispatcher-worker-6] BlockchainServiceImpl - cutover committed — holding the dashj L1 engine; SDK owns L1 this launch
17:34:46 [DefaultDispatcher-worker-6] BlockchainServiceImpl - releasing check() mutex
17:34:47 [main] WalletActivityTracker - activity lifecycle: current: MainActivity, activities: 1 visible: 1 foreground: 0
17:34:47 [main] WalletActivityTracker - activity lifecycle: current: MainActivity, activities: 1 visible: 1 foreground: 1
17:34:47 [main] DeviceInfoProvider - Detecting currency based on device, mobile network or locale:
17:34:47 [main] DeviceInfoProvider - Device Sim Country: us
17:34:47 [main] MainViewModel - Updating currency exchange rate based on country: US
17:34:47 [main] BlockchainServiceImpl - .onStartCommand(Intent { act=de.schildbach.wallet.service.cancel_coins_received cmp=hashengineering.darkcoin.wallet_test/de.schildbach.wallet.service.BlockchainServiceImpl })
17:34:47 [DefaultDispatcher-worker-4] BlockchainServiceImpl - onStartCommand waiting for onCreate to complete...
17:34:47 [DefaultDispatcher-worker-4] BlockchainServiceImpl - onCreate completed, processing onStartCommand
17:34:47 [DefaultDispatcher-worker-4] BLSJniLibrary - Initializing BLS JNI Library
17:34:47 [DefaultDispatcher-worker-4] BlockchainServiceImpl - service start command: Intent { act=de.schildbach.wallet.service.cancel_coins_received cmp=hashengineering.darkcoin.wallet_test/de.schildbach.wallet.service.BlockchainServiceImpl }
17:34:47 [DefaultDispatcher-worker-4] BlockchainServiceImpl - .onStartCommand(Intent { act=de.schildbach.wallet.service.cancel_coins_received cmp=hashengineering.darkcoin.wallet_test/de.schildbach.wallet.service.BlockchainServiceImpl }) finished
17:34:49 [DefaultDispatcher-worker-5] BlockchainServiceImpl - network capabilities changed: 101, hasInternet: true, validated: true
17:34:49 [DefaultDispatcher-worker-5] BlockchainServiceImpl - acquiring check() mutex
17:34:49 [DefaultDispatcher-worker-5] BlockchainServiceImpl - check()
17:34:49 [DefaultDispatcher-worker-5] BlockchainServiceImpl - cutover committed — holding the dashj L1 engine; SDK owns L1 this launch
17:34:49 [DefaultDispatcher-worker-5] BlockchainServiceImpl - releasing check() mutex
17:34:52 [main] BlockchainIdentityData - creation: BlockchainIdentityData(NONE, null, null, null, null, null)
17:34:52 [main] BlockchainIdentityData - creation: BlockchainIdentityData(NONE, null, null, null, null, null)
17:34:52 [main] BlockchainIdentityData - creation: BlockchainIdentityData(NONE, null, null, null, null, null)
17:34:57 [main] BiometricHelper - No biometric credentials
17:34:57 [main] BiometricHelper - No biometric credentials
17:34:57 [main] BiometricHelper - No biometric credentials
17:34:57 [main] BlockchainIdentityData - creation: BlockchainIdentityData(NONE, null, null, null, null, null)
17:34:57 [DefaultDispatcher-worker-13] Constants - --> GET https://rates.ctx.com/rates?source=ctx
17:34:57 [DefaultDispatcher-worker-13] Constants - <-- 200 https://rates.ctx.com/rates?source=ctx (79ms, unknown-length body)
17:34:57 [DefaultDispatcher-worker-12] ExchangeRatesRepository - exchange rates updated successfully with de.schildbach.wallet.rates.DashRetailClient@1ac7547
17:34:57 [DefaultDispatcher-worker-12] ExchangeRatesRepository - updateTrigger
17:35:00 [main] BlockchainServiceImpl - MEM pss=380MB nativeHeap=257/273MB jvm=25/576MB
17:35:00 [main] BlockchainServiceImpl - History of transactions/blocks/headers/mnlistdiff (sdk): 0/0/0/0, 0/1/1/1, 0/0/0/0
17:35:04 [DefaultDispatcher-worker-3] L1ShadowSyncService - L1Shadow phase=FILTERS 100.0% headers 1556872/1556872 filters 1556871/1556872 wallet 1556871
17:35:04 [DefaultDispatcher-worker-2] MainViewModel - blockchain state update: mnlist=1556872; chain=1556872; wallet=-1
17:35:04 [DefaultDispatcher-worker-2] L1ShadowSyncService - L1 engine chainlock height 1556871 -> 1556872
17:35:04 [DefaultDispatcher-worker-2] MainViewModel - blockchain state update: mnlist=1556872; chain=1556872; wallet=-1
17:35:05 [DefaultDispatcher-worker-9] L1ShadowSyncService - L1Shadow phase=SYNCED 100.0% headers 1556872/1556872 filters 1556872/1556872 wallet 1556872
17:35:05 [DefaultDispatcher-worker-11] MainViewModel - blockchain state update: mnlist=1556872; chain=1556872; wallet=-1
17:35:07 [main] WalletApplication - Removing all the data and restarting the app.
17:35:07 [main] AppRestartService - perform restart on application context: true
17:35:07 [main] WalletActivityTracker - activity lifecycle: current: MainActivity, activities: 1 visible: 1 foreground: 0
17:35:07 [main] BlockchainServiceImpl - .onStartCommand(Intent { act=de.schildbach.wallet.service.wipe_wallet cmp=hashengineering.darkcoin.wallet_test/de.schildbach.wallet.service.BlockchainServiceImpl })
17:35:07 [DefaultDispatcher-worker-8] BlockchainServiceImpl - onStartCommand waiting for onCreate to complete...
17:35:07 [DefaultDispatcher-worker-8] BlockchainServiceImpl - onCreate completed, processing onStartCommand
17:35:07 [DefaultDispatcher-worker-8] BLSJniLibrary - Initializing BLS JNI Library
17:35:07 [DefaultDispatcher-worker-8] BlockchainServiceImpl - service start command: Intent { act=de.schildbach.wallet.service.wipe_wallet cmp=hashengineering.darkcoin.wallet_test/de.schildbach.wallet.service.BlockchainServiceImpl }
17:35:07 [DefaultDispatcher-worker-8] BlockchainServiceImpl - will remove blockchain and delete walletFile on service shutdown
17:35:07 [DefaultDispatcher-worker-8] BlockchainServiceImpl - .onStartCommand(Intent { act=de.schildbach.wallet.service.wipe_wallet cmp=hashengineering.darkcoin.wallet_test/de.schildbach.wallet.service.BlockchainServiceImpl }) finished
17:35:07 [main] WalletActivityTracker - activity lifecycle: activity OnboardingActivity created
17:35:07 [main] WalletActivityTracker - activity lifecycle: current: OnboardingActivity, activities: 2 visible: 1 foreground: 0
17:35:07 [main] OnboardingActivity - reset in progress — holding onboarding until the wipe finishes
17:35:07 [main] WalletActivityTracker - activity lifecycle: current: OnboardingActivity, activities: 2 visible: 2 foreground: 0
17:35:07 [main] WalletActivityTracker - activity lifecycle: current: OnboardingActivity, activities: 2 visible: 2 foreground: 1
17:35:07 [main] BlockchainServiceImpl - .onDestroy()
17:35:07 [main] BlockchainServiceImpl - receivers unregistered, Now starting coroutine to finish the rest of the cleanup
17:35:07 [main] BlockchainServiceImpl - service was up for 3 minutes
17:35:07 [DefaultDispatcher-worker-13] BlockchainServiceImpl - The onCreateCompleted is active: false
17:35:07 [DefaultDispatcher-worker-13] BlockchainServiceImpl - The check() mutex is locked: false
17:35:07 [DefaultDispatcher-worker-13] BlockchainServiceImpl - Created new cleanupDeferred for coordination (previous was null)
17:35:07 [DefaultDispatcher-worker-13] BlockchainServiceImpl - detaching from wallet
17:35:07 [DefaultDispatcher-worker-13] WalletApplication - last used 3 minutes ago, rescheduling blockchain sync in roughly 15 minutes
17:35:07 [DefaultDispatcher-worker-13] WalletApplication - ALARM-DIAG armed reason=periodic-15min firstFireInMinutes=15 repeat=1440min exact=false batteryOptimisationExempt=false - if no matching 'started by alarm' line follows, the background FGS start was refused
17:35:07 [DefaultDispatcher-worker-13] BlockchainServiceImpl - stop monitoring 0 old transactions
17:35:07 [DefaultDispatcher-worker-3] L1ShadowSyncService - L1Shadow progress monitor cancelled (StandaloneCoroutine was cancelled)
17:35:07 [DefaultDispatcher-worker-3] L1ShadowSyncService - L1Shadow parity probe loop cancelled (StandaloneCoroutine was cancelled)
17:35:07 [DefaultDispatcher-worker-3] L1ShadowSyncService - L1Shadow probe watchdog cancelled (StandaloneCoroutine was cancelled)
17:35:07 [DefaultDispatcher-worker-3] L1ShadowSyncService - L1Shadow wallet-event tap cancelled (StandaloneCoroutine was cancelled)
17:35:07 [DefaultDispatcher-worker-13] L1ShadowSyncService - L1ShadowLifecycle watermark at stop: durable syncedHeight 1556872 covers the committed cursor 1556872 (filter 1556872)
17:35:07 [DefaultDispatcher-worker-13] L1ShadowSyncService - L1ShadowLifecycle STOPPED after 3m20s up; all four loops torn down (progress monitor, parity probe, watchdog, wallet-event tap); teardown #1 this process. Nothing runs until the next startIfEnabled().
17:35:07 [DefaultDispatcher-worker-13] BlockchainServiceImpl - CLEANUP STEP 5: About to stop peerConnectivityListener
17:35:07 [DefaultDispatcher-worker-13] BlockchainServiceImpl - CLEANUP STEP 5: peerConnectivityListener stopped
17:35:07 [DefaultDispatcher-worker-13] BlockchainServiceImpl - CLEANUP STEP 6: delayHandler callbacks cleared
17:35:07 [DefaultDispatcher-worker-13] BlockchainServiceImpl - closing blockchain stores
17:35:07 [DefaultDispatcher-worker-13] BlockchainServiceImpl - removing blockchain
17:35:07 [DefaultDispatcher-worker-13] AbstractQuorumState - resetting masternode list; force: true, requestFreshList: false
17:35:07 [DefaultDispatcher-worker-13] AbstractQuorumState - resetting masternode list; force: true, requestFreshList: false
17:35:07 [DefaultDispatcher-worker-13] BlockchainServiceImpl - removing wallet file and app data
17:35:07 [main] WalletApplication - removing wallet from memory during wipe
17:35:07 [DefaultDispatcher-worker-13] WalletObserver - observing transactions stop: de.schildbach.wallet.transactions.WalletObserver@2ea50c1
17:35:07 [DefaultDispatcher-worker-13] WalletObserver - Error setting up transaction observation
kotlinx.coroutines.flow.internal.ChildCancelledException: Child of the scoped flow was cancelled
17:35:07 [DefaultDispatcher-worker-9] WalletApplication - last used 3 minutes ago, rescheduling blockchain sync in roughly 15 minutes
17:35:07 [DefaultDispatcher-worker-9] WalletApplication - ALARM-DIAG armed reason=periodic-15min firstFireInMinutes=15 repeat=1440min exact=false batteryOptimisationExempt=false - if no matching 'started by alarm' line follows, the background FGS start was refused
17:35:07 [main] WalletActivityTracker - activity lifecycle: current: MainActivity, activities: 2 visible: 1 foreground: 1
17:35:07 [main] WalletActivityTracker - activity lifecycle: activity MainActivity destroyed
17:35:07 [main] WalletActivityTracker - activity lifecycle: current: MainActivity, activities: 1 visible: 1 foreground: 1
17:35:07 [DefaultDispatcher-worker-13] SdkBlockchainStateService - cutover rolled back — clearing SDK-derived BlockchainState
17:35:07 [DefaultDispatcher-worker-12] WalletApplication - datastore preferences cleared; api-cleared: [maya.preferences_pb, explore.preferences_pb, uphold.preferences_pb, coinbase.preferences_pb, crowdnode.preferences_pb, blockchain_service.preferences_pb, platform-identity.preferences_pb, security_backup.preferences_pb, exchange_rates_config.preferences_pb, dashpay.preferences_pb, wallet_ui.preferences_pb], file-deleted: [org.dashfoundation.wallet.secrets.preferences_pb]
17:35:07 [DefaultDispatcher-worker-12] CrowdNodeApiAggregator - reset is triggered
17:35:07 [DefaultDispatcher-worker-1] MayaApiAggregator - reset is triggered
17:35:08 [DefaultDispatcher-worker-12] SecurityGuard - loading security guard [healthy=true] with keys: [keystore_healthy, fallback_pin_wallet_password_key, primary_ui_pin_key, modern_encryption_migration_complete, fallback_mnemonic_wallet_password_key, primary_wallet_password_key, fallback_mnemonic_ui_pin_key]
17:35:08 [DefaultDispatcher-worker-12] SecurityGuard - removing security keys
17:35:08 [DefaultDispatcher-worker-12] ModernEncryptionProvider - deleting ui_pin_key
17:35:08 [DefaultDispatcher-worker-12] ModernEncryptionProvider - deleting wallet_password_key
17:35:08 [main] SecurityGuard - Notifying 2 health listeners of status change: HEALTHY
17:35:08 [main] SecurityGuard - Notifying 2 health listeners of status change: HEALTHY
17:35:08 [main] SecurityGuard - Notifying 2 health listeners of status change: HEALTHY
17:35:08 [main] SecurityGuard - Notifying 2 health listeners of status change: HEALTHY
17:35:08 [main] SecurityGuard - Notifying 2 health listeners of status change: HEALTHY
17:35:08 [DefaultDispatcher-worker-12] SecurityGuard - Cleared DataStore backups
17:35:08 [DefaultDispatcher-worker-12] PlatformSynchronizationService - stopping the platform sync machinery for a wallet reset/rescan
17:35:08 [DefaultDispatcher-worker-12] PlatformSynchronizationService - platform sync machinery stopped
17:35:08 [DefaultDispatcher-worker-12] L1ShadowSyncService - wallet-wipe SDK cleanup for wallet e4c92342: stopping shadow + shielded sync, removing the SDK wallet (full cascade), deleting the SPV dataDir, clearing the binder latch — NO rebind (the next wallet setup binds fresh). SDK-side state only; dashj is untouched
17:35:08 [DefaultDispatcher-worker-12] DashSdkServiceImpl - removing SDK wallet e4c92342… — full persistence cascade (Room wallet/identity/TXO/address/shielded rows, Keystore-backed identity keys and mnemonic, native wallet handle); dashj state is untouched and the next bind re-creates the same deterministic wallet id from the app seed
17:35:08 [DefaultDispatcher-worker-12] DashSdkServiceImpl - SDK wallet e4c92342… removed
17:35:08 [DefaultDispatcher-worker-12] L1ShadowSyncService - L1 shadow hard reset: deleted SPV dataDir /data/user/0/hashengineering.darkcoin.wallet_test/files/l1_shadow_spv/testnet (133 files) — header store and scan watermark gone; the restart re-scans from the wallet's birth height
17:35:08 [DefaultDispatcher-worker-12] SdkWalletBinder - binder state reset for SDK wallet re-creation: bound wallet id and success latch cleared — the next binding trigger runs a full bind + discovery pass
17:35:08 [DefaultDispatcher-worker-12] L1ShadowSyncService - wallet-wipe SDK cleanup complete for wallet e4c92342: the next wallet binds fresh
17:35:08 [DefaultDispatcher-worker-12] IdentityRepository - clearing databases (includeInvitations = true)
17:35:08 [DefaultDispatcher-worker-6] BlockchainIdentityConfig - clearing data
17:35:08 [DefaultDispatcher-worker-10] DashPayConfig - debug SDK flag seeding: seeded ON = [use_kotlin_sdk_dpns_reads, use_kotlin_sdk_dashpay_writes, use_kotlin_sdk_shielded, use_kotlin_sdk_l1_invite, use_kotlin_sdk_l1_shadow], already set (skipped) = []
17:35:08 [DefaultDispatcher-worker-10] WalletApplicationExt - databases cleared (isWalletWipe = true)
17:35:08 [main] OnboardingActivity - reset finished — re-running the onboarding routing
17:35:08 [DefaultDispatcher-worker-6] BlockchainServiceImpl - closing bootstrap streams
17:35:08 [DefaultDispatcher-worker-6] BlockchainServiceImpl - serviceJob cancelled after 3 minutes
17:35:08 [main] WalletActivityTracker - activity lifecycle: current: OnboardingActivity, activities: 1 visible: 1 foreground: 0
17:35:08 [main] WalletActivityTracker - activity lifecycle: OnboardingActivity stopped for a configuration change — not treating it as background
17:35:08 [main] WalletActivityTracker - activity lifecycle: current: OnboardingActivity, activities: 1 visible: 0 foreground: 0
17:35:08 [main] WalletActivityTracker - activity lifecycle: activity OnboardingActivity destroyed
17:35:08 [main] WalletActivityTracker - activity lifecycle: current: OnboardingActivity, activities: 0 visible: 0 foreground: 0
17:35:08 [main] WalletActivityTracker - activity lifecycle: app closed
17:35:08 [main] WalletActivityTracker - activity lifecycle: app started
17:35:08 [main] WalletActivityTracker - activity lifecycle: activity OnboardingActivity created
17:35:08 [main] WalletActivityTracker - activity lifecycle: current: OnboardingActivity, activities: 1 visible: 0 foreground: 0
17:35:08 [main] WalletActivityTracker - activity lifecycle: current: OnboardingActivity, activities: 1 visible: 1 foreground: 0
17:35:08 [main] WalletActivityTracker - activity lifecycle: current: OnboardingActivity, activities: 1 visible: 1 foreground: 1
17:35:13 [native-log-bridge] DashSdkNative - 09-19 12:35:04.257 19597 19744 I DashSDK : platform_wallet::changeset::core_bridge: wallet-event batch: folded=1 wallets=1 synced_height_persisted=None synced_height_frozen=None synced_height_rejected=None faulted=0
17:35:13 [native-log-bridge] DashSdkNative - 09-19 12:35:04.279 19597 19744 I DashSDK : platform_wallet::changeset::core_bridge: wallet-event batch: folded=1 wallets=1 synced_height_persisted=Some(1556872) synced_height_frozen=None synced_height_rejected=None faulted=0
17:35:34 [main] WalletActivityTracker - activity lifecycle: current: OnboardingActivity, activities: 1 visible: 1 foreground: 0
17:35:34 [main] WalletActivityTracker - activity lifecycle: activity RestoreWalletFromSeedActivity created
17:35:34 [main] WalletActivityTracker - activity lifecycle: current: RestoreWalletFromSeedActivity, activities: 2 visible: 1 foreground: 0
17:35:34 [main] SecurityGuard - loading security guard [healthy=true] with keys: [keystore_healthy, modern_encryption_migration_complete]
17:35:34 [main] WalletActivityTracker - activity lifecycle: current: RestoreWalletFromSeedActivity, activities: 2 visible: 2 foreground: 0
17:35:34 [main] WalletActivityTracker - activity lifecycle: current: RestoreWalletFromSeedActivity, activities: 2 visible: 2 foreground: 1
17:35:34 [main] WalletActivityTracker - activity lifecycle: current: OnboardingActivity, activities: 2 visible: 1 foreground: 1
17:35:49 [DefaultDispatcher-worker-13] MnemonicCode - PBKDF2 took 17.24 ms
17:35:49 [DefaultDispatcher-worker-13] Context - Performing thread fixup: you are accessing dashj via a thread that has not had any context set on it.
17:35:49 [DefaultDispatcher-worker-13] Context - This error has been corrected for, but doing this makes your app less robust.
17:35:49 [DefaultDispatcher-worker-13] Context - You should use Context.propagate() or a ContextPropagatingThreadFactory.
17:35:49 [DefaultDispatcher-worker-13] Context - Please refer to the user guide for more information about this.
17:35:49 [DefaultDispatcher-worker-13] Context - Thread name is DefaultDispatcher-worker-13.
17:35:49 [DefaultDispatcher-worker-9] BLSJniLibrary - Initializing BLS JNI Library
17:35:49 [DefaultDispatcher-worker-9] TxDisplayCacheService - rebuildWrappedList: 0 raw txs → 0 wrappers → 0 sorted | getTransactions=0ms wrapAll=0ms sort=0ms total=0ms
17:35:49 [DefaultDispatcher-worker-13] AnyKeyChainGroup - Activating a new HD chain: AuthenticationKeyChain{BLOCKCHAIN_IDENTITY, ECDSA, P2PKH, accountPath=[9H, 1H, 5H, 0H, 0H, 0H], lookaheadSize=0, lookaheadThreshold=0}
17:35:49 [DefaultDispatcher-worker-13] AnyKeyChainGroup - Activating a new HD chain: AuthenticationKeyChain{BLOCKCHAIN_IDENTITY_FUNDING, ECDSA, P2PKH, accountPath=[9H, 1H, 5H, 1H], lookaheadSize=5, lookaheadThreshold=5}
17:35:49 [DefaultDispatcher-worker-5] TxDisplayCacheService - updateDisplayCache: 0 rows in 1ms
17:35:49 [DefaultDispatcher-worker-5] TxDisplayCacheService - STARTUP rebuildWrappedList DONE (_transactionsLoaded=true) at 1789839349734
17:35:49 [DefaultDispatcher-worker-5] WalletObserver - observing transactions start de.schildbach.wallet.transactions.WalletObserver@7cbf70f
17:35:49 [DefaultDispatcher-worker-5] BLSJniLibrary - Initializing BLS JNI Library
17:35:49 [DefaultDispatcher-worker-13] AnyKeyChainGroup - Activating a new HD chain: AuthenticationKeyChain{MASTERNODE_OWNER, ECDSA, P2PKH, accountPath=[9H, 1H, 3H, 2H], lookaheadSize=5, lookaheadThreshold=5}
17:35:49 [dashj user thread] BLSJniLibrary - Initializing BLS JNI Library
17:35:49 [DefaultDispatcher-worker-13] AnyKeyChainGroup - Activating a new HD chain: AuthenticationKeyChain{MASTERNODE_OPERATOR, BLS, P2PKH, accountPath=[9H, 1H, 3H, 3H], lookaheadSize=5, lookaheadThreshold=5}
17:35:49 [DefaultDispatcher-worker-13] AnyKeyChainGroup - Activating a new HD chain: AuthenticationKeyChain{MASTERNODE_VOTING, ECDSA, P2PKH, accountPath=[9H, 1H, 3H, 1H], lookaheadSize=5, lookaheadThreshold=5}
17:35:49 [DefaultDispatcher-worker-13] AnyKeyChainGroup - Activating a new HD chain: AuthenticationKeyChain{BLOCKCHAIN_IDENTITY_TOPUP, ECDSA, P2PKH, accountPath=[9H, 1H, 5H, 2H], lookaheadSize=5, lookaheadThreshold=5}
17:35:49 [DefaultDispatcher-worker-13] AnyKeyChainGroup - Activating a new HD chain: AuthenticationKeyChain{INVITATION_FUNDING, ECDSA, P2PKH, accountPath=[9H, 1H, 5H, 3H], lookaheadSize=5, lookaheadThreshold=5}
17:35:49 [DefaultDispatcher-worker-13] AnyKeyChainGroup - Activating a new HD chain: AuthenticationKeyChain{MASTERNODE_PLATFORM_OPERATOR, EdDSA, P2PKH, accountPath=[9H, 1H, 3H, 4H], lookaheadSize=0, lookaheadThreshold=0}
17:35:49 [DefaultDispatcher-worker-13] AnyKeyChainGroup - Activating a new HD chain: AnyDeterministicKeyChain{ECDSA, P2PKH, accountPath=[9H, 1H, 4H, 0H], lookaheadSize=100, lookaheadThreshold=33}
17:35:49 [DefaultDispatcher-worker-13] RestoreWalletFromSeedViewModel - successfully restored wallet from seed
17:35:49 [main] WalletActivityTracker - activity lifecycle: current: RestoreWalletFromSeedActivity, activities: 2 visible: 1 foreground: 0
17:35:49 [DefaultDispatcher-worker-5] CutoverUiDataService - cutover committed — serving home-screen data from the SDK
17:35:49 [DefaultDispatcher-worker-2] CutoverCoordinator - cutover state DUAL_RUNNING -> CUT_OVER (fresh-wallet setup (restore/new))
17:35:49 [DefaultDispatcher-worker-12] SdkBlockchainStateService - cutover committed — deriving BlockchainState from the SDK SPV feed
17:35:49 [DefaultDispatcher-worker-4] CutoverTxSeamService - cutover committed — priming the SDK seam tx feed
17:35:49 [DefaultDispatcher-worker-5] CutoverUiDataService - cutover UI pipelines waiting for a SINGLE bound SDK wallet (none, or more than one loaded — post-reset orphan not pruned yet, or a failed bind pending retry?); retrying every 5000ms
17:35:49 [main] WalletActivityTracker - activity lifecycle: activity SetPinActivity created
17:35:49 [main] WalletActivityTracker - activity lifecycle: current: SetPinActivity, activities: 3 visible: 1 foreground: 0
17:35:49 [main] SecurityGuard - loading security guard [healthy=true] with keys: [keystore_healthy, modern_encryption_migration_complete]
17:35:49 [main] SecurityGuard - loading security guard [healthy=true] with keys: [keystore_healthy, modern_encryption_migration_complete]
17:35:49 [main] WalletActivityTracker - activity lifecycle: current: SetPinActivity, activities: 3 visible: 2 foreground: 0
17:35:49 [main] WalletActivityTracker - activity lifecycle: current: SetPinActivity, activities: 3 visible: 2 foreground: 1
17:35:51 [main] WalletActivityTracker - activity lifecycle: current: RestoreWalletFromSeedActivity, activities: 3 visible: 1 foreground: 1
17:36:21 [main] SecurityGuard - removing security keys
17:36:21 [main] ModernEncryptionProvider - deleting ui_pin_key
17:36:21 [main] ModernEncryptionProvider - deleting wallet_password_key
17:36:21 [main] SecurityGuard - Cleared DataStore backups
17:36:21 [main] ModernEncryptionProvider - key store does not have ui_pin_key, but has android.security.keystore2.AndroidKeyStoreSpi$KeyEntriesEnumerator@c136f8, generating new key. Stack trace:
  at dalvik.system.VMStack.getThreadStackTrace(Native Method)
  at java.lang.Thread.getStackTrace(Thread.java:1841)
  at de.schildbach.wallet.security.ModernEncryptionProvider.getSecretKey(ModernEncryptionProvider.kt:175)
  at de.schildbach.wallet.security.ModernEncryptionProvider.encrypt(ModernEncryptionProvider.kt:79)
  at de.schildbach.wallet.security.DualFallbackEncryptionProvider.encrypt(DualFallbackEncryptionProvider.kt:85)
  at de.schildbach.wallet.security.SecurityGuard.validateKeyIntegrity(SecurityGuard.java:307)
  at de.schildbach.wallet.security.SecurityGuard.savePin(SecurityGuard.java:262)
  at de.schildbach.wallet.livedata.EncryptWalletLiveData.savePin(EncryptWalletLiveData.kt:106)
  at de.schildbach.wallet.ui.SetPinViewModel.savePinAndEncrypt(SetPinViewModel.kt:74)
  at de.schildbach.wallet.ui.SetPinViewModel.savePinAndEncrypt(SetPinViewModel.kt:65)
  at de.schildbach.wallet.ui.SetPinActivity$nextStep$submit$1.run(SetPinActivity.kt:289)
  at android.os.Handler.handleCallback(Handler.java:959)
  at android.os.Handler.dispatchMessage(Handler.java:100)
  at android.os.Looper.loopOnce(Looper.java:232)
  at android.os.Looper.loop(Looper.java:317)
  at android.app.ActivityThread.main(ActivityThread.java:8705)
  at java.lang.reflect.Method.invoke(Native Method)
  at com.android.internal.os.RuntimeInit$MethodAndArgsCaller.run(RuntimeInit.java:580)
  at com.android.internal.os.ZygoteInit.main(ZygoteInit.java:886)
17:36:21 [main] SecurityGuard - Notifying 3 health listeners of status change: HEALTHY
17:36:21 [main] ModernEncryptionProvider - Decrypted data for alias: ui_pin_key
17:36:21 [main] SecurityGuard - Notifying 3 health listeners of status change: HEALTHY
17:36:21 [main] ModernEncryptionProvider - Decrypted data for alias: ui_pin_key
17:36:22 [main] MnemonicBasedKeyProvider - Derived key from mnemonic for alias: ui_pin_key
17:36:22 [main] SecurityGuard - Notifying 3 health listeners of status change: HEALTHY
17:36:22 [main] DualFallbackEncryptionProvider - Added mnemonic-fallback for ui_pin_key
17:36:22 [AsyncTask #1] BLSJniLibrary - Initializing BLS JNI Library
17:36:22 [AsyncTask #1] KeyCrypterScrypt - Deriving key took 390.6 ms for N=65536, r=8, p=1.
17:36:22 [AsyncTask #1] ModernEncryptionProvider - key store does not have wallet_password_key, but has android.security.keystore2.AndroidKeyStoreSpi$KeyEntriesEnumerator@ec85ecc, generating new key. Stack trace:
  at dalvik.system.VMStack.getThreadStackTrace(Native Method)
  at java.lang.Thread.getStackTrace(Thread.java:1841)
  at de.schildbach.wallet.security.ModernEncryptionProvider.getSecretKey(ModernEncryptionProvider.kt:175)
  at de.schildbach.wallet.security.ModernEncryptionProvider.encrypt(ModernEncryptionProvider.kt:79)
  at de.schildbach.wallet.security.DualFallbackEncryptionProvider.encrypt(DualFallbackEncryptionProvider.kt:85)
  at de.schildbach.wallet.security.SecurityGuard.validateKeyIntegrity(SecurityGuard.java:307)
  at de.schildbach.wallet.security.SecurityGuard.savePassword(SecurityGuard.java:204)
  at de.schildbach.wallet.livedata.EncryptWalletLiveData$EncryptWalletTask.doInBackground$lambda$0(EncryptWalletLiveData.kt:188)
  at de.schildbach.wallet.livedata.EncryptWalletLiveData$EncryptWalletTask.$r8$lambda$0CMI4LnZeajmC7OpxOq-bClhh3o(EncryptWalletLiveData.kt:0)
  at de.schildbach.wallet.livedata.EncryptWalletLiveData$EncryptWalletTask$$ExternalSyntheticLambda0.invoke(R8$$SyntheticClass:0)
  at de.schildbach.wallet.livedata.EncryptWalletLiveData$Companion.encryptAndSavePassword$wallet__testNet3Release(EncryptWalletLiveData.kt:58)
  at de.schildbach.wallet.livedata.EncryptWalletLiveData$EncryptWalletTask.doInBackground(EncryptWalletLiveData.kt:188)
  at de.schildbach.wallet.livedata.EncryptWalletLiveData$EncryptWalletTask.doInBackground(EncryptWalletLiveData.kt:172)
  at android.os.AsyncTask$3.call(AsyncTask.java:394)
  at java.util.concurrent.FutureTask.run(FutureTask.java:264)
  at android.os.AsyncTask$SerialExecutor$1.run(AsyncTask.java:305)
  at java.util.concurrent.ThreadPoolExecutor.runWorker(ThreadPoolExecutor.java:1145)
  at java.util.concurrent.ThreadPoolExecutor$Worker.run(ThreadPoolExecutor.java:644)
  at java.lang.Thread.run(Thread.java:1012)
17:36:22 [main] SecurityGuard - Notifying 3 health listeners of status change: HEALTHY
17:36:22 [AsyncTask #1] ModernEncryptionProvider - Decrypted data for alias: wallet_password_key
17:36:22 [AsyncTask #1] EncryptWalletLiveData - wallet successfully encrypted, using key derived by new spending password (65536 scrypt iterations)
17:36:22 [main] SecurityGuard - Notifying 3 health listeners of status change: HEALTHY
17:36:22 [main] CoinJoinExtension - CoinJoinExtension serialization: 5ms total (keys:0ms[8], cache:0ms[0], salt:0ms, io:4ms, size:1447bytes, buffer:64KB)
17:36:22 [main] WalletProtobufSerializer - walletToProto (serial=8) timing: 34ms total, init=0ms, tx=0ms[0], keys=3ms, scripts=0ms[0], metadata=0ms, ext=28ms, friendRecv=0ms, friendSend=0ms, build=0ms
17:36:22 [main] WalletProtobufSerializer - writeWallet timing: 39ms total (34ms/87% serialization, 5ms/12% I/O) buffer=8KB
17:36:22 [main] WalletApplication - wallet saved to: '/data/user/0/hashengineering.darkcoin.wallet_test/files/wallet-protobuf-testnet', took 78.31 ms
17:36:22 [main] CoinJoinExtension - CoinJoinExtension serialization: 0ms total (keys:0ms[8], cache:0ms[0], salt:0ms, io:0ms, size:1447bytes, buffer:64KB)
17:36:22 [main] WalletProtobufSerializer - walletToProto (serial=8) timing: 3ms total, init=0ms, tx=0ms[0], keys=0ms, scripts=0ms[0], metadata=1ms, ext=1ms, friendRecv=0ms, friendSend=0ms, build=0ms
17:36:22 [main] WalletApplication - wallet backed up to: 'key-backup-protobuf-testnet', took 23.06 ms
17:36:22 [main] StartupBreadcrumbs - STARTUP breadcrumb: 7 FINALIZE_INIT_BEGIN +279549ms
17:36:22 [main] SecurityGuard - loading security guard [healthy=true] with keys: [keystore_healthy, modern_encryption_migration_complete, primary_ui_pin_key, primary_wallet_password_key, fallback_mnemonic_ui_pin_key]
17:36:22 [main] SecurityGuard - loading security guard [healthy=true] with keys: [keystore_healthy, modern_encryption_migration_complete, primary_ui_pin_key, primary_wallet_password_key, fallback_mnemonic_ui_pin_key]
17:36:22 [main] ModernEncryptionProvider - Decrypted data for alias: wallet_password_key
17:36:22 [main] KeyCrypterScrypt - Deriving key took 158.0 ms for N=65536, r=8, p=1.
17:36:22 [main] ModernEncryptionProvider - Decrypted data for alias: wallet_password_key
17:36:22 [main] MnemonicBasedKeyProvider - Derived key from mnemonic for alias: wallet_password_key
17:36:22 [main] SecurityGuard - Notifying 3 health listeners of status change: HEALTHY
17:36:22 [main] DualFallbackEncryptionProvider - Added mnemonic-fallback for wallet_password_key
17:36:22 [main] SecurityGuard - Mnemonic-based fallbacks ensured for PIN and wallet password
17:36:22 [main] WalletApplication - Mnemonic-based fallbacks ensured
17:36:22 [main] ModernEncryptionProvider - Decrypted data for alias: ui_pin_key
17:36:22 [main] ModernEncryptionProvider - Decrypted data for alias: wallet_password_key
17:36:23 [main] SecurityGuard - Notifying 3 health listeners of status change: HEALTHY_WITH_FALLBACKS
17:36:23 [main] DualFallbackEncryptionProvider - Added PIN-fallback for wallet_password_key
17:36:23 [main] SecurityGuard - PIN-based fallback ensured for wallet password
17:36:23 [main] WalletApplication - PIN-based fallback added successfully
17:36:23 [main] WalletApplication - STARTUP finalizeInit: securityGuard done in 475ms
17:36:23 [main] WalletApplication - STARTUP finalizeInit: initDash done in 2ms
17:36:23 [main] StartupBreadcrumbs - STARTUP breadcrumb: 8 INIT_DASH_DONE +280027ms
17:36:23 [main] WalletApplication - STARTUP finalizeInit: afterLoadWallet done in 0ms
17:36:23 [main] StartupBreadcrumbs - STARTUP breadcrumb: 9 AFTER_LOAD_WALLET_DONE +280027ms
17:36:23 [main] StartupBreadcrumbs - STARTUP breadcrumb: 20 SDK_BIND_KICKED +280036ms
17:36:23 [main] PlatformSynchronizationService - Starting the platform sync job
17:36:23 [main] StartupBreadcrumbs - STARTUP breadcrumb: 10 PLATFORM_INIT_KICKED +280037ms
17:36:23 [main] WalletApplication - STARTUP finalizeInit: initPlatform+channels done in 10ms
17:36:23 [DefaultDispatcher-worker-13] BlockchainIdentityData - creation: BlockchainIdentityData(NONE, null, null, null, null, null)
17:36:23 [DefaultDispatcher-worker-3] SecurityGuard - loading security guard [healthy=true] with keys: [keystore_healthy, fallback_pin_wallet_password_key, primary_ui_pin_key, modern_encryption_migration_complete, fallback_mnemonic_wallet_password_key, primary_wallet_password_key, fallback_mnemonic_ui_pin_key]
17:36:23 [DefaultDispatcher-worker-3] ModernEncryptionProvider - Decrypted data for alias: wallet_password_key
17:36:23 [main] WalletApplication - STARTUP finalizeInit: integrations done in 95ms
17:36:23 [main] WalletActivityTracker - activity lifecycle: current: SetPinActivity, activities: 3 visible: 1 foreground: 0
17:36:23 [main] WalletActivityTracker - activity lifecycle: activity RestoreWalletFromSeedActivity destroyed
17:36:23 [main] WalletActivityTracker - activity lifecycle: current: SetPinActivity, activities: 2 visible: 1 foreground: 0
17:36:23 [main] WalletActivityTracker - activity lifecycle: activity OnboardingActivity destroyed
17:36:23 [main] WalletActivityTracker - activity lifecycle: current: SetPinActivity, activities: 1 visible: 1 foreground: 0
17:36:23 [main] WalletActivityTracker - activity lifecycle: activity MainActivity created
17:36:23 [main] WalletActivityTracker - activity lifecycle: current: MainActivity, activities: 2 visible: 1 foreground: 0
17:36:23 [main] SecurityGuard - loading security guard [healthy=true] with keys: [keystore_healthy, fallback_pin_wallet_password_key, primary_ui_pin_key, modern_encryption_migration_complete, fallback_mnemonic_wallet_password_key, primary_wallet_password_key, fallback_mnemonic_ui_pin_key]
17:36:23 [main] SecurityGuard - loading security guard [healthy=true] with keys: [keystore_healthy, fallback_pin_wallet_password_key, primary_ui_pin_key, modern_encryption_migration_complete, fallback_mnemonic_wallet_password_key, primary_wallet_password_key, fallback_mnemonic_ui_pin_key]
17:36:23 [main] ModernEncryptionProvider - Decrypted data for alias: wallet_password_key
17:36:23 [main] ModernEncryptionProvider - Decrypted data for alias: ui_pin_key
17:36:23 [DefaultDispatcher-worker-3] KeyCrypterScrypt - Deriving key took 513.2 ms for N=65536, r=8, p=1.
17:36:23 [main] MainViewModel - STARTUP MainViewModel init at 1789839383678
17:36:23 [main] StartupBreadcrumbs - STARTUP breadcrumb: 12 MAIN_UI_SHOWN +280581ms
17:36:23 [DefaultDispatcher-worker-7] DapiClient - getDocuments(contractId=GWRSAVFMjXx8HpQFaNJMqBV7MBgMK4br5UESsB4S31Ec, type=domain, {limit=5, where=[]})
17:36:23 [DefaultDispatcher-worker-5] DapiClient - getDocuments(contractId=GWRSAVFMjXx8HpQFaNJMqBV7MBgMK4br5UESsB4S31Ec, type=domain, {limit=5, where=[]})
17:36:23 [main] Configuration - just being used - last used 29830656 minutes ago
17:36:23 [DefaultDispatcher-worker-11] DapiClient - getDocuments(contractId=GWRSAVFMjXx8HpQFaNJMqBV7MBgMK4br5UESsB4S31Ec, type=domain, {limit=5, where=[]})
17:36:23 [main] WalletActivityTracker - activity lifecycle: current: MainActivity, activities: 2 visible: 2 foreground: 0
17:36:23 [DefaultDispatcher-worker-13] CrowdNodeApiAggregator - restoring CrowdNode status
17:36:23 [DefaultDispatcher-worker-13] BLSJniLibrary - Initializing BLS JNI Library
17:36:23 [main] WalletTransactionsFragment - STARTUP WalletTransactionsFragment.onViewCreated at 1789839383732
17:36:23 [main] HistoryHeaderAdapter - set invite, synced = false
17:36:23 [main] BlockchainIdentityData - creation: BlockchainIdentityData(NONE, null, null, null, null, null)
17:36:23 [main] WalletTransactionsFragment - STARTUP submitData called on thread=main at 1789839383753
17:36:23 [DefaultDispatcher-worker-6] BLSJniLibrary - Initializing BLS JNI Library
17:36:23 [main] HistoryHeaderAdapter - set invite = null
17:36:23 [main] HistoryHeaderAdapter - set invite, synced = false
17:36:23 [main] SecurityGuard - loading security guard [healthy=true] with keys: [keystore_healthy, fallback_pin_wallet_password_key, primary_ui_pin_key, modern_encryption_migration_complete, fallback_mnemonic_wallet_password_key, primary_wallet_password_key, fallback_mnemonic_ui_pin_key]
17:36:23 [main] SecurityGuard - loading security guard [healthy=true] with keys: [keystore_healthy, fallback_pin_wallet_password_key, primary_ui_pin_key, modern_encryption_migration_complete, fallback_mnemonic_wallet_password_key, primary_wallet_password_key, fallback_mnemonic_ui_pin_key]
17:36:23 [main] LockScreenActivity - show lock screen false = ![keepUnlocked=false] && autologout=true && (keepUnlockedUntilPenEntered=false || shouldLogout=false) || isHealthy=true
17:36:23 [main] MainActivity - updateTrigger => rateStale: RateRetrievalState(lastAttemptFailed=false, staleRates=false, volatile=false)
17:36:23 [main] WalletActivityTracker - activity lifecycle: current: MainActivity, activities: 2 visible: 2 foreground: 1
17:36:23 [main] BlockchainIdentityData - creation: BlockchainIdentityData(NONE, null, null, null, null, null)
17:36:23 [DefaultDispatcher-worker-5] Platform - platform check: 138.7 ms
17:36:23 [DefaultDispatcher-worker-4] CheckpointManager - Read 2440 checkpoints up to time 2026-01-20T11:13:46Z, hash is 64631969817a1892a432d246a7c17a63d5c57d76d2ddf0404b48486637fe32a0
17:36:23 [DefaultDispatcher-worker-4] BirthHeightResolver - resolved birth time 1427610960 to SDK birth height 0 (checkpoint height 1728, margin 4032 blocks)
17:36:24 [main] BlockchainServiceImpl - .onCreate()
17:36:24 [main] DashPaymentIntentParser - network parameters = org.darkcoin.test
17:36:24 [main] BlockchainServiceImpl - start foreground service
17:36:24 [main] BlockchainServiceImpl - .onStartCommand(Intent { cmp=hashengineering.darkcoin.wallet_test/de.schildbach.wallet.service.BlockchainServiceImpl })
17:36:24 [DefaultDispatcher-worker-6] BlockchainServiceImpl - onCreate() serviceScope waiting for cleanup false
17:36:24 [DefaultDispatcher-worker-6] BLSJniLibrary - Initializing BLS JNI Library
17:36:24 [DefaultDispatcher-worker-6] BlockchainServiceImpl - Phase 5d cutover gate: dashjEngineMayStart=false (coordinatorAllowsDashj=false, dashjHeldByCutover=true, dashjSyncDiagnostic=false)
17:36:24 [DefaultDispatcher-worker-6] BlockchainServiceImpl - cannot load the bootstrap stream: mnlistdiff-testnet.dat
17:36:24 [DefaultDispatcher-worker-6] BlockchainServiceImpl - cannot load the bootstrap stream: qrinfo-testnet.dat
17:36:24 [DefaultDispatcher-worker-6] BLSJniLibrary - Initializing BLS JNI Library
17:36:24 [DefaultDispatcher-worker-6] BlockchainServiceImpl - blockchain does not exist, resetting wallet
17:36:24 [DefaultDispatcher-worker-6] AbstractQuorumState - resetting masternode list; force: true, requestFreshList: false
17:36:24 [DefaultDispatcher-worker-6] AbstractQuorumState - resetting masternode list; force: true, requestFreshList: false
17:36:24 [Wallet autosave thread] BLSJniLibrary - Initializing BLS JNI Library
17:36:24 [DefaultDispatcher-worker-1] BlockchainServiceImpl - onStartCommand waiting for onCreate to complete...
17:36:24 [DefaultDispatcher-worker-6] SPVBlockStore - Creating new SPV block chain file /data/user/0/hashengineering.darkcoin.wallet_test/app_blockstore/blockchain-testnet
17:36:24 [DefaultDispatcher-worker-5] BLSJniLibrary - Initializing BLS JNI Library
17:36:24 [DefaultDispatcher-worker-6] SPVBlockStore - Creating new SPV block chain file /data/user/0/hashengineering.darkcoin.wallet_test/app_blockstore/headers-testnet
17:36:24 [DefaultDispatcher-worker-6] BlockchainServiceImpl - verifying backupBlockStore
17:36:24 [DefaultDispatcher-worker-6] BlockchainServiceImpl - verifying headerStore
17:36:24 [main] BlockchainServiceImpl - .onStartCommand(Intent { act=de.schildbach.wallet.service.cancel_coins_received cmp=hashengineering.darkcoin.wallet_test/de.schildbach.wallet.service.BlockchainServiceImpl })
17:36:24 [DefaultDispatcher-worker-5] BlockchainServiceImpl - onStartCommand waiting for onCreate to complete...
17:36:24 [main] MainViewModel - platform available: false; no identity creation is progress: true
17:36:24 [pool-51-thread-1] BlockchainServiceImpl - verify blockstore: 238.9 μs, 0 loaded
17:36:24 [DefaultDispatcher-worker-6] BlockchainServiceImpl - verifying blockStore
17:36:24 [pool-51-thread-1] BlockchainServiceImpl - verify blockstore: 332.5 μs, 0 loaded
17:36:24 [DefaultDispatcher-worker-6] BlockchainServiceImpl - blockstore files verified: true, true
17:36:24 [DefaultDispatcher-worker-6] CheckpointManager - Attempting to initialize a new block store with a checkpoint for time 1427006160 (2015-03-22T06:36:00Z)
17:36:24 [DefaultDispatcher-worker-11] Platform - platform check: 658.9 ms
17:36:24 [DefaultDispatcher-worker-7] Platform - platform check: 667.0 ms
17:36:24 [DefaultDispatcher-worker-1] PlatformServiceImplementation - platform available 3 of 3: true
17:36:24 [main] DeviceInfoProvider - Detecting currency based on device, mobile network or locale:
17:36:24 [main] DeviceInfoProvider - Device Sim Country: us
17:36:24 [main] MainViewModel - Updating currency exchange rate based on country: US
17:36:24 [main] WalletActivityTracker - activity lifecycle: current: SetPinActivity, activities: 2 visible: 1 foreground: 1
17:36:24 [main] WalletActivityTracker - activity lifecycle: activity SetPinActivity destroyed
17:36:24 [main] WalletActivityTracker - activity lifecycle: current: SetPinActivity, activities: 1 visible: 1 foreground: 1
17:36:24 [main] MainViewModel - platform available: true; no identity creation is progress: true
17:36:24 [main] MainViewModel - Using default Country: US
17:36:24 [main] MainViewModel - Using default currency: USD
17:36:24 [DefaultDispatcher-worker-4] DashSdkServiceImpl - app wallet bound to new SDK wallet e4c92342… (birthHeight=0 via checkpoint mapping; 0 = full scan from genesis)
17:36:24 [DefaultDispatcher-worker-6] CheckpointManager - Read 2440 checkpoints up to time 2026-01-20T11:13:46Z, hash is 64631969817a1892a432d246a7c17a63d5c57d76d2ddf0404b48486637fe32a0
17:36:24 [DefaultDispatcher-worker-6] CheckpointManager - Attempting to initialize a new block store with a checkpoint for time 1789234584 (2026-09-12T17:36:24Z)
17:36:24 [DefaultDispatcher-worker-11] Constants - --> GET https://rates.ctx.com/rates?source=ctx
17:36:24 [DefaultDispatcher-worker-11] Constants - <-- 200 https://rates.ctx.com/rates?source=ctx (135ms, unknown-length body)
17:36:24 [DefaultDispatcher-worker-6] CheckpointManager - Read 2440 checkpoints up to time 2026-01-20T11:13:46Z, hash is 64631969817a1892a432d246a7c17a63d5c57d76d2ddf0404b48486637fe32a0
17:36:24 [DefaultDispatcher-worker-6] BlockchainServiceImpl - checkpoints loaded from 'checkpoints-testnet.txt', took 627.5 ms
17:36:24 [DefaultDispatcher-worker-6] BLSJniLibrary - Initializing BLS JNI Library
17:36:24 [DefaultDispatcher-worker-6] AbstractBlockChain - chain head is at height 1728:
 block: 
   hash: 000000b4a747bc263dacea0eeaf14bb362170fc6a068f7b3f0ac4f899e985a0f
   version: 2 (0x00000002) (BIP34)
   previous block: 0000036874ccb6f966a26653dfff040e8a55d5a7e2cf312c95a64c518801c803
   merkle root: 54c61ff11d388244e2712c0ec20783c55b3623f3e28b39b40b65092ad708c7ec
   time: 1423418846 (2015-02-08T18:07:26Z)
   difficulty target (nBits): 503382015
   nonce: 39514

17:36:24 [DefaultDispatcher-worker-6] AbstractBlockChain - chain head is at height 1405440:
 block: 
   hash: 000000173e6c9dd4ca8a5a75699fbb5dc4713bc238d2ce98aec7fe3a77febfeb
   version: 536870912 (0x20000000) (BIP34, BIP66, BIP65)
   previous block: 000000773d05044b4db27c023a9a12bc59eaf1f396ad7e5180ef4cb14d366150
   merkle root: ea3165fb830ba2267ad050760183eb5b8241c694406868382bdf6c2307c8e936
   time: 1768907626 (2026-01-20T11:13:46Z)
   difficulty target (nBits): 503367276
   nonce: 128740

17:36:25 [DefaultDispatcher-worker-8] CutoverTxSeamService - seam tx feed primed (0 recent records, 0 in the priming window); serving seam tx reads from the SDK store
17:36:25 [main] SecurityGuard - loading security guard [healthy=true] with keys: [keystore_healthy, fallback_pin_wallet_password_key, primary_ui_pin_key, modern_encryption_migration_complete, fallback_mnemonic_wallet_password_key, primary_wallet_password_key, fallback_mnemonic_ui_pin_key]
17:36:25 [main] BlockchainServiceImpl - network callback registered with NetworkRequest: de.schildbach.wallet.service.BlockchainServiceImpl$NetworkCallbackImpl@9bef331
17:36:25 [DefaultDispatcher-worker-7] BlockchainServiceImpl - monitoring 0 old transactions
17:36:25 [DefaultDispatcher-worker-11] BlockchainServiceImpl - network capabilities changed: 101, hasInternet: true, validated: true
17:36:25 [DefaultDispatcher-worker-8] BlockchainServiceImpl - network available: 101, hasInternet: true, validated: true, type: WiFi
17:36:25 [DefaultDispatcher-worker-6] ExchangeRatesRepository - exchange rates updated successfully with de.schildbach.wallet.rates.DashRetailClient@1ac7547
17:36:25 [main] BlockchainServiceImpl - receiver register: tickReceiver, de.schildbach.wallet.service.BlockchainServiceImpl$tickReceiver$1@b26e5ee
17:36:25 [DefaultDispatcher-worker-6] BlockchainServiceImpl - cutover committed — Platform quorum lookups wired to the SDK-sourced quorum list
17:36:25 [DefaultDispatcher-worker-6] StartupBreadcrumbs - STARTUP breadcrumb: 20 SDK_BIND_KICKED +282014ms
17:36:25 [DefaultDispatcher-worker-11] BlockchainServiceImpl - onCreate completed, processing onStartCommand
17:36:25 [DefaultDispatcher-worker-11] BLSJniLibrary - Initializing BLS JNI Library
17:36:25 [DefaultDispatcher-worker-11] BlockchainServiceImpl - service start command: Intent { cmp=hashengineering.darkcoin.wallet_test/de.schildbach.wallet.service.BlockchainServiceImpl }
17:36:25 [DefaultDispatcher-worker-11] BlockchainServiceImpl - .onStartCommand(Intent { cmp=hashengineering.darkcoin.wallet_test/de.schildbach.wallet.service.BlockchainServiceImpl }) finished
17:36:25 [DefaultDispatcher-worker-11] BlockchainServiceImpl - onCreate completed, processing onStartCommand
17:36:25 [DefaultDispatcher-worker-11] BLSJniLibrary - Initializing BLS JNI Library
17:36:25 [DefaultDispatcher-worker-11] BlockchainServiceImpl - service start command: Intent { act=de.schildbach.wallet.service.cancel_coins_received cmp=hashengineering.darkcoin.wallet_test/de.schildbach.wallet.service.BlockchainServiceImpl }
17:36:25 [DefaultDispatcher-worker-11] BlockchainServiceImpl - .onStartCommand(Intent { act=de.schildbach.wallet.service.cancel_coins_received cmp=hashengineering.darkcoin.wallet_test/de.schildbach.wallet.service.BlockchainServiceImpl }) finished
17:36:25 [DefaultDispatcher-worker-11] BlockchainServiceImpl - acquiring check() mutex
17:36:25 [DefaultDispatcher-worker-11] BlockchainServiceImpl - check()
17:36:25 [DefaultDispatcher-worker-11] BlockchainServiceImpl - cutover committed — holding the dashj L1 engine; SDK owns L1 this launch
17:36:25 [DefaultDispatcher-worker-11] BlockchainServiceImpl - releasing check() mutex
17:36:25 [DefaultDispatcher-worker-6] BlockchainServiceImpl - .onCreate() finished
17:36:25 [DefaultDispatcher-worker-6] BlockchainServiceImpl - acquiring check() mutex
17:36:25 [DefaultDispatcher-worker-6] BlockchainServiceImpl - check()
17:36:25 [DefaultDispatcher-worker-6] BlockchainServiceImpl - cutover committed — holding the dashj L1 engine; SDK owns L1 this launch
17:36:25 [DefaultDispatcher-worker-6] BlockchainServiceImpl - releasing check() mutex
17:36:25 [DefaultDispatcher-worker-6] BlockchainServiceImpl - acquiring check() mutex
17:36:25 [DefaultDispatcher-worker-6] BlockchainServiceImpl - check()
17:36:25 [DefaultDispatcher-worker-6] BlockchainServiceImpl - cutover committed — holding the dashj L1 engine; SDK owns L1 this launch
17:36:25 [DefaultDispatcher-worker-6] BlockchainServiceImpl - releasing check() mutex
17:36:25 [DefaultDispatcher-worker-14] ExchangeRatesRepository - updateTrigger
17:36:25 [DefaultDispatcher-worker-4] DashSdkServiceImpl - widenAddressWindows: BIP44 account 0 gap -> 1000 on e4c92342…
17:36:25 [DefaultDispatcher-worker-12] CutoverUiDataService - SDK balance published: 0 duffs (was none) | l1Synced=false rescanArmedHold=false dashPayBackfill(armed=false,replaying=false) deferredContactBuilds=0 (unchangedReads=3) persistedAsLastKnown=false lastKnown=0
17:36:25 [DefaultDispatcher-worker-4] DashSdkServiceImpl - widenAddressWindows: BIP32 account 0 gap -> 1000 on e4c92342…
17:36:25 [DefaultDispatcher-worker-4] DashSdkServiceImpl - widenAddressWindows: COIN_JOIN account 0 gap -> 1000 on e4c92342…
17:36:25 [DefaultDispatcher-worker-9] CheckpointManager - Read 2440 checkpoints up to time 2026-01-20T11:13:46Z, hash is 64631969817a1892a432d246a7c17a63d5c57d76d2ddf0404b48486637fe32a0
17:36:25 [DefaultDispatcher-worker-9] BirthHeightResolver - resolved birth time 1427610960 to SDK birth height 0 (checkpoint height 1728, margin 4032 blocks)
17:36:25 [DefaultDispatcher-worker-9] DashSdkServiceImpl - armSpvRescan: filter watermark rewind to 0 armed on e4c92342…
17:36:25 [DefaultDispatcher-worker-14] SdkWalletBinder - address-window heal v2 applied on e4c92342…: gaps widened, backfill coverage invalidated — next gate pass rewinds with the widened script set
17:36:25 [DefaultDispatcher-worker-14] SdkWalletBinder - SDK wallet bound; identity not yet registered — discovery deferred
17:36:25 [DefaultDispatcher-worker-14] PlatformSynchronizationService - SDK L1 engine not started from Application init — it starts from the foreground blockchain service (resume())
17:36:25 [DefaultDispatcher-worker-14] StartupBreadcrumbs - STARTUP breadcrumb: 23 CUTOVER_SERVICES_STARTED +282835ms
17:36:25 [DefaultDispatcher-worker-9] SdkWalletBinder - SDK wallet bound; identity not yet registered — discovery deferred
17:36:25 [DefaultDispatcher-worker-9] StartupBreadcrumbs - STARTUP breadcrumb: 21 SDK_L1_ENGINE_STARTING +282836ms
17:36:26 [DefaultDispatcher-worker-1] ShieldedBalanceServiceImpl - shielded runtime ready on SDK wallet e4c92342… (account 0, sync loop running)
17:36:29 [Wallet autosave thread] WalletFiles - Background saving wallet; last seen block is height -1, date unknown, hash null
17:36:29 [Wallet autosave thread] CoinJoinExtension - CoinJoinExtension serialization: 0ms total (keys:0ms[8], cache:0ms[0], salt:0ms, io:0ms, size:1447bytes, buffer:64KB)
17:36:29 [Wallet autosave thread] WalletProtobufSerializer - walletToProto (serial=8) timing: 11ms total, init=0ms, tx=0ms[0], keys=0ms, scripts=0ms[0], metadata=0ms, ext=10ms, friendRecv=0ms, friendSend=0ms, build=0ms
17:36:29 [Wallet autosave thread] WalletProtobufSerializer - writeWallet timing: 11ms total (11ms/100% serialization, 0ms/0% I/O) buffer=8KB
17:36:29 [Wallet autosave thread] WalletFiles - Save completed in 30.20 ms (15498 bytes); /data/user/0/hashengineering.darkcoin.wallet_test/files/wallet-protobuf-testnet
17:36:29 [DefaultDispatcher-worker-8] L1ShadowSyncService - DashPay bring-up before SPV: status=NO_IDENTITY discovery=1 dashPaySyncRan=false drained=0 pending=0 elapsedMs=3381
17:36:29 [DefaultDispatcher-worker-2] L1ShadowSyncService - L1ShadowLifecycle RESUMING after 1m21s down (teardown #1 this process); the progress feed and every consumer of it were silent for that whole span
17:36:29 [DefaultDispatcher-worker-13] L1ShadowSyncService - L1Shadow phase=IDLE 0.0% headers 0/0 filters 0/0 wallet 0
17:36:29 [DefaultDispatcher-worker-13] L1ShadowSyncService - ReplayMemTelemetry phase=IDLE nativeHeapAllocated=126207360 nativeHeapSize=156483584 jvmUsed=37941232 jvmMax=603979776 headers 0/0 filters 0 wallet 0
17:36:29 [DefaultDispatcher-worker-2] L1ShadowSyncService - L1 shadow SPV started for SDK wallet e4c92342… (dataDir=/data/user/0/hashengineering.darkcoin.wallet_test/files/l1_shadow_spv/testnet, default peer discovery); debug-only instrumentation — two SPV engines are now running
17:36:29 [DefaultDispatcher-worker-2] StartupBreadcrumbs - STARTUP breadcrumb: 22 SDK_L1_ENGINE_STARTED +286274ms
17:36:29 [DefaultDispatcher-worker-2] StartupBreadcrumbs - STARTUP breadcrumb: 23 CUTOVER_SERVICES_STARTED +286275ms
17:36:29 [DefaultDispatcher-worker-13] L1ShadowSyncService - L1Parity probing suspended: the cutover is committed and the dashj engine is held, so its balance is frozen at the cutover snapshot — any comparison against it is a guaranteed MISMATCH that measures nothing. Turn on the Tools 'dashj sync (diagnostic)' toggle to un-hold dashj and resume probing.
17:36:35 [DefaultDispatcher-worker-8] BlockchainServiceImpl - network capabilities changed: 101, hasInternet: true, validated: true
17:36:35 [DefaultDispatcher-worker-8] BlockchainServiceImpl - acquiring check() mutex
17:36:35 [DefaultDispatcher-worker-8] BlockchainServiceImpl - check()
17:36:35 [DefaultDispatcher-worker-8] BlockchainServiceImpl - cutover committed — holding the dashj L1 engine; SDK owns L1 this launch
17:36:35 [DefaultDispatcher-worker-8] BlockchainServiceImpl - releasing check() mutex
17:36:38 [DefaultDispatcher-worker-14] BlockchainServiceImpl - network capabilities changed: 101, hasInternet: true, validated: true
17:36:38 [DefaultDispatcher-worker-14] BlockchainServiceImpl - acquiring check() mutex
17:36:38 [DefaultDispatcher-worker-14] BlockchainServiceImpl - check()
17:36:38 [DefaultDispatcher-worker-14] BlockchainServiceImpl - cutover committed — holding the dashj L1 engine; SDK owns L1 this launch
17:36:38 [DefaultDispatcher-worker-14] BlockchainServiceImpl - releasing check() mutex
17:36:44 [native-log-bridge] DashSdkNative - 09-19 12:36:35.815 19597 19743 I DashSDK : platform_wallet::changeset::core_bridge: wallet-event batch: folded=1 wallets=1 synced_height_persisted=Some(1999) synced_height_frozen=None synced_height_rejected=None faulted=0
17:36:44 [native-log-bridge] DashSdkNative - 09-19 12:36:38.142 19597 19743 I DashSDK : platform_wallet::changeset::core_bridge: wallet-event batch: folded=1 wallets=1 synced_height_persisted=Some(3999) synced_height_frozen=None synced_height_rejected=None faulted=0
17:36:44 [native-log-bridge] DashSdkNative - 09-19 12:36:39.808 19597 19744 I DashSDK : platform_wallet::changeset::core_bridge: wallet-event batch: folded=1 wallets=1 synced_height_persisted=Some(5999) synced_height_frozen=None synced_height_rejected=None faulted=0
17:36:44 [native-log-bridge] DashSdkNative - 09-19 12:36:40.742 19597 19744 I DashSDK : platform_wallet::changeset::core_bridge: wallet-event batch: folded=1 wallets=1 synced_height_persisted=Some(10999) synced_height_frozen=None synced_height_rejected=None faulted=0
17:36:44 [native-log-bridge] DashSdkNative - 09-19 12:36:43.109 19597 19744 I DashSDK : platform_wallet::changeset::core_bridge: wallet-event batch: folded=1 wallets=1 synced_height_persisted=Some(15999) synced_height_frozen=None synced_height_rejected=None faulted=0
17:36:44 [native-log-bridge] DashSdkNative - 09-19 12:36:43.123 19597 19744 I DashSDK : platform_wallet::changeset::core_bridge: wallet-event batch: folded=1 wallets=1 synced_height_persisted=Some(20999) synced_height_frozen=None synced_height_rejected=None faulted=0
17:36:53 [main] StartupBreadcrumbs - STARTUP breadcrumb: 13 LAUNCH_SURVIVED +310781ms
17:37:00 [main] BlockchainServiceImpl - MEM pss=280MB nativeHeap=338/374MB jvm=18/576MB
17:37:00 [DefaultDispatcher-worker-6] L1ShadowSyncService - L1Shadow phase=HEADERS 32.7% headers 912000/1556872 filters 90999/1556872 wallet 90999
17:37:00 [DefaultDispatcher-worker-6] L1ShadowSyncService - ReplayMemTelemetry phase=HEADERS nativeHeapAllocated=359223472 nativeHeapSize=397275136 jvmUsed=19950928 jvmMax=603979776 headers 912000/1556872 filters 90999 wallet 90999
17:37:14 [native-log-bridge] DashSdkNative - 09-19 12:36:44.006 19597 19742 I DashSDK : platform_wallet::changeset::core_bridge: wallet-event batch: folded=1 wallets=1 synced_height_persisted=Some(25999) synced_height_frozen=None synced_height_rejected=None faulted=0
17:37:14 [native-log-bridge] DashSdkNative - 09-19 12:36:45.083 19597 19742 I DashSDK : platform_wallet::changeset::core_bridge: wallet-event batch: folded=1 wallets=1 synced_height_persisted=Some(30999) synced_height_frozen=None synced_height_rejected=None faulted=0
17:37:14 [native-log-bridge] DashSdkNative - 09-19 12:36:46.879 19597 19745 I DashSDK : platform_wallet::changeset::core_bridge: wallet-event batch: folded=1 wallets=1 synced_height_persisted=Some(35999) synced_height_frozen=None synced_height_rejected=None faulted=0
17:37:14 [native-log-bridge] DashSdkNative - 09-19 12:36:46.922 19597 19744 I DashSDK : platform_wallet::changeset::core_bridge: wallet-event batch: folded=1 wallets=1 synced_height_persisted=Some(40999) synced_height_frozen=None synced_height_rejected=None faulted=0
17:37:14 [native-log-bridge] DashSdkNative - 09-19 12:36:47.827 19597 19744 I DashSDK : platform_wallet::changeset::core_bridge: wallet-event batch: folded=1 wallets=1 synced_height_persisted=Some(45999) synced_height_frozen=None synced_height_rejected=None faulted=0
17:37:14 [native-log-bridge] DashSdkNative - 09-19 12:36:49.760 19597 19744 I DashSDK : platform_wallet::changeset::core_bridge: wallet-event batch: folded=1 wallets=1 synced_height_persisted=Some(50999) synced_height_frozen=None synced_height_rejected=None faulted=0
17:37:14 [native-log-bridge] DashSdkNative - 09-19 12:36:50.942 19597 19745 I DashSDK : platform_wallet::changeset::core_bridge: wallet-event batch: folded=1 wallets=1 synced_height_persisted=Some(55999) synced_height_frozen=None synced_height_rejected=None faulted=0
17:37:14 [native-log-bridge] DashSdkNative - 09-19 12:36:52.027 19597 19743 I DashSDK : platform_wallet::changeset::core_bridge: wallet-event batch: folded=1 wallets=1 synced_height_persisted=Some(60999) synced_height_frozen=None synced_height_rejected=None faulted=0
17:37:14 [native-log-bridge] DashSdkNative - 09-19 12:36:53.361 19597 19742 I DashSDK : platform_wallet::changeset::core_bridge: wallet-event batch: folded=1 wallets=1 synced_height_persisted=Some(65999) synced_height_frozen=None synced_height_rejected=None faulted=0
17:37:14 [native-log-bridge] DashSdkNative - 09-19 12:36:54.782 19597 19744 I DashSDK : platform_wallet::changeset::core_bridge: wallet-event batch: folded=1 wallets=1 synced_height_persisted=Some(70999) synced_height_frozen=None synced_height_rejected=None faulted=0
17:37:14 [native-log-bridge] DashSdkNative - 09-19 12:36:56.530 19597 19745 I DashSDK : platform_wallet::changeset::core_bridge: wallet-event batch: folded=1 wallets=1 synced_height_persisted=Some(75999) synced_height_frozen=None synced_height_rejected=None faulted=0
17:37:14 [native-log-bridge] DashSdkNative - 09-19 12:36:57.507 19597 19745 I DashSDK : platform_wallet::changeset::core_bridge: wallet-event batch: folded=1 wallets=1 synced_height_persisted=Some(80999) synced_height_frozen=None synced_height_rejected=None faulted=0
17:37:14 [native-log-bridge] DashSdkNative - 09-19 12:36:59.140 19597 19745 I DashSDK : platform_wallet::changeset::core_bridge: wallet-event batch: folded=1 wallets=1 synced_height_persisted=Some(85999) synced_height_frozen=None synced_height_rejected=None faulted=0
17:37:14 [native-log-bridge] DashSdkNative - 09-19 12:36:59.191 19597 19745 I DashSDK : platform_wallet::changeset::core_bridge: wallet-event batch: folded=1 wallets=1 synced_height_persisted=Some(90999) synced_height_frozen=None synced_height_rejected=None faulted=0
17:37:14 [native-log-bridge] DashSdkNative - 09-19 12:37:02.097 19597 19742 I DashSDK : platform_wallet::changeset::core_bridge: wallet-event batch: folded=1 wallets=1 synced_height_persisted=Some(95999) synced_height_frozen=None synced_height_rejected=None faulted=0
17:37:14 [native-log-bridge] DashSdkNative - 09-19 12:37:04.172 19597 19745 I DashSDK : platform_wallet::changeset::core_bridge: wallet-event batch: folded=1 wallets=1 synced_height_persisted=Some(100999) synced_height_frozen=None synced_height_rejected=None faulted=0
17:37:14 [native-log-bridge] DashSdkNative - 09-19 12:37:06.016 19597 19742 I DashSDK : platform_wallet::changeset::core_bridge: wallet-event batch: folded=1 wallets=1 synced_height_persisted=Some(105999) synced_height_frozen=None synced_height_rejected=None faulted=0
17:37:14 [native-log-bridge] DashSdkNative - 09-19 12:37:07.843 19597 19744 I DashSDK : platform_wallet::changeset::core_bridge: wallet-event batch: folded=1 wallets=1 synced_height_persisted=Some(110999) synced_height_frozen=None synced_height_rejected=None faulted=0
17:37:14 [native-log-bridge] DashSdkNative - 09-19 12:37:08.942 19597 19742 I DashSDK : platform_wallet::changeset::core_bridge: wallet-event batch: folded=1 wallets=1 synced_height_persisted=Some(115999) synced_height_frozen=None synced_height_rejected=None faulted=0
17:37:14 [native-log-bridge] DashSdkNative - 09-19 12:37:10.686 19597 19742 I DashSDK : platform_wallet::changeset::core_bridge: wallet-event batch: folded=1 wallets=1 synced_height_persisted=Some(120999) synced_height_frozen=None synced_height_rejected=None faulted=0
17:37:14 [native-log-bridge] DashSdkNative - 09-19 12:37:12.091 19597 19744 I DashSDK : platform_wallet::changeset::core_bridge: wallet-event batch: folded=1 wallets=1 synced_height_persisted=Some(125999) synced_height_frozen=None synced_height_rejected=None faulted=0
17:37:14 [native-log-bridge] DashSdkNative - 09-19 12:37:12.814 19597 19743 I DashSDK : platform_wallet::changeset::core_bridge: wallet-event batch: folded=1 wallets=1 synced_height_persisted=Some(130999) synced_height_frozen=None synced_height_rejected=None faulted=0
17:37:26 [DefaultDispatcher-worker-2] BlockchainServiceImpl - network capabilities changed: 101, hasInternet: true, validated: true
17:37:26 [DefaultDispatcher-worker-2] BlockchainServiceImpl - acquiring check() mutex
17:37:26 [DefaultDispatcher-worker-2] BlockchainServiceImpl - check()
17:37:26 [DefaultDispatcher-worker-2] BlockchainServiceImpl - cutover committed — holding the dashj L1 engine; SDK owns L1 this launch
17:37:26 [DefaultDispatcher-worker-2] BlockchainServiceImpl - releasing check() mutex
17:37:27 [main] BiometricHelper - No biometric credentials
17:37:27 [main] LockScreenActivity - fingerprint was disabled
17:37:27 [main] LockScreenActivity - LockState = ENTER_PIN
17:37:29 [DefaultDispatcher-worker-7] BlockchainServiceImpl - network capabilities changed: 101, hasInternet: true, validated: true
17:37:29 [DefaultDispatcher-worker-7] BlockchainServiceImpl - acquiring check() mutex
17:37:29 [DefaultDispatcher-worker-7] BlockchainServiceImpl - check()
17:37:29 [DefaultDispatcher-worker-7] BlockchainServiceImpl - cutover committed — holding the dashj L1 engine; SDK owns L1 this launch
17:37:29 [DefaultDispatcher-worker-7] BlockchainServiceImpl - releasing check() mutex
17:37:34 [DefaultDispatcher-worker-9] L1ShadowSyncService - L1Shadow phase=FILTERS 71.0% headers 1556873/1556873 filters 200999/1556873 wallet 200999
17:37:34 [DefaultDispatcher-worker-9] L1ShadowSyncService - ReplayMemTelemetry phase=FILTERS nativeHeapAllocated=315584880 nativeHeapSize=349229056 jvmUsed=21921168 jvmMax=603979776 headers 1556873/1556873 filters 200999 wallet 200999
17:37:44 [native-log-bridge] DashSdkNative - 09-19 12:37:14.142 19597 19743 I DashSDK : platform_wallet::changeset::core_bridge: wallet-event batch: folded=1 wallets=1 synced_height_persisted=Some(135999) synced_height_frozen=None synced_height_rejected=None faulted=0
17:37:44 [native-log-bridge] DashSdkNative - 09-19 12:37:15.110 19597 19742 I DashSDK : platform_wallet::changeset::core_bridge: wallet-event batch: folded=1 wallets=1 synced_height_persisted=Some(140999) synced_height_frozen=None synced_height_rejected=None faulted=0
17:37:44 [native-log-bridge] DashSdkNative - 09-19 12:37:15.831 19597 19745 I DashSDK : platform_wallet::changeset::core_bridge: wallet-event batch: folded=1 wallets=1 synced_height_persisted=Some(145999) synced_height_frozen=None synced_height_rejected=None faulted=0
17:37:44 [native-log-bridge] DashSdkNative - 09-19 12:37:17.228 19597 19745 I DashSDK : platform_wallet::changeset::core_bridge: wallet-event batch: folded=1 wallets=1 synced_height_persisted=Some(150999) synced_height_frozen=None synced_height_rejected=None faulted=0
17:37:44 [native-log-bridge] DashSdkNative - 09-19 12:37:17.228 19597 19744 I DashSDK : platform_wallet::changeset::core_bridge: wallet-event batch: folded=1 wallets=1 synced_height_persisted=Some(155999) synced_height_frozen=None synced_height_rejected=None faulted=0
17:37:44 [native-log-bridge] DashSdkNative - 09-19 12:37:18.665 19597 19743 I DashSDK : platform_wallet::changeset::core_bridge: wallet-event batch: folded=1 wallets=1 synced_height_persisted=Some(160999) synced_height_frozen=None synced_height_rejected=None faulted=0
17:37:44 [native-log-bridge] DashSdkNative - 09-19 12:37:20.005 19597 19742 I DashSDK : platform_wallet::changeset::core_bridge: wallet-event batch: folded=1 wallets=1 synced_height_persisted=Some(165999) synced_height_frozen=None synced_height_rejected=None faulted=0
17:37:44 [native-log-bridge] DashSdkNative - 09-19 12:37:20.964 19597 19745 I DashSDK : platform_wallet::changeset::core_bridge: wallet-event batch: folded=1 wallets=1 synced_height_persisted=Some(170999) synced_height_frozen=None synced_height_rejected=None faulted=0
17:37:44 [native-log-bridge] DashSdkNative - 09-19 12:37:24.907 19597 19742 I DashSDK : platform_wallet::changeset::core_bridge: wallet-event batch: folded=1 wallets=1 synced_height_persisted=Some(175999) synced_height_frozen=None synced_height_rejected=None faulted=0
17:37:44 [native-log-bridge] DashSdkNative - 09-19 12:37:25.793 19597 19742 I DashSDK : platform_wallet::changeset::core_bridge: wallet-event batch: folded=1 wallets=1 synced_height_persisted=Some(180999) synced_height_frozen=None synced_height_rejected=None faulted=0
17:37:44 [native-log-bridge] DashSdkNative - 09-19 12:37:26.645 19597 19742 I DashSDK : platform_wallet::changeset::core_bridge: wallet-event batch: folded=1 wallets=1 synced_height_persisted=Some(185999) synced_height_frozen=None synced_height_rejected=None faulted=0
17:37:44 [native-log-bridge] DashSdkNative - 09-19 12:37:27.374 19597 19744 I DashSDK : platform_wallet::changeset::core_bridge: wallet-event batch: folded=1 wallets=1 synced_height_persisted=Some(190999) synced_height_frozen=None synced_height_rejected=None faulted=0
17:37:44 [native-log-bridge] DashSdkNative - 09-19 12:37:27.395 19597 19744 I DashSDK : platform_wallet::changeset::core_bridge: wallet-event batch: folded=1 wallets=1 synced_height_persisted=Some(195999) synced_height_frozen=None synced_height_rejected=None faulted=0
17:37:44 [native-log-bridge] DashSdkNative - 09-19 12:37:27.984 19597 19742 I DashSDK : platform_wallet::changeset::core_bridge: wallet-event batch: folded=1 wallets=1 synced_height_persisted=Some(200999) synced_height_frozen=None synced_height_rejected=None faulted=0
17:37:44 [native-log-bridge] DashSdkNative - 09-19 12:37:34.303 19597 19744 I DashSDK : platform_wallet::changeset::core_bridge: wallet-event batch: folded=1 wallets=1 synced_height_persisted=Some(205999) synced_height_frozen=None synced_height_rejected=None faulted=0
17:37:44 [native-log-bridge] DashSdkNative - 09-19 12:37:36.062 19597 19742 I DashSDK : platform_wallet::changeset::core_bridge: wallet-event batch: folded=1 wallets=1 synced_height_persisted=Some(210999) synced_height_frozen=None synced_height_rejected=None faulted=0
17:37:44 [native-log-bridge] DashSdkNative - 09-19 12:37:36.326 19597 19742 I DashSDK : platform_wallet::changeset::core_bridge: wallet-event batch: folded=1 wallets=1 synced_height_persisted=Some(215999) synced_height_frozen=None synced_height_rejected=None faulted=0
17:37:44 [native-log-bridge] DashSdkNative - 09-19 12:37:36.516 19597 19745 I DashSDK : platform_wallet::changeset::core_bridge: wallet-event batch: folded=1 wallets=1 synced_height_persisted=Some(220999) synced_height_frozen=None synced_height_rejected=None faulted=0
17:37:44 [native-log-bridge] DashSdkNative - 09-19 12:37:36.698 19597 19743 I DashSDK : platform_wallet::changeset::core_bridge: wallet-event batch: folded=1 wallets=1 synced_height_persisted=Some(225999) synced_height_frozen=None synced_height_rejected=None faulted=0
17:37:44 [native-log-bridge] DashSdkNative - 09-19 12:37:36.861 19597 19742 I DashSDK : platform_wallet::changeset::core_bridge: wallet-event batch: folded=1 wallets=1 synced_height_persisted=Some(230999) synced_height_frozen=None synced_height_rejected=None faulted=0
17:37:44 [native-log-bridge] DashSdkNative - 09-19 12:37:37.027 19597 19742 I DashSDK : platform_wallet::changeset::core_bridge: wallet-event batch: folded=1 wallets=1 synced_height_persisted=Some(235999) synced_height_frozen=None synced_height_rejected=None faulted=0
17:37:44 [native-log-bridge] DashSdkNative - 09-19 12:37:37.252 19597 19745 I DashSDK : platform_wallet::changeset::core_bridge: wallet-event batch: folded=1 wallets=1 synced_height_persisted=Some(240999) synced_height_frozen=None synced_height_rejected=None faulted=0
17:37:44 [native-log-bridge] DashSdkNative - 09-19 12:37:37.466 19597 19744 I DashSDK : platform_wallet::changeset::core_bridge: wallet-event batch: folded=1 wallets=1 synced_height_persisted=Some(245999) synced_height_frozen=None synced_height_rejected=None faulted=0
17:37:44 [native-log-bridge] DashSdkNative - 09-19 12:37:37.786 19597 19744 I DashSDK : platform_wallet::changeset::core_bridge: wallet-event batch: folded=1 wallets=1 synced_height_persisted=Some(250999) synced_height_frozen=None synced_height_rejected=None faulted=0
17:37:44 [native-log-bridge] DashSdkNative - 09-19 12:37:38.043 19597 19744 I DashSDK : platform_wallet::changeset::core_bridge: wallet-event batch: folded=1 wallets=1 synced_height_persisted=Some(255999) synced_height_frozen=None synced_height_rejected=None faulted=0
17:37:44 [native-log-bridge] DashSdkNative - 09-19 12:37:38.494 19597 19745 I DashSDK : platform_wallet::changeset::core_bridge: wallet-event batch: folded=1 wallets=1 synced_height_persisted=Some(260999) synced_height_frozen=None synced_height_rejected=None faulted=0
17:37:44 [native-log-bridge] DashSdkNative - 09-19 12:37:38.495 19597 19744 I DashSDK : platform_wallet::changeset::core_bridge: wallet-event batch: folded=1 wallets=1 synced_height_persisted=Some(265999) synced_height_frozen=None synced_height_rejected=None faulted=0
17:37:44 [native-log-bridge] DashSdkNative - 09-19 12:37:38.700 19597 19744 I DashSDK : platform_wallet::changeset::core_bridge: wallet-event batch: folded=1 wallets=1 synced_height_persisted=Some(270999) synced_height_frozen=None synced_height_rejected=None faulted=0
17:37:44 [native-log-bridge] DashSdkNative - 09-19 12:37:38.960 19597 19745 I DashSDK : platform_wallet::changeset::core_bridge: wallet-event batch: folded=1 wallets=1 synced_height_persisted=Some(275999) synced_height_frozen=None synced_height_rejected=None faulted=0
17:37:44 [native-log-bridge] DashSdkNative - 09-19 12:37:39.327 19597 19744 I DashSDK : platform_wallet::changeset::core_bridge: wallet-event batch: folded=1 wallets=1 synced_height_persisted=Some(280999) synced_height_frozen=None synced_height_rejected=None faulted=0
17:37:44 [native-log-bridge] DashSdkNative - 09-19 12:37:39.813 19597 19742 I DashSDK : platform_wallet::changeset::core_bridge: wallet-event batch: folded=1 wallets=1 synced_height_persisted=Some(285999) synced_height_frozen=None synced_height_rejected=None faulted=0
17:37:44 [native-log-bridge] DashSdkNative - 09-19 12:37:40.125 19597 19744 I DashSDK : platform_wallet::changeset::core_bridge: wallet-event batch: folded=1 wallets=1 synced_height_persisted=Some(290999) synced_height_frozen=None synced_height_rejected=None faulted=0
17:37:44 [native-log-bridge] DashSdkNative - 09-19 12:37:40.418 19597 19745 I DashSDK : platform_wallet::changeset::core_bridge: wallet-event batch: folded=1 wallets=1 synced_height_persisted=Some(295999) synced_height_frozen=None synced_height_rejected=None faulted=0
17:37:44 [native-log-bridge] DashSdkNative - 09-19 12:37:40.423 19597 19743 I DashSDK : platform_wallet::changeset::core_bridge: wallet-event batch: folded=1 wallets=1 synced_height_persisted=Some(300999) synced_height_frozen=None synced_height_rejected=None faulted=0
17:37:44 [native-log-bridge] DashSdkNative - 09-19 12:37:40.639 19597 19744 I DashSDK : platform_wallet::changeset::core_bridge: wallet-event batch: folded=1 wallets=1 synced_height_persisted=Some(305999) synced_height_frozen=None synced_height_rejected=None faulted=0
17:37:44 [native-log-bridge] DashSdkNative - 09-19 12:37:40.907 19597 19743 I DashSDK : platform_wallet::changeset::core_bridge: wallet-event batch: folded=1 wallets=1 synced_height_persisted=Some(310999) synced_height_frozen=None synced_height_rejected=None faulted=0
17:37:44 [native-log-bridge] DashSdkNative - 09-19 12:37:41.146 19597 19743 I DashSDK : platform_wallet::changeset::core_bridge: wallet-event batch: folded=1 wallets=1 synced_height_persisted=Some(315999) synced_height_frozen=None synced_height_rejected=None faulted=0
17:37:44 [native-log-bridge] DashSdkNative - 09-19 12:37:41.425 19597 19744 I DashSDK : platform_wallet::changeset::core_bridge: wallet-event batch: folded=1 wallets=1 synced_height_persisted=Some(320999) synced_height_frozen=None synced_height_rejected=None faulted=0
17:37:44 [native-log-bridge] DashSdkNative - 09-19 12:37:42.113 19597 19743 I DashSDK : platform_wallet::changeset::core_bridge: wallet-event batch: folded=1 wallets=1 synced_height_persisted=Some(325999) synced_height_frozen=None synced_height_rejected=None faulted=0
17:37:44 [native-log-bridge] DashSdkNative - 09-19 12:37:42.379 19597 19742 I DashSDK : platform_wallet::changeset::core_bridge: wallet-event batch: folded=1 wallets=1 synced_height_persisted=Some(330999) synced_height_frozen=None synced_height_rejected=None faulted=0
17:37:44 [native-log-bridge] DashSdkNative - 09-19 12:37:42.383 19597 19745 I DashSDK : platform_wallet::changeset::core_bridge: wallet-event batch: folded=1 wallets=1 synced_height_persisted=Some(335999) synced_height_frozen=None synced_height_rejected=None faulted=0
17:37:44 [native-log-bridge] DashSdkNative - 09-19 12:37:42.942 19597 19742 I DashSDK : platform_wallet::changeset::core_bridge: wallet-event batch: folded=1 wallets=1 synced_height_persisted=Some(340999) synced_height_frozen=None synced_height_rejected=None faulted=0
17:37:44 [native-log-bridge] DashSdkNative - 09-19 12:37:42.943 19597 19745 I DashSDK : platform_wallet::changeset::core_bridge: wallet-event batch: folded=1 wallets=1 synced_height_persisted=Some(345999) synced_height_frozen=None synced_height_rejected=None faulted=0
17:37:44 [native-log-bridge] DashSdkNative - 09-19 12:37:43.255 19597 19744 I DashSDK : platform_wallet::changeset::core_bridge: wallet-event batch: folded=1 wallets=1 synced_height_persisted=Some(350999) synced_height_frozen=None synced_height_rejected=None faulted=0
17:37:44 [native-log-bridge] DashSdkNative - 09-19 12:37:43.934 19597 19742 I DashSDK : platform_wallet::changeset::core_bridge: wallet-event batch: folded=1 wallets=1 synced_height_persisted=Some(355999) synced_height_frozen=None synced_height_rejected=None faulted=0
17:37:44 [native-log-bridge] DashSdkNative - 09-19 12:37:43.941 19597 19745 I DashSDK : platform_wallet::changeset::core_bridge: wallet-event batch: folded=1 wallets=1 synced_height_persisted=Some(360999) synced_height_frozen=None synced_height_rejected=None faulted=0
17:37:44 [DefaultDispatcher-worker-14] BlockchainServiceImpl - network capabilities changed: 101, hasInternet: true, validated: true
17:37:44 [DefaultDispatcher-worker-14] BlockchainServiceImpl - acquiring check() mutex
17:37:44 [DefaultDispatcher-worker-14] BlockchainServiceImpl - check()
17:37:44 [DefaultDispatcher-worker-14] BlockchainServiceImpl - cutover committed — holding the dashj L1 engine; SDK owns L1 this launch
17:37:44 [DefaultDispatcher-worker-14] BlockchainServiceImpl - releasing check() mutex
17:37:47 [DefaultDispatcher-worker-14] BlockchainServiceImpl - network capabilities changed: 101, hasInternet: true, validated: true
17:37:47 [DefaultDispatcher-worker-14] BlockchainServiceImpl - acquiring check() mutex
17:37:47 [DefaultDispatcher-worker-14] BlockchainServiceImpl - check()
17:37:47 [DefaultDispatcher-worker-14] BlockchainServiceImpl - cutover committed — holding the dashj L1 engine; SDK owns L1 this launch
17:37:47 [DefaultDispatcher-worker-14] BlockchainServiceImpl - releasing check() mutex
17:38:00 [main] BlockchainServiceImpl - MEM pss=496MB nativeHeap=340/412MB jvm=20/576MB
17:38:00 [main] BlockchainServiceImpl - History of transactions/blocks/headers/mnlistdiff (sdk): 0/465000/644873/1556873
17:38:00 [main] BlockchainServiceImpl - replay in progress on the SDK path — acquiring the wake lock
17:38:04 [DefaultDispatcher-worker-4] L1ShadowSyncService - L1Shadow phase=FILTERS 79.6% headers 1556873/1556873 filters 605999/1556873 wallet 605999
17:38:04 [DefaultDispatcher-worker-4] L1ShadowSyncService - ReplayMemTelemetry phase=FILTERS nativeHeapAllocated=374767456 nativeHeapSize=452550656 jvmUsed=22240608 jvmMax=603979776 headers 1556873/1556873 filters 605999 wallet 605999
17:38:14 [native-log-bridge] DashSdkNative - 09-19 12:37:44.323 19597 19743 I DashSDK : platform_wallet::changeset::core_bridge: wallet-event batch: folded=1 wallets=1 synced_height_persisted=Some(365999) synced_height_frozen=None synced_height_rejected=None faulted=0
17:38:14 [native-log-bridge] DashSdkNative - 09-19 12:37:45.021 19597 19744 I DashSDK : platform_wallet::changeset::core_bridge: wallet-event batch: folded=1 wallets=1 synced_height_persisted=Some(370999) synced_height_frozen=None synced_height_rejected=None faulted=0
17:38:14 [native-log-bridge] DashSdkNative - 09-19 12:37:45.315 19597 19743 I DashSDK : platform_wallet::changeset::core_bridge: wallet-event batch: folded=1 wallets=1 synced_height_persisted=Some(375999) synced_height_frozen=None synced_height_rejected=None faulted=0
17:38:14 [native-log-bridge] DashSdkNative - 09-19 12:37:45.645 19597 19742 I DashSDK : platform_wallet::changeset::core_bridge: wallet-event batch: folded=1 wallets=1 synced_height_persisted=Some(380999) synced_height_frozen=None synced_height_rejected=None faulted=0
17:38:14 [native-log-bridge] DashSdkNative - 09-19 12:37:45.672 19597 19743 I DashSDK : platform_wallet::changeset::core_bridge: wallet-event batch: folded=1 wallets=1 synced_height_persisted=Some(385999) synced_height_frozen=None synced_height_rejected=None faulted=0
17:38:14 [native-log-bridge] DashSdkNative - 09-19 12:37:46.324 19597 19742 I DashSDK : platform_wallet::changeset::core_bridge: wallet-event batch: folded=1 wallets=1 synced_height_persisted=Some(390999) synced_height_frozen=None synced_height_rejected=None faulted=0
17:38:14 [native-log-bridge] DashSdkNative - 09-19 12:37:46.349 19597 19744 I DashSDK : platform_wallet::changeset::core_bridge: wallet-event batch: folded=1 wallets=1 synced_height_persisted=Some(395999) synced_height_frozen=None synced_height_rejected=None faulted=0
17:38:14 [native-log-bridge] DashSdkNative - 09-19 12:37:47.234 19597 19745 I DashSDK : platform_wallet::changeset::core_bridge: wallet-event batch: folded=1 wallets=1 synced_height_persisted=Some(400999) synced_height_frozen=None synced_height_rejected=None faulted=0
17:38:14 [native-log-bridge] DashSdkNative - 09-19 12:37:47.777 19597 19745 I DashSDK : platform_wallet::changeset::core_bridge: wallet-event batch: folded=1 wallets=1 synced_height_persisted=Some(405999) synced_height_frozen=None synced_height_rejected=None faulted=0
17:38:14 [native-log-bridge] DashSdkNative - 09-19 12:37:48.370 19597 19745 I DashSDK : platform_wallet::changeset::core_bridge: wallet-event batch: folded=1 wallets=1 synced_height_persisted=Some(410999) synced_height_frozen=None synced_height_rejected=None faulted=0
17:38:14 [native-log-bridge] DashSdkNative - 09-19 12:37:48.866 19597 19742 I DashSDK : platform_wallet::changeset::core_bridge: wallet-event batch: folded=1 wallets=1 synced_height_persisted=Some(415999) synced_height_frozen=None synced_height_rejected=None faulted=0
17:38:14 [native-log-bridge] DashSdkNative - 09-19 12:37:49.262 19597 19743 I DashSDK : platform_wallet::changeset::core_bridge: wallet-event batch: folded=1 wallets=1 synced_height_persisted=Some(420999) synced_height_frozen=None synced_height_rejected=None faulted=0
17:38:14 [native-log-bridge] DashSdkNative - 09-19 12:37:50.119 19597 19743 I DashSDK : platform_wallet::changeset::core_bridge: wallet-event batch: folded=1 wallets=1 synced_height_persisted=Some(425999) synced_height_frozen=None synced_height_rejected=None faulted=0
17:38:14 [native-log-bridge] DashSdkNative - 09-19 12:37:52.043 19597 19743 I DashSDK : platform_wallet::changeset::core_bridge: wallet-event batch: folded=1 wallets=1 synced_height_persisted=Some(430999) synced_height_frozen=None synced_height_rejected=None faulted=0
17:38:14 [native-log-bridge] DashSdkNative - 09-19 12:37:52.931 19597 19744 I DashSDK : platform_wallet::changeset::core_bridge: wallet-event batch: folded=1 wallets=1 synced_height_persisted=Some(435999) synced_height_frozen=None synced_height_rejected=None faulted=0
17:38:14 [native-log-bridge] DashSdkNative - 09-19 12:37:53.303 19597 19745 I DashSDK : platform_wallet::changeset::core_bridge: wallet-event batch: folded=1 wallets=1 synced_height_persisted=Some(440999) synced_height_frozen=None synced_height_rejected=None faulted=0
17:38:14 [native-log-bridge] DashSdkNative - 09-19 12:37:53.515 19597 19742 I DashSDK : platform_wallet::changeset::core_bridge: wallet-event batch: folded=1 wallets=1 synced_height_persisted=Some(445999) synced_height_frozen=None synced_height_rejected=None faulted=0
17:38:14 [native-log-bridge] DashSdkNative - 09-19 12:37:53.860 19597 19744 I DashSDK : platform_wallet::changeset::core_bridge: wallet-event batch: folded=1 wallets=1 synced_height_persisted=Some(450999) synced_height_frozen=None synced_height_rejected=None faulted=0
17:38:14 [native-log-bridge] DashSdkNative - 09-19 12:37:54.153 19597 19744 I DashSDK : platform_wallet::changeset::core_bridge: wallet-event batch: folded=1 wallets=1 synced_height_persisted=Some(455999) synced_height_frozen=None synced_height_rejected=None faulted=0
17:38:14 [native-log-bridge] DashSdkNative - 09-19 12:37:54.367 19597 19743 I DashSDK : platform_wallet::changeset::core_bridge: wallet-event batch: folded=1 wallets=1 synced_height_persisted=Some(460999) synced_height_frozen=None synced_height_rejected=None faulted=0
17:38:14 [native-log-bridge] DashSdkNative - 09-19 12:37:54.656 19597 19743 I DashSDK : platform_wallet::changeset::core_bridge: wallet-event batch: folded=1 wallets=1 synced_height_persisted=Some(465999) synced_height_frozen=None synced_height_rejected=None faulted=0
17:38:14 [native-log-bridge] DashSdkNative - 09-19 12:37:54.868 19597 19742 I DashSDK : platform_wallet::changeset::core_bridge: wallet-event batch: folded=1 wallets=1 synced_height_persisted=Some(470999) synced_height_frozen=None synced_height_rejected=None faulted=0
17:38:14 [native-log-bridge] DashSdkNative - 09-19 12:37:55.144 19597 19744 I DashSDK : platform_wallet::changeset::core_bridge: wallet-event batch: folded=1 wallets=1 synced_height_persisted=Some(475999) synced_height_frozen=None synced_height_rejected=None faulted=0
17:38:14 [native-log-bridge] DashSdkNative - 09-19 12:37:55.444 19597 19745 I DashSDK : platform_wallet::changeset::core_bridge: wallet-event batch: folded=1 wallets=1 synced_height_persisted=Some(480999) synced_height_frozen=None synced_height_rejected=None faulted=0
17:38:14 [native-log-bridge] DashSdkNative - 09-19 12:37:55.716 19597 19745 I DashSDK : platform_wallet::changeset::core_bridge: wallet-event batch: folded=1 wallets=1 synced_height_persisted=Some(485999) synced_height_frozen=None synced_height_rejected=None faulted=0
17:38:14 [native-log-bridge] DashSdkNative - 09-19 12:37:55.946 19597 19745 I DashSDK : platform_wallet::changeset::core_bridge: wallet-event batch: folded=1 wallets=1 synced_height_persisted=Some(490999) synced_height_frozen=None synced_height_rejected=None faulted=0
17:38:14 [native-log-bridge] DashSdkNative - 09-19 12:37:56.144 19597 19744 I DashSDK : platform_wallet::changeset::core_bridge: wallet-event batch: folded=1 wallets=1 synced_height_persisted=Some(495999) synced_height_frozen=None synced_height_rejected=None faulted=0
17:38:14 [native-log-bridge] DashSdkNative - 09-19 12:37:56.385 19597 19742 I DashSDK : platform_wallet::changeset::core_bridge: wallet-event batch: folded=1 wallets=1 synced_height_persisted=Some(500999) synced_height_frozen=None synced_height_rejected=None faulted=0
17:38:14 [native-log-bridge] DashSdkNative - 09-19 12:37:56.589 19597 19742 I DashSDK : platform_wallet::changeset::core_bridge: wallet-event batch: folded=1 wallets=1 synced_height_persisted=Some(505999) synced_height_frozen=None synced_height_rejected=None faulted=0
17:38:14 [native-log-bridge] DashSdkNative - 09-19 12:37:56.806 19597 19745 I DashSDK : platform_wallet::changeset::core_bridge: wallet-event batch: folded=1 wallets=1 synced_height_persisted=Some(510999) synced_height_frozen=None synced_height_rejected=None faulted=0
17:38:14 [native-log-bridge] DashSdkNative - 09-19 12:37:57.087 19597 19745 I DashSDK : platform_wallet::changeset::core_bridge: wallet-event batch: folded=1 wallets=1 synced_height_persisted=Some(515999) synced_height_frozen=None synced_height_rejected=None faulted=0
17:38:14 [native-log-bridge] DashSdkNative - 09-19 12:37:57.289 19597 19743 I DashSDK : platform_wallet::changeset::core_bridge: wallet-event batch: folded=1 wallets=1 synced_height_persisted=Some(520999) synced_height_frozen=None synced_height_rejected=None faulted=0
17:38:14 [native-log-bridge] DashSdkNative - 09-19 12:37:57.297 19597 19744 I DashSDK : platform_wallet::changeset::core_bridge: wallet-event batch: folded=1 wallets=1 synced_height_persisted=Some(525999) synced_height_frozen=None synced_height_rejected=None faulted=0
17:38:14 [native-log-bridge] DashSdkNative - 09-19 12:37:57.866 19597 19744 I DashSDK : platform_wallet::changeset::core_bridge: wallet-event batch: folded=1 wallets=1 synced_height_persisted=Some(530999) synced_height_frozen=None synced_height_rejected=None faulted=0
17:38:14 [native-log-bridge] DashSdkNative - 09-19 12:37:57.869 19597 19743 I DashSDK : platform_wallet::changeset::core_bridge: wallet-event batch: folded=1 wallets=1 synced_height_persisted=Some(535999) synced_height_frozen=None synced_height_rejected=None faulted=0
17:38:14 [native-log-bridge] DashSdkNative - 09-19 12:37:58.600 19597 19743 I DashSDK : platform_wallet::changeset::core_bridge: wallet-event batch: folded=1 wallets=1 synced_height_persisted=Some(540999) synced_height_frozen=None synced_height_rejected=None faulted=0
17:38:14 [native-log-bridge] DashSdkNative - 09-19 12:37:58.642 19597 19743 I DashSDK : platform_wallet::changeset::core_bridge: wallet-event batch: folded=1 wallets=1 synced_height_persisted=Some(545999) synced_height_frozen=None synced_height_rejected=None faulted=0
17:38:14 [native-log-bridge] DashSdkNative - 09-19 12:37:59.008 19597 19744 I DashSDK : platform_wallet::changeset::core_bridge: wallet-event batch: folded=1 wallets=1 synced_height_persisted=Some(550999) synced_height_frozen=None synced_height_rejected=None faulted=0
17:38:14 [native-log-bridge] DashSdkNative - 09-19 12:37:59.885 19597 19745 I DashSDK : platform_wallet::changeset::core_bridge: wallet-event batch: folded=1 wallets=1 synced_height_persisted=Some(555999) synced_height_frozen=None synced_height_rejected=None faulted=0
17:38:14 [native-log-bridge] DashSdkNative - 09-19 12:37:59.920 19597 19743 I DashSDK : platform_wallet::changeset::core_bridge: wallet-event batch: folded=1 wallets=1 synced_height_persisted=Some(560999) synced_height_frozen=None synced_height_rejected=None faulted=0
17:38:14 [native-log-bridge] DashSdkNative - 09-19 12:38:00.283 19597 19743 I DashSDK : platform_wallet::changeset::core_bridge: wallet-event batch: folded=1 wallets=1 synced_height_persisted=Some(565999) synced_height_frozen=None synced_height_rejected=None faulted=0
17:38:14 [native-log-bridge] DashSdkNative - 09-19 12:38:00.659 19597 19742 I DashSDK : platform_wallet::changeset::core_bridge: wallet-event batch: folded=1 wallets=1 synced_height_persisted=Some(570999) synced_height_frozen=None synced_height_rejected=None faulted=0
17:38:14 [native-log-bridge] DashSdkNative - 09-19 12:38:01.290 19597 19742 I DashSDK : platform_wallet::changeset::core_bridge: wallet-event batch: folded=1 wallets=1 synced_height_persisted=Some(575999) synced_height_frozen=None synced_height_rejected=None faulted=0
17:38:14 [native-log-bridge] DashSdkNative - 09-19 12:38:02.010 19597 19744 I DashSDK : platform_wallet::changeset::core_bridge: wallet-event batch: folded=1 wallets=1 synced_height_persisted=Some(580999) synced_height_frozen=None synced_height_rejected=None faulted=0
17:38:14 [native-log-bridge] DashSdkNative - 09-19 12:38:02.418 19597 19745 I DashSDK : platform_wallet::changeset::core_bridge: wallet-event batch: folded=1 wallets=1 synced_height_persisted=Some(585999) synced_height_frozen=None synced_height_rejected=None faulted=0
17:38:14 [native-log-bridge] DashSdkNative - 09-19 12:38:02.749 19597 19744 I DashSDK : platform_wallet::changeset::core_bridge: wallet-event batch: folded=1 wallets=1 synced_height_persisted=Some(590999) synced_height_frozen=None synced_height_rejected=None faulted=0
17:38:14 [native-log-bridge] DashSdkNative - 09-19 12:38:03.225 19597 19745 I DashSDK : platform_wallet::changeset::core_bridge: wallet-event batch: folded=1 wallets=1 synced_height_persisted=Some(595999) synced_height_frozen=None synced_height_rejected=None faulted=0
17:38:14 [native-log-bridge] DashSdkNative - 09-19 12:38:03.879 19597 19744 I DashSDK : platform_wallet::changeset::core_bridge: wallet-event batch: folded=1 wallets=1 synced_height_persisted=Some(600999) synced_height_frozen=None synced_height_rejected=None faulted=0
17:38:14 [native-log-bridge] DashSdkNative - 09-19 12:38:04.452 19597 19743 I DashSDK : platform_wallet::changeset::core_bridge: wallet-event batch: folded=1 wallets=1 synced_height_persisted=Some(605999) synced_height_frozen=None synced_height_rejected=None faulted=0
17:38:14 [native-log-bridge] DashSdkNative - 09-19 12:38:04.741 19597 19742 I DashSDK : platform_wallet::changeset::core_bridge: wallet-event batch: folded=1 wallets=1 synced_height_persisted=Some(610999) synced_height_frozen=None synced_height_rejected=None faulted=0
17:38:14 [native-log-bridge] DashSdkNative - 09-19 12:38:05.237 19597 19745 I DashSDK : platform_wallet::changeset::core_bridge: wallet-event batch: folded=1 wallets=1 synced_height_persisted=Some(615999) synced_height_frozen=None synced_height_rejected=None faulted=0
17:38:14 [native-log-bridge] DashSdkNative - 09-19 12:38:05.278 19597 19742 I DashSDK : platform_wallet::changeset::core_bridge: wallet-event batch: folded=1 wallets=1 synced_height_persisted=Some(620999) synced_height_frozen=None synced_height_rejected=None faulted=0
17:38:14 [native-log-bridge] DashSdkNative - 09-19 12:38:05.632 19597 19744 I DashSDK : platform_wallet::changeset::core_bridge: wallet-event batch: folded=1 wallets=1 synced_height_persisted=Some(625999) synced_height_frozen=None synced_height_rejected=None faulted=0
17:38:14 [native-log-bridge] DashSdkNative - 09-19 12:38:06.826 19597 19744 I DashSDK : platform_wallet::changeset::core_bridge: wallet-event batch: folded=1 wallets=1 synced_height_persisted=Some(630999) synced_height_frozen=None synced_height_rejected=None faulted=0
17:38:14 [native-log-bridge] DashSdkNative - 09-19 12:38:06.831 19597 19744 I DashSDK : platform_wallet::changeset::core_bridge: wallet-event batch: folded=1 wallets=1 synced_height_persisted=Some(635999) synced_height_frozen=None synced_height_rejected=None faulted=0
17:38:14 [native-log-bridge] DashSdkNative - 09-19 12:38:07.893 19597 19744 I DashSDK : platform_wallet::changeset::core_bridge: wallet-event batch: folded=1 wallets=1 synced_height_persisted=Some(640999) synced_height_frozen=None synced_height_rejected=None faulted=0
17:38:14 [native-log-bridge] DashSdkNative - 09-19 12:38:07.899 19597 19742 I DashSDK : platform_wallet::changeset::core_bridge: wallet-event batch: folded=1 wallets=1 synced_height_persisted=Some(645999) synced_height_frozen=None synced_height_rejected=None faulted=0
17:38:14 [native-log-bridge] DashSdkNative - 09-19 12:38:08.511 19597 19743 I DashSDK : platform_wallet::changeset::core_bridge: wallet-event batch: folded=1 wallets=1 synced_height_persisted=Some(650999) synced_height_frozen=None synced_height_rejected=None faulted=0
17:38:14 [native-log-bridge] DashSdkNative - 09-19 12:38:08.814 19597 19745 I DashSDK : platform_wallet::changeset::core_bridge: wallet-event batch: folded=1 wallets=1 synced_height_persisted=Some(655999) synced_height_frozen=None synced_height_rejected=None faulted=0
17:38:14 [native-log-bridge] DashSdkNative - 09-19 12:38:09.151 19597 19743 I DashSDK : platform_wallet::changeset::core_bridge: wallet-event batch: folded=1 wallets=1 synced_height_persisted=Some(660999) synced_height_frozen=None synced_height_rejected=None faulted=0
17:38:14 [native-log-bridge] DashSdkNative - 09-19 12:38:09.452 19597 19745 I DashSDK : platform_wallet::changeset::core_bridge: wallet-event batch: folded=1 wallets=1 synced_height_persisted=Some(665999) synced_height_frozen=None synced_height_rejected=None faulted=0
17:38:14 [native-log-bridge] DashSdkNative - 09-19 12:38:09.735 19597 19743 I DashSDK : platform_wallet::changeset::core_bridge: wallet-event batch: folded=1 wallets=1 synced_height_persisted=Some(670999) synced_height_frozen=None synced_height_rejected=None faulted=0
17:38:14 [native-log-bridge] DashSdkNative - 09-19 12:38:09.992 19597 19744 I DashSDK : platform_wallet::changeset::core_bridge: wallet-event batch: folded=1 wallets=1 synced_height_persisted=Some(675999) synced_height_frozen=None synced_height_rejected=None faulted=0
17:38:14 [native-log-bridge] DashSdkNative - 09-19 12:38:10.256 19597 19745 I DashSDK : platform_wallet::changeset::core_bridge: wallet-event batch: folded=1 wallets=1 synced_height_persisted=Some(680999) synced_height_frozen=None synced_height_rejected=None faulted=0
17:38:14 [native-log-bridge] DashSdkNative - 09-19 12:38:10.600 19597 19742 I DashSDK : platform_wallet::changeset::core_bridge: wallet-event batch: folded=1 wallets=1 synced_height_persisted=Some(685999) synced_height_frozen=None synced_height_rejected=None faulted=0
17:38:14 [native-log-bridge] DashSdkNative - 09-19 12:38:10.971 19597 19744 I DashSDK : platform_wallet::changeset::core_bridge: wallet-event batch: folded=1 wallets=1 synced_height_persisted=Some(690999) synced_height_frozen=None synced_height_rejected=None faulted=0
17:38:14 [native-log-bridge] DashSdkNative - 09-19 12:38:11.553 19597 19743 I DashSDK : platform_wallet::changeset::core_bridge: wallet-event batch: folded=1 wallets=1 synced_height_persisted=Some(695999) synced_height_frozen=None synced_height_rejected=None faulted=0
17:38:14 [native-log-bridge] DashSdkNative - 09-19 12:38:12.322 19597 19742 I DashSDK : platform_wallet::changeset::core_bridge: wallet-event batch: folded=1 wallets=1 synced_height_persisted=Some(700999) synced_height_frozen=None synced_height_rejected=None faulted=0
17:38:14 [native-log-bridge] DashSdkNative - 09-19 12:38:13.179 19597 19743 I DashSDK : platform_wallet::changeset::core_bridge: wallet-event batch: folded=1 wallets=1 synced_height_persisted=Some(705999) synced_height_frozen=None synced_height_rejected=None faulted=0
17:38:14 [native-log-bridge] DashSdkNative - 09-19 12:38:14.052 19597 19743 I DashSDK : platform_wallet::changeset::core_bridge: wallet-event batch: folded=1 wallets=1 synced_height_persisted=Some(710999) synced_height_frozen=None synced_height_rejected=None faulted=0
17:38:38 [DefaultDispatcher-worker-10] L1ShadowSyncService - L1Shadow phase=FILTERS 85.4% headers 1556873/1556873 filters 875999/1556873 wallet 875999
17:38:38 [DefaultDispatcher-worker-10] L1ShadowSyncService - ReplayMemTelemetry phase=FILTERS nativeHeapAllocated=351041728 nativeHeapSize=412381184 jvmUsed=20364592 jvmMax=603979776 headers 1556873/1556873 filters 875999 wallet 875999
17:38:44 [native-log-bridge] DashSdkNative - 09-19 12:38:14.798 19597 19744 I DashSDK : platform_wallet::changeset::core_bridge: wallet-event batch: folded=1 wallets=1 synced_height_persisted=Some(715999) synced_height_frozen=None synced_height_rejected=None faulted=0
17:38:44 [native-log-bridge] DashSdkNative - 09-19 12:38:15.833 19597 19744 I DashSDK : platform_wallet::changeset::core_bridge: wallet-event batch: folded=1 wallets=1 synced_height_persisted=Some(720999) synced_height_frozen=None synced_height_rejected=None faulted=0
17:38:44 [native-log-bridge] DashSdkNative - 09-19 12:38:17.211 19597 19743 I DashSDK : platform_wallet::changeset::core_bridge: wallet-event batch: folded=1 wallets=1 synced_height_persisted=Some(725999) synced_height_frozen=None synced_height_rejected=None faulted=0
17:38:44 [native-log-bridge] DashSdkNative - 09-19 12:38:18.405 19597 19742 I DashSDK : platform_wallet::changeset::core_bridge: wallet-event batch: folded=1 wallets=1 synced_height_persisted=Some(730999) synced_height_frozen=None synced_height_rejected=None faulted=0
17:38:44 [native-log-bridge] DashSdkNative - 09-19 12:38:19.241 19597 19743 I DashSDK : platform_wallet::changeset::core_bridge: wallet-event batch: folded=1 wallets=1 synced_height_persisted=Some(735999) synced_height_frozen=None synced_height_rejected=None faulted=0
17:38:44 [native-log-bridge] DashSdkNative - 09-19 12:38:20.443 19597 19745 I DashSDK : platform_wallet::changeset::core_bridge: wallet-event batch: folded=1 wallets=1 synced_height_persisted=Some(740999) synced_height_frozen=None synced_height_rejected=None faulted=0
17:38:44 [native-log-bridge] DashSdkNative - 09-19 12:38:21.125 19597 19745 I DashSDK : platform_wallet::changeset::core_bridge: wallet-event batch: folded=1 wallets=1 synced_height_persisted=Some(745999) synced_height_frozen=None synced_height_rejected=None faulted=0
17:38:44 [native-log-bridge] DashSdkNative - 09-19 12:38:22.114 19597 19742 I DashSDK : platform_wallet::changeset::core_bridge: wallet-event batch: folded=1 wallets=1 synced_height_persisted=Some(750999) synced_height_frozen=None synced_height_rejected=None faulted=0
17:38:44 [native-log-bridge] DashSdkNative - 09-19 12:38:22.848 19597 19742 I DashSDK : platform_wallet::changeset::core_bridge: wallet-event batch: folded=1 wallets=1 synced_height_persisted=Some(755999) synced_height_frozen=None synced_height_rejected=None faulted=0
17:38:44 [native-log-bridge] DashSdkNative - 09-19 12:38:23.469 19597 19744 I DashSDK : platform_wallet::changeset::core_bridge: wallet-event batch: folded=1 wallets=1 synced_height_persisted=Some(760999) synced_height_frozen=None synced_height_rejected=None faulted=0
17:38:44 [native-log-bridge] DashSdkNative - 09-19 12:38:23.909 19597 19743 I DashSDK : platform_wallet::changeset::core_bridge: wallet-event batch: folded=1 wallets=1 synced_height_persisted=Some(765999) synced_height_frozen=None synced_height_rejected=None faulted=0
17:38:44 [native-log-bridge] DashSdkNative - 09-19 12:38:24.156 19597 19744 I DashSDK : platform_wallet::changeset::core_bridge: wallet-event batch: folded=1 wallets=1 synced_height_persisted=Some(770999) synced_height_frozen=None synced_height_rejected=None faulted=0
17:38:44 [native-log-bridge] DashSdkNative - 09-19 12:38:28.814 19597 19745 I DashSDK : platform_wallet::changeset::core_bridge: wallet-event batch: folded=1 wallets=1 synced_height_persisted=Some(775999) synced_height_frozen=None synced_height_rejected=None faulted=0
17:38:44 [native-log-bridge] DashSdkNative - 09-19 12:38:29.240 19597 19743 I DashSDK : platform_wallet::changeset::core_bridge: wallet-event batch: folded=1 wallets=1 synced_height_persisted=Some(780999) synced_height_frozen=None synced_height_rejected=None faulted=0
17:38:44 [native-log-bridge] DashSdkNative - 09-19 12:38:29.497 19597 19742 I DashSDK : platform_wallet::changeset::core_bridge: wallet-event batch: folded=1 wallets=1 synced_height_persisted=Some(785999) synced_height_frozen=None synced_height_rejected=None faulted=0
17:38:44 [native-log-bridge] DashSdkNative - 09-19 12:38:29.708 19597 19745 I DashSDK : platform_wallet::changeset::core_bridge: wallet-event batch: folded=1 wallets=1 synced_height_persisted=Some(790999) synced_height_frozen=None synced_height_rejected=None faulted=0
17:38:44 [native-log-bridge] DashSdkNative - 09-19 12:38:29.994 19597 19745 I DashSDK : platform_wallet::changeset::core_bridge: wallet-event batch: folded=1 wallets=1 synced_height_persisted=Some(795999) synced_height_frozen=None synced_height_rejected=None faulted=0
17:38:44 [native-log-bridge] DashSdkNative - 09-19 12:38:30.180 19597 19742 I DashSDK : platform_wallet::changeset::core_bridge: wallet-event batch: folded=1 wallets=1 synced_height_persisted=Some(800999) synced_height_frozen=None synced_height_rejected=None faulted=0
17:38:44 [native-log-bridge] DashSdkNative - 09-19 12:38:30.436 19597 19742 I DashSDK : platform_wallet::changeset::core_bridge: wallet-event batch: folded=1 wallets=1 synced_height_persisted=Some(805999) synced_height_frozen=None synced_height_rejected=None faulted=0
17:38:44 [native-log-bridge] DashSdkNative - 09-19 12:38:30.598 19597 19743 I DashSDK : platform_wallet::changeset::core_bridge: wallet-event batch: folded=1 wallets=1 synced_height_persisted=Some(810999) synced_height_frozen=None synced_height_rejected=None faulted=0
17:38:44 [native-log-bridge] DashSdkNative - 09-19 12:38:30.798 19597 19744 I DashSDK : platform_wallet::changeset::core_bridge: wallet-event batch: folded=1 wallets=1 synced_height_persisted=Some(815999) synced_height_frozen=None synced_height_rejected=None faulted=0
17:38:44 [native-log-bridge] DashSdkNative - 09-19 12:38:31.007 19597 19743 I DashSDK : platform_wallet::changeset::core_bridge: wallet-event batch: folded=1 wallets=1 synced_height_persisted=Some(820999) synced_height_frozen=None synced_height_rejected=None faulted=0
17:38:44 [native-log-bridge] DashSdkNative - 09-19 12:38:31.216 19597 19742 I DashSDK : platform_wallet::changeset::core_bridge: wallet-event batch: folded=1 wallets=1 synced_height_persisted=Some(825999) synced_height_frozen=None synced_height_rejected=None faulted=0
17:38:44 [native-log-bridge] DashSdkNative - 09-19 12:38:31.505 19597 19744 I DashSDK : platform_wallet::changeset::core_bridge: wallet-event batch: folded=1 wallets=1 synced_height_persisted=Some(830999) synced_height_frozen=None synced_height_rejected=None faulted=0
17:38:44 [native-log-bridge] DashSdkNative - 09-19 12:38:31.678 19597 19745 I DashSDK : platform_wallet::changeset::core_bridge: wallet-event batch: folded=1 wallets=1 synced_height_persisted=Some(835999) synced_height_frozen=None synced_height_rejected=None faulted=0
17:38:44 [native-log-bridge] DashSdkNative - 09-19 12:38:31.873 19597 19744 I DashSDK : platform_wallet::changeset::core_bridge: wallet-event batch: folded=1 wallets=1 synced_height_persisted=Some(840999) synced_height_frozen=None synced_height_rejected=None faulted=0
17:38:44 [native-log-bridge] DashSdkNative - 09-19 12:38:32.065 19597 19743 I DashSDK : platform_wallet::changeset::core_bridge: wallet-event batch: folded=1 wallets=1 synced_height_persisted=Some(845999) synced_height_frozen=None synced_height_rejected=None faulted=0
17:38:44 [native-log-bridge] DashSdkNative - 09-19 12:38:32.293 19597 19744 I DashSDK : platform_wallet::changeset::core_bridge: wallet-event batch: folded=1 wallets=1 synced_height_persisted=Some(850999) synced_height_frozen=None synced_height_rejected=None faulted=0
17:38:44 [native-log-bridge] DashSdkNative - 09-19 12:38:32.512 19597 19745 I DashSDK : platform_wallet::changeset::core_bridge: wallet-event batch: folded=1 wallets=1 synced_height_persisted=Some(855999) synced_height_frozen=None synced_height_rejected=None faulted=0
17:38:44 [native-log-bridge] DashSdkNative - 09-19 12:38:32.683 19597 19745 I DashSDK : platform_wallet::changeset::core_bridge: wallet-event batch: folded=1 wallets=1 synced_height_persisted=Some(860999) synced_height_frozen=None synced_height_rejected=None faulted=0
17:38:44 [native-log-bridge] DashSdkNative - 09-19 12:38:33.102 19597 19742 I DashSDK : platform_wallet::changeset::core_bridge: wallet-event batch: folded=1 wallets=1 synced_height_persisted=Some(865999) synced_height_frozen=None synced_height_rejected=None faulted=0
17:38:44 [native-log-bridge] DashSdkNative - 09-19 12:38:33.727 19597 19744 I DashSDK : platform_wallet::changeset::core_bridge: wallet-event batch: folded=1 wallets=1 synced_height_persisted=Some(870999) synced_height_frozen=None synced_height_rejected=None faulted=0
17:38:44 [native-log-bridge] DashSdkNative - 09-19 12:38:37.256 19597 19742 I DashSDK : platform_wallet::changeset::core_bridge: wallet-event batch: folded=1 wallets=1 synced_height_persisted=Some(875999) synced_height_frozen=None synced_height_rejected=None faulted=0
17:38:44 [native-log-bridge] DashSdkNative - 09-19 12:38:38.325 19597 19744 I DashSDK : platform_wallet::changeset::core_bridge: wallet-event batch: folded=1 wallets=1 synced_height_persisted=Some(880999) synced_height_frozen=None synced_height_rejected=None faulted=0
17:38:44 [native-log-bridge] DashSdkNative - 09-19 12:38:39.403 19597 19742 I DashSDK : platform_wallet::changeset::core_bridge: wallet-event batch: folded=1 wallets=1 synced_height_persisted=Some(885999) synced_height_frozen=None synced_height_rejected=None faulted=0
17:38:44 [native-log-bridge] DashSdkNative - 09-19 12:38:40.621 19597 19742 I DashSDK : platform_wallet::changeset::core_bridge: wallet-event batch: folded=1 wallets=1 synced_height_persisted=Some(890999) synced_height_frozen=None synced_height_rejected=None faulted=0
17:38:44 [native-log-bridge] DashSdkNative - 09-19 12:38:41.415 19597 19745 I DashSDK : platform_wallet::changeset::core_bridge: wallet-event batch: folded=1 wallets=1 synced_height_persisted=Some(895999) synced_height_frozen=None synced_height_rejected=None faulted=0
17:38:44 [native-log-bridge] DashSdkNative - 09-19 12:38:42.697 19597 19744 I DashSDK : platform_wallet::changeset::core_bridge: wallet-event batch: folded=1 wallets=1 synced_height_persisted=Some(900999) synced_height_frozen=None synced_height_rejected=None faulted=0
17:38:44 [native-log-bridge] DashSdkNative - 09-19 12:38:43.976 19597 19744 I DashSDK : platform_wallet::changeset::core_bridge: wallet-event batch: folded=1 wallets=1 synced_height_persisted=Some(905999) synced_height_frozen=None synced_height_rejected=None faulted=0
17:39:00 [main] BlockchainServiceImpl - MEM pss=550MB nativeHeap=390/463MB jvm=21/576MB
17:39:00 [main] BlockchainServiceImpl - History of transactions/blocks/headers/mnlistdiff (sdk): 0/675000/0/0, 0/465000/644873/1556873
17:39:09 [DefaultDispatcher-worker-9] L1ShadowSyncService - L1Shadow phase=FILTERS 98.5% headers 1556873/1556873 filters 1485999/1556873 wallet 1485999
17:39:09 [DefaultDispatcher-worker-9] L1ShadowSyncService - ReplayMemTelemetry phase=FILTERS nativeHeapAllocated=414064288 nativeHeapSize=495951872 jvmUsed=23965024 jvmMax=603979776 headers 1556873/1556873 filters 1485999 wallet 1485999
17:39:11 [DefaultDispatcher-worker-5] BlockchainServiceImpl - network capabilities changed: 101, hasInternet: true, validated: true
17:39:11 [DefaultDispatcher-worker-5] BlockchainServiceImpl - acquiring check() mutex
17:39:11 [DefaultDispatcher-worker-5] BlockchainServiceImpl - check()
17:39:11 [DefaultDispatcher-worker-5] BlockchainServiceImpl - cutover committed — holding the dashj L1 engine; SDK owns L1 this launch
17:39:11 [DefaultDispatcher-worker-5] BlockchainServiceImpl - releasing check() mutex
17:39:12 [DefaultDispatcher-worker-13] CutoverUiDataService - SDK balance published: 100000000 duffs (was 0) | l1Synced=false rescanArmedHold=true dashPayBackfill(armed=false,replaying=false) deferredContactBuilds=0 (unchangedReads=3) persistedAsLastKnown=false lastKnown=0
17:39:12 [DefaultDispatcher-worker-6] CutoverUiDataService - cutover UI display sync: 1 SDK records → 1 inserts, 0 status updates
17:39:12 [DefaultDispatcher-worker-6] CutoverUiDataService - SDK-discovered receive c6fe82fdebc597c9061c11afeb64ba40df841f5de11a77e0ef24eb7404f97e41 (100000000 duffs) — notifying
17:39:12 [main] WalletTransactionsFragment - STARTUP submitData called on thread=main at 1789839552106
17:39:12 [main] WalletTransactionsFragment - STARTUP swapping to live adapter: 2 items at 1789839552108
17:39:12 [DefaultDispatcher-worker-1] CutoverUiDataService - cutover UI display sync: 4 SDK records → 3 inserts, 0 status updates
17:39:12 [DefaultDispatcher-worker-1] CutoverUiDataService - SDK-discovered receive 057b1808741470e8f084aeee2fa377934366d9d06e80477cd2f1ff8a3574410b (100000000 duffs) — notifying
17:39:12 [main] WalletTransactionsFragment - STARTUP submitData called on thread=main at 1789839552116
17:39:13 [DefaultDispatcher-worker-7] L1ShadowSyncService - L1 engine chainlock height 1556872 -> 1556873
17:39:14 [DefaultDispatcher-worker-8] BlockchainServiceImpl - network capabilities changed: 101, hasInternet: true, validated: true
17:39:14 [DefaultDispatcher-worker-8] BlockchainServiceImpl - acquiring check() mutex
17:39:14 [DefaultDispatcher-worker-8] BlockchainServiceImpl - check()
17:39:14 [DefaultDispatcher-worker-8] BlockchainServiceImpl - cutover committed — holding the dashj L1 engine; SDK owns L1 this launch
17:39:14 [DefaultDispatcher-worker-8] BlockchainServiceImpl - releasing check() mutex
17:39:14 [DefaultDispatcher-worker-7] L1ShadowSyncService - L1Shadow phase=SYNCED 100.0% headers 1556873/1556873 filters 1556873/1556873 wallet 1556873
17:39:14 [DefaultDispatcher-worker-7] L1ShadowSyncService - ReplayMemTelemetry phase=SYNCED nativeHeapAllocated=330730576 nativeHeapSize=422952960 jvmUsed=25079136 jvmMax=603979776 headers 1556873/1556873 filters 1556873 wallet 1556873 SETTLED
17:39:14 [main] HistoryHeaderAdapter - set invite, synced = true
17:39:14 [DefaultDispatcher-worker-2] MainViewModel - blockchain state update: mnlist=1556873; chain=1556873; wallet=-1
17:39:14 [DefaultDispatcher-worker-14] TxDisplayCacheService - Sync complete (cutoverCommitted=true): SDK=1 records | dashj wallet=0 txs | group cache=0 txs/0 groups | display=4 rows — cache is complete (SDK holds 1 records, display has 4 rows)
17:39:14 [main] BlockchainServiceImpl - cutover committed and SDK L1 scan synced — triggering identity/contacts discovery
17:39:14 [DefaultDispatcher-worker-14] BlockchainIdentityData - creation: BlockchainIdentityData(NONE, null, null, null, null, null)
17:39:14 [DefaultDispatcher-worker-14] PlatformSynchronizationService - discoverAndRecoverIdentity: checking for existing associated identity
17:39:14 [DefaultDispatcher-worker-14] SecurityGuard - loading security guard [healthy=true] with keys: [keystore_healthy, fallback_pin_wallet_password_key, primary_ui_pin_key, modern_encryption_migration_complete, fallback_mnemonic_wallet_password_key, primary_wallet_password_key, fallback_mnemonic_ui_pin_key]
17:39:14 [DefaultDispatcher-worker-11] L1ShadowSyncService - WalletBalanceFacts: total=100000000 accounts={bip44:100000000, bip32:0, coinjoin:0, identityRegistration:0, identityTopUpUnbound:0, identityInvitation:0, assetLockTopUp:0, assetLockShieldedTopUp:0, providerVoting:0, providerOwner:0, providerOperator:0, providerPlatform:0} confirmed=100000000 unconfirmed=0 txCount=4
17:39:14 [DefaultDispatcher-worker-14] ModernEncryptionProvider - Decrypted data for alias: wallet_password_key
17:39:14 [native-log-bridge] DashSdkNative - 09-19 12:38:45.220 19597 19742 I DashSDK : platform_wallet::changeset::core_bridge: wallet-event batch: folded=1 wallets=1 synced_height_persisted=Some(910999) synced_height_frozen=None synced_height_rejected=None faulted=0
17:39:14 [native-log-bridge] DashSdkNative - 09-19 12:38:47.405 19597 19745 I DashSDK : platform_wallet::changeset::core_bridge: wallet-event batch: folded=1 wallets=1 synced_height_persisted=Some(915999) synced_height_frozen=None synced_height_rejected=None faulted=0
17:39:14 [native-log-bridge] DashSdkNative - 09-19 12:38:47.758 19597 19742 I DashSDK : platform_wallet::changeset::core_bridge: wallet-event batch: folded=1 wallets=1 synced_height_persisted=Some(920999) synced_height_frozen=None synced_height_rejected=None faulted=0
17:39:14 [native-log-bridge] DashSdkNative - 09-19 12:38:47.923 19597 19745 I DashSDK : platform_wallet::changeset::core_bridge: wallet-event batch: folded=1 wallets=1 synced_height_persisted=Some(925999) synced_height_frozen=None synced_height_rejected=None faulted=0
17:39:14 [native-log-bridge] DashSdkNative - 09-19 12:38:48.102 19597 19744 I DashSDK : platform_wallet::changeset::core_bridge: wallet-event batch: folded=1 wallets=1 synced_height_persisted=Some(930999) synced_height_frozen=None synced_height_rejected=None faulted=0
17:39:14 [native-log-bridge] DashSdkNative - 09-19 12:38:48.316 19597 19745 I DashSDK : platform_wallet::changeset::core_bridge: wallet-event batch: folded=1 wallets=1 synced_height_persisted=Some(935999) synced_height_frozen=None synced_height_rejected=None faulted=0
17:39:14 [native-log-bridge] DashSdkNative - 09-19 12:38:48.502 19597 19743 I DashSDK : platform_wallet::changeset::core_bridge: wallet-event batch: folded=1 wallets=1 synced_height_persisted=Some(940999) synced_height_frozen=None synced_height_rejected=None faulted=0
17:39:14 [native-log-bridge] DashSdkNative - 09-19 12:38:48.696 19597 19742 I DashSDK : platform_wallet::changeset::core_bridge: wallet-event batch: folded=1 wallets=1 synced_height_persisted=Some(945999) synced_height_frozen=None synced_height_rejected=None faulted=0
17:39:14 [native-log-bridge] DashSdkNative - 09-19 12:38:48.866 19597 19745 I DashSDK : platform_wallet::changeset::core_bridge: wallet-event batch: folded=1 wallets=1 synced_height_persisted=Some(950999) synced_height_frozen=None synced_height_rejected=None faulted=0
17:39:14 [native-log-bridge] DashSdkNative - 09-19 12:38:49.038 19597 19742 I DashSDK : platform_wallet::changeset::core_bridge: wallet-event batch: folded=1 wallets=1 synced_height_persisted=Some(955999) synced_height_frozen=None synced_height_rejected=None faulted=0
17:39:14 [native-log-bridge] DashSdkNative - 09-19 12:38:49.204 19597 19743 I DashSDK : platform_wallet::changeset::core_bridge: wallet-event batch: folded=1 wallets=1 synced_height_persisted=Some(960999) synced_height_frozen=None synced_height_rejected=None faulted=0
17:39:14 [native-log-bridge] DashSdkNative - 09-19 12:38:49.394 19597 19745 I DashSDK : platform_wallet::changeset::core_bridge: wallet-event batch: folded=1 wallets=1 synced_height_persisted=Some(965999) synced_height_frozen=None synced_height_rejected=None faulted=0
17:39:14 [native-log-bridge] DashSdkNative - 09-19 12:38:49.647 19597 19742 I DashSDK : platform_wallet::changeset::core_bridge: wallet-event batch: folded=1 wallets=1 synced_height_persisted=Some(970999) synced_height_frozen=None synced_height_rejected=None faulted=0
17:39:14 [native-log-bridge] DashSdkNative - 09-19 12:38:49.977 19597 19742 I DashSDK : platform_wallet::changeset::core_bridge: wallet-event batch: folded=1 wallets=1 synced_height_persisted=Some(975999) synced_height_frozen=None synced_height_rejected=None faulted=0
17:39:14 [native-log-bridge] DashSdkNative - 09-19 12:38:50.246 19597 19742 I DashSDK : platform_wallet::changeset::core_bridge: wallet-event batch: folded=1 wallets=1 synced_height_persisted=Some(980999) synced_height_frozen=None synced_height_rejected=None faulted=0
17:39:14 [native-log-bridge] DashSdkNative - 09-19 12:38:50.462 19597 19745 I DashSDK : platform_wallet::changeset::core_bridge: wallet-event batch: folded=1 wallets=1 synced_height_persisted=Some(985999) synced_height_frozen=None synced_height_rejected=None faulted=0
17:39:14 [native-log-bridge] DashSdkNative - 09-19 12:38:50.816 19597 19742 I DashSDK : platform_wallet::changeset::core_bridge: wallet-event batch: folded=1 wallets=1 synced_height_persisted=Some(990999) synced_height_frozen=None synced_height_rejected=None faulted=0
17:39:14 [native-log-bridge] DashSdkNative - 09-19 12:38:51.090 19597 19744 I DashSDK : platform_wallet::changeset::core_bridge: wallet-event batch: folded=1 wallets=1 synced_height_persisted=Some(995999) synced_height_frozen=None synced_height_rejected=None faulted=0
17:39:14 [native-log-bridge] DashSdkNative - 09-19 12:38:51.325 19597 19742 I DashSDK : platform_wallet::changeset::core_bridge: wallet-event batch: folded=1 wallets=1 synced_height_persisted=Some(1000999) synced_height_frozen=None synced_height_rejected=None faulted=0
17:39:14 [native-log-bridge] DashSdkNative - 09-19 12:38:51.537 19597 19745 I DashSDK : platform_wallet::changeset::core_bridge: wallet-event batch: folded=1 wallets=1 synced_height_persisted=Some(1005999) synced_height_frozen=None synced_height_rejected=None faulted=0
17:39:14 [native-log-bridge] DashSdkNative - 09-19 12:38:51.786 19597 19745 I DashSDK : platform_wallet::changeset::core_bridge: wallet-event batch: folded=1 wallets=1 synced_height_persisted=Some(1010999) synced_height_frozen=None synced_height_rejected=None faulted=0
17:39:14 [native-log-bridge] DashSdkNative - 09-19 12:38:51.951 19597 19743 I DashSDK : platform_wallet::changeset::core_bridge: wallet-event batch: folded=1 wallets=1 synced_height_persisted=Some(1015999) synced_height_frozen=None synced_height_rejected=None faulted=0
17:39:14 [native-log-bridge] DashSdkNative - 09-19 12:38:52.147 19597 19742 I DashSDK : platform_wallet::changeset::core_bridge: wallet-event batch: folded=1 wallets=1 synced_height_persisted=Some(1020999) synced_height_frozen=None synced_height_rejected=None faulted=0
17:39:14 [native-log-bridge] DashSdkNative - 09-19 12:38:52.306 19597 19744 I DashSDK : platform_wallet::changeset::core_bridge: wallet-event batch: folded=1 wallets=1 synced_height_persisted=Some(1025999) synced_height_frozen=None synced_height_rejected=None faulted=0
17:39:14 [native-log-bridge] DashSdkNative - 09-19 12:38:52.469 19597 19742 I DashSDK : platform_wallet::changeset::core_bridge: wallet-event batch: folded=1 wallets=1 synced_height_persisted=Some(1030999) synced_height_frozen=None synced_height_rejected=None faulted=0
17:39:14 [native-log-bridge] DashSdkNative - 09-19 12:38:52.638 19597 19742 I DashSDK : platform_wallet::changeset::core_bridge: wallet-event batch: folded=1 wallets=1 synced_height_persisted=Some(1035999) synced_height_frozen=None synced_height_rejected=None faulted=0
17:39:14 [native-log-bridge] DashSdkNative - 09-19 12:38:52.793 19597 19742 I DashSDK : platform_wallet::changeset::core_bridge: wallet-event batch: folded=1 wallets=1 synced_height_persisted=Some(1040999) synced_height_frozen=None synced_height_rejected=None faulted=0
17:39:14 [native-log-bridge] DashSdkNative - 09-19 12:38:52.943 19597 19744 I DashSDK : platform_wallet::changeset::core_bridge: wallet-event batch: folded=1 wallets=1 synced_height_persisted=Some(1045999) synced_height_frozen=None synced_height_rejected=None faulted=0
17:39:14 [native-log-bridge] DashSdkNative - 09-19 12:38:53.079 19597 19743 I DashSDK : platform_wallet::changeset::core_bridge: wallet-event batch: folded=1 wallets=1 synced_height_persisted=Some(1050999) synced_height_frozen=None synced_height_rejected=None faulted=0
17:39:14 [native-log-bridge] DashSdkNative - 09-19 12:38:53.232 19597 19744 I DashSDK : platform_wallet::changeset::core_bridge: wallet-event batch: folded=1 wallets=1 synced_height_persisted=Some(1055999) synced_height_frozen=None synced_height_rejected=None faulted=0
17:39:14 [native-log-bridge] DashSdkNative - 09-19 12:38:53.527 19597 19743 I DashSDK : platform_wallet::changeset::core_bridge: wallet-event batch: folded=1 wallets=1 synced_height_persisted=Some(1060999) synced_height_frozen=None synced_height_rejected=None faulted=0
17:39:14 [native-log-bridge] DashSdkNative - 09-19 12:38:53.742 19597 19743 I DashSDK : platform_wallet::changeset::core_bridge: wallet-event batch: folded=1 wallets=1 synced_height_persisted=Some(1065999) synced_height_frozen=None synced_height_rejected=None faulted=0
17:39:14 [native-log-bridge] DashSdkNative - 09-19 12:38:53.910 19597 19742 I DashSDK : platform_wallet::changeset::core_bridge: wallet-event batch: folded=1 wallets=1 synced_height_persisted=Some(1070999) synced_height_frozen=None synced_height_rejected=None faulted=0
17:39:14 [native-log-bridge] DashSdkNative - 09-19 12:38:54.079 19597 19744 I DashSDK : platform_wallet::changeset::core_bridge: wallet-event batch: folded=1 wallets=1 synced_height_persisted=Some(1075999) synced_height_frozen=None synced_height_rejected=None faulted=0
17:39:14 [native-log-bridge] DashSdkNative - 09-19 12:38:54.245 19597 19744 I DashSDK : platform_wallet::changeset::core_bridge: wallet-event batch: folded=1 wallets=1 synced_height_persisted=Some(1080999) synced_height_frozen=None synced_height_rejected=None faulted=0
17:39:14 [native-log-bridge] DashSdkNative - 09-19 12:38:54.414 19597 19742 I DashSDK : platform_wallet::changeset::core_bridge: wallet-event batch: folded=1 wallets=1 synced_height_persisted=Some(1085999) synced_height_frozen=None synced_height_rejected=None faulted=0
17:39:14 [native-log-bridge] DashSdkNative - 09-19 12:38:54.588 19597 19742 I DashSDK : platform_wallet::changeset::core_bridge: wallet-event batch: folded=1 wallets=1 synced_height_persisted=Some(1090999) synced_height_frozen=None synced_height_rejected=None faulted=0
17:39:14 [native-log-bridge] DashSdkNative - 09-19 12:38:54.783 19597 19744 I DashSDK : platform_wallet::changeset::core_bridge: wallet-event batch: folded=1 wallets=1 synced_height_persisted=Some(1095999) synced_height_frozen=None synced_height_rejected=None faulted=0
17:39:14 [native-log-bridge] DashSdkNative - 09-19 12:38:54.960 19597 19745 I DashSDK : platform_wallet::changeset::core_bridge: wallet-event batch: folded=1 wallets=1 synced_height_persisted=Some(1100999) synced_height_frozen=None synced_height_rejected=None faulted=0
17:39:14 [native-log-bridge] DashSdkNative - 09-19 12:38:55.139 19597 19745 I DashSDK : platform_wallet::changeset::core_bridge: wallet-event batch: folded=1 wallets=1 synced_height_persisted=Some(1105999) synced_height_frozen=None synced_height_rejected=None faulted=0
17:39:14 [native-log-bridge] DashSdkNative - 09-19 12:38:55.309 19597 19743 I DashSDK : platform_wallet::changeset::core_bridge: wallet-event batch: folded=1 wallets=1 synced_height_persisted=Some(1110999) synced_height_frozen=None synced_height_rejected=None faulted=0
17:39:14 [native-log-bridge] DashSdkNative - 09-19 12:38:55.470 19597 19743 I DashSDK : platform_wallet::changeset::core_bridge: wallet-event batch: folded=1 wallets=1 synced_height_persisted=Some(1115999) synced_height_frozen=None synced_height_rejected=None faulted=0
17:39:14 [native-log-bridge] DashSdkNative - 09-19 12:38:55.613 19597 19745 I DashSDK : platform_wallet::changeset::core_bridge: wallet-event batch: folded=1 wallets=1 synced_height_persisted=Some(1120999) synced_height_frozen=None synced_height_rejected=None faulted=0
17:39:14 [native-log-bridge] DashSdkNative - 09-19 12:38:55.755 19597 19742 I DashSDK : platform_wallet::changeset::core_bridge: wallet-event batch: folded=1 wallets=1 synced_height_persisted=Some(1125999) synced_height_frozen=None synced_height_rejected=None faulted=0
17:39:14 [native-log-bridge] DashSdkNative - 09-19 12:38:55.926 19597 19742 I DashSDK : platform_wallet::changeset::core_bridge: wallet-event batch: folded=1 wallets=1 synced_height_persisted=Some(1130999) synced_height_frozen=None synced_height_rejected=None faulted=0
17:39:14 [native-log-bridge] DashSdkNative - 09-19 12:38:56.118 19597 19745 I DashSDK : platform_wallet::changeset::core_bridge: wallet-event batch: folded=1 wallets=1 synced_height_persisted=Some(1135999) synced_height_frozen=None synced_height_rejected=None faulted=0
17:39:14 [native-log-bridge] DashSdkNative - 09-19 12:38:56.306 19597 19745 I DashSDK : platform_wallet::changeset::core_bridge: wallet-event batch: folded=1 wallets=1 synced_height_persisted=Some(1140999) synced_height_frozen=None synced_height_rejected=None faulted=0
17:39:14 [native-log-bridge] DashSdkNative - 09-19 12:38:56.499 19597 19742 I DashSDK : platform_wallet::changeset::core_bridge: wallet-event batch: folded=1 wallets=1 synced_height_persisted=Some(1145999) synced_height_frozen=None synced_height_rejected=None faulted=0
17:39:14 [native-log-bridge] DashSdkNative - 09-19 12:38:56.654 19597 19743 I DashSDK : platform_wallet::changeset::core_bridge: wallet-event batch: folded=1 wallets=1 synced_height_persisted=Some(1150999) synced_height_frozen=None synced_height_rejected=None faulted=0
17:39:14 [native-log-bridge] DashSdkNative - 09-19 12:38:56.780 19597 19742 I DashSDK : platform_wallet::changeset::core_bridge: wallet-event batch: folded=1 wallets=1 synced_height_persisted=Some(1155999) synced_height_frozen=None synced_height_rejected=None faulted=0
17:39:14 [native-log-bridge] DashSdkNative - 09-19 12:38:56.924 19597 19742 I DashSDK : platform_wallet::changeset::core_bridge: wallet-event batch: folded=1 wallets=1 synced_height_persisted=Some(1160999) synced_height_frozen=None synced_height_rejected=None faulted=0
17:39:14 [native-log-bridge] DashSdkNative - 09-19 12:38:57.065 19597 19742 I DashSDK : platform_wallet::changeset::core_bridge: wallet-event batch: folded=1 wallets=1 synced_height_persisted=Some(1165999) synced_height_frozen=None synced_height_rejected=None faulted=0
17:39:14 [native-log-bridge] DashSdkNative - 09-19 12:38:57.199 19597 19744 I DashSDK : platform_wallet::changeset::core_bridge: wallet-event batch: folded=1 wallets=1 synced_height_persisted=Some(1170999) synced_height_frozen=None synced_height_rejected=None faulted=0
17:39:14 [native-log-bridge] DashSdkNative - 09-19 12:38:57.337 19597 19745 I DashSDK : platform_wallet::changeset::core_bridge: wallet-event batch: folded=1 wallets=1 synced_height_persisted=Some(1175999) synced_height_frozen=None synced_height_rejected=None faulted=0
17:39:14 [native-log-bridge] DashSdkNative - 09-19 12:38:57.532 19597 19745 I DashSDK : platform_wallet::changeset::core_bridge: wallet-event batch: folded=1 wallets=1 synced_height_persisted=Some(1180999) synced_height_frozen=None synced_height_rejected=None faulted=0
17:39:14 [native-log-bridge] DashSdkNative - 09-19 12:38:57.683 19597 19744 I DashSDK : platform_wallet::changeset::core_bridge: wallet-event batch: folded=1 wallets=1 synced_height_persisted=Some(1185999) synced_height_frozen=None synced_height_rejected=None faulted=0
17:39:14 [native-log-bridge] DashSdkNative - 09-19 12:38:57.828 19597 19743 I DashSDK : platform_wallet::changeset::core_bridge: wallet-event batch: folded=1 wallets=1 synced_height_persisted=Some(1190999) synced_height_frozen=None synced_height_rejected=None faulted=0
17:39:14 [native-log-bridge] DashSdkNative - 09-19 12:38:57.978 19597 19742 I DashSDK : platform_wallet::changeset::core_bridge: wallet-event batch: folded=1 wallets=1 synced_height_persisted=Some(1195999) synced_height_frozen=None synced_height_rejected=None faulted=0
17:39:14 [native-log-bridge] DashSdkNative - 09-19 12:38:58.290 19597 19745 I DashSDK : platform_wallet::changeset::core_bridge: wallet-event batch: folded=1 wallets=1 synced_height_persisted=Some(1200999) synced_height_frozen=None synced_height_rejected=None faulted=0
17:39:14 [native-log-bridge] DashSdkNative - 09-19 12:38:58.295 19597 19744 I DashSDK : platform_wallet::changeset::core_bridge: wallet-event batch: folded=1 wallets=1 synced_height_persisted=Some(1205999) synced_height_frozen=None synced_height_rejected=None faulted=0
17:39:14 [native-log-bridge] DashSdkNative - 09-19 12:38:58.502 19597 19745 I DashSDK : platform_wallet::changeset::core_bridge: wallet-event batch: folded=1 wallets=1 synced_height_persisted=Some(1210999) synced_height_frozen=None synced_height_rejected=None faulted=0
17:39:14 [native-log-bridge] DashSdkNative - 09-19 12:38:58.699 19597 19745 I DashSDK : platform_wallet::changeset::core_bridge: wallet-event batch: folded=1 wallets=1 synced_height_persisted=Some(1215999) synced_height_frozen=None synced_height_rejected=None faulted=0
17:39:14 [native-log-bridge] DashSdkNative - 09-19 12:38:58.915 19597 19743 I DashSDK : platform_wallet::changeset::core_bridge: wallet-event batch: folded=1 wallets=1 synced_height_persisted=Some(1220999) synced_height_frozen=None synced_height_rejected=None faulted=0
17:39:14 [native-log-bridge] DashSdkNative - 09-19 12:38:59.104 19597 19744 I DashSDK : platform_wallet::changeset::core_bridge: wallet-event batch: folded=1 wallets=1 synced_height_persisted=Some(1225999) synced_height_frozen=None synced_height_rejected=None faulted=0
17:39:14 [native-log-bridge] DashSdkNative - 09-19 12:38:59.246 19597 19743 I DashSDK : platform_wallet::changeset::core_bridge: wallet-event batch: folded=1 wallets=1 synced_height_persisted=Some(1230999) synced_height_frozen=None synced_height_rejected=None faulted=0
17:39:14 [native-log-bridge] DashSdkNative - 09-19 12:38:59.402 19597 19743 I DashSDK : platform_wallet::changeset::core_bridge: wallet-event batch: folded=1 wallets=1 synced_height_persisted=Some(1235999) synced_height_frozen=None synced_height_rejected=None faulted=0
17:39:14 [native-log-bridge] DashSdkNative - 09-19 12:38:59.600 19597 19742 I DashSDK : platform_wallet::changeset::core_bridge: wallet-event batch: folded=1 wallets=1 synced_height_persisted=Some(1240999) synced_height_frozen=None synced_height_rejected=None faulted=0
17:39:14 [native-log-bridge] DashSdkNative - 09-19 12:38:59.796 19597 19742 I DashSDK : platform_wallet::changeset::core_bridge: wallet-event batch: folded=1 wallets=1 synced_height_persisted=Some(1245999) synced_height_frozen=None synced_height_rejected=None faulted=0
17:39:14 [native-log-bridge] DashSdkNative - 09-19 12:38:59.950 19597 19743 I DashSDK : platform_wallet::changeset::core_bridge: wallet-event batch: folded=1 wallets=1 synced_height_persisted=Some(1250999) synced_height_frozen=None synced_height_rejected=None faulted=0
17:39:14 [native-log-bridge] DashSdkNative - 09-19 12:39:00.135 19597 19742 I DashSDK : platform_wallet::changeset::core_bridge: wallet-event batch: folded=1 wallets=1 synced_height_persisted=Some(1255999) synced_height_frozen=None synced_height_rejected=None faulted=0
17:39:14 [native-log-bridge] DashSdkNative - 09-19 12:39:00.317 19597 19744 I DashSDK : platform_wallet::changeset::core_bridge: wallet-event batch: folded=1 wallets=1 synced_height_persisted=Some(1260999) synced_height_frozen=None synced_height_rejected=None faulted=0
17:39:14 [native-log-bridge] DashSdkNative - 09-19 12:39:00.516 19597 19742 I DashSDK : platform_wallet::changeset::core_bridge: wallet-event batch: folded=1 wallets=1 synced_height_persisted=Some(1265999) synced_height_frozen=None synced_height_rejected=None faulted=0
17:39:14 [native-log-bridge] DashSdkNative - 09-19 12:39:00.715 19597 19743 I DashSDK : platform_wallet::changeset::core_bridge: wallet-event batch: folded=1 wallets=1 synced_height_persisted=Some(1270999) synced_height_frozen=None synced_height_rejected=None faulted=0
17:39:14 [native-log-bridge] DashSdkNative - 09-19 12:39:00.871 19597 19743 I DashSDK : platform_wallet::changeset::core_bridge: wallet-event batch: folded=1 wallets=1 synced_height_persisted=Some(1275999) synced_height_frozen=None synced_height_rejected=None faulted=0
17:39:14 [native-log-bridge] DashSdkNative - 09-19 12:39:01.012 19597 19743 I DashSDK : platform_wallet::changeset::core_bridge: wallet-event batch: folded=1 wallets=1 synced_height_persisted=Some(1280999) synced_height_frozen=None synced_height_rejected=None faulted=0
17:39:14 [native-log-bridge] DashSdkNative - 09-19 12:39:01.169 19597 19743 I DashSDK : platform_wallet::changeset::core_bridge: wallet-event batch: folded=1 wallets=1 synced_height_persisted=Some(1285999) synced_height_frozen=None synced_height_rejected=None faulted=0
17:39:14 [native-log-bridge] DashSdkNative - 09-19 12:39:01.341 19597 19744 I DashSDK : platform_wallet::changeset::core_bridge: wallet-event batch: folded=1 wallets=1 synced_height_persisted=Some(1290999) synced_height_frozen=None synced_height_rejected=None faulted=0
17:39:14 [native-log-bridge] DashSdkNative - 09-19 12:39:01.486 19597 19744 I DashSDK : platform_wallet::changeset::core_bridge: wallet-event batch: folded=1 wallets=1 synced_height_persisted=Some(1295999) synced_height_frozen=None synced_height_rejected=None faulted=0
17:39:14 [native-log-bridge] DashSdkNative - 09-19 12:39:01.631 19597 19745 I DashSDK : platform_wallet::changeset::core_bridge: wallet-event batch: folded=1 wallets=1 synced_height_persisted=Some(1300999) synced_height_frozen=None synced_height_rejected=None faulted=0
17:39:14 [native-log-bridge] DashSdkNative - 09-19 12:39:01.839 19597 19744 I DashSDK : platform_wallet::changeset::core_bridge: wallet-event batch: folded=1 wallets=1 synced_height_persisted=Some(1305999) synced_height_frozen=None synced_height_rejected=None faulted=0
17:39:14 [native-log-bridge] DashSdkNative - 09-19 12:39:02.053 19597 19743 I DashSDK : platform_wallet::changeset::core_bridge: wallet-event batch: folded=1 wallets=1 synced_height_persisted=Some(1310999) synced_height_frozen=None synced_height_rejected=None faulted=0
17:39:14 [native-log-bridge] DashSdkNative - 09-19 12:39:02.274 19597 19744 I DashSDK : platform_wallet::changeset::core_bridge: wallet-event batch: folded=1 wallets=1 synced_height_persisted=Some(1315999) synced_height_frozen=None synced_height_rejected=None faulted=0
17:39:14 [native-log-bridge] DashSdkNative - 09-19 12:39:02.450 19597 19743 I DashSDK : platform_wallet::changeset::core_bridge: wallet-event batch: folded=1 wallets=1 synced_height_persisted=Some(1320999) synced_height_frozen=None synced_height_rejected=None faulted=0
17:39:14 [native-log-bridge] DashSdkNative - 09-19 12:39:02.808 19597 19743 I DashSDK : platform_wallet::changeset::core_bridge: wallet-event batch: folded=1 wallets=1 synced_height_persisted=Some(1325999) synced_height_frozen=None synced_height_rejected=None faulted=0
17:39:14 [native-log-bridge] DashSdkNative - 09-19 12:39:03.044 19597 19744 I DashSDK : platform_wallet::changeset::core_bridge: wallet-event batch: folded=1 wallets=1 synced_height_persisted=Some(1330999) synced_height_frozen=None synced_height_rejected=None faulted=0
17:39:14 [native-log-bridge] DashSdkNative - 09-19 12:39:03.259 19597 19743 I DashSDK : platform_wallet::changeset::core_bridge: wallet-event batch: folded=1 wallets=1 synced_height_persisted=Some(1335999) synced_height_frozen=None synced_height_rejected=None faulted=0
17:39:14 [native-log-bridge] DashSdkNative - 09-19 12:39:03.596 19597 19745 I DashSDK : platform_wallet::changeset::core_bridge: wallet-event batch: folded=1 wallets=1 synced_height_persisted=Some(1340999) synced_height_frozen=None synced_height_rejected=None faulted=0
17:39:14 [native-log-bridge] DashSdkNative - 09-19 12:39:03.747 19597 19745 I DashSDK : platform_wallet::changeset::core_bridge: wallet-event batch: folded=1 wallets=1 synced_height_persisted=Some(1345999) synced_height_frozen=None synced_height_rejected=None faulted=0
17:39:14 [native-log-bridge] DashSdkNative - 09-19 12:39:03.965 19597 19742 I DashSDK : platform_wallet::changeset::core_bridge: wallet-event batch: folded=1 wallets=1 synced_height_persisted=Some(1350999) synced_height_frozen=None synced_height_rejected=None faulted=0
17:39:14 [native-log-bridge] DashSdkNative - 09-19 12:39:04.200 19597 19743 I DashSDK : platform_wallet::changeset::core_bridge: wallet-event batch: folded=1 wallets=1 synced_height_persisted=Some(1355999) synced_height_frozen=None synced_height_rejected=None faulted=0
17:39:14 [native-log-bridge] DashSdkNative - 09-19 12:39:04.522 19597 19744 I DashSDK : platform_wallet::changeset::core_bridge: wallet-event batch: folded=1 wallets=1 synced_height_persisted=Some(1360999) synced_height_frozen=None synced_height_rejected=None faulted=0
17:39:14 [native-log-bridge] DashSdkNative - 09-19 12:39:04.813 19597 19744 I DashSDK : platform_wallet::changeset::core_bridge: wallet-event batch: folded=1 wallets=1 synced_height_persisted=Some(1365999) synced_height_frozen=None synced_height_rejected=None faulted=0
17:39:14 [native-log-bridge] DashSdkNative - 09-19 12:39:04.952 19597 19744 I DashSDK : platform_wallet::changeset::core_bridge: wallet-event batch: folded=1 wallets=1 synced_height_persisted=Some(1370999) synced_height_frozen=None synced_height_rejected=None faulted=0
17:39:14 [native-log-bridge] DashSdkNative - 09-19 12:39:05.135 19597 19744 I DashSDK : platform_wallet::changeset::core_bridge: wallet-event batch: folded=1 wallets=1 synced_height_persisted=Some(1375999) synced_height_frozen=None synced_height_rejected=None faulted=0
17:39:14 [native-log-bridge] DashSdkNative - 09-19 12:39:05.356 19597 19742 I DashSDK : platform_wallet::changeset::core_bridge: wallet-event batch: folded=1 wallets=1 synced_height_persisted=Some(1380999) synced_height_frozen=None synced_height_rejected=None faulted=0
17:39:14 [native-log-bridge] DashSdkNative - 09-19 12:39:05.494 19597 19745 I DashSDK : platform_wallet::changeset::core_bridge: wallet-event batch: folded=1 wallets=1 synced_height_persisted=Some(1385999) synced_height_frozen=None synced_height_rejected=None faulted=0
17:39:14 [native-log-bridge] DashSdkNative - 09-19 12:39:05.706 19597 19745 I DashSDK : platform_wallet::changeset::core_bridge: wallet-event batch: folded=1 wallets=1 synced_height_persisted=Some(1390999) synced_height_frozen=None synced_height_rejected=None faulted=0
17:39:14 [native-log-bridge] DashSdkNative - 09-19 12:39:05.978 19597 19742 I DashSDK : platform_wallet::changeset::core_bridge: wallet-event batch: folded=1 wallets=1 synced_height_persisted=Some(1395999) synced_height_frozen=None synced_height_rejected=None faulted=0
17:39:14 [native-log-bridge] DashSdkNative - 09-19 12:39:06.151 19597 19744 I DashSDK : platform_wallet::changeset::core_bridge: wallet-event batch: folded=1 wallets=1 synced_height_persisted=Some(1400999) synced_height_frozen=None synced_height_rejected=None faulted=0
17:39:14 [native-log-bridge] DashSdkNative - 09-19 12:39:06.328 19597 19744 I DashSDK : platform_wallet::changeset::core_bridge: wallet-event batch: folded=1 wallets=1 synced_height_persisted=Some(1405999) synced_height_frozen=None synced_height_rejected=None faulted=0
17:39:14 [native-log-bridge] DashSdkNative - 09-19 12:39:06.488 19597 19745 I DashSDK : platform_wallet::changeset::core_bridge: wallet-event batch: folded=1 wallets=1 synced_height_persisted=Some(1410999) synced_height_frozen=None synced_height_rejected=None faulted=0
17:39:14 [native-log-bridge] DashSdkNative - 09-19 12:39:06.635 19597 19743 I DashSDK : platform_wallet::changeset::core_bridge: wallet-event batch: folded=1 wallets=1 synced_height_persisted=Some(1415999) synced_height_frozen=None synced_height_rejected=None faulted=0
17:39:14 [native-log-bridge] DashSdkNative - 09-19 12:39:06.790 19597 19744 I DashSDK : platform_wallet::changeset::core_bridge: wallet-event batch: folded=1 wallets=1 synced_height_persisted=Some(1420999) synced_height_frozen=None synced_height_rejected=None faulted=0
17:39:14 [native-log-bridge] DashSdkNative - 09-19 12:39:06.938 19597 19742 I DashSDK : platform_wallet::changeset::core_bridge: wallet-event batch: folded=1 wallets=1 synced_height_persisted=Some(1425999) synced_height_frozen=None synced_height_rejected=None faulted=0
17:39:14 [native-log-bridge] DashSdkNative - 09-19 12:39:07.089 19597 19743 I DashSDK : platform_wallet::changeset::core_bridge: wallet-event batch: folded=1 wallets=1 synced_height_persisted=Some(1430999) synced_height_frozen=None synced_height_rejected=None faulted=0
17:39:14 [native-log-bridge] DashSdkNative - 09-19 12:39:07.275 19597 19745 I DashSDK : platform_wallet::changeset::core_bridge: wallet-event batch: folded=1 wallets=1 synced_height_persisted=Some(1435999) synced_height_frozen=None synced_height_rejected=None faulted=0
17:39:14 [native-log-bridge] DashSdkNative - 09-19 12:39:07.475 19597 19744 I DashSDK : platform_wallet::changeset::core_bridge: wallet-event batch: folded=1 wallets=1 synced_height_persisted=Some(1440999) synced_height_frozen=None synced_height_rejected=None faulted=0
17:39:14 [native-log-bridge] DashSdkNative - 09-19 12:39:07.659 19597 19743 I DashSDK : platform_wallet::changeset::core_bridge: wallet-event batch: folded=1 wallets=1 synced_height_persisted=Some(1445999) synced_height_frozen=None synced_height_rejected=None faulted=0
17:39:14 [native-log-bridge] DashSdkNative - 09-19 12:39:07.812 19597 19744 I DashSDK : platform_wallet::changeset::core_bridge: wallet-event batch: folded=1 wallets=1 synced_height_persisted=Some(1450999) synced_height_frozen=None synced_height_rejected=None faulted=0
17:39:14 [native-log-bridge] DashSdkNative - 09-19 12:39:07.975 19597 19744 I DashSDK : platform_wallet::changeset::core_bridge: wallet-event batch: folded=1 wallets=1 synced_height_persisted=Some(1455999) synced_height_frozen=None synced_height_rejected=None faulted=0
17:39:14 [native-log-bridge] DashSdkNative - 09-19 12:39:08.143 19597 19743 I DashSDK : platform_wallet::changeset::core_bridge: wallet-event batch: folded=1 wallets=1 synced_height_persisted=Some(1460999) synced_height_frozen=None synced_height_rejected=None faulted=0
17:39:14 [native-log-bridge] DashSdkNative - 09-19 12:39:08.329 19597 19742 I DashSDK : platform_wallet::changeset::core_bridge: wallet-event batch: folded=1 wallets=1 synced_height_persisted=Some(1465999) synced_height_frozen=None synced_height_rejected=None faulted=0
17:39:14 [native-log-bridge] DashSdkNative - 09-19 12:39:08.481 19597 19744 I DashSDK : platform_wallet::changeset::core_bridge: wallet-event batch: folded=1 wallets=1 synced_height_persisted=Some(1470999) synced_height_frozen=None synced_height_rejected=None faulted=0
17:39:14 [native-log-bridge] DashSdkNative - 09-19 12:39:08.837 19597 19742 I DashSDK : platform_wallet::changeset::core_bridge: wallet-event batch: folded=1 wallets=1 synced_height_persisted=Some(1475999) synced_height_frozen=None synced_height_rejected=None faulted=0
17:39:14 [native-log-bridge] DashSdkNative - 09-19 12:39:08.840 19597 19743 I DashSDK : platform_wallet::changeset::core_bridge: wallet-event batch: folded=1 wallets=1 synced_height_persisted=Some(1480999) synced_height_frozen=None synced_height_rejected=None faulted=0
17:39:14 [native-log-bridge] DashSdkNative - 09-19 12:39:09.048 19597 19742 I DashSDK : platform_wallet::changeset::core_bridge: wallet-event batch: folded=1 wallets=1 synced_height_persisted=Some(1485999) synced_height_frozen=None synced_height_rejected=None faulted=0
17:39:14 [native-log-bridge] DashSdkNative - 09-19 12:39:09.251 19597 19744 I DashSDK : platform_wallet::changeset::core_bridge: wallet-event batch: folded=1 wallets=1 synced_height_persisted=Some(1490999) synced_height_frozen=None synced_height_rejected=None faulted=0
17:39:14 [native-log-bridge] DashSdkNative - 09-19 12:39:09.466 19597 19742 I DashSDK : platform_wallet::changeset::core_bridge: wallet-event batch: folded=1 wallets=1 synced_height_persisted=Some(1495999) synced_height_frozen=None synced_height_rejected=None faulted=0
17:39:14 [native-log-bridge] DashSdkNative - 09-19 12:39:09.765 19597 19742 I DashSDK : platform_wallet::changeset::core_bridge: wallet-event batch: folded=1 wallets=1 synced_height_persisted=Some(1500999) synced_height_frozen=None synced_height_rejected=None faulted=0
17:39:14 [native-log-bridge] DashSdkNative - 09-19 12:39:09.971 19597 19743 I DashSDK : platform_wallet::changeset::core_bridge: wallet-event batch: folded=1 wallets=1 synced_height_persisted=Some(1505999) synced_height_frozen=None synced_height_rejected=None faulted=0
17:39:14 [native-log-bridge] DashSdkNative - 09-19 12:39:10.326 19597 19744 I DashSDK : platform_wallet::changeset::core_bridge: wallet-event batch: folded=1 wallets=1 synced_height_persisted=Some(1510999) synced_height_frozen=None synced_height_rejected=None faulted=0
17:39:14 [native-log-bridge] DashSdkNative - 09-19 12:39:10.641 19597 19745 I DashSDK : platform_wallet::changeset::core_bridge: wallet-event batch: folded=1 wallets=1 synced_height_persisted=Some(1515999) synced_height_frozen=None synced_height_rejected=None faulted=0
17:39:14 [native-log-bridge] DashSdkNative - 09-19 12:39:10.887 19597 19743 I DashSDK : platform_wallet::changeset::core_bridge: wallet-event batch: folded=1 wallets=1 synced_height_persisted=Some(1520999) synced_height_frozen=None synced_height_rejected=None faulted=0
17:39:14 [native-log-bridge] DashSdkNative - 09-19 12:39:11.055 19597 19745 I DashSDK : platform_wallet::changeset::core_bridge: wallet-event batch: folded=1 wallets=1 synced_height_persisted=Some(1525999) synced_height_frozen=None synced_height_rejected=None faulted=0
17:39:14 [native-log-bridge] DashSdkNative - 09-19 12:39:11.228 19597 19744 I DashSDK : platform_wallet::changeset::core_bridge: wallet-event batch: folded=1 wallets=1 synced_height_persisted=Some(1530999) synced_height_frozen=None synced_height_rejected=None faulted=0
17:39:14 [native-log-bridge] DashSdkNative - 09-19 12:39:11.231 19597 19744 I DashSDK : platform_wallet::changeset::core_bridge: wallet-event batch: folded=1 wallets=1 synced_height_persisted=Some(1535999) synced_height_frozen=None synced_height_rejected=None faulted=0
17:39:14 [native-log-bridge] DashSdkNative - 09-19 12:39:11.435 19597 19745 I DashSDK : platform_wallet::changeset::core_bridge: wallet-event batch: folded=1 wallets=1 synced_height_persisted=Some(1540999) synced_height_frozen=None synced_height_rejected=None faulted=0
17:39:14 [native-log-bridge] DashSdkNative - 09-19 12:39:11.673 19597 19742 I DashSDK : platform_wallet::changeset::core_bridge: wallet-event batch: folded=1 wallets=1 synced_height_persisted=Some(1545999) synced_height_frozen=None synced_height_rejected=None faulted=0
17:39:14 [native-log-bridge] DashSdkNative - 09-19 12:39:11.860 19597 19743 I DashSDK : platform_wallet::changeset::core_bridge: wallet-event batch: folded=1 wallets=1 synced_height_persisted=Some(1550999) synced_height_frozen=None synced_height_rejected=None faulted=0
17:39:14 [native-log-bridge] DashSdkNative - 09-19 12:39:11.989 19597 19744 I DashSDK : platform_wallet::changeset::core_bridge: wallet-event batch: folded=1 wallets=1 synced_height_persisted=Some(1555999) synced_height_frozen=None synced_height_rejected=None faulted=0
17:39:14 [native-log-bridge] DashSdkNative - 09-19 12:39:12.044 19597 19742 I DashSDK : platform_wallet::changeset::core_bridge: wallet e4c92342915f88ab205ee97f4fee1802edee1c5ed055b5adf41f8c48a182f11e: withholding 1 new UTXO(s) already observed spent in an earlier-processed block (#649): 057b1808741470e8f084aeee2fa377934366d9d06e80477cd2f1ff8a3574410b:0 (100000000 duffs)
17:39:14 [native-log-bridge] DashSdkNative - 09-19 12:39:12.081 19597 19742 I DashSDK : platform_wallet::changeset::core_bridge: wallet e4c92342915f88ab205ee97f4fee1802edee1c5ed055b5adf41f8c48a182f11e: withholding 1 new UTXO(s) already observed spent in an earlier-processed block (#649): aa659fc9ab82b67a6741e3e88db4fa1e3ef45de3360d33a77e9b0db872854ccc:1 (98999774 duffs)
17:39:14 [native-log-bridge] DashSdkNative - 09-19 12:39:12.094 19597 19743 I DashSDK : platform_wallet::changeset::core_bridge: wallet-event batch: folded=3 wallets=1 synced_height_persisted=None synced_height_frozen=None synced_height_rejected=None faulted=0
17:39:14 [native-log-bridge] DashSdkNative - 09-19 12:39:13.419 19597 19743 I DashSDK : platform_wallet::changeset::core_bridge: wallet-event batch: folded=1 wallets=1 synced_height_persisted=Some(1556873) synced_height_frozen=None synced_height_rejected=None faulted=0
17:39:14 [native-log-bridge] DashSdkNative - 09-19 12:39:13.425 19597 19743 I DashSDK : platform_wallet::changeset::core_bridge: wallet-event batch: folded=1 wallets=1 synced_height_persisted=None synced_height_frozen=None synced_height_rejected=None faulted=0
17:39:14 [DefaultDispatcher-worker-14] KeyCrypterScrypt - Deriving key took 209.1 ms for N=65536, r=8, p=1.
17:39:14 [DefaultDispatcher-worker-14] DapiClient - getIdentityByFirstPublicKey(48ccf9a43eee96f92a0ca7f8dced9dc2630d05f2)
17:39:15 [DefaultDispatcher-worker-14] PlatformSynchronizationService - discoverAndRecoverIdentity: no existing identity found
17:39:15 [DefaultDispatcher-worker-14] PlatformSynchronizationService - identity-discovery guard released (no identity found) — a later discovery may run again
17:39:15 [DefaultDispatcher-worker-14] BlockchainServiceImpl - post-cutover identity discovery found nothing and the wallet has no identity — re-arming; next attempt no sooner than 120000 ms from now
17:39:15 [DefaultDispatcher-worker-2] PlatformSynchronizationService - TxMetadata settings: saveToNetwork=false frequency=afterTenTransactions saveAfter=9223372036854775807 paymentCategory=false taxCategory=false exchangeRates=false memos=false giftCards=false storedDocuments=0
17:39:26 [DefaultDispatcher-worker-5] BlockchainServiceImpl - network capabilities changed: 101, hasInternet: true, validated: true
17:39:26 [DefaultDispatcher-worker-5] BlockchainServiceImpl - acquiring check() mutex
17:39:26 [DefaultDispatcher-worker-5] BlockchainServiceImpl - check()
17:39:26 [DefaultDispatcher-worker-5] BlockchainServiceImpl - cutover committed — holding the dashj L1 engine; SDK owns L1 this launch
17:39:26 [DefaultDispatcher-worker-5] BlockchainServiceImpl - releasing check() mutex
17:39:32 [DefaultDispatcher-worker-8] BlockchainServiceImpl - network capabilities changed: 101, hasInternet: true, validated: true
17:39:32 [DefaultDispatcher-worker-8] BlockchainServiceImpl - acquiring check() mutex
17:39:32 [DefaultDispatcher-worker-8] BlockchainServiceImpl - check()
17:39:32 [DefaultDispatcher-worker-8] BlockchainServiceImpl - cutover committed — holding the dashj L1 engine; SDK owns L1 this launch
17:39:32 [DefaultDispatcher-worker-8] BlockchainServiceImpl - releasing check() mutex
17:39:41 [DefaultDispatcher-worker-4] BlockchainServiceImpl - network capabilities changed: 101, hasInternet: true, validated: true
17:39:41 [DefaultDispatcher-worker-4] BlockchainServiceImpl - acquiring check() mutex
17:39:41 [DefaultDispatcher-worker-4] BlockchainServiceImpl - check()
17:39:41 [DefaultDispatcher-worker-4] BlockchainServiceImpl - cutover committed — holding the dashj L1 engine; SDK owns L1 this launch
17:39:41 [DefaultDispatcher-worker-4] BlockchainServiceImpl - releasing check() mutex
17:39:44 [DefaultDispatcher-worker-7] BlockchainServiceImpl - network capabilities changed: 101, hasInternet: true, validated: true
17:39:44 [DefaultDispatcher-worker-7] BlockchainServiceImpl - acquiring check() mutex
17:39:44 [DefaultDispatcher-worker-7] BlockchainServiceImpl - check()
17:39:44 [DefaultDispatcher-worker-7] BlockchainServiceImpl - cutover committed — holding the dashj L1 engine; SDK owns L1 this launch
17:39:44 [DefaultDispatcher-worker-7] BlockchainServiceImpl - releasing check() mutex
17:40:00 [main] BlockchainServiceImpl - MEM pss=445MB nativeHeap=286/393MB jvm=20/576MB
17:40:00 [main] BlockchainServiceImpl - History of transactions/blocks/headers/mnlistdiff (sdk): 0/330874/0/0, 0/675000/0/0, 0/465000/644873/1556873
17:40:00 [main] BlockchainServiceImpl - replay complete — releasing the wake lock
17:40:35 [DefaultDispatcher-worker-7] BlockchainServiceImpl - network capabilities changed: 101, hasInternet: true, validated: true
17:40:35 [DefaultDispatcher-worker-7] BlockchainServiceImpl - acquiring check() mutex
17:40:35 [DefaultDispatcher-worker-7] BlockchainServiceImpl - check()
17:40:35 [DefaultDispatcher-worker-7] BlockchainServiceImpl - cutover committed — holding the dashj L1 engine; SDK owns L1 this launch
17:40:35 [DefaultDispatcher-worker-7] BlockchainServiceImpl - releasing check() mutex
17:40:35 [main] SecurityGuard - loading security guard [healthy=true] with keys: [keystore_healthy, fallback_pin_wallet_password_key, primary_ui_pin_key, modern_encryption_migration_complete, fallback_mnemonic_wallet_password_key, primary_wallet_password_key, fallback_mnemonic_ui_pin_key]
17:40:36 [main] ModernEncryptionProvider - Decrypted data for alias: ui_pin_key
17:40:36 [main] BiometricHelper - No biometric credentials
17:40:38 [DefaultDispatcher-worker-4] BlockchainServiceImpl - network capabilities changed: 101, hasInternet: true, validated: true
17:40:38 [DefaultDispatcher-worker-4] BlockchainServiceImpl - acquiring check() mutex
17:40:38 [DefaultDispatcher-worker-4] BlockchainServiceImpl - check()
17:40:38 [DefaultDispatcher-worker-4] BlockchainServiceImpl - cutover committed — holding the dashj L1 engine; SDK owns L1 this launch
17:40:38 [DefaultDispatcher-worker-4] BlockchainServiceImpl - releasing check() mutex
17:41:00 [main] BlockchainServiceImpl - MEM pss=451MB nativeHeap=288/393MB jvm=21/576MB
17:41:00 [main] BlockchainServiceImpl - History of transactions/blocks/headers/mnlistdiff (sdk): 0/0/0/0, 0/330874/0/0, 0/675000/0/0, 0/465000/644873/1556873
17:41:28 [DefaultDispatcher-worker-8] Constants - --> GET https://rates.ctx.com/rates?source=ctx
17:41:29 [DefaultDispatcher-worker-8] Constants - <-- 200 https://rates.ctx.com/rates?source=ctx (1253ms, unknown-length body)
17:41:29 [DefaultDispatcher-worker-6] ExchangeRatesRepository - exchange rates updated successfully with de.schildbach.wallet.rates.DashRetailClient@1ac7547
17:41:29 [DefaultDispatcher-worker-4] ExchangeRatesRepository - updateTrigger
17:41:36 [main] BiometricHelper - No biometric credentials
17:41:36 [main] LockScreenActivity - fingerprint was disabled
17:41:36 [main] LockScreenActivity - LockState = ENTER_PIN
17:42:00 [main] BlockchainServiceImpl - MEM pss=446MB nativeHeap=286/393MB jvm=22/576MB
17:42:00 [main] BlockchainServiceImpl - History of transactions/blocks/headers/mnlistdiff (sdk): 0/0/0/0, 0/0/0/0, 0/330874/0/0, 0/675000/0/0, 0/465000/644873/1556873
17:42:02 [main] SecurityGuard - loading security guard [healthy=true] with keys: [keystore_healthy, fallback_pin_wallet_password_key, primary_ui_pin_key, modern_encryption_migration_complete, fallback_mnemonic_wallet_password_key, primary_wallet_password_key, fallback_mnemonic_ui_pin_key]
17:42:02 [main] ModernEncryptionProvider - Decrypted data for alias: ui_pin_key
17:42:02 [main] BiometricHelper - No biometric credentials
17:42:03 [DefaultDispatcher-worker-3] L1ShadowSyncService - L1 engine chainlock height 1556873 -> 1556874
17:42:03 [DefaultDispatcher-worker-1] MainViewModel - blockchain state update: mnlist=1556873; chain=1556873; wallet=-1
17:42:03 [main] BlockchainServiceImpl - cutover committed and SDK L1 scan synced — triggering identity/contacts discovery
17:42:03 [DefaultDispatcher-worker-13] BlockchainIdentityData - creation: BlockchainIdentityData(NONE, null, null, null, null, null)
17:42:03 [DefaultDispatcher-worker-13] PlatformSynchronizationService - discoverAndRecoverIdentity: checking for existing associated identity
17:42:03 [DefaultDispatcher-worker-13] SecurityGuard - loading security guard [healthy=true] with keys: [keystore_healthy, fallback_pin_wallet_password_key, primary_ui_pin_key, modern_encryption_migration_complete, fallback_mnemonic_wallet_password_key, primary_wallet_password_key, fallback_mnemonic_ui_pin_key]
17:42:03 [DefaultDispatcher-worker-13] ModernEncryptionProvider - Decrypted data for alias: wallet_password_key
17:42:03 [DefaultDispatcher-worker-13] KeyCrypterScrypt - Deriving key took 119.2 ms for N=65536, r=8, p=1.
17:42:04 [DefaultDispatcher-worker-13] DapiClient - getIdentityByFirstPublicKey(48ccf9a43eee96f92a0ca7f8dced9dc2630d05f2)
17:42:04 [DefaultDispatcher-worker-13] PlatformSynchronizationService - discoverAndRecoverIdentity: no existing identity found
17:42:04 [DefaultDispatcher-worker-13] PlatformSynchronizationService - identity-discovery guard released (no identity found) — a later discovery may run again
17:42:04 [DefaultDispatcher-worker-13] BlockchainServiceImpl - post-cutover identity discovery found nothing and the wallet has no identity — re-arming; next attempt no sooner than 120000 ms from now
17:42:04 [DefaultDispatcher-worker-14] PlatformSynchronizationService - TxMetadata settings: saveToNetwork=false frequency=afterTenTransactions saveAfter=9223372036854775807 paymentCategory=false taxCategory=false exchangeRates=false memos=false giftCards=false storedDocuments=0
17:42:04 [DefaultDispatcher-worker-5] L1ShadowSyncService - L1Shadow phase=SYNCED 100.0% headers 1556874/1556874 filters 1556874/1556874 wallet 1556874
17:42:04 [DefaultDispatcher-worker-12] MainViewModel - blockchain state update: mnlist=1556874; chain=1556874; wallet=-1
17:42:04 [DefaultDispatcher-worker-7] MainViewModel - blockchain state update: mnlist=1556874; chain=1556874; wallet=-1
17:42:07 [main] WalletActivityTracker - activity lifecycle: current: MainActivity, activities: 1 visible: 1 foreground: 0
17:42:07 [main] WalletActivityTracker - activity lifecycle: activity SendCoinsActivity created
17:42:07 [main] WalletActivityTracker - activity lifecycle: current: SendCoinsActivity, activities: 2 visible: 1 foreground: 0
17:42:07 [main] SecurityGuard - loading security guard [healthy=true] with keys: [keystore_healthy, fallback_pin_wallet_password_key, primary_ui_pin_key, modern_encryption_migration_complete, fallback_mnemonic_wallet_password_key, primary_wallet_password_key, fallback_mnemonic_ui_pin_key]
17:42:07 [main] SecurityGuard - loading security guard [healthy=true] with keys: [keystore_healthy, fallback_pin_wallet_password_key, primary_ui_pin_key, modern_encryption_migration_complete, fallback_mnemonic_wallet_password_key, primary_wallet_password_key, fallback_mnemonic_ui_pin_key]
17:42:07 [main] ModernEncryptionProvider - Decrypted data for alias: wallet_password_key
17:42:07 [main] ModernEncryptionProvider - Decrypted data for alias: ui_pin_key
17:42:07 [main] DashPaymentIntentParser - network parameters = org.darkcoin.test
17:42:07 [main] WalletActivityTracker - activity lifecycle: current: SendCoinsActivity, activities: 2 visible: 2 foreground: 0
17:42:07 [main] SecurityGuard - loading security guard [healthy=true] with keys: [keystore_healthy, fallback_pin_wallet_password_key, primary_ui_pin_key, modern_encryption_migration_complete, fallback_mnemonic_wallet_password_key, primary_wallet_password_key, fallback_mnemonic_ui_pin_key]
17:42:07 [main] SecurityGuard - loading security guard [healthy=true] with keys: [keystore_healthy, fallback_pin_wallet_password_key, primary_ui_pin_key, modern_encryption_migration_complete, fallback_mnemonic_wallet_password_key, primary_wallet_password_key, fallback_mnemonic_ui_pin_key]
17:42:07 [main] LockScreenActivity - show lock screen false = ![keepUnlocked=true] && autologout=true && (keepUnlockedUntilPenEntered=false || shouldLogout=false) || isHealthy=true
17:42:07 [main] WalletActivityTracker - activity lifecycle: current: SendCoinsActivity, activities: 2 visible: 2 foreground: 1
17:42:07 [main] BlockchainServiceImpl - .onStartCommand(Intent { cmp=hashengineering.darkcoin.wallet_test/de.schildbach.wallet.service.BlockchainServiceImpl })
17:42:07 [DefaultDispatcher-worker-13] BlockchainServiceImpl - onStartCommand waiting for onCreate to complete...
17:42:07 [DefaultDispatcher-worker-13] BlockchainServiceImpl - onCreate completed, processing onStartCommand
17:42:07 [DefaultDispatcher-worker-13] BLSJniLibrary - Initializing BLS JNI Library
17:42:07 [DefaultDispatcher-worker-13] BlockchainServiceImpl - service start command: Intent { cmp=hashengineering.darkcoin.wallet_test/de.schildbach.wallet.service.BlockchainServiceImpl }
17:42:07 [DefaultDispatcher-worker-13] BlockchainServiceImpl - .onStartCommand(Intent { cmp=hashengineering.darkcoin.wallet_test/de.schildbach.wallet.service.BlockchainServiceImpl }) finished
17:42:07 [main] DashPaymentIntentParser - network parameters = org.darkcoin.test
17:42:07 [main] SendCoinsViewModel - got PaymentIntent[BIP21,[Output[0.01,Xg6ZyruE7ZZkebLDvRPwgrPzTC6AtJiYzN]],null]
17:42:07 [DefaultDispatcher-worker-9] BLSJniLibrary - Initializing BLS JNI Library
17:42:07 [DefaultDispatcher-worker-9] WalletBalanceObserver - process emit balance time: 0 ms, selector MaxOutputAmountCoinSelector
17:42:07 [DefaultDispatcher-worker-5] Constants - --> GET https://rates.ctx.com/rates?source=ctx
17:42:07 [main] AmountView - Exchange rate is not initialized
17:42:07 [main] AmountView - Exchange rate is not initialized
17:42:07 [main] SendCoinsFragment - enterAmountViewModel.blockContinue = true, viewModel.dryRunSuccessful.value = false
17:42:07 [main] SendCoinsFragment - enterAmountViewModel.blockContinue = true, viewModel.dryRunSuccessful.value = false
17:42:07 [DefaultDispatcher-worker-5] Constants - <-- 200 https://rates.ctx.com/rates?source=ctx (74ms, unknown-length body)
17:42:07 [main] WalletActivityTracker - activity lifecycle: current: MainActivity, activities: 2 visible: 1 foreground: 1
17:42:08 [main] BlockchainServiceImpl - .onStartCommand(Intent { cmp=hashengineering.darkcoin.wallet_test/de.schildbach.wallet.service.BlockchainServiceImpl })
17:42:08 [DefaultDispatcher-worker-5] BlockchainServiceImpl - onStartCommand waiting for onCreate to complete...
17:42:08 [DefaultDispatcher-worker-5] BlockchainServiceImpl - onCreate completed, processing onStartCommand
17:42:08 [DefaultDispatcher-worker-5] BLSJniLibrary - Initializing BLS JNI Library
17:42:08 [DefaultDispatcher-worker-5] BlockchainServiceImpl - service start command: Intent { cmp=hashengineering.darkcoin.wallet_test/de.schildbach.wallet.service.BlockchainServiceImpl }
17:42:08 [DefaultDispatcher-worker-5] BlockchainServiceImpl - .onStartCommand(Intent { cmp=hashengineering.darkcoin.wallet_test/de.schildbach.wallet.service.BlockchainServiceImpl }) finished
17:42:08 [main] SendCoinsViewModel - proceeding with PaymentIntent[BIP21,[Output[0.01,Xg6ZyruE7ZZkebLDvRPwgrPzTC6AtJiYzN]],null]
17:42:08 [main] SendCoinsFragment - enterAmountViewModel.blockContinue = true, viewModel.dryRunSuccessful.value = false
17:42:08 [main] SendCoinsFragment - enterAmountViewModel.blockContinue = true, viewModel.dryRunSuccessful.value = false
17:42:08 [main] SendCoinsFragment - enterAmountViewModel.blockContinue = true, viewModel.dryRunSuccessful.value = false
17:42:08 [DefaultDispatcher-worker-9] ExchangeRatesRepository - exchange rates updated successfully with de.schildbach.wallet.rates.DashRetailClient@1ac7547
17:42:08 [DefaultDispatcher-worker-5] ExchangeRatesRepository - updateTrigger
17:42:08 [DefaultDispatcher-worker-5] SendCoinsViewModel - executeDryRun started
17:42:08 [DefaultDispatcher-worker-5] DeterministicKeyChain - 1 keys needed for M/44H/1H/0H/0 = 1 issued + 0 lookahead size + 0 lookahead threshold - 0 num children
17:42:08 [DefaultDispatcher-worker-5] DeterministicKeyChain - Took 233.5 μs
17:42:08 [DefaultDispatcher-worker-5] BLSJniLibrary - Initializing BLS JNI Library
17:42:08 [DefaultDispatcher-worker-5] BLSJniLibrary - Initializing BLS JNI Library
17:42:08 [DefaultDispatcher-worker-5] SendCoinsViewModel - executeDryRun finished (cutover-aware: SDK-overlaid affordability)
17:42:08 [main] SendCoinsFragment - enterAmountViewModel.blockContinue = false, viewModel.dryRunSuccessful.value = true
17:42:14 [native-log-bridge] DashSdkNative - 09-19 12:42:03.853 19597 19742 I DashSDK : platform_wallet::changeset::core_bridge: wallet-event batch: folded=1 wallets=1 synced_height_persisted=Some(1556874) synced_height_frozen=None synced_height_rejected=None faulted=0
17:42:14 [native-log-bridge] DashSdkNative - 09-19 12:42:03.887 19597 19744 I DashSDK : platform_wallet::changeset::core_bridge: wallet-event batch: folded=1 wallets=1 synced_height_persisted=None synced_height_frozen=None synced_height_rejected=None faulted=0
17:42:15 [main] BiometricHelper - No biometric credentials
17:42:15 [main] SendCoinsTaskRunner - authenticate with pin
17:42:15 [main] SecurityGuard - loading security guard [healthy=true] with keys: [keystore_healthy, fallback_pin_wallet_password_key, primary_ui_pin_key, modern_encryption_migration_complete, fallback_mnemonic_wallet_password_key, primary_wallet_password_key, fallback_mnemonic_ui_pin_key]
17:42:34 [main] SendCoinsFragment - enterAmountViewModel.blockContinue = false, viewModel.dryRunSuccessful.value = true
17:42:34 [DefaultDispatcher-worker-6] MainViewModel - blockchain state update: mnlist=1556874; chain=1556874; wallet=-1
17:42:35 [DefaultDispatcher-worker-2] L1ShadowSyncService - L1Shadow phase=FILTERS 100.0% headers 1556875/1556875 filters 1556874/1556875 wallet 1556874
17:42:35 [DefaultDispatcher-worker-4] MainViewModel - blockchain state update: mnlist=1556874; chain=1556875; wallet=-1
17:42:35 [main] SendCoinsFragment - enterAmountViewModel.blockContinue = false, viewModel.dryRunSuccessful.value = true
17:42:37 [DefaultDispatcher-worker-6] L1ShadowSyncService - L1 engine chainlock height 1556874 -> 1556875
17:42:37 [main] SecurityGuard - loading security guard [healthy=true] with keys: [keystore_healthy, fallback_pin_wallet_password_key, primary_ui_pin_key, modern_encryption_migration_complete, fallback_mnemonic_wallet_password_key, primary_wallet_password_key, fallback_mnemonic_ui_pin_key]
17:42:37 [main] ModernEncryptionProvider - Decrypted data for alias: ui_pin_key
17:42:37 [DefaultDispatcher-worker-9] MainViewModel - blockchain state update: mnlist=1556874; chain=1556875; wallet=-1
17:42:37 [main] AmountView - Exchange rate is not initialized
17:42:37 [main] AmountView - Exchange rate is not initialized
17:42:37 [DefaultDispatcher-worker-8] L1ShadowSyncService - L1Shadow phase=SYNCED 100.0% headers 1556875/1556875 filters 1556875/1556875 wallet 1556875
17:42:37 [DefaultDispatcher-worker-2] MainViewModel - blockchain state update: mnlist=1556875; chain=1556875; wallet=-1
17:42:37 [main] SendCoinsFragment - enterAmountViewModel.blockContinue = false, viewModel.dryRunSuccessful.value = true
17:42:37 [main] SendCoinsFragment - enterAmountViewModel.blockContinue = false, viewModel.dryRunSuccessful.value = true
17:42:44 [native-log-bridge] DashSdkNative - 09-19 12:42:37.023 19597 19742 I DashSDK : platform_wallet::changeset::core_bridge: wallet-event batch: folded=1 wallets=1 synced_height_persisted=Some(1556875) synced_height_frozen=None synced_height_rejected=None faulted=0
17:42:44 [native-log-bridge] DashSdkNative - 09-19 12:42:37.212 19597 19742 I DashSDK : platform_wallet::changeset::core_bridge: wallet-event batch: folded=1 wallets=1 synced_height_persisted=None synced_height_frozen=None synced_height_rejected=None faulted=0
17:42:46 [DefaultDispatcher-worker-3] BLSJniLibrary - Initializing BLS JNI Library
17:42:46 [DefaultDispatcher-worker-3] BLSJniLibrary - Initializing BLS JNI Library
17:42:46 [DefaultDispatcher-worker-3] BLSJniLibrary - Initializing BLS JNI Library
17:42:46 [DefaultDispatcher-worker-3] BLSJniLibrary - Initializing BLS JNI Library
17:42:46 [DefaultDispatcher-worker-3] SendCoinsTaskRunner - cutover committed: routing the SendRequest payment via the SDK bridge (1000000 duffs to yRjAzoyf…)
17:42:46 [main] SendCoinsFragment - enterAmountViewModel.blockContinue = true, viewModel.dryRunSuccessful.value = true
17:42:46 [DefaultDispatcher-worker-10] L1ShadowSyncService - L1 engine tx event: Detected(txidHex=fcb3231e8048bf9a0f821bd19770835f6510e400f99a77e91177d5efb64cf5a0, netAmountDuffs=-1000226, feeDuffs=null, contextCode=0, directionCode=1)
17:42:46 [DefaultDispatcher-worker-10] CutoverUiDataService - SDK balance published: 98999774 duffs (was 100000000) | l1Synced=true rescanArmedHold=false dashPayBackfill(armed=false,replaying=false) deferredContactBuilds=0 (unchangedReads=3) persistedAsLastKnown=true lastKnown=0
17:42:46 [DefaultDispatcher-worker-13] CutoverUiDataService - engine detected tx fcb3231e8048bf9a0f821bd19770835f6510e400f99a77e91177d5efb64cf5a0 pre-block (context=0, net=-1000226 duffs) — syncing display row now
17:42:46 [DefaultDispatcher-worker-2] Constants - --> GET https://rates.ctx.com/rates?source=ctx
17:42:46 [DefaultDispatcher-worker-2] Constants - <-- 200 https://rates.ctx.com/rates?source=ctx (86ms, unknown-length body)
17:42:46 [main] WalletTransactionsFragment - STARTUP submitData called on thread=main at 1789839766266
17:42:46 [DefaultDispatcher-worker-11] CutoverUiDataService - cutover UI display sync: 1 SDK records → 1 inserts, 0 status updates
17:42:46 [main] WalletTransactionsFragment - STARTUP submitData called on thread=main at 1789839766336
17:42:46 [DefaultDispatcher-worker-2] ExchangeRatesRepository - exchange rates updated successfully with de.schildbach.wallet.rates.DashRetailClient@1ac7547
17:42:46 [DefaultDispatcher-worker-10] ExchangeRatesRepository - updateTrigger
17:42:46 [DefaultDispatcher-worker-2] L1ShadowSyncService - L1 engine tx event: InstantLocked(txidHex=fcb3231e8048bf9a0f821bd19770835f6510e400f99a77e91177d5efb64cf5a0)
17:42:46 [main] WalletTransactionsFragment - STARTUP submitData called on thread=main at 1789839766882
17:42:46 [DefaultDispatcher-worker-9] CutoverUiDataService - engine IS lock for fcb3231e8048bf9a0f821bd19770835f6510e400f99a77e91177d5efb64cf5a0 — display row flipped pre-block
17:42:46 [main] WalletTransactionsFragment - STARTUP submitData called on thread=main at 1789839766884
17:42:46 [DefaultDispatcher-worker-3] SdkL1SendService - SDK l1Send: broadcast 1000000 duffs to yRjAzoyf…, txid fcb3231e8048bf9a0f821bd19770835f6510e400f99a77e91177d5efb64cf5a0
17:42:46 [DefaultDispatcher-worker-9] BLSJniLibrary - Initializing BLS JNI Library
17:42:46 [DefaultDispatcher-worker-9] Wallet - commitTx of fcb3231e8048bf9a0f821bd19770835f6510e400f99a77e91177d5efb64cf5a0
17:42:46 [DefaultDispatcher-worker-9] Wallet - commitTx of fcb3231e8048bf9a0f821bd19770835f6510e400f99a77e91177d5efb64cf5a0
17:42:46 [DefaultDispatcher-worker-9] Wallet - ->pending: fcb3231e8048bf9a0f821bd19770835f6510e400f99a77e91177d5efb64cf5a0
17:42:46 [DefaultDispatcher-worker-9] Wallet - Estimated balance is now: 0.00 DASH
17:42:46 [DefaultDispatcher-worker-9] WalletFiles - Saving wallet; last seen block is height -1, date unknown, hash null
17:42:46 [DefaultDispatcher-worker-9] CoinJoinExtension - CoinJoinExtension serialization: 1ms total (keys:0ms[8], cache:0ms[0], salt:0ms, io:0ms, size:1447bytes, buffer:64KB)
17:42:46 [DefaultDispatcher-worker-9] WalletProtobufSerializer - walletToProto (serial=10) timing: 19ms total, init=0ms, tx=4ms[1], keys=2ms, scripts=0ms[0], metadata=0ms, ext=12ms, friendRecv=0ms, friendSend=0ms, build=0ms
17:42:46 [DefaultDispatcher-worker-9] WalletProtobufSerializer - writeWallet timing: 21ms total (19ms/90% serialization, 2ms/9% I/O) buffer=8KB
17:42:46 [DefaultDispatcher-worker-9] WalletFiles - Save completed in 30.82 ms (15874 bytes); /data/user/0/hashengineering.darkcoin.wallet_test/files/wallet-protobuf-testnet
17:42:46 [DefaultDispatcher-worker-9] SdkBridgedTransactionFactory - bridged SDK tx fcb3231e8048bf9a0f821bd19770835f6510e400f99a77e91177d5efb64cf5a0 into the dashj wallet (committed)
17:42:46 [main] BlockchainServiceImpl - .onStartCommand(Intent { act=de.schildbach.wallet.service.broadcast_transaction cmp=hashengineering.darkcoin.wallet_test/de.schildbach.wallet.service.BlockchainServiceImpl (has extras) })
17:42:46 [main] SendCoinsFragment - enterAmountViewModel.blockContinue = true, viewModel.dryRunSuccessful.value = true
17:42:46 [DefaultDispatcher-worker-9] BlockchainServiceImpl - onStartCommand waiting for onCreate to complete...
17:42:46 [DefaultDispatcher-worker-9] BlockchainServiceImpl - onCreate completed, processing onStartCommand
17:42:46 [DefaultDispatcher-worker-9] BLSJniLibrary - Initializing BLS JNI Library
17:42:46 [DefaultDispatcher-worker-9] BlockchainServiceImpl - service start command: Intent { act=de.schildbach.wallet.service.broadcast_transaction cmp=hashengineering.darkcoin.wallet_test/de.schildbach.wallet.service.BlockchainServiceImpl (has extras) }
17:42:46 [DefaultDispatcher-worker-9] BlockchainServiceImpl - broadcast transaction requested for hash: fcb3231e8048bf9a0f821bd19770835f6510e400f99a77e91177d5efb64cf5a0
17:42:46 [DefaultDispatcher-worker-9] BlockchainServiceImpl - found transaction fcb3231e8048bf9a0f821bd19770835f6510e400f99a77e91177d5efb64cf5a0 in wallet
17:42:46 [DefaultDispatcher-worker-9] BlockchainServiceImpl - peergroup not available, not broadcasting transaction fcb3231e8048bf9a0f821bd19770835f6510e400f99a77e91177d5efb64cf5a0
17:42:46 [DefaultDispatcher-worker-9] BlockchainServiceImpl - .onStartCommand(Intent { act=de.schildbach.wallet.service.broadcast_transaction cmp=hashengineering.darkcoin.wallet_test/de.schildbach.wallet.service.BlockchainServiceImpl (has extras) }) finished
17:42:47 [main] SendCoinsFragment - enterAmountViewModel.blockContinue = true, viewModel.dryRunSuccessful.value = true
17:42:47 [main] WalletActivityTracker - activity lifecycle: current: SendCoinsActivity, activities: 2 visible: 1 foreground: 0
17:42:47 [main] SendCoinsFragment - enterAmountViewModel.blockContinue = false, viewModel.dryRunSuccessful.value = true
17:42:47 [main] WalletActivityTracker - activity lifecycle: activity TransactionResultActivity created
17:42:47 [main] WalletActivityTracker - activity lifecycle: current: TransactionResultActivity, activities: 3 visible: 1 foreground: 0
17:42:47 [main] SecurityGuard - loading security guard [healthy=true] with keys: [keystore_healthy, fallback_pin_wallet_password_key, primary_ui_pin_key, modern_encryption_migration_complete, fallback_mnemonic_wallet_password_key, primary_wallet_password_key, fallback_mnemonic_ui_pin_key]
17:42:47 [main] SecurityGuard - loading security guard [healthy=true] with keys: [keystore_healthy, fallback_pin_wallet_password_key, primary_ui_pin_key, modern_encryption_migration_complete, fallback_mnemonic_wallet_password_key, primary_wallet_password_key, fallback_mnemonic_ui_pin_key]
17:42:47 [main] ModernEncryptionProvider - Decrypted data for alias: wallet_password_key
17:42:47 [main] ModernEncryptionProvider - Decrypted data for alias: ui_pin_key
17:42:47 [main] WalletActivityTracker - activity lifecycle: current: TransactionResultActivity, activities: 3 visible: 2 foreground: 0
17:42:47 [main] SecurityGuard - loading security guard [healthy=true] with keys: [keystore_healthy, fallback_pin_wallet_password_key, primary_ui_pin_key, modern_encryption_migration_complete, fallback_mnemonic_wallet_password_key, primary_wallet_password_key, fallback_mnemonic_ui_pin_key]
17:42:47 [main] SecurityGuard - loading security guard [healthy=true] with keys: [keystore_healthy, fallback_pin_wallet_password_key, primary_ui_pin_key, modern_encryption_migration_complete, fallback_mnemonic_wallet_password_key, primary_wallet_password_key, fallback_mnemonic_ui_pin_key]
17:42:47 [main] LockScreenActivity - show lock screen false = ![keepUnlocked=false] && autologout=true && (keepUnlockedUntilPenEntered=false || shouldLogout=false) || isHealthy=true
17:42:47 [main] WalletActivityTracker - activity lifecycle: current: TransactionResultActivity, activities: 3 visible: 2 foreground: 1
17:42:47 [main] BlockchainServiceImpl - .onStartCommand(Intent { cmp=hashengineering.darkcoin.wallet_test/de.schildbach.wallet.service.BlockchainServiceImpl })
17:42:47 [DefaultDispatcher-worker-9] BlockchainServiceImpl - onStartCommand waiting for onCreate to complete...
17:42:47 [DefaultDispatcher-worker-9] BlockchainServiceImpl - onCreate completed, processing onStartCommand
17:42:47 [DefaultDispatcher-worker-9] BLSJniLibrary - Initializing BLS JNI Library
17:42:47 [DefaultDispatcher-worker-9] BlockchainServiceImpl - service start command: Intent { cmp=hashengineering.darkcoin.wallet_test/de.schildbach.wallet.service.BlockchainServiceImpl }
17:42:47 [DefaultDispatcher-worker-9] BlockchainServiceImpl - .onStartCommand(Intent { cmp=hashengineering.darkcoin.wallet_test/de.schildbach.wallet.service.BlockchainServiceImpl }) finished
17:42:47 [DefaultDispatcher-worker-9] WalletTransactionMetadataProvider - txmetadata for fcb3231e8048bf9a0f821bd19770835f6510e400f99a77e91177d5efb64cf5a0 does not exist, perform insert, then update
17:42:47 [DefaultDispatcher-worker-9] BLSJniLibrary - Initializing BLS JNI Library
17:42:47 [DefaultDispatcher-worker-9] WalletTransactionMetadataProvider - txmetadata: inserting TransactionMetadata(txId=fcb3231e8048bf9a0f821bd19770835f6510e400f99a77e91177d5efb64cf5a0, timestamp=1789839766927, value=0, type=Sent, taxCategory=null, currencyCode=null, rate=null, memo=, service=null, customIconId=null)
17:42:47 [DefaultDispatcher-worker-8] WalletTransactionMetadataProvider - metadata: TxOut of 0.01 DASH to yRjAzoyfZ7DpzLFmVGiLispLjUaYKRnL52 script:DUP HASH160 PUSHDATA(20)[3b556137f0c995630dc70df441c65b1dded6136d] EQUALVERIFY CHECKSIG
17:42:47 [DefaultDispatcher-worker-8] WalletTransactionMetadataProvider - metadata: TxOut of 0.98999774 DASH to ySexs4JeAmxWmpzRJdj98EShHq17GR42xX script:DUP HASH160 PUSHDATA(20)[4581b68849c876fe2130280c2dbe734621c9f3ae] EQUALVERIFY CHECKSIG
17:42:48 [main] WalletActivityTracker - activity lifecycle: current: SendCoinsActivity, activities: 3 visible: 1 foreground: 1
17:42:48 [main] WalletActivityTracker - activity lifecycle: activity SendCoinsActivity destroyed
17:42:48 [main] WalletActivityTracker - activity lifecycle: current: SendCoinsActivity, activities: 2 visible: 1 foreground: 1
17:42:48 [DefaultDispatcher-worker-14] BlockchainServiceImpl - network capabilities changed: 101, hasInternet: true, validated: true
17:42:48 [DefaultDispatcher-worker-14] BlockchainServiceImpl - acquiring check() mutex
17:42:48 [DefaultDispatcher-worker-14] BlockchainServiceImpl - check()
17:42:48 [DefaultDispatcher-worker-14] BlockchainServiceImpl - cutover committed — holding the dashj L1 engine; SDK owns L1 this launch
17:42:48 [DefaultDispatcher-worker-14] BlockchainServiceImpl - releasing check() mutex
17:42:51 [DefaultDispatcher-worker-1] BlockchainServiceImpl - network capabilities changed: 101, hasInternet: true, validated: true
17:42:51 [DefaultDispatcher-worker-1] BlockchainServiceImpl - acquiring check() mutex
17:42:51 [DefaultDispatcher-worker-1] BlockchainServiceImpl - check()
17:42:51 [DefaultDispatcher-worker-1] BlockchainServiceImpl - cutover committed — holding the dashj L1 engine; SDK owns L1 this launch
17:42:51 [DefaultDispatcher-worker-1] BlockchainServiceImpl - releasing check() mutex
17:43:00 [main] BlockchainServiceImpl - MEM pss=461MB nativeHeap=295/396MB jvm=30/576MB
17:43:00 [main] BlockchainServiceImpl - History of transactions/blocks/headers/mnlistdiff (sdk): 2/2/2/2, 0/0/0/0, 0/0/0/0, 0/330874/0/0, 0/675000/0/0, 0/465000/644873/1556873
17:43:07 [main] WalletActivityTracker - activity lifecycle: current: TransactionResultActivity, activities: 2 visible: 1 foreground: 0
17:43:07 [main] WalletActivityTracker - activity lifecycle: current: MainActivity, activities: 2 visible: 2 foreground: 0
17:43:07 [main] HistoryHeaderAdapter - set invite = null
17:43:07 [main] HistoryHeaderAdapter - set invite, synced = true
17:43:07 [main] MainViewModel - platform available: true; no identity creation is progress: true
17:43:07 [main] SecurityGuard - loading security guard [healthy=true] with keys: [keystore_healthy, fallback_pin_wallet_password_key, primary_ui_pin_key, modern_encryption_migration_complete, fallback_mnemonic_wallet_password_key, primary_wallet_password_key, fallback_mnemonic_ui_pin_key]
17:43:07 [main] SecurityGuard - loading security guard [healthy=true] with keys: [keystore_healthy, fallback_pin_wallet_password_key, primary_ui_pin_key, modern_encryption_migration_complete, fallback_mnemonic_wallet_password_key, primary_wallet_password_key, fallback_mnemonic_ui_pin_key]
17:43:07 [main] LockScreenActivity - show lock screen false = ![keepUnlocked=false] && autologout=true && (keepUnlockedUntilPenEntered=false || shouldLogout=false) || isHealthy=true
17:43:07 [main] MainActivity - updateTrigger => rateStale: RateRetrievalState(lastAttemptFailed=false, staleRates=false, volatile=false)
17:43:07 [main] WalletActivityTracker - activity lifecycle: current: MainActivity, activities: 2 visible: 2 foreground: 1
17:43:07 [main] DeviceInfoProvider - Detecting currency based on device, mobile network or locale:
17:43:07 [main] DeviceInfoProvider - Device Sim Country: us
17:43:07 [main] MainViewModel - Updating currency exchange rate based on country: US
17:43:07 [main] BlockchainServiceImpl - .onStartCommand(Intent { cmp=hashengineering.darkcoin.wallet_test/de.schildbach.wallet.service.BlockchainServiceImpl })
17:43:07 [DefaultDispatcher-worker-6] BlockchainServiceImpl - onStartCommand waiting for onCreate to complete...
17:43:07 [DefaultDispatcher-worker-6] BlockchainServiceImpl - onCreate completed, processing onStartCommand
17:43:07 [DefaultDispatcher-worker-6] BLSJniLibrary - Initializing BLS JNI Library
17:43:07 [DefaultDispatcher-worker-6] BlockchainServiceImpl - service start command: Intent { cmp=hashengineering.darkcoin.wallet_test/de.schildbach.wallet.service.BlockchainServiceImpl }
17:43:07 [DefaultDispatcher-worker-6] BlockchainServiceImpl - .onStartCommand(Intent { cmp=hashengineering.darkcoin.wallet_test/de.schildbach.wallet.service.BlockchainServiceImpl }) finished
17:43:07 [main] BlockchainServiceImpl - .onStartCommand(Intent { act=de.schildbach.wallet.service.cancel_coins_received cmp=hashengineering.darkcoin.wallet_test/de.schildbach.wallet.service.BlockchainServiceImpl })
17:43:07 [DefaultDispatcher-worker-7] BlockchainServiceImpl - onStartCommand waiting for onCreate to complete...
17:43:07 [DefaultDispatcher-worker-7] BlockchainServiceImpl - onCreate completed, processing onStartCommand
17:43:07 [DefaultDispatcher-worker-7] BLSJniLibrary - Initializing BLS JNI Library
17:43:07 [DefaultDispatcher-worker-7] BlockchainServiceImpl - service start command: Intent { act=de.schildbach.wallet.service.cancel_coins_received cmp=hashengineering.darkcoin.wallet_test/de.schildbach.wallet.service.BlockchainServiceImpl }
17:43:07 [DefaultDispatcher-worker-7] BlockchainServiceImpl - .onStartCommand(Intent { act=de.schildbach.wallet.service.cancel_coins_received cmp=hashengineering.darkcoin.wallet_test/de.schildbach.wallet.service.BlockchainServiceImpl }) finished
17:43:08 [main] WalletActivityTracker - activity lifecycle: current: TransactionResultActivity, activities: 2 visible: 1 foreground: 1
17:43:08 [main] WalletActivityTracker - activity lifecycle: activity TransactionResultActivity destroyed
17:43:08 [main] WalletActivityTracker - activity lifecycle: current: TransactionResultActivity, activities: 1 visible: 1 foreground: 1
17:43:09 [main] WalletActivityTracker - activity lifecycle: current: MainActivity, activities: 1 visible: 1 foreground: 0
17:43:09 [main] WalletActivityTracker - activity lifecycle: activity SendCoinsActivity created
17:43:09 [main] WalletActivityTracker - activity lifecycle: current: SendCoinsActivity, activities: 2 visible: 1 foreground: 0
17:43:09 [main] SecurityGuard - loading security guard [healthy=true] with keys: [keystore_healthy, fallback_pin_wallet_password_key, primary_ui_pin_key, modern_encryption_migration_complete, fallback_mnemonic_wallet_password_key, primary_wallet_password_key, fallback_mnemonic_ui_pin_key]
17:43:09 [main] SecurityGuard - loading security guard [healthy=true] with keys: [keystore_healthy, fallback_pin_wallet_password_key, primary_ui_pin_key, modern_encryption_migration_complete, fallback_mnemonic_wallet_password_key, primary_wallet_password_key, fallback_mnemonic_ui_pin_key]
17:43:09 [main] ModernEncryptionProvider - Decrypted data for alias: wallet_password_key
17:43:09 [main] ModernEncryptionProvider - Decrypted data for alias: ui_pin_key
17:43:09 [main] DashPaymentIntentParser - network parameters = org.darkcoin.test
17:43:09 [main] WalletActivityTracker - activity lifecycle: current: SendCoinsActivity, activities: 2 visible: 2 foreground: 0
17:43:09 [main] SecurityGuard - loading security guard [healthy=true] with keys: [keystore_healthy, fallback_pin_wallet_password_key, primary_ui_pin_key, modern_encryption_migration_complete, fallback_mnemonic_wallet_password_key, primary_wallet_password_key, fallback_mnemonic_ui_pin_key]
17:43:09 [main] SecurityGuard - loading security guard [healthy=true] with keys: [keystore_healthy, fallback_pin_wallet_password_key, primary_ui_pin_key, modern_encryption_migration_complete, fallback_mnemonic_wallet_password_key, primary_wallet_password_key, fallback_mnemonic_ui_pin_key]
17:43:09 [main] LockScreenActivity - show lock screen false = ![keepUnlocked=true] && autologout=true && (keepUnlockedUntilPenEntered=false || shouldLogout=false) || isHealthy=true
17:43:09 [main] WalletActivityTracker - activity lifecycle: current: SendCoinsActivity, activities: 2 visible: 2 foreground: 1
17:43:10 [main] BlockchainServiceImpl - .onStartCommand(Intent { cmp=hashengineering.darkcoin.wallet_test/de.schildbach.wallet.service.BlockchainServiceImpl })
17:43:10 [DefaultDispatcher-worker-7] BlockchainServiceImpl - onStartCommand waiting for onCreate to complete...
17:43:10 [DefaultDispatcher-worker-7] BlockchainServiceImpl - onCreate completed, processing onStartCommand
17:43:10 [DefaultDispatcher-worker-7] BLSJniLibrary - Initializing BLS JNI Library
17:43:10 [DefaultDispatcher-worker-7] BlockchainServiceImpl - service start command: Intent { cmp=hashengineering.darkcoin.wallet_test/de.schildbach.wallet.service.BlockchainServiceImpl }
17:43:10 [DefaultDispatcher-worker-7] BlockchainServiceImpl - .onStartCommand(Intent { cmp=hashengineering.darkcoin.wallet_test/de.schildbach.wallet.service.BlockchainServiceImpl }) finished
17:43:10 [main] DashPaymentIntentParser - network parameters = org.darkcoin.test
17:43:10 [DefaultDispatcher-worker-13] BLSJniLibrary - Initializing BLS JNI Library
17:43:10 [DefaultDispatcher-worker-13] WalletBalanceObserver - process emit balance time: 0 ms, selector MaxOutputAmountCoinSelector
17:43:10 [main] SendCoinsViewModel - got PaymentIntent[BIP21,[Output[0.005,Xg6ZyruE7ZZkebLDvRPwgrPzTC6AtJiYzN]],null]
17:43:10 [main] AmountView - Exchange rate is not initialized
17:43:10 [main] AmountView - Exchange rate is not initialized
17:43:10 [main] SendCoinsFragment - enterAmountViewModel.blockContinue = true, viewModel.dryRunSuccessful.value = false
17:43:10 [main] SendCoinsFragment - enterAmountViewModel.blockContinue = true, viewModel.dryRunSuccessful.value = false
17:43:10 [main] BlockchainServiceImpl - .onStartCommand(Intent { cmp=hashengineering.darkcoin.wallet_test/de.schildbach.wallet.service.BlockchainServiceImpl })
17:43:10 [main] SendCoinsViewModel - proceeding with PaymentIntent[BIP21,[Output[0.005,Xg6ZyruE7ZZkebLDvRPwgrPzTC6AtJiYzN]],null]
17:43:10 [main] SendCoinsFragment - enterAmountViewModel.blockContinue = true, viewModel.dryRunSuccessful.value = false
17:43:10 [DefaultDispatcher-worker-7] BlockchainServiceImpl - onStartCommand waiting for onCreate to complete...
17:43:10 [DefaultDispatcher-worker-7] BlockchainServiceImpl - onCreate completed, processing onStartCommand
17:43:10 [DefaultDispatcher-worker-7] BLSJniLibrary - Initializing BLS JNI Library
17:43:10 [DefaultDispatcher-worker-7] BlockchainServiceImpl - service start command: Intent { cmp=hashengineering.darkcoin.wallet_test/de.schildbach.wallet.service.BlockchainServiceImpl }
17:43:10 [DefaultDispatcher-worker-7] BlockchainServiceImpl - .onStartCommand(Intent { cmp=hashengineering.darkcoin.wallet_test/de.schildbach.wallet.service.BlockchainServiceImpl }) finished
17:43:10 [main] SendCoinsFragment - enterAmountViewModel.blockContinue = true, viewModel.dryRunSuccessful.value = false
17:43:10 [main] SendCoinsFragment - enterAmountViewModel.blockContinue = true, viewModel.dryRunSuccessful.value = false
17:43:10 [DefaultDispatcher-worker-13] SendCoinsViewModel - executeDryRun started
17:43:10 [DefaultDispatcher-worker-13] BLSJniLibrary - Initializing BLS JNI Library
17:43:10 [DefaultDispatcher-worker-13] BLSJniLibrary - Initializing BLS JNI Library
17:43:10 [DefaultDispatcher-worker-13] SendCoinsViewModel - executeDryRun finished (cutover-aware: SDK-overlaid affordability)
17:43:10 [main] WalletActivityTracker - activity lifecycle: current: MainActivity, activities: 2 visible: 1 foreground: 1
17:43:10 [main] SendCoinsFragment - enterAmountViewModel.blockContinue = false, viewModel.dryRunSuccessful.value = true
17:43:14 [native-log-bridge] DashSdkNative - 09-19 12:42:46.059 19597 19743 I DashSDK : platform_wallet::changeset::core_bridge: wallet-event batch: folded=1 wallets=1 synced_height_persisted=None synced_height_frozen=None synced_height_rejected=None faulted=0
17:43:14 [native-log-bridge] DashSdkNative - 09-19 12:42:46.901 19597 19742 I DashSDK : platform_wallet::changeset::core_bridge: wallet-event batch: folded=1 wallets=1 synced_height_persisted=None synced_height_frozen=None synced_height_rejected=None faulted=0
17:43:25 [main] BiometricHelper - No biometric credentials
17:43:25 [main] SendCoinsTaskRunner - authenticate with pin
17:43:25 [main] SecurityGuard - loading security guard [healthy=true] with keys: [keystore_healthy, fallback_pin_wallet_password_key, primary_ui_pin_key, modern_encryption_migration_complete, fallback_mnemonic_wallet_password_key, primary_wallet_password_key, fallback_mnemonic_ui_pin_key]
17:43:39 [main] SecurityGuard - loading security guard [healthy=true] with keys: [keystore_healthy, fallback_pin_wallet_password_key, primary_ui_pin_key, modern_encryption_migration_complete, fallback_mnemonic_wallet_password_key, primary_wallet_password_key, fallback_mnemonic_ui_pin_key]
17:43:39 [main] ModernEncryptionProvider - Decrypted data for alias: ui_pin_key
17:43:39 [main] AmountView - Exchange rate is not initialized
17:43:39 [main] AmountView - Exchange rate is not initialized
17:43:48 [DefaultDispatcher-worker-10] BLSJniLibrary - Initializing BLS JNI Library
17:43:48 [DefaultDispatcher-worker-10] BLSJniLibrary - Initializing BLS JNI Library
17:43:48 [DefaultDispatcher-worker-10] BLSJniLibrary - Initializing BLS JNI Library
17:43:48 [DefaultDispatcher-worker-10] BLSJniLibrary - Initializing BLS JNI Library
17:43:48 [DefaultDispatcher-worker-10] SendCoinsTaskRunner - cutover committed: routing the SendRequest payment via the SDK bridge (500000 duffs to yRjAzoyf…)
17:43:48 [main] SendCoinsFragment - enterAmountViewModel.blockContinue = true, viewModel.dryRunSuccessful.value = true
17:43:48 [DefaultDispatcher-worker-3] L1ShadowSyncService - L1 engine tx event: Detected(txidHex=b6109773aceb4c4f48728036c8acc13e6b9e6d41f33a32832ae5f8067f4cbb0d, netAmountDuffs=-500226, feeDuffs=null, contextCode=0, directionCode=1)
17:43:48 [DefaultDispatcher-worker-3] CutoverUiDataService - engine detected tx b6109773aceb4c4f48728036c8acc13e6b9e6d41f33a32832ae5f8067f4cbb0d pre-block (context=0, net=-500226 duffs) — syncing display row now
17:43:48 [DefaultDispatcher-worker-3] CutoverUiDataService - SDK balance published: 98499548 duffs (was 98999774) | l1Synced=true rescanArmedHold=false dashPayBackfill(armed=false,replaying=false) deferredContactBuilds=0 (unchangedReads=3) persistedAsLastKnown=true lastKnown=0
17:43:48 [DefaultDispatcher-worker-7] CutoverUiDataService - cutover UI display sync: 1 SDK records → 1 inserts, 0 status updates
17:43:48 [main] WalletTransactionsFragment - STARTUP submitData called on thread=main at 1789839828307
17:43:48 [main] WalletTransactionsFragment - STARTUP submitData called on thread=main at 1789839828317
17:43:48 [DefaultDispatcher-worker-1] Constants - --> GET https://rates.ctx.com/rates?source=ctx
17:43:48 [DefaultDispatcher-worker-1] Constants - <-- 200 https://rates.ctx.com/rates?source=ctx (122ms, unknown-length body)
17:43:48 [DefaultDispatcher-worker-6] ExchangeRatesRepository - exchange rates updated successfully with de.schildbach.wallet.rates.DashRetailClient@1ac7547
17:43:48 [DefaultDispatcher-worker-8] ExchangeRatesRepository - updateTrigger
17:43:49 [DefaultDispatcher-worker-10] SdkL1SendService - SDK l1Send: broadcast 500000 duffs to yRjAzoyf…, txid b6109773aceb4c4f48728036c8acc13e6b9e6d41f33a32832ae5f8067f4cbb0d
17:43:49 [DefaultDispatcher-worker-6] L1ShadowSyncService - L1 engine tx event: InstantLocked(txidHex=b6109773aceb4c4f48728036c8acc13e6b9e6d41f33a32832ae5f8067f4cbb0d)
17:43:49 [DefaultDispatcher-worker-7] CutoverUiDataService - engine IS lock for b6109773aceb4c4f48728036c8acc13e6b9e6d41f33a32832ae5f8067f4cbb0d — display row flipped pre-block
17:43:49 [DefaultDispatcher-worker-1] BLSJniLibrary - Initializing BLS JNI Library
17:43:49 [DefaultDispatcher-worker-1] Wallet - commitTx of b6109773aceb4c4f48728036c8acc13e6b9e6d41f33a32832ae5f8067f4cbb0d
17:43:49 [DefaultDispatcher-worker-1] Wallet - commitTx of b6109773aceb4c4f48728036c8acc13e6b9e6d41f33a32832ae5f8067f4cbb0d
17:43:49 [main] WalletTransactionsFragment - STARTUP submitData called on thread=main at 1789839829106
17:43:49 [DefaultDispatcher-worker-1] Wallet -   marked fcb3231e8048bf9a0f821bd19770835f6510e400f99a77e91177d5efb64cf5a0:1 as spent by b6109773aceb4c4f48728036c8acc13e6b9e6d41f33a32832ae5f8067f4cbb0d
17:43:49 [DefaultDispatcher-worker-1] Wallet - ->pending: b6109773aceb4c4f48728036c8acc13e6b9e6d41f33a32832ae5f8067f4cbb0d
17:43:49 [DefaultDispatcher-worker-1] Wallet - Estimated balance is now: 0.00 DASH
17:43:49 [DefaultDispatcher-worker-1] WalletFiles - Saving wallet; last seen block is height -1, date unknown, hash null
17:43:49 [DefaultDispatcher-worker-1] CoinJoinExtension - CoinJoinExtension serialization: 0ms total (keys:0ms[8], cache:0ms[0], salt:0ms, io:0ms, size:1447bytes, buffer:64KB)
17:43:49 [DefaultDispatcher-worker-1] WalletProtobufSerializer - walletToProto (serial=11) timing: 9ms total, init=0ms, tx=0ms[2], keys=0ms, scripts=0ms[0], metadata=0ms, ext=7ms, friendRecv=0ms, friendSend=0ms, build=0ms
17:43:49 [DefaultDispatcher-worker-1] WalletProtobufSerializer - writeWallet timing: 8ms total (8ms/100% serialization, 0ms/0% I/O) buffer=8KB
17:43:49 [DefaultDispatcher-worker-1] WalletFiles - Save completed in 10.89 ms (16198 bytes); /data/user/0/hashengineering.darkcoin.wallet_test/files/wallet-protobuf-testnet
17:43:49 [DefaultDispatcher-worker-1] SdkBridgedTransactionFactory - bridged SDK tx b6109773aceb4c4f48728036c8acc13e6b9e6d41f33a32832ae5f8067f4cbb0d into the dashj wallet (committed)
17:43:49 [main] BlockchainServiceImpl - .onStartCommand(Intent { act=de.schildbach.wallet.service.broadcast_transaction cmp=hashengineering.darkcoin.wallet_test/de.schildbach.wallet.service.BlockchainServiceImpl (has extras) })
17:43:49 [DefaultDispatcher-worker-7] BlockchainServiceImpl - onStartCommand waiting for onCreate to complete...
17:43:49 [DefaultDispatcher-worker-7] BlockchainServiceImpl - onCreate completed, processing onStartCommand
17:43:49 [DefaultDispatcher-worker-7] BLSJniLibrary - Initializing BLS JNI Library
17:43:49 [DefaultDispatcher-worker-7] BlockchainServiceImpl - service start command: Intent { act=de.schildbach.wallet.service.broadcast_transaction cmp=hashengineering.darkcoin.wallet_test/de.schildbach.wallet.service.BlockchainServiceImpl (has extras) }
17:43:49 [DefaultDispatcher-worker-7] BlockchainServiceImpl - broadcast transaction requested for hash: b6109773aceb4c4f48728036c8acc13e6b9e6d41f33a32832ae5f8067f4cbb0d
17:43:49 [DefaultDispatcher-worker-7] BlockchainServiceImpl - found transaction b6109773aceb4c4f48728036c8acc13e6b9e6d41f33a32832ae5f8067f4cbb0d in wallet
17:43:49 [DefaultDispatcher-worker-7] BlockchainServiceImpl - peergroup not available, not broadcasting transaction b6109773aceb4c4f48728036c8acc13e6b9e6d41f33a32832ae5f8067f4cbb0d
17:43:49 [DefaultDispatcher-worker-7] BlockchainServiceImpl - .onStartCommand(Intent { act=de.schildbach.wallet.service.broadcast_transaction cmp=hashengineering.darkcoin.wallet_test/de.schildbach.wallet.service.BlockchainServiceImpl (has extras) }) finished
17:43:49 [main] SendCoinsFragment - enterAmountViewModel.blockContinue = true, viewModel.dryRunSuccessful.value = true
17:43:49 [main] SendCoinsFragment - enterAmountViewModel.blockContinue = true, viewModel.dryRunSuccessful.value = true
17:43:49 [main] WalletActivityTracker - activity lifecycle: current: SendCoinsActivity, activities: 2 visible: 1 foreground: 0
17:43:49 [main] SendCoinsFragment - enterAmountViewModel.blockContinue = false, viewModel.dryRunSuccessful.value = true
17:43:49 [main] WalletActivityTracker - activity lifecycle: activity TransactionResultActivity created
17:43:49 [main] WalletActivityTracker - activity lifecycle: current: TransactionResultActivity, activities: 3 visible: 1 foreground: 0
17:43:49 [main] SecurityGuard - loading security guard [healthy=true] with keys: [keystore_healthy, fallback_pin_wallet_password_key, primary_ui_pin_key, modern_encryption_migration_complete, fallback_mnemonic_wallet_password_key, primary_wallet_password_key, fallback_mnemonic_ui_pin_key]
17:43:49 [main] SecurityGuard - loading security guard [healthy=true] with keys: [keystore_healthy, fallback_pin_wallet_password_key, primary_ui_pin_key, modern_encryption_migration_complete, fallback_mnemonic_wallet_password_key, primary_wallet_password_key, fallback_mnemonic_ui_pin_key]
17:43:49 [main] ModernEncryptionProvider - Decrypted data for alias: wallet_password_key
17:43:49 [main] ModernEncryptionProvider - Decrypted data for alias: ui_pin_key
17:43:49 [main] WalletActivityTracker - activity lifecycle: current: TransactionResultActivity, activities: 3 visible: 2 foreground: 0
17:43:49 [main] SecurityGuard - loading security guard [healthy=true] with keys: [keystore_healthy, fallback_pin_wallet_password_key, primary_ui_pin_key, modern_encryption_migration_complete, fallback_mnemonic_wallet_password_key, primary_wallet_password_key, fallback_mnemonic_ui_pin_key]
17:43:49 [main] SecurityGuard - loading security guard [healthy=true] with keys: [keystore_healthy, fallback_pin_wallet_password_key, primary_ui_pin_key, modern_encryption_migration_complete, fallback_mnemonic_wallet_password_key, primary_wallet_password_key, fallback_mnemonic_ui_pin_key]
17:43:49 [main] LockScreenActivity - show lock screen false = ![keepUnlocked=false] && autologout=true && (keepUnlockedUntilPenEntered=false || shouldLogout=false) || isHealthy=true
17:43:49 [main] WalletActivityTracker - activity lifecycle: current: TransactionResultActivity, activities: 3 visible: 2 foreground: 1
17:43:49 [main] BlockchainServiceImpl - .onStartCommand(Intent { cmp=hashengineering.darkcoin.wallet_test/de.schildbach.wallet.service.BlockchainServiceImpl })
17:43:49 [DefaultDispatcher-worker-7] BlockchainServiceImpl - onStartCommand waiting for onCreate to complete...
17:43:49 [DefaultDispatcher-worker-7] BlockchainServiceImpl - onCreate completed, processing onStartCommand
17:43:49 [DefaultDispatcher-worker-7] BLSJniLibrary - Initializing BLS JNI Library
17:43:49 [DefaultDispatcher-worker-7] BlockchainServiceImpl - service start command: Intent { cmp=hashengineering.darkcoin.wallet_test/de.schildbach.wallet.service.BlockchainServiceImpl }
17:43:49 [DefaultDispatcher-worker-7] BlockchainServiceImpl - .onStartCommand(Intent { cmp=hashengineering.darkcoin.wallet_test/de.schildbach.wallet.service.BlockchainServiceImpl }) finished
17:43:49 [DefaultDispatcher-worker-7] WalletTransactionMetadataProvider - txmetadata for b6109773aceb4c4f48728036c8acc13e6b9e6d41f33a32832ae5f8067f4cbb0d does not exist, perform insert, then update
17:43:49 [DefaultDispatcher-worker-7] BLSJniLibrary - Initializing BLS JNI Library
17:43:49 [DefaultDispatcher-worker-8] WalletTransactionMetadataProvider - txmetadata: inserting TransactionMetadata(txId=b6109773aceb4c4f48728036c8acc13e6b9e6d41f33a32832ae5f8067f4cbb0d, timestamp=1789839829106, value=0, type=Sent, taxCategory=null, currencyCode=null, rate=null, memo=, service=null, customIconId=null)
17:43:49 [DefaultDispatcher-worker-8] WalletTransactionMetadataProvider - metadata: TxOut of 0.005 DASH to yRjAzoyfZ7DpzLFmVGiLispLjUaYKRnL52 script:DUP HASH160 PUSHDATA(20)[3b556137f0c995630dc70df441c65b1dded6136d] EQUALVERIFY CHECKSIG
17:43:49 [DefaultDispatcher-worker-10] WalletTransactionMetadataProvider - metadata: TxOut of 0.98499548 DASH to yaBy3FgfbYbcw6GFKGVXNCWGiL7WPUND6C script:DUP HASH160 PUSHDATA(20)[9827a293b9a9f2aba3c24d63bc010763eaa26b0c] EQUALVERIFY CHECKSIG
17:43:49 [main] WalletActivityTracker - activity lifecycle: current: SendCoinsActivity, activities: 3 visible: 1 foreground: 1
17:43:49 [main] WalletActivityTracker - activity lifecycle: activity SendCoinsActivity destroyed
17:43:49 [main] WalletActivityTracker - activity lifecycle: current: SendCoinsActivity, activities: 2 visible: 1 foreground: 1
17:43:54 [DefaultDispatcher-worker-14] BlockchainServiceImpl - network capabilities changed: 101, hasInternet: true, validated: true
17:43:54 [DefaultDispatcher-worker-14] BlockchainServiceImpl - acquiring check() mutex
17:43:54 [DefaultDispatcher-worker-14] BlockchainServiceImpl - check()
17:43:54 [DefaultDispatcher-worker-14] BlockchainServiceImpl - cutover committed — holding the dashj L1 engine; SDK owns L1 this launch
17:43:55 [DefaultDispatcher-worker-14] BlockchainServiceImpl - releasing check() mutex
17:43:58 [DefaultDispatcher-worker-4] BlockchainServiceImpl - network capabilities changed: 101, hasInternet: true, validated: true
17:43:58 [DefaultDispatcher-worker-4] BlockchainServiceImpl - acquiring check() mutex
17:43:58 [DefaultDispatcher-worker-4] BlockchainServiceImpl - check()
17:43:58 [DefaultDispatcher-worker-4] BlockchainServiceImpl - cutover committed — holding the dashj L1 engine; SDK owns L1 this launch
17:43:58 [DefaultDispatcher-worker-4] BlockchainServiceImpl - releasing check() mutex
17:44:00 [main] BlockchainServiceImpl - MEM pss=468MB nativeHeap=301/399MB jvm=31/576MB
17:44:00 [main] BlockchainServiceImpl - History of transactions/blocks/headers/mnlistdiff (sdk): 2/0/0/0, 2/2/2/2, 0/0/0/0, 0/0/0/0, 0/330874/0/0, 0/675000/0/0, 0/465000/644873/1556873
17:44:10 [main] WalletActivityTracker - activity lifecycle: current: TransactionResultActivity, activities: 2 visible: 1 foreground: 0
17:44:10 [main] WalletActivityTracker - activity lifecycle: current: MainActivity, activities: 2 visible: 2 foreground: 0
17:44:10 [main] HistoryHeaderAdapter - set invite = null
17:44:10 [main] HistoryHeaderAdapter - set invite, synced = true
17:44:10 [main] MainViewModel - platform available: true; no identity creation is progress: true
17:44:10 [main] SecurityGuard - loading security guard [healthy=true] with keys: [keystore_healthy, fallback_pin_wallet_password_key, primary_ui_pin_key, modern_encryption_migration_complete, fallback_mnemonic_wallet_password_key, primary_wallet_password_key, fallback_mnemonic_ui_pin_key]
17:44:10 [main] SecurityGuard - loading security guard [healthy=true] with keys: [keystore_healthy, fallback_pin_wallet_password_key, primary_ui_pin_key, modern_encryption_migration_complete, fallback_mnemonic_wallet_password_key, primary_wallet_password_key, fallback_mnemonic_ui_pin_key]
17:44:10 [main] LockScreenActivity - show lock screen false = ![keepUnlocked=false] && autologout=true && (keepUnlockedUntilPenEntered=false || shouldLogout=false) || isHealthy=true
17:44:10 [main] MainActivity - updateTrigger => rateStale: RateRetrievalState(lastAttemptFailed=false, staleRates=false, volatile=false)
17:44:10 [main] WalletActivityTracker - activity lifecycle: current: MainActivity, activities: 2 visible: 2 foreground: 1
17:44:10 [main] BlockchainServiceImpl - .onStartCommand(Intent { cmp=hashengineering.darkcoin.wallet_test/de.schildbach.wallet.service.BlockchainServiceImpl })
17:44:10 [main] BlockchainServiceImpl - .onStartCommand(Intent { act=de.schildbach.wallet.service.cancel_coins_received cmp=hashengineering.darkcoin.wallet_test/de.schildbach.wallet.service.BlockchainServiceImpl })
17:44:10 [DefaultDispatcher-worker-10] BlockchainServiceImpl - onStartCommand waiting for onCreate to complete...
17:44:10 [DefaultDispatcher-worker-10] BlockchainServiceImpl - onCreate completed, processing onStartCommand
17:44:10 [DefaultDispatcher-worker-10] BLSJniLibrary - Initializing BLS JNI Library
17:44:10 [DefaultDispatcher-worker-10] BlockchainServiceImpl - service start command: Intent { act=de.schildbach.wallet.service.cancel_coins_received cmp=hashengineering.darkcoin.wallet_test/de.schildbach.wallet.service.BlockchainServiceImpl }
17:44:10 [DefaultDispatcher-worker-10] BlockchainServiceImpl - .onStartCommand(Intent { act=de.schildbach.wallet.service.cancel_coins_received cmp=hashengineering.darkcoin.wallet_test/de.schildbach.wallet.service.BlockchainServiceImpl }) finished
17:44:10 [DefaultDispatcher-worker-9] BlockchainServiceImpl - onStartCommand waiting for onCreate to complete...
17:44:10 [DefaultDispatcher-worker-9] BlockchainServiceImpl - onCreate completed, processing onStartCommand
17:44:10 [DefaultDispatcher-worker-9] BLSJniLibrary - Initializing BLS JNI Library
17:44:10 [DefaultDispatcher-worker-9] BlockchainServiceImpl - service start command: Intent { cmp=hashengineering.darkcoin.wallet_test/de.schildbach.wallet.service.BlockchainServiceImpl }
17:44:10 [DefaultDispatcher-worker-9] BlockchainServiceImpl - .onStartCommand(Intent { cmp=hashengineering.darkcoin.wallet_test/de.schildbach.wallet.service.BlockchainServiceImpl }) finished
17:44:10 [main] DeviceInfoProvider - Detecting currency based on device, mobile network or locale:
17:44:10 [main] DeviceInfoProvider - Device Sim Country: us
17:44:10 [main] MainViewModel - Updating currency exchange rate based on country: US
17:44:10 [main] WalletActivityTracker - activity lifecycle: current: TransactionResultActivity, activities: 2 visible: 1 foreground: 1
17:44:10 [main] WalletActivityTracker - activity lifecycle: activity TransactionResultActivity destroyed
17:44:10 [main] WalletActivityTracker - activity lifecycle: current: TransactionResultActivity, activities: 1 visible: 1 foreground: 1
17:44:12 [main] WalletActivityTracker - activity lifecycle: current: MainActivity, activities: 1 visible: 1 foreground: 0
17:44:12 [main] WalletActivityTracker - activity lifecycle: activity SendCoinsActivity created
17:44:12 [main] WalletActivityTracker - activity lifecycle: current: SendCoinsActivity, activities: 2 visible: 1 foreground: 0
17:44:12 [main] SecurityGuard - loading security guard [healthy=true] with keys: [keystore_healthy, fallback_pin_wallet_password_key, primary_ui_pin_key, modern_encryption_migration_complete, fallback_mnemonic_wallet_password_key, primary_wallet_password_key, fallback_mnemonic_ui_pin_key]
17:44:12 [main] SecurityGuard - loading security guard [healthy=true] with keys: [keystore_healthy, fallback_pin_wallet_password_key, primary_ui_pin_key, modern_encryption_migration_complete, fallback_mnemonic_wallet_password_key, primary_wallet_password_key, fallback_mnemonic_ui_pin_key]
17:44:12 [main] ModernEncryptionProvider - Decrypted data for alias: wallet_password_key
17:44:12 [main] ModernEncryptionProvider - Decrypted data for alias: ui_pin_key
17:44:12 [main] DashPaymentIntentParser - network parameters = org.darkcoin.test
17:44:12 [main] WalletActivityTracker - activity lifecycle: current: SendCoinsActivity, activities: 2 visible: 2 foreground: 0
17:44:12 [main] SecurityGuard - loading security guard [healthy=true] with keys: [keystore_healthy, fallback_pin_wallet_password_key, primary_ui_pin_key, modern_encryption_migration_complete, fallback_mnemonic_wallet_password_key, primary_wallet_password_key, fallback_mnemonic_ui_pin_key]
17:44:12 [main] SecurityGuard - loading security guard [healthy=true] with keys: [keystore_healthy, fallback_pin_wallet_password_key, primary_ui_pin_key, modern_encryption_migration_complete, fallback_mnemonic_wallet_password_key, primary_wallet_password_key, fallback_mnemonic_ui_pin_key]
17:44:12 [main] LockScreenActivity - show lock screen false = ![keepUnlocked=true] && autologout=true && (keepUnlockedUntilPenEntered=false || shouldLogout=false) || isHealthy=true
17:44:12 [main] WalletActivityTracker - activity lifecycle: current: SendCoinsActivity, activities: 2 visible: 2 foreground: 1
17:44:12 [main] BlockchainServiceImpl - .onStartCommand(Intent { cmp=hashengineering.darkcoin.wallet_test/de.schildbach.wallet.service.BlockchainServiceImpl })
17:44:12 [DefaultDispatcher-worker-6] BlockchainServiceImpl - onStartCommand waiting for onCreate to complete...
17:44:12 [DefaultDispatcher-worker-6] BlockchainServiceImpl - onCreate completed, processing onStartCommand
17:44:12 [DefaultDispatcher-worker-6] BLSJniLibrary - Initializing BLS JNI Library
17:44:12 [DefaultDispatcher-worker-6] BlockchainServiceImpl - service start command: Intent { cmp=hashengineering.darkcoin.wallet_test/de.schildbach.wallet.service.BlockchainServiceImpl }
17:44:12 [DefaultDispatcher-worker-6] BlockchainServiceImpl - .onStartCommand(Intent { cmp=hashengineering.darkcoin.wallet_test/de.schildbach.wallet.service.BlockchainServiceImpl }) finished
17:44:12 [main] DashPaymentIntentParser - network parameters = org.darkcoin.test
17:44:12 [DefaultDispatcher-worker-6] BLSJniLibrary - Initializing BLS JNI Library
17:44:12 [DefaultDispatcher-worker-6] WalletBalanceObserver - process emit balance time: 0 ms, selector MaxOutputAmountCoinSelector
17:44:12 [main] SendCoinsViewModel - got PaymentIntent[BIP21,[Output[null,Xg6ZyruE7ZZkebLDvRPwgrPzTC6AtJiYzN]],null]
17:44:12 [main] AmountView - Exchange rate is not initialized
17:44:12 [main] AmountView - Exchange rate is not initialized
17:44:12 [main] SendCoinsFragment - enterAmountViewModel.blockContinue = true, viewModel.dryRunSuccessful.value = false
17:44:12 [main] SendCoinsFragment - enterAmountViewModel.blockContinue = true, viewModel.dryRunSuccessful.value = false
17:44:13 [main] BlockchainServiceImpl - .onStartCommand(Intent { cmp=hashengineering.darkcoin.wallet_test/de.schildbach.wallet.service.BlockchainServiceImpl })
17:44:13 [main] SendCoinsViewModel - proceeding with PaymentIntent[BIP21,[Output[null,Xg6ZyruE7ZZkebLDvRPwgrPzTC6AtJiYzN]],null]
17:44:13 [main] SendCoinsFragment - enterAmountViewModel.blockContinue = true, viewModel.dryRunSuccessful.value = false
17:44:13 [DefaultDispatcher-worker-14] BlockchainServiceImpl - onStartCommand waiting for onCreate to complete...
17:44:13 [DefaultDispatcher-worker-14] BlockchainServiceImpl - onCreate completed, processing onStartCommand
17:44:13 [DefaultDispatcher-worker-14] BLSJniLibrary - Initializing BLS JNI Library
17:44:13 [DefaultDispatcher-worker-14] BlockchainServiceImpl - service start command: Intent { cmp=hashengineering.darkcoin.wallet_test/de.schildbach.wallet.service.BlockchainServiceImpl }
17:44:13 [DefaultDispatcher-worker-14] BlockchainServiceImpl - .onStartCommand(Intent { cmp=hashengineering.darkcoin.wallet_test/de.schildbach.wallet.service.BlockchainServiceImpl }) finished
17:44:13 [DefaultDispatcher-worker-14] L1ShadowSyncService - L1Shadow phase=FILTERS 100.0% headers 1556876/1556876 filters 1556875/1556876 wallet 1556875
17:44:13 [main] SendCoinsFragment - enterAmountViewModel.blockContinue = true, viewModel.dryRunSuccessful.value = false
17:44:13 [main] SendCoinsFragment - enterAmountViewModel.blockContinue = true, viewModel.dryRunSuccessful.value = false
17:44:13 [DefaultDispatcher-worker-1] L1ShadowSyncService - L1 engine chainlock height 1556875 -> 1556876
17:44:13 [DefaultDispatcher-worker-12] MainViewModel - blockchain state update: mnlist=1556875; chain=1556876; wallet=-1
17:44:13 [main] SendCoinsFragment - enterAmountViewModel.blockContinue = true, viewModel.dryRunSuccessful.value = false
17:44:13 [DefaultDispatcher-worker-11] BlockchainServiceImpl - network capabilities changed: 101, hasInternet: true, validated: true
17:44:13 [DefaultDispatcher-worker-11] BlockchainServiceImpl - acquiring check() mutex
17:44:13 [DefaultDispatcher-worker-11] BlockchainServiceImpl - check()
17:44:13 [DefaultDispatcher-worker-11] BlockchainServiceImpl - cutover committed — holding the dashj L1 engine; SDK owns L1 this launch
17:44:13 [DefaultDispatcher-worker-11] BlockchainServiceImpl - releasing check() mutex
17:44:13 [main] BlockchainServiceImpl - cutover committed and SDK L1 scan synced — triggering identity/contacts discovery
17:44:13 [DefaultDispatcher-worker-13] BlockchainIdentityData - creation: BlockchainIdentityData(NONE, null, null, null, null, null)
17:44:13 [DefaultDispatcher-worker-13] PlatformSynchronizationService - discoverAndRecoverIdentity: checking for existing associated identity
17:44:13 [DefaultDispatcher-worker-13] SecurityGuard - loading security guard [healthy=true] with keys: [keystore_healthy, fallback_pin_wallet_password_key, primary_ui_pin_key, modern_encryption_migration_complete, fallback_mnemonic_wallet_password_key, primary_wallet_password_key, fallback_mnemonic_ui_pin_key]
17:44:13 [DefaultDispatcher-worker-13] ModernEncryptionProvider - Decrypted data for alias: wallet_password_key
17:44:13 [main] SendCoinsFragment - enterAmountViewModel.blockContinue = true, viewModel.dryRunSuccessful.value = false
17:44:13 [main] WalletActivityTracker - activity lifecycle: current: MainActivity, activities: 2 visible: 1 foreground: 1
17:44:13 [DefaultDispatcher-worker-13] KeyCrypterScrypt - Deriving key took 413.4 ms for N=65536, r=8, p=1.
17:44:13 [DefaultDispatcher-worker-13] DapiClient - getIdentityByFirstPublicKey(48ccf9a43eee96f92a0ca7f8dced9dc2630d05f2)
17:44:14 [DefaultDispatcher-worker-7] L1ShadowSyncService - L1Shadow phase=SYNCED 100.0% headers 1556876/1556876 filters 1556876/1556876 wallet 1556876
17:44:14 [DefaultDispatcher-worker-10] MainViewModel - blockchain state update: mnlist=1556876; chain=1556876; wallet=-1
17:44:14 [main] SendCoinsFragment - enterAmountViewModel.blockContinue = true, viewModel.dryRunSuccessful.value = false
17:44:14 [DefaultDispatcher-worker-13] PlatformSynchronizationService - discoverAndRecoverIdentity: no existing identity found
17:44:14 [DefaultDispatcher-worker-13] PlatformSynchronizationService - identity-discovery guard released (no identity found) — a later discovery may run again
17:44:14 [DefaultDispatcher-worker-13] BlockchainServiceImpl - post-cutover identity discovery found nothing and the wallet has no identity — re-arming; next attempt no sooner than 120000 ms from now
17:44:14 [DefaultDispatcher-worker-3] PlatformSynchronizationService - TxMetadata settings: saveToNetwork=false frequency=afterTenTransactions saveAfter=9223372036854775807 paymentCategory=false taxCategory=false exchangeRates=false memos=false giftCards=false storedDocuments=0
17:44:14 [native-log-bridge] DashSdkNative - 09-19 12:43:48.283 19597 19745 I DashSDK : platform_wallet::changeset::core_bridge: wallet-event batch: folded=1 wallets=1 synced_height_persisted=None synced_height_frozen=None synced_height_rejected=None faulted=0
17:44:14 [native-log-bridge] DashSdkNative - 09-19 12:43:49.107 19597 19744 I DashSDK : platform_wallet::changeset::core_bridge: wallet-event batch: folded=1 wallets=1 synced_height_persisted=None synced_height_frozen=None synced_height_rejected=None faulted=0
17:44:14 [native-log-bridge] DashSdkNative - 09-19 12:44:13.162 19597 19744 I DashSDK : platform_wallet::changeset::core_bridge: wallet-event batch: folded=1 wallets=1 synced_height_persisted=None synced_height_frozen=None synced_height_rejected=None faulted=0
17:44:14 [native-log-bridge] DashSdkNative - 09-19 12:44:13.185 19597 19743 I DashSDK : platform_wallet::changeset::core_bridge: wallet-event batch: folded=2 wallets=1 synced_height_persisted=Some(1556876) synced_height_frozen=None synced_height_rejected=None faulted=0
17:44:19 [main] BiometricHelper - No biometric credentials
17:44:19 [main] SendCoinsTaskRunner - authenticate with pin
17:44:19 [main] SecurityGuard - loading security guard [healthy=true] with keys: [keystore_healthy, fallback_pin_wallet_password_key, primary_ui_pin_key, modern_encryption_migration_complete, fallback_mnemonic_wallet_password_key, primary_wallet_password_key, fallback_mnemonic_ui_pin_key]
17:44:22 [DefaultDispatcher-worker-2] BlockchainServiceImpl - network capabilities changed: 101, hasInternet: true, validated: true
17:44:22 [DefaultDispatcher-worker-2] BlockchainServiceImpl - acquiring check() mutex
17:44:22 [DefaultDispatcher-worker-2] BlockchainServiceImpl - check()
17:44:22 [DefaultDispatcher-worker-2] BlockchainServiceImpl - cutover committed — holding the dashj L1 engine; SDK owns L1 this launch
17:44:22 [DefaultDispatcher-worker-2] BlockchainServiceImpl - releasing check() mutex
17:44:22 [main] SendCoinsFragment - enterAmountViewModel.blockContinue = true, viewModel.dryRunSuccessful.value = false
17:44:32 [main] SecurityGuard - loading security guard [healthy=true] with keys: [keystore_healthy, fallback_pin_wallet_password_key, primary_ui_pin_key, modern_encryption_migration_complete, fallback_mnemonic_wallet_password_key, primary_wallet_password_key, fallback_mnemonic_ui_pin_key]
17:44:32 [main] ModernEncryptionProvider - Decrypted data for alias: ui_pin_key
17:44:32 [DefaultDispatcher-worker-12] SendCoinsViewModel - executeDryRun started
17:44:32 [DefaultDispatcher-worker-12] BLSJniLibrary - Initializing BLS JNI Library
17:44:32 [DefaultDispatcher-worker-12] BLSJniLibrary - Initializing BLS JNI Library
17:44:32 [DefaultDispatcher-worker-12] SendCoinsViewModel - executeDryRun finished (cutover-aware: SDK send-all / drain)
17:44:32 [main] SendCoinsFragment - enterAmountViewModel.blockContinue = false, viewModel.dryRunSuccessful.value = true
17:44:52 [main] SendCoinsTaskRunner - authenticate with pin
17:44:52 [main] SecurityGuard - loading security guard [healthy=true] with keys: [keystore_healthy, fallback_pin_wallet_password_key, primary_ui_pin_key, modern_encryption_migration_complete, fallback_mnemonic_wallet_password_key, primary_wallet_password_key, fallback_mnemonic_ui_pin_key]
17:45:00 [main] BlockchainServiceImpl - MEM pss=444MB nativeHeap=278/381MB jvm=25/576MB
17:45:00 [main] BlockchainServiceImpl - History of transactions/blocks/headers/mnlistdiff (sdk): 0/1/1/1, 2/0/0/0, 2/2/2/2, 0/0/0/0, 0/0/0/0, 0/330874/0/0, 0/675000/0/0, 0/465000/644873/1556873
17:45:13 [DefaultDispatcher-worker-8] BlockchainServiceImpl - network capabilities changed: 101, hasInternet: true, validated: true
17:45:13 [DefaultDispatcher-worker-8] BlockchainServiceImpl - acquiring check() mutex
17:45:13 [DefaultDispatcher-worker-8] BlockchainServiceImpl - check()
17:45:13 [DefaultDispatcher-worker-8] BlockchainServiceImpl - cutover committed — holding the dashj L1 engine; SDK owns L1 this launch
17:45:13 [DefaultDispatcher-worker-8] BlockchainServiceImpl - releasing check() mutex
17:45:13 [main] SendCoinsFragment - enterAmountViewModel.blockContinue = false, viewModel.dryRunSuccessful.value = true
17:45:16 [DefaultDispatcher-worker-7] BlockchainServiceImpl - network capabilities changed: 101, hasInternet: true, validated: true
17:45:16 [DefaultDispatcher-worker-7] BlockchainServiceImpl - acquiring check() mutex
17:45:16 [DefaultDispatcher-worker-7] BlockchainServiceImpl - check()
17:45:16 [DefaultDispatcher-worker-7] BlockchainServiceImpl - cutover committed — holding the dashj L1 engine; SDK owns L1 this launch
17:45:16 [DefaultDispatcher-worker-7] BlockchainServiceImpl - releasing check() mutex
17:45:16 [main] SendCoinsFragment - enterAmountViewModel.blockContinue = false, viewModel.dryRunSuccessful.value = true
17:45:33 [main] SecurityGuard - loading security guard [healthy=true] with keys: [keystore_healthy, fallback_pin_wallet_password_key, primary_ui_pin_key, modern_encryption_migration_complete, fallback_mnemonic_wallet_password_key, primary_wallet_password_key, fallback_mnemonic_ui_pin_key]
17:45:33 [main] ModernEncryptionProvider - Decrypted data for alias: ui_pin_key
17:45:33 [main] AmountView - Exchange rate is not initialized
17:45:33 [main] AmountView - Exchange rate is not initialized
17:45:43 [DefaultDispatcher-worker-9] BLSJniLibrary - Initializing BLS JNI Library
17:45:43 [DefaultDispatcher-worker-9] BLSJniLibrary - Initializing BLS JNI Library
17:45:43 [DefaultDispatcher-worker-9] BLSJniLibrary - Initializing BLS JNI Library
17:45:43 [DefaultDispatcher-worker-9] BLSJniLibrary - Initializing BLS JNI Library
17:45:43 [DefaultDispatcher-worker-9] SendCoinsTaskRunner - cutover committed: routing the SendRequest payment via the SDK bridge (98499548 duffs to yRjAzoyf…, send-all)
17:45:43 [DefaultDispatcher-worker-9] SdkL1SendService - SDK l1SendAll: floor 98499209 duffs not deliverable at fee; retrying engine-authoritatively
org.dashfoundation.dashsdk.errors.DashSdkError$PlatformWallet$CoreInsufficientFunds: insufficient unreserved Core funds across the pooled funding sources [BIP44, BIP32, AllDashpayReceivingFunds]: available Some(98499548), required Some(98499593)
	at org.dashfoundation.dashsdk.errors.DashSdkError$Companion.fromPlatformWalletNative(DashSdkError.kt:691)
	at org.dashfoundation.dashsdk.errors.DashSdkError$Companion.fromNative(DashSdkError.kt:607)
	at de.schildbach.wallet.service.platform.sdk.DashSdkL1SendSource$sendAllToAddress$2.invokeSuspend(SdkL1SendService.kt:808)
	at de.schildbach.wallet.service.platform.sdk.DashSdkL1SendSource$sendAllToAddress$2.invoke(SdkL1SendService.kt:0)
	at de.schildbach.wallet.service.platform.sdk.DashSdkL1SendSource$sendAllToAddress$2.invoke(SdkL1SendService.kt:0)
	at kotlinx.coroutines.intrinsics.UndispatchedKt.startUndspatched(Undispatched.kt:66)
	at kotlinx.coroutines.intrinsics.UndispatchedKt.startUndispatchedOrReturn(Undispatched.kt:43)
	at kotlinx.coroutines.BuildersKt__Builders_commonKt.withContext(Builders.common.kt:165)
	at kotlinx.coroutines.BuildersKt.withContext(Unknown Source:1)
	at de.schildbach.wallet.service.platform.sdk.DashSdkL1SendSource.sendAllToAddress(SdkL1SendService.kt:923)
	at de.schildbach.wallet.service.platform.sdk.SdkL1SendService$sendToAddress$txidHex$1.invokeSuspend(SdkL1SendService.kt:1362)
	at de.schildbach.wallet.service.platform.sdk.SdkL1SendService$sendToAddress$txidHex$1.invoke(SdkL1SendService.kt:0)
	at de.schildbach.wallet.service.platform.sdk.SdkL1SendService$sendToAddress$txidHex$1.invoke(SdkL1SendService.kt:0)
	at de.schildbach.wallet.service.platform.sdk.DashSdkL1SendSource$withCoreSendLock$2.invokeSuspend(SdkL1SendService.kt:908)
	at de.schildbach.wallet.service.platform.sdk.DashSdkL1SendSource$withCoreSendLock$2.invoke(SdkL1SendService.kt:0)
	at de.schildbach.wallet.service.platform.sdk.DashSdkL1SendSource$withCoreSendLock$2.invoke(SdkL1SendService.kt:0)
	at kotlinx.coroutines.intrinsics.UndispatchedKt.startUndspatched(Undispatched.kt:66)
	at kotlinx.coroutines.intrinsics.UndispatchedKt.startUndispatchedOrReturn(Undispatched.kt:43)
	at kotlinx.coroutines.BuildersKt__Builders_commonKt.withContext(Builders.common.kt:165)
	at kotlinx.coroutines.BuildersKt.withContext(Unknown Source:1)
	at de.schildbach.wallet.service.platform.sdk.DashSdkL1SendSource.withCoreSendLock(SdkL1SendService.kt:907)
	at de.schildbach.wallet.service.platform.sdk.SdkL1SendService.sendToAddress-W09BKDs(SdkL1SendService.kt:1360)
	at de.schildbach.wallet.service.platform.sdk.SdkL1SendService.sendToAddress-W09BKDs$default(SdkL1SendService.kt:1237)
	at de.schildbach.wallet.payments.SendCoinsTaskRunner.sendViaSdkBridged(SendCoinsTaskRunner.kt:434)
	at de.schildbach.wallet.payments.SendCoinsTaskRunner.access$sendViaSdkBridged(SendCoinsTaskRunner.kt:333)
	at de.schildbach.wallet.payments.SendCoinsTaskRunner$sendCoins$5.invokeSuspend(SendCoinsTaskRunner.kt:1179)
	at de.schildbach.wallet.payments.SendCoinsTaskRunner$sendCoins$5.invoke(SendCoinsTaskRunner.kt:0)
	at de.schildbach.wallet.payments.SendCoinsTaskRunner$sendCoins$5.invoke(SendCoinsTaskRunner.kt:0)
	at kotlinx.coroutines.intrinsics.UndispatchedKt.startUndspatched(Undispatched.kt:66)
	at kotlinx.coroutines.intrinsics.UndispatchedKt.startUndispatchedOrReturn(Undispatched.kt:43)
	at kotlinx.coroutines.BuildersKt__Builders_commonKt.withContext(Builders.common.kt:165)
	at kotlinx.coroutines.BuildersKt.withContext(Unknown Source:1)
	at de.schildbach.wallet.payments.SendCoinsTaskRunner.sendCoins(SendCoinsTaskRunner.kt:1145)
	at de.schildbach.wallet.payments.SendCoinsTaskRunner.sendCoins$default(SendCoinsTaskRunner.kt:1137)
	at de.schildbach.wallet.ui.send.SendCoinsViewModel$signAndSendPayment$2.invokeSuspend(SendCoinsViewModel.kt:306)
	at kotlin.coroutines.jvm.internal.BaseContinuationImpl.resumeWith(ContinuationImpl.kt:33)
	at kotlinx.coroutines.DispatchedTask.run(DispatchedTask.kt:100)
	at kotlinx.coroutines.internal.LimitedDispatcher$Worker.run(LimitedDispatcher.kt:124)
	at kotlinx.coroutines.scheduling.TaskImpl.run(Tasks.kt:89)
	at kotlinx.coroutines.scheduling.CoroutineScheduler.runSafely(CoroutineScheduler.kt:586)
	at kotlinx.coroutines.scheduling.CoroutineScheduler$Worker.executeTask(CoroutineScheduler.kt:820)
	at kotlinx.coroutines.scheduling.CoroutineScheduler$Worker.runWorker(CoroutineScheduler.kt:717)
	at kotlinx.coroutines.scheduling.CoroutineScheduler$Worker.run(CoroutineScheduler.kt:704)
Caused by: org.dashfoundation.dashsdk.ffi.DashSDKException: insufficient unreserved Core funds across the pooled funding sources [BIP44, BIP32, AllDashpayReceivingFunds]: available Some(98499548), required Some(98499593)
	at org.dashfoundation.dashsdk.ffi.WalletManagerNative.coreTxBuilderFinalize(Native Method)
	at org.dashfoundation.dashsdk.wallet.CoreTransactionBuilder.finalizeAtomic$sdk_release(CoreTransactionBuilder.kt:144)
	at de.schildbach.wallet.service.platform.sdk.CoreSendAllNative.buildSignBroadcastDrain(CoreSendAllNative.java:238)
	at de.schildbach.wallet.service.platform.sdk.CoreSendAllNative.buildSignBroadcastSendAll(CoreSendAllNative.java:152)
	at de.schildbach.wallet.service.platform.sdk.DashSdkL1SendSource$sendAllToAddress$2.invokeSuspend(SdkL1SendService.kt:925)
	... 40 common frames omitted
17:45:43 [main] SendCoinsFragment - enterAmountViewModel.blockContinue = true, viewModel.dryRunSuccessful.value = true
17:45:43 [DefaultDispatcher-worker-10] L1ShadowSyncService - L1 engine tx event: Detected(txidHex=fd5d4dffc6504f547ad5d9454f7a4fd5a6c8bcfbdff9d47751065e7981d99db1, netAmountDuffs=-98499548, feeDuffs=null, contextCode=0, directionCode=1)
17:45:43 [DefaultDispatcher-worker-7] CutoverUiDataService - engine detected tx fd5d4dffc6504f547ad5d9454f7a4fd5a6c8bcfbdff9d47751065e7981d99db1 pre-block (context=0, net=-98499548 duffs) — syncing display row now
17:45:43 [DefaultDispatcher-worker-2] CutoverUiDataService - SDK balance published: 0 duffs (was 98499548) | l1Synced=true rescanArmedHold=false dashPayBackfill(armed=false,replaying=false) deferredContactBuilds=0 (unchangedReads=3) persistedAsLastKnown=true lastKnown=0
17:45:43 [DefaultDispatcher-worker-1] Constants - --> GET https://rates.ctx.com/rates?source=ctx
17:45:43 [DefaultDispatcher-worker-12] CutoverUiDataService - cutover UI display sync: 1 SDK records → 1 inserts, 0 status updates
17:45:43 [main] WalletTransactionsFragment - STARTUP submitData called on thread=main at 1789839943670
17:45:43 [DefaultDispatcher-worker-1] Constants - <-- 200 https://rates.ctx.com/rates?source=ctx (86ms, unknown-length body)
17:45:43 [DefaultDispatcher-worker-10] ExchangeRatesRepository - exchange rates updated successfully with de.schildbach.wallet.rates.DashRetailClient@1ac7547
17:45:43 [DefaultDispatcher-worker-13] ExchangeRatesRepository - updateTrigger
17:45:44 [DefaultDispatcher-worker-9] SdkL1SendService - SDK l1SendAll: broadcast 98499548 duffs to yRjAzoyf…, txid fd5d4dffc6504f547ad5d9454f7a4fd5a6c8bcfbdff9d47751065e7981d99db1
17:45:44 [DefaultDispatcher-worker-11] L1ShadowSyncService - L1 engine tx event: InstantLocked(txidHex=fd5d4dffc6504f547ad5d9454f7a4fd5a6c8bcfbdff9d47751065e7981d99db1)
17:45:44 [DefaultDispatcher-worker-7] BLSJniLibrary - Initializing BLS JNI Library
17:45:44 [DefaultDispatcher-worker-7] Wallet - commitTx of fd5d4dffc6504f547ad5d9454f7a4fd5a6c8bcfbdff9d47751065e7981d99db1
17:45:44 [DefaultDispatcher-worker-7] Wallet - commitTx of fd5d4dffc6504f547ad5d9454f7a4fd5a6c8bcfbdff9d47751065e7981d99db1
17:45:44 [DefaultDispatcher-worker-7] Wallet -   marked b6109773aceb4c4f48728036c8acc13e6b9e6d41f33a32832ae5f8067f4cbb0d:1 as spent by fd5d4dffc6504f547ad5d9454f7a4fd5a6c8bcfbdff9d47751065e7981d99db1
17:45:44 [DefaultDispatcher-worker-7] Wallet - ->pending: fd5d4dffc6504f547ad5d9454f7a4fd5a6c8bcfbdff9d47751065e7981d99db1
17:45:44 [DefaultDispatcher-worker-7] Wallet - Estimated balance is now: 0.00 DASH
17:45:44 [DefaultDispatcher-worker-10] CutoverUiDataService - engine IS lock for fd5d4dffc6504f547ad5d9454f7a4fd5a6c8bcfbdff9d47751065e7981d99db1 — display row flipped pre-block
17:45:44 [DefaultDispatcher-worker-7] WalletFiles - Saving wallet; last seen block is height -1, date unknown, hash null
17:45:44 [main] WalletTransactionsFragment - STARTUP submitData called on thread=main at 1789839944489
17:45:44 [DefaultDispatcher-worker-7] CoinJoinExtension - CoinJoinExtension serialization: 0ms total (keys:0ms[8], cache:0ms[0], salt:0ms, io:0ms, size:1447bytes, buffer:64KB)
17:45:44 [DefaultDispatcher-worker-7] WalletProtobufSerializer - walletToProto (serial=12) timing: 9ms total, init=0ms, tx=0ms[3], keys=0ms, scripts=0ms[0], metadata=0ms, ext=8ms, friendRecv=0ms, friendSend=0ms, build=0ms
17:45:44 [DefaultDispatcher-worker-7] WalletProtobufSerializer - writeWallet timing: 9ms total (9ms/100% serialization, 0ms/0% I/O) buffer=8KB
17:45:44 [DefaultDispatcher-worker-7] WalletFiles - Save completed in 12.29 ms (16488 bytes); /data/user/0/hashengineering.darkcoin.wallet_test/files/wallet-protobuf-testnet
17:45:44 [DefaultDispatcher-worker-7] SdkBridgedTransactionFactory - bridged SDK tx fd5d4dffc6504f547ad5d9454f7a4fd5a6c8bcfbdff9d47751065e7981d99db1 into the dashj wallet (committed)
17:45:44 [main] BlockchainServiceImpl - .onStartCommand(Intent { act=de.schildbach.wallet.service.broadcast_transaction cmp=hashengineering.darkcoin.wallet_test/de.schildbach.wallet.service.BlockchainServiceImpl (has extras) })
17:45:44 [DefaultDispatcher-worker-10] BlockchainServiceImpl - onStartCommand waiting for onCreate to complete...
17:45:44 [DefaultDispatcher-worker-10] BlockchainServiceImpl - onCreate completed, processing onStartCommand
17:45:44 [DefaultDispatcher-worker-10] BLSJniLibrary - Initializing BLS JNI Library
17:45:44 [DefaultDispatcher-worker-10] BlockchainServiceImpl - service start command: Intent { act=de.schildbach.wallet.service.broadcast_transaction cmp=hashengineering.darkcoin.wallet_test/de.schildbach.wallet.service.BlockchainServiceImpl (has extras) }
17:45:44 [DefaultDispatcher-worker-10] BlockchainServiceImpl - broadcast transaction requested for hash: fd5d4dffc6504f547ad5d9454f7a4fd5a6c8bcfbdff9d47751065e7981d99db1
17:45:44 [DefaultDispatcher-worker-10] BlockchainServiceImpl - found transaction fd5d4dffc6504f547ad5d9454f7a4fd5a6c8bcfbdff9d47751065e7981d99db1 in wallet
17:45:44 [DefaultDispatcher-worker-10] BlockchainServiceImpl - peergroup not available, not broadcasting transaction fd5d4dffc6504f547ad5d9454f7a4fd5a6c8bcfbdff9d47751065e7981d99db1
17:45:44 [DefaultDispatcher-worker-10] BlockchainServiceImpl - .onStartCommand(Intent { act=de.schildbach.wallet.service.broadcast_transaction cmp=hashengineering.darkcoin.wallet_test/de.schildbach.wallet.service.BlockchainServiceImpl (has extras) }) finished
17:45:44 [main] SendCoinsFragment - enterAmountViewModel.blockContinue = true, viewModel.dryRunSuccessful.value = true
17:45:44 [main] SendCoinsFragment - enterAmountViewModel.blockContinue = true, viewModel.dryRunSuccessful.value = true
17:45:44 [main] WalletActivityTracker - activity lifecycle: current: SendCoinsActivity, activities: 2 visible: 1 foreground: 0
17:45:44 [main] SendCoinsFragment - enterAmountViewModel.blockContinue = false, viewModel.dryRunSuccessful.value = true
17:45:44 [main] WalletActivityTracker - activity lifecycle: activity TransactionResultActivity created
17:45:44 [main] WalletActivityTracker - activity lifecycle: current: TransactionResultActivity, activities: 3 visible: 1 foreground: 0
17:45:44 [main] SecurityGuard - loading security guard [healthy=true] with keys: [keystore_healthy, fallback_pin_wallet_password_key, primary_ui_pin_key, modern_encryption_migration_complete, fallback_mnemonic_wallet_password_key, primary_wallet_password_key, fallback_mnemonic_ui_pin_key]
17:45:44 [main] SecurityGuard - loading security guard [healthy=true] with keys: [keystore_healthy, fallback_pin_wallet_password_key, primary_ui_pin_key, modern_encryption_migration_complete, fallback_mnemonic_wallet_password_key, primary_wallet_password_key, fallback_mnemonic_ui_pin_key]
17:45:44 [main] ModernEncryptionProvider - Decrypted data for alias: wallet_password_key
17:45:44 [main] ModernEncryptionProvider - Decrypted data for alias: ui_pin_key
17:45:44 [main] WalletActivityTracker - activity lifecycle: current: TransactionResultActivity, activities: 3 visible: 2 foreground: 0
17:45:44 [main] SecurityGuard - loading security guard [healthy=true] with keys: [keystore_healthy, fallback_pin_wallet_password_key, primary_ui_pin_key, modern_encryption_migration_complete, fallback_mnemonic_wallet_password_key, primary_wallet_password_key, fallback_mnemonic_ui_pin_key]
17:45:44 [main] SecurityGuard - loading security guard [healthy=true] with keys: [keystore_healthy, fallback_pin_wallet_password_key, primary_ui_pin_key, modern_encryption_migration_complete, fallback_mnemonic_wallet_password_key, primary_wallet_password_key, fallback_mnemonic_ui_pin_key]
17:45:44 [main] LockScreenActivity - show lock screen false = ![keepUnlocked=false] && autologout=true && (keepUnlockedUntilPenEntered=false || shouldLogout=false) || isHealthy=true
17:45:44 [main] WalletActivityTracker - activity lifecycle: current: TransactionResultActivity, activities: 3 visible: 2 foreground: 1
17:45:44 [main] BlockchainServiceImpl - .onStartCommand(Intent { cmp=hashengineering.darkcoin.wallet_test/de.schildbach.wallet.service.BlockchainServiceImpl })
17:45:44 [DefaultDispatcher-worker-10] BlockchainServiceImpl - onStartCommand waiting for onCreate to complete...
17:45:44 [DefaultDispatcher-worker-10] BlockchainServiceImpl - onCreate completed, processing onStartCommand
17:45:44 [DefaultDispatcher-worker-10] BLSJniLibrary - Initializing BLS JNI Library
17:45:44 [DefaultDispatcher-worker-10] BlockchainServiceImpl - service start command: Intent { cmp=hashengineering.darkcoin.wallet_test/de.schildbach.wallet.service.BlockchainServiceImpl }
17:45:44 [DefaultDispatcher-worker-10] BlockchainServiceImpl - .onStartCommand(Intent { cmp=hashengineering.darkcoin.wallet_test/de.schildbach.wallet.service.BlockchainServiceImpl }) finished
17:45:44 [DefaultDispatcher-worker-13] WalletTransactionMetadataProvider - txmetadata for fd5d4dffc6504f547ad5d9454f7a4fd5a6c8bcfbdff9d47751065e7981d99db1 does not exist, perform insert, then update
17:45:44 [DefaultDispatcher-worker-13] BLSJniLibrary - Initializing BLS JNI Library
17:45:44 [DefaultDispatcher-worker-10] WalletTransactionMetadataProvider - txmetadata: inserting TransactionMetadata(txId=fd5d4dffc6504f547ad5d9454f7a4fd5a6c8bcfbdff9d47751065e7981d99db1, timestamp=1789839944486, value=0, type=Sent, taxCategory=null, currencyCode=null, rate=null, memo=, service=null, customIconId=null)
17:45:44 [DefaultDispatcher-worker-10] WalletTransactionMetadataProvider - metadata: TxOut of 0.98499164 DASH to yRjAzoyfZ7DpzLFmVGiLispLjUaYKRnL52 script:DUP HASH160 PUSHDATA(20)[3b556137f0c995630dc70df441c65b1dded6136d] EQUALVERIFY CHECKSIG
17:45:44 [main] WalletActivityTracker - activity lifecycle: current: SendCoinsActivity, activities: 3 visible: 1 foreground: 1
17:45:44 [main] WalletActivityTracker - activity lifecycle: activity SendCoinsActivity destroyed
17:45:44 [main] WalletActivityTracker - activity lifecycle: current: SendCoinsActivity, activities: 2 visible: 1 foreground: 1
17:45:44 [native-log-bridge] DashSdkNative - 09-19 12:45:43.649 19597 19743 I DashSDK : platform_wallet::changeset::core_bridge: wallet-event batch: folded=1 wallets=1 synced_height_persisted=None synced_height_frozen=None synced_height_rejected=None faulted=0
17:45:44 [native-log-bridge] DashSdkNative - 09-19 12:45:44.491 19597 19745 I DashSDK : platform_wallet::changeset::core_bridge: wallet-event batch: folded=1 wallets=1 synced_height_persisted=None synced_height_frozen=None synced_height_rejected=None faulted=0
17:45:46 [DefaultDispatcher-worker-13] BlockchainServiceImpl - network capabilities changed: 101, hasInternet: true, validated: true
17:45:46 [DefaultDispatcher-worker-13] BlockchainServiceImpl - acquiring check() mutex
17:45:46 [DefaultDispatcher-worker-13] BlockchainServiceImpl - check()
17:45:46 [DefaultDispatcher-worker-13] BlockchainServiceImpl - cutover committed — holding the dashj L1 engine; SDK owns L1 this launch
17:45:46 [DefaultDispatcher-worker-13] BlockchainServiceImpl - releasing check() mutex
17:45:49 [DefaultDispatcher-worker-11] BlockchainServiceImpl - network capabilities changed: 101, hasInternet: true, validated: true
17:45:49 [DefaultDispatcher-worker-11] BlockchainServiceImpl - acquiring check() mutex
17:45:49 [DefaultDispatcher-worker-11] BlockchainServiceImpl - check()
17:45:49 [DefaultDispatcher-worker-11] BlockchainServiceImpl - cutover committed — holding the dashj L1 engine; SDK owns L1 this launch
17:45:49 [DefaultDispatcher-worker-11] BlockchainServiceImpl - releasing check() mutex
17:46:00 [main] BlockchainServiceImpl - MEM pss=448MB nativeHeap=277/382MB jvm=29/576MB
17:46:00 [main] BlockchainServiceImpl - History of transactions/blocks/headers/mnlistdiff (sdk): 2/0/0/0, 0/1/1/1, 2/0/0/0, 2/2/2/2, 0/0/0/0, 0/0/0/0, 0/330874/0/0, 0/675000/0/0, 0/465000/644873/1556873
